11:26:42.360 PM [log] started 2026-09-14 03:26:42 +0000 VLCKit 4.0.0-dev Otto Chriek
[DBG] VLC media player - 4.0.0-dev Otto Chriek
[DBG] Copyright © 1996-2026 the VideoLAN team
[DBG] revision 4.0.0-dev-38816-gf9ee42b122
[DBG] configured with /Users/marlin1111/vlckit-build/VLCKit/libvlc/vlc/configure  '--host=aarch64-apple-darwin' '--build=aarch64-apple-darwin25.6.0' '--prefix=/Users/marlin1111/vlckit-build/VLCKit/libvlc/vlc/build-appletvos-arm64/vlc-appletvos26.5-arm64' '--with-contrib=/Users/marlin1111/vlckit-build/VLCKit/libvlc/vlc/contrib/arm64-appletvos26.5' '--disable-sse' '--disable-vcd' '--disable-macosx' '--disable-macosx-avfoundation' '--disable-lua' '--disable-qt' '--disable-skins2' '--disable-vlc' '--disable-vlm' '--disable-nls' '--disable-notify' '--disable-projectm' '--disable-goom' '--disable-dvdread' '--disable-dvdnav' '--disable-bluray' '--disable-linsys' '--disable-libva' '--disable-gme' '--disable-tremor' '--disable-fluidsynth' '--disable-jack' '--disable-pulse' '--disable-mtp' '--disable-screen' '--disable-sparkle' '--disable-addonmanagermodules' '--disable-mad' '--disable-upnp-server' '--disable-debug' '--disable-shared' '--enable-static' 'CFLAGS=-mtvos-version-min=11.0 -arch arm64 -isysroot /Applications/Xcode.app/Contents/Developer/Platforms/AppleTVOS.platform/Developer/SDKs/AppleTVOS26.5.sdk -g' 'OBJCFLAGS=-mtvos-version-min=11.0 -arch arm64 -isysroot /Applications/Xcode.app/Contents/Developer/Platforms/AppleTVOS.platform/Developer/SDKs/AppleTVOS26.5.sdk -g' 'CXXFLAGS=-mtvos-version-min=11.0 -arch arm64 -isysroot /Applications/Xcode.app/Contents/Developer/Platforms/AppleTVOS.platform/Developer/SDKs/AppleTVOS26.5.sdk -g' 'OBJCXXFLAGS=-mtvos-version-min=11.0 -arch arm64 -isysroot /Applications/Xcode.app/Contents/Developer/Platforms/AppleTVOS.platform/Developer/SDKs/AppleTVOS26.5.sdk -g' 'ac_cv_prog_cc_c23=no' 'ac_cv_func_basename_r=no' 'ac_cv_func_clock_getres=no' 'ac_cv_func_clock_gettime=no' 'ac_cv_func_clock_settime=no' 'ac_cv_func_dirname_r=no' 'ac_cv_func_getentropy=no' 'ac_cv_func_mkostemp=no' 'ac_cv_func_mkostemps=no' 'ac_cv_func_timingsafe_bcmp=no' 'ac_cv_func_open_wmemstream=no' 'ac_cv_func_fmemopen=no' 'ac_cv_func_open_memstream=no' 'ac_cv_func_futimens=no' 'ac_cv_func_utimensat=no' 'ac_cv_func_dup3=no' 'ac_cv_func_pipe2=no' 'ac_cv_func_thread_get_register_pointer_values=no' 'ac_cv_func_aligned_alloc=no' 'ac_cv_func_timespec_get=no' 'build_alias=aarch64-apple-darwin25.6.0' 'host_alias=aarch64-apple-darwin' 'CC=/Applications/Xcode.app/Contents/Developer/Toolchains/XcodeDefault.xctoolchain/usr/bin/clang' 'LDFLAGS=-mtvos-version-min=11.0 -mtvos-version-min=11.0 -arch arm64 -isysroot /Applications/Xcode.app/Contents/Developer/Platforms/AppleTVOS.platform/Developer/SDKs/AppleTVOS26.5.sdk ' 'CPPFLAGS=-arch arm64 -isysroot /Applications/Xcode.app/Contents/Developer/Platforms/AppleTVOS.platform/Developer/SDKs/AppleTVOS26.5.sdk' 'CXX=/Applications/Xcode.app/Contents/Developer/Toolchains/XcodeDefault.xctoolchain/usr/bin/clang++' 'CPP=/Applications/Xcode.app/Contents/Developer/Toolchains/XcodeDefault.xctoolchain/usr/bin/clang -E' 'OBJC=/Applications/Xcode.app/Contents/Developer/Toolchains/XcodeDefault.xctoolchain/usr/bin/clang' 'OBJCXX=/Applications/Xcode.app/Contents/Developer/Toolchains/XcodeDefault.xctoolchain/usr/bin/clang++' 'PKG_CONFIG_LIBDIR='
[DBG] creating audio output
[DBG] looking for audio output module matching "any": 2 candidates
[DBG] using audio output module "avsamplebuffer"
[DBG] keeping audio output
11:26:42.365 PM [player] request Stargate — Extended · SD · AC-3 5.1 — http://192.168.1.250:8093/stream/2
11:26:42.365 PM [player] file Movies/Stargate (1994)/Stargate (1994) {edition-Extended}.mkv 720x480 hdr=false video=mpeg2video Main audio=ac3 5.1(side), ac3 stereo
[DBG] Creating an input for playback'2'
11:26:42.373 PM [player] play() called
[DBG] using timeshift granularity of 50 MiB
[DBG] using default timeshift path
[DBG] `http://192.168.1.250:8093/stream/2' gives access `http' demux `any' path `192.168.1.250:8093/stream/2'
[DBG] creating access: http://192.168.1.250:8093/stream/2
[DBG] looking for access module matching "http": 2 candidates
[DBG] looking for keystore module matching "any": 1 candidates
[DBG] using keystore module "keychain"
[DBG] Lookup keychain entry for server 192.168.1.250
[WARN] lookup failed (-25300: 'Item not found')
[DBG] resolving 192.168.1.250 ...
[DBG] outgoing request:
GET /stream/2 HTTP/1.1
Host: 192.168.1.250:8093
Accept: */*
Accept-Language: en_US
User-Agent: VLC/4.0.0-dev LibVLC/4.0.0-dev
Range: bytes=0-


11:26:42.380 PM [player] state Opening at 0 ms
11:26:42.380 PM [player] buffering 0.0
[DBG] incoming response:
HTTP/1.1 206 Partial Content
Accept-Ranges: bytes
Content-Length: 5722251076
Content-Range: bytes 0-5722251075/5722251076
Content-Type: video/x-matroska
Last-Modified: Fri, 17 Jul 2026 19:22:43 GMT
Date: Mon, 14 Sep 2026 03:26:42 GMT


[DBG] removing "keystore" module "keychain"
[DBG] using access module "http"
[DBG] looking for stream_filter module matching "prefetch,cache": 2 candidates
[DBG] using 16777216 bytes buffer
[DBG] using stream_filter module "prefetch"
[DBG] looking for stream_filter module matching "any": 4 candidates
[DBG] no stream_filter modules matched with name any
[DBG] looking for stream_directory module matching "any": 0 candidates
[DBG] no stream_directory modules matched with name any
[DBG] attachment of directory-extractor failed for http://192.168.1.250:8093/stream/2
[DBG] looking for stream_filter module matching "record": 1 candidates
[DBG] using stream_filter module "record"
[DBG] creating demux "any", URL: http://192.168.1.250:8093/stream/2, path: (null)
[DBG] looking for demux module matching "any": 58 candidates
[DBG] |   + Seek head
[DBG] |   - info at 1207
[DBG] |   + Information
[DBG] |   |   + TimecodeScale=1000000
[DBG] |   |   + Muxing Application=libmakemkv v1.18.4 (1.3.10/1.5.2) darwin(arm64-release)
[DBG] |   |   + Writing Application=MakeMKV v1.18.4 darwin(arm64-release)
[DBG] |   |   + Duration=7798056
[DBG] |   |   + Date=Fri Jul 17 19:10:16 2026
[DBG] |   |   + UID=fc59c1d6626f549
[DBG] |   - tracks at 1355
[DBG] |   + Tracks
[DBG] |   |   + Track Entry
[DBG] |   |   |   + Track Number=1
[DBG] |   |   |   + Track UID=1
[DBG] |   |   |   + Track Type=video
[DBG] |   |   |   + Track Default=0
[DBG] |   |   |   + Track Lacing=0
[DBG] |   |   |   + Track MinCache=2
[DBG] |   |   |   + Track CodecId=V_MPEG2
[DBG] |   |   |   + Track CodecPrivate size=150
[DBG] |   |   |   + Track Default Duration=33366
[DBG] |   |   |   + Track Video
[DBG] |   |   |   |   + width=720
[DBG] |   |   |   |   + height=480
[DBG] |   |   |   |   + display width=640
[DBG] |   |   |   |   + display height=480
[DBG] |   |   + Track Entry
[DBG] |   |   |   + Track Number=2
[DBG] |   |   |   + Track UID=2
[DBG] |   |   |   + Track Type=audio
[DBG] |   |   |   + Track Default=1
[DBG] |   |   |   + Track Lacing=1
[DBG] |   |   |   + Track CodecId=A_AC3
[DBG] |   |   |   + Track Language=`eng'
[DBG] |   |   |   + Track Default Duration=32000
[DBG] |   |   |   + Track Name=Surround 5.1
[DBG] |   |   |   + Track Audio
[DBG] |   |   |   |   + afreq=48000
[DBG] |   |   |   |   + achan=6
[DBG] |   |   + Track Entry
[DBG] |   |   |   + Track Number=3
[DBG] |   |   |   + Track UID=3
[DBG] |   |   |   + Track Type=audio
[DBG] |   |   |   + Track Default=0
[DBG] |   |   |   + Track Lacing=1
[DBG] |   |   |   + Track CodecId=A_AC3
[DBG] |   |   |   + Track Language=`eng'
[DBG] |   |   |   + Track Default Duration=32000
[DBG] |   |   |   + Track Name=Stereo
[DBG] |   |   |   + Track Audio
[DBG] |   |   |   |   + afreq=48000
[DBG] |   |   |   |   + achan=2
[DBG] |   |   + Track Entry
[DBG] |   |   |   + Track Number=4
[DBG] |   |   |   + Track UID=4
[DBG] |   |   |   + Track Type=subtitle
[DBG] |   |   |   + Track Default=1
[DBG] |   |   |   + Track Lacing=0
[DBG] |   |   |   + Track CodecId=S_TEXT/UTF8
[DBG] |   |   |   + Track Language=`eng'
[DBG] |   - cues at 5721968431
[DBG] resolving 192.168.1.250 ...
[DBG] outgoing request:
GET /stream/2 HTTP/1.1
Host: 192.168.1.250:8093
Accept: */*
Accept-Language: en_US
User-Agent: VLC/4.0.0-dev LibVLC/4.0.0-dev
If-Unmodified-Since: Fri, 17 Jul 2026 19:22:43 GMT
Range: bytes=5721968431-


[DBG] incoming response:
HTTP/1.1 206 Partial Content
Accept-Ranges: bytes
Content-Length: 282645
Content-Range: bytes 5721968431-5722251075/5722251076
Content-Type: video/x-matroska
Last-Modified: Fri, 17 Jul 2026 19:22:43 GMT
Date: Mon, 14 Sep 2026 03:26:42 GMT


[DBG] connection failed
[DBG] |   + Cues
[DBG] end of stream
[DBG] |   - loading cues done.
[DBG] resolving 192.168.1.250 ...
[DBG] outgoing request:
GET /stream/2 HTTP/1.1
Host: 192.168.1.250:8093
Accept: */*
Accept-Language: en_US
User-Agent: VLC/4.0.0-dev LibVLC/4.0.0-dev
If-Unmodified-Since: Fri, 17 Jul 2026 19:22:43 GMT
Range: bytes=123-


[DBG] incoming response:
HTTP/1.1 206 Partial Content
Accept-Ranges: bytes
Content-Length: 5722250953
Content-Range: bytes 123-5722251075/5722251076
Content-Type: video/x-matroska
Last-Modified: Fri, 17 Jul 2026 19:22:43 GMT
Date: Mon, 14 Sep 2026 03:26:42 GMT


[DBG] |   - chapters at 1739
[DBG] |   + Chapters
[DBG] |   |   |   + ChapterAtom (level=0)
[DBG] |   |   |   |   + ChapterUID=50de48b1df9e4024
[DBG] |   |   |   |   + ChapterTimeStart=0
[DBG] |   |   |   |   + ChapterFlagHidden=no
[DBG] |   |   |   |   + ChapterTimeEnd=165965800
[DBG] |   |   |   |   + ChapterDisplay
[DBG] |   |   |   |   |   + ChapterString=Chapter 01
[DBG] |   |   |   |   |   + ChapterLanguage=eng
[DBG] |   |   |   + ChapterAtom (level=0)
[DBG] |   |   |   |   + ChapterUID=b251f80f695e59d
[DBG] |   |   |   |   + ChapterTimeStart=165965800
[DBG] |   |   |   |   + ChapterFlagHidden=no
[DBG] |   |   |   |   + ChapterTimeEnd=252885966
[DBG] |   |   |   |   + ChapterDisplay
[DBG] |   |   |   |   |   + ChapterString=Chapter 02
[DBG] |   |   |   |   |   + ChapterLanguage=eng
[DBG] |   |   |   + ChapterAtom (level=0)
[DBG] |   |   |   |   + ChapterUID=40433953fbf569a4
[DBG] |   |   |   |   + ChapterTimeStart=252885966
[DBG] |   |   |   |   + ChapterFlagHidden=no
[DBG] |   |   |   |   + ChapterTimeEnd=413713300
[DBG] |   |   |   |   + ChapterDisplay
[DBG] |   |   |   |   |   + ChapterString=Chapter 03
[DBG] |   |   |   |   |   + ChapterLanguage=eng
[DBG] |   |   |   + ChapterAtom (level=0)
[DBG] |   |   |   |   + ChapterUID=b89ed893dc66ba40
[DBG] |   |   |   |   + ChapterTimeStart=413713300
[DBG] |   |   |   |   + ChapterFlagHidden=no
[DBG] |   |   |   |   + ChapterTimeEnd=519519000
[DBG] |   |   |   |   + ChapterDisplay
[DBG] |   |   |   |   |   + ChapterString=Chapter 04
[DBG] |   |   |   |   |   + ChapterLanguage=eng
[DBG] |   |   |   + ChapterAtom (level=0)
[DBG] |   |   |   |   + ChapterUID=7a58650322ca6859
[DBG] |   |   |   |   + ChapterTimeStart=519519000
[DBG] |   |   |   |   + ChapterFlagHidden=no
[DBG] |   |   |   |   + ChapterTimeEnd=636602633
[DBG] |   |   |   |   + ChapterDisplay
[DBG] |   |   |   |   |   + ChapterString=Chapter 05
[DBG] |   |   |   |   |   + ChapterLanguage=eng
[DBG] |   |   |   + ChapterAtom (level=0)
[DBG] |   |   |   |   + ChapterUID=d74529bb9f0e192d
[DBG] |   |   |   |   + ChapterTimeStart=636602633
[DBG] |   |   |   |   + ChapterFlagHidden=no
[DBG] |   |   |   |   + ChapterTimeEnd=740406333
[DBG] |   |   |   |   + ChapterDisplay
[DBG] |   |   |   |   |   + ChapterString=Chapter 06
[DBG] |   |   |   |   |   + ChapterLanguage=eng
[DBG] |   |   |   + ChapterAtom (level=0)
[DBG] |   |   |   |   + ChapterUID=be252a366387da7c
[DBG] |   |   |   |   + ChapterTimeStart=740406333
[DBG] |   |   |   |   + ChapterFlagHidden=no
[DBG] |   |   |   |   + ChapterTimeEnd=984450133
[DBG] |   |   |   |   + ChapterDisplay
[DBG] |   |   |   |   |   + ChapterString=Chapter 07
[DBG] |   |   |   |   |   + ChapterLanguage=eng
[DBG] |   |   |   + ChapterAtom (level=0)
[DBG] |   |   |   |   + ChapterUID=e039bee087e39a08
[DBG] |   |   |   |   + ChapterTimeStart=984450133
[DBG] |   |   |   |   + ChapterFlagHidden=no
[DBG] |   |   |   |   + ChapterTimeEnd=1242457883
[DBG] |   |   |   |   + ChapterDisplay
[DBG] |   |   |   |   |   + ChapterString=Chapter 08
[DBG] |   |   |   |   |   + ChapterLanguage=eng
[DBG] |   |   |   + ChapterAtom (level=0)
[DBG] |   |   |   |   + ChapterUID=2e14321a7ae6499e
[DBG] |   |   |   |   + ChapterTimeStart=1242457883
[DBG] |   |   |   |   + ChapterFlagHidden=no
[DBG] |   |   |   |   + ChapterTimeEnd=1362694666
[DBG] |   |   |   |   + ChapterDisplay
[DBG] |   |   |   |   |   + ChapterString=Chapter 09
[DBG] |   |   |   |   |   + ChapterLanguage=eng
[DBG] |   |   |   + ChapterAtom (level=0)
[DBG] |   |   |   |   + ChapterUID=c1ff6ea92dd0aebb
[DBG] |   |   |   |   + ChapterTimeStart=1362694666
[DBG] |   |   |   |   + ChapterFlagHidden=no
[DBG] |   |   |   |   + ChapterTimeEnd=1476975500
[DBG] |   |   |   |   + ChapterDisplay
[DBG] |   |   |   |   |   + ChapterString=Chapter 10
[DBG] |   |   |   |   |   + ChapterLanguage=eng
[DBG] |   |   |   + ChapterAtom (level=0)
[DBG] |   |   |   |   + ChapterUID=4668a4a0af3a5ed9
[DBG] |   |   |   |   + ChapterTimeStart=1476975500
[DBG] |   |   |   |   + ChapterFlagHidden=no
[DBG] |   |   |   |   + ChapterTimeEnd=1599064133
[DBG] |   |   |   |   + ChapterDisplay
[DBG] |   |   |   |   |   + ChapterString=Chapter 11
[DBG] |   |   |   |   |   + ChapterLanguage=eng
[DBG] |   |   |   + ChapterAtom (level=0)
[DBG] |   |   |   |   + ChapterUID=d66537ff7abd16a2
[DBG] |   |   |   |   + ChapterTimeStart=1599064133
[DBG] |   |   |   |   + ChapterFlagHidden=no
[DBG] |   |   |   |   + ChapterTimeEnd=1681713366
[DBG] |   |   |   |   + ChapterDisplay
[DBG] |   |   |   |   |   + ChapterString=Chapter 12
[DBG] |   |   |   |   |   + ChapterLanguage=eng
[DBG] |   |   |   + ChapterAtom (level=0)
[DBG] |   |   |   |   + ChapterUID=d2de87b93a67228b
[DBG] |   |   |   |   + ChapterTimeStart=1681713366
[DBG] |   |   |   |   + ChapterFlagHidden=no
[DBG] |   |   |   |   + ChapterTimeEnd=1742340600
[DBG] |   |   |   |   + ChapterDisplay
[DBG] |   |   |   |   |   + ChapterString=Chapter 13
[DBG] |   |   |   |   |   + ChapterLanguage=eng
[DBG] |   |   |   + ChapterAtom (level=0)
[DBG] |   |   |   |   + ChapterUID=464d37faebd093e1
[DBG] |   |   |   |   + ChapterTimeStart=1742340600
[DBG] |   |   |   |   + ChapterFlagHidden=no
[DBG] |   |   |   |   + ChapterTimeEnd=1780879100
[DBG] |   |   |   |   + ChapterDisplay
[DBG] |   |   |   |   |   + ChapterString=Chapter 14
[DBG] |   |   |   |   |   + ChapterLanguage=eng
[DBG] |   |   |   + ChapterAtom (level=0)
[DBG] |   |   |   |   + ChapterUID=a125349874b0d96a
[DBG] |   |   |   |   + ChapterTimeStart=1780879100
[DBG] |   |   |   |   + ChapterFlagHidden=no
[DBG] |   |   |   |   + ChapterTimeEnd=1954919633
[DBG] |   |   |   |   + ChapterDisplay
[DBG] |   |   |   |   |   + ChapterString=Chapter 15
[DBG] |   |   |   |   |   + ChapterLanguage=eng
[DBG] |   |   |   + ChapterAtom (level=0)
[DBG] |   |   |   |   + ChapterUID=fbebd1c60c0ba734
[DBG] |   |   |   |   + ChapterTimeStart=1954919633
[DBG] |   |   |   |   + ChapterFlagHidden=no
[DBG] |   |   |   |   + ChapterTimeEnd=2014979633
[DBG] |   |   |   |   + ChapterDisplay
[DBG] |   |   |   |   |   + ChapterString=Chapter 16
[DBG] |   |   |   |   |   + ChapterLanguage=eng
[DBG] |   |   |   + ChapterAtom (level=0)
[DBG] |   |   |   |   + ChapterUID=654a3a83d8754d72
[DBG] |   |   |   |   + ChapterTimeStart=2014979633
[DBG] |   |   |   |   + ChapterFlagHidden=no
[DBG] |   |   |   |   + ChapterTimeEnd=2177775600
[DBG] |   |   |   |   + ChapterDisplay
[DBG] |   |   |   |   |   + ChapterString=Chapter 17
[DBG] |   |   |   |   |   + ChapterLanguage=eng
[DBG] |   |   |   + ChapterAtom (level=0)
[DBG] |   |   |   |   + ChapterUID=a4d015e21eccc97a
[DBG] |   |   |   |   + ChapterTimeStart=2177775600
[DBG] |   |   |   |   + ChapterFlagHidden=no
[DBG] |   |   |   |   + ChapterTimeEnd=2286384100
[DBG] |   |   |   |   + ChapterDisplay
[DBG] |   |   |   |   |   + ChapterString=Chapter 18
[DBG] |   |   |   |   |   + ChapterLanguage=eng
[DBG] |   |   |   + ChapterAtom (level=0)
[DBG] |   |   |   |   + ChapterUID=8b098101acdd224c
[DBG] |   |   |   |   + ChapterTimeStart=2286384100
[DBG] |   |   |   |   + ChapterFlagHidden=no
[DBG] |   |   |   |   + ChapterTimeEnd=2423354266
[DBG] |   |   |   |   + ChapterDisplay
[DBG] |   |   |   |   |   + ChapterString=Chapter 19
[DBG] |   |   |   |   |   + ChapterLanguage=eng
[DBG] |   |   |   + ChapterAtom (level=0)
[DBG] |   |   |   |   + ChapterUID=40282ff203e979d2
[DBG] |   |   |   |   + ChapterTimeStart=2423354266
[DBG] |   |   |   |   + ChapterFlagHidden=no
[DBG] |   |   |   |   + ChapterTimeEnd=2618248966
[DBG] |   |   |   |   + ChapterDisplay
[DBG] |   |   |   |   |   + ChapterString=Chapter 20
[DBG] |   |   |   |   |   + ChapterLanguage=eng
[DBG] |   |   |   + ChapterAtom (level=0)
[DBG] |   |   |   |   + ChapterUID=4a5f3350e39b1c08
[DBG] |   |   |   |   + ChapterTimeStart=2618248966
[DBG] |   |   |   |   + ChapterFlagHidden=no
[DBG] |   |   |   |   + ChapterTimeEnd=2829092933
[DBG] |   |   |   |   + ChapterDisplay
[DBG] |   |   |   |   |   + ChapterString=Chapter 21
[DBG] |   |   |   |   |   + ChapterLanguage=eng
[DBG] |   |   |   + ChapterAtom (level=0)
[DBG] |   |   |   |   + ChapterUID=5bb4e22f83d84ba1
[DBG] |   |   |   |   + ChapterTimeStart=2829092933
[DBG] |   |   |   |   + ChapterFlagHidden=no
[DBG] |   |   |   |   + ChapterTimeEnd=3011808800
[DBG] |   |   |   |   + ChapterDisplay
[DBG] |   |   |   |   |   + ChapterString=Chapter 22
[DBG] |   |   |   |   |   + ChapterLanguage=eng
[DBG] |   |   |   + ChapterAtom (level=0)
[DBG] |   |   |   |   + ChapterUID=37e0f048324dc121
[DBG] |   |   |   |   + ChapterTimeStart=3011808800
[DBG] |   |   |   |   + ChapterFlagHidden=no
[DBG] |   |   |   |   + ChapterTimeEnd=3169966800
[DBG] |   |   |   |   + ChapterDisplay
[DBG] |   |   |   |   |   + ChapterString=Chapter 23
[DBG] |   |   |   |   |   + ChapterLanguage=eng
[DBG] |   |   |   + ChapterAtom (level=0)
[DBG] |   |   |   |   + ChapterUID=41d861a6b16a148e
[DBG] |   |   |   |   + ChapterTimeStart=3169966800
[DBG] |   |   |   |   + ChapterFlagHidden=no
[DBG] |   |   |   |   + ChapterTimeEnd=3348011333
[DBG] |   |   |   |   + ChapterDisplay
[DBG] |   |   |   |   |   + ChapterString=Chapter 24
[DBG] |   |   |   |   |   + ChapterLanguage=eng
[DBG] |   |   |   + ChapterAtom (level=0)
[DBG] |   |   |   |   + ChapterUID=a2673baf2275b708
[DBG] |   |   |   |   + ChapterTimeStart=3348011333
[DBG] |   |   |   |   + ChapterFlagHidden=no
[DBG] |   |   |   |   + ChapterTimeEnd=3495658833
[DBG] |   |   |   |   + ChapterDisplay
[DBG] |   |   |   |   |   + ChapterString=Chapter 25
[DBG] |   |   |   |   |   + ChapterLanguage=eng
[DBG] |   |   |   + ChapterAtom (level=0)
[DBG] |   |   |   |   + ChapterUID=2d99e5effdb5e6ac
[DBG] |   |   |   |   + ChapterTimeStart=3495658833
[DBG] |   |   |   |   + ChapterFlagHidden=no
[DBG] |   |   |   |   + ChapterTimeEnd=3698728366
[DBG] |   |   |   |   + ChapterDisplay
[DBG] |   |   |   |   |   + ChapterString=Chapter 26
[DBG] |   |   |   |   |   + ChapterLanguage=eng
[DBG] |   |   |   + ChapterAtom (level=0)
[DBG] |   |   |   |   + ChapterUID=6b3a9620e95ca6bb
[DBG] |   |   |   |   + ChapterTimeStart=3698728366
[DBG] |   |   |   |   + ChapterFlagHidden=no
[DBG] |   |   |   |   + ChapterTimeEnd=3746776366
[DBG] |   |   |   |   + ChapterDisplay
[DBG] |   |   |   |   |   + ChapterString=Chapter 27
[DBG] |   |   |   |   |   + ChapterLanguage=eng
[DBG] |   |   |   + ChapterAtom (level=0)
[DBG] |   |   |   |   + ChapterUID=a9644330c8c36ee3
[DBG] |   |   |   |   + ChapterTimeStart=3746776366
[DBG] |   |   |   |   + ChapterFlagHidden=no
[DBG] |   |   |   |   + ChapterTimeEnd=3869031833
[DBG] |   |   |   |   + ChapterDisplay
[DBG] |   |   |   |   |   + ChapterString=Chapter 28
[DBG] |   |   |   |   |   + ChapterLanguage=eng
[DBG] |   |   |   + ChapterAtom (level=0)
[DBG] |   |   |   |   + ChapterUID=6d2b0a40e8a3d11
[DBG] |   |   |   |   + ChapterTimeStart=3869031833
[DBG] |   |   |   |   + ChapterFlagHidden=no
[DBG] |   |   |   |   + ChapterTimeEnd=3973235933
[DBG] |   |   |   |   + ChapterDisplay
[DBG] |   |   |   |   |   + ChapterString=Chapter 29
[DBG] |   |   |   |   |   + ChapterLanguage=eng
[DBG] |   |   |   + ChapterAtom (level=0)
[DBG] |   |   |   |   + ChapterUID=47505874b84b2ba3
[DBG] |   |   |   |   + ChapterTimeStart=3973235933
[DBG] |   |   |   |   + ChapterFlagHidden=no
[DBG] |   |   |   |   + ChapterTimeEnd=4111674233
[DBG] |   |   |   |   + ChapterDisplay
[DBG] |   |   |   |   |   + ChapterString=Chapter 30
[DBG] |   |   |   |   |   + ChapterLanguage=eng
[DBG] |   |   |   + ChapterAtom (level=0)
[DBG] |   |   |   |   + ChapterUID=abddf345b707ca73
[DBG] |   |   |   |   + ChapterTimeStart=4111674233
[DBG] |   |   |   |   + ChapterFlagHidden=no
[DBG] |   |   |   |   + ChapterTimeEnd=4188450933
[DBG] |   |   |   |   + ChapterDisplay
[DBG] |   |   |   |   |   + ChapterString=Chapter 31
[DBG] |   |   |   |   |   + ChapterLanguage=eng
[DBG] |   |   |   + ChapterAtom (level=0)
[DBG] |   |   |   |   + ChapterUID=d95478de34104a87
[DBG] |   |   |   |   + ChapterTimeStart=4188450933
[DBG] |   |   |   |   + ChapterFlagHidden=no
[DBG] |   |   |   |   + ChapterTimeEnd=4258821233
[DBG] |   |   |   |   + ChapterDisplay
[DBG] |   |   |   |   |   + ChapterString=Chapter 32
[DBG] |   |   |   |   |   + ChapterLanguage=eng
[DBG] |   |   |   + ChapterAtom (level=0)
[DBG] |   |   |   |   + ChapterUID=5f11f754bfcf6f2d
[DBG] |   |   |   |   + ChapterTimeStart=4258821233
[DBG] |   |   |   |   + ChapterFlagHidden=no
[DBG] |   |   |   |   + ChapterTimeEnd=4403799400
[DBG] |   |   |   |   + ChapterDisplay
[DBG] |   |   |   |   |   + ChapterString=Chapter 33
[DBG] |   |   |   |   |   + ChapterLanguage=eng
[DBG] |   |   |   + ChapterAtom (level=0)
[DBG] |   |   |   |   + ChapterUID=6c419a3e7a3240d0
[DBG] |   |   |   |   + ChapterTimeStart=4403799400
[DBG] |   |   |   |   + ChapterFlagHidden=no
[DBG] |   |   |   |   + ChapterTimeEnd=4600996400
[DBG] |   |   |   |   + ChapterDisplay
[DBG] |   |   |   |   |   + ChapterString=Chapter 34
[DBG] |   |   |   |   |   + ChapterLanguage=eng
[DBG] |   |   |   + ChapterAtom (level=0)
[DBG] |   |   |   |   + ChapterUID=37aa8d43ffcd41f3
[DBG] |   |   |   |   + ChapterTimeStart=4600996400
[DBG] |   |   |   |   + ChapterFlagHidden=no
[DBG] |   |   |   |   + ChapterTimeEnd=4759654900
[DBG] |   |   |   |   + ChapterDisplay
[DBG] |   |   |   |   |   + ChapterString=Chapter 35
[DBG] |   |   |   |   |   + ChapterLanguage=eng
[DBG] |   |   |   + ChapterAtom (level=0)
[DBG] |   |   |   |   + ChapterUID=f33c1902bb9caa88
[DBG] |   |   |   |   + ChapterTimeStart=4759654900
[DBG] |   |   |   |   + ChapterFlagHidden=no
[DBG] |   |   |   |   + ChapterTimeEnd=4869297766
[DBG] |   |   |   |   + ChapterDisplay
[DBG] |   |   |   |   |   + ChapterString=Chapter 36
[DBG] |   |   |   |   |   + ChapterLanguage=eng
[DBG] |   |   |   + ChapterAtom (level=0)
[DBG] |   |   |   |   + ChapterUID=dfcda5e040fe96a2
[DBG] |   |   |   |   + ChapterTimeStart=4869297766
[DBG] |   |   |   |   + ChapterFlagHidden=no
[DBG] |   |   |   |   + ChapterTimeEnd=5076471400
[DBG] |   |   |   |   + ChapterDisplay
[DBG] |   |   |   |   |   + ChapterString=Chapter 37
[DBG] |   |   |   |   |   + ChapterLanguage=eng
[DBG] |   |   |   + ChapterAtom (level=0)
[DBG] |   |   |   |   + ChapterUID=6bb6f2a2ec05811c
[DBG] |   |   |   |   + ChapterTimeStart=5076471400
[DBG] |   |   |   |   + ChapterFlagHidden=no
[DBG] |   |   |   |   + ChapterTimeEnd=5239634400
[DBG] |   |   |   |   + ChapterDisplay
[DBG] |   |   |   |   |   + ChapterString=Chapter 38
[DBG] |   |   |   |   |   + ChapterLanguage=eng
[DBG] |   |   |   + ChapterAtom (level=0)
[DBG] |   |   |   |   + ChapterUID=4a07321a8090ed99
[DBG] |   |   |   |   + ChapterTimeStart=5239634400
[DBG] |   |   |   |   + ChapterFlagHidden=no
[DBG] |   |   |   |   + ChapterTimeEnd=5523451266
[DBG] |   |   |   |   + ChapterDisplay
[DBG] |   |   |   |   |   + ChapterString=Chapter 39
[DBG] |   |   |   |   |   + ChapterLanguage=eng
[DBG] |   |   |   + ChapterAtom (level=0)
[DBG] |   |   |   |   + ChapterUID=79b868e77e2d252d
[DBG] |   |   |   |   + ChapterTimeStart=5523451266
[DBG] |   |   |   |   + ChapterFlagHidden=no
[DBG] |   |   |   |   + ChapterTimeEnd=5654081766
[DBG] |   |   |   |   + ChapterDisplay
[DBG] |   |   |   |   |   + ChapterString=Chapter 40
[DBG] |   |   |   |   |   + ChapterLanguage=eng
[DBG] |   |   |   + ChapterAtom (level=0)
[DBG] |   |   |   |   + ChapterUID=f2dd5daa22ce163c
[DBG] |   |   |   |   + ChapterTimeStart=5654081766
[DBG] |   |   |   |   + ChapterFlagHidden=no
[DBG] |   |   |   |   + ChapterTimeEnd=5797558433
[DBG] |   |   |   |   + ChapterDisplay
[DBG] |   |   |   |   |   + ChapterString=Chapter 41
[DBG] |   |   |   |   |   + ChapterLanguage=eng
[DBG] |   |   |   + ChapterAtom (level=0)
[DBG] |   |   |   |   + ChapterUID=9223f8103fe61fed
[DBG] |   |   |   |   + ChapterTimeStart=5797558433
[DBG] |   |   |   |   + ChapterFlagHidden=no
[DBG] |   |   |   |   + ChapterTimeEnd=5966794166
[DBG] |   |   |   |   + ChapterDisplay
[DBG] |   |   |   |   |   + ChapterString=Chapter 42
[DBG] |   |   |   |   |   + ChapterLanguage=eng
[DBG] |   |   |   + ChapterAtom (level=0)
[DBG] |   |   |   |   + ChapterUID=6fd784f48e8b0ce1
[DBG] |   |   |   |   + ChapterTimeStart=5966794166
[DBG] |   |   |   |   + ChapterFlagHidden=no
[DBG] |   |   |   |   + ChapterTimeEnd=6045272566
[DBG] |   |   |   |   + ChapterDisplay
[DBG] |   |   |   |   |   + ChapterString=Chapter 43
[DBG] |   |   |   |   |   + ChapterLanguage=eng
[DBG] |   |   |   + ChapterAtom (level=0)
[DBG] |   |   |   |   + ChapterUID=daed9a45b3ae7103
[DBG] |   |   |   |   + ChapterTimeStart=6045272566
[DBG] |   |   |   |   + ChapterFlagHidden=no
[DBG] |   |   |   |   + ChapterTimeEnd=6119346566
[DBG] |   |   |   |   + ChapterDisplay
[DBG] |   |   |   |   |   + ChapterString=Chapter 44
[DBG] |   |   |   |   |   + ChapterLanguage=eng
[DBG] |   |   |   + ChapterAtom (level=0)
[DBG] |   |   |   |   + ChapterUID=370657b48d0591bd
[DBG] |   |   |   |   + ChapterTimeStart=6119346566
[DBG] |   |   |   |   + ChapterFlagHidden=no
[DBG] |   |   |   |   + ChapterTimeEnd=6279673400
[DBG] |   |   |   |   + ChapterDisplay
[DBG] |   |   |   |   |   + ChapterString=Chapter 45
[DBG] |   |   |   |   |   + ChapterLanguage=eng
[DBG] |   |   |   + ChapterAtom (level=0)
[DBG] |   |   |   |   + ChapterUID=bf7f1baee783a980
[DBG] |   |   |   |   + ChapterTimeStart=6279673400
[DBG] |   |   |   |   + ChapterFlagHidden=no
[DBG] |   |   |   |   + ChapterTimeEnd=6353413733
[DBG] |   |   |   |   + ChapterDisplay
[DBG] |   |   |   |   |   + ChapterString=Chapter 46
[DBG] |   |   |   |   |   + ChapterLanguage=eng
[DBG] |   |   |   + ChapterAtom (level=0)
[DBG] |   |   |   |   + ChapterUID=541f50dcdbecb94d
[DBG] |   |   |   |   + ChapterTimeStart=6353413733
[DBG] |   |   |   |   + ChapterFlagHidden=no
[DBG] |   |   |   |   + ChapterTimeEnd=6509769933
[DBG] |   |   |   |   + ChapterDisplay
[DBG] |   |   |   |   |   + ChapterString=Chapter 47
[DBG] |   |   |   |   |   + ChapterLanguage=eng
[DBG] |   |   |   + ChapterAtom (level=0)
[DBG] |   |   |   |   + ChapterUID=ae49985ff1c3db8b
[DBG] |   |   |   |   + ChapterTimeStart=6509769933
[DBG] |   |   |   |   + ChapterFlagHidden=no
[DBG] |   |   |   |   + ChapterTimeEnd=6585145233
[DBG] |   |   |   |   + ChapterDisplay
[DBG] |   |   |   |   |   + ChapterString=Chapter 48
[DBG] |   |   |   |   |   + ChapterLanguage=eng
[DBG] |   |   |   + ChapterAtom (level=0)
[DBG] |   |   |   |   + ChapterUID=bf470052d461b475
[DBG] |   |   |   |   + ChapterTimeStart=6585145233
[DBG] |   |   |   |   + ChapterFlagHidden=no
[DBG] |   |   |   |   + ChapterTimeEnd=6750477066
[DBG] |   |   |   |   + ChapterDisplay
[DBG] |   |   |   |   |   + ChapterString=Chapter 49
[DBG] |   |   |   |   |   + ChapterLanguage=eng
[DBG] |   |   |   + ChapterAtom (level=0)
[DBG] |   |   |   |   + ChapterUID=aef66dc46edbd2a
[DBG] |   |   |   |   + ChapterTimeStart=6750477066
[DBG] |   |   |   |   + ChapterFlagHidden=no
[DBG] |   |   |   |   + ChapterTimeEnd=7015775433
[DBG] |   |   |   |   + ChapterDisplay
[DBG] |   |   |   |   |   + ChapterString=Chapter 50
[DBG] |   |   |   |   |   + ChapterLanguage=eng
[DBG] |   |   |   + ChapterAtom (level=0)
[DBG] |   |   |   |   + ChapterUID=6e047737a1549823
[DBG] |   |   |   |   + ChapterTimeStart=7015775433
[DBG] |   |   |   |   + ChapterFlagHidden=no
[DBG] |   |   |   |   + ChapterTimeEnd=7116676233
[DBG] |   |   |   |   + ChapterDisplay
[DBG] |   |   |   |   |   + ChapterString=Chapter 51
[DBG] |   |   |   |   |   + ChapterLanguage=eng
[DBG] |   |   |   + ChapterAtom (level=0)
[DBG] |   |   |   |   + ChapterUID=838cd6b05e54aa13
[DBG] |   |   |   |   + ChapterTimeStart=7116676233
[DBG] |   |   |   |   + ChapterFlagHidden=no
[DBG] |   |   |   |   + ChapterTimeEnd=7304530566
[DBG] |   |   |   |   + ChapterDisplay
[DBG] |   |   |   |   |   + ChapterString=Chapter 52
[DBG] |   |   |   |   |   + ChapterLanguage=eng
[DBG] |   |   |   + ChapterAtom (level=0)
[DBG] |   |   |   |   + ChapterUID=1dfb1a73753829e2
[DBG] |   |   |   |   + ChapterTimeStart=7304530566
[DBG] |   |   |   |   + ChapterFlagHidden=no
[DBG] |   |   |   |   + ChapterTimeEnd=7417476733
[DBG] |   |   |   |   + ChapterDisplay
[DBG] |   |   |   |   |   + ChapterString=Chapter 53
[DBG] |   |   |   |   |   + ChapterLanguage=eng
[DBG] |   |   |   + ChapterAtom (level=0)
[DBG] |   |   |   |   + ChapterUID=e9f35f4150876621
[DBG] |   |   |   |   + ChapterTimeStart=7417476733
[DBG] |   |   |   |   + ChapterFlagHidden=no
[DBG] |   |   |   |   + ChapterTimeEnd=7798056933
[DBG] |   |   |   |   + ChapterDisplay
[DBG] |   |   |   |   |   + ChapterString=Chapter 54
[DBG] |   |   |   |   |   + ChapterLanguage=eng
[DBG] |   - tags at 5722249427
[DBG] resolving 192.168.1.250 ...
[DBG] outgoing request:
GET /stream/2 HTTP/1.1
Host: 192.168.1.250:8093
Accept: */*
Accept-Language: en_US
User-Agent: VLC/4.0.0-dev LibVLC/4.0.0-dev
If-Unmodified-Since: Fri, 17 Jul 2026 19:22:43 GMT
Range: bytes=5722249427-


[DBG] incoming response:
HTTP/1.1 206 Partial Content
Accept-Ranges: bytes
Content-Length: 1649
Content-Range: bytes 5722249427-5722251075/5722251076
Content-Type: video/x-matroska
Last-Modified: Fri, 17 Jul 2026 19:22:43 GMT
Date: Mon, 14 Sep 2026 03:26:42 GMT


[DBG] connection failed
[DBG] end of stream
[DBG] |   + Tags
[DBG] + Tag
[DBG] |   + Targets
[DBG] |   |   + TrackUID: 1
[DBG] |   |   + TargetType: MOVIE
[DBG] |   + Simple Tag 
[DBG] |   |   + Meta BPS: 5224535
[DBG] |   + Simple Tag 
[DBG] |   |   + Meta DURATION: 02:09:58.056933333
[DBG] |   + Simple Tag 
[DBG] |   |   + Meta NUMBER_OF_FRAMES: 193614
[DBG] |   + Simple Tag 
[DBG] |   |   + Meta NUMBER_OF_BYTES: 5092652986
[DBG] |   + Simple Tag 
[DBG] |   |   + Meta SOURCE_ID: 0100E0
[DBG] |   + Simple Tag 
[DBG] |   |   + Meta _STATISTICS_WRITING_APP: MakeMKV v1.18.4 darwin(arm64-release)
[DBG] |   + Simple Tag 
[DBG] |   |   + Meta _STATISTICS_WRITING_DATE_UTC: 2026-07-17 19:10:16
[DBG] |   + Simple Tag 
[DBG] |   |   + Meta _STATISTICS_TAGS: BPS DURATION NUMBER_OF_FRAMES NUMBER_OF_BYTES SOURCE_ID
[DBG] + Tag
[DBG] |   + Targets
[DBG] |   |   + TrackUID: 2
[DBG] |   |   + TargetType: MOVIE
[DBG] |   + Simple Tag 
[DBG] |   |   + Meta BPS: 448000
[DBG] |   + Simple Tag 
[DBG] |   |   + Meta DURATION: 02:09:58.048000000
[DBG] |   + Simple Tag 
[DBG] |   |   + Meta NUMBER_OF_FRAMES: 243689
[DBG] |   + Simple Tag 
[DBG] |   |   + Meta NUMBER_OF_BYTES: 436690688
[DBG] |   + Simple Tag 
[DBG] |   |   + Meta SOURCE_ID: 0180BD
[DBG] |   + Simple Tag 
[DBG] |   |   + Meta _STATISTICS_WRITING_APP: MakeMKV v1.18.4 darwin(arm64-release)
[DBG] |   + Simple Tag 
[DBG] |   |   + Meta _STATISTICS_WRITING_DATE_UTC: 2026-07-17 19:10:16
[DBG] |   + Simple Tag 
[DBG] |   |   + Meta _STATISTICS_TAGS: BPS DURATION NUMBER_OF_FRAMES NUMBER_OF_BYTES SOURCE_ID
[DBG] + Tag
[DBG] |   + Targets
[DBG] |   |   + TrackUID: 3
[DBG] |   |   + TargetType: MOVIE
[DBG] |   + Simple Tag 
[DBG] |   |   + Meta BPS: 192000
[DBG] |   + Simple Tag 
[DBG] |   |   + Meta DURATION: 02:09:58.048000000
[DBG] |   + Simple Tag 
[DBG] |   |   + Meta NUMBER_OF_FRAMES: 243689
[DBG] |   + Simple Tag 
[DBG] |   |   + Meta NUMBER_OF_BYTES: 187153152
[DBG] |   + Simple Tag 
[DBG] |   |   + Meta SOURCE_ID: 0181BD
[DBG] |   + Simple Tag 
[DBG] |   |   + Meta _STATISTICS_WRITING_APP: MakeMKV v1.18.4 darwin(arm64-release)
[DBG] |   + Simple Tag 
[DBG] |   |   + Meta _STATISTICS_WRITING_DATE_UTC: 2026-07-17 19:10:16
[DBG] |   + Simple Tag 
[DBG] |   |   + Meta _STATISTICS_TAGS: BPS DURATION NUMBER_OF_FRAMES NUMBER_OF_BYTES SOURCE_ID
[DBG] + Tag
[DBG] |   + Targets
[DBG] |   |   + TrackUID: 4
[DBG] |   |   + TargetType: MOVIE
[DBG] |   + Simple Tag 
[DBG] |   |   + Meta BPS: 52
[DBG] |   + Simple Tag 
[DBG] |   |   + Meta DURATION: 02:01:11.127566666
[DBG] |   + Simple Tag 
[DBG] |   |   + Meta NUMBER_OF_FRAMES: 947
[DBG] |   + Simple Tag 
[DBG] |   |   + Meta NUMBER_OF_BYTES: 47304
[DBG] |   + Simple Tag 
[DBG] |   |   + Meta SOURCE_ID: 0100E0
[DBG] |   + Simple Tag 
[DBG] |   |   + Meta _STATISTICS_WRITING_APP: MakeMKV v1.18.4 darwin(arm64-release)
[DBG] |   + Simple Tag 
[DBG] |   |   + Meta _STATISTICS_WRITING_DATE_UTC: 2026-07-17 19:10:16
[DBG] |   + Simple Tag 
[DBG] |   |   + Meta _STATISTICS_TAGS: BPS DURATION NUMBER_OF_FRAMES NUMBER_OF_BYTES SOURCE_ID
[DBG] loading tags done.
[DBG] resolving 192.168.1.250 ...
[DBG] outgoing request:
GET /stream/2 HTTP/1.1
Host: 192.168.1.250:8093
Accept: */*
Accept-Language: en_US
User-Agent: VLC/4.0.0-dev LibVLC/4.0.0-dev
If-Unmodified-Since: Fri, 17 Jul 2026 19:22:43 GMT
Range: bytes=183-


[DBG] incoming response:
HTTP/1.1 206 Partial Content
Accept-Ranges: bytes
Content-Length: 5722250893
Content-Range: bytes 183-5722251075/5722251076
Content-Type: video/x-matroska
Last-Modified: Fri, 17 Jul 2026 19:22:43 GMT
Date: Mon, 14 Sep 2026 03:26:42 GMT


[DBG] |   + Void
[DBG] |   + Information
[DBG] |   + Tracks
[DBG] |   + Chapters
[DBG] |   + Void
[DBG] |   + Cluster
[DBG] Virtual chapter  Chapter 01 from 0 to 165965800 - 
[DBG] Virtual chapter  Chapter 02 from 165965800 to 252885966 - 
[DBG] Virtual chapter  Chapter 03 from 252885966 to 413713300 - 
[DBG] Virtual chapter  Chapter 04 from 413713300 to 519519000 - 
[DBG] Virtual chapter  Chapter 05 from 519519000 to 636602633 - 
[DBG] Virtual chapter  Chapter 06 from 636602633 to 740406333 - 
[DBG] Virtual chapter  Chapter 07 from 740406333 to 984450133 - 
[DBG] Virtual chapter  Chapter 08 from 984450133 to 1242457883 - 
[DBG] Virtual chapter  Chapter 09 from 1242457883 to 1362694666 - 
[DBG] Virtual chapter  Chapter 10 from 1362694666 to 1476975500 - 
[DBG] Virtual chapter  Chapter 11 from 1476975500 to 1599064133 - 
[DBG] Virtual chapter  Chapter 12 from 1599064133 to 1681713366 - 
[DBG] Virtual chapter  Chapter 13 from 1681713366 to 1742340600 - 
[DBG] Virtual chapter  Chapter 14 from 1742340600 to 1780879100 - 
[DBG] Virtual chapter  Chapter 15 from 1780879100 to 1954919633 - 
[DBG] Virtual chapter  Chapter 16 from 1954919633 to 2014979633 - 
[DBG] Virtual chapter  Chapter 17 from 2014979633 to 2177775600 - 
[DBG] Virtual chapter  Chapter 18 from 2177775600 to 2286384100 - 
[DBG] Virtual chapter  Chapter 19 from 2286384100 to 2423354266 - 
[DBG] Virtual chapter  Chapter 20 from 2423354266 to 2618248966 - 
[DBG] Virtual chapter  Chapter 21 from 2618248966 to 2829092933 - 
[DBG] Virtual chapter  Chapter 22 from 2829092933 to 3011808800 - 
[DBG] Virtual chapter  Chapter 23 from 3011808800 to 3169966800 - 
[DBG] Virtual chapter  Chapter 24 from 3169966800 to 3348011333 - 
[DBG] Virtual chapter  Chapter 25 from 3348011333 to 3495658833 - 
[DBG] Virtual chapter  Chapter 26 from 3495658833 to 3698728366 - 
[DBG] Virtual chapter  Chapter 27 from 3698728366 to 3746776366 - 
[DBG] Virtual chapter  Chapter 28 from 3746776366 to 3869031833 - 
[DBG] Virtual chapter  Chapter 29 from 3869031833 to 3973235933 - 
[DBG] Virtual chapter  Chapter 30 from 3973235933 to 4111674233 - 
[DBG] Virtual chapter  Chapter 31 from 4111674233 to 4188450933 - 
[DBG] Virtual chapter  Chapter 32 from 4188450933 to 4258821233 - 
[DBG] Virtual chapter  Chapter 33 from 4258821233 to 4403799400 - 
[DBG] Virtual chapter  Chapter 34 from 4403799400 to 4600996400 - 
[DBG] Virtual chapter  Chapter 35 from 4600996400 to 4759654900 - 
[DBG] Virtual chapter  Chapter 36 from 4759654900 to 4869297766 - 
[DBG] Virtual chapter  Chapter 37 from 4869297766 to 5076471400 - 
[DBG] Virtual chapter  Chapter 38 from 5076471400 to 5239634400 - 
[DBG] Virtual chapter  Chapter 39 from 5239634400 to 5523451266 - 
[DBG] Virtual chapter  Chapter 40 from 5523451266 to 5654081766 - 
[DBG] Virtual chapter  Chapter 41 from 5654081766 to 5797558433 - 
[DBG] Virtual chapter  Chapter 42 from 5797558433 to 5966794166 - 
[DBG] Virtual chapter  Chapter 43 from 5966794166 to 6045272566 - 
[DBG] Virtual chapter  Chapter 44 from 6045272566 to 6119346566 - 
[DBG] Virtual chapter  Chapter 45 from 6119346566 to 6279673400 - 
[DBG] Virtual chapter  Chapter 46 from 6279673400 to 6353413733 - 
[DBG] Virtual chapter  Chapter 47 from 6353413733 to 6509769933 - 
[DBG] Virtual chapter  Chapter 48 from 6509769933 to 6585145233 - 
[DBG] Virtual chapter  Chapter 49 from 6585145233 to 6750477066 - 
[DBG] Virtual chapter  Chapter 50 from 6750477066 to 7015775433 - 
[DBG] Virtual chapter  Chapter 51 from 7015775433 to 7116676233 - 
[DBG] Virtual chapter  Chapter 52 from 7116676233 to 7304530566 - 
[DBG] Virtual chapter  Chapter 53 from 7304530566 to 7417476733 - 
[DBG] Virtual chapter  Chapter 54 from 7417476733 to 7798056933 - 
[DBG] Virtual chapter  from 0 to -1 - 
[DBG] NEW START CHAPTER uid=5827174896662102052
[DBG] found 4 es
[DBG] selecting program id=0
[DBG] ES track added: 'video/1' (fourcc: 'mpgv')
[DBG] ES track added: 'audio/2' (fourcc: 'a52 ')
11:26:42.523 PM [player] track added video/1 type=1
[DBG] ES track added: 'audio/3' (fourcc: 'a52 ')
[DBG] ES track added: 'spu/4' (fourcc: 'subt')
[DBG] seek: preroll{ track: 1, pts: 0, fpos: 5816 skip: 5816} 
[DBG] seek: preroll{ req: 1, start-pts: 1, start-fpos: 5816} 
11:26:42.523 PM [player] track added audio/2 type=0
[DBG] using demux module "mkv"
11:26:42.523 PM [player] track added audio/3 type=0
11:26:42.523 PM [player] track added spu/4 type=2
[DBG] looking for video packetizer module matching "any": 13 candidates
11:26:42.523 PM [player] length 7798056 ms
[DBG] using video packetizer module "mpegvideo"
[DBG] looking for video decoder module matching "any": 14 candidates
[DBG] vout: none found
[DBG] looking for text renderer module matching "freetype": 2 candidates
[DBG] using text renderer module "freetype"
[DBG] looking for video converter module matching "any": 13 candidates
[DBG] 32x32 (32x32) chroma: YUVA colorspace: Undefined -> 16x16 (16x16) chroma: RGBA colorspace: Undefined with scaling using Bicubic (good quality)
[DBG] using video converter module "swscale"
[DBG] looking for video converter module matching "any": 13 candidates
[DBG] YUVP to YUVA converter
[DBG] using video converter module "yuvp"
[DBG] Deinterlacing available
[DBG] deinterlace -1, mode auto, is_needed 0
[DBG] looking for vout window module matching "any": 2 candidates
[DBG] resized to 1920x1080
[DBG] using vout window module "uiview_window"
[DBG] looking for inhibit module matching "any": 1 candidates
[DBG] using inhibit module "uikit_inhibit"
[DBG] looking for decoder device module matching "any": 1 candidates
[DBG] using decoder device module "videotoolbox"
[WARN] vt session error: 'kVTCouldNotFindVideoDecoderErr'
[DBG] using Lavc63.1.100
[DBG] CPU flags: 0x00062360
[DBG] allowing 6 thread(s) for decoding
[DBG] codec (mpeg2video) started
[DBG] using video decoder module "avcodec"
[DBG] ES track selected: 'video/1' (fourcc: 'mpgv')
[DBG] looking for audio packetizer module matching "any": 11 candidates
[DBG] using audio packetizer module "a52"
[DBG] looking for audio decoder module matching "any": 15 candidates
[DBG] reusing audio output
[ERR] too low audio sample frequency (0)
11:26:42.532 PM [player] track selected type=1 selected=video/1 unselected=
[DBG] keeping audio output
[DBG] using Lavc63.1.100
[DBG] CPU flags: 0x00062360
[DBG] codec (ac3) started
[DBG] using audio decoder module "avcodec"
[DBG] ES track selected: 'audio/2' (fourcc: 'a52 ')
[DBG] looking for spu decoder module matching "any": 19 candidates
[DBG] using Lavc63.1.100
[DBG] CPU flags: 0x00062360
[WARN] refusing to decode non validated subtitle codec
11:26:42.533 PM [player] track selected type=0 selected=audio/2 unselected=
[DBG] trying demuxer-specified character encoding: UTF-8
[DBG] using spu decoder module "subsdec"
[DBG] ES track selected: 'spu/4' (fourcc: 'subt')
[DBG] looking for meta reader module matching "any": 1 candidates
[DBG] no meta reader modules matched with name any
11:26:42.533 PM [player] track selected type=2 selected=spu/4 unselected=
[DBG] `http://192.168.1.250:8093/stream/2' successfully opened
11:26:42.533 PM [player] state Playing at 0 ms
[DBG] program(0): using clock source: 'audio'
[DBG] Buffering 0%
[DBG] A/52 channels:6 samplerate:48000 bitrate:448000
[DBG] size 720x480/720x480 fps 500000:16683
[DBG] restarting module due to input format change
[DBG] restarting module due to input format change
[DBG] 'decoder in/packetizer out' i_rate 0 / 48000
[DBG] 'decoder in/packetizer out' profile -1 / 4
[DBG] 'decoder in/packetizer out' i_physical_channels 0 / 4199
[DBG] 'decoder in/packetizer out' i_width 0 / 720
[DBG] removing "audio decoder" module "avcodec"
[DBG] 'decoder in/packetizer out' i_height 0 / 480
[DBG] looking for audio decoder module matching "any": 15 candidates
[DBG] 'decoder in/packetizer out' i_visible_width 0 / 720
[DBG] reusing audio output
[DBG] 'decoder in/packetizer out' i_visible_height 0 / 480
[WARN] failed to start passthrough audio output, failing back to linear format
[DBG] Buffering 3%
[DBG] keeping audio output
[DBG] using Lavc63.1.100
[DBG] CPU flags: 0x00062360
[DBG] removing "video decoder" module "avcodec"
[DBG] looking for video decoder module matching "any": 14 candidates
[DBG] vout change: decoder size
[DBG] vout change: visible size
[DBG] codec (ac3) started
[DBG] using audio decoder module "avcodec"
[DBG] reusing audio output
[DBG] Buffering 6%
[DBG] Buffering 10%
11:26:42.535 PM [player] buffering 0.0
[WARN] vt session error: 'kVTCouldNotFindVideoDecoderErr'
[DBG] Buffering 13%
[DBG] using Lavc63.1.100
[DBG] CPU flags: 0x00062360
[DBG] Buffering 16%
[DBG] allowing 6 thread(s) for decoding
[DBG] Buffering 20%
[DBG] codec (mpeg2video) started
[DBG] using video decoder module "avcodec"
[DBG] Buffering 23%
[DBG] Buffering 26%
[DBG] Buffering 30%
[DBG] available hardware decoder output format 157 (videotoolbox_vld)
[DBG] Buffering 33%
[DBG] available software decoder output format 0 (yuv420p)
[DBG] vout change: chroma
[DBG] vout change: SAR
[DBG] requested window size: 640x480
[DBG] deinterlace -1, mode auto, is_needed 0
[DBG] Opening vout display wrapper
[DBG] looking for vout display module matching "any": 3 candidates
[DBG] looking for video converter module matching "any": 13 candidates
[DBG] Buffering 44%
[DBG] Buffering 46%
[DBG] Buffering 50%
[DBG] Buffering 53%
[DBG] Buffering 56%
[DBG] Buffering 60%
[DBG] Buffering 63%
[DBG] Buffering 66%
[DBG] Buffering 70%
[INF] Trying to use chroma_chain: [c=18|q=100] I420 -> CVPN -> CVPB...
[DBG] Buffering 73%
[DBG] looking for video converter module matching "any": 13 candidates
[DBG] looking for decoder device module matching "any": 1 candidates
[DBG] using decoder device module "videotoolbox"
[DBG] Buffering 86%
[DBG] using video converter module "cvpx"
[DBG] Filter 'cvpx' (0x10c8b9e00) appended to chain (0x10c8c1b00)
[DBG] looking for video converter module matching "any": 13 candidates
[DBG] no video converter modules matched with name any
[ERR] Failed to create video converter
[INF] Trying to use chroma_chain: [c=18|q=100] I420 -> CVPI -> CVPB...
[DBG] Buffering 90%
[DBG] removing "video converter" module "cvpx"
[DBG] Buffering 93%
[DBG] Filter 0x10c8b9e00 removed from chain
[DBG] looking for video converter module matching "any": 13 candidates
[DBG] looking for decoder device module matching "any": 1 candidates
[DBG] using decoder device module "videotoolbox"
[DBG] Buffering 96%
[DBG] Stream buffering done (1001 ms in 8 ms)
11:26:42.542 PM [player] buffering 1.0
[DBG] using video converter module "cvpx"
[DBG] Filter 'cvpx' (0x10475f600) appended to chain (0x10c8c1b00)
[DBG] looking for video converter module matching "any": 13 candidates
[DBG] no video converter modules matched with name any
[ERR] Failed to create video converter
[INF] Trying to use chroma_chain: [c=118|q=90] I420 -> BGRA -> CVPB...
[DBG] removing "video converter" module "cvpx"
[DBG] Filter 0x10475f600 removed from chain
[DBG] looking for video converter module matching "any": 13 candidates
[DBG] 720x480 (720x480) chroma: I420 colorspace: BT601 -> 720x480 (720x480) chroma: BGRA colorspace: BT601 with scaling using Bicubic (good quality)
[DBG] using video converter module "swscale"
[DBG] Filter 'Swscale' (0x10c8eb300) appended to chain (0x10c8c1b00)
[DBG] looking for video converter module matching "any": 13 candidates
[DBG] looking for decoder device module matching "any": 1 candidates
[DBG] using decoder device module "videotoolbox"
[DBG] using video converter module "cvpx"
[DBG] Filter 'cvpx' (0x10475f600) appended to chain (0x10c8c1b00)
[INF] success
[DBG] using video converter module "chain"
[DBG] using vout display module "samplebufferdisplay"
[DBG] original format sz 720x480, of (0,0), vsz 720x480, 4cc I420, sar 8:9, orient: normal
[DBG] removing "text renderer" module "freetype"
[DBG] looking for text renderer module matching "freetype": 2 candidates
[DBG] using text renderer module "freetype"
[DBG] requested window size: 640x480
[DBG] resetting projection_mode to 0
[DBG] setting projection_mode to 0
[DBG] Received first picture
[DBG] Detected interlaced video
[DBG] deinterlace -1, mode auto, is_needed 1
[DBG] resized to 3840x2160
[DBG] Output on HDMI, channel count: 6
[DBG] VLC keeping the same input layout
[DBG] output 'f32l' 48000 Hz 3F2M/LFE frame=1 samples/24 bytes
[DBG] looking for audio volume module matching "any": 2 candidates
[DBG] using audio volume module "float_mixer"
[DBG] input 'f32l' 48000 Hz 3F2M/LFE frame=1 samples/24 bytes
[DBG] looking for audio filter module matching "scaletempo": 1 candidates
[DBG] format: 48000 rate, 6 nch, 4 bps, fl32
[DBG] params: 30 stride, 0.200 overlap, 14 search
[DBG] 1.000 scale, 1440.000 stride_in, 1440 stride_out, 1152 standing, 288 overlap, 672 search, 2400 queue, fl32 mode
[DBG] using audio filter module "scaletempo"
[DBG] conversion: 'f32l'->'f32l' 48000 Hz->48000 Hz 3F2M/LFE->3F2M/LFE
[DBG] conversion pipeline complete
[DBG] conversion: 'f32l'->'f32l' 48000 Hz->48000 Hz 3F2M/LFE->3F2M/LFE
[DBG] conversion pipeline complete
[DBG] looking for audio resampler module matching "soxr": 2 candidates
[DBG] Using SoX Resampler with 'cr32s' engine and 'Medium 16-bit with medium roll-off' quality to convert f32l/48000Hz to f32l/48000Hz.
[DBG] using audio resampler module "soxr"
[DBG] Decoder wait done in 46 ms
[DBG] Adding 'deinterlace' as static
[DBG] looking for video filter module matching "deinterlace,chain": 2 candidates
[DBG] using x deinterlace method
[DBG] deferring start (111777 us)
[DBG] deinterlacing
[DBG] using video filter module "deinterlace"
[DBG] Filter 'deinterlace' (0x10cba0f00) appended to chain (0x10c8c0f00)
[DBG] deferring start (76402 us)
[DBG] deferring start (44172 us)
[DBG] deferring start (43889 us)
[DBG] deferring start (43656 us)
[DBG] deferring start (43454 us)
[DBG] deferring start (43292 us)
[DBG] deferring start (43116 us)
[DBG] deferring start (42895 us)
[DBG] deferring start (42737 us)
[DBG] deferring start (42578 us)
[DBG] deferring start (42453 us)
[DBG] deferring start (42315 us)
[DBG] deferring start (42180 us)
[DBG] deferring start (42066 us)
[DBG] deferring start (41942 us)
[DBG] deferring start (41811 us)
[DBG] deferring start (41685 us)
[DBG] deferring start (41580 us)
[DBG] deferring start (41458 us)
[DBG] deferring start (41333 us)
[DBG] deferring start (41234 us)
[DBG] deferring start (41109 us)
[DBG] deferring start (40975 us)
[DBG] deferring start (40851 us)
[DBG] deferring start (40739 us)
[DBG] deferring start (40592 us)
[DBG] deferring start (40476 us)
[DBG] deferring start (40349 us)
[DBG] deferring start (40238 us)
[DBG] deferring start (40098 us)
[DBG] deferring start (39982 us)
[DBG] deferring start (39869 us)
[DBG] deferring start (39712 us)
[DBG] deferring start (39596 us)
[DBG] deferring start (39467 us)
[DBG] deferring start (39351 us)
[DBG] deferring start (39227 us)
[DBG] deferring start (39103 us)
[DBG] deferring start (38993 us)
[DBG] started
[DBG] picture displayed late (missing 3 ms)
[WARN] picture is too late to be displayed (missing 82 ms)
[WARN] picture is too late to be displayed (missing 49 ms)
[DBG] picture displayed late (missing 13 ms)
11:27:00.773 PM [player] pause (select) at 17667 ms
[DBG] pausing
[DBG] not really pausing SPU
[DBG] pausing audio
[DBG] pausing video
11:27:00.790 PM [player] state Paused at 17908 ms
11:27:02.008 PM [player] play (select) at 17908 ms
[DBG] resuming audio
11:27:02.009 PM [player] state Playing at 17908 ms
[DBG] resuming video
[DBG] resuming
[DBG] not really resuming SPU
[WARN] resetting master clock: coefficient too unstable: 2.532135
11:27:03.658 PM [player] pause (select) at 19000 ms
[DBG] pausing
[DBG] not really pausing SPU
[DBG] pausing audio
11:27:03.659 PM [player] state Paused at 19527 ms
[DBG] pausing video
[DBG] picture displayed late (missing 7 ms)
11:27:06.296 PM [framestep] +1 gotoNextFrame before=19527 ms
11:27:06.299 PM [framestep] nextFrameStepped result=0 time=19527 ms
11:27:06.707 PM [framestep] +1 after(400 ms)=19653 ms
11:27:08.540 PM [framestep] +1 gotoNextFrame before=19653 ms
11:27:08.545 PM [framestep] nextFrameStepped result=0 time=19686 ms
11:27:08.970 PM [framestep] +1 after(400 ms)=19686 ms
11:27:12.539 PM [framestep] −1 seek before=19686 ms frame=33 ms (500000/16683 fps) target=19653 ms
[DBG] ES_OUT_RESET_PCR called
[DBG] SET_TIME to 19653000
[DBG] seek request to i_pos = 19653000
[DBG] seek: preroll{ track: 1, pts: 0, fpos: 5816 skip: 5816} 
[DBG] seek: preroll{ track: 2, pts: 19616000, fpos: 10085053 skip: 10085053} 
[DBG] seek: preroll{ track: 4, pts: -1, fpos: 5816 skip: 5816} 
[ERR] reading while paused (buggy demux?)
11:27:12.544 PM [player] buffering 0.0
[DBG] resuming
[DBG] resolving 192.168.1.250 ...
[DBG] outgoing request:
GET /stream/2 HTTP/1.1
Host: 192.168.1.250:8093
Accept: */*
Accept-Language: en_US
User-Agent: VLC/4.0.0-dev LibVLC/4.0.0-dev
If-Unmodified-Since: Fri, 17 Jul 2026 19:22:43 GMT
Range: bytes=5816-


[DBG] incoming response:
HTTP/1.1 206 Partial Content
Accept-Ranges: bytes
Content-Length: 5722245260
Content-Range: bytes 5816-5722251075/5722251076
Content-Type: video/x-matroska
Last-Modified: Fri, 17 Jul 2026 19:22:43 GMT
Date: Mon, 14 Sep 2026 03:27:12 GMT


[DBG] connection failed
[DBG] seek: preroll{ req: 19653001, start-pts: 1, start-fpos: 5816} 
[DBG] Buffering 0%
11:27:12.558 PM [player] buffering 0.0
11:27:12.971 PM [framestep] −1 after=19653 ms
[DBG] end of video preroll
[DBG] Received first picture
11:27:12.989 PM [framestep] nextFrameStepped result=0 time=19653 ms
[DBG] Buffering 3%
[DBG] Buffering 6%
[DBG] Buffering 9%
[DBG] Buffering 14%
[DBG] Buffering 19%
[DBG] Buffering 22%
[DBG] Buffering 24%
[DBG] Buffering 27%
[DBG] Buffering 30%
[DBG] Buffering 46%
[DBG] Buffering 51%
[DBG] Buffering 55%
[DBG] Buffering 58%
[DBG] Buffering 63%
[DBG] Buffering 64%
[DBG] Buffering 67%
[DBG] Buffering 71%
[DBG] Buffering 74%
[DBG] Buffering 75%
[DBG] Buffering 79%
[DBG] Buffering 92%
[DBG] Buffering 93%
[DBG] Stream buffering done (1038 ms in 445 ms)
[DBG] Decoder wait done in 0 ms
11:27:13.003 PM [player] buffering 1.0
[ERR] ES_OUT_SET_(GROUP_)PCR  is called 8326 ms late (pts_delay increased to 1000 ms)
[DBG] ES_OUT_RESET_PCR called
11:27:13.003 PM [player] buffering 0.0
11:27:13.004 PM [player] buffering 0.0
[DBG] Buffering 0%
[DBG] Buffering 3%
[DBG] Buffering 8%
[DBG] Buffering 13%
[DBG] Buffering 16%
[DBG] Buffering 21%
[DBG] Buffering 25%
[DBG] Buffering 40%
[DBG] Received first picture
11:27:13.013 PM [framestep] nextFrameStepped result=0 time=19653 ms
[DBG] Buffering 46%
[DBG] Buffering 49%
[DBG] Buffering 50%
[DBG] Buffering 53%
[DBG] Buffering 58%
[DBG] Buffering 63%
[DBG] Buffering 66%
[DBG] Buffering 68%
[DBG] Buffering 71%
[DBG] Buffering 75%
[DBG] Buffering 91%
[DBG] Buffering 96%
[DBG] Stream buffering done (1001 ms in 19 ms)
11:27:13.023 PM [player] buffering 1.0
[DBG] Decoder wait done in 0 ms
[ERR] ES_OUT_SET_(GROUP_)PCR  is called 8331 ms late (jitter of 8326 ms ignored)
[DBG] ES_OUT_RESET_PCR called
11:27:13.024 PM [player] buffering 0.0
[DBG] Buffering 0%
11:27:13.025 PM [player] buffering 0.0
[DBG] Buffering 2%
[DBG] Buffering 5%
[DBG] Buffering 8%
[DBG] Buffering 11%
[DBG] Buffering 13%
[DBG] Buffering 16%
[DBG] Buffering 30%
[DBG] Buffering 31%
[DBG] Received first picture
11:27:13.032 PM [framestep] nextFrameStepped result=0 time=19653 ms
[DBG] Buffering 38%
[DBG] Buffering 40%
[DBG] Buffering 41%
[DBG] Buffering 45%
[DBG] Buffering 50%
[DBG] Buffering 55%
[DBG] Buffering 58%
[DBG] Buffering 63%
[DBG] Buffering 66%
[DBG] Buffering 82%
[DBG] Buffering 88%
[DBG] Buffering 91%
[DBG] Buffering 95%
[DBG] Stream buffering done (1001 ms in 15 ms)
11:27:13.040 PM [player] buffering 1.0
[DBG] Decoder wait done in 0 ms
[ERR] ES_OUT_SET_(GROUP_)PCR  is called 8333 ms late (jitter of 8331 ms ignored)
[DBG] ES_OUT_RESET_PCR called
11:27:13.042 PM [player] buffering 0.0
[DBG] Buffering 0%
11:27:13.042 PM [player] buffering 0.0
[DBG] Buffering 2%
[DBG] Buffering 4%
[DBG] Buffering 8%
[DBG] Buffering 24%
[DBG] Buffering 29%
[DBG] Buffering 33%
[DBG] Received first picture
11:27:13.047 PM [framestep] nextFrameStepped result=0 time=19653 ms
[DBG] Buffering 36%
[DBG] Buffering 41%
[DBG] Buffering 43%
[DBG] Buffering 46%
[DBG] Buffering 50%
[DBG] Buffering 53%
[DBG] Buffering 55%
[DBG] Buffering 58%
[DBG] Buffering 72%
[DBG] Buffering 73%
[DBG] Buffering 80%
[DBG] Buffering 82%
[DBG] Buffering 83%
[DBG] Buffering 86%
[DBG] Buffering 91%
[DBG] Buffering 96%
11:27:13.068 PM [player] buffering 1.0
[DBG] Stream buffering done (1001 ms in 26 ms)
[DBG] Decoder wait done in 0 ms
[ERR] ES_OUT_SET_(GROUP_)PCR  is called 8359 ms late (jitter of 8333 ms ignored)
[DBG] ES_OUT_RESET_PCR called
11:27:13.068 PM [player] buffering 0.0
[DBG] Buffering 0%
11:27:13.069 PM [player] buffering 0.0
[DBG] Buffering 15%
[DBG] Buffering 21%
[DBG] Buffering 25%
[DBG] Received first picture
11:27:13.071 PM [framestep] nextFrameStepped result=0 time=19653 ms
[DBG] Buffering 28%
[DBG] Buffering 33%
[DBG] Buffering 38%
[DBG] Buffering 41%
[DBG] Buffering 44%
[DBG] Buffering 46%
[DBG] Buffering 50%
[DBG] Buffering 63%
[DBG] Buffering 65%
[DBG] Buffering 71%
[DBG] Buffering 73%
[DBG] Buffering 75%
[DBG] Buffering 78%
[DBG] Buffering 82%
[DBG] Buffering 83%
[DBG] Buffering 88%
[DBG] Buffering 91%
[DBG] Buffering 96%
[DBG] Stream buffering done (1001 ms in 17 ms)
11:27:13.087 PM [player] buffering 1.0
[DBG] Decoder wait done in 0 ms
[ERR] ES_OUT_SET_(GROUP_)PCR  is called 8282 ms late (jitter of 8333 ms ignored)
[DBG] ES_OUT_RESET_PCR called
11:27:13.088 PM [player] buffering 0.0
[DBG] Buffering 0%
11:27:13.088 PM [player] buffering 0.0
[DBG] Buffering 6%
[DBG] Buffering 9%
[DBG] Buffering 10%
[DBG] Buffering 13%
[DBG] Buffering 18%
[DBG] Buffering 23%
[DBG] Buffering 26%
[DBG] Buffering 31%
[DBG] Buffering 35%
[DBG] Buffering 50%
[DBG] Buffering 56%
[DBG] Received first picture
11:27:13.096 PM [framestep] nextFrameStepped result=0 time=19653 ms
[DBG] Buffering 60%
[DBG] Buffering 63%
[DBG] Buffering 68%
[DBG] Buffering 73%
[DBG] Buffering 76%
[DBG] Buffering 79%
[DBG] Buffering 81%
[DBG] Buffering 85%
[DBG] Buffering 98%
11:27:13.103 PM [player] buffering 1.0
[DBG] Stream buffering done (1001 ms in 15 ms)
[DBG] Decoder wait done in 0 ms
[ERR] ES_OUT_SET_(GROUP_)PCR  is called 8377 ms late (jitter of 8359 ms ignored)
[DBG] ES_OUT_RESET_PCR called
11:27:13.103 PM [player] buffering 0.0
11:27:13.104 PM [player] buffering 0.0
[DBG] Buffering 0%
[DBG] Buffering 1%
[DBG] Buffering 5%
[DBG] Buffering 9%
[DBG] Buffering 10%
[DBG] Buffering 15%
[DBG] Buffering 18%
[DBG] Buffering 23%
[DBG] Buffering 26%
[DBG] Buffering 41%
[DBG] Buffering 48%
[DBG] Buffering 51%
[DBG] Received first picture
11:27:13.123 PM [framestep] nextFrameStepped result=0 time=19653 ms
[DBG] Buffering 55%
[DBG] Buffering 60%
[DBG] Buffering 65%
[DBG] Buffering 68%
[DBG] Buffering 70%
[DBG] Buffering 73%
[DBG] Buffering 76%
[DBG] Buffering 92%
[DBG] Buffering 98%
[DBG] Stream buffering done (1018 ms in 27 ms)
11:27:13.131 PM [player] buffering 1.0
[DBG] Decoder wait done in 0 ms
[ERR] ES_OUT_SET_(GROUP_)PCR  is called 8422 ms late (jitter of 8377 ms ignored)
[DBG] ES_OUT_RESET_PCR called
11:27:13.132 PM [player] buffering 0.0
[DBG] Buffering 0%
11:27:13.132 PM [player] buffering 0.0
[DBG] Buffering 1%
[DBG] Buffering 5%
[DBG] Buffering 8%
[DBG] Buffering 11%
[DBG] Buffering 13%
[DBG] Buffering 16%
[DBG] Buffering 30%
[DBG] Buffering 31%
[DBG] Buffering 38%
[DBG] Buffering 40%
[DBG] Buffering 41%
[DBG] Received first picture
11:27:13.141 PM [framestep] nextFrameStepped result=0 time=19653 ms
[DBG] Buffering 45%
[DBG] Buffering 49%
[DBG] Buffering 50%
[DBG] Buffering 55%
[DBG] Buffering 58%
[DBG] Buffering 63%
[DBG] Buffering 66%
[DBG] Buffering 81%
[DBG] Buffering 88%
[DBG] Buffering 91%
[DBG] Buffering 95%
[DBG] Stream buffering done (1001 ms in 18 ms)
11:27:13.151 PM [player] buffering 1.0
[DBG] Decoder wait done in 0 ms
[ERR] ES_OUT_SET_(GROUP_)PCR  is called 8444 ms late (jitter of 8422 ms ignored)
[DBG] ES_OUT_RESET_PCR called
11:27:13.153 PM [player] buffering 0.0
[DBG] Buffering 0%
11:27:13.154 PM [player] buffering 0.0
[DBG] Buffering 2%
[DBG] Buffering 5%
[DBG] Buffering 8%
[DBG] Buffering 24%
[DBG] Buffering 30%
[DBG] Buffering 33%
[DBG] Received first picture
11:27:13.166 PM [framestep] nextFrameStepped result=0 time=19653 ms
[DBG] Buffering 36%
[DBG] Buffering 41%
[DBG] Buffering 43%
[DBG] Buffering 46%
[DBG] Buffering 50%
[DBG] Buffering 53%
[DBG] Buffering 55%
[DBG] Buffering 58%
[DBG] Buffering 72%
[DBG] Buffering 73%
[DBG] Buffering 80%
[DBG] Buffering 82%
[DBG] Buffering 83%
[DBG] Buffering 86%
[DBG] Buffering 91%
[DBG] Buffering 96%
11:27:13.179 PM [player] buffering 1.0
[DBG] Stream buffering done (1001 ms in 25 ms)
[DBG] Decoder wait done in 0 ms
[ERR] ES_OUT_SET_(GROUP_)PCR  is called 8469 ms late (jitter of 8444 ms ignored)
[DBG] ES_OUT_RESET_PCR called
11:27:13.179 PM [player] buffering 0.0
11:27:13.179 PM [player] buffering 0.0
[DBG] Buffering 0%
[DBG] Buffering 15%
[DBG] Buffering 21%
[DBG] Buffering 25%
[DBG] Buffering 28%
[DBG] Received first picture
11:27:13.186 PM [framestep] nextFrameStepped result=0 time=19653 ms
[DBG] Buffering 33%
[DBG] Buffering 38%
[DBG] Buffering 41%
[DBG] Buffering 44%
[DBG] Buffering 46%
[DBG] Buffering 50%
[DBG] Buffering 66%
[DBG] Buffering 71%
[DBG] Buffering 75%
[DBG] Buffering 78%
[DBG] Buffering 83%
[DBG] Buffering 85%
[DBG] Buffering 88%
[DBG] Buffering 91%
[DBG] Buffering 95%
[DBG] Buffering 96%
11:27:13.201 PM [player] buffering 1.0
[DBG] Stream buffering done (1001 ms in 21 ms)
[DBG] Decoder wait done in 0 ms
[ERR] ES_OUT_SET_(GROUP_)PCR  is called 8399 ms late (jitter of 8444 ms ignored)
[DBG] ES_OUT_RESET_PCR called
11:27:13.204 PM [player] buffering 0.0
11:27:13.205 PM [player] buffering 0.0
[DBG] Buffering 0%
[DBG] Buffering 6%
[DBG] Buffering 9%
[DBG] Buffering 13%
[DBG] Buffering 18%
[DBG] Buffering 23%
[DBG] Buffering 26%
[DBG] Buffering 31%
[DBG] Buffering 35%
[DBG] Buffering 50%
[DBG] Buffering 56%
[DBG] Buffering 60%
[DBG] Buffering 63%
[DBG] Buffering 68%
[DBG] Received first picture
11:27:13.216 PM [framestep] nextFrameStepped result=0 time=19653 ms
[DBG] Buffering 73%
[DBG] Buffering 76%
[DBG] Buffering 79%
[DBG] Buffering 81%
[DBG] Buffering 85%
[DBG] Buffering 98%
[DBG] Stream buffering done (1001 ms in 18 ms)
[DBG] Decoder wait done in 0 ms
11:27:13.223 PM [player] buffering 1.0
[ERR] ES_OUT_SET_(GROUP_)PCR  is called 8498 ms late (jitter of 8469 ms ignored)
[DBG] ES_OUT_RESET_PCR called
11:27:13.223 PM [player] buffering 0.0
[DBG] Buffering 0%
11:27:13.224 PM [player] buffering 0.0
[DBG] Buffering 1%
[DBG] Buffering 5%
[DBG] Buffering 9%
[DBG] Buffering 10%
[DBG] Buffering 15%
[DBG] Buffering 18%
[DBG] Buffering 23%
[DBG] Buffering 26%
[DBG] Buffering 41%
[DBG] Buffering 48%
[DBG] Buffering 51%
[DBG] Received first picture
11:27:13.237 PM [framestep] nextFrameStepped result=0 time=19653 ms
[DBG] Buffering 55%
[DBG] Buffering 60%
[DBG] Buffering 65%
[DBG] Buffering 68%
[DBG] Buffering 70%
[DBG] Buffering 73%
[DBG] Buffering 76%
[DBG] Buffering 92%
[DBG] Buffering 98%
[DBG] Stream buffering done (1019 ms in 24 ms)
11:27:13.248 PM [player] buffering 1.0
[DBG] Decoder wait done in 0 ms
[ERR] ES_OUT_SET_(GROUP_)PCR  is called 8540 ms late (jitter of 8498 ms ignored)
[DBG] ES_OUT_RESET_PCR called
11:27:13.250 PM [player] buffering 0.0
[DBG] Buffering 0%
11:27:13.251 PM [player] buffering 0.0
[DBG] Buffering 5%
[DBG] Buffering 8%
[DBG] Buffering 11%
[DBG] Buffering 13%
[DBG] Buffering 16%
[DBG] Buffering 30%
[DBG] Buffering 31%
[DBG] Buffering 38%
[DBG] Buffering 40%
[DBG] Buffering 41%
[DBG] Received first picture
11:27:13.266 PM [framestep] nextFrameStepped result=0 time=19653 ms
[DBG] Buffering 45%
[DBG] Buffering 49%
[DBG] Buffering 50%
[DBG] Buffering 55%
[DBG] Buffering 58%
[DBG] Buffering 63%
[DBG] Buffering 66%
[DBG] Buffering 81%
[DBG] Buffering 88%
[DBG] Buffering 91%
[DBG] Buffering 95%
11:27:13.276 PM [player] buffering 1.0
[DBG] Stream buffering done (1001 ms in 25 ms)
[DBG] Decoder wait done in 0 ms
[ERR] ES_OUT_SET_(GROUP_)PCR  is called 8567 ms late (jitter of 8540 ms ignored)
[DBG] ES_OUT_RESET_PCR called
11:27:13.276 PM [player] buffering 0.0
11:27:13.277 PM [player] buffering 0.0
[DBG] Buffering 0%
[DBG] Buffering 2%
[DBG] Buffering 4%
[DBG] Buffering 8%
[DBG] Buffering 24%
[DBG] Buffering 29%
[DBG] Buffering 33%
[DBG] Buffering 36%
[DBG] Buffering 41%
[DBG] Buffering 43%
[DBG] Buffering 46%
[DBG] Received first picture
11:27:13.292 PM [framestep] nextFrameStepped result=0 time=19653 ms
[DBG] Buffering 50%
[DBG] Buffering 53%
[DBG] Buffering 55%
[DBG] Buffering 58%
[DBG] Buffering 72%
[DBG] Buffering 73%
[DBG] Buffering 80%
[DBG] Buffering 82%
[DBG] Buffering 83%
[DBG] Buffering 86%
[DBG] Buffering 91%
[DBG] Buffering 96%
[DBG] Stream buffering done (1001 ms in 24 ms)
11:27:13.301 PM [player] buffering 1.0
[DBG] Decoder wait done in 0 ms
[ERR] ES_OUT_SET_(GROUP_)PCR  is called 8592 ms late (jitter of 8567 ms ignored)
[DBG] ES_OUT_RESET_PCR called
11:27:13.301 PM [player] buffering 0.0
11:27:13.301 PM [player] buffering 0.0
[DBG] Buffering 0%
[DBG] Buffering 15%
[DBG] Buffering 21%
[DBG] Buffering 24%
[DBG] Buffering 25%
[DBG] Buffering 28%
[DBG] Buffering 33%
[DBG] Buffering 38%
[DBG] Buffering 41%
[DBG] Received first picture
11:27:13.309 PM [framestep] nextFrameStepped result=0 time=19653 ms
[DBG] Buffering 44%
[DBG] Buffering 46%
[DBG] Buffering 50%
[DBG] Buffering 66%
[DBG] Buffering 71%
[DBG] Buffering 75%
[DBG] Buffering 78%
[DBG] Buffering 83%
[DBG] Buffering 85%
[DBG] Buffering 88%
[DBG] Buffering 91%
[DBG] Buffering 95%
[DBG] Buffering 96%
11:27:13.323 PM [player] buffering 1.0
[DBG] Stream buffering done (1001 ms in 21 ms)
[DBG] Decoder wait done in 0 ms
[ERR] ES_OUT_SET_(GROUP_)PCR  is called 8523 ms late (jitter of 8567 ms ignored)
[DBG] ES_OUT_RESET_PCR called
11:27:13.326 PM [player] buffering 0.0
[DBG] Buffering 0%
11:27:13.327 PM [player] buffering 0.0
[DBG] Buffering 6%
[DBG] Buffering 8%
[DBG] Buffering 10%
[DBG] Buffering 13%
[DBG] Buffering 18%
[DBG] Buffering 23%
[DBG] Buffering 26%
[DBG] Buffering 31%
[DBG] Buffering 35%
[DBG] Buffering 50%
[DBG] Buffering 56%
[DBG] Buffering 60%
[DBG] Buffering 63%
[DBG] Buffering 68%
[DBG] Received first picture
11:27:13.341 PM [framestep] nextFrameStepped result=0 time=19653 ms
[DBG] Buffering 73%
[DBG] Buffering 76%
[DBG] Buffering 79%
[DBG] Buffering 81%
[DBG] Buffering 85%
11:27:13.348 PM [player] buffering 1.0
[DBG] Stream buffering done (1017 ms in 21 ms)
[DBG] Decoder wait done in 0 ms
[ERR] ES_OUT_SET_(GROUP_)PCR  is called 8624 ms late (jitter of 8592 ms ignored)
[DBG] ES_OUT_RESET_PCR called
11:27:13.350 PM [player] buffering 0.0
11:27:13.350 PM [player] buffering 0.0
[DBG] Buffering 0%
[DBG] Buffering 3%
[DBG] Buffering 8%
[DBG] Buffering 10%
[DBG] Buffering 13%
[DBG] Buffering 16%
[DBG] Buffering 20%
[DBG] Buffering 21%
[DBG] Buffering 25%
[DBG] Buffering 39%
[DBG] Buffering 40%
[DBG] Buffering 46%
[DBG] Buffering 49%
[DBG] Buffering 50%
[DBG] Received first picture
11:27:13.360 PM [framestep] nextFrameStepped result=0 time=19653 ms
[DBG] Buffering 53%
[DBG] Buffering 58%
[DBG] Buffering 63%
[DBG] Buffering 66%
[DBG] Buffering 71%
[DBG] Buffering 75%
[DBG] Buffering 90%
[DBG] Buffering 96%
[DBG] Stream buffering done (1001 ms in 23 ms)
11:27:13.373 PM [player] buffering 1.0
[DBG] Decoder wait done in 0 ms
[ERR] ES_OUT_SET_(GROUP_)PCR  is called 8681 ms late (jitter of 8624 ms ignored)
[DBG] ES_OUT_RESET_PCR called
11:27:13.374 PM [player] buffering 0.0
[DBG] Buffering 0%
11:27:13.374 PM [player] buffering 0.0
[DBG] Buffering 5%
[DBG] Buffering 8%
[DBG] Buffering 11%
[DBG] Buffering 13%
[DBG] Buffering 16%
[DBG] Buffering 30%
[DBG] Buffering 31%
[DBG] Buffering 38%
[DBG] Buffering 40%
[DBG] Buffering 41%
[DBG] Buffering 45%
[DBG] Buffering 49%
[DBG] Received first picture
11:27:13.384 PM [framestep] nextFrameStepped result=0 time=19653 ms
[DBG] Buffering 50%
[DBG] Buffering 55%
[DBG] Buffering 58%
[DBG] Buffering 63%
[DBG] Buffering 66%
[DBG] Buffering 81%
[DBG] Buffering 88%
[DBG] Buffering 91%
[DBG] Buffering 95%
[DBG] Stream buffering done (1001 ms in 17 ms)
11:27:13.392 PM [player] buffering 1.0
[DBG] Decoder wait done in 0 ms
[ERR] ES_OUT_SET_(GROUP_)PCR  is called 8685 ms late (jitter of 8681 ms ignored)
[DBG] ES_OUT_RESET_PCR called
11:27:13.394 PM [player] buffering 0.0
11:27:13.394 PM [player] buffering 0.0
[DBG] Buffering 0%
[DBG] Buffering 1%
[DBG] Buffering 5%
[DBG] Buffering 8%
[DBG] Buffering 24%
[DBG] Buffering 30%
[DBG] Buffering 33%
[DBG] Buffering 36%
[DBG] Buffering 41%
[DBG] Buffering 43%
[DBG] Buffering 46%
[DBG] Received first picture
11:27:13.402 PM [framestep] nextFrameStepped result=0 time=19653 ms
[DBG] Buffering 50%
[DBG] Buffering 53%
[DBG] Buffering 55%
[DBG] Buffering 58%
[DBG] Buffering 72%
[DBG] Buffering 73%
[DBG] Buffering 80%
[DBG] Buffering 81%
[DBG] Buffering 83%
[DBG] Buffering 86%
[DBG] Buffering 91%
[DBG] Buffering 96%
11:27:13.411 PM [player] buffering 1.0
[DBG] Stream buffering done (1001 ms in 16 ms)
[DBG] Decoder wait done in 0 ms
[ERR] ES_OUT_SET_(GROUP_)PCR  is called 8701 ms late (jitter of 8685 ms ignored)
[DBG] ES_OUT_RESET_PCR called
11:27:13.411 PM [player] buffering 0.0
11:27:13.411 PM [player] buffering 0.0
[DBG] Buffering 0%
[DBG] Buffering 15%
[DBG] Buffering 21%
[DBG] Buffering 24%
[DBG] Buffering 25%
[DBG] Buffering 28%
[DBG] Buffering 33%
[DBG] Received first picture
11:27:13.422 PM [framestep] nextFrameStepped result=0 time=19653 ms
[DBG] Buffering 38%
[DBG] Buffering 41%
[DBG] Buffering 43%
[DBG] Buffering 46%
[DBG] Buffering 50%
[DBG] Buffering 66%
[DBG] Buffering 71%
[DBG] Buffering 75%
[DBG] Buffering 78%
[DBG] Buffering 83%
[DBG] Buffering 85%
[DBG] Buffering 88%
[DBG] Buffering 91%
[DBG] Buffering 95%
[DBG] Buffering 96%
[DBG] Stream buffering done (1001 ms in 21 ms)
11:27:13.433 PM [player] buffering 1.0
[DBG] Decoder wait done in 0 ms
[ERR] ES_OUT_SET_(GROUP_)PCR  is called 8634 ms late (jitter of 8685 ms ignored)
[DBG] ES_OUT_RESET_PCR called
11:27:13.436 PM [player] buffering 0.0
[DBG] Buffering 0%
11:27:13.436 PM [player] buffering 0.0
[DBG] Buffering 6%
[DBG] Buffering 8%
[DBG] Buffering 9%
[DBG] Buffering 13%
[DBG] Buffering 18%
[DBG] Buffering 23%
[DBG] Buffering 26%
[DBG] Buffering 31%
[DBG] Buffering 35%
[DBG] Buffering 50%
[DBG] Buffering 56%
[DBG] Buffering 59%
[DBG] Buffering 60%
[DBG] Buffering 63%
[DBG] Buffering 68%
[DBG] Received first picture
11:27:13.444 PM [framestep] nextFrameStepped result=0 time=19653 ms
[DBG] Buffering 73%
[DBG] Buffering 76%
[DBG] Buffering 79%
[DBG] Buffering 81%
[DBG] Buffering 85%
[DBG] Stream buffering done (1015 ms in 17 ms)
11:27:13.454 PM [player] buffering 1.0
[DBG] Decoder wait done in 0 ms
[ERR] ES_OUT_SET_(GROUP_)PCR  is called 8729 ms late (jitter of 8701 ms ignored)
[DBG] ES_OUT_RESET_PCR called
11:27:13.455 PM [player] buffering 0.0
[DBG] Buffering 0%
11:27:13.455 PM [player] buffering 0.0
[DBG] Buffering 3%
[DBG] Buffering 8%
[DBG] Buffering 10%
[DBG] Buffering 13%
[DBG] Buffering 16%
[DBG] Buffering 20%
[DBG] Buffering 21%
[DBG] Buffering 25%
[DBG] Buffering 39%
[DBG] Buffering 40%
[DBG] Buffering 46%
[DBG] Buffering 49%
[DBG] Buffering 50%
[DBG] Buffering 53%
[DBG] Buffering 58%
[DBG] Received first picture
11:27:13.464 PM [framestep] nextFrameStepped result=0 time=19653 ms
[DBG] Buffering 63%
[DBG] Buffering 66%
[DBG] Buffering 71%
[DBG] Buffering 75%
[DBG] Buffering 90%
[DBG] Buffering 96%
11:27:13.476 PM [player] buffering 1.0
[DBG] Stream buffering done (1001 ms in 21 ms)
[DBG] Decoder wait done in 0 ms
[ERR] ES_OUT_SET_(GROUP_)PCR  is called 8784 ms late (jitter of 8729 ms ignored)
[DBG] ES_OUT_RESET_PCR called
11:27:13.476 PM [player] buffering 0.0
11:27:13.477 PM [player] buffering 0.0
[DBG] Buffering 0%
[DBG] Buffering 5%
[DBG] Buffering 8%
[DBG] Buffering 11%
[DBG] Buffering 13%
[DBG] Buffering 16%
[DBG] Buffering 30%
[DBG] Buffering 31%
[DBG] Buffering 38%
[DBG] Buffering 39%
[DBG] Buffering 41%
[DBG] Buffering 45%
[DBG] Buffering 49%
[DBG] Buffering 50%
[DBG] Received first picture
11:27:13.491 PM [framestep] nextFrameStepped result=0 time=19653 ms
[DBG] Buffering 55%
[DBG] Buffering 58%
[DBG] Buffering 63%
[DBG] Buffering 66%
[DBG] Buffering 81%
[DBG] Buffering 88%
[DBG] Buffering 91%
[DBG] Buffering 95%
11:27:13.497 PM [player] buffering 1.0
[DBG] Stream buffering done (1001 ms in 20 ms)
[DBG] Decoder wait done in 0 ms
[ERR] ES_OUT_SET_(GROUP_)PCR  is called 8788 ms late (jitter of 8784 ms ignored)
[DBG] ES_OUT_RESET_PCR called
11:27:13.497 PM [player] buffering 0.0
11:27:13.498 PM [player] buffering 0.0
[DBG] Buffering 0%
[DBG] Buffering 1%
[DBG] Buffering 4%
[DBG] Buffering 8%
[DBG] Buffering 24%
[DBG] Buffering 29%
[DBG] Buffering 33%
[DBG] Received first picture
11:27:13.503 PM [framestep] nextFrameStepped result=0 time=19653 ms
[DBG] Buffering 36%
[DBG] Buffering 41%
[DBG] Buffering 46%
[DBG] Buffering 50%
[DBG] Buffering 52%
[DBG] Buffering 55%
[DBG] Buffering 58%
[DBG] Buffering 72%
[DBG] Buffering 73%
[DBG] Buffering 80%
[DBG] Buffering 81%
[DBG] Buffering 83%
[DBG] Buffering 86%
[DBG] Buffering 91%
[DBG] Buffering 96%
11:27:13.516 PM [player] buffering 1.0
[DBG] Stream buffering done (1001 ms in 18 ms)
[DBG] Decoder wait done in 0 ms
[ERR] ES_OUT_SET_(GROUP_)PCR  is called 8807 ms late (jitter of 8788 ms ignored)
[DBG] ES_OUT_RESET_PCR called
11:27:13.516 PM [player] buffering 0.0
[DBG] Buffering 0%
11:27:13.517 PM [player] buffering 0.0
[DBG] Buffering 14%
[DBG] Buffering 21%
[DBG] Buffering 24%
[DBG] Buffering 25%
[DBG] Received first picture
11:27:13.520 PM [framestep] nextFrameStepped result=0 time=19653 ms
[DBG] Buffering 28%
[DBG] Buffering 33%
[DBG] Buffering 38%
[DBG] Buffering 41%
[DBG] Buffering 43%
[DBG] Buffering 46%
[DBG] Buffering 50%
[DBG] Buffering 66%
[DBG] Buffering 71%
[DBG] Buffering 75%
[DBG] Buffering 78%
[DBG] Buffering 83%
[DBG] Buffering 85%
[DBG] Buffering 88%
[DBG] Buffering 91%
[DBG] Buffering 94%
[DBG] Buffering 96%
[DBG] Stream buffering done (1001 ms in 11 ms)
11:27:13.528 PM [player] buffering 1.0
[DBG] Decoder wait done in 0 ms
[ERR] ES_OUT_SET_(GROUP_)PCR  is called 8732 ms late (jitter of 8788 ms ignored)
[DBG] ES_OUT_RESET_PCR called
11:27:13.531 PM [player] buffering 0.0
11:27:13.533 PM [player] buffering 0.0
[DBG] Buffering 0%
[DBG] Buffering 6%
[DBG] Buffering 8%
[DBG] Buffering 10%
[DBG] Buffering 13%
[DBG] Buffering 18%
[DBG] Buffering 23%
[DBG] Buffering 26%
[DBG] Buffering 31%
[DBG] Buffering 35%
[DBG] Buffering 50%
[DBG] Buffering 56%
[DBG] Buffering 59%
[DBG] Buffering 60%
[DBG] Received first picture
11:27:13.541 PM [framestep] nextFrameStepped result=0 time=19653 ms
[DBG] Buffering 63%
[DBG] Buffering 68%
[DBG] Buffering 73%
[DBG] Buffering 76%
[DBG] Buffering 79%
[DBG] Buffering 81%
[DBG] Buffering 85%
[DBG] Stream buffering done (1014 ms in 13 ms)
11:27:13.547 PM [player] buffering 1.0
[DBG] Decoder wait done in 0 ms
[ERR] ES_OUT_SET_(GROUP_)PCR  is called 8821 ms late (jitter of 8807 ms ignored)
[DBG] ES_OUT_RESET_PCR called
11:27:13.547 PM [player] buffering 0.0
11:27:13.547 PM [player] buffering 0.0
[DBG] Buffering 0%
[DBG] Buffering 3%
[DBG] Buffering 8%
[DBG] Buffering 10%
[DBG] Buffering 13%
[DBG] Buffering 16%
[DBG] Buffering 20%
[DBG] Buffering 21%
[DBG] Buffering 25%
[DBG] Buffering 39%
[DBG] Buffering 40%
[DBG] Buffering 46%
[DBG] Buffering 48%
[DBG] Buffering 50%
[DBG] Buffering 53%
[DBG] Buffering 58%
[DBG] Buffering 63%
[DBG] Received first picture
11:27:13.558 PM [framestep] nextFrameStepped result=0 time=19653 ms
[DBG] Buffering 66%
[DBG] Buffering 71%
[DBG] Buffering 75%
[DBG] Buffering 90%
[DBG] Buffering 96%
11:27:13.570 PM [player] buffering 1.0
[DBG] Stream buffering done (1001 ms in 22 ms)
[DBG] Decoder wait done in 0 ms
[ERR] ES_OUT_SET_(GROUP_)PCR  is called 8878 ms late (jitter of 8821 ms ignored)
[DBG] ES_OUT_RESET_PCR called
11:27:13.570 PM [player] buffering 0.0
11:27:13.571 PM [player] buffering 0.0
[DBG] Buffering 0%
[DBG] Buffering 5%
[DBG] Buffering 8%
[DBG] Buffering 10%
[DBG] Buffering 13%
[DBG] Buffering 16%
[DBG] Buffering 33%
[DBG] Buffering 38%
[DBG] Buffering 41%
[DBG] Buffering 45%
[DBG] Buffering 50%
[DBG] Buffering 52%
[DBG] Buffering 55%
[DBG] Received first picture
[DBG] Buffering 58%
11:27:13.578 PM [framestep] nextFrameStepped result=0 time=19653 ms
[DBG] Buffering 62%
[DBG] Buffering 63%
[DBG] Buffering 66%
[DBG] Buffering 81%
[DBG] Buffering 88%
[DBG] Buffering 90%
[DBG] Buffering 91%
[DBG] Buffering 95%
11:27:13.587 PM [player] buffering 1.0
[DBG] Stream buffering done (1001 ms in 16 ms)
[DBG] Decoder wait done in 0 ms
[ERR] ES_OUT_SET_(GROUP_)PCR  is called 8878 ms late (jitter of 8878 ms ignored)
[DBG] ES_OUT_RESET_PCR called
11:27:13.587 PM [player] buffering 0.0
11:27:13.588 PM [player] buffering 0.0
[DBG] Buffering 0%
[DBG] Buffering 5%
[DBG] Buffering 8%
[DBG] Buffering 24%
[DBG] Buffering 30%
[DBG] Buffering 33%
[DBG] Buffering 36%
[DBG] Received first picture
11:27:13.596 PM [framestep] nextFrameStepped result=0 time=19653 ms
[DBG] Buffering 41%
[DBG] Buffering 46%
[DBG] Buffering 50%
[DBG] Buffering 52%
[DBG] Buffering 55%
[DBG] Buffering 58%
[DBG] Buffering 72%
[DBG] Buffering 73%
[DBG] Buffering 80%
[DBG] Buffering 81%
[DBG] Buffering 83%
[DBG] Buffering 86%
[DBG] Buffering 91%
[DBG] Buffering 96%
[DBG] Stream buffering done (1001 ms in 15 ms)
11:27:13.603 PM [player] buffering 1.0
[DBG] Decoder wait done in 0 ms
[ERR] ES_OUT_SET_(GROUP_)PCR  is called 8893 ms late (jitter of 8878 ms ignored)
[DBG] ES_OUT_RESET_PCR called
11:27:13.603 PM [player] buffering 0.0
11:27:13.603 PM [player] buffering 0.0
[DBG] Buffering 0%
[DBG] Buffering 14%
[DBG] Buffering 15%
[DBG] Buffering 21%
[DBG] Buffering 24%
[DBG] Buffering 25%
[DBG] Buffering 28%
[DBG] Received first picture
11:27:13.609 PM [framestep] nextFrameStepped result=0 time=19653 ms
[DBG] Buffering 33%
[DBG] Buffering 38%
[DBG] Buffering 41%
[DBG] Buffering 43%
[DBG] Buffering 46%
[DBG] Buffering 50%
[DBG] Buffering 66%
[DBG] Buffering 71%
[DBG] Buffering 75%
[DBG] Buffering 78%
[DBG] Buffering 83%
[DBG] Buffering 85%
[DBG] Buffering 88%
[DBG] Buffering 91%
[DBG] Buffering 94%
[DBG] Buffering 96%
11:27:13.617 PM [player] buffering 1.0
[DBG] Stream buffering done (1001 ms in 13 ms)
[DBG] Decoder wait done in 0 ms
[ERR] ES_OUT_SET_(GROUP_)PCR  is called 8829 ms late (jitter of 8878 ms ignored)
[DBG] ES_OUT_RESET_PCR called
11:27:13.627 PM [player] buffering 0.0
11:27:13.628 PM [player] buffering 0.0
[DBG] Buffering 0%
[DBG] Buffering 6%
[DBG] Buffering 8%
[DBG] Buffering 9%
[DBG] Buffering 13%
[DBG] Buffering 18%
[DBG] Buffering 23%
[DBG] Buffering 26%
[DBG] Buffering 31%
[DBG] Buffering 35%
[DBG] Buffering 50%
[DBG] Buffering 56%
[DBG] Buffering 59%
[DBG] Buffering 60%
[DBG] Received first picture
11:27:13.635 PM [framestep] nextFrameStepped result=0 time=19653 ms
[DBG] Buffering 63%
[DBG] Buffering 68%
[DBG] Buffering 73%
[DBG] Buffering 76%
[DBG] Buffering 78%
[DBG] Buffering 81%
[DBG] Buffering 85%
[DBG] Stream buffering done (1012 ms in 10 ms)
11:27:13.639 PM [player] buffering 1.0
[DBG] Decoder wait done in 0 ms
[ERR] ES_OUT_SET_(GROUP_)PCR  is called 8915 ms late (jitter of 8893 ms ignored)
[DBG] ES_OUT_RESET_PCR called
11:27:13.641 PM [player] buffering 0.0
11:27:13.641 PM [player] buffering 0.0
[DBG] Buffering 0%
[DBG] Buffering 3%
[DBG] Buffering 8%
[DBG] Buffering 10%
[DBG] Buffering 13%
[DBG] Buffering 16%
[DBG] Buffering 20%
[DBG] Buffering 21%
[DBG] Buffering 25%
[DBG] Buffering 39%
[DBG] Buffering 40%
[DBG] Buffering 46%
[DBG] Buffering 48%
[DBG] Buffering 50%
[DBG] Buffering 53%
[DBG] Buffering 58%
[DBG] Buffering 63%
[DBG] Received first picture
11:27:13.656 PM [framestep] nextFrameStepped result=0 time=19653 ms
[DBG] Buffering 66%
[DBG] Buffering 71%
[DBG] Buffering 75%
[DBG] Buffering 90%
[DBG] Buffering 96%
11:27:13.665 PM [player] buffering 1.0
[DBG] Stream buffering done (1000 ms in 23 ms)
[DBG] Decoder wait done in 0 ms
[ERR] ES_OUT_SET_(GROUP_)PCR  is called 9005 ms late (jitter of 8915 ms ignored)
[DBG] ES_OUT_RESET_PCR called
11:27:13.665 PM [player] buffering 0.0
11:27:13.665 PM [player] buffering 0.0
[DBG] Buffering 0%
[DBG] Buffering 5%
[DBG] Buffering 10%
[DBG] Buffering 13%
[DBG] Buffering 15%
[DBG] Buffering 18%
[DBG] Buffering 21%
[DBG] Buffering 38%
[DBG] Buffering 43%
[DBG] Buffering 46%
[DBG] Buffering 50%
[DBG] Buffering 55%
[DBG] Buffering 57%
[DBG] Buffering 60%
[DBG] Received first picture
11:27:13.677 PM [framestep] nextFrameStepped result=0 time=19653 ms
[DBG] Buffering 63%
[DBG] Buffering 66%
[DBG] Buffering 68%
[DBG] Buffering 71%
[DBG] Buffering 86%
[DBG] Buffering 93%
[DBG] Buffering 95%
[DBG] Buffering 96%
11:27:13.685 PM [player] buffering 1.0
[DBG] Stream buffering done (1001 ms in 20 ms)
[DBG] Decoder wait done in 0 ms
[ERR] ES_OUT_SET_(GROUP_)PCR  is called 8975 ms late (jitter of 8975 ms ignored)
[DBG] ES_OUT_RESET_PCR called
11:27:13.685 PM [player] buffering 0.0
[DBG] Buffering 0%
11:27:13.685 PM [player] buffering 0.0
[DBG] Buffering 3%
[DBG] Buffering 8%
[DBG] Buffering 11%
[DBG] Buffering 27%
[DBG] Buffering 33%
[DBG] Buffering 36%
[DBG] Buffering 40%
[DBG] Buffering 45%
[DBG] Buffering 50%
[DBG] Received first picture
11:27:13.703 PM [framestep] nextFrameStepped result=0 time=19653 ms
[DBG] Buffering 53%
[DBG] Buffering 56%
[DBG] Buffering 58%
[DBG] Buffering 61%
[DBG] Buffering 75%
[DBG] Buffering 76%
[DBG] Buffering 83%
[DBG] Buffering 84%
[DBG] Buffering 86%
[DBG] Buffering 90%
[DBG] Buffering 94%
[DBG] Buffering 95%
[DBG] Stream buffering done (1001 ms in 26 ms)
11:27:13.712 PM [player] buffering 1.0
[DBG] Decoder wait done in 0 ms
[ERR] ES_OUT_SET_(GROUP_)PCR  is called 9020 ms late (jitter of 9005 ms ignored)
[DBG] ES_OUT_RESET_PCR called
11:27:13.713 PM [player] buffering 0.0
[DBG] Buffering 0%
11:27:13.713 PM [player] buffering 0.0
[DBG] Buffering 3%
[DBG] Buffering 18%
[DBG] Buffering 25%
[DBG] Buffering 27%
[DBG] Buffering 28%
[DBG] Buffering 31%
[DBG] Buffering 36%
[DBG] Received first picture
11:27:13.719 PM [framestep] nextFrameStepped result=0 time=19653 ms
[DBG] Buffering 41%
[DBG] Buffering 45%
[DBG] Buffering 50%
[DBG] Buffering 53%
[DBG] Buffering 69%
[DBG] Buffering 75%
[DBG] Buffering 78%
[DBG] Buffering 81%
[DBG] Buffering 86%
[DBG] Buffering 91%
[DBG] Buffering 95%
[DBG] Buffering 98%
[DBG] Stream buffering done (1001 ms in 18 ms)
11:27:13.732 PM [player] buffering 1.0
[DBG] Decoder wait done in 0 ms
[ERR] ES_OUT_SET_(GROUP_)PCR  is called 9038 ms late (jitter of 9020 ms ignored)
[DBG] ES_OUT_RESET_PCR called
11:27:13.732 PM [player] buffering 0.0
11:27:13.733 PM [player] buffering 0.0
[DBG] Buffering 0%
[DBG] Buffering 1%
[DBG] Buffering 7%
[DBG] Buffering 9%
[DBG] Buffering 11%
[DBG] Received first picture
11:27:13.736 PM [framestep] nextFrameStepped result=0 time=19653 ms
[DBG] Buffering 14%
[DBG] Buffering 19%
[DBG] Buffering 24%
[DBG] Buffering 27%
[DBG] Buffering 33%
[DBG] Buffering 36%
[DBG] Buffering 51%
[DBG] Buffering 57%
[DBG] Buffering 60%
[DBG] Buffering 61%
[DBG] Buffering 64%
[DBG] Buffering 69%
[DBG] Buffering 74%
[DBG] Buffering 78%
[DBG] Buffering 80%
[DBG] Buffering 83%
[DBG] Buffering 86%
11:27:13.749 PM [player] buffering 1.0
[DBG] Stream buffering done (1024 ms in 16 ms)
[DBG] Decoder wait done in 0 ms
[ERR] ES_OUT_SET_(GROUP_)PCR  is called 9013 ms late (jitter of 9020 ms ignored)
[DBG] ES_OUT_RESET_PCR called
11:27:13.751 PM [player] buffering 0.0
[DBG] Buffering 0%
11:27:13.753 PM [player] buffering 0.0
[DBG] Buffering 3%
[DBG] Buffering 8%
[DBG] Buffering 10%
[DBG] Buffering 13%
[DBG] Buffering 16%
[DBG] Buffering 19%
[DBG] Buffering 21%
[DBG] Buffering 25%
[DBG] Buffering 39%
[DBG] Buffering 40%
[DBG] Buffering 46%
[DBG] Buffering 48%
[DBG] Buffering 50%
[DBG] Buffering 53%
[DBG] Buffering 58%
[DBG] Buffering 63%
[DBG] Received first picture
11:27:13.764 PM [framestep] nextFrameStepped result=0 time=19653 ms
[DBG] Buffering 66%
[DBG] Buffering 71%
[DBG] Buffering 75%
[DBG] Buffering 90%
[DBG] Buffering 96%
[DBG] Buffering 99%
[DBG] Stream buffering done (1001 ms in 30 ms)
11:27:13.783 PM [player] buffering 1.0
[DBG] Decoder wait done in 0 ms
[ERR] ES_OUT_SET_(GROUP_)PCR  is called 9090 ms late (jitter of 9038 ms ignored)
[DBG] ES_OUT_RESET_PCR called
11:27:13.783 PM [player] buffering 0.0
[DBG] Buffering 0%
11:27:13.783 PM [player] buffering 0.0
[DBG] Buffering 5%
[DBG] Buffering 8%
[DBG] Buffering 10%
[DBG] Buffering 13%
[DBG] Buffering 16%
[DBG] Buffering 33%
[DBG] Buffering 38%
[DBG] Buffering 41%
[DBG] Buffering 45%
[DBG] Buffering 50%
[DBG] Buffering 52%
[DBG] Received first picture
11:27:13.792 PM [framestep] nextFrameStepped result=0 time=19653 ms
[DBG] Buffering 55%
[DBG] Buffering 58%
[DBG] Buffering 61%
[DBG] Buffering 63%
[DBG] Buffering 66%
[DBG] Buffering 81%
[DBG] Buffering 88%
[DBG] Buffering 90%
[DBG] Buffering 91%
[DBG] Buffering 95%
11:27:13.799 PM [player] buffering 1.0
[DBG] Stream buffering done (1001 ms in 15 ms)
[DBG] Decoder wait done in 0 ms
[ERR] ES_OUT_SET_(GROUP_)PCR  is called 9094 ms late (jitter of 9090 ms ignored)
[DBG] ES_OUT_RESET_PCR called
11:27:13.803 PM [player] buffering 0.0
11:27:13.805 PM [player] buffering 0.0
[DBG] Buffering 0%
[DBG] Buffering 5%
[DBG] Buffering 8%
[DBG] Buffering 23%
[DBG] Buffering 30%
[DBG] Buffering 33%
[DBG] Buffering 36%
[DBG] Buffering 41%
[DBG] Received first picture
11:27:13.810 PM [framestep] nextFrameStepped result=0 time=19653 ms
[DBG] Buffering 46%
[DBG] Buffering 50%
[DBG] Buffering 52%
[DBG] Buffering 55%
[DBG] Buffering 58%
[DBG] Buffering 74%
[DBG] Buffering 80%
[DBG] Buffering 83%
[DBG] Buffering 86%
[DBG] Buffering 91%
[DBG] Buffering 94%
[DBG] Buffering 96%
[DBG] Stream buffering done (1001 ms in 21 ms)
11:27:13.826 PM [player] buffering 1.0
[DBG] Decoder wait done in 0 ms
[ERR] ES_OUT_SET_(GROUP_)PCR  is called 9130 ms late (jitter of 9094 ms ignored)
[DBG] ES_OUT_RESET_PCR called
11:27:13.826 PM [player] buffering 0.0
[DBG] Buffering 0%
11:27:13.826 PM [player] buffering 0.0
[DBG] Buffering 3%
[DBG] Buffering 17%
[DBG] Buffering 18%
[DBG] Buffering 25%
[DBG] Buffering 27%
[DBG] Buffering 28%
[DBG] Buffering 31%
[DBG] Buffering 36%
[DBG] Buffering 41%
[DBG] Received first picture
11:27:13.833 PM [framestep] nextFrameStepped result=0 time=19653 ms
[DBG] Buffering 45%
[DBG] Buffering 50%
[DBG] Buffering 53%
[DBG] Buffering 69%
[DBG] Buffering 75%
[DBG] Buffering 78%
[DBG] Buffering 81%
[DBG] Buffering 86%
[DBG] Buffering 91%
[DBG] Buffering 95%
[DBG] Buffering 97%
11:27:13.840 PM [player] buffering 1.0
[DBG] Stream buffering done (1001 ms in 13 ms)
[DBG] Decoder wait done in 0 ms
[ERR] ES_OUT_SET_(GROUP_)PCR  is called 9148 ms late (jitter of 9130 ms ignored)
[DBG] ES_OUT_RESET_PCR called
11:27:13.841 PM [player] buffering 0.0
11:27:13.850 PM [player] buffering 0.0
[DBG] Buffering 0%
[DBG] Buffering 1%
[DBG] Buffering 8%
[DBG] Buffering 9%
[DBG] Buffering 11%
[DBG] Received first picture
11:27:13.853 PM [framestep] nextFrameStepped result=0 time=19653 ms
[DBG] Buffering 14%
[DBG] Buffering 19%
[DBG] Buffering 24%
[DBG] Buffering 28%
[DBG] Buffering 33%
[DBG] Buffering 36%
[DBG] Buffering 51%
[DBG] Buffering 58%
[DBG] Buffering 60%
[DBG] Buffering 61%
[DBG] Buffering 64%
[DBG] Buffering 69%
[DBG] Buffering 74%
[DBG] Buffering 78%
[DBG] Buffering 80%
[DBG] Buffering 83%
[DBG] Buffering 86%
11:27:13.865 PM [player] buffering 1.0
[DBG] Stream buffering done (1024 ms in 15 ms)
[DBG] Decoder wait done in 0 ms
[ERR] ES_OUT_SET_(GROUP_)PCR  is called 9126 ms late (jitter of 9130 ms ignored)
[DBG] ES_OUT_RESET_PCR called
11:27:13.867 PM [player] buffering 0.0
[DBG] Buffering 0%
11:27:13.867 PM [player] buffering 0.0
[DBG] Buffering 3%
[DBG] Buffering 8%
[DBG] Buffering 13%
[DBG] Buffering 16%
[DBG] Buffering 19%
[DBG] Buffering 21%
[DBG] Buffering 25%
[DBG] Buffering 38%
[DBG] Buffering 40%
[DBG] Buffering 46%
[DBG] Buffering 48%
[DBG] Buffering 50%
[DBG] Buffering 53%
[DBG] Buffering 58%
[DBG] Received first picture
11:27:13.882 PM [framestep] nextFrameStepped result=0 time=19653 ms
[DBG] Buffering 63%
[DBG] Buffering 66%
[DBG] Buffering 71%
[DBG] Buffering 75%
[DBG] Buffering 90%
[DBG] Buffering 96%
[DBG] Buffering 99%
[DBG] Stream buffering done (1001 ms in 24 ms)
11:27:13.891 PM [player] buffering 1.0
[DBG] Decoder wait done in 0 ms
[ERR] ES_OUT_SET_(GROUP_)PCR  is called 9199 ms late (jitter of 9148 ms ignored)
[DBG] ES_OUT_RESET_PCR called
11:27:13.892 PM [player] buffering 0.0
11:27:13.892 PM [player] buffering 0.0
[DBG] Buffering 0%
[DBG] Buffering 5%
[DBG] Buffering 8%
[DBG] Buffering 10%
[DBG] Buffering 13%
[DBG] Buffering 16%
[DBG] Buffering 32%
[DBG] Buffering 38%
[DBG] Buffering 41%
[DBG] Buffering 45%
[DBG] Buffering 50%
[DBG] Buffering 52%
[DBG] Buffering 55%
[DBG] Received first picture
11:27:13.901 PM [framestep] nextFrameStepped result=0 time=19653 ms
[DBG] Buffering 58%
[DBG] Buffering 61%
[DBG] Buffering 63%
[DBG] Buffering 66%
[DBG] Buffering 80%
[DBG] Buffering 81%
[DBG] Buffering 88%
[DBG] Buffering 90%
[DBG] Buffering 91%
[DBG] Buffering 95%
[DBG] Stream buffering done (1000 ms in 23 ms)
11:27:13.915 PM [player] buffering 1.0
[DBG] Decoder wait done in 0 ms
[ERR] ES_OUT_SET_(GROUP_)PCR  is called 9256 ms late (jitter of 9199 ms ignored)
[DBG] ES_OUT_RESET_PCR called
11:27:13.915 PM [player] buffering 0.0
[DBG] Buffering 0%
11:27:13.916 PM [player] buffering 0.0
[DBG] Buffering 3%
[DBG] Buffering 8%
[DBG] Buffering 11%
[DBG] Buffering 26%
[DBG] Buffering 33%
[DBG] Buffering 36%
[DBG] Buffering 40%
[DBG] Received first picture
[DBG] Buffering 45%
11:27:13.923 PM [framestep] nextFrameStepped result=0 time=19653 ms
[DBG] Buffering 50%
[DBG] Buffering 53%
[DBG] Buffering 55%
[DBG] Buffering 58%
[DBG] Buffering 61%
[DBG] Buffering 78%
[DBG] Buffering 83%
[DBG] Buffering 86%
[DBG] Buffering 90%
[DBG] Buffering 95%
[DBG] Buffering 97%
11:27:13.931 PM [player] buffering 1.0
[DBG] Stream buffering done (1001 ms in 15 ms)
[DBG] Decoder wait done in 0 ms
[ERR] ES_OUT_SET_(GROUP_)PCR  is called 9239 ms late (jitter of 9239 ms ignored)
[DBG] ES_OUT_RESET_PCR called
11:27:13.932 PM [player] buffering 0.0
11:27:13.932 PM [player] buffering 0.0
[DBG] Buffering 0%
[DBG] Buffering 1%
[DBG] Buffering 4%
[DBG] Buffering 19%
[DBG] Buffering 26%
[DBG] Buffering 28%
[DBG] Buffering 29%
[DBG] Received first picture
11:27:13.941 PM [framestep] nextFrameStepped result=0 time=19653 ms
[DBG] Buffering 33%
[DBG] Buffering 38%
[DBG] Buffering 43%
[DBG] Buffering 46%
[DBG] Buffering 51%
[DBG] Buffering 54%
[DBG] Buffering 70%
[DBG] Buffering 76%
[DBG] Buffering 79%
[DBG] Buffering 83%
[DBG] Buffering 88%
[DBG] Buffering 93%
[DBG] Buffering 96%
[DBG] Buffering 99%
[DBG] Stream buffering done (1016 ms in 20 ms)
11:27:13.953 PM [player] buffering 1.0
[DBG] Decoder wait done in 0 ms
[ERR] ES_OUT_SET_(GROUP_)PCR  is called 9245 ms late (jitter of 9245 ms ignored)
[DBG] ES_OUT_RESET_PCR called
11:27:13.953 PM [player] buffering 0.0
[DBG] Buffering 0%
11:27:13.956 PM [player] buffering 0.0
[DBG] Buffering 5%
[DBG] Buffering 8%
[DBG] Received first picture
11:27:13.959 PM [framestep] nextFrameStepped result=0 time=19653 ms
[DBG] Buffering 11%
[DBG] Buffering 16%
[DBG] Buffering 19%
[DBG] Buffering 21%
[DBG] Buffering 25%
[DBG] Buffering 28%
[DBG] Buffering 30%
[DBG] Buffering 33%
[DBG] Buffering 48%
[DBG] Buffering 55%
[DBG] Buffering 57%
[DBG] Buffering 58%
[DBG] Buffering 61%
[DBG] Buffering 66%
[DBG] Buffering 71%
[DBG] Buffering 75%
[DBG] Buffering 80%
[DBG] Buffering 83%
[DBG] Buffering 99%
11:27:13.985 PM [player] buffering 1.0
[DBG] Stream buffering done (1051 ms in 29 ms)
[DBG] Decoder wait done in 0 ms
[ERR] ES_OUT_SET_(GROUP_)PCR  is called 9242 ms late (jitter of 9242 ms ignored)
[DBG] ES_OUT_RESET_PCR called
11:27:13.985 PM [player] buffering 0.0
[DBG] Buffering 0%
11:27:13.987 PM [player] buffering 0.0
[DBG] Buffering 4%
[DBG] Buffering 9%
[DBG] Buffering 13%
[DBG] Buffering 16%
[DBG] Buffering 18%
[DBG] Buffering 21%
[DBG] Buffering 35%
[DBG] Buffering 36%
[DBG] Buffering 43%
[DBG] Buffering 44%
[DBG] Buffering 46%
[DBG] Buffering 50%
[DBG] Buffering 54%
[DBG] Buffering 55%
[DBG] Received first picture
11:27:13.996 PM [framestep] nextFrameStepped result=0 time=19653 ms
[DBG] Buffering 60%
[DBG] Buffering 63%
[DBG] Buffering 68%
[DBG] Buffering 71%
[DBG] Buffering 86%
[DBG] Buffering 93%
[DBG] Buffering 96%
[DBG] Stream buffering done (1001 ms in 16 ms)
11:27:14.003 PM [player] buffering 1.0
[DBG] Decoder wait done in 0 ms
[ERR] ES_OUT_SET_(GROUP_)PCR  is called 9294 ms late (jitter of 9245 ms ignored)
[DBG] ES_OUT_RESET_PCR called
11:27:14.004 PM [player] buffering 0.0
11:27:14.009 PM [player] buffering 0.0
[DBG] Buffering 0%
[DBG] Buffering 3%
[DBG] Buffering 5%
[DBG] Buffering 8%
[DBG] Buffering 11%
[DBG] Buffering 27%
[DBG] Buffering 33%
[DBG] Buffering 36%
[DBG] Buffering 40%
[DBG] Buffering 45%
[DBG] Buffering 46%
[DBG] Buffering 50%
[DBG] Received first picture
11:27:14.016 PM [framestep] nextFrameStepped result=0 time=19653 ms
[DBG] Buffering 53%
[DBG] Buffering 56%
[DBG] Buffering 58%
[DBG] Buffering 61%
[DBG] Buffering 75%
[DBG] Buffering 76%
[DBG] Buffering 83%
[DBG] Buffering 85%
[DBG] Buffering 86%
[DBG] Buffering 90%
[DBG] Buffering 94%
[DBG] Buffering 95%
11:27:14.028 PM [player] buffering 1.0
[DBG] Stream buffering done (1001 ms in 19 ms)
[DBG] Decoder wait done in 0 ms
[ERR] ES_OUT_SET_(GROUP_)PCR  is called 9337 ms late (jitter of 9294 ms ignored)
[DBG] ES_OUT_RESET_PCR called
11:27:14.030 PM [player] buffering 0.0
[DBG] Buffering 0%
11:27:14.030 PM [player] buffering 0.0
[DBG] Buffering 3%
[DBG] Buffering 18%
[DBG] Buffering 25%
[DBG] Buffering 28%
[DBG] Buffering 31%
[DBG] Buffering 36%
[DBG] Buffering 41%
[DBG] Received first picture
11:27:14.037 PM [framestep] nextFrameStepped result=0 time=19653 ms
[DBG] Buffering 45%
[DBG] Buffering 47%
[DBG] Buffering 50%
[DBG] Buffering 53%
[DBG] Buffering 69%
[DBG] Buffering 75%
[DBG] Buffering 78%
[DBG] Buffering 81%
[DBG] Buffering 86%
[DBG] Buffering 88%
[DBG] Buffering 91%
[DBG] Buffering 95%
[DBG] Buffering 98%
[DBG] Stream buffering done (1001 ms in 14 ms)
11:27:14.045 PM [player] buffering 1.0
[DBG] Decoder wait done in 0 ms
[ERR] ES_OUT_SET_(GROUP_)PCR  is called 9352 ms late (jitter of 9337 ms ignored)
[DBG] ES_OUT_RESET_PCR called
11:27:14.045 PM [player] buffering 0.0
11:27:14.053 PM [player] buffering 0.0
[DBG] Buffering 0%
[DBG] Buffering 7%
[DBG] Buffering 9%
[DBG] Buffering 10%
[DBG] Buffering 14%
[DBG] Buffering 19%
[DBG] Buffering 24%
[DBG] Received first picture
11:27:14.057 PM [framestep] nextFrameStepped result=0 time=19653 ms
[DBG] Buffering 27%
[DBG] Buffering 32%
[DBG] Buffering 35%
[DBG] Buffering 51%
[DBG] Buffering 57%
[DBG] Buffering 60%
[DBG] Buffering 64%
[DBG] Buffering 69%
[DBG] Buffering 74%
[DBG] Buffering 77%
[DBG] Buffering 80%
[DBG] Buffering 82%
[DBG] Buffering 85%
11:27:14.070 PM [player] buffering 1.0
[DBG] Stream buffering done (1024 ms in 16 ms)
[DBG] Decoder wait done in 0 ms
[ERR] ES_OUT_SET_(GROUP_)PCR  is called 9337 ms late (jitter of 9337 ms ignored)
[DBG] ES_OUT_RESET_PCR called
11:27:14.072 PM [player] buffering 0.0
[DBG] Buffering 0%
11:27:14.072 PM [player] buffering 0.0
[DBG] Buffering 3%
[DBG] Buffering 8%
[DBG] Buffering 10%
[DBG] Buffering 13%
[DBG] Buffering 16%
[DBG] Buffering 20%
[DBG] Buffering 21%
[DBG] Buffering 25%
[DBG] Buffering 39%
[DBG] Buffering 40%
[DBG] Received first picture
11:27:14.088 PM [framestep] nextFrameStepped result=0 time=19653 ms
[DBG] Buffering 46%
[DBG] Buffering 49%
[DBG] Buffering 50%
[DBG] Buffering 53%
[DBG] Buffering 58%
[DBG] Buffering 63%
[DBG] Buffering 66%
[DBG] Buffering 71%
[DBG] Buffering 75%
[DBG] Buffering 90%
[DBG] Buffering 96%
11:27:14.096 PM [player] buffering 1.0
[DBG] Stream buffering done (1001 ms in 24 ms)
[DBG] Decoder wait done in 0 ms
[ERR] ES_OUT_SET_(GROUP_)PCR  is called 9404 ms late (jitter of 9352 ms ignored)
[DBG] ES_OUT_RESET_PCR called
11:27:14.097 PM [player] buffering 0.0
11:27:14.097 PM [player] buffering 0.0
[DBG] Buffering 0%
[DBG] Buffering 5%
[DBG] Buffering 8%
[DBG] Buffering 11%
[DBG] Buffering 13%
[DBG] Buffering 16%
[DBG] Buffering 30%
[DBG] Buffering 31%
[DBG] Buffering 38%
[DBG] Buffering 39%
[DBG] Buffering 41%
[DBG] Received first picture
11:27:14.108 PM [framestep] nextFrameStepped result=0 time=19653 ms
[DBG] Buffering 45%
[DBG] Buffering 49%
[DBG] Buffering 50%
[DBG] Buffering 55%
[DBG] Buffering 58%
[DBG] Buffering 63%
[DBG] Buffering 66%
[DBG] Buffering 81%
[DBG] Buffering 88%
[DBG] Buffering 91%
[DBG] Buffering 95%
11:27:14.117 PM [player] buffering 1.0
[DBG] Stream buffering done (1001 ms in 19 ms)
[DBG] Decoder wait done in 0 ms
[ERR] ES_OUT_SET_(GROUP_)PCR  is called 9408 ms late (jitter of 9404 ms ignored)
[DBG] ES_OUT_RESET_PCR called
11:27:14.117 PM [player] buffering 0.0
11:27:14.117 PM [player] buffering 0.0
[DBG] Buffering 0%
[DBG] Buffering 1%
[DBG] Buffering 4%
[DBG] Buffering 8%
[DBG] Buffering 24%
[DBG] Buffering 29%
[DBG] Buffering 33%
[DBG] Received first picture
11:27:14.123 PM [framestep] nextFrameStepped result=0 time=19653 ms
[DBG] Buffering 36%
[DBG] Buffering 41%
[DBG] Buffering 46%
[DBG] Buffering 50%
[DBG] Buffering 52%
[DBG] Buffering 55%
[DBG] Buffering 58%
[DBG] Buffering 72%
[DBG] Buffering 73%
[DBG] Buffering 80%
[DBG] Buffering 81%
[DBG] Buffering 83%
[DBG] Buffering 86%
[DBG] Buffering 91%
[DBG] Buffering 96%
[DBG] Stream buffering done (1001 ms in 28 ms)
11:27:14.145 PM [player] buffering 1.0
[DBG] Decoder wait done in 0 ms
[ERR] ES_OUT_SET_(GROUP_)PCR  is called 9436 ms late (jitter of 9408 ms ignored)
[DBG] ES_OUT_RESET_PCR called
11:27:14.146 PM [player] buffering 0.0
[DBG] Buffering 0%
11:27:14.146 PM [player] buffering 0.0
[DBG] Buffering 14%
[DBG] Buffering 21%
[DBG] Buffering 24%
[DBG] Buffering 25%
[DBG] Buffering 28%
[DBG] Received first picture
11:27:14.151 PM [framestep] nextFrameStepped result=0 time=19653 ms
[DBG] Buffering 33%
[DBG] Buffering 38%
[DBG] Buffering 41%
[DBG] Buffering 43%
[DBG] Buffering 46%
[DBG] Buffering 50%
[DBG] Buffering 66%
[DBG] Buffering 71%
[DBG] Buffering 75%
[DBG] Buffering 78%
[DBG] Buffering 83%
[DBG] Buffering 85%
[DBG] Buffering 88%
[DBG] Buffering 91%
[DBG] Buffering 94%
[DBG] Buffering 96%
[DBG] Stream buffering done (1001 ms in 19 ms)
11:27:14.166 PM [player] buffering 1.0
[DBG] Decoder wait done in 0 ms
[ERR] ES_OUT_SET_(GROUP_)PCR  is called 9374 ms late (jitter of 9408 ms ignored)
[DBG] ES_OUT_RESET_PCR called
11:27:14.173 PM [player] buffering 0.0
[DBG] Buffering 0%
11:27:14.175 PM [player] buffering 0.0
[DBG] Buffering 6%
[DBG] Buffering 8%
[DBG] Buffering 10%
[DBG] Buffering 13%
[DBG] Buffering 18%
[DBG] Buffering 23%
[DBG] Buffering 26%
[DBG] Buffering 31%
[DBG] Buffering 35%
[DBG] Buffering 50%
[DBG] Buffering 56%
[DBG] Buffering 59%
[DBG] Buffering 60%
[DBG] Buffering 63%
[DBG] Buffering 68%
[DBG] Received first picture
11:27:14.192 PM [framestep] nextFrameStepped result=0 time=19653 ms
[DBG] Buffering 73%
[DBG] Buffering 76%
[DBG] Buffering 79%
[DBG] Buffering 81%
[DBG] Buffering 85%
11:27:14.195 PM [player] buffering 1.0
[DBG] Stream buffering done (1014 ms in 19 ms)
[DBG] Decoder wait done in 0 ms
[ERR] ES_OUT_SET_(GROUP_)PCR  is called 9471 ms late (jitter of 9436 ms ignored)
[DBG] ES_OUT_RESET_PCR called
11:27:14.197 PM [player] buffering 0.0
11:27:14.197 PM [player] buffering 0.0
[DBG] Buffering 0%
[DBG] Buffering 3%
[DBG] Buffering 8%
[DBG] Buffering 10%
[DBG] Buffering 13%
[DBG] Buffering 16%
[DBG] Buffering 20%
[DBG] Buffering 21%
[DBG] Buffering 25%
[DBG] Buffering 39%
[DBG] Buffering 40%
[DBG] Buffering 46%
[DBG] Buffering 48%
[DBG] Buffering 50%
[DBG] Buffering 53%
[DBG] Buffering 58%
[DBG] Received first picture
11:27:14.207 PM [framestep] nextFrameStepped result=0 time=19653 ms
[DBG] Buffering 63%
[DBG] Buffering 66%
[DBG] Buffering 71%
[DBG] Buffering 75%
[DBG] Buffering 90%
[DBG] Buffering 96%
[DBG] Stream buffering done (1001 ms in 21 ms)
11:27:14.219 PM [player] buffering 1.0
[DBG] Decoder wait done in 0 ms
[ERR] ES_OUT_SET_(GROUP_)PCR  is called 9527 ms late (jitter of 9471 ms ignored)
[DBG] ES_OUT_RESET_PCR called
11:27:14.220 PM [player] buffering 0.0
11:27:14.220 PM [player] buffering 0.0
[DBG] Buffering 0%
[DBG] Buffering 5%
[DBG] Buffering 8%
[DBG] Buffering 10%
[DBG] Buffering 13%
[DBG] Buffering 16%
[DBG] Buffering 33%
[DBG] Buffering 38%
[DBG] Buffering 41%
[DBG] Buffering 45%
[DBG] Buffering 50%
[DBG] Buffering 52%
[DBG] Buffering 55%
[DBG] Received first picture
11:27:14.231 PM [framestep] nextFrameStepped result=0 time=19653 ms
[DBG] Buffering 58%
[DBG] Buffering 62%
[DBG] Buffering 63%
[DBG] Buffering 66%
[DBG] Buffering 81%
[DBG] Buffering 88%
[DBG] Buffering 90%
[DBG] Buffering 91%
[DBG] Buffering 95%
11:27:14.238 PM [player] buffering 1.0
[DBG] Stream buffering done (1001 ms in 18 ms)
[DBG] Decoder wait done in 0 ms
[ERR] ES_OUT_SET_(GROUP_)PCR  is called 9530 ms late (jitter of 9527 ms ignored)
[DBG] ES_OUT_RESET_PCR called
11:27:14.239 PM [player] buffering 0.0
11:27:14.240 PM [player] buffering 0.0
[DBG] Buffering 0%
[DBG] Buffering 5%
[DBG] Buffering 8%
[DBG] Buffering 24%
[DBG] Buffering 30%
[DBG] Buffering 33%
[DBG] Buffering 36%
[DBG] Buffering 41%
[DBG] Buffering 46%
[DBG] Received first picture
11:27:14.247 PM [framestep] nextFrameStepped result=0 time=19653 ms
[DBG] Buffering 50%
[DBG] Buffering 52%
[DBG] Buffering 55%
[DBG] Buffering 58%
[DBG] Buffering 72%
[DBG] Buffering 73%
[DBG] Buffering 80%
[DBG] Buffering 81%
[DBG] Buffering 83%
[DBG] Buffering 86%
[DBG] Buffering 91%
[DBG] Buffering 96%
[DBG] Stream buffering done (1001 ms in 16 ms)
11:27:14.257 PM [player] buffering 1.0
[DBG] Decoder wait done in 0 ms
[ERR] ES_OUT_SET_(GROUP_)PCR  is called 9549 ms late (jitter of 9530 ms ignored)
[DBG] ES_OUT_RESET_PCR called
11:27:14.259 PM [player] buffering 0.0
11:27:14.259 PM [player] buffering 0.0
[DBG] Buffering 0%
[DBG] Buffering 14%
[DBG] Buffering 15%
[DBG] Buffering 21%
[DBG] Buffering 24%
[DBG] Buffering 25%
[DBG] Received first picture
11:27:14.263 PM [framestep] nextFrameStepped result=0 time=19653 ms
[DBG] Buffering 28%
[DBG] Buffering 33%
[DBG] Buffering 38%
[DBG] Buffering 41%
[DBG] Buffering 43%
[DBG] Buffering 46%
[DBG] Buffering 50%
[DBG] Buffering 66%
[DBG] Buffering 71%
[DBG] Buffering 75%
[DBG] Buffering 78%
[DBG] Buffering 83%
[DBG] Buffering 85%
[DBG] Buffering 88%
[DBG] Buffering 91%
[DBG] Buffering 94%
[DBG] Buffering 96%
11:27:14.291 PM [player] buffering 1.0
[DBG] Stream buffering done (1001 ms in 31 ms)
[DBG] Decoder wait done in 0 ms
[ERR] ES_OUT_SET_(GROUP_)PCR  is called 9495 ms late (jitter of 9530 ms ignored)
[DBG] ES_OUT_RESET_PCR called
11:27:14.293 PM [player] buffering 0.0
[DBG] Buffering 0%
11:27:14.295 PM [player] buffering 0.0
[DBG] Buffering 6%
[DBG] Buffering 8%
[DBG] Buffering 9%
[DBG] Buffering 13%
[DBG] Buffering 18%
[DBG] Buffering 23%
[DBG] Buffering 26%
[DBG] Buffering 31%
[DBG] Buffering 35%
[DBG] Buffering 50%
[DBG] Received first picture
11:27:14.309 PM [framestep] nextFrameStepped result=0 time=19653 ms
[DBG] Buffering 56%
[DBG] Buffering 59%
[DBG] Buffering 60%
[DBG] Buffering 63%
[DBG] Buffering 68%
[DBG] Buffering 73%
[DBG] Buffering 76%
[DBG] Buffering 78%
[DBG] Buffering 81%
[DBG] Buffering 85%
[DBG] Stream buffering done (1012 ms in 28 ms)
11:27:14.323 PM [player] buffering 1.0
[DBG] Decoder wait done in 0 ms
[ERR] ES_OUT_SET_(GROUP_)PCR  is called 9601 ms late (jitter of 9549 ms ignored)
[DBG] ES_OUT_RESET_PCR called
11:27:14.326 PM [player] buffering 0.0
11:27:14.327 PM [player] buffering 0.0
[DBG] Buffering 0%
[DBG] Buffering 3%
[DBG] Buffering 8%
[DBG] Buffering 10%
[DBG] Buffering 13%
[DBG] Buffering 16%
[DBG] Buffering 20%
[DBG] Buffering 21%
[DBG] Buffering 25%
[DBG] Buffering 39%
[DBG] Buffering 40%
[DBG] Buffering 46%
[DBG] Buffering 48%
[DBG] Buffering 50%
[DBG] Buffering 53%
[DBG] Buffering 58%
[DBG] Buffering 63%
[DBG] Buffering 66%
[DBG] Buffering 71%
[DBG] Buffering 75%
[DBG] Received first picture
11:27:14.340 PM [framestep] nextFrameStepped result=0 time=19653 ms
[DBG] Buffering 90%
[DBG] Buffering 96%
[DBG] Stream buffering done (1000 ms in 25 ms)
11:27:14.352 PM [player] buffering 1.0
[DBG] Decoder wait done in 0 ms
[ERR] ES_OUT_SET_(GROUP_)PCR  is called 9693 ms late (jitter of 9601 ms ignored)
[DBG] ES_OUT_RESET_PCR called
11:27:14.353 PM [player] buffering 0.0
11:27:14.355 PM [player] buffering 0.0
[DBG] Buffering 0%
[DBG] Buffering 5%
[DBG] Buffering 10%
[DBG] Buffering 13%
[DBG] Buffering 15%
[DBG] Buffering 18%
[DBG] Buffering 21%
[DBG] Buffering 38%
[DBG] Buffering 43%
[DBG] Buffering 46%
[DBG] Buffering 50%
[DBG] Buffering 55%
[DBG] Buffering 57%
[DBG] Buffering 60%
[DBG] Received first picture
11:27:14.364 PM [framestep] nextFrameStepped result=0 time=19653 ms
[DBG] Buffering 63%
[DBG] Buffering 66%
[DBG] Buffering 68%
[DBG] Buffering 71%
[DBG] Buffering 86%
[DBG] Buffering 93%
[DBG] Buffering 95%
[DBG] Buffering 96%
11:27:14.374 PM [player] buffering 1.0
[DBG] Stream buffering done (1001 ms in 18 ms)
[DBG] Decoder wait done in 0 ms
[ERR] ES_OUT_SET_(GROUP_)PCR  is called 9664 ms late (jitter of 9664 ms ignored)
[DBG] ES_OUT_RESET_PCR called
11:27:14.374 PM [player] buffering 0.0
[DBG] Buffering 0%
11:27:14.375 PM [player] buffering 0.0
[DBG] Buffering 3%
[DBG] Buffering 8%
[DBG] Buffering 11%
[DBG] Buffering 27%
[DBG] Buffering 33%
[DBG] Buffering 36%
[DBG] Received first picture
11:27:14.383 PM [framestep] nextFrameStepped result=0 time=19653 ms
[DBG] Buffering 40%
[DBG] Buffering 45%
[DBG] Buffering 50%
[DBG] Buffering 53%
[DBG] Buffering 56%
[DBG] Buffering 58%
[DBG] Buffering 61%
[DBG] Buffering 75%
[DBG] Buffering 76%
[DBG] Buffering 83%
[DBG] Buffering 84%
[DBG] Buffering 86%
[DBG] Buffering 90%
[DBG] Buffering 94%
[DBG] Buffering 95%
[DBG] Stream buffering done (1001 ms in 32 ms)
11:27:14.408 PM [player] buffering 1.0
[DBG] Decoder wait done in 0 ms
[ERR] ES_OUT_SET_(GROUP_)PCR  is called 9717 ms late (jitter of 9693 ms ignored)
[DBG] ES_OUT_RESET_PCR called
11:27:14.410 PM [player] buffering 0.0
11:27:14.410 PM [player] buffering 0.0
[DBG] Buffering 0%
[DBG] Buffering 3%
[DBG] Buffering 18%
[DBG] Buffering 25%
[DBG] Buffering 27%
[DBG] Buffering 28%
[DBG] Buffering 31%
[DBG] Buffering 36%
[DBG] Buffering 41%
[DBG] Buffering 45%
[DBG] Buffering 50%
[DBG] Received first picture
11:27:14.417 PM [framestep] nextFrameStepped result=0 time=19653 ms
[DBG] Buffering 53%
[DBG] Buffering 69%
[DBG] Buffering 75%
[DBG] Buffering 78%
[DBG] Buffering 81%
[DBG] Buffering 86%
[DBG] Buffering 91%
[DBG] Buffering 95%
[DBG] Buffering 98%
11:27:14.429 PM [player] buffering 1.0
[DBG] Stream buffering done (1001 ms in 18 ms)
[DBG] Decoder wait done in 0 ms
[ERR] ES_OUT_SET_(GROUP_)PCR  is called 9736 ms late (jitter of 9717 ms ignored)
[DBG] ES_OUT_RESET_PCR called
11:27:14.429 PM [player] buffering 0.0
11:27:14.431 PM [player] buffering 0.0
[DBG] Buffering 0%
[DBG] Buffering 1%
[DBG] Buffering 7%
[DBG] Buffering 9%
[DBG] Buffering 11%
[DBG] Received first picture
11:27:14.436 PM [framestep] nextFrameStepped result=0 time=19653 ms
[DBG] Buffering 14%
[DBG] Buffering 19%
[DBG] Buffering 24%
[DBG] Buffering 27%
[DBG] Buffering 33%
[DBG] Buffering 36%
[DBG] Buffering 51%
[DBG] Buffering 57%
[DBG] Buffering 60%
[DBG] Buffering 61%
[DBG] Buffering 64%
[DBG] Buffering 69%
[DBG] Buffering 74%
[DBG] Buffering 78%
[DBG] Buffering 80%
[DBG] Buffering 83%
[DBG] Buffering 86%
11:27:14.451 PM [player] buffering 1.0
[DBG] Stream buffering done (1024 ms in 19 ms)
[DBG] Decoder wait done in 0 ms
[ERR] ES_OUT_SET_(GROUP_)PCR  is called 9724 ms late (jitter of 9724 ms ignored)
[DBG] ES_OUT_RESET_PCR called
11:27:14.462 PM [player] buffering 0.0
[DBG] Buffering 0%
11:27:14.463 PM [player] buffering 0.0
[DBG] Buffering 3%
[DBG] Buffering 8%
[DBG] Buffering 10%
[DBG] Buffering 13%
[DBG] Buffering 16%
[DBG] Buffering 19%
[DBG] Buffering 21%
[DBG] Buffering 25%
[DBG] Buffering 39%
[DBG] Buffering 40%
[DBG] Buffering 46%
[DBG] Buffering 48%
[DBG] Buffering 50%
[DBG] Buffering 53%
[DBG] Buffering 58%
[DBG] Buffering 63%
[DBG] Buffering 66%
[DBG] Buffering 71%
[DBG] Received first picture
11:27:14.470 PM [framestep] nextFrameStepped result=0 time=19653 ms
[DBG] Buffering 75%
[DBG] Buffering 90%
[DBG] Buffering 96%
[DBG] Buffering 99%
[DBG] Stream buffering done (1001 ms in 21 ms)
11:27:14.484 PM [player] buffering 1.0
[DBG] Decoder wait done in 0 ms
[ERR] ES_OUT_SET_(GROUP_)PCR  is called 9791 ms late (jitter of 9736 ms ignored)
[DBG] ES_OUT_RESET_PCR called
11:27:14.484 PM [player] buffering 0.0
11:27:14.484 PM [player] buffering 0.0
[DBG] Buffering 0%
[DBG] Buffering 5%
[DBG] Buffering 8%
[DBG] Buffering 10%
[DBG] Buffering 13%
[DBG] Buffering 16%
[DBG] Buffering 33%
[DBG] Buffering 38%
[DBG] Buffering 41%
[DBG] Buffering 45%
[DBG] Buffering 50%
[DBG] Received first picture
11:27:14.500 PM [framestep] nextFrameStepped result=0 time=19653 ms
[DBG] Buffering 52%
[DBG] Buffering 55%
[DBG] Buffering 58%
[DBG] Buffering 61%
[DBG] Buffering 63%
[DBG] Buffering 66%
[DBG] Buffering 81%
[DBG] Buffering 88%
[DBG] Buffering 90%
[DBG] Buffering 91%
[DBG] Buffering 95%
11:27:14.508 PM [player] buffering 1.0
[DBG] Stream buffering done (1001 ms in 23 ms)
[DBG] Decoder wait done in 0 ms
[ERR] ES_OUT_SET_(GROUP_)PCR  is called 9799 ms late (jitter of 9791 ms ignored)
[DBG] ES_OUT_RESET_PCR called
11:27:14.508 PM [player] buffering 0.0
[DBG] Buffering 0%
11:27:14.510 PM [player] buffering 0.0
[DBG] Buffering 5%
[DBG] Buffering 8%
[DBG] Buffering 23%
[DBG] Buffering 30%
[DBG] Buffering 33%
[DBG] Buffering 36%
[DBG] Buffering 41%
[DBG] Received first picture
11:27:14.519 PM [framestep] nextFrameStepped result=0 time=19653 ms
[DBG] Buffering 46%
[DBG] Buffering 50%
[DBG] Buffering 52%
[DBG] Buffering 55%
[DBG] Buffering 58%
[DBG] Buffering 74%
[DBG] Buffering 80%
[DBG] Buffering 83%
[DBG] Buffering 86%
[DBG] Buffering 91%
[DBG] Buffering 94%
[DBG] Buffering 96%
11:27:14.532 PM [player] buffering 1.0
[DBG] Stream buffering done (1001 ms in 22 ms)
[DBG] Decoder wait done in 0 ms
[ERR] ES_OUT_SET_(GROUP_)PCR  is called 9836 ms late (jitter of 9799 ms ignored)
[DBG] ES_OUT_RESET_PCR called
11:27:14.532 PM [player] buffering 0.0
[DBG] Buffering 0%
11:27:14.532 PM [player] buffering 0.0
[DBG] Buffering 3%
[DBG] Buffering 17%
[DBG] Buffering 18%
[DBG] Buffering 25%
[DBG] Buffering 27%
[DBG] Buffering 28%
[DBG] Buffering 31%
[DBG] Buffering 36%
[DBG] Buffering 41%
[DBG] Buffering 45%
[DBG] Received first picture
11:27:14.544 PM [framestep] nextFrameStepped result=0 time=19653 ms
[DBG] Buffering 50%
[DBG] Buffering 53%
[DBG] Buffering 69%
[DBG] Buffering 75%
[DBG] Buffering 78%
[DBG] Buffering 81%
[DBG] Buffering 86%
[DBG] Buffering 91%
[DBG] Buffering 95%
[DBG] Buffering 97%
[DBG] Stream buffering done (1001 ms in 20 ms)
11:27:14.553 PM [player] buffering 1.0
[DBG] Decoder wait done in 0 ms
[ERR] ES_OUT_SET_(GROUP_)PCR  is called 9861 ms late (jitter of 9836 ms ignored)
[DBG] ES_OUT_RESET_PCR called
11:27:14.554 PM [player] buffering 0.0
[DBG] Buffering 0%
11:27:14.556 PM [player] buffering 0.0
[DBG] Buffering 1%
[DBG] Buffering 8%
[DBG] Buffering 9%
[DBG] Received first picture
11:27:14.561 PM [framestep] nextFrameStepped result=0 time=19653 ms
[DBG] Buffering 11%
[DBG] Buffering 14%
[DBG] Buffering 19%
[DBG] Buffering 24%
[DBG] Buffering 28%
[DBG] Buffering 33%
[DBG] Buffering 36%
[DBG] Buffering 51%
[DBG] Buffering 58%
[DBG] Buffering 60%
[DBG] Buffering 61%
[DBG] Buffering 64%
[DBG] Buffering 69%
[DBG] Buffering 74%
[DBG] Buffering 78%
[DBG] Buffering 80%
[DBG] Buffering 83%
[DBG] Buffering 86%
11:27:14.576 PM [player] buffering 1.0
[DBG] Stream buffering done (1024 ms in 20 ms)
[DBG] Decoder wait done in 0 ms
[ERR] ES_OUT_SET_(GROUP_)PCR  is called 9840 ms late (jitter of 9840 ms ignored)
[DBG] ES_OUT_RESET_PCR called
11:27:14.580 PM [player] buffering 0.0
11:27:14.580 PM [player] buffering 0.0
[DBG] Buffering 0%
[DBG] Buffering 3%
[DBG] Buffering 8%
[DBG] Buffering 13%
[DBG] Buffering 16%
[DBG] Buffering 19%
[DBG] Buffering 21%
[DBG] Buffering 25%
[DBG] Buffering 38%
[DBG] Buffering 40%
[DBG] Received first picture
11:27:14.592 PM [framestep] nextFrameStepped result=0 time=19653 ms
[DBG] Buffering 46%
[DBG] Buffering 48%
[DBG] Buffering 50%
[DBG] Buffering 53%
[DBG] Buffering 58%
[DBG] Buffering 63%
[DBG] Buffering 66%
[DBG] Buffering 71%
[DBG] Buffering 75%
[DBG] Buffering 90%
[DBG] Buffering 96%
[DBG] Buffering 99%
11:27:14.607 PM [player] buffering 1.0
[DBG] Stream buffering done (1001 ms in 27 ms)
[DBG] Decoder wait done in 0 ms
[ERR] ES_OUT_SET_(GROUP_)PCR  is called 9915 ms late (jitter of 9861 ms ignored)
[DBG] ES_OUT_RESET_PCR called
11:27:14.608 PM [player] buffering 0.0
11:27:14.609 PM [player] buffering 0.0
[DBG] Buffering 0%
[DBG] Buffering 5%
[DBG] Buffering 8%
[DBG] Buffering 10%
[DBG] Buffering 13%
[DBG] Buffering 16%
[DBG] Buffering 32%
[DBG] Buffering 38%
[DBG] Buffering 41%
[DBG] Received first picture
11:27:14.629 PM [framestep] nextFrameStepped result=0 time=19653 ms
[DBG] Buffering 45%
[DBG] Buffering 50%
[DBG] Buffering 52%
[DBG] Buffering 55%
[DBG] Buffering 58%
[DBG] Buffering 61%
[DBG] Buffering 63%
[DBG] Buffering 66%
[DBG] Buffering 80%
[DBG] Buffering 81%
[DBG] Buffering 88%
[DBG] Buffering 90%
[DBG] Buffering 91%
[DBG] Buffering 95%
[DBG] Stream buffering done (1000 ms in 28 ms)
11:27:14.638 PM [player] buffering 1.0
[DBG] Decoder wait done in 0 ms
[ERR] ES_OUT_SET_(GROUP_)PCR  is called 9978 ms late (jitter of 9915 ms ignored)
[DBG] ES_OUT_RESET_PCR called
11:27:14.638 PM [player] buffering 0.0
11:27:14.638 PM [player] buffering 0.0
[DBG] Buffering 0%
[DBG] Buffering 3%
[DBG] Buffering 8%
[DBG] Buffering 11%
[DBG] Buffering 26%
[DBG] Buffering 33%
[DBG] Buffering 36%
[DBG] Buffering 40%
[DBG] Buffering 45%
[DBG] Received first picture
11:27:14.647 PM [framestep] nextFrameStepped result=0 time=19653 ms
[DBG] Buffering 50%
[DBG] Buffering 53%
[DBG] Buffering 55%
[DBG] Buffering 58%
[DBG] Buffering 61%
[DBG] Buffering 78%
[DBG] Buffering 83%
[DBG] Buffering 86%
[DBG] Buffering 90%
[DBG] Buffering 95%
[DBG] Buffering 97%
11:27:14.659 PM [player] buffering 1.0
[DBG] Stream buffering done (1001 ms in 20 ms)
[DBG] Decoder wait done in 0 ms
[ERR] ES_OUT_SET_(GROUP_)PCR  is called 9967 ms late (jitter of 9967 ms ignored)
[DBG] ES_OUT_RESET_PCR called
11:27:14.660 PM [player] buffering 0.0
11:27:14.660 PM [player] buffering 0.0
[DBG] Buffering 0%
[DBG] Buffering 1%
[DBG] Buffering 4%
[DBG] Buffering 19%
[DBG] Buffering 26%
[DBG] Buffering 28%
[DBG] Buffering 29%
[DBG] Buffering 33%
[DBG] Buffering 38%
[DBG] Received first picture
11:27:14.667 PM [framestep] nextFrameStepped result=0 time=19653 ms
[DBG] Buffering 43%
[DBG] Buffering 46%
[DBG] Buffering 51%
[DBG] Buffering 54%
[DBG] Buffering 70%
[DBG] Buffering 76%
[DBG] Buffering 79%
[DBG] Buffering 83%
[DBG] Buffering 88%
[DBG] Buffering 93%
[DBG] Buffering 96%
[DBG] Buffering 99%
11:27:14.677 PM [player] buffering 1.0
[DBG] Stream buffering done (1016 ms in 16 ms)
[DBG] Decoder wait done in 0 ms
[ERR] ES_OUT_SET_(GROUP_)PCR  is called 9968 ms late (jitter of 9968 ms ignored)
[DBG] ES_OUT_RESET_PCR called
11:27:14.677 PM [player] buffering 0.0
11:27:14.681 PM [player] buffering 0.0
[DBG] Buffering 0%
[DBG] Buffering 5%
[DBG] Buffering 8%
[DBG] Buffering 11%
[DBG] Buffering 16%
[DBG] Received first picture
11:27:14.684 PM [framestep] nextFrameStepped result=0 time=19653 ms
[DBG] Buffering 19%
[DBG] Buffering 21%
[DBG] Buffering 25%
[DBG] Buffering 28%
[DBG] Buffering 30%
[DBG] Buffering 33%
[DBG] Buffering 48%
[DBG] Buffering 55%
[DBG] Buffering 57%
[DBG] Buffering 58%
[DBG] Buffering 61%
[DBG] Buffering 66%
[DBG] Buffering 71%
[DBG] Buffering 75%
[DBG] Buffering 80%
[DBG] Buffering 83%
[DBG] Buffering 99%
11:27:14.715 PM [player] buffering 1.0
[DBG] Stream buffering done (1051 ms in 34 ms)
[DBG] Decoder wait done in 0 ms
[ERR] ES_OUT_SET_(GROUP_)PCR  is called 9972 ms late (jitter of 9968 ms ignored)
[DBG] ES_OUT_RESET_PCR called
11:27:14.715 PM [player] buffering 0.0
11:27:14.716 PM [player] buffering 0.0
[DBG] Buffering 0%
[DBG] Buffering 4%
[DBG] Buffering 9%
[DBG] Buffering 13%
[DBG] Buffering 16%
[DBG] Buffering 18%
[DBG] Buffering 21%
[DBG] Buffering 35%
[DBG] Buffering 36%
[DBG] Buffering 43%
[DBG] Buffering 44%
[DBG] Buffering 46%
[DBG] Buffering 50%
[DBG] Received first picture
11:27:14.724 PM [framestep] nextFrameStepped result=0 time=19653 ms
[DBG] Buffering 54%
[DBG] Buffering 55%
[DBG] Buffering 60%
[DBG] Buffering 63%
[DBG] Buffering 68%
[DBG] Buffering 71%
[DBG] Buffering 86%
[DBG] Buffering 93%
[DBG] Buffering 96%
11:27:14.735 PM [player] buffering 1.0
[DBG] Stream buffering done (1001 ms in 19 ms)
[DBG] Decoder wait done in 0 ms
[ERR] ES_OUT_SET_(GROUP_)PCR  is called 10026 ms late (jitter of 9972 ms ignored)
[DBG] ES_OUT_RESET_PCR called
11:27:14.735 PM [player] buffering 0.0
[DBG] Buffering 0%
11:27:14.735 PM [player] buffering 0.0
[DBG] Buffering 3%
[DBG] Buffering 5%
[DBG] Buffering 8%
[DBG] Buffering 11%
[DBG] Buffering 27%
[DBG] Buffering 33%
[DBG] Buffering 36%
[DBG] Received first picture
11:27:14.743 PM [framestep] nextFrameStepped result=0 time=19653 ms
[DBG] Buffering 40%
[DBG] Buffering 45%
[DBG] Buffering 46%
[DBG] Buffering 50%
[DBG] Buffering 53%
[DBG] Buffering 56%
[DBG] Buffering 58%
[DBG] Buffering 61%
[DBG] Buffering 75%
[DBG] Buffering 76%
[DBG] Buffering 83%
[DBG] Buffering 85%
[DBG] Buffering 86%
[DBG] Buffering 90%
[DBG] Buffering 94%
[DBG] Buffering 95%
11:27:14.750 PM [player] buffering 1.0
[DBG] Stream buffering done (1001 ms in 14 ms)
[DBG] Decoder wait done in 0 ms
[ERR] ES_OUT_SET_(GROUP_)PCR  is called 10059 ms late (jitter of 10026 ms ignored)
[DBG] ES_OUT_RESET_PCR called
11:27:14.752 PM [player] buffering 0.0
11:27:14.752 PM [player] buffering 0.0
[DBG] Buffering 0%
[DBG] Buffering 3%
[DBG] Buffering 18%
[DBG] Buffering 25%
[DBG] Buffering 28%
[DBG] Received first picture
11:27:14.760 PM [framestep] nextFrameStepped result=0 time=19653 ms
[DBG] Buffering 31%
[DBG] Buffering 36%
[DBG] Buffering 41%
[DBG] Buffering 45%
[DBG] Buffering 47%
[DBG] Buffering 50%
[DBG] Buffering 53%
[DBG] Buffering 69%
[DBG] Buffering 75%
[DBG] Buffering 78%
[DBG] Buffering 81%
[DBG] Buffering 86%
[DBG] Buffering 88%
[DBG] Buffering 91%
[DBG] Buffering 95%
[DBG] Buffering 98%
[DBG] Stream buffering done (1001 ms in 22 ms)
11:27:14.774 PM [player] buffering 1.0
[DBG] Decoder wait done in 0 ms
[ERR] ES_OUT_SET_(GROUP_)PCR  is called 10083 ms late (jitter of 10059 ms ignored)
[DBG] ES_OUT_RESET_PCR called
11:27:14.775 PM [player] buffering 0.0
11:27:14.780 PM [player] buffering 0.0
[DBG] Buffering 0%
[DBG] Buffering 7%
[DBG] Buffering 9%
[DBG] Buffering 10%
[DBG] Buffering 14%
[DBG] Buffering 19%
[DBG] Buffering 24%
[DBG] Received first picture
11:27:14.785 PM [framestep] nextFrameStepped result=0 time=19653 ms
[DBG] Buffering 27%
[DBG] Buffering 32%
[DBG] Buffering 35%
[DBG] Buffering 51%
[DBG] Buffering 57%
[DBG] Buffering 60%
[DBG] Buffering 64%
[DBG] Buffering 69%
[DBG] Buffering 74%
[DBG] Buffering 77%
[DBG] Buffering 80%
[DBG] Buffering 82%
[DBG] Buffering 85%
11:27:14.801 PM [player] buffering 1.0
[DBG] Stream buffering done (1024 ms in 20 ms)
[DBG] Decoder wait done in 0 ms
[ERR] ES_OUT_SET_(GROUP_)PCR  is called 10068 ms late (jitter of 10068 ms ignored)
[DBG] ES_OUT_RESET_PCR called
11:27:14.802 PM [player] buffering 0.0
11:27:14.803 PM [player] buffering 0.0
[DBG] Buffering 0%
[DBG] Buffering 3%
[DBG] Buffering 8%
[DBG] Buffering 10%
[DBG] Buffering 13%
[DBG] Buffering 16%
[DBG] Buffering 20%
[DBG] Buffering 21%
[DBG] Buffering 25%
[DBG] Buffering 39%
[DBG] Buffering 40%
[DBG] Buffering 46%
[DBG] Buffering 49%
[DBG] Buffering 50%
[DBG] Buffering 53%
[DBG] Buffering 58%
[DBG] Buffering 63%
[DBG] Received first picture
11:27:14.820 PM [framestep] nextFrameStepped result=0 time=19653 ms
[DBG] Buffering 66%
[DBG] Buffering 71%
[DBG] Buffering 75%
[DBG] Buffering 90%
[DBG] Buffering 96%
[DBG] Stream buffering done (1001 ms in 23 ms)
11:27:14.826 PM [player] buffering 1.0
[DBG] Decoder wait done in 0 ms
[ERR] ES_OUT_SET_(GROUP_)PCR  is called 10134 ms late (jitter of 10083 ms ignored)
[DBG] ES_OUT_RESET_PCR called
11:27:14.827 PM [player] buffering 0.0
[DBG] Buffering 0%
11:27:14.827 PM [player] buffering 0.0
[DBG] Buffering 5%
[DBG] Buffering 8%
[DBG] Buffering 11%
[DBG] Buffering 13%
[DBG] Buffering 16%
[DBG] Buffering 30%
[DBG] Buffering 31%
[DBG] Buffering 38%
[DBG] Buffering 39%
[DBG] Buffering 41%
[DBG] Received first picture
11:27:14.836 PM [framestep] nextFrameStepped result=0 time=19653 ms
[DBG] Buffering 45%
[DBG] Buffering 49%
[DBG] Buffering 50%
[DBG] Buffering 55%
[DBG] Buffering 58%
[DBG] Buffering 63%
[DBG] Buffering 66%
[DBG] Detected progressive video
[DBG] deinterlace -1, mode auto, is_needed 0
[DBG] Buffering 81%
[DBG] Buffering 88%
[DBG] Buffering 91%
[DBG] Buffering 95%
11:27:14.845 PM [player] buffering 1.0
[DBG] Stream buffering done (1001 ms in 18 ms)
[DBG] Decoder wait done in 0 ms
[ERR] ES_OUT_SET_(GROUP_)PCR  is called 10136 ms late (jitter of 10134 ms ignored)
[DBG] ES_OUT_RESET_PCR called
11:27:14.845 PM [player] buffering 0.0
11:27:14.845 PM [player] buffering 0.0
[DBG] Buffering 0%
[DBG] Buffering 1%
[DBG] Buffering 4%
[DBG] Buffering 8%
[DBG] Buffering 24%
[DBG] Buffering 29%
[DBG] Buffering 33%
[DBG] Buffering 36%
[DBG] Buffering 41%
[DBG] Buffering 46%
[DBG] Buffering 50%
[DBG] Buffering 52%
[DBG] Buffering 55%
[DBG] Buffering 58%
[DBG] Received first picture
11:27:14.858 PM [framestep] nextFrameStepped result=0 time=19653 ms
[DBG] removing "video filter" module "deinterlace"
[DBG] Filter 0x10cba0f00 removed from chain
[DBG] Buffering 72%
[DBG] Buffering 73%
[DBG] Buffering 80%
[DBG] Buffering 81%
[DBG] Buffering 83%
[DBG] Buffering 86%
[DBG] Buffering 91%
[DBG] Buffering 96%
11:27:14.864 PM [player] buffering 1.0
[DBG] Stream buffering done (1001 ms in 18 ms)
[DBG] Decoder wait done in 0 ms
[ERR] ES_OUT_SET_(GROUP_)PCR  is called 10155 ms late (jitter of 10136 ms ignored)
[DBG] ES_OUT_RESET_PCR called
11:27:14.864 PM [player] buffering 0.0
[DBG] Buffering 0%
11:27:14.864 PM [player] buffering 0.0
[DBG] Buffering 14%
[DBG] Buffering 21%
[DBG] Buffering 24%
[DBG] Buffering 25%
[DBG] Buffering 28%
[DBG] Buffering 33%
[DBG] Received first picture
11:27:14.872 PM [framestep] nextFrameStepped result=0 time=19653 ms
[DBG] Buffering 38%
[DBG] Buffering 41%
[DBG] Buffering 43%
[DBG] Buffering 46%
[DBG] Buffering 50%
[DBG] Buffering 66%
[DBG] Buffering 71%
[DBG] Buffering 75%
[DBG] Buffering 78%
[DBG] Buffering 83%
[DBG] Buffering 85%
[DBG] Buffering 88%
[DBG] Buffering 91%
[DBG] Buffering 94%
[DBG] Buffering 96%
[DBG] Stream buffering done (1001 ms in 22 ms)
11:27:14.887 PM [player] buffering 1.0
[DBG] Decoder wait done in 0 ms
[ERR] ES_OUT_SET_(GROUP_)PCR  is called 10090 ms late (jitter of 10136 ms ignored)
[DBG] ES_OUT_RESET_PCR called
11:27:14.889 PM [player] buffering 0.0
[DBG] Buffering 0%
11:27:14.891 PM [player] buffering 0.0
[DBG] Buffering 6%
[DBG] Buffering 8%
[DBG] Buffering 10%
[DBG] Buffering 13%
[DBG] Buffering 18%
[DBG] Buffering 23%
[DBG] Buffering 26%
[DBG] Buffering 31%
[DBG] Buffering 35%
[DBG] Buffering 50%
[DBG] Buffering 56%
[DBG] Buffering 59%
[DBG] Buffering 60%
[DBG] Buffering 63%
[DBG] Buffering 68%
[DBG] Received first picture
11:27:14.904 PM [framestep] nextFrameStepped result=0 time=19653 ms
[DBG] Buffering 73%
[DBG] Buffering 76%
[DBG] Buffering 79%
[DBG] Buffering 81%
[DBG] Buffering 85%
11:27:14.910 PM [player] buffering 1.0
[DBG] Stream buffering done (1014 ms in 19 ms)
[DBG] Decoder wait done in 0 ms
[ERR] ES_OUT_SET_(GROUP_)PCR  is called 10187 ms late (jitter of 10155 ms ignored)
[DBG] ES_OUT_RESET_PCR called
11:27:14.912 PM [player] buffering 0.0
11:27:14.913 PM [player] buffering 0.0
[DBG] Buffering 0%
[DBG] Buffering 3%
[DBG] Buffering 8%
[DBG] Buffering 10%
[DBG] Buffering 13%
[DBG] Buffering 16%
[DBG] Buffering 20%
[DBG] Buffering 21%
[DBG] Buffering 25%
[DBG] Buffering 39%
[DBG] Buffering 40%
[DBG] Buffering 46%
[DBG] Buffering 48%
[DBG] Buffering 50%
[DBG] Buffering 53%
[DBG] Buffering 58%
[DBG] Buffering 63%
[DBG] Received first picture
11:27:14.928 PM [framestep] nextFrameStepped result=0 time=19653 ms
[DBG] Buffering 66%
[DBG] Buffering 71%
[DBG] Buffering 75%
[DBG] Buffering 90%
[DBG] Buffering 96%
11:27:14.935 PM [player] buffering 1.0
[DBG] Stream buffering done (1001 ms in 22 ms)
[DBG] Decoder wait done in 0 ms
[ERR] ES_OUT_SET_(GROUP_)PCR  is called 10244 ms late (jitter of 10187 ms ignored)
[DBG] ES_OUT_RESET_PCR called
11:27:14.937 PM [player] buffering 0.0
11:27:14.937 PM [player] buffering 0.0
[DBG] Buffering 0%
[DBG] Buffering 5%
[DBG] not really pausing SPU
[DBG] Buffering 8%
[DBG] Buffering 10%
[DBG] Buffering 13%
[DBG] Buffering 16%
[DBG] Buffering 33%
[DBG] Buffering 38%
[DBG] Buffering 41%
[DBG] Buffering 45%
[DBG] Buffering 50%
[DBG] Buffering 52%
[DBG] Buffering 55%
[DBG] Buffering 58%
[DBG] Buffering 62%
[DBG] Buffering 63%
[DBG] Received first picture
11:27:14.955 PM [framestep] nextFrameStepped result=0 time=19653 ms
[DBG] Buffering 66%
[DBG] Buffering 81%
[DBG] Buffering 88%
[DBG] Buffering 90%
[DBG] Buffering 91%
[DBG] Buffering 95%
11:27:14.960 PM [player] buffering 1.0
[DBG] Stream buffering done (1001 ms in 23 ms)
[DBG] Decoder wait done in 0 ms
[ERR] ES_OUT_SET_(GROUP_)PCR  is called 10254 ms late (jitter of 10244 ms ignored)
[DBG] ES_OUT_RESET_PCR called
11:27:14.963 PM [player] buffering 0.0
11:27:15.042 PM [player] buffering 0.0
[DBG] Buffering 0%
[DBG] Buffering 5%
[DBG] Buffering 8%
[DBG] Buffering 24%
[DBG] Buffering 30%
[DBG] Buffering 33%
[DBG] Buffering 36%
[DBG] Buffering 41%
[DBG] Buffering 46%
[DBG] Buffering 50%
[DBG] Buffering 52%
[DBG] Buffering 55%
[DBG] Buffering 58%
[DBG] Buffering 72%
[DBG] Buffering 73%
[DBG] Buffering 80%
[DBG] Buffering 81%
[DBG] Buffering 83%
[DBG] Buffering 86%
[DBG] Buffering 91%
[DBG] Buffering 96%
11:27:15.043 PM [player] buffering 1.0
[DBG] Stream buffering done (1001 ms in 1 ms)
[DBG] Decoder wait done in 0 ms
[ERR] ES_OUT_SET_(GROUP_)PCR  is called 10333 ms late (jitter of 10254 ms ignored)
[DBG] ES_OUT_RESET_PCR called
11:27:15.044 PM [player] buffering 0.0
11:27:15.044 PM [player] buffering 0.0
[DBG] Buffering 0%
[DBG] Buffering 14%
[DBG] Buffering 15%
[DBG] Buffering 21%
[DBG] Buffering 24%
[DBG] Buffering 25%
[DBG] Buffering 28%
[DBG] Buffering 33%
[DBG] Buffering 38%
[DBG] Buffering 41%
[DBG] Buffering 43%
[DBG] Buffering 46%
[DBG] Buffering 50%
[DBG] Buffering 66%
[DBG] Buffering 71%
[DBG] Buffering 75%
[DBG] Buffering 78%
[DBG] Buffering 83%
[DBG] Buffering 85%
[DBG] Buffering 88%
[DBG] Buffering 91%
[DBG] Buffering 94%
[DBG] Buffering 96%
[DBG] Stream buffering done (1001 ms in 1 ms)
11:27:15.045 PM [player] buffering 1.0
[DBG] Decoder wait done in 0 ms
[ERR] ES_OUT_SET_(GROUP_)PCR  is called 10247 ms late (jitter of 10254 ms ignored)
[DBG] ES_OUT_RESET_PCR called
11:27:15.045 PM [player] buffering 0.0
[DBG] Buffering 0%
11:27:15.045 PM [player] buffering 0.0
[DBG] Buffering 6%
[DBG] Buffering 8%
[DBG] Buffering 9%
[DBG] Buffering 13%
[DBG] Buffering 18%
[DBG] Buffering 23%
[DBG] Buffering 26%
[DBG] Buffering 31%
[DBG] Buffering 35%
[DBG] Buffering 50%
[DBG] Buffering 56%
[DBG] Buffering 59%
[DBG] Buffering 60%
[DBG] Buffering 63%
[DBG] Buffering 68%
[DBG] Buffering 73%
[DBG] Buffering 76%
[DBG] Buffering 78%
[DBG] Buffering 81%
[DBG] Buffering 85%
[DBG] Stream buffering done (1012 ms in 1 ms)
11:27:15.047 PM [player] buffering 1.0
[DBG] Decoder wait done in 0 ms
[ERR] ES_OUT_SET_(GROUP_)PCR  is called 10321 ms late (jitter of 10321 ms ignored)
[DBG] ES_OUT_RESET_PCR called
11:27:15.047 PM [player] buffering 0.0
11:27:15.047 PM [player] buffering 0.0
[DBG] Buffering 0%
[DBG] Buffering 3%
[DBG] Buffering 8%
[DBG] Buffering 10%
[DBG] Buffering 13%
[DBG] Buffering 16%
[DBG] Buffering 20%
[DBG] Buffering 21%
[DBG] Buffering 25%
[DBG] Buffering 39%
[DBG] Buffering 40%
[DBG] Buffering 46%
[DBG] Buffering 48%
[DBG] Buffering 50%
[DBG] Received first picture
11:27:15.059 PM [framestep] nextFrameStepped result=0 time=19653 ms
[DBG] Buffering 53%
[DBG] Buffering 58%
[DBG] Buffering 63%
[DBG] Buffering 66%
[DBG] Buffering 71%
[DBG] Buffering 75%
[DBG] Buffering 90%
[DBG] Buffering 96%
[DBG] Stream buffering done (1000 ms in 22 ms)
11:27:15.070 PM [player] buffering 1.0
[DBG] Decoder wait done in 0 ms
[ERR] ES_OUT_SET_(GROUP_)PCR  is called 10413 ms late (jitter of 10321 ms ignored)
[DBG] ES_OUT_RESET_PCR called
11:27:15.072 PM [player] buffering 0.0
11:27:15.073 PM [player] buffering 0.0
[DBG] Buffering 0%
[DBG] Buffering 5%
[DBG] Buffering 10%
[DBG] Buffering 13%
[DBG] Buffering 15%
[DBG] Buffering 18%
[DBG] Buffering 21%
[DBG] Buffering 38%
[DBG] Buffering 43%
[DBG] Buffering 46%
[DBG] Buffering 50%
[DBG] Received first picture
11:27:15.079 PM [framestep] nextFrameStepped result=0 time=19653 ms
[DBG] Buffering 55%
[DBG] Buffering 57%
[DBG] Buffering 60%
[DBG] Buffering 63%
[DBG] Buffering 66%
[DBG] Buffering 68%
[DBG] Buffering 71%
[DBG] Buffering 86%
[DBG] Buffering 93%
[DBG] Buffering 95%
[DBG] Buffering 96%
11:27:15.089 PM [player] buffering 1.0
[DBG] Stream buffering done (1001 ms in 16 ms)
[DBG] Decoder wait done in 0 ms
[ERR] ES_OUT_SET_(GROUP_)PCR  is called 10379 ms late (jitter of 10379 ms ignored)
[DBG] ES_OUT_RESET_PCR called
11:27:15.089 PM [player] buffering 0.0
11:27:15.089 PM [player] buffering 0.0
[DBG] Buffering 0%
[DBG] Buffering 3%
[DBG] Buffering 8%
[DBG] Buffering 11%
[DBG] Buffering 27%
[DBG] Received first picture
11:27:15.097 PM [framestep] nextFrameStepped result=0 time=19653 ms
[DBG] Buffering 33%
[DBG] Buffering 36%
[DBG] Buffering 40%
[DBG] Buffering 45%
[DBG] Buffering 50%
[DBG] Buffering 53%
[DBG] Buffering 56%
[DBG] Buffering 58%
[DBG] Buffering 61%
[DBG] Buffering 75%
[DBG] Buffering 76%
[DBG] Buffering 83%
[DBG] Buffering 84%
[DBG] Buffering 86%
[DBG] Buffering 90%
[DBG] Buffering 94%
[DBG] Buffering 95%
11:27:15.119 PM [player] buffering 1.0
[DBG] Stream buffering done (1001 ms in 29 ms)
[DBG] Decoder wait done in 0 ms
[ERR] ES_OUT_SET_(GROUP_)PCR  is called 10430 ms late (jitter of 10413 ms ignored)
[DBG] ES_OUT_RESET_PCR called
11:27:15.123 PM [player] buffering 0.0
11:27:15.123 PM [player] buffering 0.0
[DBG] Buffering 0%
[DBG] Buffering 3%
[DBG] Buffering 18%
[DBG] Received first picture
11:27:15.129 PM [framestep] nextFrameStepped result=0 time=19653 ms
[DBG] Buffering 25%
[DBG] Buffering 27%
[DBG] Buffering 28%
[DBG] Buffering 31%
[DBG] Buffering 36%
[DBG] Buffering 41%
[DBG] Buffering 45%
[DBG] Buffering 50%
[DBG] Buffering 53%
[DBG] Buffering 69%
[DBG] Buffering 75%
[DBG] Buffering 78%
[DBG] Buffering 81%
[DBG] Buffering 86%
[DBG] Buffering 91%
[DBG] Buffering 95%
[DBG] Buffering 98%
11:27:15.150 PM [player] buffering 1.0
[DBG] Stream buffering done (1001 ms in 26 ms)
[DBG] Decoder wait done in 0 ms
[ERR] ES_OUT_SET_(GROUP_)PCR  is called 10456 ms late (jitter of 10430 ms ignored)
[DBG] ES_OUT_RESET_PCR called
11:27:15.150 PM [player] buffering 0.0
[DBG] Buffering 0%
11:27:15.151 PM [player] buffering 0.0
[DBG] Buffering 1%
[DBG] Received first picture
11:27:15.153 PM [framestep] nextFrameStepped result=0 time=19653 ms
[DBG] Buffering 7%
[DBG] Buffering 9%
[DBG] Buffering 11%
[DBG] Buffering 14%
[DBG] Buffering 19%
[DBG] Buffering 24%
[DBG] Buffering 27%
[DBG] Buffering 33%
[DBG] Buffering 36%
[DBG] Buffering 51%
[DBG] Buffering 57%
[DBG] Buffering 60%
[DBG] Buffering 61%
[DBG] Buffering 64%
[DBG] Buffering 69%
[DBG] Buffering 74%
[DBG] Buffering 78%
[DBG] Buffering 80%
[DBG] Buffering 83%
[DBG] Buffering 86%
[DBG] Stream buffering done (1024 ms in 25 ms)
11:27:15.177 PM [player] buffering 1.0
[DBG] Decoder wait done in 0 ms
[ERR] ES_OUT_SET_(GROUP_)PCR  is called 10443 ms late (jitter of 10443 ms ignored)
[DBG] ES_OUT_RESET_PCR called
11:27:15.181 PM [player] buffering 0.0
11:27:15.181 PM [player] buffering 0.0
[DBG] Buffering 0%
[DBG] Buffering 3%
[DBG] Buffering 8%
[DBG] Buffering 10%
[DBG] Buffering 13%
[DBG] Buffering 16%
[DBG] Buffering 19%
[DBG] Buffering 21%
[DBG] Buffering 25%
[DBG] Buffering 39%
[DBG] Buffering 40%
[DBG] Buffering 46%
[DBG] Buffering 48%
[DBG] Received first picture
11:27:15.192 PM [framestep] nextFrameStepped result=0 time=19653 ms
[DBG] Buffering 50%
[DBG] Buffering 53%
[DBG] Buffering 58%
[DBG] Buffering 63%
[DBG] Buffering 66%
[DBG] Buffering 71%
[DBG] Buffering 75%
[DBG] Buffering 90%
[DBG] Buffering 96%
[DBG] Buffering 99%
11:27:15.212 PM [player] buffering 1.0
[DBG] Stream buffering done (1001 ms in 30 ms)
[DBG] Decoder wait done in 0 ms
[ERR] ES_OUT_SET_(GROUP_)PCR  is called 10519 ms late (jitter of 10456 ms ignored)
[DBG] ES_OUT_RESET_PCR called
11:27:15.212 PM [player] buffering 0.0
[DBG] Buffering 0%
11:27:15.212 PM [player] buffering 0.0
[DBG] Buffering 5%
[DBG] Buffering 8%
[DBG] Buffering 10%
[DBG] Buffering 13%
[DBG] Buffering 16%
[DBG] Buffering 33%
[DBG] Buffering 38%
[DBG] Buffering 41%
[DBG] Buffering 45%
[DBG] Buffering 50%
[DBG] Buffering 52%
[DBG] Buffering 55%
[DBG] Buffering 58%
[DBG] Buffering 61%
[DBG] Buffering 63%
[DBG] Buffering 66%
[DBG] Received first picture
11:27:15.216 PM [framestep] nextFrameStepped result=0 time=19653 ms
[DBG] Buffering 81%
[DBG] Buffering 88%
[DBG] Buffering 90%
[DBG] Buffering 91%
[DBG] Buffering 95%
[DBG] Stream buffering done (1001 ms in 9 ms)
11:27:15.222 PM [player] buffering 1.0
[DBG] Decoder wait done in 0 ms
[ERR] ES_OUT_SET_(GROUP_)PCR  is called 10513 ms late (jitter of 10513 ms ignored)
[DBG] ES_OUT_RESET_PCR called
11:27:15.222 PM [player] buffering 0.0
11:27:15.222 PM [player] buffering 0.0
[DBG] Buffering 0%
[DBG] Buffering 5%
[DBG] Buffering 8%
[DBG] Buffering 23%
[DBG] Buffering 30%
[DBG] Buffering 33%
[DBG] Received first picture
11:27:15.233 PM [framestep] nextFrameStepped result=0 time=19653 ms
[DBG] Buffering 36%
[DBG] Buffering 41%
[DBG] Buffering 46%
[DBG] Buffering 50%
[DBG] Buffering 52%
[DBG] Buffering 55%
[DBG] Buffering 58%
[DBG] Buffering 74%
[DBG] Buffering 80%
[DBG] Buffering 83%
[DBG] Buffering 86%
[DBG] Buffering 91%
[DBG] Buffering 94%
[DBG] Buffering 96%
[DBG] Stream buffering done (1001 ms in 25 ms)
11:27:15.248 PM [player] buffering 1.0
[DBG] Decoder wait done in 0 ms
[ERR] ES_OUT_SET_(GROUP_)PCR  is called 10552 ms late (jitter of 10519 ms ignored)
[DBG] ES_OUT_RESET_PCR called
11:27:15.248 PM [player] buffering 0.0
[DBG] Buffering 0%
11:27:15.248 PM [player] buffering 0.0
[DBG] Buffering 3%
[DBG] Buffering 17%
[DBG] Buffering 18%
[DBG] Received first picture
11:27:15.255 PM [framestep] nextFrameStepped result=0 time=19653 ms
[DBG] Buffering 25%
[DBG] Buffering 27%
[DBG] Buffering 28%
[DBG] Buffering 31%
[DBG] Buffering 36%
[DBG] Buffering 41%
[DBG] Buffering 45%
[DBG] Buffering 50%
[DBG] Buffering 53%
[DBG] Buffering 69%
[DBG] Buffering 75%
[DBG] Buffering 78%
[DBG] Buffering 81%
[DBG] Buffering 86%
[DBG] Buffering 91%
[DBG] Buffering 95%
[DBG] Buffering 97%
[DBG] Stream buffering done (1001 ms in 27 ms)
11:27:15.275 PM [player] buffering 1.0
[DBG] Decoder wait done in 0 ms
[ERR] ES_OUT_SET_(GROUP_)PCR  is called 10583 ms late (jitter of 10552 ms ignored)
[DBG] ES_OUT_RESET_PCR called
11:27:15.276 PM [player] buffering 0.0
[DBG] Buffering 0%
11:27:15.281 PM [player] buffering 0.0
[DBG] Buffering 1%
[DBG] Buffering 8%
[DBG] Buffering 9%
[DBG] Buffering 11%
[DBG] Buffering 14%
[DBG] Buffering 19%
[DBG] Received first picture
11:27:15.284 PM [framestep] nextFrameStepped result=0 time=19653 ms
[DBG] Buffering 24%
[DBG] Buffering 28%
[DBG] Buffering 33%
[DBG] Buffering 36%
[DBG] Buffering 51%
[DBG] Buffering 58%
[DBG] Buffering 60%
[DBG] Buffering 61%
[DBG] Buffering 64%
[DBG] Buffering 69%
[DBG] Buffering 74%
[DBG] Buffering 78%
[DBG] Buffering 80%
[DBG] Buffering 83%
[DBG] Buffering 86%
[DBG] Stream buffering done (1024 ms in 24 ms)
11:27:15.305 PM [player] buffering 1.0
[DBG] Decoder wait done in 0 ms
[ERR] ES_OUT_SET_(GROUP_)PCR  is called 10570 ms late (jitter of 10570 ms ignored)
[DBG] ES_OUT_RESET_PCR called
11:27:15.310 PM [player] buffering 0.0
[DBG] Buffering 0%
11:27:15.310 PM [player] buffering 0.0
[DBG] Buffering 3%
[DBG] Buffering 8%
[DBG] Buffering 13%
[DBG] Buffering 16%
[DBG] Buffering 19%
[DBG] Buffering 21%
[DBG] Buffering 25%
[DBG] Buffering 38%
[DBG] Buffering 40%
[DBG] Buffering 46%
[DBG] Buffering 48%
[DBG] Buffering 50%
[DBG] Buffering 53%
[DBG] Buffering 58%
[DBG] Received first picture
11:27:15.326 PM [framestep] nextFrameStepped result=0 time=19653 ms
[DBG] Buffering 63%
[DBG] Buffering 66%
[DBG] Buffering 71%
[DBG] Buffering 75%
[DBG] Buffering 90%
[DBG] Buffering 96%
[DBG] Buffering 99%
[DBG] Stream buffering done (1001 ms in 28 ms)
11:27:15.339 PM [player] buffering 1.0
[DBG] Decoder wait done in 0 ms
[ERR] ES_OUT_SET_(GROUP_)PCR  is called 10646 ms late (jitter of 10583 ms ignored)
[DBG] ES_OUT_RESET_PCR called
11:27:15.339 PM [player] buffering 0.0
[DBG] Buffering 0%
11:27:15.339 PM [player] buffering 0.0
[DBG] Buffering 5%
[DBG] Buffering 8%
[DBG] Buffering 10%
[DBG] Buffering 13%
[DBG] Buffering 16%
[DBG] Buffering 32%
[DBG] Buffering 38%
[DBG] Buffering 41%
[DBG] Buffering 45%
[DBG] Received first picture
11:27:15.347 PM [framestep] nextFrameStepped result=0 time=19653 ms
[DBG] Buffering 50%
[DBG] Buffering 52%
[DBG] Buffering 55%
[DBG] Buffering 58%
[DBG] Buffering 61%
[DBG] Buffering 63%
[DBG] Buffering 66%
[DBG] Buffering 80%
[DBG] Buffering 81%
[DBG] Buffering 88%
[DBG] Buffering 90%
[DBG] Buffering 91%
[DBG] Buffering 95%
11:27:15.367 PM [player] buffering 1.0
[DBG] Stream buffering done (1000 ms in 27 ms)
[DBG] Decoder wait done in 0 ms
[ERR] ES_OUT_SET_(GROUP_)PCR  is called 10708 ms late (jitter of 10646 ms ignored)
[DBG] ES_OUT_RESET_PCR called
11:27:15.367 PM [player] buffering 0.0
[DBG] Buffering 0%
11:27:15.368 PM [player] buffering 0.0
[DBG] Buffering 3%
[DBG] Buffering 8%
[DBG] Buffering 11%
[DBG] Buffering 26%
[DBG] Buffering 33%
[DBG] Buffering 36%
[DBG] Received first picture
11:27:15.378 PM [framestep] nextFrameStepped result=0 time=19653 ms
[DBG] Buffering 40%
[DBG] Buffering 45%
[DBG] Buffering 50%
[DBG] Buffering 53%
[DBG] Buffering 55%
[DBG] Buffering 58%
[DBG] Buffering 61%
[DBG] Buffering 78%
[DBG] Buffering 83%
[DBG] Buffering 86%
[DBG] Buffering 90%
[DBG] Buffering 95%
[DBG] Buffering 97%
[DBG] Stream buffering done (1001 ms in 25 ms)
11:27:15.393 PM [player] buffering 1.0
[DBG] Decoder wait done in 0 ms
[ERR] ES_OUT_SET_(GROUP_)PCR  is called 10702 ms late (jitter of 10702 ms ignored)
[DBG] ES_OUT_RESET_PCR called
11:27:15.395 PM [player] buffering 0.0
11:27:15.395 PM [player] buffering 0.0
[DBG] Buffering 0%
[DBG] Buffering 1%
[DBG] Buffering 4%
[DBG] Buffering 19%
[DBG] Buffering 26%
[DBG] Buffering 28%
[DBG] Buffering 29%
[DBG] Buffering 33%
[DBG] Buffering 38%
[DBG] Received first picture
11:27:15.404 PM [framestep] nextFrameStepped result=0 time=19653 ms
[DBG] Buffering 43%
[DBG] Buffering 46%
[DBG] Buffering 51%
[DBG] Buffering 54%
[DBG] Buffering 70%
[DBG] Buffering 76%
[DBG] Buffering 79%
[DBG] Buffering 83%
[DBG] Buffering 88%
[DBG] Buffering 93%
[DBG] Buffering 96%
[DBG] Buffering 99%
[DBG] Stream buffering done (1016 ms in 26 ms)
11:27:15.421 PM [player] buffering 1.0
[DBG] Decoder wait done in 0 ms
[ERR] ES_OUT_SET_(GROUP_)PCR  is called 10714 ms late (jitter of 10708 ms ignored)
[DBG] ES_OUT_RESET_PCR called
11:27:15.422 PM [player] buffering 0.0
[DBG] Buffering 0%
11:27:15.426 PM [player] buffering 0.0
[DBG] Buffering 5%
[DBG] Buffering 8%
[DBG] Buffering 11%
[DBG] Received first picture
11:27:15.431 PM [framestep] nextFrameStepped result=0 time=19653 ms
[DBG] Buffering 16%
[DBG] Buffering 19%
[DBG] Buffering 21%
[DBG] Buffering 25%
[DBG] Buffering 28%
[DBG] Buffering 30%
[DBG] Buffering 33%
[DBG] Buffering 48%
[DBG] Buffering 55%
[DBG] Buffering 57%
[DBG] Buffering 58%
[DBG] Buffering 61%
[DBG] Buffering 66%
[DBG] Buffering 71%
[DBG] Buffering 75%
[DBG] Buffering 80%
[DBG] Buffering 83%
[DBG] Buffering 99%
11:27:15.454 PM [player] buffering 1.0
[DBG] Stream buffering done (1051 ms in 28 ms)
[DBG] Decoder wait done in 0 ms
[ERR] ES_OUT_SET_(GROUP_)PCR  is called 10710 ms late (jitter of 10710 ms ignored)
[DBG] ES_OUT_RESET_PCR called
11:27:15.454 PM [player] buffering 0.0
11:27:15.455 PM [player] buffering 0.0
[DBG] Buffering 0%
[DBG] Buffering 4%
[DBG] Buffering 9%
[DBG] Buffering 13%
[DBG] Buffering 16%
[DBG] Buffering 18%
[DBG] Buffering 21%
[DBG] Buffering 35%
[DBG] Buffering 36%
[DBG] Buffering 43%
[DBG] Buffering 44%
[DBG] Buffering 46%
[DBG] Buffering 50%
[DBG] Buffering 54%
[DBG] Buffering 55%
[DBG] Buffering 60%
[DBG] Received first picture
11:27:15.468 PM [framestep] nextFrameStepped result=0 time=19653 ms
[DBG] Buffering 63%
[DBG] Buffering 68%
[DBG] Buffering 71%
[DBG] Buffering 86%
[DBG] Buffering 93%
[DBG] Buffering 96%
[DBG] Stream buffering done (1001 ms in 19 ms)
11:27:15.474 PM [player] buffering 1.0
[DBG] Decoder wait done in 0 ms
[ERR] ES_OUT_SET_(GROUP_)PCR  is called 10765 ms late (jitter of 10714 ms ignored)
[DBG] ES_OUT_RESET_PCR called
11:27:15.475 PM [player] buffering 0.0
11:27:15.476 PM [player] buffering 0.0
[DBG] Buffering 0%
[DBG] Buffering 3%
[DBG] Buffering 5%
[DBG] Buffering 8%
[DBG] Buffering 11%
[DBG] Buffering 27%
[DBG] Buffering 33%
[DBG] Buffering 36%
[DBG] Buffering 40%
[DBG] Buffering 45%
[DBG] Buffering 46%
[DBG] Buffering 50%
[DBG] Buffering 53%
[DBG] Buffering 56%
[DBG] Received first picture
11:27:15.492 PM [framestep] nextFrameStepped result=0 time=19653 ms
[DBG] Buffering 58%
[DBG] Buffering 61%
[DBG] Buffering 75%
[DBG] Buffering 76%
[DBG] Buffering 83%
[DBG] Buffering 85%
[DBG] Buffering 86%
[DBG] Buffering 90%
[DBG] Buffering 94%
[DBG] Buffering 95%
11:27:15.502 PM [player] buffering 1.0
[DBG] Stream buffering done (1001 ms in 26 ms)
[DBG] Decoder wait done in 0 ms
[ERR] ES_OUT_SET_(GROUP_)PCR  is called 10810 ms late (jitter of 10765 ms ignored)
[DBG] ES_OUT_RESET_PCR called
11:27:15.503 PM [player] buffering 0.0
11:27:15.503 PM [player] buffering 0.0
[DBG] Buffering 0%
[DBG] Buffering 3%
[DBG] Buffering 18%
[DBG] Buffering 25%
[DBG] Buffering 28%
[DBG] Received first picture
11:27:15.511 PM [framestep] nextFrameStepped result=0 time=19653 ms
[DBG] Buffering 31%
[DBG] Buffering 36%
[DBG] Buffering 41%
[DBG] Buffering 45%
[DBG] Buffering 47%
[DBG] Buffering 50%
[DBG] Buffering 53%
[DBG] Buffering 69%
[DBG] Buffering 75%
[DBG] Buffering 78%
[DBG] Buffering 81%
[DBG] Buffering 86%
[DBG] Buffering 88%
[DBG] Buffering 91%
[DBG] Buffering 95%
[DBG] Buffering 98%
[DBG] Stream buffering done (1001 ms in 25 ms)
11:27:15.528 PM [player] buffering 1.0
[DBG] Decoder wait done in 0 ms
[ERR] ES_OUT_SET_(GROUP_)PCR  is called 10837 ms late (jitter of 10810 ms ignored)
[DBG] ES_OUT_RESET_PCR called
11:27:15.529 PM [player] buffering 0.0
11:27:15.533 PM [player] buffering 0.0
[DBG] Buffering 0%
[DBG] Buffering 7%
[DBG] Buffering 9%
[DBG] Buffering 10%
[DBG] Buffering 14%
[DBG] Buffering 19%
[DBG] Buffering 24%
[DBG] Received first picture
11:27:15.538 PM [framestep] nextFrameStepped result=0 time=19653 ms
[DBG] Buffering 27%
[DBG] Buffering 32%
[DBG] Buffering 35%
[DBG] Buffering 51%
[DBG] Buffering 57%
[DBG] Buffering 60%
[DBG] Buffering 64%
[DBG] Buffering 69%
[DBG] Buffering 74%
[DBG] Buffering 77%
[DBG] Buffering 80%
[DBG] Buffering 82%
[DBG] Buffering 85%
11:27:15.561 PM [player] buffering 1.0
[DBG] Stream buffering done (1024 ms in 28 ms)
[DBG] Decoder wait done in 0 ms
[ERR] ES_OUT_SET_(GROUP_)PCR  is called 10828 ms late (jitter of 10828 ms ignored)
[DBG] ES_OUT_RESET_PCR called
11:27:15.562 PM [player] buffering 0.0
11:27:15.563 PM [player] buffering 0.0
[DBG] Buffering 0%
[DBG] Buffering 3%
[DBG] Buffering 8%
[DBG] Buffering 10%
[DBG] Buffering 13%
[DBG] Buffering 16%
[DBG] Buffering 20%
[DBG] Buffering 21%
[DBG] Buffering 25%
[DBG] Buffering 39%
[DBG] Buffering 40%
[DBG] Buffering 46%
[DBG] Buffering 49%
[DBG] Buffering 50%
[DBG] Buffering 53%
[DBG] Buffering 58%
[DBG] Buffering 63%
[DBG] Received first picture
11:27:15.582 PM [framestep] nextFrameStepped result=0 time=19653 ms
[DBG] Buffering 66%
[DBG] Buffering 71%
[DBG] Buffering 75%
[DBG] Buffering 90%
[DBG] Buffering 96%
[DBG] Stream buffering done (1001 ms in 27 ms)
[DBG] Decoder wait done in 0 ms
11:27:15.590 PM [player] buffering 1.0
[ERR] ES_OUT_SET_(GROUP_)PCR  is called 10898 ms late (jitter of 10837 ms ignored)
[DBG] ES_OUT_RESET_PCR called
11:27:15.591 PM [player] buffering 0.0
[DBG] Buffering 0%
11:27:15.591 PM [player] buffering 0.0
[DBG] Buffering 5%
[DBG] Buffering 8%
[DBG] Buffering 11%
[DBG] Buffering 13%
[DBG] Buffering 16%
[DBG] Buffering 30%
[DBG] Buffering 31%
[DBG] Buffering 38%
[DBG] Buffering 39%
[DBG] Buffering 41%
[DBG] Buffering 45%
[DBG] Buffering 49%
[DBG] Buffering 50%
[DBG] Received first picture
11:27:15.602 PM [framestep] nextFrameStepped result=0 time=19653 ms
[DBG] Buffering 55%
[DBG] Buffering 58%
[DBG] Buffering 63%
[DBG] Buffering 66%
[DBG] Buffering 81%
[DBG] Buffering 88%
[DBG] Buffering 91%
[DBG] Buffering 95%
[DBG] Stream buffering done (1001 ms in 19 ms)
[DBG] Decoder wait done in 0 ms
11:27:15.611 PM [player] buffering 1.0
[ERR] ES_OUT_SET_(GROUP_)PCR  is called 10902 ms late (jitter of 10898 ms ignored)
[DBG] ES_OUT_RESET_PCR called
11:27:15.612 PM [player] buffering 0.0
[DBG] Buffering 0%
11:27:15.618 PM [player] buffering 0.0
[DBG] Buffering 1%
[DBG] Buffering 4%
[DBG] Buffering 8%
[DBG] Buffering 24%
[DBG] Buffering 29%
[DBG] Buffering 33%
[DBG] Buffering 36%
[DBG] Buffering 41%
[DBG] Received first picture
11:27:15.627 PM [framestep] nextFrameStepped result=0 time=19653 ms
[DBG] Buffering 46%
[DBG] Buffering 50%
[DBG] Buffering 52%
[DBG] Buffering 55%
[DBG] Buffering 58%
[DBG] Buffering 72%
[DBG] Buffering 73%
[DBG] Buffering 80%
[DBG] Buffering 81%
[DBG] Buffering 83%
[DBG] Buffering 86%
[DBG] Buffering 91%
[DBG] Buffering 96%
11:27:15.646 PM [player] buffering 1.0
[DBG] Stream buffering done (1001 ms in 27 ms)
[DBG] Decoder wait done in 0 ms
[ERR] ES_OUT_SET_(GROUP_)PCR  is called 10937 ms late (jitter of 10902 ms ignored)
[DBG] ES_OUT_RESET_PCR called
11:27:15.647 PM [player] buffering 0.0
11:27:15.647 PM [player] buffering 0.0
[DBG] Buffering 0%
[DBG] Buffering 14%
[DBG] Buffering 21%
[DBG] Buffering 24%
[DBG] Buffering 25%
[DBG] Buffering 28%
[DBG] Received first picture
11:27:15.655 PM [framestep] nextFrameStepped result=0 time=19653 ms
[DBG] Buffering 33%
[DBG] Buffering 38%
[DBG] Buffering 41%
[DBG] Buffering 43%
[DBG] Buffering 46%
[DBG] Buffering 50%
[DBG] Buffering 66%
[DBG] Buffering 71%
[DBG] Buffering 75%
[DBG] Buffering 78%
[DBG] Buffering 83%
[DBG] Buffering 85%
[DBG] Buffering 88%
[DBG] Buffering 91%
[DBG] Buffering 94%
[DBG] Buffering 96%
[DBG] Stream buffering done (1001 ms in 22 ms)
[DBG] Decoder wait done in 0 ms
11:27:15.669 PM [player] buffering 1.0
[ERR] ES_OUT_SET_(GROUP_)PCR  is called 10873 ms late (jitter of 10902 ms ignored)
[DBG] ES_OUT_RESET_PCR called
11:27:15.673 PM [player] buffering 0.0
[DBG] Buffering 0%
11:27:15.675 PM [player] buffering 0.0
[DBG] Buffering 6%
[DBG] Buffering 8%
[DBG] Buffering 10%
[DBG] Buffering 13%
[DBG] Buffering 18%
[DBG] Buffering 23%
[DBG] Buffering 26%
[DBG] Buffering 31%
[DBG] Buffering 35%
[DBG] Buffering 50%
[DBG] Buffering 56%
[DBG] Buffering 59%
[DBG] Buffering 60%
[DBG] Buffering 63%
[DBG] Buffering 68%
[DBG] Received first picture
11:27:15.694 PM [framestep] nextFrameStepped result=0 time=19653 ms
[DBG] Buffering 73%
[DBG] Buffering 76%
[DBG] Buffering 79%
[DBG] Buffering 81%
[DBG] Buffering 85%
[DBG] Stream buffering done (1014 ms in 26 ms)
11:27:15.702 PM [player] buffering 1.0
[DBG] Decoder wait done in 0 ms
[ERR] ES_OUT_SET_(GROUP_)PCR  is called 10979 ms late (jitter of 10937 ms ignored)
[DBG] ES_OUT_RESET_PCR called
11:27:15.705 PM [player] buffering 0.0
[DBG] Buffering 0%
11:27:15.705 PM [player] buffering 0.0
[DBG] Buffering 3%
[DBG] Buffering 8%
[DBG] Buffering 10%
[DBG] Buffering 13%
[DBG] Buffering 16%
[DBG] Buffering 20%
[DBG] Buffering 21%
[DBG] Buffering 25%
[DBG] Buffering 39%
[DBG] Buffering 40%
[DBG] Buffering 46%
[DBG] Buffering 48%
[DBG] Buffering 50%
[DBG] Received first picture
11:27:15.723 PM [framestep] nextFrameStepped result=0 time=19653 ms
[DBG] Buffering 53%
[DBG] Buffering 58%
[DBG] Buffering 63%
[DBG] Buffering 66%
[DBG] Buffering 71%
[DBG] Buffering 75%
[DBG] Buffering 90%
[DBG] Buffering 96%
[DBG] Stream buffering done (1001 ms in 26 ms)
[DBG] Decoder wait done in 0 ms
11:27:15.732 PM [player] buffering 1.0
[ERR] ES_OUT_SET_(GROUP_)PCR  is called 11040 ms late (jitter of 10979 ms ignored)
[DBG] ES_OUT_RESET_PCR called
11:27:15.733 PM [player] buffering 0.0
[DBG] Buffering 0%
11:27:15.733 PM [player] buffering 0.0
[DBG] Buffering 5%
[DBG] Buffering 8%
[DBG] Buffering 10%
[DBG] Buffering 13%
[DBG] Buffering 16%
[DBG] Buffering 33%
[DBG] Buffering 38%
[DBG] Buffering 41%
[DBG] Buffering 45%
[DBG] Buffering 50%
[DBG] Buffering 52%
[DBG] Received first picture
11:27:15.746 PM [framestep] nextFrameStepped result=0 time=19653 ms
[DBG] Buffering 55%
[DBG] Buffering 58%
[DBG] Buffering 62%
[DBG] Buffering 63%
[DBG] Buffering 66%
[DBG] Buffering 81%
[DBG] Buffering 88%
[DBG] Buffering 90%
[DBG] Buffering 91%
[DBG] Buffering 95%
[DBG] Stream buffering done (1001 ms in 23 ms)
[DBG] Decoder wait done in 0 ms
11:27:15.757 PM [player] buffering 1.0
[ERR] ES_OUT_SET_(GROUP_)PCR  is called 11049 ms late (jitter of 11040 ms ignored)
[DBG] ES_OUT_RESET_PCR called
11:27:15.759 PM [player] buffering 0.0
11:27:15.762 PM [player] buffering 0.0
[DBG] Buffering 0%
[DBG] Buffering 5%
[DBG] Buffering 8%
[DBG] Buffering 24%
11:27:15.765 PM [framestep] −1 seek before=19653 ms frame=33 ms (500000/16683 fps) target=19620 ms
[DBG] ES_OUT_RESET_PCR called
[DBG] SET_TIME to 19620000
[DBG] seek request to i_pos = 19620000
[DBG] seek: preroll{ track: 1, pts: 0, fpos: 5816 skip: 5816} 
[DBG] seek: preroll{ track: 2, pts: 19616000, fpos: 10085053 skip: 10085053} 
[DBG] seek: preroll{ track: 4, pts: -1, fpos: 5816 skip: 5816} 
[DBG] resolving 192.168.1.250 ...
[DBG] outgoing request:
GET /stream/2 HTTP/1.1
Host: 192.168.1.250:8093
Accept: */*
Accept-Language: en_US
User-Agent: VLC/4.0.0-dev LibVLC/4.0.0-dev
If-Unmodified-Since: Fri, 17 Jul 2026 19:22:43 GMT
Range: bytes=5816-


11:27:15.770 PM [player] buffering 0.0
[DBG] incoming response:
HTTP/1.1 206 Partial Content
Accept-Ranges: bytes
Content-Length: 5722245260
Content-Range: bytes 5816-5722251075/5722251076
Content-Type: video/x-matroska
Last-Modified: Fri, 17 Jul 2026 19:22:43 GMT
Date: Mon, 14 Sep 2026 03:27:15 GMT


[DBG] connection failed
[DBG] seek: preroll{ req: 19620001, start-pts: 1, start-fpos: 5816} 
[DBG] Buffering 0%
11:27:15.815 PM [player] buffering 0.0
11:27:16.172 PM [framestep] −1 after=19620 ms
[DBG] end of video preroll
[DBG] Received first picture
11:27:16.240 PM [framestep] nextFrameStepped result=0 time=19620 ms
[DBG] Buffering 3%
[DBG] Buffering 6%
[DBG] Buffering 10%
[DBG] Buffering 15%
[DBG] Buffering 20%
[DBG] Buffering 23%
[DBG] Buffering 25%
[DBG] Buffering 28%
[DBG] Buffering 31%
[DBG] Buffering 47%
[DBG] Buffering 53%
[DBG] Buffering 56%
[DBG] Buffering 60%
[DBG] Buffering 65%
[DBG] Buffering 66%
[DBG] Buffering 70%
[DBG] Buffering 73%
[DBG] Buffering 76%
[DBG] Buffering 78%
[DBG] Buffering 81%
[DBG] Buffering 95%
[DBG] Buffering 96%
11:27:16.263 PM [player] buffering 1.0
[DBG] Stream buffering done (1038 ms in 447 ms)
[DBG] Decoder wait done in 0 ms
[ERR] ES_OUT_SET_(GROUP_)PCR  is called 11552 ms late (jitter of 11049 ms ignored)
[DBG] ES_OUT_RESET_PCR called
11:27:16.263 PM [player] buffering 0.0
11:27:16.263 PM [player] buffering 0.0
[DBG] Buffering 0%
[DBG] Buffering 3%
[DBG] Buffering 8%
[DBG] Buffering 13%
[DBG] Buffering 16%
[DBG] Buffering 21%
[DBG] Buffering 25%
[DBG] Buffering 40%
[DBG] Received first picture
11:27:16.267 PM [framestep] nextFrameStepped result=0 time=19620 ms
[DBG] Buffering 46%
[DBG] Buffering 49%
[DBG] Buffering 50%
[DBG] Buffering 53%
[DBG] Buffering 58%
[DBG] Buffering 63%
[DBG] Buffering 66%
[DBG] Buffering 68%
[DBG] Buffering 71%
[DBG] Buffering 75%
[DBG] Buffering 91%
[DBG] Buffering 96%
11:27:16.283 PM [player] buffering 1.0
[DBG] Stream buffering done (1001 ms in 20 ms)
[DBG] Decoder wait done in 0 ms
[ERR] ES_OUT_SET_(GROUP_)PCR  is called 11591 ms late (jitter of 11552 ms ignored)
[DBG] ES_OUT_RESET_PCR called
11:27:16.283 PM [player] buffering 0.0
11:27:16.284 PM [player] buffering 0.0
[DBG] Buffering 0%
[DBG] Buffering 2%
[DBG] Buffering 5%
[DBG] Buffering 8%
[DBG] Buffering 11%
[DBG] Buffering 13%
[DBG] Buffering 16%
[DBG] Buffering 30%
[DBG] Buffering 31%
[DBG] Received first picture
11:27:16.289 PM [framestep] nextFrameStepped result=0 time=19620 ms
[DBG] Buffering 38%
[DBG] Buffering 40%
[DBG] Buffering 41%
[DBG] Buffering 45%
[DBG] Buffering 50%
[DBG] Buffering 55%
[DBG] Buffering 58%
[DBG] Buffering 63%
[DBG] Buffering 66%
[DBG] Buffering 82%
[DBG] Buffering 88%
[DBG] Buffering 91%
[DBG] Buffering 95%
11:27:16.298 PM [player] buffering 1.0
[DBG] Stream buffering done (1001 ms in 14 ms)
[DBG] Decoder wait done in 0 ms
[ERR] ES_OUT_SET_(GROUP_)PCR  is called 11590 ms late (jitter of 11590 ms ignored)
[DBG] ES_OUT_RESET_PCR called
11:27:16.300 PM [player] buffering 0.0
11:27:16.300 PM [player] buffering 0.0
[DBG] Buffering 0%
[DBG] Buffering 2%
[DBG] Buffering 4%
[DBG] Buffering 8%
[DBG] Buffering 24%
[DBG] Received first picture
11:27:16.304 PM [framestep] nextFrameStepped result=0 time=19620 ms
[DBG] Buffering 29%
[DBG] Buffering 33%
[DBG] Buffering 36%
[DBG] Buffering 41%
[DBG] Buffering 43%
[DBG] Buffering 46%
[DBG] Buffering 50%
[DBG] Buffering 53%
[DBG] Buffering 55%
[DBG] Buffering 58%
[DBG] Buffering 72%
[DBG] Buffering 73%
[DBG] Buffering 80%
[DBG] Buffering 82%
[DBG] Buffering 83%
[DBG] Buffering 86%
[DBG] Buffering 91%
[DBG] Buffering 96%
[DBG] Stream buffering done (1001 ms in 18 ms)
11:27:16.319 PM [player] buffering 1.0
[DBG] Decoder wait done in 0 ms
[ERR] ES_OUT_SET_(GROUP_)PCR  is called 11610 ms late (jitter of 11591 ms ignored)
[DBG] ES_OUT_RESET_PCR called
11:27:16.319 PM [player] buffering 0.0
[DBG] Buffering 0%
11:27:16.319 PM [player] buffering 0.0
[DBG] Buffering 15%
[DBG] Buffering 21%
[DBG] Buffering 25%
[DBG] Received first picture
11:27:16.323 PM [framestep] nextFrameStepped result=0 time=19620 ms
[DBG] Buffering 28%
[DBG] Buffering 33%
[DBG] Buffering 38%
[DBG] Buffering 41%
[DBG] Buffering 44%
[DBG] Buffering 46%
[DBG] Buffering 50%
[DBG] Buffering 63%
[DBG] Buffering 65%
[DBG] Buffering 71%
[DBG] Buffering 73%
[DBG] Buffering 75%
[DBG] Buffering 78%
[DBG] Buffering 82%
[DBG] Buffering 83%
[DBG] Buffering 88%
[DBG] Buffering 91%
[DBG] Buffering 96%
11:27:16.335 PM [player] buffering 1.0
[DBG] Stream buffering done (1001 ms in 16 ms)
[DBG] Decoder wait done in 0 ms
[ERR] ES_OUT_SET_(GROUP_)PCR  is called 11534 ms late (jitter of 11590 ms ignored)
[DBG] ES_OUT_RESET_PCR called
11:27:16.340 PM [player] buffering 0.0
[DBG] Buffering 0%
11:27:16.340 PM [player] buffering 0.0
[DBG] Buffering 6%
[DBG] Buffering 9%
[DBG] Buffering 10%
[DBG] Buffering 13%
[DBG] Buffering 18%
[DBG] Buffering 23%
[DBG] Buffering 26%
[DBG] Buffering 31%
[DBG] Buffering 35%
[DBG] Buffering 50%
[DBG] Buffering 56%
[DBG] Buffering 60%
[DBG] Received first picture
11:27:16.351 PM [framestep] nextFrameStepped result=0 time=19620 ms
[DBG] Buffering 63%
[DBG] Buffering 68%
[DBG] Buffering 73%
[DBG] Buffering 76%
[DBG] Buffering 79%
[DBG] Buffering 81%
[DBG] Buffering 85%
[DBG] Buffering 98%
[DBG] Stream buffering done (1001 ms in 16 ms)
11:27:16.357 PM [player] buffering 1.0
[DBG] Decoder wait done in 0 ms
[ERR] ES_OUT_SET_(GROUP_)PCR  is called 11631 ms late (jitter of 11610 ms ignored)
[DBG] ES_OUT_RESET_PCR called
11:27:16.357 PM [player] buffering 0.0
11:27:16.357 PM [player] buffering 0.0
[DBG] Buffering 0%
[DBG] Buffering 1%
[DBG] Buffering 5%
[DBG] Buffering 9%
[DBG] Buffering 10%
[DBG] Buffering 15%
[DBG] Buffering 18%
[DBG] Buffering 23%
[DBG] Buffering 26%
[DBG] Buffering 41%
[DBG] Buffering 48%
[DBG] Buffering 51%
[DBG] Received first picture
11:27:16.369 PM [framestep] nextFrameStepped result=0 time=19620 ms
[DBG] Buffering 55%
[DBG] Buffering 60%
[DBG] Buffering 65%
[DBG] Buffering 68%
[DBG] Buffering 70%
[DBG] Buffering 73%
[DBG] Buffering 76%
[DBG] Buffering 92%
[DBG] Buffering 98%
11:27:16.377 PM [player] buffering 1.0
[DBG] Stream buffering done (1018 ms in 19 ms)
[DBG] Decoder wait done in 0 ms
[ERR] ES_OUT_SET_(GROUP_)PCR  is called 11668 ms late (jitter of 11631 ms ignored)
[DBG] ES_OUT_RESET_PCR called
11:27:16.378 PM [player] buffering 0.0
11:27:16.378 PM [player] buffering 0.0
[DBG] Buffering 0%
[DBG] Buffering 1%
[DBG] Buffering 5%
[DBG] Buffering 8%
[DBG] Buffering 11%
[DBG] Buffering 13%
[DBG] Buffering 16%
[DBG] Buffering 30%
[DBG] Buffering 31%
[DBG] Buffering 38%
[DBG] Buffering 40%
[DBG] Buffering 41%
[DBG] Buffering 45%
[DBG] Buffering 49%
[DBG] Buffering 50%
[DBG] Buffering 55%
[DBG] Received first picture
11:27:16.388 PM [framestep] nextFrameStepped result=0 time=19620 ms
[DBG] Buffering 58%
[DBG] Buffering 63%
[DBG] Buffering 66%
[DBG] Buffering 81%
[DBG] Buffering 88%
[DBG] Buffering 91%
[DBG] Buffering 95%
11:27:16.402 PM [player] buffering 1.0
[DBG] Stream buffering done (1001 ms in 23 ms)
[DBG] Decoder wait done in 0 ms
[ERR] ES_OUT_SET_(GROUP_)PCR  is called 11695 ms late (jitter of 11668 ms ignored)
[DBG] ES_OUT_RESET_PCR called
11:27:16.405 PM [player] buffering 0.0
11:27:16.407 PM [player] buffering 0.0
[DBG] Buffering 0%
[DBG] Buffering 2%
[DBG] Buffering 5%
[DBG] Buffering 8%
[DBG] Buffering 24%
[DBG] Buffering 30%
[DBG] Buffering 33%
[DBG] Received first picture
11:27:16.412 PM [framestep] nextFrameStepped result=0 time=19620 ms
[DBG] Buffering 36%
[DBG] Buffering 41%
[DBG] Buffering 43%
[DBG] Buffering 46%
[DBG] Buffering 50%
[DBG] Buffering 53%
[DBG] Buffering 55%
[DBG] Buffering 58%
[DBG] Buffering 72%
[DBG] Buffering 73%
[DBG] Buffering 80%
[DBG] Buffering 82%
[DBG] Buffering 83%
[DBG] Buffering 86%
[DBG] Buffering 91%
[DBG] Buffering 96%
11:27:16.429 PM [player] buffering 1.0
[DBG] Stream buffering done (1001 ms in 21 ms)
[DBG] Decoder wait done in 0 ms
[ERR] ES_OUT_SET_(GROUP_)PCR  is called 11719 ms late (jitter of 11695 ms ignored)
[DBG] ES_OUT_RESET_PCR called
11:27:16.429 PM [player] buffering 0.0
11:27:16.429 PM [player] buffering 0.0
[DBG] Buffering 0%
[DBG] Buffering 15%
[DBG] Buffering 21%
[DBG] Buffering 25%
[DBG] Received first picture
11:27:16.436 PM [framestep] nextFrameStepped result=0 time=19620 ms
[DBG] Buffering 28%
[DBG] Buffering 33%
[DBG] Buffering 38%
[DBG] Buffering 41%
[DBG] Buffering 44%
[DBG] Buffering 46%
[DBG] Buffering 50%
[DBG] Buffering 66%
[DBG] Buffering 71%
[DBG] Buffering 75%
[DBG] Buffering 78%
[DBG] Buffering 83%
[DBG] Buffering 85%
[DBG] Buffering 88%
[DBG] Buffering 91%
[DBG] Buffering 95%
[DBG] Buffering 96%
11:27:16.452 PM [player] buffering 1.0
[DBG] Stream buffering done (1001 ms in 23 ms)
[DBG] Decoder wait done in 0 ms
[ERR] ES_OUT_SET_(GROUP_)PCR  is called 11651 ms late (jitter of 11695 ms ignored)
[DBG] ES_OUT_RESET_PCR called
11:27:16.455 PM [player] buffering 0.0
11:27:16.465 PM [player] buffering 0.0
[DBG] Buffering 0%
[DBG] Buffering 6%
[DBG] Buffering 9%
[DBG] Buffering 13%
[DBG] Buffering 18%
[DBG] Buffering 23%
[DBG] Buffering 26%
[DBG] Buffering 31%
[DBG] Buffering 35%
[DBG] Buffering 50%
[DBG] Buffering 56%
[DBG] Received first picture
11:27:16.469 PM [framestep] nextFrameStepped result=0 time=19620 ms
[DBG] Buffering 60%
[DBG] Buffering 63%
[DBG] Buffering 68%
[DBG] Buffering 73%
[DBG] Buffering 76%
[DBG] Buffering 79%
[DBG] Buffering 81%
[DBG] Buffering 85%
[DBG] Buffering 98%
[DBG] Stream buffering done (1001 ms in 18 ms)
11:27:16.483 PM [player] buffering 1.0
[DBG] Decoder wait done in 0 ms
[ERR] ES_OUT_SET_(GROUP_)PCR  is called 11758 ms late (jitter of 11719 ms ignored)
[DBG] ES_OUT_RESET_PCR called
11:27:16.483 PM [player] buffering 0.0
11:27:16.484 PM [player] buffering 0.0
[DBG] Buffering 0%
[DBG] Buffering 1%
[DBG] Buffering 5%
[DBG] Buffering 9%
[DBG] Buffering 10%
[DBG] Buffering 15%
[DBG] Buffering 18%
[DBG] Buffering 23%
[DBG] Buffering 26%
[DBG] Buffering 41%
[DBG] Buffering 48%
[DBG] Buffering 51%
[DBG] Received first picture
11:27:16.493 PM [framestep] nextFrameStepped result=0 time=19620 ms
[DBG] Buffering 55%
[DBG] Buffering 60%
[DBG] Buffering 65%
[DBG] Buffering 68%
[DBG] Buffering 70%
[DBG] Buffering 73%
[DBG] Buffering 76%
[DBG] Buffering 92%
[DBG] Buffering 98%
[DBG] Stream buffering done (1019 ms in 21 ms)
[DBG] Decoder wait done in 0 ms
11:27:16.505 PM [player] buffering 1.0
[ERR] ES_OUT_SET_(GROUP_)PCR  is called 11796 ms late (jitter of 11758 ms ignored)
[DBG] ES_OUT_RESET_PCR called
11:27:16.507 PM [player] buffering 0.0
[DBG] Buffering 0%
11:27:16.507 PM [player] buffering 0.0
[DBG] Buffering 5%
[DBG] Buffering 8%
[DBG] Buffering 11%
[DBG] Buffering 13%
[DBG] Buffering 16%
[DBG] Buffering 30%
[DBG] Buffering 31%
[DBG] Buffering 38%
[DBG] Buffering 40%
[DBG] Buffering 41%
[DBG] Buffering 45%
[DBG] Buffering 49%
[DBG] Buffering 50%
[DBG] Received first picture
11:27:16.518 PM [framestep] nextFrameStepped result=0 time=19620 ms
[DBG] Buffering 55%
[DBG] Buffering 58%
[DBG] Buffering 63%
[DBG] Buffering 66%
[DBG] Buffering 81%
[DBG] Buffering 88%
[DBG] Buffering 91%
[DBG] Buffering 95%
[DBG] Stream buffering done (1001 ms in 24 ms)
[DBG] Decoder wait done in 0 ms
11:27:16.531 PM [player] buffering 1.0
[ERR] ES_OUT_SET_(GROUP_)PCR  is called 11822 ms late (jitter of 11796 ms ignored)
[DBG] ES_OUT_RESET_PCR called
11:27:16.532 PM [player] buffering 0.0
[DBG] Buffering 0%
11:27:16.533 PM [player] buffering 0.0
[DBG] Buffering 2%
[DBG] Buffering 4%
[DBG] Buffering 8%
[DBG] Buffering 24%
[DBG] Buffering 29%
[DBG] Buffering 33%
[DBG] Buffering 36%
[DBG] Received first picture
11:27:16.549 PM [framestep] nextFrameStepped result=0 time=19620 ms
[DBG] Buffering 41%
[DBG] Buffering 43%
[DBG] Buffering 46%
[DBG] Buffering 50%
[DBG] Buffering 53%
[DBG] Buffering 55%
[DBG] Buffering 58%
[DBG] Buffering 72%
[DBG] Buffering 73%
[DBG] Buffering 80%
[DBG] Buffering 82%
[DBG] Buffering 83%
[DBG] Buffering 86%
[DBG] Buffering 91%
[DBG] Buffering 96%
[DBG] Stream buffering done (1001 ms in 26 ms)
[DBG] Decoder wait done in 0 ms
11:27:16.559 PM [player] buffering 1.0
[ERR] ES_OUT_SET_(GROUP_)PCR  is called 11850 ms late (jitter of 11822 ms ignored)
[DBG] ES_OUT_RESET_PCR called
11:27:16.559 PM [player] buffering 0.0
[DBG] Buffering 0%
11:27:16.561 PM [player] buffering 0.0
[DBG] Buffering 15%
[DBG] Buffering 21%
[DBG] Buffering 24%
[DBG] Buffering 25%
[DBG] Buffering 28%
[DBG] Buffering 33%
[DBG] Buffering 38%
[DBG] Buffering 41%
[DBG] Buffering 44%
[DBG] Received first picture
11:27:16.570 PM [framestep] nextFrameStepped result=0 time=19620 ms
[DBG] Buffering 46%
[DBG] Buffering 50%
[DBG] Buffering 66%
[DBG] Buffering 71%
[DBG] Buffering 75%
[DBG] Buffering 78%
[DBG] Buffering 83%
[DBG] Buffering 85%
[DBG] Buffering 88%
[DBG] Buffering 91%
[DBG] Buffering 95%
[DBG] Buffering 96%
[DBG] Stream buffering done (1001 ms in 20 ms)
11:27:16.581 PM [player] buffering 1.0
[DBG] Decoder wait done in 0 ms
[ERR] ES_OUT_SET_(GROUP_)PCR  is called 11782 ms late (jitter of 11822 ms ignored)
[DBG] ES_OUT_RESET_PCR called
11:27:16.584 PM [player] buffering 0.0
[DBG] Buffering 0%
11:27:16.586 PM [player] buffering 0.0
[DBG] Buffering 6%
[DBG] Buffering 8%
[DBG] Buffering 10%
[DBG] Buffering 13%
[DBG] Buffering 18%
[DBG] Buffering 23%
[DBG] Buffering 26%
[DBG] Buffering 31%
[DBG] Buffering 35%
[DBG] Buffering 50%
[DBG] Buffering 56%
[DBG] Buffering 60%
[DBG] Buffering 63%
[DBG] Buffering 68%
[DBG] Buffering 73%
[DBG] Buffering 76%
[DBG] Buffering 79%
[DBG] Received first picture
[DBG] Buffering 81%
11:27:16.605 PM [framestep] nextFrameStepped result=0 time=19620 ms
[DBG] Buffering 85%
[DBG] Stream buffering done (1017 ms in 24 ms)
11:27:16.610 PM [player] buffering 1.0
[DBG] Decoder wait done in 0 ms
[ERR] ES_OUT_SET_(GROUP_)PCR  is called 11886 ms late (jitter of 11850 ms ignored)
[DBG] ES_OUT_RESET_PCR called
11:27:16.612 PM [player] buffering 0.0
[DBG] Buffering 0%
11:27:16.612 PM [player] buffering 0.0
[DBG] Buffering 3%
[DBG] Buffering 8%
[DBG] Buffering 10%
[DBG] Buffering 13%
[DBG] Buffering 16%
[DBG] Buffering 20%
[DBG] Buffering 21%
[DBG] Buffering 25%
[DBG] Buffering 39%
[DBG] Buffering 40%
[DBG] Buffering 46%
[DBG] Buffering 49%
[DBG] Buffering 50%
[DBG] Buffering 53%
[DBG] Buffering 58%
[DBG] Buffering 63%
[DBG] Buffering 66%
[DBG] Buffering 71%
[DBG] Buffering 75%
[DBG] Received first picture
11:27:16.625 PM [framestep] nextFrameStepped result=0 time=19620 ms
[DBG] Buffering 90%
[DBG] Buffering 96%
[DBG] Stream buffering done (1001 ms in 19 ms)
[DBG] Decoder wait done in 0 ms
11:27:16.632 PM [player] buffering 1.0
[ERR] ES_OUT_SET_(GROUP_)PCR  is called 11941 ms late (jitter of 11886 ms ignored)
[DBG] ES_OUT_RESET_PCR called
11:27:16.634 PM [player] buffering 0.0
[DBG] Buffering 0%
11:27:16.634 PM [player] buffering 0.0
[DBG] Buffering 5%
[DBG] Buffering 8%
[DBG] Buffering 11%
[DBG] Buffering 13%
[DBG] Buffering 16%
[DBG] Buffering 30%
[DBG] Buffering 31%
[DBG] Buffering 38%
[DBG] Buffering 40%
[DBG] Buffering 41%
[DBG] Buffering 45%
[DBG] Buffering 49%
[DBG] Buffering 50%
[DBG] Buffering 55%
[DBG] Received first picture
11:27:16.646 PM [framestep] nextFrameStepped result=0 time=19620 ms
[DBG] Buffering 58%
[DBG] Buffering 63%
[DBG] Buffering 66%
[DBG] Buffering 81%
[DBG] Buffering 88%
[DBG] Buffering 91%
[DBG] Buffering 95%
[DBG] Stream buffering done (1001 ms in 23 ms)
[DBG] Decoder wait done in 0 ms
11:27:16.658 PM [player] buffering 1.0
[ERR] ES_OUT_SET_(GROUP_)PCR  is called 11950 ms late (jitter of 11941 ms ignored)
[DBG] ES_OUT_RESET_PCR called
11:27:16.659 PM [player] buffering 0.0
[DBG] Buffering 0%
11:27:16.660 PM [player] buffering 0.0
[DBG] Buffering 1%
[DBG] Buffering 5%
[DBG] Buffering 8%
[DBG] Buffering 24%
[DBG] Buffering 30%
[DBG] Buffering 33%
[DBG] Buffering 36%
[DBG] Buffering 41%
[DBG] Buffering 43%
[DBG] Buffering 46%
[DBG] Buffering 50%
[DBG] Buffering 53%
[DBG] Buffering 55%
[DBG] Buffering 58%
[DBG] Received first picture
[DBG] Buffering 72%
11:27:16.681 PM [framestep] nextFrameStepped result=0 time=19620 ms
[DBG] Buffering 73%
[DBG] Buffering 80%
[DBG] Buffering 81%
[DBG] Buffering 83%
[DBG] Buffering 86%
[DBG] Buffering 91%
[DBG] Buffering 96%
[DBG] Stream buffering done (1001 ms in 116 ms)
[DBG] Decoder wait done in 0 ms
11:27:16.776 PM [player] buffering 1.0
[ERR] ES_OUT_SET_(GROUP_)PCR  is called 12067 ms late (jitter of 11950 ms ignored)
[DBG] ES_OUT_RESET_PCR called
11:27:16.777 PM [player] buffering 0.0
11:27:16.777 PM [player] buffering 0.0
[DBG] Buffering 0%
[DBG] Buffering 15%
[DBG] Buffering 21%
[DBG] Buffering 24%
[DBG] Buffering 25%
[DBG] Buffering 28%
[DBG] Buffering 33%
[DBG] Buffering 38%
[DBG] Buffering 41%
[DBG] Received first picture
11:27:16.794 PM [framestep] nextFrameStepped result=0 time=19620 ms
[DBG] Buffering 43%
[DBG] Buffering 46%
[DBG] Buffering 50%
[DBG] Buffering 66%
[DBG] Buffering 71%
[DBG] Buffering 75%
[DBG] Buffering 78%
[DBG] Buffering 83%
[DBG] Buffering 85%
[DBG] Buffering 88%
[DBG] Buffering 91%
[DBG] Buffering 95%
[DBG] Buffering 96%
[DBG] Stream buffering done (1001 ms in 33 ms)
11:27:16.810 PM [player] buffering 1.0
[DBG] Decoder wait done in 0 ms
[ERR] ES_OUT_SET_(GROUP_)PCR  is called 12012 ms late (jitter of 12012 ms ignored)
[DBG] ES_OUT_RESET_PCR called
11:27:16.813 PM [player] buffering 0.0
[DBG] Buffering 0%
11:27:16.826 PM [player] buffering 0.0
[DBG] Buffering 6%
[DBG] Buffering 8%
[DBG] Buffering 9%
[DBG] Buffering 13%
[DBG] Buffering 18%
[DBG] Buffering 23%
[DBG] Buffering 26%
[DBG] Buffering 31%
[DBG] Buffering 35%
[DBG] Buffering 50%
[DBG] Buffering 56%
[DBG] Received first picture
11:27:16.834 PM [framestep] nextFrameStepped result=0 time=19620 ms
[DBG] Buffering 59%
[DBG] Buffering 60%
[DBG] Buffering 63%
[DBG] Buffering 68%
[DBG] Buffering 73%
[DBG] Buffering 76%
[DBG] Buffering 79%
[DBG] Buffering 81%
[DBG] Buffering 85%
11:27:16.840 PM [player] buffering 1.0
[DBG] Stream buffering done (1015 ms in 13 ms)
[DBG] Decoder wait done in 0 ms
[ERR] ES_OUT_SET_(GROUP_)PCR  is called 12116 ms late (jitter of 12067 ms ignored)
[DBG] ES_OUT_RESET_PCR called
11:27:16.842 PM [player] buffering 0.0
[DBG] Buffering 0%
11:27:16.842 PM [player] buffering 0.0
[DBG] Buffering 3%
[DBG] Buffering 8%
[DBG] Buffering 10%
[DBG] Buffering 13%
[DBG] Buffering 16%
[DBG] Buffering 20%
[DBG] Buffering 21%
[DBG] Buffering 25%
[DBG] Buffering 39%
[DBG] Buffering 40%
[DBG] Buffering 46%
[DBG] Buffering 49%
[DBG] Buffering 50%
[DBG] Buffering 53%
[DBG] Buffering 58%
[DBG] Buffering 63%
[DBG] Received first picture
11:27:16.864 PM [framestep] nextFrameStepped result=0 time=19620 ms
[DBG] Buffering 66%
[DBG] Buffering 71%
[DBG] Buffering 75%
[DBG] Buffering 90%
[DBG] Buffering 96%
[DBG] Stream buffering done (1001 ms in 26 ms)
[DBG] Decoder wait done in 0 ms
11:27:16.869 PM [player] buffering 1.0
[ERR] ES_OUT_SET_(GROUP_)PCR  is called 12176 ms late (jitter of 12116 ms ignored)
[DBG] ES_OUT_RESET_PCR called
11:27:16.869 PM [player] buffering 0.0
[DBG] Buffering 0%
11:27:16.870 PM [player] buffering 0.0
[DBG] Buffering 5%
[DBG] Buffering 8%
[DBG] Buffering 11%
[DBG] Buffering 13%
[DBG] Buffering 16%
[DBG] Buffering 30%
[DBG] Buffering 31%
[DBG] Buffering 38%
[DBG] Buffering 39%
[DBG] Buffering 41%
[DBG] Received first picture
11:27:16.876 PM [framestep] nextFrameStepped result=0 time=19620 ms
[DBG] Buffering 45%
[DBG] Buffering 49%
[DBG] Buffering 50%
[DBG] Buffering 55%
[DBG] Buffering 58%
[DBG] Buffering 63%
[DBG] Buffering 66%
[DBG] Buffering 81%
[DBG] Buffering 88%
[DBG] Buffering 91%
[DBG] Buffering 95%
[DBG] Stream buffering done (1001 ms in 21 ms)
[DBG] Decoder wait done in 0 ms
11:27:16.891 PM [player] buffering 1.0
[ERR] ES_OUT_SET_(GROUP_)PCR  is called 12182 ms late (jitter of 12176 ms ignored)
[DBG] ES_OUT_RESET_PCR called
11:27:16.892 PM [player] buffering 0.0
11:27:16.892 PM [player] buffering 0.0
[DBG] Buffering 0%
[DBG] Buffering 1%
[DBG] Buffering 4%
[DBG] Buffering 8%
[DBG] Buffering 24%
[DBG] Buffering 29%
[DBG] Buffering 33%
[DBG] Buffering 36%
[DBG] Buffering 41%
[DBG] Buffering 46%
[DBG] Received first picture
11:27:16.899 PM [framestep] nextFrameStepped result=0 time=19620 ms
[DBG] Buffering 50%
[DBG] Buffering 52%
[DBG] Buffering 55%
[DBG] Buffering 58%
[DBG] Buffering 72%
[DBG] Buffering 73%
[DBG] Buffering 80%
[DBG] Buffering 81%
[DBG] Buffering 83%
[DBG] Buffering 86%
[DBG] Buffering 91%
[DBG] Buffering 96%
[DBG] Stream buffering done (1001 ms in 14 ms)
[DBG] Decoder wait done in 0 ms
11:27:16.907 PM [player] buffering 1.0
[ERR] ES_OUT_SET_(GROUP_)PCR  is called 12198 ms late (jitter of 12182 ms ignored)
[DBG] ES_OUT_RESET_PCR called
11:27:16.907 PM [player] buffering 0.0
[DBG] Buffering 0%
11:27:16.907 PM [player] buffering 0.0
[DBG] Buffering 14%
[DBG] Buffering 21%
[DBG] Buffering 24%
[DBG] Buffering 25%
[DBG] Buffering 28%
[DBG] Buffering 33%
[DBG] Received first picture
11:27:16.913 PM [framestep] nextFrameStepped result=0 time=19620 ms
[DBG] Buffering 38%
[DBG] Buffering 41%
[DBG] Buffering 43%
[DBG] Buffering 46%
[DBG] Buffering 50%
[DBG] Buffering 66%
[DBG] Buffering 71%
[DBG] Buffering 75%
[DBG] Buffering 78%
[DBG] Buffering 83%
[DBG] Buffering 85%
[DBG] Buffering 88%
[DBG] Buffering 91%
[DBG] Buffering 94%
[DBG] Buffering 96%
[DBG] Stream buffering done (1001 ms in 17 ms)
[DBG] Decoder wait done in 0 ms
11:27:16.925 PM [player] buffering 1.0
[ERR] ES_OUT_SET_(GROUP_)PCR  is called 12129 ms late (jitter of 12182 ms ignored)
[DBG] ES_OUT_RESET_PCR called
11:27:16.929 PM [player] buffering 0.0
[DBG] Buffering 0%
11:27:16.929 PM [player] buffering 0.0
[DBG] Buffering 6%
[DBG] Buffering 8%
[DBG] Buffering 10%
[DBG] Buffering 13%
[DBG] Buffering 18%
[DBG] Buffering 23%
[DBG] Buffering 26%
[DBG] Buffering 31%
[DBG] Buffering 35%
[DBG] Buffering 50%
[DBG] Buffering 56%
[DBG] Buffering 59%
[DBG] Buffering 60%
[DBG] Buffering 63%
[DBG] Buffering 68%
[DBG] Received first picture
11:27:16.943 PM [framestep] nextFrameStepped result=0 time=19620 ms
[DBG] Buffering 73%
[DBG] Buffering 76%
[DBG] Buffering 79%
[DBG] Buffering 81%
[DBG] Buffering 85%
[DBG] Stream buffering done (1014 ms in 18 ms)
11:27:16.948 PM [player] buffering 1.0
[DBG] Decoder wait done in 0 ms
[ERR] ES_OUT_SET_(GROUP_)PCR  is called 12223 ms late (jitter of 12198 ms ignored)
[DBG] ES_OUT_RESET_PCR called
11:27:16.949 PM [player] buffering 0.0
[DBG] Buffering 0%
11:27:16.949 PM [player] buffering 0.0
[DBG] Buffering 3%
[DBG] Buffering 8%
[DBG] Buffering 10%
[DBG] Buffering 13%
[DBG] Buffering 16%
[DBG] Buffering 20%
[DBG] Buffering 21%
[DBG] Buffering 25%
[DBG] Buffering 39%
[DBG] Buffering 40%
[DBG] Buffering 46%
[DBG] Received first picture
11:27:16.956 PM [framestep] nextFrameStepped result=0 time=19620 ms
[DBG] Buffering 48%
[DBG] Buffering 50%
[DBG] Buffering 53%
[DBG] Buffering 58%
[DBG] Buffering 63%
[DBG] Buffering 66%
[DBG] Buffering 71%
[DBG] Buffering 75%
[DBG] Buffering 90%
[DBG] Buffering 96%
11:27:16.966 PM [player] buffering 1.0
[DBG] Stream buffering done (1001 ms in 16 ms)
[DBG] Decoder wait done in 0 ms
[ERR] ES_OUT_SET_(GROUP_)PCR  is called 12273 ms late (jitter of 12223 ms ignored)
[DBG] ES_OUT_RESET_PCR called
11:27:16.966 PM [player] buffering 0.0
[DBG] Buffering 0%
11:27:16.966 PM [player] buffering 0.0
[DBG] Buffering 5%
[DBG] Buffering 8%
[DBG] Buffering 10%
[DBG] Buffering 13%
[DBG] Buffering 16%
[DBG] Buffering 33%
[DBG] Buffering 38%
[DBG] Buffering 41%
[DBG] Buffering 45%
[DBG] Buffering 50%
[DBG] Buffering 52%
[DBG] Buffering 55%
[DBG] Buffering 58%
[DBG] Buffering 62%
[DBG] Buffering 63%
[DBG] Buffering 66%
[DBG] Received first picture
11:27:16.974 PM [framestep] nextFrameStepped result=0 time=19620 ms
[DBG] Buffering 81%
[DBG] Buffering 88%
[DBG] Buffering 90%
[DBG] Buffering 91%
[DBG] Buffering 95%
[DBG] Stream buffering done (1001 ms in 16 ms)
11:27:16.983 PM [player] buffering 1.0
[DBG] Decoder wait done in 0 ms
[ERR] ES_OUT_SET_(GROUP_)PCR  is called 12275 ms late (jitter of 12273 ms ignored)
[DBG] ES_OUT_RESET_PCR called
11:27:16.984 PM [player] buffering 0.0
11:27:16.985 PM [player] buffering 0.0
[DBG] Buffering 0%
[DBG] Buffering 5%
[DBG] Buffering 8%
[DBG] Buffering 24%
[DBG] Buffering 30%
[DBG] Buffering 33%
[DBG] Buffering 36%
[DBG] Buffering 41%
[DBG] Received first picture
11:27:16.991 PM [framestep] nextFrameStepped result=0 time=19620 ms
[DBG] Buffering 46%
[DBG] Buffering 50%
[DBG] Buffering 52%
[DBG] Buffering 55%
[DBG] Buffering 58%
[DBG] Buffering 72%
[DBG] Buffering 73%
[DBG] Buffering 80%
[DBG] Buffering 81%
[DBG] Buffering 83%
[DBG] Buffering 86%
[DBG] Buffering 91%
[DBG] Buffering 96%
11:27:16.999 PM [player] buffering 1.0
[DBG] Stream buffering done (1001 ms in 13 ms)
[DBG] Decoder wait done in 0 ms
[ERR] ES_OUT_SET_(GROUP_)PCR  is called 12290 ms late (jitter of 12275 ms ignored)
[DBG] ES_OUT_RESET_PCR called
11:27:17.000 PM [player] buffering 0.0
11:27:17.000 PM [player] buffering 0.0
[DBG] Buffering 0%
[DBG] Buffering 14%
[DBG] Buffering 15%
[DBG] Buffering 21%
[DBG] Buffering 24%
[DBG] Buffering 25%
[DBG] Buffering 28%
[DBG] Buffering 33%
[DBG] Received first picture
11:27:17.006 PM [framestep] nextFrameStepped result=0 time=19620 ms
[DBG] Buffering 38%
[DBG] Buffering 41%
[DBG] Buffering 43%
[DBG] Buffering 46%
[DBG] Buffering 50%
[DBG] Buffering 66%
[DBG] Buffering 71%
[DBG] Buffering 75%
[DBG] Buffering 78%
[DBG] Buffering 83%
[DBG] Buffering 85%
[DBG] Buffering 88%
[DBG] Buffering 91%
[DBG] Buffering 94%
[DBG] Buffering 96%
[DBG] Stream buffering done (1001 ms in 18 ms)
11:27:17.019 PM [player] buffering 1.0
[DBG] Decoder wait done in 0 ms
[ERR] ES_OUT_SET_(GROUP_)PCR  is called 12222 ms late (jitter of 12275 ms ignored)
[DBG] ES_OUT_RESET_PCR called
11:27:17.020 PM [player] buffering 0.0
[DBG] Buffering 0%
11:27:17.022 PM [player] buffering 0.0
[DBG] Buffering 6%
[DBG] Buffering 8%
[DBG] Buffering 9%
[DBG] Buffering 13%
[DBG] Buffering 18%
[DBG] Buffering 23%
[DBG] Buffering 26%
[DBG] Buffering 31%
[DBG] Buffering 35%
[DBG] Buffering 50%
[DBG] Buffering 56%
[DBG] Buffering 59%
[DBG] Buffering 60%
[DBG] Buffering 63%
[DBG] Buffering 68%
[DBG] Buffering 73%
[DBG] Buffering 76%
[DBG] Buffering 78%
[DBG] Buffering 81%
[DBG] Received first picture
11:27:17.029 PM [framestep] nextFrameStepped result=0 time=19620 ms
[DBG] Buffering 85%
11:27:17.036 PM [player] buffering 1.0
[DBG] Stream buffering done (1012 ms in 14 ms)
[DBG] Decoder wait done in 0 ms
[ERR] ES_OUT_SET_(GROUP_)PCR  is called 12311 ms late (jitter of 12290 ms ignored)
[DBG] ES_OUT_RESET_PCR called
11:27:17.037 PM [player] buffering 0.0
[DBG] Buffering 0%
11:27:17.037 PM [player] buffering 0.0
[DBG] Buffering 3%
[DBG] Buffering 8%
[DBG] Buffering 10%
[DBG] Buffering 13%
[DBG] Buffering 16%
[DBG] Buffering 20%
[DBG] Buffering 21%
[DBG] Buffering 25%
[DBG] Buffering 39%
[DBG] Buffering 40%
[DBG] Buffering 46%
[DBG] Received first picture
11:27:17.048 PM [framestep] nextFrameStepped result=0 time=19620 ms
[DBG] Buffering 48%
[DBG] Buffering 50%
[DBG] Buffering 53%
[DBG] Buffering 58%
[DBG] Buffering 63%
[DBG] Buffering 66%
[DBG] Buffering 71%
[DBG] Buffering 75%
[DBG] Buffering 90%
[DBG] Buffering 96%
[DBG] Stream buffering done (1000 ms in 21 ms)
11:27:17.058 PM [player] buffering 1.0
[DBG] Decoder wait done in 0 ms
[ERR] ES_OUT_SET_(GROUP_)PCR  is called 12399 ms late (jitter of 12311 ms ignored)
[DBG] ES_OUT_RESET_PCR called
11:27:17.058 PM [player] buffering 0.0
11:27:17.062 PM [player] buffering 0.0
[DBG] Buffering 0%
[DBG] Buffering 5%
[DBG] Buffering 10%
[DBG] Buffering 13%
[DBG] Buffering 15%
[DBG] Buffering 18%
[DBG] Buffering 21%
[DBG] Buffering 38%
[DBG] Buffering 43%
[DBG] Buffering 46%
[DBG] Received first picture
11:27:17.070 PM [framestep] nextFrameStepped result=0 time=19620 ms
[DBG] Buffering 50%
[DBG] Buffering 55%
[DBG] Buffering 57%
[DBG] Buffering 60%
[DBG] Buffering 63%
[DBG] Buffering 66%
[DBG] Buffering 68%
[DBG] Buffering 71%
[DBG] Buffering 86%
[DBG] Buffering 93%
[DBG] Buffering 95%
[DBG] Buffering 96%
11:27:17.077 PM [player] buffering 1.0
[DBG] Stream buffering done (1001 ms in 15 ms)
[DBG] Decoder wait done in 0 ms
[ERR] ES_OUT_SET_(GROUP_)PCR  is called 12368 ms late (jitter of 12368 ms ignored)
[DBG] ES_OUT_RESET_PCR called
11:27:17.078 PM [player] buffering 0.0
[DBG] Buffering 0%
11:27:17.078 PM [player] buffering 0.0
[DBG] Buffering 3%
[DBG] Buffering 8%
[DBG] Buffering 11%
[DBG] Buffering 27%
[DBG] Buffering 33%
[DBG] Buffering 36%
[DBG] Buffering 40%
[DBG] Buffering 45%
[DBG] Buffering 50%
[DBG] Received first picture
[DBG] Buffering 53%
11:27:17.092 PM [framestep] nextFrameStepped result=0 time=19620 ms
[DBG] Buffering 56%
[DBG] Buffering 58%
[DBG] Buffering 61%
[DBG] Buffering 75%
[DBG] Buffering 76%
[DBG] Buffering 83%
[DBG] Buffering 84%
[DBG] Buffering 86%
[DBG] Buffering 90%
[DBG] Buffering 94%
[DBG] Buffering 95%
11:27:17.102 PM [player] buffering 1.0
[DBG] Stream buffering done (1001 ms in 24 ms)
[DBG] Decoder wait done in 0 ms
[ERR] ES_OUT_SET_(GROUP_)PCR  is called 12411 ms late (jitter of 12399 ms ignored)
[DBG] ES_OUT_RESET_PCR called
11:27:17.104 PM [player] buffering 0.0
11:27:17.104 PM [player] buffering 0.0
[DBG] Buffering 0%
[DBG] Buffering 3%
[DBG] Buffering 18%
[DBG] Buffering 25%
[DBG] Buffering 27%
[DBG] Buffering 28%
[DBG] Received first picture
11:27:17.110 PM [framestep] nextFrameStepped result=0 time=19620 ms
[DBG] Buffering 31%
[DBG] Buffering 36%
[DBG] Buffering 41%
[DBG] Buffering 45%
[DBG] Buffering 50%
[DBG] Buffering 53%
[DBG] Buffering 69%
[DBG] Buffering 75%
[DBG] Buffering 78%
[DBG] Buffering 81%
[DBG] Buffering 86%
[DBG] Buffering 91%
[DBG] Buffering 95%
[DBG] Buffering 98%
11:27:17.119 PM [player] buffering 1.0
[DBG] Stream buffering done (1001 ms in 14 ms)
[DBG] Decoder wait done in 0 ms
[ERR] ES_OUT_SET_(GROUP_)PCR  is called 12427 ms late (jitter of 12411 ms ignored)
[DBG] ES_OUT_RESET_PCR called
11:27:17.121 PM [player] buffering 0.0
11:27:17.122 PM [player] buffering 0.0
[DBG] Buffering 0%
[DBG] Buffering 1%
[DBG] Buffering 7%
[DBG] Buffering 9%
[DBG] Buffering 11%
[DBG] Buffering 14%
[DBG] Buffering 19%
[DBG] Buffering 24%
[DBG] Received first picture
11:27:17.126 PM [framestep] nextFrameStepped result=0 time=19620 ms
[DBG] Buffering 27%
[DBG] Buffering 33%
[DBG] Buffering 36%
[DBG] Buffering 51%
[DBG] Buffering 57%
[DBG] Buffering 60%
[DBG] Buffering 61%
[DBG] Buffering 64%
[DBG] Buffering 69%
[DBG] Buffering 74%
[DBG] Buffering 78%
[DBG] Buffering 80%
[DBG] Buffering 83%
[DBG] Buffering 86%
11:27:17.142 PM [player] buffering 1.0
[DBG] Stream buffering done (1024 ms in 20 ms)
[DBG] Decoder wait done in 0 ms
[ERR] ES_OUT_SET_(GROUP_)PCR  is called 12404 ms late (jitter of 12411 ms ignored)
[DBG] ES_OUT_RESET_PCR called
11:27:17.143 PM [player] buffering 0.0
11:27:17.144 PM [player] buffering 0.0
[DBG] Buffering 0%
[DBG] Buffering 3%
[DBG] Buffering 8%
[DBG] Buffering 10%
[DBG] Buffering 13%
[DBG] Buffering 16%
[DBG] Buffering 19%
[DBG] Buffering 21%
[DBG] Buffering 25%
[DBG] Buffering 39%
[DBG] Buffering 40%
[DBG] Buffering 46%
[DBG] Buffering 48%
[DBG] Buffering 50%
[DBG] Buffering 53%
[DBG] Buffering 58%
[DBG] Buffering 63%
[DBG] Received first picture
11:27:17.162 PM [framestep] nextFrameStepped result=0 time=19620 ms
[DBG] Buffering 66%
[DBG] Buffering 71%
[DBG] Buffering 75%
[DBG] Buffering 90%
[DBG] Buffering 96%
[DBG] Buffering 99%
[DBG] Stream buffering done (1001 ms in 23 ms)
11:27:17.168 PM [player] buffering 1.0
[DBG] Decoder wait done in 0 ms
[ERR] ES_OUT_SET_(GROUP_)PCR  is called 12476 ms late (jitter of 12427 ms ignored)
[DBG] ES_OUT_RESET_PCR called
11:27:17.169 PM [player] buffering 0.0
[DBG] Buffering 0%
11:27:17.169 PM [player] buffering 0.0
[DBG] Buffering 5%
[DBG] Buffering 8%
[DBG] Buffering 10%
[DBG] Buffering 13%
[DBG] Buffering 16%
[DBG] Buffering 33%
[DBG] Received first picture
11:27:17.180 PM [framestep] nextFrameStepped result=0 time=19620 ms
[DBG] Buffering 38%
[DBG] Buffering 41%
[DBG] Buffering 45%
[DBG] Buffering 50%
[DBG] Buffering 52%
[DBG] Buffering 55%
[DBG] Buffering 58%
[DBG] Buffering 61%
[DBG] Buffering 63%
[DBG] Buffering 66%
[DBG] Buffering 81%
[DBG] Buffering 88%
[DBG] Buffering 90%
[DBG] Buffering 91%
[DBG] Buffering 95%
11:27:17.194 PM [player] buffering 1.0
[DBG] Stream buffering done (1001 ms in 24 ms)
[DBG] Decoder wait done in 0 ms
[ERR] ES_OUT_SET_(GROUP_)PCR  is called 12485 ms late (jitter of 12476 ms ignored)
[DBG] ES_OUT_RESET_PCR called
11:27:17.194 PM [player] buffering 0.0
11:27:17.195 PM [player] buffering 0.0
[DBG] Buffering 0%
[DBG] Buffering 5%
[DBG] Buffering 8%
[DBG] Buffering 23%
[DBG] Buffering 30%
[DBG] Buffering 33%
[DBG] Buffering 36%
[DBG] Buffering 41%
[DBG] Received first picture
11:27:17.202 PM [framestep] nextFrameStepped result=0 time=19620 ms
[DBG] Buffering 46%
[DBG] Buffering 50%
[DBG] Buffering 52%
[DBG] Buffering 55%
[DBG] Buffering 58%
[DBG] Buffering 74%
[DBG] Buffering 80%
[DBG] Buffering 83%
[DBG] Buffering 86%
[DBG] Buffering 91%
[DBG] Buffering 94%
[DBG] Buffering 96%
11:27:17.219 PM [player] buffering 1.0
[DBG] Stream buffering done (1001 ms in 24 ms)
[DBG] Decoder wait done in 0 ms
[ERR] ES_OUT_SET_(GROUP_)PCR  is called 12523 ms late (jitter of 12485 ms ignored)
[DBG] ES_OUT_RESET_PCR called
11:27:17.219 PM [player] buffering 0.0
[DBG] Buffering 0%
11:27:17.220 PM [player] buffering 0.0
[DBG] Buffering 3%
[DBG] Buffering 17%
[DBG] Buffering 18%
[DBG] Buffering 25%
[DBG] Buffering 27%
[DBG] Buffering 28%
[DBG] Buffering 31%
[DBG] Buffering 36%
[DBG] Buffering 41%
[DBG] Buffering 45%
[DBG] Received first picture
11:27:17.227 PM [framestep] nextFrameStepped result=0 time=19620 ms
[DBG] Buffering 50%
[DBG] Buffering 53%
[DBG] Buffering 69%
[DBG] Buffering 75%
[DBG] Buffering 78%
[DBG] Buffering 81%
[DBG] Buffering 86%
[DBG] Buffering 91%
[DBG] Buffering 95%
[DBG] Buffering 97%
[DBG] Stream buffering done (1001 ms in 17 ms)
11:27:17.237 PM [player] buffering 1.0
[DBG] Decoder wait done in 0 ms
[ERR] ES_OUT_SET_(GROUP_)PCR  is called 12544 ms late (jitter of 12523 ms ignored)
[DBG] ES_OUT_RESET_PCR called
11:27:17.237 PM [player] buffering 0.0
[DBG] Buffering 0%
11:27:17.239 PM [player] buffering 0.0
[DBG] Buffering 1%
[DBG] Buffering 8%
[DBG] Buffering 9%
[DBG] Buffering 11%
[DBG] Received first picture
11:27:17.243 PM [framestep] nextFrameStepped result=0 time=19620 ms
[DBG] Buffering 14%
[DBG] Buffering 19%
[DBG] Buffering 24%
[DBG] Buffering 28%
[DBG] Buffering 33%
[DBG] Buffering 36%
[DBG] Buffering 51%
[DBG] Buffering 58%
[DBG] Buffering 60%
[DBG] Buffering 61%
[DBG] Buffering 64%
[DBG] Buffering 69%
[DBG] Buffering 74%
[DBG] Buffering 78%
[DBG] Buffering 80%
[DBG] Buffering 83%
[DBG] Buffering 86%
11:27:17.263 PM [player] buffering 1.0
[DBG] Stream buffering done (1024 ms in 23 ms)
[DBG] Decoder wait done in 0 ms
[ERR] ES_OUT_SET_(GROUP_)PCR  is called 12524 ms late (jitter of 12524 ms ignored)
[DBG] ES_OUT_RESET_PCR called
11:27:17.265 PM [player] buffering 0.0
11:27:17.265 PM [player] buffering 0.0
[DBG] Buffering 0%
[DBG] Buffering 3%
[DBG] Buffering 8%
[DBG] Buffering 13%
[DBG] Buffering 16%
[DBG] Buffering 19%
[DBG] Buffering 21%
[DBG] Buffering 25%
[DBG] Buffering 38%
[DBG] Buffering 40%
[DBG] Buffering 46%
[DBG] Buffering 48%
[DBG] Buffering 50%
[DBG] Buffering 53%
[DBG] Buffering 58%
[DBG] Buffering 63%
[DBG] Received first picture
11:27:17.275 PM [framestep] nextFrameStepped result=0 time=19620 ms
[DBG] Buffering 66%
[DBG] Buffering 71%
[DBG] Buffering 75%
[DBG] Buffering 90%
[DBG] Buffering 96%
[DBG] Buffering 99%
[DBG] Stream buffering done (1001 ms in 21 ms)
[DBG] Decoder wait done in 0 ms
11:27:17.287 PM [player] buffering 1.0
[ERR] ES_OUT_SET_(GROUP_)PCR  is called 12594 ms late (jitter of 12544 ms ignored)
[DBG] ES_OUT_RESET_PCR called
11:27:17.287 PM [player] buffering 0.0
[DBG] Buffering 0%
11:27:17.287 PM [player] buffering 0.0
[DBG] Buffering 5%
[DBG] Buffering 8%
[DBG] Buffering 10%
[DBG] Buffering 13%
[DBG] Buffering 16%
[DBG] Buffering 32%
[DBG] Buffering 38%
[DBG] Buffering 41%
[DBG] Buffering 45%
[DBG] Received first picture
11:27:17.296 PM [framestep] nextFrameStepped result=0 time=19620 ms
[DBG] Buffering 50%
[DBG] Buffering 52%
[DBG] Buffering 55%
[DBG] Buffering 58%
[DBG] Buffering 61%
[DBG] Buffering 63%
[DBG] Buffering 66%
[DBG] Buffering 80%
[DBG] Buffering 81%
[DBG] Buffering 88%
[DBG] Buffering 90%
[DBG] Buffering 91%
[DBG] Buffering 95%
11:27:17.305 PM [player] buffering 1.0
[DBG] Stream buffering done (1000 ms in 18 ms)
[DBG] Decoder wait done in 0 ms
[ERR] ES_OUT_SET_(GROUP_)PCR  is called 12646 ms late (jitter of 12594 ms ignored)
[DBG] ES_OUT_RESET_PCR called
11:27:17.305 PM [player] buffering 0.0
11:27:17.306 PM [player] buffering 0.0
[DBG] Buffering 0%
[DBG] Buffering 3%
[DBG] Buffering 8%
[DBG] Buffering 11%
[DBG] Buffering 26%
[DBG] Buffering 33%
[DBG] Buffering 36%
[DBG] Buffering 40%
[DBG] Buffering 45%
[DBG] Buffering 50%
[DBG] Received first picture
11:27:17.321 PM [framestep] nextFrameStepped result=0 time=19620 ms
[DBG] Buffering 53%
[DBG] Buffering 55%
[DBG] Buffering 58%
[DBG] Buffering 61%
[DBG] Buffering 78%
[DBG] Buffering 83%
[DBG] Buffering 86%
[DBG] Buffering 90%
[DBG] Buffering 95%
[DBG] Buffering 97%
11:27:17.329 PM [player] buffering 1.0
[DBG] Stream buffering done (1001 ms in 22 ms)
[DBG] Decoder wait done in 0 ms
[ERR] ES_OUT_SET_(GROUP_)PCR  is called 12637 ms late (jitter of 12637 ms ignored)
[DBG] ES_OUT_RESET_PCR called
11:27:17.330 PM [player] buffering 0.0
11:27:17.330 PM [player] buffering 0.0
[DBG] Buffering 0%
[DBG] Buffering 1%
[DBG] Buffering 4%
[DBG] Buffering 19%
[DBG] Buffering 26%
[DBG] Buffering 28%
[DBG] Buffering 29%
[DBG] Buffering 33%
[DBG] Buffering 38%
[DBG] Buffering 43%
[DBG] Received first picture
11:27:17.336 PM [framestep] nextFrameStepped result=0 time=19620 ms
[DBG] Buffering 46%
[DBG] Buffering 51%
[DBG] Buffering 54%
[DBG] Buffering 70%
[DBG] Buffering 76%
[DBG] Buffering 79%
[DBG] Buffering 83%
[DBG] Buffering 88%
[DBG] Buffering 93%
[DBG] Buffering 96%
[DBG] Buffering 99%
11:27:17.353 PM [player] buffering 1.0
[DBG] Stream buffering done (1016 ms in 23 ms)
[DBG] Decoder wait done in 0 ms
[ERR] ES_OUT_SET_(GROUP_)PCR  is called 12646 ms late (jitter of 12646 ms ignored)
[DBG] ES_OUT_RESET_PCR called
11:27:17.354 PM [player] buffering 0.0
[DBG] Buffering 0%
11:27:17.361 PM [player] buffering 0.0
[DBG] Buffering 5%
[DBG] Buffering 8%
[DBG] Buffering 11%
[DBG] Buffering 16%
[DBG] Buffering 19%
[DBG] Buffering 21%
[DBG] Buffering 25%
[DBG] Received first picture
11:27:17.366 PM [framestep] nextFrameStepped result=0 time=19620 ms
[DBG] Buffering 28%
[DBG] Buffering 30%
[DBG] Buffering 33%
[DBG] Buffering 48%
[DBG] Buffering 55%
[DBG] Buffering 57%
[DBG] Buffering 58%
[DBG] Buffering 61%
[DBG] Buffering 66%
[DBG] Buffering 71%
[DBG] Buffering 75%
[DBG] Buffering 80%
[DBG] Buffering 83%
[DBG] Buffering 99%
[DBG] Stream buffering done (1051 ms in 19 ms)
11:27:17.381 PM [player] buffering 1.0
[DBG] Decoder wait done in 0 ms
[ERR] ES_OUT_SET_(GROUP_)PCR  is called 12638 ms late (jitter of 12638 ms ignored)
[DBG] ES_OUT_RESET_PCR called
11:27:17.382 PM [player] buffering 0.0
[DBG] Buffering 0%
11:27:17.382 PM [player] buffering 0.0
[DBG] Buffering 4%
[DBG] Buffering 9%
[DBG] Buffering 13%
[DBG] Buffering 16%
[DBG] Buffering 18%
[DBG] Buffering 21%
[DBG] Buffering 35%
[DBG] Buffering 36%
[DBG] Buffering 43%
[DBG] Buffering 44%
[DBG] Buffering 46%
[DBG] Buffering 50%
[DBG] Buffering 54%
[DBG] Buffering 55%
[DBG] Buffering 60%
[DBG] Received first picture
11:27:17.395 PM [framestep] nextFrameStepped result=0 time=19620 ms
[DBG] Buffering 63%
[DBG] Buffering 68%
[DBG] Buffering 71%
[DBG] Buffering 86%
[DBG] Buffering 93%
[DBG] Buffering 96%
[DBG] Stream buffering done (1001 ms in 23 ms)
[DBG] Decoder wait done in 0 ms
11:27:17.406 PM [player] buffering 1.0
[ERR] ES_OUT_SET_(GROUP_)PCR  is called 12697 ms late (jitter of 12646 ms ignored)
[DBG] ES_OUT_RESET_PCR called
11:27:17.406 PM [player] buffering 0.0
[DBG] Buffering 0%
11:27:17.407 PM [player] buffering 0.0
[DBG] Buffering 3%
[DBG] Buffering 5%
[DBG] Buffering 8%
[DBG] Buffering 11%
[DBG] Buffering 27%
[DBG] Buffering 33%
[DBG] Buffering 36%
[DBG] Received first picture
11:27:17.414 PM [framestep] nextFrameStepped result=0 time=19620 ms
[DBG] Buffering 40%
[DBG] Buffering 45%
[DBG] Buffering 46%
[DBG] Buffering 50%
[DBG] Buffering 53%
[DBG] Buffering 56%
[DBG] Buffering 58%
[DBG] Buffering 61%
[DBG] Buffering 75%
[DBG] Buffering 76%
[DBG] Buffering 83%
[DBG] Buffering 85%
[DBG] Buffering 86%
[DBG] Buffering 90%
[DBG] Buffering 94%
[DBG] Buffering 95%
[DBG] Stream buffering done (1001 ms in 19 ms)
[DBG] Decoder wait done in 0 ms
11:27:17.427 PM [player] buffering 1.0
[ERR] ES_OUT_SET_(GROUP_)PCR  is called 12736 ms late (jitter of 12697 ms ignored)
[DBG] ES_OUT_RESET_PCR called
11:27:17.428 PM [player] buffering 0.0
[DBG] Buffering 0%
11:27:17.429 PM [player] buffering 0.0
[DBG] Buffering 3%
[DBG] Buffering 18%
[DBG] Buffering 25%
[DBG] Buffering 28%
[DBG] Buffering 31%
[DBG] Buffering 36%
[DBG] Buffering 41%
[DBG] Buffering 45%
[DBG] Buffering 47%
[DBG] Buffering 50%
[DBG] Buffering 53%
[DBG] Received first picture
11:27:17.437 PM [framestep] nextFrameStepped result=0 time=19620 ms
[DBG] Buffering 69%
[DBG] Buffering 75%
[DBG] Buffering 78%
[DBG] Buffering 81%
[DBG] Buffering 86%
[DBG] Buffering 88%
[DBG] Buffering 91%
[DBG] Buffering 95%
[DBG] Buffering 98%
[DBG] Stream buffering done (1001 ms in 15 ms)
11:27:17.445 PM [player] buffering 1.0
[DBG] Decoder wait done in 0 ms
[ERR] ES_OUT_SET_(GROUP_)PCR  is called 12753 ms late (jitter of 12736 ms ignored)
[DBG] ES_OUT_RESET_PCR called
11:27:17.446 PM [player] buffering 0.0
[DBG] Buffering 0%
11:27:17.448 PM [player] buffering 0.0
[DBG] Buffering 7%
[DBG] Buffering 9%
[DBG] Buffering 10%
[DBG] Buffering 14%
[DBG] Buffering 19%
[DBG] Received first picture
11:27:17.456 PM [framestep] nextFrameStepped result=0 time=19620 ms
[DBG] Buffering 24%
[DBG] Buffering 27%
[DBG] Buffering 32%
[DBG] Buffering 35%
[DBG] Buffering 51%
[DBG] Buffering 57%
[DBG] Buffering 60%
[DBG] Buffering 64%
[DBG] Buffering 69%
[DBG] Buffering 74%
[DBG] Buffering 77%
[DBG] Buffering 80%
[DBG] Buffering 82%
[DBG] Buffering 85%
[DBG] Stream buffering done (1024 ms in 24 ms)
[DBG] Decoder wait done in 0 ms
11:27:17.472 PM [player] buffering 1.0
[ERR] ES_OUT_SET_(GROUP_)PCR  is called 12741 ms late (jitter of 12741 ms ignored)
[DBG] ES_OUT_RESET_PCR called
11:27:17.475 PM [player] buffering 0.0
[DBG] Buffering 0%
11:27:17.476 PM [player] buffering 0.0
[DBG] Buffering 3%
[DBG] Buffering 8%
[DBG] Buffering 10%
[DBG] Buffering 13%
[DBG] Buffering 16%
[DBG] Buffering 20%
[DBG] Buffering 21%
[DBG] Buffering 25%
[DBG] Buffering 39%
[DBG] Buffering 40%
[DBG] Buffering 46%
[DBG] Buffering 49%
[DBG] Buffering 50%
[DBG] Buffering 53%
[DBG] Buffering 58%
[DBG] Buffering 63%
[DBG] Buffering 66%
[DBG] Buffering 71%
[DBG] Buffering 75%
[DBG] Received first picture
11:27:17.491 PM [framestep] nextFrameStepped result=0 time=19620 ms
[DBG] Buffering 90%
[DBG] Buffering 96%
[DBG] Stream buffering done (1001 ms in 20 ms)
[DBG] Decoder wait done in 0 ms
11:27:17.496 PM [player] buffering 1.0
[ERR] ES_OUT_SET_(GROUP_)PCR  is called 12805 ms late (jitter of 12753 ms ignored)
[DBG] ES_OUT_RESET_PCR called
11:27:17.498 PM [player] buffering 0.0
[DBG] Buffering 0%
11:27:17.498 PM [player] buffering 0.0
[DBG] Buffering 5%
[DBG] Buffering 8%
[DBG] Buffering 11%
[DBG] Buffering 13%
[DBG] Buffering 16%
[DBG] Buffering 30%
[DBG] Buffering 31%
[DBG] Buffering 38%
[DBG] Buffering 39%
[DBG] Buffering 41%
[DBG] Received first picture
11:27:17.505 PM [framestep] nextFrameStepped result=0 time=19620 ms
[DBG] Buffering 45%
[DBG] Buffering 49%
[DBG] Buffering 50%
[DBG] Buffering 55%
[DBG] Buffering 58%
[DBG] Buffering 63%
[DBG] Buffering 66%
[DBG] Buffering 81%
[DBG] Buffering 88%
[DBG] Buffering 91%
[DBG] Buffering 95%
[DBG] Stream buffering done (1001 ms in 23 ms)
[DBG] Decoder wait done in 0 ms
11:27:17.521 PM [player] buffering 1.0
[ERR] ES_OUT_SET_(GROUP_)PCR  is called 12812 ms late (jitter of 12805 ms ignored)
[DBG] ES_OUT_RESET_PCR called
11:27:17.521 PM [player] buffering 0.0
[DBG] Buffering 0%
11:27:17.523 PM [player] buffering 0.0
[DBG] Buffering 1%
[DBG] Buffering 4%
[DBG] Buffering 8%
[DBG] Buffering 24%
[DBG] Buffering 29%
[DBG] Buffering 33%
[DBG] Buffering 36%
[DBG] Received first picture
11:27:17.528 PM [framestep] nextFrameStepped result=0 time=19620 ms
[DBG] Buffering 41%
[DBG] Buffering 46%
[DBG] Buffering 50%
[DBG] Buffering 52%
[DBG] Buffering 55%
[DBG] Buffering 58%
[DBG] Buffering 72%
[DBG] Buffering 73%
[DBG] Buffering 80%
[DBG] Buffering 81%
[DBG] Buffering 83%
[DBG] Buffering 86%
[DBG] Buffering 91%
[DBG] Buffering 96%
[DBG] Stream buffering done (1001 ms in 16 ms)
[DBG] Decoder wait done in 0 ms
11:27:17.539 PM [player] buffering 1.0
[ERR] ES_OUT_SET_(GROUP_)PCR  is called 12830 ms late (jitter of 12812 ms ignored)
[DBG] ES_OUT_RESET_PCR called
11:27:17.539 PM [player] buffering 0.0
[DBG] Buffering 0%
11:27:17.540 PM [player] buffering 0.0
[DBG] Buffering 14%
[DBG] Buffering 21%
[DBG] Buffering 24%
[DBG] Buffering 25%
[DBG] Buffering 28%
[DBG] Received first picture
11:27:17.544 PM [framestep] nextFrameStepped result=0 time=19620 ms
[DBG] Buffering 33%
[DBG] Buffering 38%
[DBG] Buffering 41%
[DBG] Buffering 43%
[DBG] Buffering 46%
[DBG] Buffering 50%
[DBG] Buffering 66%
[DBG] Buffering 71%
[DBG] Buffering 75%
[DBG] Buffering 78%
[DBG] Buffering 83%
[DBG] Buffering 85%
[DBG] Buffering 88%
[DBG] Buffering 91%
[DBG] Buffering 94%
[DBG] Buffering 96%
[DBG] Stream buffering done (1001 ms in 15 ms)
11:27:17.555 PM [player] buffering 1.0
[DBG] Decoder wait done in 0 ms
[ERR] ES_OUT_SET_(GROUP_)PCR  is called 12765 ms late (jitter of 12812 ms ignored)
[DBG] ES_OUT_RESET_PCR called
11:27:17.565 PM [player] buffering 0.0
11:27:17.565 PM [player] buffering 0.0
[DBG] Buffering 0%
[DBG] Buffering 6%
[DBG] Buffering 8%
[DBG] Buffering 10%
[DBG] Buffering 13%
[DBG] Buffering 18%
[DBG] Buffering 23%
[DBG] Buffering 26%
[DBG] Buffering 31%
[DBG] Buffering 35%
[DBG] Buffering 50%
[DBG] Buffering 56%
[DBG] Buffering 59%
[DBG] Buffering 60%
[DBG] Buffering 63%
[DBG] Buffering 68%
[DBG] Received first picture
11:27:17.577 PM [framestep] nextFrameStepped result=0 time=19620 ms
[DBG] Buffering 73%
[DBG] Buffering 76%
[DBG] Buffering 79%
[DBG] Buffering 81%
[DBG] Buffering 85%
[DBG] Stream buffering done (1014 ms in 26 ms)
11:27:17.592 PM [player] buffering 1.0
[DBG] Decoder wait done in 0 ms
[ERR] ES_OUT_SET_(GROUP_)PCR  is called 12867 ms late (jitter of 12830 ms ignored)
[DBG] ES_OUT_RESET_PCR called
11:27:17.593 PM [player] buffering 0.0
[DBG] Buffering 0%
11:27:17.593 PM [player] buffering 0.0
[DBG] Buffering 3%
[DBG] Buffering 8%
[DBG] Buffering 10%
[DBG] Buffering 13%
[DBG] Buffering 16%
[DBG] Buffering 20%
[DBG] Buffering 21%
[DBG] Buffering 25%
[DBG] Buffering 39%
[DBG] Buffering 40%
[DBG] Buffering 46%
[DBG] Buffering 48%
[DBG] Buffering 50%
[DBG] Buffering 53%
[DBG] Buffering 58%
[DBG] Received first picture
11:27:17.603 PM [framestep] nextFrameStepped result=0 time=19620 ms
[DBG] Buffering 63%
[DBG] Buffering 66%
[DBG] Buffering 71%
[DBG] Buffering 75%
[DBG] Buffering 90%
[DBG] Buffering 96%
[DBG] Stream buffering done (1001 ms in 15 ms)
[DBG] Decoder wait done in 0 ms
11:27:17.609 PM [player] buffering 1.0
[ERR] ES_OUT_SET_(GROUP_)PCR  is called 12918 ms late (jitter of 12867 ms ignored)
[DBG] ES_OUT_RESET_PCR called
11:27:17.611 PM [player] buffering 0.0
[DBG] Buffering 0%
11:27:17.611 PM [player] buffering 0.0
[DBG] Buffering 5%
[DBG] Buffering 8%
[DBG] Buffering 10%
[DBG] Buffering 13%
[DBG] Buffering 16%
[DBG] Buffering 33%
[DBG] Buffering 38%
[DBG] Buffering 41%
[DBG] Buffering 45%
[DBG] Buffering 50%
[DBG] Buffering 52%
[DBG] Buffering 55%
[DBG] Buffering 58%
[DBG] Buffering 62%
[DBG] Buffering 63%
[DBG] Buffering 66%
[DBG] Received first picture
11:27:17.624 PM [framestep] nextFrameStepped result=0 time=19620 ms
[DBG] Buffering 81%
[DBG] Buffering 88%
[DBG] Buffering 90%
[DBG] Buffering 91%
[DBG] Buffering 95%
[DBG] Stream buffering done (1001 ms in 21 ms)
11:27:17.633 PM [player] buffering 1.0
[DBG] Decoder wait done in 0 ms
[ERR] ES_OUT_SET_(GROUP_)PCR  is called 12926 ms late (jitter of 12918 ms ignored)
[DBG] ES_OUT_RESET_PCR called
11:27:17.636 PM [player] buffering 0.0
[DBG] Buffering 0%
11:27:17.636 PM [player] buffering 0.0
[DBG] Buffering 5%
[DBG] Buffering 8%
[DBG] Buffering 24%
[DBG] Buffering 30%
[DBG] Buffering 33%
[DBG] Received first picture
11:27:17.641 PM [framestep] nextFrameStepped result=0 time=19620 ms
[DBG] Buffering 36%
[DBG] Buffering 41%
[DBG] Buffering 46%
[DBG] Buffering 50%
[DBG] Buffering 52%
[DBG] Buffering 55%
[DBG] Buffering 58%
[DBG] Buffering 72%
[DBG] Buffering 73%
[DBG] Buffering 80%
[DBG] Buffering 81%
[DBG] Buffering 83%
[DBG] Buffering 86%
[DBG] Buffering 91%
[DBG] Buffering 96%
[DBG] Stream buffering done (1001 ms in 14 ms)
11:27:17.651 PM [player] buffering 1.0
[DBG] Decoder wait done in 0 ms
[ERR] ES_OUT_SET_(GROUP_)PCR  is called 12941 ms late (jitter of 12926 ms ignored)
[DBG] ES_OUT_RESET_PCR called
11:27:17.651 PM [player] buffering 0.0
11:27:17.651 PM [player] buffering 0.0
[DBG] Buffering 0%
[DBG] Buffering 14%
[DBG] Buffering 15%
[DBG] Buffering 21%
[DBG] Buffering 24%
[DBG] Buffering 25%
[DBG] Buffering 28%
[DBG] Buffering 33%
[DBG] Received first picture
11:27:17.664 PM [framestep] nextFrameStepped result=0 time=19620 ms
[DBG] Buffering 38%
[DBG] Buffering 41%
[DBG] Buffering 43%
[DBG] Buffering 46%
[DBG] Buffering 50%
[DBG] Buffering 66%
[DBG] Buffering 71%
[DBG] Buffering 75%
[DBG] Buffering 78%
[DBG] Buffering 83%
[DBG] Buffering 85%
[DBG] Buffering 88%
[DBG] Buffering 91%
[DBG] Buffering 94%
[DBG] Buffering 96%
[DBG] Stream buffering done (1001 ms in 24 ms)
[DBG] Decoder wait done in 0 ms
11:27:17.676 PM [player] buffering 1.0
[ERR] ES_OUT_SET_(GROUP_)PCR  is called 12881 ms late (jitter of 12926 ms ignored)
[DBG] ES_OUT_RESET_PCR called
11:27:17.679 PM [player] buffering 0.0
[DBG] Buffering 0%
11:27:17.680 PM [player] buffering 0.0
[DBG] Buffering 6%
[DBG] Buffering 8%
[DBG] Buffering 9%
[DBG] Buffering 13%
[DBG] Buffering 18%
[DBG] Buffering 23%
[DBG] Buffering 26%
[DBG] Buffering 31%
[DBG] Buffering 35%
[DBG] Buffering 50%
[DBG] Buffering 56%
[DBG] Buffering 59%
[DBG] Buffering 60%
[DBG] Buffering 63%
[DBG] Buffering 68%
[DBG] Received first picture
11:27:17.694 PM [framestep] nextFrameStepped result=0 time=19620 ms
[DBG] Buffering 73%
[DBG] Buffering 76%
[DBG] Buffering 78%
[DBG] Buffering 81%
[DBG] Buffering 85%
11:27:17.699 PM [player] buffering 1.0
[DBG] Stream buffering done (1012 ms in 19 ms)
[DBG] Decoder wait done in 0 ms
[ERR] ES_OUT_SET_(GROUP_)PCR  is called 12978 ms late (jitter of 12941 ms ignored)
[DBG] ES_OUT_RESET_PCR called
11:27:17.704 PM [player] buffering 0.0
[DBG] Buffering 0%
11:27:17.704 PM [player] buffering 0.0
[DBG] Buffering 3%
[DBG] Buffering 8%
[DBG] Buffering 10%
[DBG] Buffering 13%
[DBG] Buffering 16%
[DBG] Buffering 20%
[DBG] Buffering 21%
[DBG] Buffering 25%
[DBG] Buffering 39%
[DBG] Buffering 40%
[DBG] Received first picture
11:27:17.715 PM [framestep] nextFrameStepped result=0 time=19620 ms
[DBG] Buffering 46%
[DBG] Buffering 48%
[DBG] Buffering 50%
[DBG] Buffering 53%
[DBG] Buffering 58%
[DBG] Buffering 63%
[DBG] Buffering 66%
[DBG] Buffering 71%
[DBG] Buffering 75%
[DBG] Buffering 90%
[DBG] Buffering 96%
[DBG] Stream buffering done (1000 ms in 23 ms)
[DBG] Decoder wait done in 0 ms
11:27:17.727 PM [player] buffering 1.0
[ERR] ES_OUT_SET_(GROUP_)PCR  is called 13068 ms late (jitter of 12978 ms ignored)
[DBG] ES_OUT_RESET_PCR called
11:27:17.728 PM [player] buffering 0.0
[DBG] Buffering 0%
11:27:17.729 PM [player] buffering 0.0
[DBG] Buffering 5%
[DBG] Buffering 10%
[DBG] Buffering 13%
[DBG] Buffering 15%
[DBG] Buffering 18%
[DBG] Buffering 21%
[DBG] Buffering 38%
[DBG] Buffering 43%
[DBG] Buffering 46%
[DBG] Buffering 50%
[DBG] Buffering 55%
[DBG] Buffering 57%
[DBG] Received first picture
11:27:17.739 PM [framestep] nextFrameStepped result=0 time=19620 ms
[DBG] Buffering 60%
[DBG] Buffering 63%
[DBG] Buffering 66%
[DBG] Buffering 68%
[DBG] Buffering 71%
[DBG] Buffering 86%
[DBG] Buffering 93%
[DBG] Buffering 95%
[DBG] Buffering 96%
[DBG] Stream buffering done (1001 ms in 18 ms)
[DBG] Decoder wait done in 0 ms
11:27:17.748 PM [player] buffering 1.0
[ERR] ES_OUT_SET_(GROUP_)PCR  is called 13039 ms late (jitter of 13039 ms ignored)
[DBG] ES_OUT_RESET_PCR called
11:27:17.749 PM [player] buffering 0.0
[DBG] Buffering 0%
11:27:17.750 PM [player] buffering 0.0
[DBG] Buffering 3%
[DBG] Buffering 8%
[DBG] Buffering 11%
[DBG] Buffering 27%
[DBG] Buffering 33%
[DBG] Buffering 36%
[DBG] Received first picture
11:27:17.759 PM [framestep] nextFrameStepped result=0 time=19620 ms
[DBG] Buffering 40%
[DBG] Buffering 45%
[DBG] Buffering 50%
[DBG] Buffering 53%
[DBG] Buffering 56%
[DBG] Buffering 58%
[DBG] Buffering 61%
[DBG] Buffering 75%
[DBG] Buffering 76%
[DBG] Buffering 83%
[DBG] Buffering 84%
[DBG] Buffering 86%
[DBG] Buffering 90%
[DBG] Buffering 94%
[DBG] Buffering 95%
[DBG] Stream buffering done (1001 ms in 27 ms)
[DBG] Decoder wait done in 0 ms
11:27:17.777 PM [player] buffering 1.0
[ERR] ES_OUT_SET_(GROUP_)PCR  is called 13085 ms late (jitter of 13068 ms ignored)
[DBG] ES_OUT_RESET_PCR called
11:27:17.778 PM [player] buffering 0.0
[DBG] Buffering 0%
11:27:17.778 PM [player] buffering 0.0
[DBG] Buffering 3%
[DBG] Buffering 18%
[DBG] Buffering 25%
[DBG] Buffering 27%
[DBG] Buffering 28%
[DBG] Buffering 31%
[DBG] Buffering 36%
[DBG] Buffering 41%
[DBG] Buffering 45%
[DBG] Buffering 50%
[DBG] Buffering 53%
[DBG] Received first picture
11:27:17.786 PM [framestep] nextFrameStepped result=0 time=19620 ms
[DBG] Buffering 69%
[DBG] Buffering 75%
[DBG] Buffering 78%
[DBG] Buffering 81%
[DBG] Buffering 86%
[DBG] Buffering 91%
[DBG] Buffering 95%
[DBG] Buffering 98%
[DBG] Stream buffering done (1001 ms in 13 ms)
[DBG] Decoder wait done in 0 ms
11:27:17.792 PM [player] buffering 1.0
[ERR] ES_OUT_SET_(GROUP_)PCR  is called 13098 ms late (jitter of 13085 ms ignored)
[DBG] ES_OUT_RESET_PCR called
11:27:17.792 PM [player] buffering 0.0
[DBG] Buffering 0%
11:27:17.793 PM [player] buffering 0.0
[DBG] Buffering 1%
[DBG] Received first picture
11:27:17.798 PM [framestep] nextFrameStepped result=0 time=19620 ms
[DBG] Buffering 7%
[DBG] Buffering 9%
[DBG] Buffering 11%
[DBG] Buffering 14%
[DBG] Buffering 19%
[DBG] Buffering 24%
[DBG] Buffering 27%
[DBG] Buffering 33%
[DBG] Buffering 36%
[DBG] Buffering 51%
[DBG] Buffering 57%
[DBG] Buffering 60%
[DBG] Buffering 61%
[DBG] Buffering 64%
[DBG] Buffering 69%
[DBG] Buffering 74%
[DBG] Buffering 78%
[DBG] Buffering 80%
[DBG] Buffering 83%
[DBG] Buffering 86%
[DBG] Stream buffering done (1024 ms in 23 ms)
11:27:17.817 PM [player] buffering 1.0
[DBG] Decoder wait done in 0 ms
[ERR] ES_OUT_SET_(GROUP_)PCR  is called 13080 ms late (jitter of 13085 ms ignored)
[DBG] ES_OUT_RESET_PCR called
11:27:17.818 PM [player] buffering 0.0
[DBG] Buffering 0%
11:27:17.819 PM [player] buffering 0.0
[DBG] Buffering 3%
[DBG] Buffering 8%
[DBG] Buffering 10%
[DBG] Buffering 13%
[DBG] Buffering 16%
[DBG] Buffering 19%
[DBG] Buffering 21%
[DBG] Buffering 25%
[DBG] Buffering 39%
[DBG] Buffering 40%
[DBG] Buffering 46%
[DBG] Received first picture
11:27:17.831 PM [framestep] nextFrameStepped result=0 time=19620 ms
[DBG] Buffering 48%
[DBG] Buffering 50%
[DBG] Buffering 53%
[DBG] Buffering 58%
[DBG] Buffering 63%
[DBG] Buffering 66%
[DBG] Buffering 71%
[DBG] Buffering 75%
[DBG] Buffering 90%
[DBG] Buffering 96%
[DBG] Buffering 99%
[DBG] Stream buffering done (1001 ms in 22 ms)
[DBG] Decoder wait done in 0 ms
11:27:17.841 PM [player] buffering 1.0
[ERR] ES_OUT_SET_(GROUP_)PCR  is called 13149 ms late (jitter of 13098 ms ignored)
[DBG] ES_OUT_RESET_PCR called
11:27:17.842 PM [player] buffering 0.0
[DBG] Buffering 0%
11:27:17.842 PM [player] buffering 0.0
[DBG] Buffering 5%
[DBG] Buffering 8%
[DBG] Buffering 10%
[DBG] Buffering 13%
[DBG] Buffering 16%
[DBG] Buffering 33%
[DBG] Buffering 38%
[DBG] Buffering 41%
[DBG] Buffering 45%
[DBG] Buffering 50%
[DBG] Buffering 52%
[DBG] Received first picture
11:27:17.851 PM [framestep] nextFrameStepped result=0 time=19620 ms
[DBG] Buffering 55%
[DBG] Buffering 58%
[DBG] Buffering 61%
[DBG] Buffering 63%
[DBG] Buffering 66%
[DBG] Buffering 81%
[DBG] Buffering 88%
[DBG] Buffering 90%
[DBG] Buffering 91%
[DBG] Buffering 95%
[DBG] Stream buffering done (1001 ms in 19 ms)
11:27:17.861 PM [player] buffering 1.0
[DBG] Decoder wait done in 0 ms
[ERR] ES_OUT_SET_(GROUP_)PCR  is called 13152 ms late (jitter of 13149 ms ignored)
[DBG] ES_OUT_RESET_PCR called
11:27:17.862 PM [player] buffering 0.0
[DBG] Buffering 0%
11:27:17.862 PM [player] buffering 0.0
[DBG] Buffering 5%
[DBG] Buffering 8%
[DBG] Buffering 23%
[DBG] Buffering 30%
[DBG] Buffering 33%
[DBG] Buffering 36%
[DBG] Buffering 41%
[DBG] Received first picture
11:27:17.879 PM [framestep] nextFrameStepped result=0 time=19620 ms
[DBG] Buffering 46%
[DBG] Buffering 50%
[DBG] Buffering 52%
[DBG] Buffering 55%
[DBG] Buffering 58%
[DBG] Buffering 74%
[DBG] Buffering 80%
[DBG] Buffering 83%
[DBG] Buffering 86%
[DBG] Buffering 91%
[DBG] Buffering 94%
[DBG] Buffering 96%
[DBG] Stream buffering done (1001 ms in 35 ms)
[DBG] Decoder wait done in 0 ms
11:27:17.897 PM [player] buffering 1.0
[ERR] ES_OUT_SET_(GROUP_)PCR  is called 13201 ms late (jitter of 13152 ms ignored)
[DBG] ES_OUT_RESET_PCR called
11:27:17.897 PM [player] buffering 0.0
11:27:17.898 PM [player] buffering 0.0
[DBG] Buffering 0%
[DBG] Buffering 3%
[DBG] Buffering 17%
[DBG] Buffering 18%
[DBG] Buffering 25%
[DBG] Buffering 27%
[DBG] Buffering 28%
[DBG] Buffering 31%
[DBG] Buffering 36%
[DBG] Buffering 41%
[DBG] Buffering 45%
[DBG] Buffering 50%
[DBG] Buffering 53%
[DBG] Received first picture
11:27:17.905 PM [framestep] nextFrameStepped result=0 time=19620 ms
[DBG] Buffering 69%
[DBG] Buffering 75%
[DBG] Buffering 78%
[DBG] Buffering 81%
[DBG] Buffering 86%
[DBG] Buffering 91%
[DBG] Buffering 95%
[DBG] Buffering 97%
[DBG] Stream buffering done (1001 ms in 29 ms)
[DBG] Decoder wait done in 0 ms
11:27:17.927 PM [player] buffering 1.0
[ERR] ES_OUT_SET_(GROUP_)PCR  is called 13235 ms late (jitter of 13201 ms ignored)
[DBG] ES_OUT_RESET_PCR called
11:27:17.928 PM [player] buffering 0.0
[DBG] Buffering 0%
11:27:17.931 PM [player] buffering 0.0
[DBG] Buffering 1%
[DBG] Buffering 8%
[DBG] Buffering 9%
[DBG] Buffering 11%
[DBG] Buffering 14%
[DBG] Buffering 19%
[DBG] Buffering 24%
[DBG] Received first picture
11:27:17.936 PM [framestep] nextFrameStepped result=0 time=19620 ms
[DBG] Buffering 28%
[DBG] Buffering 33%
[DBG] Buffering 36%
[DBG] Buffering 51%
[DBG] Buffering 58%
[DBG] Buffering 60%
[DBG] Buffering 61%
[DBG] Buffering 64%
[DBG] Buffering 69%
[DBG] Buffering 74%
[DBG] Buffering 78%
[DBG] Buffering 80%
[DBG] Buffering 83%
[DBG] Buffering 86%
[DBG] Stream buffering done (1024 ms in 27 ms)
[DBG] Decoder wait done in 0 ms
11:27:17.958 PM [player] buffering 1.0
[ERR] ES_OUT_SET_(GROUP_)PCR  is called 13219 ms late (jitter of 13219 ms ignored)
[DBG] ES_OUT_RESET_PCR called
11:27:17.960 PM [player] buffering 0.0
[DBG] Buffering 0%
11:27:17.960 PM [player] buffering 0.0
[DBG] Buffering 3%
[DBG] Buffering 8%
[DBG] Buffering 13%
[DBG] Buffering 16%
[DBG] Buffering 19%
[DBG] Buffering 21%
[DBG] Buffering 25%
[DBG] Buffering 38%
[DBG] Buffering 40%
[DBG] Buffering 46%
[DBG] Buffering 48%
[DBG] Buffering 50%
[DBG] Buffering 53%
[DBG] Buffering 58%
[DBG] Received first picture
[DBG] Buffering 63%
11:27:17.974 PM [framestep] nextFrameStepped result=0 time=19620 ms
[DBG] Buffering 66%
[DBG] Buffering 71%
[DBG] Buffering 75%
[DBG] Buffering 90%
[DBG] Buffering 96%
[DBG] Buffering 99%
[DBG] Stream buffering done (1001 ms in 23 ms)
[DBG] Decoder wait done in 0 ms
11:27:17.984 PM [player] buffering 1.0
[ERR] ES_OUT_SET_(GROUP_)PCR  is called 13291 ms late (jitter of 13235 ms ignored)
[DBG] ES_OUT_RESET_PCR called
11:27:17.984 PM [player] buffering 0.0
[DBG] Buffering 0%
11:27:17.984 PM [player] buffering 0.0
[DBG] Buffering 5%
[DBG] Buffering 8%
[DBG] Buffering 10%
[DBG] Buffering 13%
[DBG] Buffering 16%
[DBG] Buffering 32%
[DBG] Buffering 38%
[DBG] Buffering 41%
[DBG] Received first picture
11:27:17.994 PM [framestep] nextFrameStepped result=0 time=19620 ms
[DBG] Buffering 45%
[DBG] Buffering 50%
[DBG] Buffering 52%
[DBG] Buffering 55%
[DBG] Buffering 58%
[DBG] Buffering 61%
[DBG] Buffering 63%
[DBG] Buffering 66%
[DBG] Buffering 80%
[DBG] Buffering 81%
[DBG] Buffering 88%
[DBG] Buffering 90%
[DBG] Buffering 91%
[DBG] Buffering 95%
[DBG] Stream buffering done (1000 ms in 22 ms)
[DBG] Decoder wait done in 0 ms
11:27:18.007 PM [player] buffering 1.0
[ERR] ES_OUT_SET_(GROUP_)PCR  is called 13348 ms late (jitter of 13291 ms ignored)
[DBG] ES_OUT_RESET_PCR called
11:27:18.007 PM [player] buffering 0.0
[DBG] Buffering 0%
11:27:18.008 PM [player] buffering 0.0
[DBG] Buffering 3%
[DBG] Buffering 8%
[DBG] Buffering 11%
[DBG] Buffering 26%
[DBG] Buffering 33%
[DBG] Buffering 36%
[DBG] Buffering 40%
[DBG] Buffering 45%
[DBG] Received first picture
11:27:18.015 PM [framestep] nextFrameStepped result=0 time=19620 ms
[DBG] Buffering 50%
[DBG] Buffering 53%
[DBG] Buffering 55%
[DBG] Buffering 58%
[DBG] Buffering 61%
[DBG] Buffering 78%
[DBG] Buffering 83%
[DBG] Buffering 86%
[DBG] Buffering 90%
[DBG] Buffering 95%
[DBG] Buffering 97%
[DBG] Stream buffering done (1001 ms in 15 ms)
[DBG] Decoder wait done in 0 ms
11:27:18.024 PM [player] buffering 1.0
[ERR] ES_OUT_SET_(GROUP_)PCR  is called 13331 ms late (jitter of 13331 ms ignored)
[DBG] ES_OUT_RESET_PCR called
11:27:18.024 PM [player] buffering 0.0
[DBG] Buffering 0%
11:27:18.024 PM [player] buffering 0.0
[DBG] Buffering 1%
[DBG] Buffering 4%
[DBG] Buffering 19%
[DBG] Buffering 26%
[DBG] Buffering 28%
[DBG] Buffering 29%
[DBG] Buffering 33%
[DBG] Buffering 38%
[DBG] Received first picture
11:27:18.032 PM [framestep] nextFrameStepped result=0 time=19620 ms
[DBG] Buffering 43%
[DBG] Buffering 46%
[DBG] Buffering 51%
[DBG] Buffering 54%
[DBG] Buffering 70%
[DBG] Buffering 76%
[DBG] Buffering 79%
[DBG] Buffering 83%
[DBG] Buffering 88%
[DBG] Buffering 93%
[DBG] Buffering 96%
[DBG] Buffering 99%
[DBG] Stream buffering done (1016 ms in 18 ms)
[DBG] Decoder wait done in 0 ms
11:27:18.043 PM [player] buffering 1.0
[ERR] ES_OUT_SET_(GROUP_)PCR  is called 13334 ms late (jitter of 13334 ms ignored)
[DBG] ES_OUT_RESET_PCR called
11:27:18.043 PM [player] buffering 0.0
[DBG] Buffering 0%
11:27:18.050 PM [player] buffering 0.0
[DBG] Buffering 5%
[DBG] Buffering 8%
[DBG] Buffering 11%
[DBG] Received first picture
11:27:18.054 PM [framestep] nextFrameStepped result=0 time=19620 ms
[DBG] Buffering 16%
[DBG] Buffering 19%
[DBG] Buffering 21%
[DBG] Buffering 25%
[DBG] Buffering 28%
[DBG] Buffering 30%
[DBG] Buffering 33%
[DBG] Buffering 48%
[DBG] Buffering 55%
[DBG] Buffering 57%
[DBG] Buffering 58%
[DBG] Buffering 61%
[DBG] Buffering 66%
[DBG] Buffering 71%
[DBG] Buffering 75%
[DBG] Buffering 80%
[DBG] Buffering 83%
[DBG] Buffering 99%
[DBG] Stream buffering done (1051 ms in 19 ms)
[DBG] Decoder wait done in 0 ms
11:27:18.070 PM [player] buffering 1.0
[ERR] ES_OUT_SET_(GROUP_)PCR  is called 13326 ms late (jitter of 13331 ms ignored)
[DBG] ES_OUT_RESET_PCR called
11:27:18.070 PM [player] buffering 0.0
11:27:18.071 PM [player] buffering 0.0
[DBG] Buffering 0%
[DBG] Buffering 4%
[DBG] Buffering 9%
[DBG] Buffering 13%
[DBG] Buffering 16%
[DBG] Buffering 18%
[DBG] Buffering 21%
[DBG] Buffering 35%
[DBG] Buffering 36%
[DBG] Buffering 43%
[DBG] Buffering 44%
[DBG] Buffering 46%
[DBG] Buffering 50%
[DBG] Buffering 54%
[DBG] Buffering 55%
[DBG] Received first picture
11:27:18.083 PM [framestep] nextFrameStepped result=0 time=19620 ms
[DBG] Buffering 60%
[DBG] Buffering 63%
[DBG] Buffering 68%
[DBG] Buffering 71%
[DBG] Buffering 86%
[DBG] Buffering 93%
[DBG] Buffering 96%
[DBG] Stream buffering done (1001 ms in 26 ms)
[DBG] Decoder wait done in 0 ms
11:27:18.097 PM [player] buffering 1.0
[ERR] ES_OUT_SET_(GROUP_)PCR  is called 13389 ms late (jitter of 13334 ms ignored)
[DBG] ES_OUT_RESET_PCR called
11:27:18.098 PM [player] buffering 0.0
[DBG] Buffering 0%
11:27:18.099 PM [player] buffering 0.0
[DBG] Buffering 3%
[DBG] Buffering 5%
[DBG] Buffering 8%
[DBG] Buffering 11%
[DBG] Buffering 27%
[DBG] Buffering 33%
[DBG] Buffering 36%
[DBG] Buffering 40%
[DBG] Buffering 45%
[DBG] Buffering 46%
[DBG] Buffering 50%
[DBG] Received first picture
11:27:18.107 PM [framestep] nextFrameStepped result=0 time=19620 ms
[DBG] Buffering 53%
[DBG] Buffering 56%
[DBG] Buffering 58%
[DBG] Buffering 61%
[DBG] Buffering 75%
[DBG] Buffering 76%
[DBG] Buffering 83%
[DBG] Buffering 85%
[DBG] Buffering 86%
[DBG] Buffering 90%
[DBG] Buffering 94%
[DBG] Buffering 95%
11:27:18.120 PM [player] buffering 1.0
[DBG] Stream buffering done (1001 ms in 21 ms)
[DBG] Decoder wait done in 0 ms
[ERR] ES_OUT_SET_(GROUP_)PCR  is called 13430 ms late (jitter of 13389 ms ignored)
[DBG] ES_OUT_RESET_PCR called
11:27:18.123 PM [player] buffering 0.0
[DBG] Buffering 0%
11:27:18.123 PM [player] buffering 0.0
[DBG] Buffering 3%
[DBG] Buffering 18%
[DBG] Buffering 25%
[DBG] Buffering 28%
[DBG] Buffering 31%
[DBG] Buffering 36%
[DBG] Buffering 41%
[DBG] Received first picture
11:27:18.129 PM [framestep] nextFrameStepped result=0 time=19620 ms
[DBG] Buffering 45%
[DBG] Buffering 47%
[DBG] Buffering 50%
[DBG] Buffering 53%
[DBG] Buffering 69%
[DBG] Buffering 75%
[DBG] Buffering 78%
[DBG] Buffering 81%
[DBG] Buffering 86%
[DBG] Buffering 88%
[DBG] Buffering 91%
[DBG] Buffering 95%
[DBG] Buffering 98%
[DBG] Stream buffering done (1001 ms in 16 ms)
[DBG] Decoder wait done in 0 ms
11:27:18.139 PM [player] buffering 1.0
[ERR] ES_OUT_SET_(GROUP_)PCR  is called 13447 ms late (jitter of 13430 ms ignored)
[DBG] ES_OUT_RESET_PCR called
11:27:18.140 PM [player] buffering 0.0
[DBG] Buffering 0%
11:27:18.146 PM [player] buffering 0.0
[DBG] Buffering 7%
[DBG] Buffering 9%
[DBG] Buffering 10%
[DBG] Received first picture
11:27:18.151 PM [framestep] nextFrameStepped result=0 time=19620 ms
[DBG] Buffering 14%
[DBG] Buffering 19%
[DBG] Buffering 24%
[DBG] Buffering 27%
[DBG] Buffering 32%
[DBG] Buffering 35%
[DBG] Buffering 51%
[DBG] Buffering 57%
[DBG] Buffering 60%
[DBG] Buffering 64%
[DBG] Buffering 69%
[DBG] Buffering 74%
[DBG] Buffering 77%
[DBG] Buffering 80%
[DBG] Buffering 82%
[DBG] Buffering 85%
[DBG] Stream buffering done (1024 ms in 18 ms)
[DBG] Decoder wait done in 0 ms
11:27:18.165 PM [player] buffering 1.0
[ERR] ES_OUT_SET_(GROUP_)PCR  is called 13433 ms late (jitter of 13433 ms ignored)
[DBG] ES_OUT_RESET_PCR called
11:27:18.167 PM [player] buffering 0.0
11:27:18.168 PM [player] buffering 0.0
[DBG] Buffering 0%
[DBG] Buffering 3%
[DBG] Buffering 8%
[DBG] Buffering 10%
[DBG] Buffering 13%
[DBG] Buffering 16%
[DBG] Buffering 20%
[DBG] Buffering 21%
[DBG] Buffering 25%
[DBG] Buffering 39%
[DBG] Buffering 40%
[DBG] Buffering 46%
[DBG] Buffering 49%
[DBG] Buffering 50%
[DBG] Buffering 53%
[DBG] Buffering 58%
[DBG] Buffering 63%
[DBG] Received first picture
11:27:18.189 PM [framestep] nextFrameStepped result=0 time=19620 ms
[DBG] Buffering 66%
[DBG] Buffering 71%
[DBG] Buffering 75%
[DBG] Buffering 90%
[DBG] Buffering 96%
[DBG] Stream buffering done (1001 ms in 25 ms)
[DBG] Decoder wait done in 0 ms
11:27:18.193 PM [player] buffering 1.0
[ERR] ES_OUT_SET_(GROUP_)PCR  is called 13502 ms late (jitter of 13447 ms ignored)
[DBG] ES_OUT_RESET_PCR called
11:27:18.195 PM [player] buffering 0.0
[DBG] Buffering 0%
11:27:18.195 PM [player] buffering 0.0
[DBG] Buffering 5%
[DBG] Buffering 8%
[DBG] Buffering 11%
[DBG] Buffering 13%
[DBG] Buffering 16%
[DBG] Buffering 30%
[DBG] Buffering 31%
[DBG] Buffering 38%
[DBG] Received first picture
11:27:18.203 PM [framestep] nextFrameStepped result=0 time=19620 ms
[DBG] Buffering 39%
[DBG] Buffering 41%
[DBG] Buffering 45%
[DBG] Buffering 49%
[DBG] Buffering 50%
[DBG] Buffering 55%
[DBG] Buffering 58%
[DBG] Buffering 63%
[DBG] Buffering 66%
[DBG] Buffering 81%
[DBG] Buffering 88%
[DBG] Buffering 91%
[DBG] Buffering 95%
11:27:18.218 PM [player] buffering 1.0
[DBG] Stream buffering done (1001 ms in 23 ms)
[DBG] Decoder wait done in 0 ms
[ERR] ES_OUT_SET_(GROUP_)PCR  is called 13509 ms late (jitter of 13502 ms ignored)
[DBG] ES_OUT_RESET_PCR called
11:27:18.219 PM [player] buffering 0.0
[DBG] Buffering 0%
11:27:18.219 PM [player] buffering 0.0
[DBG] Buffering 1%
[DBG] Buffering 4%
[DBG] Buffering 8%
[DBG] Buffering 24%
[DBG] Buffering 29%
[DBG] Buffering 33%
[DBG] Buffering 36%
[DBG] Buffering 41%
[DBG] Buffering 46%
[DBG] Received first picture
11:27:18.225 PM [framestep] nextFrameStepped result=0 time=19620 ms
[DBG] Buffering 50%
[DBG] Buffering 52%
[DBG] Buffering 55%
[DBG] Buffering 58%
[DBG] Buffering 72%
[DBG] Buffering 73%
[DBG] Buffering 80%
[DBG] Buffering 81%
[DBG] Buffering 83%
[DBG] Buffering 86%
[DBG] Buffering 91%
[DBG] Buffering 96%
[DBG] Stream buffering done (1001 ms in 16 ms)
[DBG] Decoder wait done in 0 ms
11:27:18.235 PM [player] buffering 1.0
[ERR] ES_OUT_SET_(GROUP_)PCR  is called 13526 ms late (jitter of 13509 ms ignored)
[DBG] ES_OUT_RESET_PCR called
11:27:18.235 PM [player] buffering 0.0
11:27:18.236 PM [player] buffering 0.0
[DBG] Buffering 0%
[DBG] Buffering 14%
[DBG] Buffering 21%
[DBG] Received first picture
11:27:18.242 PM [framestep] nextFrameStepped result=0 time=19620 ms
[DBG] Buffering 24%
[DBG] Buffering 25%
[DBG] Buffering 28%
[DBG] Buffering 33%
[DBG] Buffering 38%
[DBG] Buffering 41%
[DBG] Buffering 43%
[DBG] Buffering 46%
[DBG] Buffering 50%
[DBG] Buffering 66%
[DBG] Buffering 71%
[DBG] Buffering 75%
[DBG] Buffering 78%
[DBG] Buffering 83%
[DBG] Buffering 85%
[DBG] Buffering 88%
[DBG] Buffering 91%
[DBG] Buffering 94%
[DBG] Buffering 96%
[DBG] Stream buffering done (1001 ms in 31 ms)
[DBG] Decoder wait done in 0 ms
11:27:18.268 PM [player] buffering 1.0
[ERR] ES_OUT_SET_(GROUP_)PCR  is called 13472 ms late (jitter of 13509 ms ignored)
[DBG] ES_OUT_RESET_PCR called
11:27:18.272 PM [player] buffering 0.0
11:27:18.274 PM [player] buffering 0.0
[DBG] Buffering 0%
[DBG] Buffering 6%
[DBG] Buffering 8%
[DBG] Buffering 10%
[DBG] Buffering 13%
[DBG] Buffering 18%
[DBG] Buffering 23%
[DBG] Buffering 26%
[DBG] Buffering 31%
[DBG] Buffering 35%
[DBG] Buffering 50%
[DBG] Buffering 56%
[DBG] Buffering 59%
[DBG] Buffering 60%
[DBG] Buffering 63%
[DBG] Received first picture
11:27:18.290 PM [framestep] nextFrameStepped result=0 time=19620 ms
[DBG] Buffering 68%
[DBG] Buffering 73%
[DBG] Buffering 76%
[DBG] Buffering 79%
[DBG] Buffering 81%
[DBG] Buffering 85%
[DBG] Stream buffering done (1014 ms in 24 ms)
11:27:18.298 PM [player] buffering 1.0
[DBG] Decoder wait done in 0 ms
[ERR] ES_OUT_SET_(GROUP_)PCR  is called 13573 ms late (jitter of 13526 ms ignored)
[DBG] ES_OUT_RESET_PCR called
11:27:18.299 PM [player] buffering 0.0
11:27:18.299 PM [player] buffering 0.0
[DBG] Buffering 0%
[DBG] Buffering 3%
[DBG] Buffering 8%
[DBG] Buffering 10%
[DBG] Buffering 13%
[DBG] Buffering 16%
[DBG] Buffering 20%
[DBG] Buffering 21%
[DBG] Buffering 25%
[DBG] Buffering 39%
[DBG] Buffering 40%
[DBG] Received first picture
11:27:18.312 PM [framestep] nextFrameStepped result=0 time=19620 ms
[DBG] Buffering 46%
[DBG] Buffering 48%
[DBG] Buffering 50%
[DBG] Buffering 53%
[DBG] Buffering 58%
[DBG] Buffering 63%
[DBG] Buffering 66%
[DBG] Buffering 71%
[DBG] Buffering 75%
[DBG] Buffering 90%
[DBG] Buffering 96%
[DBG] Stream buffering done (1001 ms in 29 ms)
[DBG] Decoder wait done in 0 ms
11:27:18.329 PM [player] buffering 1.0
[ERR] ES_OUT_SET_(GROUP_)PCR  is called 13637 ms late (jitter of 13573 ms ignored)
[DBG] ES_OUT_RESET_PCR called
11:27:18.330 PM [player] buffering 0.0
[DBG] Buffering 0%
11:27:18.330 PM [player] buffering 0.0
[DBG] Buffering 5%
[DBG] Buffering 8%
[DBG] Buffering 10%
[DBG] Buffering 13%
[DBG] Buffering 16%
[DBG] Buffering 33%
[DBG] Buffering 38%
[DBG] Buffering 41%
[DBG] Buffering 45%
[DBG] Buffering 50%
[DBG] Buffering 52%
[DBG] Buffering 55%
[DBG] Buffering 58%
[DBG] Buffering 62%
[DBG] Buffering 63%
[DBG] Buffering 66%
[DBG] Received first picture
11:27:18.348 PM [framestep] nextFrameStepped result=0 time=19620 ms
[DBG] Buffering 81%
[DBG] Buffering 88%
[DBG] Buffering 90%
[DBG] Buffering 91%
[DBG] Buffering 95%
[DBG] Stream buffering done (1001 ms in 29 ms)
[DBG] Decoder wait done in 0 ms
11:27:18.360 PM [player] buffering 1.0
[ERR] ES_OUT_SET_(GROUP_)PCR  is called 13650 ms late (jitter of 13637 ms ignored)
[DBG] ES_OUT_RESET_PCR called
11:27:18.360 PM [player] buffering 0.0
[DBG] Buffering 0%
11:27:18.365 PM [player] buffering 0.0
[DBG] Buffering 5%
[DBG] Buffering 8%
[DBG] Buffering 24%
[DBG] Buffering 30%
[DBG] Buffering 33%
[DBG] Buffering 36%
[DBG] Buffering 41%
[DBG] Buffering 46%
[DBG] Buffering 50%
[DBG] Buffering 52%
[DBG] Buffering 55%
[DBG] Buffering 58%
[DBG] Received first picture
11:27:18.370 PM [framestep] nextFrameStepped result=0 time=19620 ms
[DBG] Buffering 72%
[DBG] Buffering 73%
[DBG] Buffering 80%
[DBG] Buffering 81%
[DBG] Buffering 83%
[DBG] Buffering 86%
[DBG] Buffering 91%
[DBG] Buffering 96%
[DBG] Stream buffering done (1001 ms in 24 ms)
[DBG] Decoder wait done in 0 ms
11:27:18.389 PM [player] buffering 1.0
[ERR] ES_OUT_SET_(GROUP_)PCR  is called 13679 ms late (jitter of 13650 ms ignored)
[DBG] ES_OUT_RESET_PCR called
11:27:18.389 PM [player] buffering 0.0
11:27:18.390 PM [player] buffering 0.0
[DBG] Buffering 0%
[DBG] Buffering 14%
[DBG] Buffering 15%
[DBG] Buffering 21%
[DBG] Buffering 24%
[DBG] Buffering 25%
[DBG] Buffering 28%
[DBG] Received first picture
[DBG] Buffering 33%
11:27:18.403 PM [framestep] nextFrameStepped result=0 time=19620 ms
[DBG] Buffering 38%
[DBG] Buffering 41%
[DBG] Buffering 43%
[DBG] Buffering 46%
[DBG] Buffering 50%
[DBG] Buffering 66%
[DBG] Buffering 71%
[DBG] Buffering 75%
[DBG] Buffering 78%
[DBG] Buffering 83%
[DBG] Buffering 85%
[DBG] Buffering 88%
[DBG] Buffering 91%
[DBG] Buffering 94%
[DBG] Buffering 96%
[DBG] Stream buffering done (1001 ms in 25 ms)
[DBG] Decoder wait done in 0 ms
11:27:18.415 PM [player] buffering 1.0
[ERR] ES_OUT_SET_(GROUP_)PCR  is called 13623 ms late (jitter of 13650 ms ignored)
[DBG] ES_OUT_RESET_PCR called
11:27:18.421 PM [player] buffering 0.0
[DBG] Buffering 0%
11:27:18.422 PM [player] buffering 0.0
[DBG] Buffering 6%
[DBG] Buffering 8%
[DBG] Buffering 9%
[DBG] Buffering 13%
[DBG] Buffering 18%
[DBG] Buffering 23%
[DBG] Buffering 26%
[DBG] Buffering 31%
[DBG] Buffering 35%
[DBG] Buffering 50%
[DBG] Buffering 56%
[DBG] Buffering 59%
[DBG] Buffering 60%
[DBG] Buffering 63%
[DBG] Buffering 68%
[DBG] Buffering 73%
[DBG] Received first picture
11:27:18.434 PM [framestep] nextFrameStepped result=0 time=19620 ms
[DBG] Buffering 76%
[DBG] Buffering 78%
[DBG] Buffering 81%
[DBG] Buffering 85%
[DBG] Stream buffering done (1012 ms in 17 ms)
11:27:18.440 PM [player] buffering 1.0
[DBG] Decoder wait done in 0 ms
[ERR] ES_OUT_SET_(GROUP_)PCR  is called 13717 ms late (jitter of 13679 ms ignored)
[DBG] ES_OUT_RESET_PCR called
11:27:18.443 PM [player] buffering 0.0
[DBG] Buffering 0%
11:27:18.443 PM [player] buffering 0.0
[DBG] Buffering 3%
[DBG] Buffering 8%
[DBG] Buffering 10%
[DBG] Buffering 13%
[DBG] Buffering 16%
[DBG] Buffering 20%
[DBG] Buffering 21%
[DBG] Buffering 25%
[DBG] Buffering 39%
[DBG] Buffering 40%
[DBG] Buffering 46%
[DBG] Buffering 48%
[DBG] Buffering 50%
[DBG] Buffering 53%
[DBG] Buffering 58%
[DBG] Received first picture
11:27:18.460 PM [framestep] nextFrameStepped result=0 time=19620 ms
[DBG] Buffering 63%
[DBG] Buffering 66%
[DBG] Buffering 71%
[DBG] Buffering 75%
[DBG] Buffering 90%
[DBG] Buffering 96%
11:27:18.468 PM [player] buffering 1.0
[DBG] Stream buffering done (1000 ms in 24 ms)
[DBG] Decoder wait done in 0 ms
[ERR] ES_OUT_SET_(GROUP_)PCR  is called 13809 ms late (jitter of 13717 ms ignored)
[DBG] ES_OUT_RESET_PCR called
11:27:18.469 PM [player] buffering 0.0
11:27:18.469 PM [player] buffering 0.0
[DBG] Buffering 0%
[DBG] Buffering 5%
[DBG] Buffering 10%
[DBG] Buffering 13%
[DBG] Buffering 15%
[DBG] Buffering 18%
[DBG] Buffering 21%
[DBG] Buffering 38%
[DBG] Buffering 43%
[DBG] Buffering 46%
[DBG] Buffering 50%
[DBG] Buffering 55%
[DBG] Buffering 57%
[DBG] Received first picture
11:27:18.477 PM [framestep] nextFrameStepped result=0 time=19620 ms
[DBG] Buffering 60%
[DBG] Buffering 63%
[DBG] Buffering 66%
[DBG] Buffering 68%
[DBG] Buffering 71%
[DBG] Buffering 86%
[DBG] Buffering 93%
[DBG] Buffering 95%
[DBG] Buffering 96%
[DBG] Stream buffering done (1001 ms in 18 ms)
11:27:18.488 PM [player] buffering 1.0
[DBG] Decoder wait done in 0 ms
[ERR] ES_OUT_SET_(GROUP_)PCR  is called 13778 ms late (jitter of 13778 ms ignored)
[DBG] ES_OUT_RESET_PCR called
11:27:18.488 PM [player] buffering 0.0
[DBG] Buffering 0%
11:27:18.488 PM [player] buffering 0.0
[DBG] Buffering 3%
[DBG] Buffering 8%
[DBG] Buffering 11%
[DBG] Buffering 27%
[DBG] Buffering 33%
[DBG] Buffering 36%
[DBG] Buffering 40%
[DBG] Buffering 45%
[DBG] Received first picture
11:27:18.498 PM [framestep] nextFrameStepped result=0 time=19620 ms
[DBG] Buffering 50%
[DBG] Buffering 53%
[DBG] Buffering 56%
[DBG] Buffering 58%
[DBG] Buffering 61%
[DBG] Buffering 75%
[DBG] Buffering 76%
[DBG] Buffering 83%
[DBG] Buffering 84%
[DBG] Buffering 86%
[DBG] Buffering 90%
[DBG] Buffering 94%
[DBG] Buffering 95%
[DBG] Stream buffering done (1001 ms in 32 ms)
[DBG] Decoder wait done in 0 ms
11:27:18.521 PM [player] buffering 1.0
[ERR] ES_OUT_SET_(GROUP_)PCR  is called 13829 ms late (jitter of 13809 ms ignored)
[DBG] ES_OUT_RESET_PCR called
11:27:18.522 PM [player] buffering 0.0
[DBG] Buffering 0%
11:27:18.522 PM [player] buffering 0.0
[DBG] Buffering 3%
[DBG] Buffering 18%
[DBG] Buffering 25%
[DBG] Buffering 27%
[DBG] Buffering 28%
[DBG] Buffering 31%
[DBG] Buffering 36%
[DBG] Received first picture
11:27:18.537 PM [framestep] nextFrameStepped result=0 time=19620 ms
[DBG] Buffering 41%
[DBG] Buffering 45%
[DBG] Buffering 50%
[DBG] Buffering 53%
[DBG] Buffering 69%
[DBG] Buffering 75%
[DBG] Buffering 78%
[DBG] Buffering 81%
[DBG] Buffering 86%
[DBG] Buffering 91%
[DBG] Buffering 95%
[DBG] Buffering 98%
[DBG] Stream buffering done (1001 ms in 26 ms)
[DBG] Decoder wait done in 0 ms
11:27:18.548 PM [player] buffering 1.0
[ERR] ES_OUT_SET_(GROUP_)PCR  is called 13857 ms late (jitter of 13829 ms ignored)
[DBG] ES_OUT_RESET_PCR called
11:27:18.551 PM [player] buffering 0.0
[DBG] Buffering 0%
11:27:18.555 PM [player] buffering 0.0
[DBG] Buffering 1%
[DBG] Buffering 7%
[DBG] Buffering 9%
[DBG] Buffering 11%
[DBG] Buffering 14%
[DBG] Buffering 19%
[DBG] Buffering 24%
[DBG] Received first picture
11:27:18.559 PM [framestep] nextFrameStepped result=0 time=19620 ms
[DBG] Buffering 27%
[DBG] Buffering 33%
[DBG] Buffering 36%
[DBG] Buffering 51%
[DBG] Buffering 57%
[DBG] Buffering 60%
[DBG] Buffering 61%
[DBG] Buffering 64%
[DBG] Buffering 69%
[DBG] Buffering 74%
[DBG] Buffering 78%
[DBG] Buffering 80%
[DBG] Buffering 83%
[DBG] Buffering 86%
[DBG] Stream buffering done (1024 ms in 18 ms)
[DBG] Decoder wait done in 0 ms
11:27:18.574 PM [player] buffering 1.0
[ERR] ES_OUT_SET_(GROUP_)PCR  is called 13840 ms late (jitter of 13840 ms ignored)
[DBG] ES_OUT_RESET_PCR called
11:27:18.579 PM [player] buffering 0.0
[DBG] Buffering 0%
11:27:18.579 PM [player] buffering 0.0
[DBG] Buffering 3%
[DBG] Buffering 8%
[DBG] Buffering 10%
[DBG] Buffering 13%
[DBG] Buffering 16%
[DBG] Buffering 19%
[DBG] Buffering 21%
[DBG] Buffering 25%
[DBG] Buffering 39%
[DBG] Buffering 40%
[DBG] Buffering 46%
[DBG] Buffering 48%
[DBG] Buffering 50%
[DBG] Buffering 53%
[DBG] Buffering 58%
[DBG] Buffering 63%
[DBG] Buffering 66%
[DBG] Buffering 71%
[DBG] Received first picture
11:27:18.598 PM [framestep] nextFrameStepped result=0 time=19620 ms
[DBG] Buffering 75%
[DBG] Buffering 90%
[DBG] Buffering 96%
[DBG] Buffering 99%
[DBG] Stream buffering done (1001 ms in 24 ms)
[DBG] Decoder wait done in 0 ms
11:27:18.604 PM [player] buffering 1.0
[ERR] ES_OUT_SET_(GROUP_)PCR  is called 13912 ms late (jitter of 13857 ms ignored)
[DBG] ES_OUT_RESET_PCR called
11:27:18.605 PM [player] buffering 0.0
[DBG] Buffering 0%
11:27:18.605 PM [player] buffering 0.0
[DBG] Buffering 5%
[DBG] Buffering 8%
[DBG] Buffering 10%
[DBG] Buffering 13%
[DBG] Buffering 16%
[DBG] Buffering 33%
[DBG] Buffering 38%
[DBG] Buffering 41%
[DBG] Buffering 45%
[DBG] Buffering 50%
[DBG] Buffering 52%
[DBG] Buffering 55%
[DBG] Received first picture
11:27:18.613 PM [framestep] nextFrameStepped result=0 time=19620 ms
[DBG] Buffering 58%
[DBG] Buffering 61%
[DBG] Buffering 63%
[DBG] Buffering 66%
[DBG] Buffering 81%
[DBG] Buffering 88%
[DBG] Buffering 90%
[DBG] Buffering 91%
[DBG] Buffering 95%
[DBG] Stream buffering done (1001 ms in 23 ms)
[DBG] Decoder wait done in 0 ms
11:27:18.629 PM [player] buffering 1.0
[ERR] ES_OUT_SET_(GROUP_)PCR  is called 13920 ms late (jitter of 13912 ms ignored)
[DBG] ES_OUT_RESET_PCR called
11:27:18.630 PM [player] buffering 0.0
[DBG] Buffering 0%
11:27:18.630 PM [player] buffering 0.0
[DBG] Buffering 5%
[DBG] Buffering 8%
[DBG] Buffering 23%
[DBG] Buffering 30%
[DBG] Buffering 33%
[DBG] Received first picture
11:27:18.638 PM [framestep] nextFrameStepped result=0 time=19620 ms
[DBG] Buffering 36%
[DBG] Buffering 41%
[DBG] Buffering 46%
[DBG] Buffering 50%
[DBG] Buffering 52%
[DBG] Buffering 55%
[DBG] Buffering 58%
[DBG] Buffering 74%
[DBG] Buffering 80%
[DBG] Buffering 83%
[DBG] Buffering 86%
[DBG] Buffering 91%
[DBG] Buffering 94%
[DBG] Buffering 96%
[DBG] Stream buffering done (1001 ms in 24 ms)
[DBG] Decoder wait done in 0 ms
11:27:18.655 PM [player] buffering 1.0
[ERR] ES_OUT_SET_(GROUP_)PCR  is called 13959 ms late (jitter of 13920 ms ignored)
[DBG] ES_OUT_RESET_PCR called
11:27:18.655 PM [player] buffering 0.0
11:27:18.656 PM [player] buffering 0.0
[DBG] Buffering 0%
[DBG] Buffering 3%
[DBG] Buffering 17%
[DBG] Buffering 18%
[DBG] Buffering 25%
[DBG] Buffering 27%
[DBG] Buffering 28%
[DBG] Received first picture
11:27:18.662 PM [framestep] nextFrameStepped result=0 time=19620 ms
[DBG] Buffering 31%
[DBG] Buffering 36%
[DBG] Buffering 41%
[DBG] Buffering 45%
[DBG] Buffering 50%
[DBG] Buffering 53%
[DBG] Buffering 69%
[DBG] Buffering 75%
[DBG] Buffering 78%
[DBG] Buffering 81%
[DBG] Buffering 86%
[DBG] Buffering 91%
[DBG] Buffering 95%
[DBG] Buffering 97%
[DBG] Stream buffering done (1001 ms in 17 ms)
[DBG] Decoder wait done in 0 ms
11:27:18.674 PM [player] buffering 1.0
[ERR] ES_OUT_SET_(GROUP_)PCR  is called 13981 ms late (jitter of 13959 ms ignored)
[DBG] ES_OUT_RESET_PCR called
11:27:18.674 PM [player] buffering 0.0
[DBG] Buffering 0%
11:27:18.678 PM [player] buffering 0.0
[DBG] Buffering 1%
[DBG] Buffering 8%
[DBG] Buffering 9%
[DBG] Buffering 11%
[DBG] Buffering 14%
[DBG] Buffering 19%
[DBG] Buffering 24%
[DBG] Received first picture
11:27:18.682 PM [framestep] nextFrameStepped result=0 time=19620 ms
[DBG] Buffering 28%
[DBG] Buffering 33%
[DBG] Buffering 36%
[DBG] Buffering 51%
[DBG] Buffering 58%
[DBG] Buffering 60%
[DBG] Buffering 61%
[DBG] Buffering 64%
[DBG] Buffering 69%
[DBG] Buffering 74%
[DBG] Buffering 78%
[DBG] Buffering 80%
[DBG] Buffering 83%
[DBG] Buffering 86%
[DBG] Stream buffering done (1024 ms in 27 ms)
[DBG] Decoder wait done in 0 ms
11:27:18.706 PM [player] buffering 1.0
[ERR] ES_OUT_SET_(GROUP_)PCR  is called 13967 ms late (jitter of 13967 ms ignored)
[DBG] ES_OUT_RESET_PCR called
11:27:18.707 PM [player] buffering 0.0
[DBG] Buffering 0%
11:27:18.707 PM [player] buffering 0.0
[DBG] Buffering 3%
[DBG] Buffering 8%
[DBG] Buffering 13%
[DBG] Buffering 16%
[DBG] Buffering 19%
[DBG] Buffering 21%
[DBG] Buffering 25%
[DBG] Buffering 38%
[DBG] Buffering 40%
[DBG] Buffering 46%
[DBG] Buffering 48%
[DBG] Buffering 50%
[DBG] Buffering 53%
[DBG] Buffering 58%
[DBG] Buffering 63%
[DBG] Buffering 66%
[DBG] Buffering 71%
[DBG] Buffering 75%
[DBG] Received first picture
11:27:18.730 PM [framestep] nextFrameStepped result=0 time=19620 ms
[DBG] Buffering 90%
[DBG] Buffering 96%
[DBG] Buffering 99%
[DBG] Stream buffering done (1001 ms in 26 ms)
[DBG] Decoder wait done in 0 ms
11:27:18.734 PM [player] buffering 1.0
[ERR] ES_OUT_SET_(GROUP_)PCR  is called 14044 ms late (jitter of 13981 ms ignored)
[DBG] ES_OUT_RESET_PCR called
11:27:18.737 PM [player] buffering 0.0
[DBG] Buffering 0%
11:27:18.737 PM [player] buffering 0.0
[DBG] Buffering 5%
[DBG] Buffering 8%
[DBG] Buffering 10%
[DBG] Buffering 13%
[DBG] Buffering 16%
[DBG] Buffering 32%
[DBG] Buffering 38%
[DBG] Buffering 41%
[DBG] Buffering 45%
[DBG] Buffering 50%
[DBG] Buffering 52%
[DBG] Buffering 55%
[DBG] Received first picture
11:27:18.751 PM [framestep] nextFrameStepped result=0 time=19620 ms
[DBG] Buffering 58%
[DBG] Buffering 61%
[DBG] Buffering 63%
[DBG] Buffering 66%
[DBG] Buffering 80%
[DBG] Buffering 81%
[DBG] Buffering 88%
[DBG] Buffering 90%
[DBG] Buffering 91%
[DBG] Buffering 95%
11:27:18.761 PM [player] buffering 1.0
[DBG] Stream buffering done (1000 ms in 23 ms)
[DBG] Decoder wait done in 0 ms
[ERR] ES_OUT_SET_(GROUP_)PCR  is called 14102 ms late (jitter of 14044 ms ignored)
[DBG] ES_OUT_RESET_PCR called
11:27:18.761 PM [player] buffering 0.0
[DBG] Buffering 0%
11:27:18.761 PM [player] buffering 0.0
[DBG] Buffering 3%
[DBG] Buffering 8%
[DBG] Buffering 11%
[DBG] Buffering 26%
[DBG] Buffering 33%
[DBG] Buffering 36%
[DBG] Buffering 40%
[DBG] Received first picture
11:27:18.771 PM [framestep] nextFrameStepped result=0 time=19620 ms
[DBG] Buffering 45%
[DBG] Buffering 50%
[DBG] Buffering 53%
[DBG] Buffering 55%
[DBG] Buffering 58%
[DBG] Buffering 61%
[DBG] Buffering 78%
[DBG] Buffering 83%
[DBG] Buffering 86%
[DBG] Buffering 90%
[DBG] Buffering 95%
[DBG] Buffering 97%
11:27:18.785 PM [player] buffering 1.0
[DBG] Stream buffering done (1001 ms in 23 ms)
[DBG] Decoder wait done in 0 ms
[ERR] ES_OUT_SET_(GROUP_)PCR  is called 14093 ms late (jitter of 14093 ms ignored)
[DBG] ES_OUT_RESET_PCR called
11:27:18.785 PM [player] buffering 0.0
11:27:18.786 PM [player] buffering 0.0
[DBG] Buffering 0%
[DBG] Buffering 1%
[DBG] Buffering 4%
[DBG] Buffering 19%
[DBG] Buffering 26%
[DBG] Buffering 28%
[DBG] Buffering 29%
[DBG] Received first picture
11:27:18.800 PM [framestep] nextFrameStepped result=0 time=19620 ms
[DBG] Buffering 33%
[DBG] Buffering 38%
[DBG] Buffering 43%
[DBG] Buffering 46%
[DBG] Buffering 51%
[DBG] Buffering 54%
[DBG] Buffering 70%
[DBG] Buffering 76%
[DBG] Buffering 79%
[DBG] Buffering 83%
[DBG] Buffering 88%
[DBG] Buffering 93%
[DBG] Buffering 96%
[DBG] Buffering 99%
[DBG] Stream buffering done (1016 ms in 36 ms)
[DBG] Decoder wait done in 0 ms
11:27:18.822 PM [player] buffering 1.0
[ERR] ES_OUT_SET_(GROUP_)PCR  is called 14114 ms late (jitter of 14102 ms ignored)
[DBG] ES_OUT_RESET_PCR called
11:27:18.823 PM [player] buffering 0.0
[DBG] Buffering 0%
11:27:18.826 PM [player] buffering 0.0
[DBG] Buffering 5%
[DBG] Buffering 8%
[DBG] Buffering 11%
[DBG] Received first picture
11:27:18.835 PM [framestep] nextFrameStepped result=0 time=19620 ms
[DBG] Buffering 16%
[DBG] Buffering 19%
[DBG] Buffering 21%
[DBG] Buffering 25%
[DBG] Buffering 28%
[DBG] Buffering 30%
[DBG] Buffering 33%
[DBG] Buffering 48%
[DBG] Buffering 55%
[DBG] Buffering 57%
[DBG] Buffering 58%
[DBG] Buffering 61%
[DBG] Buffering 66%
[DBG] Buffering 71%
[DBG] Buffering 75%
[DBG] Buffering 80%
[DBG] Buffering 83%
[DBG] Buffering 99%
[DBG] Stream buffering done (1051 ms in 30 ms)
11:27:18.857 PM [player] buffering 1.0
[DBG] Decoder wait done in 0 ms
[ERR] ES_OUT_SET_(GROUP_)PCR  is called 14114 ms late (jitter of 14114 ms ignored)
[DBG] ES_OUT_RESET_PCR called
11:27:18.857 PM [player] buffering 0.0
[DBG] Buffering 0%
11:27:18.858 PM [player] buffering 0.0
[DBG] Buffering 4%
[DBG] Buffering 9%
[DBG] Buffering 13%
[DBG] Buffering 16%
[DBG] Buffering 18%
[DBG] Buffering 21%
[DBG] Buffering 35%
[DBG] Buffering 36%
[DBG] Buffering 43%
[DBG] Buffering 44%
[DBG] Buffering 46%
[DBG] Buffering 50%
[DBG] Buffering 54%
[DBG] Buffering 55%
[DBG] Buffering 60%
[DBG] Received first picture
11:27:18.872 PM [framestep] nextFrameStepped result=0 time=19620 ms
[DBG] Buffering 63%
[DBG] Buffering 68%
[DBG] Buffering 71%
[DBG] Buffering 86%
[DBG] Buffering 93%
[DBG] Buffering 96%
11:27:18.887 PM [player] buffering 1.0
[DBG] Stream buffering done (1001 ms in 28 ms)
[DBG] Decoder wait done in 0 ms
[ERR] ES_OUT_SET_(GROUP_)PCR  is called 14178 ms late (jitter of 14114 ms ignored)
[DBG] ES_OUT_RESET_PCR called
11:27:18.887 PM [player] buffering 0.0
11:27:18.888 PM [player] buffering 0.0
[DBG] Buffering 0%
[DBG] Buffering 3%
[DBG] Buffering 5%
[DBG] Buffering 8%
[DBG] Buffering 11%
[DBG] Buffering 27%
[DBG] Buffering 33%
[DBG] Buffering 36%
[DBG] Buffering 40%
[DBG] Buffering 45%
[DBG] Buffering 46%
[DBG] Buffering 50%
[DBG] Buffering 53%
[DBG] Received first picture
11:27:18.900 PM [framestep] nextFrameStepped result=0 time=19620 ms
[DBG] Buffering 56%
[DBG] Buffering 58%
[DBG] Buffering 61%
[DBG] Buffering 75%
[DBG] Buffering 76%
[DBG] Buffering 83%
[DBG] Buffering 85%
[DBG] Buffering 86%
[DBG] Buffering 90%
[DBG] Buffering 94%
[DBG] Buffering 95%
[DBG] Stream buffering done (1001 ms in 24 ms)
[DBG] Decoder wait done in 0 ms
11:27:18.912 PM [player] buffering 1.0
[ERR] ES_OUT_SET_(GROUP_)PCR  is called 14220 ms late (jitter of 14178 ms ignored)
[DBG] ES_OUT_RESET_PCR called
11:27:18.913 PM [player] buffering 0.0
[DBG] Buffering 0%
11:27:18.913 PM [player] buffering 0.0
[DBG] Buffering 3%
[DBG] Buffering 18%
[DBG] Buffering 25%
[DBG] Received first picture
11:27:18.921 PM [framestep] nextFrameStepped result=0 time=19620 ms
[DBG] Buffering 28%
[DBG] Buffering 31%
[DBG] Buffering 36%
[DBG] Buffering 41%
[DBG] Buffering 45%
[DBG] Buffering 47%
[DBG] Buffering 50%
[DBG] Buffering 53%
[DBG] Buffering 69%
[DBG] Buffering 75%
[DBG] Buffering 78%
[DBG] Buffering 81%
[DBG] Buffering 86%
[DBG] Buffering 88%
[DBG] Buffering 91%
[DBG] Buffering 95%
[DBG] Buffering 98%
[DBG] Stream buffering done (1001 ms in 26 ms)
[DBG] Decoder wait done in 0 ms
11:27:18.940 PM [player] buffering 1.0
[ERR] ES_OUT_SET_(GROUP_)PCR  is called 14247 ms late (jitter of 14220 ms ignored)
[DBG] ES_OUT_RESET_PCR called
11:27:18.940 PM [player] buffering 0.0
[DBG] Buffering 0%
11:27:18.943 PM [player] buffering 0.0
[DBG] Buffering 7%
[DBG] Buffering 9%
[DBG] Buffering 10%
[DBG] Buffering 14%
[DBG] Buffering 19%
[DBG] Received first picture
11:27:18.948 PM [framestep] nextFrameStepped result=0 time=19620 ms
[DBG] Buffering 24%
[DBG] Buffering 27%
[DBG] Buffering 32%
[DBG] Buffering 35%
[DBG] Buffering 51%
[DBG] Buffering 57%
[DBG] Buffering 60%
[DBG] Buffering 64%
[DBG] Buffering 69%
[DBG] Buffering 74%
[DBG] Buffering 77%
[DBG] Buffering 80%
[DBG] Buffering 82%
[DBG] Buffering 85%
[DBG] Stream buffering done (1024 ms in 24 ms)
[DBG] Decoder wait done in 0 ms
11:27:18.968 PM [player] buffering 1.0
[ERR] ES_OUT_SET_(GROUP_)PCR  is called 14237 ms late (jitter of 14237 ms ignored)
[DBG] ES_OUT_RESET_PCR called
11:27:18.972 PM [player] buffering 0.0
[DBG] Buffering 0%
11:27:18.972 PM [player] buffering 0.0
[DBG] Buffering 3%
[DBG] Buffering 8%
[DBG] Buffering 10%
[DBG] Buffering 13%
[DBG] Buffering 16%
[DBG] Buffering 20%
[DBG] Buffering 21%
[DBG] Buffering 25%
[DBG] Buffering 39%
[DBG] Buffering 40%
[DBG] Buffering 46%
[DBG] Buffering 49%
[DBG] Buffering 50%
[DBG] Received first picture
11:27:18.993 PM [framestep] nextFrameStepped result=0 time=19620 ms
[DBG] Buffering 53%
[DBG] Buffering 58%
[DBG] Buffering 63%
[DBG] Buffering 66%
[DBG] Buffering 71%
[DBG] Buffering 75%
[DBG] Buffering 90%
[DBG] Buffering 96%
[DBG] Stream buffering done (1001 ms in 33 ms)
11:27:19.005 PM [player] buffering 1.0
[DBG] Decoder wait done in 0 ms
[ERR] ES_OUT_SET_(GROUP_)PCR  is called 14316 ms late (jitter of 14247 ms ignored)
[DBG] ES_OUT_RESET_PCR called
11:27:19.009 PM [player] buffering 0.0
[DBG] Buffering 0%
11:27:19.009 PM [player] buffering 0.0
[DBG] Buffering 5%
[DBG] Buffering 8%
[DBG] Buffering 11%
[DBG] Buffering 13%
[DBG] Buffering 16%
[DBG] Buffering 30%
[DBG] Buffering 31%
[DBG] Buffering 38%
[DBG] Buffering 39%
[DBG] Buffering 41%
[DBG] Received first picture
11:27:19.017 PM [framestep] nextFrameStepped result=0 time=19620 ms
[DBG] Buffering 45%
[DBG] Buffering 49%
[DBG] Buffering 50%
[DBG] Buffering 55%
[DBG] Buffering 58%
[DBG] Buffering 63%
[DBG] Buffering 66%
[DBG] Buffering 81%
[DBG] Buffering 88%
[DBG] Buffering 91%
[DBG] Buffering 95%
[DBG] Stream buffering done (1001 ms in 22 ms)
[DBG] Decoder wait done in 0 ms
11:27:19.032 PM [player] buffering 1.0
[ERR] ES_OUT_SET_(GROUP_)PCR  is called 14324 ms late (jitter of 14316 ms ignored)
[DBG] ES_OUT_RESET_PCR called
11:27:19.034 PM [player] buffering 0.0
11:27:19.034 PM [player] buffering 0.0
[DBG] Buffering 0%
[DBG] Buffering 1%
[DBG] Buffering 4%
[DBG] Buffering 8%
[DBG] Buffering 24%
[DBG] Buffering 29%
[DBG] Buffering 33%
[DBG] Buffering 36%
[DBG] Buffering 41%
[DBG] Buffering 46%
[DBG] Received first picture
11:27:19.042 PM [framestep] nextFrameStepped result=0 time=19620 ms
[DBG] Buffering 50%
[DBG] Buffering 52%
[DBG] Buffering 55%
[DBG] Buffering 58%
[DBG] Buffering 72%
[DBG] Buffering 73%
[DBG] Buffering 80%
[DBG] Buffering 81%
[DBG] Buffering 83%
[DBG] Buffering 86%
[DBG] Buffering 91%
[DBG] Buffering 96%
[DBG] Stream buffering done (1001 ms in 20 ms)
11:27:19.054 PM [player] buffering 1.0
[DBG] Decoder wait done in 0 ms
[ERR] ES_OUT_SET_(GROUP_)PCR  is called 14345 ms late (jitter of 14324 ms ignored)
[DBG] ES_OUT_RESET_PCR called
11:27:19.054 PM [player] buffering 0.0
11:27:19.055 PM [player] buffering 0.0
[DBG] Buffering 0%
[DBG] Buffering 14%
[DBG] Buffering 21%
[DBG] Buffering 24%
[DBG] Buffering 25%
[DBG] Buffering 28%
[DBG] Buffering 33%
[DBG] Received first picture
11:27:19.066 PM [framestep] nextFrameStepped result=0 time=19620 ms
[DBG] Buffering 38%
[DBG] Buffering 41%
[DBG] Buffering 43%
[DBG] Buffering 46%
[DBG] Buffering 50%
[DBG] Buffering 66%
[DBG] Buffering 71%
[DBG] Buffering 75%
[DBG] Buffering 78%
[DBG] Buffering 83%
[DBG] Buffering 85%
[DBG] Buffering 88%
[DBG] Buffering 91%
[DBG] Buffering 94%
[DBG] Buffering 96%
[DBG] Stream buffering done (1001 ms in 32 ms)
[DBG] Decoder wait done in 0 ms
11:27:19.087 PM [player] buffering 1.0
[ERR] ES_OUT_SET_(GROUP_)PCR  is called 14293 ms late (jitter of 14324 ms ignored)
[DBG] ES_OUT_RESET_PCR called
11:27:19.093 PM [player] buffering 0.0
[DBG] Buffering 0%
11:27:19.094 PM [player] buffering 0.0
[DBG] Buffering 6%
[DBG] Buffering 8%
[DBG] Buffering 10%
[DBG] Buffering 13%
[DBG] Buffering 18%
[DBG] Buffering 23%
[DBG] Buffering 26%
[DBG] Buffering 31%
[DBG] Buffering 35%
[DBG] Buffering 50%
[DBG] Buffering 56%
[DBG] Buffering 59%
[DBG] Buffering 60%
[DBG] Received first picture
11:27:19.109 PM [framestep] nextFrameStepped result=0 time=19620 ms
[DBG] Buffering 63%
[DBG] Buffering 68%
[DBG] Buffering 73%
[DBG] Buffering 76%
[DBG] Buffering 79%
[DBG] Buffering 81%
[DBG] Buffering 85%
[DBG] Stream buffering done (1014 ms in 22 ms)
11:27:19.116 PM [player] buffering 1.0
[DBG] Decoder wait done in 0 ms
[ERR] ES_OUT_SET_(GROUP_)PCR  is called 14393 ms late (jitter of 14345 ms ignored)
[DBG] ES_OUT_RESET_PCR called
11:27:19.119 PM [player] buffering 0.0
11:27:19.119 PM [player] buffering 0.0
[DBG] Buffering 0%
[DBG] Buffering 3%
[DBG] Buffering 8%
[DBG] Buffering 10%
[DBG] Buffering 13%
[DBG] Buffering 16%
[DBG] Buffering 20%
[DBG] Buffering 21%
[DBG] Buffering 25%
[DBG] Buffering 39%
[DBG] Buffering 40%
[DBG] Buffering 46%
[DBG] Buffering 48%
[DBG] Buffering 50%
[DBG] Buffering 53%
[DBG] Buffering 58%
[DBG] Received first picture
11:27:19.134 PM [framestep] nextFrameStepped result=0 time=19620 ms
[DBG] Buffering 63%
[DBG] Buffering 66%
[DBG] Buffering 71%
[DBG] Buffering 75%
[DBG] Buffering 90%
[DBG] Buffering 96%
[DBG] Stream buffering done (1001 ms in 27 ms)
[DBG] Decoder wait done in 0 ms
11:27:19.146 PM [player] buffering 1.0
[ERR] ES_OUT_SET_(GROUP_)PCR  is called 14454 ms late (jitter of 14393 ms ignored)
[DBG] ES_OUT_RESET_PCR called
11:27:19.147 PM [player] buffering 0.0
[DBG] Buffering 0%
11:27:19.147 PM [player] buffering 0.0
[DBG] Buffering 5%
[DBG] Buffering 8%
[DBG] Buffering 10%
[DBG] Buffering 13%
[DBG] Buffering 16%
[DBG] Buffering 33%
[DBG] Buffering 38%
[DBG] Buffering 41%
[DBG] Buffering 45%
[DBG] Buffering 50%
[DBG] Buffering 52%
[DBG] Buffering 55%
[DBG] Received first picture
11:27:19.160 PM [framestep] nextFrameStepped result=0 time=19620 ms
[DBG] Buffering 58%
[DBG] Buffering 62%
[DBG] Buffering 63%
[DBG] Buffering 66%
[DBG] Buffering 81%
[DBG] Buffering 88%
[DBG] Buffering 90%
[DBG] Buffering 91%
[DBG] Buffering 95%
[DBG] Stream buffering done (1001 ms in 27 ms)
[DBG] Decoder wait done in 0 ms
11:27:19.175 PM [player] buffering 1.0
[ERR] ES_OUT_SET_(GROUP_)PCR  is called 14465 ms late (jitter of 14454 ms ignored)
[DBG] ES_OUT_RESET_PCR called
11:27:19.175 PM [player] buffering 0.0
[DBG] Buffering 0%
11:27:19.175 PM [player] buffering 0.0
[DBG] Buffering 5%
[DBG] Buffering 8%
[DBG] Buffering 24%
[DBG] Buffering 30%
[DBG] Buffering 33%
[DBG] Buffering 36%
[DBG] Received first picture
11:27:19.185 PM [framestep] nextFrameStepped result=0 time=19620 ms
[DBG] Buffering 41%
[DBG] Buffering 46%
[DBG] Buffering 50%
[DBG] Buffering 52%
[DBG] Buffering 55%
[DBG] Buffering 58%
[DBG] Buffering 72%
[DBG] Buffering 73%
[DBG] Buffering 80%
[DBG] Buffering 81%
[DBG] Buffering 83%
[DBG] Buffering 86%
[DBG] Buffering 91%
[DBG] Buffering 96%
11:27:19.205 PM [player] buffering 1.0
[DBG] Stream buffering done (1001 ms in 29 ms)
[DBG] Decoder wait done in 0 ms
[ERR] ES_OUT_SET_(GROUP_)PCR  is called 14495 ms late (jitter of 14465 ms ignored)
[DBG] ES_OUT_RESET_PCR called
11:27:19.205 PM [player] buffering 0.0
11:27:19.205 PM [player] buffering 0.0
[DBG] Buffering 0%
[DBG] Buffering 14%
[DBG] Buffering 15%
[DBG] Buffering 21%
[DBG] Buffering 24%
[DBG] Buffering 25%
[DBG] Buffering 28%
[DBG] Buffering 33%
[DBG] Buffering 38%
[DBG] Received first picture
11:27:19.212 PM [framestep] nextFrameStepped result=0 time=19620 ms
[DBG] Buffering 41%
[DBG] Buffering 43%
[DBG] Buffering 46%
[DBG] Buffering 50%
[DBG] Buffering 66%
[DBG] Buffering 71%
[DBG] Buffering 75%
[DBG] Buffering 78%
[DBG] Buffering 83%
[DBG] Buffering 85%
[DBG] Buffering 88%
[DBG] Buffering 91%
[DBG] Buffering 94%
[DBG] Buffering 96%
[DBG] Stream buffering done (1001 ms in 25 ms)
[DBG] Decoder wait done in 0 ms
11:27:19.231 PM [player] buffering 1.0
[ERR] ES_OUT_SET_(GROUP_)PCR  is called 14435 ms late (jitter of 14465 ms ignored)
[DBG] ES_OUT_RESET_PCR called
11:27:19.233 PM [player] buffering 0.0
11:27:19.236 PM [player] buffering 0.0
[DBG] Buffering 0%
[DBG] Buffering 6%
[DBG] Buffering 8%
[DBG] Buffering 9%
[DBG] Buffering 13%
[DBG] Buffering 18%
[DBG] Buffering 23%
[DBG] Buffering 26%
[DBG] Buffering 31%
[DBG] Buffering 35%
[DBG] Buffering 50%
[DBG] Buffering 56%
[DBG] Buffering 59%
[DBG] Buffering 60%
[DBG] Buffering 63%
[DBG] Received first picture
11:27:19.258 PM [framestep] nextFrameStepped result=0 time=19620 ms
[DBG] Buffering 68%
[DBG] Buffering 73%
[DBG] Buffering 76%
[DBG] Buffering 78%
[DBG] Buffering 81%
[DBG] Buffering 85%
11:27:19.267 PM [player] buffering 1.0
[DBG] Stream buffering done (1012 ms in 31 ms)
[DBG] Decoder wait done in 0 ms
[ERR] ES_OUT_SET_(GROUP_)PCR  is called 14544 ms late (jitter of 14495 ms ignored)
[DBG] ES_OUT_RESET_PCR called
11:27:19.270 PM [player] buffering 0.0
11:27:19.271 PM [player] buffering 0.0
[DBG] Buffering 0%
[DBG] Buffering 3%
[DBG] Buffering 8%
[DBG] Buffering 10%
[DBG] Buffering 13%
[DBG] Buffering 16%
[DBG] Buffering 20%
[DBG] Buffering 21%
[DBG] Buffering 25%
[DBG] Buffering 39%
[DBG] Buffering 40%
[DBG] Buffering 46%
[DBG] Buffering 48%
[DBG] Buffering 50%
[DBG] Buffering 53%
[DBG] Received first picture
11:27:19.291 PM [framestep] nextFrameStepped result=0 time=19620 ms
[DBG] Buffering 58%
[DBG] Buffering 63%
[DBG] Buffering 66%
[DBG] Buffering 71%
[DBG] Buffering 75%
[DBG] Buffering 90%
[DBG] Buffering 96%
[DBG] Stream buffering done (1000 ms in 28 ms)
[DBG] Decoder wait done in 0 ms
11:27:19.299 PM [player] buffering 1.0
[ERR] ES_OUT_SET_(GROUP_)PCR  is called 14640 ms late (jitter of 14544 ms ignored)
[DBG] ES_OUT_RESET_PCR called
11:27:19.299 PM [player] buffering 0.0
11:27:19.301 PM [player] buffering 0.0
[DBG] Buffering 0%
[DBG] Buffering 5%
[DBG] Buffering 10%
[DBG] Buffering 13%
[DBG] Buffering 15%
[DBG] Buffering 18%
[DBG] Buffering 21%
[DBG] Buffering 38%
[DBG] Buffering 43%
[DBG] Buffering 46%
[DBG] Buffering 50%
[DBG] Buffering 55%
[DBG] Buffering 57%
[DBG] Buffering 60%
[DBG] Buffering 63%
[DBG] Buffering 66%
[DBG] Buffering 68%
[DBG] Buffering 71%
[DBG] Received first picture
11:27:19.389 PM [framestep] nextFrameStepped result=0 time=19620 ms
[DBG] Buffering 86%
[DBG] Buffering 93%
[DBG] Buffering 95%
[DBG] Buffering 96%
[DBG] Stream buffering done (1001 ms in 94 ms)
[DBG] Decoder wait done in 0 ms
11:27:19.396 PM [player] buffering 1.0
[ERR] ES_OUT_SET_(GROUP_)PCR  is called 14686 ms late (jitter of 14640 ms ignored)
[DBG] ES_OUT_RESET_PCR called
11:27:19.396 PM [player] buffering 0.0
[DBG] Buffering 0%
11:27:19.397 PM [player] buffering 0.0
[DBG] Buffering 3%
[DBG] Buffering 8%
[DBG] Buffering 11%
[DBG] Buffering 27%
[DBG] Buffering 33%
[DBG] Buffering 36%
[DBG] Buffering 40%
[DBG] Buffering 45%
[DBG] Buffering 50%
[DBG] Received first picture
11:27:19.417 PM [framestep] nextFrameStepped result=0 time=19620 ms
[DBG] Buffering 53%
[DBG] Buffering 56%
[DBG] Buffering 58%
[DBG] Buffering 61%
[DBG] Buffering 75%
[DBG] Buffering 76%
[DBG] Buffering 83%
[DBG] Buffering 84%
[DBG] Buffering 86%
[DBG] Buffering 90%
[DBG] Buffering 94%
[DBG] Buffering 95%
[DBG] Stream buffering done (1001 ms in 33 ms)
[DBG] Decoder wait done in 0 ms
11:27:19.430 PM [player] buffering 1.0
[ERR] ES_OUT_SET_(GROUP_)PCR  is called 14739 ms late (jitter of 14686 ms ignored)
[DBG] ES_OUT_RESET_PCR called
11:27:19.432 PM [player] buffering 0.0
[DBG] Buffering 0%
11:27:19.432 PM [player] buffering 0.0
[DBG] Buffering 3%
[DBG] Buffering 18%
[DBG] Buffering 25%
[DBG] Buffering 27%
[DBG] Buffering 28%
[DBG] Buffering 31%
[DBG] Buffering 36%
[DBG] Received first picture
11:27:19.441 PM [framestep] nextFrameStepped result=0 time=19620 ms
[DBG] Buffering 41%
[DBG] Buffering 45%
[DBG] Buffering 50%
[DBG] Buffering 53%
[DBG] Buffering 69%
[DBG] Buffering 75%
[DBG] Buffering 78%
[DBG] Buffering 81%
[DBG] Buffering 86%
[DBG] Buffering 91%
[DBG] Buffering 95%
[DBG] Buffering 98%
[DBG] Stream buffering done (1001 ms in 23 ms)
[DBG] Decoder wait done in 0 ms
11:27:19.455 PM [player] buffering 1.0
[ERR] ES_OUT_SET_(GROUP_)PCR  is called 14762 ms late (jitter of 14739 ms ignored)
[DBG] ES_OUT_RESET_PCR called
11:27:19.456 PM [player] buffering 0.0
[DBG] Buffering 0%
11:27:19.460 PM [player] buffering 0.0
[DBG] Buffering 1%
[DBG] Buffering 7%
[DBG] Buffering 9%
[DBG] Buffering 11%
[DBG] Buffering 14%
[DBG] Buffering 19%
[DBG] Received first picture
11:27:19.465 PM [framestep] nextFrameStepped result=0 time=19620 ms
[DBG] Buffering 24%
[DBG] Buffering 27%
[DBG] Buffering 33%
[DBG] Buffering 36%
[DBG] Buffering 51%
[DBG] Buffering 57%
[DBG] Buffering 60%
[DBG] Buffering 61%
[DBG] Buffering 64%
[DBG] Buffering 69%
[DBG] Buffering 74%
[DBG] Buffering 78%
[DBG] Buffering 80%
[DBG] Buffering 83%
[DBG] Buffering 86%
[DBG] Stream buffering done (1024 ms in 35 ms)
[DBG] Decoder wait done in 0 ms
11:27:19.496 PM [player] buffering 1.0
[ERR] ES_OUT_SET_(GROUP_)PCR  is called 14761 ms late (jitter of 14761 ms ignored)
[DBG] ES_OUT_RESET_PCR called
11:27:19.500 PM [player] buffering 0.0
11:27:19.501 PM [player] buffering 0.0
[DBG] Buffering 0%
[DBG] Buffering 3%
[DBG] Buffering 8%
[DBG] Buffering 10%
[DBG] Buffering 13%
[DBG] Buffering 16%
[DBG] Buffering 19%
[DBG] Buffering 21%
[DBG] Buffering 25%
[DBG] Buffering 39%
[DBG] Buffering 40%
[DBG] Buffering 46%
[DBG] Buffering 48%
[DBG] Buffering 50%
[DBG] Received first picture
11:27:19.511 PM [framestep] nextFrameStepped result=0 time=19620 ms
[DBG] Buffering 53%
[DBG] Buffering 58%
[DBG] Buffering 63%
[DBG] Buffering 66%
[DBG] Buffering 71%
[DBG] Buffering 75%
[DBG] Buffering 90%
[DBG] Buffering 96%
[DBG] Buffering 99%
[DBG] Stream buffering done (1001 ms in 27 ms)
[DBG] Decoder wait done in 0 ms
11:27:19.528 PM [player] buffering 1.0
[ERR] ES_OUT_SET_(GROUP_)PCR  is called 14837 ms late (jitter of 14762 ms ignored)
[DBG] ES_OUT_RESET_PCR called
11:27:19.530 PM [player] buffering 0.0
[DBG] Buffering 0%
11:27:19.530 PM [player] buffering 0.0
[DBG] Buffering 5%
[DBG] Buffering 8%
[DBG] Buffering 10%
[DBG] Buffering 13%
[DBG] Buffering 16%
[DBG] Buffering 33%
[DBG] Buffering 38%
[DBG] Buffering 41%
[DBG] Buffering 45%
[DBG] Buffering 50%
[DBG] Buffering 52%
[DBG] Buffering 55%
[DBG] Received first picture
11:27:19.541 PM [framestep] nextFrameStepped result=0 time=19620 ms
[DBG] Buffering 58%
[DBG] Buffering 61%
[DBG] Buffering 63%
[DBG] Buffering 66%
[DBG] Buffering 81%
[DBG] Buffering 88%
[DBG] Buffering 90%
[DBG] Buffering 91%
[DBG] Buffering 95%
[DBG] Stream buffering done (1001 ms in 26 ms)
[DBG] Decoder wait done in 0 ms
11:27:19.556 PM [player] buffering 1.0
[ERR] ES_OUT_SET_(GROUP_)PCR  is called 14848 ms late (jitter of 14837 ms ignored)
[DBG] ES_OUT_RESET_PCR called
11:27:19.557 PM [player] buffering 0.0
[DBG] Buffering 0%
11:27:19.558 PM [player] buffering 0.0
[DBG] Buffering 5%
[DBG] Buffering 8%
[DBG] Buffering 23%
[DBG] Buffering 30%
[DBG] Buffering 33%
[DBG] Received first picture
11:27:19.577 PM [framestep] nextFrameStepped result=0 time=19620 ms
[DBG] Buffering 36%
[DBG] Buffering 41%
[DBG] Buffering 46%
[DBG] Buffering 50%
[DBG] Buffering 52%
[DBG] Buffering 55%
[DBG] Buffering 58%
[DBG] Buffering 74%
[DBG] Buffering 80%
[DBG] Buffering 83%
[DBG] Buffering 86%
[DBG] Buffering 91%
[DBG] Buffering 94%
[DBG] Buffering 96%
[DBG] Stream buffering done (1001 ms in 34 ms)
[DBG] Decoder wait done in 0 ms
11:27:19.593 PM [player] buffering 1.0
[ERR] ES_OUT_SET_(GROUP_)PCR  is called 14897 ms late (jitter of 14848 ms ignored)
[DBG] ES_OUT_RESET_PCR called
11:27:19.593 PM [player] buffering 0.0
11:27:19.594 PM [player] buffering 0.0
[DBG] Buffering 0%
[DBG] Buffering 3%
[DBG] Buffering 17%
[DBG] Buffering 18%
[DBG] Buffering 25%
[DBG] Buffering 27%
[DBG] Buffering 28%
[DBG] Buffering 31%
[DBG] Buffering 36%
[DBG] Buffering 41%
[DBG] Received first picture
11:27:19.602 PM [framestep] nextFrameStepped result=0 time=19620 ms
[DBG] Buffering 45%
[DBG] Buffering 50%
[DBG] Buffering 53%
[DBG] Buffering 69%
[DBG] Buffering 75%
[DBG] Buffering 78%
[DBG] Buffering 81%
[DBG] Buffering 86%
[DBG] Buffering 91%
[DBG] Buffering 95%
[DBG] Buffering 97%
11:27:19.638 PM [player] buffering 1.0
[DBG] Stream buffering done (1001 ms in 44 ms)
[DBG] Decoder wait done in 0 ms
[ERR] ES_OUT_SET_(GROUP_)PCR  is called 14946 ms late (jitter of 14897 ms ignored)
[DBG] ES_OUT_RESET_PCR called
11:27:19.639 PM [player] buffering 0.0
11:27:19.642 PM [player] buffering 0.0
[DBG] Buffering 0%
[DBG] Buffering 1%
[DBG] Buffering 8%
[DBG] Buffering 9%
[DBG] Buffering 11%
[DBG] Buffering 14%
[DBG] Buffering 19%
[DBG] Buffering 24%
[DBG] Received first picture
[DBG] Buffering 28%
11:27:19.648 PM [framestep] nextFrameStepped result=0 time=19620 ms
[DBG] Buffering 33%
[DBG] Buffering 36%
[DBG] Buffering 51%
[DBG] Buffering 58%
[DBG] Buffering 60%
[DBG] Buffering 61%
[DBG] Buffering 64%
[DBG] Buffering 69%
[DBG] Buffering 74%
[DBG] Buffering 78%
[DBG] Buffering 80%
[DBG] Buffering 83%
[DBG] Buffering 86%
[DBG] Stream buffering done (1024 ms in 19 ms)
11:27:19.661 PM [player] buffering 1.0
[DBG] Decoder wait done in 0 ms
[ERR] ES_OUT_SET_(GROUP_)PCR  is called 14923 ms late (jitter of 14923 ms ignored)
[DBG] ES_OUT_RESET_PCR called
11:27:19.664 PM [player] buffering 0.0
[DBG] Buffering 0%
11:27:19.664 PM [player] buffering 0.0
[DBG] Buffering 3%
[DBG] Buffering 8%
[DBG] Buffering 13%
[DBG] Buffering 16%
[DBG] Buffering 19%
[DBG] Buffering 21%
[DBG] Buffering 25%
[DBG] Buffering 38%
[DBG] Buffering 40%
[DBG] Buffering 46%
[DBG] Buffering 48%
[DBG] Buffering 50%
[DBG] Buffering 53%
[DBG] Buffering 58%
[DBG] Received first picture
11:27:19.675 PM [framestep] nextFrameStepped result=0 time=19620 ms
[DBG] Buffering 63%
[DBG] Buffering 66%
[DBG] Buffering 71%
[DBG] Buffering 75%
[DBG] Buffering 90%
[DBG] Buffering 96%
[DBG] Buffering 99%
[DBG] Stream buffering done (1001 ms in 18 ms)
[DBG] Decoder wait done in 0 ms
11:27:19.682 PM [player] buffering 1.0
[ERR] ES_OUT_SET_(GROUP_)PCR  is called 14995 ms late (jitter of 14946 ms ignored)
[DBG] ES_OUT_RESET_PCR called
11:27:19.688 PM [player] buffering 0.0
[DBG] Buffering 0%
11:27:19.688 PM [player] buffering 0.0
[DBG] Buffering 5%
[DBG] Buffering 8%
[DBG] Buffering 10%
[DBG] Buffering 13%
[DBG] Buffering 16%
[DBG] Buffering 32%
[DBG] Buffering 38%
[DBG] Buffering 41%
[DBG] Buffering 45%
[DBG] Received first picture
11:27:19.698 PM [framestep] nextFrameStepped result=0 time=19620 ms
[DBG] Buffering 50%
[DBG] Buffering 52%
[DBG] Buffering 55%
[DBG] Buffering 58%
[DBG] Buffering 61%
[DBG] Buffering 63%
[DBG] Buffering 66%
[DBG] Buffering 80%
[DBG] Buffering 81%
[DBG] Buffering 88%
[DBG] Buffering 90%
[DBG] Buffering 91%
[DBG] Buffering 95%
[DBG] Stream buffering done (1000 ms in 20 ms)
[DBG] Decoder wait done in 0 ms
11:27:19.709 PM [player] buffering 1.0
[ERR] ES_OUT_SET_(GROUP_)PCR  is called 15049 ms late (jitter of 14995 ms ignored)
[DBG] ES_OUT_RESET_PCR called
11:27:19.709 PM [player] buffering 0.0
[DBG] Buffering 0%
11:27:19.709 PM [player] buffering 0.0
[DBG] Buffering 3%
[DBG] Buffering 8%
[DBG] Buffering 11%
[DBG] Buffering 26%
[DBG] Buffering 33%
[DBG] Buffering 36%
[DBG] Buffering 40%
[DBG] Buffering 45%
[DBG] Received first picture
11:27:19.724 PM [framestep] nextFrameStepped result=0 time=19620 ms
[DBG] Buffering 50%
[DBG] Buffering 53%
[DBG] Buffering 55%
[DBG] Buffering 58%
[DBG] Buffering 61%
[DBG] Buffering 78%
[DBG] Buffering 83%
11:27:19.746 PM [player] play (select) at 19620 ms
[DBG] Buffering 86%
11:27:19.747 PM [player] state Playing at 19620 ms
[DBG] Buffering 90%
[DBG] not really resuming SPU
[DBG] resuming video
[DBG] resuming audio
[DBG] Buffering 95%
[DBG] Buffering 97%
[DBG] Stream buffering done (1001 ms in -16048 ms)
[DBG] Decoder wait done in 0 ms
11:27:19.752 PM [player] buffering 1.0
[DBG] deferring start (218544 us)
[DBG] deferring start (181443 us)
[DBG] deferring start (149184 us)
[DBG] deferring start (116933 us)
[DBG] deferring start (116524 us)
[DBG] deferring start (116222 us)
[DBG] deferring start (115958 us)
[DBG] deferring start (115658 us)
[DBG] deferring start (115397 us)
[DBG] deferring start (115124 us)
[DBG] deferring start (114864 us)
[DBG] deferring start (114575 us)
[DBG] deferring start (114144 us)
[DBG] deferring start (113934 us)
[DBG] deferring start (113730 us)
[DBG] deferring start (113476 us)
[DBG] deferring start (113231 us)
[DBG] deferring start (112976 us)
[DBG] deferring start (112675 us)
[DBG] deferring start (112420 us)
[DBG] deferring start (112209 us)
[DBG] deferring start (111902 us)
[DBG] deferring start (111596 us)
[DBG] deferring start (111223 us)
[DBG] deferring start (110922 us)
[DBG] deferring start (110655 us)
[DBG] deferring start (110389 us)
[DBG] deferring start (110122 us)
[DBG] deferring start (109794 us)
[DBG] deferring start (109564 us)
[DBG] deferring start (109332 us)
[DBG] deferring start (109022 us)
[DBG] deferring start (108753 us)
[DBG] deferring start (108142 us)
[DBG] deferring start (107456 us)
[DBG] deferring start (107177 us)
[DBG] deferring start (106813 us)
[DBG] deferring start (106587 us)
[DBG] started
[DBG] New Chapter 165966000 uid=803082747308795293
11:27:22.004 PM [player] dismiss at 164040 ms, state Playing
11:27:22.007 PM [player] state Stopping at 164040 ms
[DBG] killing decoder fourcc `mpgv'
[DBG] removing "video decoder" module "avcodec"
[DBG] removing "video packetizer" module "mpegvideo"
[DBG] removing "video converter" module "swscale"
[DBG] Filter 0x10c8eb300 removed from chain
[DBG] removing "video converter" module "cvpx"
[DBG] Filter 0x10475f600 removed from chain
[DBG] removing "video converter" module "chain"
[DBG] saving a free vout
[DBG] ES track unselected: 'video/1' (fourcc: 'mpgv')
11:27:22.020 PM [player] track selected type=1 selected= unselected=video/1
[DBG] killing decoder fourcc `a52 '
[DBG] removing "audio decoder" module "avcodec"
[DBG] removing "audio packetizer" module "a52"
[DBG] removing "audio resampler" module "soxr"
[DBG] removing "audio filter" module "scaletempo"
[DBG] removing "audio volume" module "float_mixer"
[DBG] keeping audio output
[DBG] ES track unselected: 'audio/2' (fourcc: 'a52 ')
11:27:22.094 PM [player] track selected type=0 selected= unselected=audio/2
[DBG] killing decoder fourcc `subt'
[DBG] removing "spu decoder" module "subsdec"
[DBG] ES track unselected: 'spu/4' (fourcc: 'subt')
[DBG] removing "demux" module "mkv"
[DBG] ES track deleted: 'video/1' (fourcc: 'mpgv')
11:27:22.094 PM [player] track selected type=2 selected= unselected=spu/4
[DBG] ES track deleted: 'audio/2' (fourcc: 'a52 ')
[DBG] ES track deleted: 'audio/3' (fourcc: 'a52 ')
[DBG] ES track deleted: 'spu/4' (fourcc: 'subt')
[DBG] Program doesn't contain anymore ES
[DBG] removing "stream_filter" module "record"
[DBG] removing "stream_filter" module "prefetch"
[DBG] removing "access" module "http"
[DBG] connection failed
11:27:22.095 PM [player] state Stopped at 164040 ms
[DBG] stop free vout
[DBG] VLC media player - 4.0.0-dev Otto Chriek
[DBG] Copyright © 1996-2026 the VideoLAN team
[DBG] revision 4.0.0-dev-38816-gf9ee42b122
[DBG] configured with /Users/marlin1111/vlckit-build/VLCKit/libvlc/vlc/configure  '--host=aarch64-apple-darwin' '--build=aarch64-apple-darwin25.6.0' '--prefix=/Users/marlin1111/vlckit-build/VLCKit/libvlc/vlc/build-appletvos-arm64/vlc-appletvos26.5-arm64' '--with-contrib=/Users/marlin1111/vlckit-build/VLCKit/libvlc/vlc/contrib/arm64-appletvos26.5' '--disable-sse' '--disable-vcd' '--disable-macosx' '--disable-macosx-avfoundation' '--disable-lua' '--disable-qt' '--disable-skins2' '--disable-vlc' '--disable-vlm' '--disable-nls' '--disable-notify' '--disable-projectm' '--disable-goom' '--disable-dvdread' '--disable-dvdnav' '--disable-bluray' '--disable-linsys' '--disable-libva' '--disable-gme' '--disable-tremor' '--disable-fluidsynth' '--disable-jack' '--disable-pulse' '--disable-mtp' '--disable-screen' '--disable-sparkle' '--disable-addonmanagermodules' '--disable-mad' '--disable-upnp-server' '--disable-debug' '--disable-shared' '--enable-static' 'CFLAGS=-mtvos-version-min=11.0 -arch arm64 -isysroot /Applications/Xcode.app/Contents/Developer/Platforms/AppleTVOS.platform/Developer/SDKs/AppleTVOS26.5.sdk -g' 'OBJCFLAGS=-mtvos-version-min=11.0 -arch arm64 -isysroot /Applications/Xcode.app/Contents/Developer/Platforms/AppleTVOS.platform/Developer/SDKs/AppleTVOS26.5.sdk -g' 'CXXFLAGS=-mtvos-version-min=11.0 -arch arm64 -isysroot /Applications/Xcode.app/Contents/Developer/Platforms/AppleTVOS.platform/Developer/SDKs/AppleTVOS26.5.sdk -g' 'OBJCXXFLAGS=-mtvos-version-min=11.0 -arch arm64 -isysroot /Applications/Xcode.app/Contents/Developer/Platforms/AppleTVOS.platform/Developer/SDKs/AppleTVOS26.5.sdk -g' 'ac_cv_prog_cc_c23=no' 'ac_cv_func_basename_r=no' 'ac_cv_func_clock_getres=no' 'ac_cv_func_clock_gettime=no' 'ac_cv_func_clock_settime=no' 'ac_cv_func_dirname_r=no' 'ac_cv_func_getentropy=no' 'ac_cv_func_mkostemp=no' 'ac_cv_func_mkostemps=no' 'ac_cv_func_timingsafe_bcmp=no' 'ac_cv_func_open_wmemstream=no' 'ac_cv_func_fmemopen=no' 'ac_cv_func_open_memstream=no' 'ac_cv_func_futimens=no' 'ac_cv_func_utimensat=no' 'ac_cv_func_dup3=no' 'ac_cv_func_pipe2=no' 'ac_cv_func_thread_get_register_pointer_values=no' 'ac_cv_func_aligned_alloc=no' 'ac_cv_func_timespec_get=no' 'build_alias=aarch64-apple-darwin25.6.0' 'host_alias=aarch64-apple-darwin' 'CC=/Applications/Xcode.app/Contents/Developer/Toolchains/XcodeDefault.xctoolchain/usr/bin/clang' 'LDFLAGS=-mtvos-version-min=11.0 -mtvos-version-min=11.0 -arch arm64 -isysroot /Applications/Xcode.app/Contents/Developer/Platforms/AppleTVOS.platform/Developer/SDKs/AppleTVOS26.5.sdk ' 'CPPFLAGS=-arch arm64 -isysroot /Applications/Xcode.app/Contents/Developer/Platforms/AppleTVOS.platform/Developer/SDKs/AppleTVOS26.5.sdk' 'CXX=/Applications/Xcode.app/Contents/Developer/Toolchains/XcodeDefault.xctoolchain/usr/bin/clang++' 'CPP=/Applications/Xcode.app/Contents/Developer/Toolchains/XcodeDefault.xctoolchain/usr/bin/clang -E' 'OBJC=/Applications/Xcode.app/Contents/Developer/Toolchains/XcodeDefault.xctoolchain/usr/bin/clang' 'OBJCXX=/Applications/Xcode.app/Contents/Developer/Toolchains/XcodeDefault.xctoolchain/usr/bin/clang++' 'PKG_CONFIG_LIBDIR='
[DBG] creating audio output
[DBG] looking for audio output module matching "any": 2 candidates
[DBG] using audio output module "avsamplebuffer"
[DBG] keeping audio output
11:27:31.150 PM [player] request Stargate — Theatrical · SD · AC-3 5.1 — http://192.168.1.250:8093/stream/3
11:27:31.150 PM [player] file Movies/Stargate (1994)/Stargate (1994) {edition-Theatrical}.mkv 720x480 hdr=false video=mpeg2video Main audio=ac3 5.1(side), ac3 stereo
[DBG] Creating an input for playback'3'
11:27:31.159 PM [player] play() called
[DBG] using timeshift granularity of 50 MiB
[DBG] using default timeshift path
[DBG] `http://192.168.1.250:8093/stream/3' gives access `http' demux `any' path `192.168.1.250:8093/stream/3'
[DBG] creating access: http://192.168.1.250:8093/stream/3
[DBG] looking for access module matching "http": 2 candidates
[DBG] looking for keystore module matching "any": 1 candidates
[DBG] using keystore module "keychain"
[DBG] Lookup keychain entry for server 192.168.1.250
[WARN] lookup failed (-25300: 'Item not found')
[DBG] resolving 192.168.1.250 ...
[DBG] outgoing request:
GET /stream/3 HTTP/1.1
Host: 192.168.1.250:8093
Accept: */*
Accept-Language: en_US
User-Agent: VLC/4.0.0-dev LibVLC/4.0.0-dev
Range: bytes=0-


11:27:31.169 PM [player] state Opening at 0 ms
11:27:31.169 PM [player] buffering 0.0
[DBG] incoming response:
HTTP/1.1 206 Partial Content
Accept-Ranges: bytes
Content-Length: 5346213686
Content-Range: bytes 0-5346213685/5346213686
Content-Type: video/x-matroska
Last-Modified: Fri, 17 Jul 2026 19:34:32 GMT
Date: Mon, 14 Sep 2026 03:27:31 GMT


[DBG] removing "keystore" module "keychain"
[DBG] using access module "http"
[DBG] looking for stream_filter module matching "prefetch,cache": 2 candidates
[DBG] using 16777216 bytes buffer
[DBG] using stream_filter module "prefetch"
[DBG] looking for stream_filter module matching "any": 4 candidates
[DBG] no stream_filter modules matched with name any
[DBG] looking for stream_directory module matching "any": 0 candidates
[DBG] no stream_directory modules matched with name any
[DBG] attachment of directory-extractor failed for http://192.168.1.250:8093/stream/3
[DBG] looking for stream_filter module matching "record": 1 candidates
[DBG] using stream_filter module "record"
[DBG] creating demux "any", URL: http://192.168.1.250:8093/stream/3, path: (null)
[DBG] looking for demux module matching "any": 58 candidates
[DBG] |   + Seek head
[DBG] |   - info at 1207
[DBG] |   + Information
[DBG] |   |   + TimecodeScale=1000000
[DBG] |   |   + Muxing Application=libmakemkv v1.18.4 (1.3.10/1.5.2) darwin(arm64-release)
[DBG] |   |   + Writing Application=MakeMKV v1.18.4 darwin(arm64-release)
[DBG] |   |   + Duration=7265591
[DBG] |   |   + Date=Fri Jul 17 19:22:55 2026
[DBG] |   |   + UID=c6822232a7cb0c08
[DBG] |   - tracks at 1355
[DBG] |   + Tracks
[DBG] |   |   + Track Entry
[DBG] |   |   |   + Track Number=1
[DBG] |   |   |   + Track UID=1
[DBG] |   |   |   + Track Type=video
[DBG] |   |   |   + Track Default=0
[DBG] |   |   |   + Track Lacing=0
[DBG] |   |   |   + Track MinCache=2
[DBG] |   |   |   + Track CodecId=V_MPEG2
[DBG] |   |   |   + Track CodecPrivate size=150
[DBG] |   |   |   + Track Default Duration=33366
[DBG] |   |   |   + Track Video
[DBG] |   |   |   |   + width=720
[DBG] |   |   |   |   + height=480
[DBG] |   |   |   |   + display width=640
[DBG] |   |   |   |   + display height=480
[DBG] |   |   + Track Entry
[DBG] |   |   |   + Track Number=2
[DBG] |   |   |   + Track UID=2
[DBG] |   |   |   + Track Type=audio
[DBG] |   |   |   + Track Default=1
[DBG] |   |   |   + Track Lacing=1
[DBG] |   |   |   + Track CodecId=A_AC3
[DBG] |   |   |   + Track Language=`eng'
[DBG] |   |   |   + Track Default Duration=32000
[DBG] |   |   |   + Track Name=Surround 5.1
[DBG] |   |   |   + Track Audio
[DBG] |   |   |   |   + afreq=48000
[DBG] |   |   |   |   + achan=6
[DBG] |   |   + Track Entry
[DBG] |   |   |   + Track Number=3
[DBG] |   |   |   + Track UID=3
[DBG] |   |   |   + Track Type=audio
[DBG] |   |   |   + Track Default=0
[DBG] |   |   |   + Track Lacing=1
[DBG] |   |   |   + Track CodecId=A_AC3
[DBG] |   |   |   + Track Language=`eng'
[DBG] |   |   |   + Track Default Duration=32000
[DBG] |   |   |   + Track Name=Stereo
[DBG] |   |   |   + Track Audio
[DBG] |   |   |   |   + afreq=48000
[DBG] |   |   |   |   + achan=2
[DBG] |   |   + Track Entry
[DBG] |   |   |   + Track Number=4
[DBG] |   |   |   + Track UID=4
[DBG] |   |   |   + Track Type=subtitle
[DBG] |   |   |   + Track Default=1
[DBG] |   |   |   + Track Lacing=0
[DBG] |   |   |   + Track CodecId=S_TEXT/UTF8
[DBG] |   |   |   + Track Language=`eng'
[DBG] |   - cues at 5345950959
[DBG] resolving 192.168.1.250 ...
[DBG] outgoing request:
GET /stream/3 HTTP/1.1
Host: 192.168.1.250:8093
Accept: */*
Accept-Language: en_US
User-Agent: VLC/4.0.0-dev LibVLC/4.0.0-dev
If-Unmodified-Since: Fri, 17 Jul 2026 19:34:32 GMT
Range: bytes=5345950959-


[DBG] incoming response:
HTTP/1.1 206 Partial Content
Accept-Ranges: bytes
Content-Length: 262727
Content-Range: bytes 5345950959-5346213685/5346213686
Content-Type: video/x-matroska
Last-Modified: Fri, 17 Jul 2026 19:34:32 GMT
Date: Mon, 14 Sep 2026 03:27:31 GMT


[DBG] connection failed
[DBG] |   + Cues
[DBG] end of stream
[DBG] |   - loading cues done.
[DBG] resolving 192.168.1.250 ...
[DBG] outgoing request:
GET /stream/3 HTTP/1.1
Host: 192.168.1.250:8093
Accept: */*
Accept-Language: en_US
User-Agent: VLC/4.0.0-dev LibVLC/4.0.0-dev
If-Unmodified-Since: Fri, 17 Jul 2026 19:34:32 GMT
Range: bytes=123-


[DBG] incoming response:
HTTP/1.1 206 Partial Content
Accept-Ranges: bytes
Content-Length: 5346213563
Content-Range: bytes 123-5346213685/5346213686
Content-Type: video/x-matroska
Last-Modified: Fri, 17 Jul 2026 19:34:32 GMT
Date: Mon, 14 Sep 2026 03:27:31 GMT


[DBG] |   - chapters at 1739
[DBG] |   + Chapters
[DBG] |   |   |   + ChapterAtom (level=0)
[DBG] |   |   |   |   + ChapterUID=b7a9f8201e26b64
[DBG] |   |   |   |   + ChapterTimeStart=0
[DBG] |   |   |   |   + ChapterFlagHidden=no
[DBG] |   |   |   |   + ChapterTimeEnd=165398566
[DBG] |   |   |   |   + ChapterDisplay
[DBG] |   |   |   |   |   + ChapterString=Chapter 01
[DBG] |   |   |   |   |   + ChapterLanguage=eng
[DBG] |   |   |   + ChapterAtom (level=0)
[DBG] |   |   |   |   + ChapterUID=154dd4b3318bd12a
[DBG] |   |   |   |   + ChapterTimeStart=165398566
[DBG] |   |   |   |   + ChapterFlagHidden=no
[DBG] |   |   |   |   + ChapterTimeEnd=182415566
[DBG] |   |   |   |   + ChapterDisplay
[DBG] |   |   |   |   |   + ChapterString=Chapter 02
[DBG] |   |   |   |   |   + ChapterLanguage=eng
[DBG] |   |   |   + ChapterAtom (level=0)
[DBG] |   |   |   |   + ChapterUID=f675518a183af1f5
[DBG] |   |   |   |   + ChapterTimeStart=182415566
[DBG] |   |   |   |   + ChapterFlagHidden=no
[DBG] |   |   |   |   + ChapterTimeEnd=299866233
[DBG] |   |   |   |   + ChapterDisplay
[DBG] |   |   |   |   |   + ChapterString=Chapter 03
[DBG] |   |   |   |   |   + ChapterLanguage=eng
[DBG] |   |   |   + ChapterAtom (level=0)
[DBG] |   |   |   |   + ChapterUID=414c680ecc86cc1
[DBG] |   |   |   |   + ChapterTimeStart=299866233
[DBG] |   |   |   |   + ChapterFlagHidden=no
[DBG] |   |   |   |   + ChapterTimeEnd=405338266
[DBG] |   |   |   |   + ChapterDisplay
[DBG] |   |   |   |   |   + ChapterString=Chapter 04
[DBG] |   |   |   |   |   + ChapterLanguage=eng
[DBG] |   |   |   + ChapterAtom (level=0)
[DBG] |   |   |   |   + ChapterUID=5423a1bd6d7a49fb
[DBG] |   |   |   |   + ChapterTimeStart=405338266
[DBG] |   |   |   |   + ChapterFlagHidden=no
[DBG] |   |   |   |   + ChapterTimeEnd=522421900
[DBG] |   |   |   |   + ChapterDisplay
[DBG] |   |   |   |   |   + ChapterString=Chapter 05
[DBG] |   |   |   |   |   + ChapterLanguage=eng
[DBG] |   |   |   + ChapterAtom (level=0)
[DBG] |   |   |   |   + ChapterUID=203acd4cdb792616
[DBG] |   |   |   |   + ChapterTimeStart=522421900
[DBG] |   |   |   |   + ChapterFlagHidden=no
[DBG] |   |   |   |   + ChapterTimeEnd=626225600
[DBG] |   |   |   |   + ChapterDisplay
[DBG] |   |   |   |   |   + ChapterString=Chapter 06
[DBG] |   |   |   |   |   + ChapterLanguage=eng
[DBG] |   |   |   + ChapterAtom (level=0)
[DBG] |   |   |   |   + ChapterUID=fa1c21426f721a91
[DBG] |   |   |   |   + ChapterTimeStart=626225600
[DBG] |   |   |   |   + ChapterFlagHidden=no
[DBG] |   |   |   |   + ChapterTimeEnd=870269400
[DBG] |   |   |   |   + ChapterDisplay
[DBG] |   |   |   |   |   + ChapterString=Chapter 07
[DBG] |   |   |   |   |   + ChapterLanguage=eng
[DBG] |   |   |   + ChapterAtom (level=0)
[DBG] |   |   |   |   + ChapterUID=201d23d1ef285585
[DBG] |   |   |   |   + ChapterTimeStart=870269400
[DBG] |   |   |   |   + ChapterFlagHidden=no
[DBG] |   |   |   |   + ChapterTimeEnd=1128277150
[DBG] |   |   |   |   + ChapterDisplay
[DBG] |   |   |   |   |   + ChapterString=Chapter 08
[DBG] |   |   |   |   |   + ChapterLanguage=eng
[DBG] |   |   |   + ChapterAtom (level=0)
[DBG] |   |   |   |   + ChapterUID=4a040f9babd62b1
[DBG] |   |   |   |   + ChapterTimeStart=1128277150
[DBG] |   |   |   |   + ChapterFlagHidden=no
[DBG] |   |   |   |   + ChapterTimeEnd=1248513933
[DBG] |   |   |   |   + ChapterDisplay
[DBG] |   |   |   |   |   + ChapterString=Chapter 09
[DBG] |   |   |   |   |   + ChapterLanguage=eng
[DBG] |   |   |   + ChapterAtom (level=0)
[DBG] |   |   |   |   + ChapterUID=42e53f2653a02a58
[DBG] |   |   |   |   + ChapterTimeStart=1248513933
[DBG] |   |   |   |   + ChapterFlagHidden=no
[DBG] |   |   |   |   + ChapterTimeEnd=1362794766
[DBG] |   |   |   |   + ChapterDisplay
[DBG] |   |   |   |   |   + ChapterString=Chapter 10
[DBG] |   |   |   |   |   + ChapterLanguage=eng
[DBG] |   |   |   + ChapterAtom (level=0)
[DBG] |   |   |   |   + ChapterUID=913bc32acb3aed44
[DBG] |   |   |   |   + ChapterTimeStart=1362794766
[DBG] |   |   |   |   + ChapterFlagHidden=no
[DBG] |   |   |   |   + ChapterTimeEnd=1484883400
[DBG] |   |   |   |   + ChapterDisplay
[DBG] |   |   |   |   |   + ChapterString=Chapter 11
[DBG] |   |   |   |   |   + ChapterLanguage=eng
[DBG] |   |   |   + ChapterAtom (level=0)
[DBG] |   |   |   |   + ChapterUID=8dad49907f16869
[DBG] |   |   |   |   + ChapterTimeStart=1484883400
[DBG] |   |   |   |   + ChapterFlagHidden=no
[DBG] |   |   |   |   + ChapterTimeEnd=1534966766
[DBG] |   |   |   |   + ChapterDisplay
[DBG] |   |   |   |   |   + ChapterString=Chapter 12
[DBG] |   |   |   |   |   + ChapterLanguage=eng
[DBG] |   |   |   + ChapterAtom (level=0)
[DBG] |   |   |   |   + ChapterUID=98b8b43b8bf0c49
[DBG] |   |   |   |   + ChapterTimeStart=1534966766
[DBG] |   |   |   |   + ChapterFlagHidden=no
[DBG] |   |   |   |   + ChapterTimeEnd=1568133233
[DBG] |   |   |   |   + ChapterDisplay
[DBG] |   |   |   |   |   + ChapterString=Chapter 13
[DBG] |   |   |   |   |   + ChapterLanguage=eng
[DBG] |   |   |   + ChapterAtom (level=0)
[DBG] |   |   |   |   + ChapterUID=47c788d6a840394c
[DBG] |   |   |   |   + ChapterTimeStart=1568133233
[DBG] |   |   |   |   + ChapterFlagHidden=no
[DBG] |   |   |   |   + ChapterTimeEnd=1606671733
[DBG] |   |   |   |   + ChapterDisplay
[DBG] |   |   |   |   |   + ChapterString=Chapter 14
[DBG] |   |   |   |   |   + ChapterLanguage=eng
[DBG] |   |   |   + ChapterAtom (level=0)
[DBG] |   |   |   |   + ChapterUID=c10e835796f1f376
[DBG] |   |   |   |   + ChapterTimeStart=1606671733
[DBG] |   |   |   |   + ChapterFlagHidden=no
[DBG] |   |   |   |   + ChapterTimeEnd=1780712266
[DBG] |   |   |   |   + ChapterDisplay
[DBG] |   |   |   |   |   + ChapterString=Chapter 15
[DBG] |   |   |   |   |   + ChapterLanguage=eng
[DBG] |   |   |   + ChapterAtom (level=0)
[DBG] |   |   |   |   + ChapterUID=8e87a2aa273fcdf9
[DBG] |   |   |   |   + ChapterTimeStart=1780712266
[DBG] |   |   |   |   + ChapterFlagHidden=no
[DBG] |   |   |   |   + ChapterTimeEnd=1840772266
[DBG] |   |   |   |   + ChapterDisplay
[DBG] |   |   |   |   |   + ChapterString=Chapter 16
[DBG] |   |   |   |   |   + ChapterLanguage=eng
[DBG] |   |   |   + ChapterAtom (level=0)
[DBG] |   |   |   |   + ChapterUID=1ccfa24a556deb64
[DBG] |   |   |   |   + ChapterTimeStart=1840772266
[DBG] |   |   |   |   + ChapterFlagHidden=no
[DBG] |   |   |   |   + ChapterTimeEnd=2003568233
[DBG] |   |   |   |   + ChapterDisplay
[DBG] |   |   |   |   |   + ChapterString=Chapter 17
[DBG] |   |   |   |   |   + ChapterLanguage=eng
[DBG] |   |   |   + ChapterAtom (level=0)
[DBG] |   |   |   |   + ChapterUID=ce8830637d402f1
[DBG] |   |   |   |   + ChapterTimeStart=2003568233
[DBG] |   |   |   |   + ChapterFlagHidden=no
[DBG] |   |   |   |   + ChapterTimeEnd=2112176733
[DBG] |   |   |   |   + ChapterDisplay
[DBG] |   |   |   |   |   + ChapterString=Chapter 18
[DBG] |   |   |   |   |   + ChapterLanguage=eng
[DBG] |   |   |   + ChapterAtom (level=0)
[DBG] |   |   |   |   + ChapterUID=744fd155a4fae1d2
[DBG] |   |   |   |   + ChapterTimeStart=2112176733
[DBG] |   |   |   |   + ChapterFlagHidden=no
[DBG] |   |   |   |   + ChapterTimeEnd=2249146900
[DBG] |   |   |   |   + ChapterDisplay
[DBG] |   |   |   |   |   + ChapterString=Chapter 19
[DBG] |   |   |   |   |   + ChapterLanguage=eng
[DBG] |   |   |   + ChapterAtom (level=0)
[DBG] |   |   |   |   + ChapterUID=f182acb1bdf363dd
[DBG] |   |   |   |   + ChapterTimeStart=2249146900
[DBG] |   |   |   |   + ChapterFlagHidden=no
[DBG] |   |   |   |   + ChapterTimeEnd=2444041600
[DBG] |   |   |   |   + ChapterDisplay
[DBG] |   |   |   |   |   + ChapterString=Chapter 20
[DBG] |   |   |   |   |   + ChapterLanguage=eng
[DBG] |   |   |   + ChapterAtom (level=0)
[DBG] |   |   |   |   + ChapterUID=ddf52457cffcc22
[DBG] |   |   |   |   + ChapterTimeStart=2444041600
[DBG] |   |   |   |   + ChapterFlagHidden=no
[DBG] |   |   |   |   + ChapterTimeEnd=2654885566
[DBG] |   |   |   |   + ChapterDisplay
[DBG] |   |   |   |   |   + ChapterString=Chapter 21
[DBG] |   |   |   |   |   + ChapterLanguage=eng
[DBG] |   |   |   + ChapterAtom (level=0)
[DBG] |   |   |   |   + ChapterUID=498f47ea8a580f30
[DBG] |   |   |   |   + ChapterTimeStart=2654885566
[DBG] |   |   |   |   + ChapterFlagHidden=no
[DBG] |   |   |   |   + ChapterTimeEnd=2810457650
[DBG] |   |   |   |   + ChapterDisplay
[DBG] |   |   |   |   |   + ChapterString=Chapter 22
[DBG] |   |   |   |   |   + ChapterLanguage=eng
[DBG] |   |   |   + ChapterAtom (level=0)
[DBG] |   |   |   |   + ChapterUID=6512cf4716008bfd
[DBG] |   |   |   |   + ChapterTimeStart=2810457650
[DBG] |   |   |   |   + ChapterFlagHidden=no
[DBG] |   |   |   |   + ChapterTimeEnd=2968699066
[DBG] |   |   |   |   + ChapterDisplay
[DBG] |   |   |   |   |   + ChapterString=Chapter 23
[DBG] |   |   |   |   |   + ChapterLanguage=eng
[DBG] |   |   |   + ChapterAtom (level=0)
[DBG] |   |   |   |   + ChapterUID=11df3abbca3b425c
[DBG] |   |   |   |   + ChapterTimeStart=2968699066
[DBG] |   |   |   |   + ChapterFlagHidden=no
[DBG] |   |   |   |   + ChapterTimeEnd=3041438400
[DBG] |   |   |   |   + ChapterDisplay
[DBG] |   |   |   |   |   + ChapterString=Chapter 24
[DBG] |   |   |   |   |   + ChapterLanguage=eng
[DBG] |   |   |   + ChapterAtom (level=0)
[DBG] |   |   |   |   + ChapterUID=3a512eed3506eae3
[DBG] |   |   |   |   + ChapterTimeStart=3041438400
[DBG] |   |   |   |   + ChapterFlagHidden=no
[DBG] |   |   |   |   + ChapterTimeEnd=3189085900
[DBG] |   |   |   |   + ChapterDisplay
[DBG] |   |   |   |   |   + ChapterString=Chapter 25
[DBG] |   |   |   |   |   + ChapterLanguage=eng
[DBG] |   |   |   + ChapterAtom (level=0)
[DBG] |   |   |   |   + ChapterUID=ac2fa95b004b26e5
[DBG] |   |   |   |   + ChapterTimeStart=3189085900
[DBG] |   |   |   |   + ChapterFlagHidden=no
[DBG] |   |   |   |   + ChapterTimeEnd=3392155433
[DBG] |   |   |   |   + ChapterDisplay
[DBG] |   |   |   |   |   + ChapterString=Chapter 26
[DBG] |   |   |   |   |   + ChapterLanguage=eng
[DBG] |   |   |   + ChapterAtom (level=0)
[DBG] |   |   |   |   + ChapterUID=125622fc33b66bfa
[DBG] |   |   |   |   + ChapterTimeStart=3392155433
[DBG] |   |   |   |   + ChapterFlagHidden=no
[DBG] |   |   |   |   + ChapterTimeEnd=3410840766
[DBG] |   |   |   |   + ChapterDisplay
[DBG] |   |   |   |   |   + ChapterString=Chapter 27
[DBG] |   |   |   |   |   + ChapterLanguage=eng
[DBG] |   |   |   + ChapterAtom (level=0)
[DBG] |   |   |   |   + ChapterUID=98745fd467e52289
[DBG] |   |   |   |   + ChapterTimeStart=3410840766
[DBG] |   |   |   |   + ChapterFlagHidden=no
[DBG] |   |   |   |   + ChapterTimeEnd=3533096233
[DBG] |   |   |   |   + ChapterDisplay
[DBG] |   |   |   |   |   + ChapterString=Chapter 28
[DBG] |   |   |   |   |   + ChapterLanguage=eng
[DBG] |   |   |   + ChapterAtom (level=0)
[DBG] |   |   |   |   + ChapterUID=d114153d0c161426
[DBG] |   |   |   |   + ChapterTimeStart=3533096233
[DBG] |   |   |   |   + ChapterFlagHidden=no
[DBG] |   |   |   |   + ChapterTimeEnd=3637300333
[DBG] |   |   |   |   + ChapterDisplay
[DBG] |   |   |   |   |   + ChapterString=Chapter 29
[DBG] |   |   |   |   |   + ChapterLanguage=eng
[DBG] |   |   |   + ChapterAtom (level=0)
[DBG] |   |   |   |   + ChapterUID=d0403b4f267c673
[DBG] |   |   |   |   + ChapterTimeStart=3637300333
[DBG] |   |   |   |   + ChapterFlagHidden=no
[DBG] |   |   |   |   + ChapterTimeEnd=3775738633
[DBG] |   |   |   |   + ChapterDisplay
[DBG] |   |   |   |   |   + ChapterString=Chapter 30
[DBG] |   |   |   |   |   + ChapterLanguage=eng
[DBG] |   |   |   + ChapterAtom (level=0)
[DBG] |   |   |   |   + ChapterUID=48351559d0fd1149
[DBG] |   |   |   |   + ChapterTimeStart=3775738633
[DBG] |   |   |   |   + ChapterFlagHidden=no
[DBG] |   |   |   |   + ChapterTimeEnd=3852515333
[DBG] |   |   |   |   + ChapterDisplay
[DBG] |   |   |   |   |   + ChapterString=Chapter 31
[DBG] |   |   |   |   |   + ChapterLanguage=eng
[DBG] |   |   |   + ChapterAtom (level=0)
[DBG] |   |   |   |   + ChapterUID=4469bce09764ccd1
[DBG] |   |   |   |   + ChapterTimeStart=3852515333
[DBG] |   |   |   |   + ChapterFlagHidden=no
[DBG] |   |   |   |   + ChapterTimeEnd=3922885633
[DBG] |   |   |   |   + ChapterDisplay
[DBG] |   |   |   |   |   + ChapterString=Chapter 32
[DBG] |   |   |   |   |   + ChapterLanguage=eng
[DBG] |   |   |   + ChapterAtom (level=0)
[DBG] |   |   |   |   + ChapterUID=7f97d02cd5145b6b
[DBG] |   |   |   |   + ChapterTimeStart=3922885633
[DBG] |   |   |   |   + ChapterFlagHidden=no
[DBG] |   |   |   |   + ChapterTimeEnd=4067863800
[DBG] |   |   |   |   + ChapterDisplay
[DBG] |   |   |   |   |   + ChapterString=Chapter 33
[DBG] |   |   |   |   |   + ChapterLanguage=eng
[DBG] |   |   |   + ChapterAtom (level=0)
[DBG] |   |   |   |   + ChapterUID=332000f75a0f8a2d
[DBG] |   |   |   |   + ChapterTimeStart=4067863800
[DBG] |   |   |   |   + ChapterFlagHidden=no
[DBG] |   |   |   |   + ChapterTimeEnd=4265060800
[DBG] |   |   |   |   + ChapterDisplay
[DBG] |   |   |   |   |   + ChapterString=Chapter 34
[DBG] |   |   |   |   |   + ChapterLanguage=eng
[DBG] |   |   |   + ChapterAtom (level=0)
[DBG] |   |   |   |   + ChapterUID=e23dc42c1457cbb2
[DBG] |   |   |   |   + ChapterTimeStart=4265060800
[DBG] |   |   |   |   + ChapterFlagHidden=no
[DBG] |   |   |   |   + ChapterTimeEnd=4423719300
[DBG] |   |   |   |   + ChapterDisplay
[DBG] |   |   |   |   |   + ChapterString=Chapter 35
[DBG] |   |   |   |   |   + ChapterLanguage=eng
[DBG] |   |   |   + ChapterAtom (level=0)
[DBG] |   |   |   |   + ChapterUID=3905050c44b5689a
[DBG] |   |   |   |   + ChapterTimeStart=4423719300
[DBG] |   |   |   |   + ChapterFlagHidden=no
[DBG] |   |   |   |   + ChapterTimeEnd=4533362166
[DBG] |   |   |   |   + ChapterDisplay
[DBG] |   |   |   |   |   + ChapterString=Chapter 36
[DBG] |   |   |   |   |   + ChapterLanguage=eng
[DBG] |   |   |   + ChapterAtom (level=0)
[DBG] |   |   |   |   + ChapterUID=55ca3dedddd19aa
[DBG] |   |   |   |   + ChapterTimeStart=4533362166
[DBG] |   |   |   |   + ChapterFlagHidden=no
[DBG] |   |   |   |   + ChapterTimeEnd=4740535800
[DBG] |   |   |   |   + ChapterDisplay
[DBG] |   |   |   |   |   + ChapterString=Chapter 37
[DBG] |   |   |   |   |   + ChapterLanguage=eng
[DBG] |   |   |   + ChapterAtom (level=0)
[DBG] |   |   |   |   + ChapterUID=9f3c3aa57eeae8a5
[DBG] |   |   |   |   + ChapterTimeStart=4740535800
[DBG] |   |   |   |   + ChapterFlagHidden=no
[DBG] |   |   |   |   + ChapterTimeEnd=4903698800
[DBG] |   |   |   |   + ChapterDisplay
[DBG] |   |   |   |   |   + ChapterString=Chapter 38
[DBG] |   |   |   |   |   + ChapterLanguage=eng
[DBG] |   |   |   + ChapterAtom (level=0)
[DBG] |   |   |   |   + ChapterUID=a16682a7f3c5a150
[DBG] |   |   |   |   + ChapterTimeStart=4903698800
[DBG] |   |   |   |   + ChapterFlagHidden=no
[DBG] |   |   |   |   + ChapterTimeEnd=5095056633
[DBG] |   |   |   |   + ChapterDisplay
[DBG] |   |   |   |   |   + ChapterString=Chapter 39
[DBG] |   |   |   |   |   + ChapterLanguage=eng
[DBG] |   |   |   + ChapterAtom (level=0)
[DBG] |   |   |   |   + ChapterUID=e057f40f0031d0c4
[DBG] |   |   |   |   + ChapterTimeStart=5095056633
[DBG] |   |   |   |   + ChapterFlagHidden=no
[DBG] |   |   |   |   + ChapterTimeEnd=5225687133
[DBG] |   |   |   |   + ChapterDisplay
[DBG] |   |   |   |   |   + ChapterString=Chapter 40
[DBG] |   |   |   |   |   + ChapterLanguage=eng
[DBG] |   |   |   + ChapterAtom (level=0)
[DBG] |   |   |   |   + ChapterUID=62fc003cc1fc8a2f
[DBG] |   |   |   |   + ChapterTimeStart=5225687133
[DBG] |   |   |   |   + ChapterFlagHidden=no
[DBG] |   |   |   |   + ChapterTimeEnd=5278106166
[DBG] |   |   |   |   + ChapterDisplay
[DBG] |   |   |   |   |   + ChapterString=Chapter 41
[DBG] |   |   |   |   |   + ChapterLanguage=eng
[DBG] |   |   |   + ChapterAtom (level=0)
[DBG] |   |   |   |   + ChapterUID=980a6bee38debdde
[DBG] |   |   |   |   + ChapterTimeStart=5278106166
[DBG] |   |   |   |   + ChapterFlagHidden=no
[DBG] |   |   |   |   + ChapterTimeEnd=5447742300
[DBG] |   |   |   |   + ChapterDisplay
[DBG] |   |   |   |   |   + ChapterString=Chapter 42
[DBG] |   |   |   |   |   + ChapterLanguage=eng
[DBG] |   |   |   + ChapterAtom (level=0)
[DBG] |   |   |   |   + ChapterUID=ace2a67a9d8ed00e
[DBG] |   |   |   |   + ChapterTimeStart=5447742300
[DBG] |   |   |   |   + ChapterFlagHidden=no
[DBG] |   |   |   |   + ChapterTimeEnd=5512807300
[DBG] |   |   |   |   + ChapterDisplay
[DBG] |   |   |   |   |   + ChapterString=Chapter 43
[DBG] |   |   |   |   |   + ChapterLanguage=eng
[DBG] |   |   |   + ChapterAtom (level=0)
[DBG] |   |   |   |   + ChapterUID=869c0b53ecc75652
[DBG] |   |   |   |   + ChapterTimeStart=5512807300
[DBG] |   |   |   |   + ChapterFlagHidden=no
[DBG] |   |   |   |   + ChapterTimeEnd=5586881300
[DBG] |   |   |   |   + ChapterDisplay
[DBG] |   |   |   |   |   + ChapterString=Chapter 44
[DBG] |   |   |   |   |   + ChapterLanguage=eng
[DBG] |   |   |   + ChapterAtom (level=0)
[DBG] |   |   |   |   + ChapterUID=ddcfee27fba12e12
[DBG] |   |   |   |   + ChapterTimeStart=5586881300
[DBG] |   |   |   |   + ChapterFlagHidden=no
[DBG] |   |   |   |   + ChapterTimeEnd=5747208133
[DBG] |   |   |   |   + ChapterDisplay
[DBG] |   |   |   |   |   + ChapterString=Chapter 45
[DBG] |   |   |   |   |   + ChapterLanguage=eng
[DBG] |   |   |   + ChapterAtom (level=0)
[DBG] |   |   |   |   + ChapterUID=8f21956c0ba86ed5
[DBG] |   |   |   |   + ChapterTimeStart=5747208133
[DBG] |   |   |   |   + ChapterFlagHidden=no
[DBG] |   |   |   |   + ChapterTimeEnd=5820948466
[DBG] |   |   |   |   + ChapterDisplay
[DBG] |   |   |   |   |   + ChapterString=Chapter 46
[DBG] |   |   |   |   |   + ChapterLanguage=eng
[DBG] |   |   |   + ChapterAtom (level=0)
[DBG] |   |   |   |   + ChapterUID=881b95e13738a912
[DBG] |   |   |   |   + ChapterTimeStart=5820948466
[DBG] |   |   |   |   + ChapterFlagHidden=no
[DBG] |   |   |   |   + ChapterTimeEnd=5977304666
[DBG] |   |   |   |   + ChapterDisplay
[DBG] |   |   |   |   |   + ChapterString=Chapter 47
[DBG] |   |   |   |   |   + ChapterLanguage=eng
[DBG] |   |   |   + ChapterAtom (level=0)
[DBG] |   |   |   |   + ChapterUID=2cf22421eedcfd8e
[DBG] |   |   |   |   + ChapterTimeStart=5977304666
[DBG] |   |   |   |   + ChapterFlagHidden=no
[DBG] |   |   |   |   + ChapterTimeEnd=6052679966
[DBG] |   |   |   |   + ChapterDisplay
[DBG] |   |   |   |   |   + ChapterString=Chapter 48
[DBG] |   |   |   |   |   + ChapterLanguage=eng
[DBG] |   |   |   + ChapterAtom (level=0)
[DBG] |   |   |   |   + ChapterUID=334c2c825a92ca2c
[DBG] |   |   |   |   + ChapterTimeStart=6052679966
[DBG] |   |   |   |   + ChapterFlagHidden=no
[DBG] |   |   |   |   + ChapterTimeEnd=6218011800
[DBG] |   |   |   |   + ChapterDisplay
[DBG] |   |   |   |   |   + ChapterString=Chapter 49
[DBG] |   |   |   |   |   + ChapterLanguage=eng
[DBG] |   |   |   + ChapterAtom (level=0)
[DBG] |   |   |   |   + ChapterUID=1de862aeb2479527
[DBG] |   |   |   |   + ChapterTimeStart=6218011800
[DBG] |   |   |   |   + ChapterFlagHidden=no
[DBG] |   |   |   |   + ChapterTimeEnd=6483310166
[DBG] |   |   |   |   + ChapterDisplay
[DBG] |   |   |   |   |   + ChapterString=Chapter 50
[DBG] |   |   |   |   |   + ChapterLanguage=eng
[DBG] |   |   |   + ChapterAtom (level=0)
[DBG] |   |   |   |   + ChapterUID=7cca26ed2dd8a031
[DBG] |   |   |   |   + ChapterTimeStart=6483310166
[DBG] |   |   |   |   + ChapterFlagHidden=no
[DBG] |   |   |   |   + ChapterTimeEnd=6584210966
[DBG] |   |   |   |   + ChapterDisplay
[DBG] |   |   |   |   |   + ChapterString=Chapter 51
[DBG] |   |   |   |   |   + ChapterLanguage=eng
[DBG] |   |   |   + ChapterAtom (level=0)
[DBG] |   |   |   |   + ChapterUID=20eecfcaf46f7536
[DBG] |   |   |   |   + ChapterTimeStart=6584210966
[DBG] |   |   |   |   + ChapterFlagHidden=no
[DBG] |   |   |   |   + ChapterTimeEnd=6772065300
[DBG] |   |   |   |   + ChapterDisplay
[DBG] |   |   |   |   |   + ChapterString=Chapter 52
[DBG] |   |   |   |   |   + ChapterLanguage=eng
[DBG] |   |   |   + ChapterAtom (level=0)
[DBG] |   |   |   |   + ChapterUID=fcb3ab859c53669
[DBG] |   |   |   |   + ChapterTimeStart=6772065300
[DBG] |   |   |   |   + ChapterFlagHidden=no
[DBG] |   |   |   |   + ChapterTimeEnd=6885011466
[DBG] |   |   |   |   + ChapterDisplay
[DBG] |   |   |   |   |   + ChapterString=Chapter 53
[DBG] |   |   |   |   |   + ChapterLanguage=eng
[DBG] |   |   |   + ChapterAtom (level=0)
[DBG] |   |   |   |   + ChapterUID=6dbfaa8e8f0b1de0
[DBG] |   |   |   |   + ChapterTimeStart=6885011466
[DBG] |   |   |   |   + ChapterFlagHidden=no
[DBG] |   |   |   |   + ChapterTimeEnd=7265591666
[DBG] |   |   |   |   + ChapterDisplay
[DBG] |   |   |   |   |   + ChapterString=Chapter 54
[DBG] |   |   |   |   |   + ChapterLanguage=eng
[DBG] |   - tags at 5346212037
[DBG] resolving 192.168.1.250 ...
[DBG] outgoing request:
GET /stream/3 HTTP/1.1
Host: 192.168.1.250:8093
Accept: */*
Accept-Language: en_US
User-Agent: VLC/4.0.0-dev LibVLC/4.0.0-dev
If-Unmodified-Since: Fri, 17 Jul 2026 19:34:32 GMT
Range: bytes=5346212037-


[DBG] incoming response:
HTTP/1.1 206 Partial Content
Accept-Ranges: bytes
Content-Length: 1649
Content-Range: bytes 5346212037-5346213685/5346213686
Content-Type: video/x-matroska
Last-Modified: Fri, 17 Jul 2026 19:34:32 GMT
Date: Mon, 14 Sep 2026 03:27:31 GMT


[DBG] connection failed
[DBG] end of stream
[DBG] |   + Tags
[DBG] + Tag
[DBG] |   + Targets
[DBG] |   |   + TrackUID: 1
[DBG] |   |   + TargetType: MOVIE
[DBG] |   + Simple Tag 
[DBG] |   |   + Meta BPS: 5240727
[DBG] |   + Simple Tag 
[DBG] |   |   + Meta DURATION: 02:01:05.591666666
[DBG] |   + Simple Tag 
[DBG] |   |   + Meta NUMBER_OF_FRAMES: 180045
[DBG] |   + Simple Tag 
[DBG] |   |   + Meta NUMBER_OF_BYTES: 4759622976
[DBG] |   + Simple Tag 
[DBG] |   |   + Meta SOURCE_ID: 0100E0
[DBG] |   + Simple Tag 
[DBG] |   |   + Meta _STATISTICS_WRITING_APP: MakeMKV v1.18.4 darwin(arm64-release)
[DBG] |   + Simple Tag 
[DBG] |   |   + Meta _STATISTICS_WRITING_DATE_UTC: 2026-07-17 19:22:55
[DBG] |   + Simple Tag 
[DBG] |   |   + Meta _STATISTICS_TAGS: BPS DURATION NUMBER_OF_FRAMES NUMBER_OF_BYTES SOURCE_ID
[DBG] + Tag
[DBG] |   + Targets
[DBG] |   |   + TrackUID: 2
[DBG] |   |   + TargetType: MOVIE
[DBG] |   + Simple Tag 
[DBG] |   |   + Meta BPS: 447988
[DBG] |   + Simple Tag 
[DBG] |   |   + Meta DURATION: 02:01:05.569388888
[DBG] |   + Simple Tag 
[DBG] |   |   + Meta NUMBER_OF_FRAMES: 227043
[DBG] |   + Simple Tag 
[DBG] |   |   + Meta NUMBER_OF_BYTES: 406861056
[DBG] |   + Simple Tag 
[DBG] |   |   + Meta SOURCE_ID: 0180BD
[DBG] |   + Simple Tag 
[DBG] |   |   + Meta _STATISTICS_WRITING_APP: MakeMKV v1.18.4 darwin(arm64-release)
[DBG] |   + Simple Tag 
[DBG] |   |   + Meta _STATISTICS_WRITING_DATE_UTC: 2026-07-17 19:22:55
[DBG] |   + Simple Tag 
[DBG] |   |   + Meta _STATISTICS_TAGS: BPS DURATION NUMBER_OF_FRAMES NUMBER_OF_BYTES SOURCE_ID
[DBG] + Tag
[DBG] |   + Targets
[DBG] |   |   + TrackUID: 3
[DBG] |   |   + TargetType: MOVIE
[DBG] |   + Simple Tag 
[DBG] |   |   + Meta BPS: 191994
[DBG] |   + Simple Tag 
[DBG] |   |   + Meta DURATION: 02:01:05.569400000
[DBG] |   + Simple Tag 
[DBG] |   |   + Meta NUMBER_OF_FRAMES: 227043
[DBG] |   + Simple Tag 
[DBG] |   |   + Meta NUMBER_OF_BYTES: 174369024
[DBG] |   + Simple Tag 
[DBG] |   |   + Meta SOURCE_ID: 0181BD
[DBG] |   + Simple Tag 
[DBG] |   |   + Meta _STATISTICS_WRITING_APP: MakeMKV v1.18.4 darwin(arm64-release)
[DBG] |   + Simple Tag 
[DBG] |   |   + Meta _STATISTICS_WRITING_DATE_UTC: 2026-07-17 19:22:55
[DBG] |   + Simple Tag 
[DBG] |   |   + Meta _STATISTICS_TAGS: BPS DURATION NUMBER_OF_FRAMES NUMBER_OF_BYTES SOURCE_ID
[DBG] + Tag
[DBG] |   + Targets
[DBG] |   |   + TrackUID: 4
[DBG] |   |   + TargetType: MOVIE
[DBG] |   + Simple Tag 
[DBG] |   |   + Meta BPS: 54
[DBG] |   + Simple Tag 
[DBG] |   |   + Meta DURATION: 01:53:45.600300000
[DBG] |   + Simple Tag 
[DBG] |   |   + Meta NUMBER_OF_FRAMES: 914
[DBG] |   + Simple Tag 
[DBG] |   |   + Meta NUMBER_OF_BYTES: 46727
[DBG] |   + Simple Tag 
[DBG] |   |   + Meta SOURCE_ID: 0100E0
[DBG] |   + Simple Tag 
[DBG] |   |   + Meta _STATISTICS_WRITING_APP: MakeMKV v1.18.4 darwin(arm64-release)
[DBG] |   + Simple Tag 
[DBG] |   |   + Meta _STATISTICS_WRITING_DATE_UTC: 2026-07-17 19:22:55
[DBG] |   + Simple Tag 
[DBG] |   |   + Meta _STATISTICS_TAGS: BPS DURATION NUMBER_OF_FRAMES NUMBER_OF_BYTES SOURCE_ID
[DBG] loading tags done.
[DBG] resolving 192.168.1.250 ...
[DBG] outgoing request:
GET /stream/3 HTTP/1.1
Host: 192.168.1.250:8093
Accept: */*
Accept-Language: en_US
User-Agent: VLC/4.0.0-dev LibVLC/4.0.0-dev
If-Unmodified-Since: Fri, 17 Jul 2026 19:34:32 GMT
Range: bytes=183-


[DBG] incoming response:
HTTP/1.1 206 Partial Content
Accept-Ranges: bytes
Content-Length: 5346213503
Content-Range: bytes 183-5346213685/5346213686
Content-Type: video/x-matroska
Last-Modified: Fri, 17 Jul 2026 19:34:32 GMT
Date: Mon, 14 Sep 2026 03:27:31 GMT


[DBG] |   + Void
[DBG] |   + Information
[DBG] |   + Tracks
[DBG] |   + Chapters
[DBG] |   + Void
[DBG] |   + Cluster
[DBG] Virtual chapter  Chapter 01 from 0 to 165398566 - 
[DBG] Virtual chapter  Chapter 02 from 165398566 to 182415566 - 
[DBG] Virtual chapter  Chapter 03 from 182415566 to 299866233 - 
[DBG] Virtual chapter  Chapter 04 from 299866233 to 405338266 - 
[DBG] Virtual chapter  Chapter 05 from 405338266 to 522421900 - 
[DBG] Virtual chapter  Chapter 06 from 522421900 to 626225600 - 
[DBG] Virtual chapter  Chapter 07 from 626225600 to 870269400 - 
[DBG] Virtual chapter  Chapter 08 from 870269400 to 1128277150 - 
[DBG] Virtual chapter  Chapter 09 from 1128277150 to 1248513933 - 
[DBG] Virtual chapter  Chapter 10 from 1248513933 to 1362794766 - 
[DBG] Virtual chapter  Chapter 11 from 1362794766 to 1484883400 - 
[DBG] Virtual chapter  Chapter 12 from 1484883400 to 1534966766 - 
[DBG] Virtual chapter  Chapter 13 from 1534966766 to 1568133233 - 
[DBG] Virtual chapter  Chapter 14 from 1568133233 to 1606671733 - 
[DBG] Virtual chapter  Chapter 15 from 1606671733 to 1780712266 - 
[DBG] Virtual chapter  Chapter 16 from 1780712266 to 1840772266 - 
[DBG] Virtual chapter  Chapter 17 from 1840772266 to 2003568233 - 
[DBG] Virtual chapter  Chapter 18 from 2003568233 to 2112176733 - 
[DBG] Virtual chapter  Chapter 19 from 2112176733 to 2249146900 - 
[DBG] Virtual chapter  Chapter 20 from 2249146900 to 2444041600 - 
[DBG] Virtual chapter  Chapter 21 from 2444041600 to 2654885566 - 
[DBG] Virtual chapter  Chapter 22 from 2654885566 to 2810457650 - 
[DBG] Virtual chapter  Chapter 23 from 2810457650 to 2968699066 - 
[DBG] Virtual chapter  Chapter 24 from 2968699066 to 3041438400 - 
[DBG] Virtual chapter  Chapter 25 from 3041438400 to 3189085900 - 
[DBG] Virtual chapter  Chapter 26 from 3189085900 to 3392155433 - 
[DBG] Virtual chapter  Chapter 27 from 3392155433 to 3410840766 - 
[DBG] Virtual chapter  Chapter 28 from 3410840766 to 3533096233 - 
[DBG] Virtual chapter  Chapter 29 from 3533096233 to 3637300333 - 
[DBG] Virtual chapter  Chapter 30 from 3637300333 to 3775738633 - 
[DBG] Virtual chapter  Chapter 31 from 3775738633 to 3852515333 - 
[DBG] Virtual chapter  Chapter 32 from 3852515333 to 3922885633 - 
[DBG] Virtual chapter  Chapter 33 from 3922885633 to 4067863800 - 
[DBG] Virtual chapter  Chapter 34 from 4067863800 to 4265060800 - 
[DBG] Virtual chapter  Chapter 35 from 4265060800 to 4423719300 - 
[DBG] Virtual chapter  Chapter 36 from 4423719300 to 4533362166 - 
[DBG] Virtual chapter  Chapter 37 from 4533362166 to 4740535800 - 
[DBG] Virtual chapter  Chapter 38 from 4740535800 to 4903698800 - 
[DBG] Virtual chapter  Chapter 39 from 4903698800 to 5095056633 - 
[DBG] Virtual chapter  Chapter 40 from 5095056633 to 5225687133 - 
[DBG] Virtual chapter  Chapter 41 from 5225687133 to 5278106166 - 
[DBG] Virtual chapter  Chapter 42 from 5278106166 to 5447742300 - 
[DBG] Virtual chapter  Chapter 43 from 5447742300 to 5512807300 - 
[DBG] Virtual chapter  Chapter 44 from 5512807300 to 5586881300 - 
[DBG] Virtual chapter  Chapter 45 from 5586881300 to 5747208133 - 
[DBG] Virtual chapter  Chapter 46 from 5747208133 to 5820948466 - 
[DBG] Virtual chapter  Chapter 47 from 5820948466 to 5977304666 - 
[DBG] Virtual chapter  Chapter 48 from 5977304666 to 6052679966 - 
[DBG] Virtual chapter  Chapter 49 from 6052679966 to 6218011800 - 
[DBG] Virtual chapter  Chapter 50 from 6218011800 to 6483310166 - 
[DBG] Virtual chapter  Chapter 51 from 6483310166 to 6584210966 - 
[DBG] Virtual chapter  Chapter 52 from 6584210966 to 6772065300 - 
[DBG] Virtual chapter  Chapter 53 from 6772065300 to 6885011466 - 
[DBG] Virtual chapter  Chapter 54 from 6885011466 to 7265591666 - 
[DBG] Virtual chapter  from 0 to -1 - 
[DBG] NEW START CHAPTER uid=827148862302088036
[DBG] found 4 es
[DBG] selecting program id=0
[DBG] ES track added: 'video/1' (fourcc: 'mpgv')
[DBG] ES track added: 'audio/2' (fourcc: 'a52 ')
11:27:31.275 PM [player] track added video/1 type=1
[DBG] ES track added: 'audio/3' (fourcc: 'a52 ')
[DBG] ES track added: 'spu/4' (fourcc: 'subt')
11:27:31.275 PM [player] track added audio/2 type=0
[DBG] seek: preroll{ track: 1, pts: 0, fpos: 5816 skip: 5816} 
11:27:31.275 PM [player] track added audio/3 type=0
[DBG] seek: preroll{ req: 1, start-pts: 1, start-fpos: 5816} 
11:27:31.275 PM [player] track added spu/4 type=2
[DBG] using demux module "mkv"
11:27:31.275 PM [player] length 7265591 ms
[DBG] looking for video packetizer module matching "any": 13 candidates
[DBG] using video packetizer module "mpegvideo"
[DBG] looking for video decoder module matching "any": 14 candidates
[DBG] vout: none found
[DBG] looking for text renderer module matching "freetype": 2 candidates
[DBG] using text renderer module "freetype"
[DBG] looking for video converter module matching "any": 13 candidates
[DBG] 32x32 (32x32) chroma: YUVA colorspace: Undefined -> 16x16 (16x16) chroma: RGBA colorspace: Undefined with scaling using Bicubic (good quality)
[DBG] using video converter module "swscale"
[DBG] looking for video converter module matching "any": 13 candidates
[DBG] YUVP to YUVA converter
[DBG] using video converter module "yuvp"
[DBG] Deinterlacing available
[DBG] deinterlace -1, mode auto, is_needed 0
[DBG] looking for vout window module matching "any": 2 candidates
[DBG] resized to 1920x1080
[DBG] using vout window module "uiview_window"
[DBG] looking for inhibit module matching "any": 1 candidates
[DBG] using inhibit module "uikit_inhibit"
[DBG] looking for decoder device module matching "any": 1 candidates
[DBG] using decoder device module "videotoolbox"
[WARN] vt session error: 'kVTCouldNotFindVideoDecoderErr'
[DBG] using Lavc63.1.100
[DBG] CPU flags: 0x00062360
[DBG] allowing 6 thread(s) for decoding
[DBG] codec (mpeg2video) started
[DBG] using video decoder module "avcodec"
[DBG] ES track selected: 'video/1' (fourcc: 'mpgv')
[DBG] looking for audio packetizer module matching "any": 11 candidates
[DBG] using audio packetizer module "a52"
[DBG] looking for audio decoder module matching "any": 15 candidates
[DBG] reusing audio output
[ERR] too low audio sample frequency (0)
11:27:31.279 PM [player] track selected type=1 selected=video/1 unselected=
[DBG] keeping audio output
[DBG] using Lavc63.1.100
[DBG] CPU flags: 0x00062360
[DBG] codec (ac3) started
[DBG] using audio decoder module "avcodec"
[DBG] ES track selected: 'audio/2' (fourcc: 'a52 ')
[DBG] looking for spu decoder module matching "any": 19 candidates
[DBG] using Lavc63.1.100
[DBG] CPU flags: 0x00062360
[WARN] refusing to decode non validated subtitle codec
11:27:31.279 PM [player] track selected type=0 selected=audio/2 unselected=
[DBG] trying demuxer-specified character encoding: UTF-8
[DBG] using spu decoder module "subsdec"
[DBG] ES track selected: 'spu/4' (fourcc: 'subt')
[DBG] looking for meta reader module matching "any": 1 candidates
[DBG] no meta reader modules matched with name any
11:27:31.279 PM [player] track selected type=2 selected=spu/4 unselected=
[DBG] `http://192.168.1.250:8093/stream/3' successfully opened
11:27:31.279 PM [player] state Playing at 0 ms
[DBG] program(0): using clock source: 'audio'
[DBG] Buffering 0%
[DBG] A/52 channels:6 samplerate:48000 bitrate:448000
[DBG] restarting module due to input format change
[DBG] 'decoder in/packetizer out' i_rate 0 / 48000
[DBG] 'decoder in/packetizer out' i_physical_channels 0 / 4199
[DBG] removing "audio decoder" module "avcodec"
[DBG] looking for audio decoder module matching "any": 15 candidates
[DBG] size 720x480/720x480 fps 500000:16683
[DBG] reusing audio output
[DBG] restarting module due to input format change
[WARN] failed to start passthrough audio output, failing back to linear format
[DBG] 'decoder in/packetizer out' profile -1 / 4
[DBG] keeping audio output
[DBG] 'decoder in/packetizer out' i_width 0 / 720
[DBG] using Lavc63.1.100
[DBG] 'decoder in/packetizer out' i_height 0 / 480
[DBG] CPU flags: 0x00062360
[DBG] 'decoder in/packetizer out' i_visible_width 0 / 720
[DBG] 'decoder in/packetizer out' i_visible_height 0 / 480
[DBG] removing "video decoder" module "avcodec"
[DBG] Buffering 3%
[DBG] looking for video decoder module matching "any": 14 candidates
[DBG] codec (ac3) started
[DBG] vout change: decoder size
[DBG] using audio decoder module "avcodec"
[DBG] vout change: visible size
[DBG] reusing audio output
[DBG] Buffering 6%
[DBG] Buffering 10%
11:27:31.282 PM [player] buffering 0.0
[DBG] Buffering 13%
[DBG] Buffering 16%
[DBG] Buffering 20%
[DBG] Buffering 23%
[DBG] Buffering 26%
[DBG] Buffering 30%
[DBG] Buffering 33%
[DBG] Buffering 36%
[DBG] Buffering 40%
[WARN] vt session error: 'kVTCouldNotFindVideoDecoderErr'
[DBG] using Lavc63.1.100
[DBG] CPU flags: 0x00062360
[DBG] allowing 6 thread(s) for decoding
[DBG] codec (mpeg2video) started
[DBG] using video decoder module "avcodec"
[DBG] available hardware decoder output format 157 (videotoolbox_vld)
[DBG] available software decoder output format 0 (yuv420p)
[DBG] vout change: chroma
[DBG] vout change: SAR
[DBG] requested window size: 640x480
[DBG] deinterlace -1, mode auto, is_needed 0
[DBG] Opening vout display wrapper
[DBG] looking for vout display module matching "any": 3 candidates
[DBG] looking for video converter module matching "any": 13 candidates
[DBG] Output on HDMI, channel count: 6
[DBG] VLC keeping the same input layout
[INF] Trying to use chroma_chain: [c=18|q=100] I420 -> CVPN -> CVPB...
[DBG] looking for video converter module matching "any": 13 candidates
[DBG] looking for decoder device module matching "any": 1 candidates
[DBG] using decoder device module "videotoolbox"
[DBG] using video converter module "cvpx"
[DBG] Filter 'cvpx' (0x10fa1e700) appended to chain (0x10fa9ad00)
[DBG] looking for video converter module matching "any": 13 candidates
[DBG] no video converter modules matched with name any
[ERR] Failed to create video converter
[INF] Trying to use chroma_chain: [c=18|q=100] I420 -> CVPI -> CVPB...
[DBG] removing "video converter" module "cvpx"
[DBG] Filter 0x10fa1e700 removed from chain
[DBG] looking for video converter module matching "any": 13 candidates
[DBG] looking for decoder device module matching "any": 1 candidates
[DBG] using decoder device module "videotoolbox"
[DBG] using video converter module "cvpx"
[DBG] Filter 'cvpx' (0x10c8eb300) appended to chain (0x10fa9ad00)
[DBG] looking for video converter module matching "any": 13 candidates
[DBG] no video converter modules matched with name any
[ERR] Failed to create video converter
[INF] Trying to use chroma_chain: [c=118|q=90] I420 -> BGRA -> CVPB...
[DBG] removing "video converter" module "cvpx"
[DBG] Filter 0x10c8eb300 removed from chain
[DBG] looking for video converter module matching "any": 13 candidates
[DBG] 720x480 (720x480) chroma: I420 colorspace: BT601 -> 720x480 (720x480) chroma: BGRA colorspace: BT601 with scaling using Bicubic (good quality)
[DBG] using video converter module "swscale"
[DBG] Filter 'Swscale' (0x10fa1f600) appended to chain (0x10fa9ad00)
[DBG] looking for video converter module matching "any": 13 candidates
[DBG] looking for decoder device module matching "any": 1 candidates
[DBG] using decoder device module "videotoolbox"
[DBG] using video converter module "cvpx"
[DBG] Filter 'cvpx' (0x10fa1e700) appended to chain (0x10fa9ad00)
[INF] success
[DBG] using video converter module "chain"
[DBG] using vout display module "samplebufferdisplay"
[DBG] original format sz 720x480, of (0,0), vsz 720x480, 4cc I420, sar 8:9, orient: normal
[DBG] removing "text renderer" module "freetype"
[DBG] looking for text renderer module matching "freetype": 2 candidates
[DBG] using text renderer module "freetype"
[DBG] requested window size: 640x480
[DBG] resetting projection_mode to 0
[DBG] setting projection_mode to 0
[DBG] Received first picture
[DBG] Detected interlaced video
[DBG] deinterlace -1, mode auto, is_needed 1
[DBG] output 'f32l' 48000 Hz 3F2M/LFE frame=1 samples/24 bytes
[DBG] looking for audio volume module matching "any": 2 candidates
[DBG] using audio volume module "float_mixer"
[DBG] input 'f32l' 48000 Hz 3F2M/LFE frame=1 samples/24 bytes
[DBG] looking for audio filter module matching "scaletempo": 1 candidates
[DBG] format: 48000 rate, 6 nch, 4 bps, fl32
[DBG] params: 30 stride, 0.200 overlap, 14 search
[DBG] 1.000 scale, 1440.000 stride_in, 1440 stride_out, 1152 standing, 288 overlap, 672 search, 2400 queue, fl32 mode
[DBG] using audio filter module "scaletempo"
[DBG] conversion: 'f32l'->'f32l' 48000 Hz->48000 Hz 3F2M/LFE->3F2M/LFE
[DBG] conversion pipeline complete
[DBG] conversion: 'f32l'->'f32l' 48000 Hz->48000 Hz 3F2M/LFE->3F2M/LFE
[DBG] conversion pipeline complete
[DBG] looking for audio resampler module matching "soxr": 2 candidates
[DBG] Using SoX Resampler with 'cr32s' engine and 'Medium 16-bit with medium roll-off' quality to convert f32l/48000Hz to f32l/48000Hz.
[DBG] using audio resampler module "soxr"
[DBG] Buffering 43%
[DBG] Buffering 54%
[DBG] Buffering 56%
[DBG] Buffering 60%
[DBG] Buffering 63%
[DBG] Buffering 66%
[DBG] Buffering 70%
[DBG] Buffering 73%
[DBG] resized to 3840x2160
[DBG] Buffering 76%
[DBG] Buffering 80%
[DBG] Buffering 83%
[DBG] Buffering 86%
[DBG] Buffering 90%
[DBG] Buffering 92%
[DBG] Buffering 93%
[DBG] Stream buffering done (1056 ms in 19 ms)
[DBG] Decoder wait done in 0 ms
11:27:31.298 PM [player] buffering 1.0
[DBG] Adding 'deinterlace' as static
[DBG] looking for video filter module matching "deinterlace,chain": 2 candidates
[DBG] using x deinterlace method
[DBG] deferring start (79848 us)
[DBG] deinterlacing
[DBG] using video filter module "deinterlace"
[DBG] Filter 'deinterlace' (0x10cba1200) appended to chain (0x10ca68900)
[DBG] deferring start (44273 us)
[DBG] deferring start (44063 us)
[DBG] deferring start (43882 us)
[DBG] deferring start (43687 us)
[DBG] deferring start (43539 us)
[DBG] deferring start (43376 us)
[DBG] deferring start (43242 us)
[DBG] deferring start (43133 us)
[DBG] deferring start (42994 us)
[DBG] deferring start (42877 us)
[DBG] deferring start (42769 us)
[DBG] deferring start (42656 us)
[DBG] deferring start (42548 us)
[DBG] deferring start (42423 us)
[DBG] deferring start (42295 us)
[DBG] deferring start (42199 us)
[DBG] deferring start (42107 us)
[DBG] deferring start (42009 us)
[DBG] deferring start (41894 us)
[DBG] deferring start (41783 us)
[DBG] deferring start (41675 us)
[DBG] deferring start (41564 us)
[DBG] deferring start (41454 us)
[DBG] deferring start (41332 us)
[DBG] deferring start (41225 us)
[DBG] deferring start (41079 us)
[DBG] deferring start (40966 us)
[DBG] deferring start (40861 us)
[DBG] deferring start (40734 us)
[DBG] deferring start (40640 us)
[DBG] deferring start (40511 us)
[DBG] deferring start (40375 us)
[DBG] deferring start (40271 us)
[DBG] deferring start (40150 us)
[DBG] deferring start (40032 us)
[DBG] deferring start (39927 us)
[DBG] deferring start (39815 us)
[DBG] deferring start (39709 us)
[DBG] deferring start (39607 us)
[DBG] started
[DBG] picture displayed late (missing 6 ms)
[WARN] picture is too late to be displayed (missing 75 ms)
[WARN] picture is too late to be displayed (missing 43 ms)
[DBG] picture displayed late (missing 9 ms)
[WARN] picture is too late to be displayed (missing 79 ms)
[WARN] picture is too late to be displayed (missing 46 ms)
[DBG] picture displayed late (missing 10 ms)
[DBG] picture displayed late (missing 14 ms)
11:27:49.530 PM [player] pause (select) at 17744 ms
[DBG] pausing
[DBG] not really pausing SPU
[DBG] pausing audio
11:27:49.542 PM [player] state Paused at 17995 ms
[DBG] pausing video
[DBG] picture displayed late (missing 16 ms)
11:27:50.770 PM [player] play (select) at 17995 ms
[DBG] resuming audio
[DBG] resuming video
11:27:50.771 PM [player] state Playing at 17995 ms
[DBG] resuming
[DBG] not really resuming SPU
[WARN] resetting master clock: coefficient too unstable: 3.107739
11:27:52.420 PM [player] dismiss at 18970 ms, state Playing
11:27:52.420 PM [player] state Stopping at 19618 ms
[DBG] killing decoder fourcc `mpgv'
[DBG] removing "video decoder" module "avcodec"
[DBG] removing "video packetizer" module "mpegvideo"
[DBG] removing "video converter" module "swscale"
[DBG] Filter 0x10fa1f600 removed from chain
[DBG] removing "video converter" module "cvpx"
[DBG] Filter 0x10fa1e700 removed from chain
[DBG] removing "video converter" module "chain"
[DBG] removing "video filter" module "deinterlace"
[DBG] Filter 0x10cba1200 removed from chain
[DBG] saving a free vout
[DBG] ES track unselected: 'video/1' (fourcc: 'mpgv')
11:27:52.425 PM [player] track selected type=1 selected= unselected=video/1
[DBG] killing decoder fourcc `a52 '
[DBG] removing "audio decoder" module "avcodec"
[DBG] removing "audio packetizer" module "a52"
[DBG] removing "audio resampler" module "soxr"
[DBG] removing "audio filter" module "scaletempo"
[DBG] removing "audio volume" module "float_mixer"
[DBG] keeping audio output
[DBG] ES track unselected: 'audio/2' (fourcc: 'a52 ')
11:27:52.514 PM [player] track selected type=0 selected= unselected=audio/2
[DBG] killing decoder fourcc `subt'
[DBG] removing "spu decoder" module "subsdec"
[DBG] ES track unselected: 'spu/4' (fourcc: 'subt')
[DBG] removing "demux" module "mkv"
[DBG] ES track deleted: 'video/1' (fourcc: 'mpgv')
11:27:52.514 PM [player] track selected type=2 selected= unselected=spu/4
[DBG] ES track deleted: 'audio/2' (fourcc: 'a52 ')
[DBG] ES track deleted: 'audio/3' (fourcc: 'a52 ')
[DBG] ES track deleted: 'spu/4' (fourcc: 'subt')
[DBG] Program doesn't contain anymore ES
[DBG] removing "stream_filter" module "record"
[DBG] removing "stream_filter" module "prefetch"
[DBG] removing "access" module "http"
[DBG] connection failed
[DBG] stop free vout
11:27:52.515 PM [player] state Stopped at 19618 ms
