10:36:43.088 AM [player] request Stargate — Extended · SD · AC-3 5.1 — http://192.168.1.250:8093/stream/2
10:36:43.088 AM [player] file Movies/Stargate (1994)/Stargate (1994) {edition-Extended}.mkv 720x480 hdr=false video=mpeg2video Main audio=ac3 5.1(side), ac3 stereo
[DBG] Creating an input for playback'2'
10:36:43.100 AM [player] play() called
[DBG] using timeshift granularity of 50 MiB
[DBG] using default timeshift path
[DBG] `http://192.168.1.250:8093/stream/2' gives access `http' demux `mkv_trusted' path `192.168.1.250:8093/stream/2'
[DBG] creating access: http://192.168.1.250:8093/stream/2
[DBG] looking for access module matching "http": 2 candidates
[DBG] looking for keystore module matching "any": 1 candidates
[DBG] using keystore module "keychain"
[DBG] Lookup keychain entry for server 192.168.1.250
[WARN] lookup failed (-25300: 'Item not found')
[DBG] resolving 192.168.1.250 ...
[DBG] outgoing request:
GET /stream/2 HTTP/1.1
Host: 192.168.1.250:8093
Accept: */*
Accept-Language: en_US
User-Agent: VLC/4.0.0-dev LibVLC/4.0.0-dev
Range: bytes=0-


10:36:43.108 AM [player] state Opening at 0 ms
10:36:43.108 AM [player] buffering 0.0
[DBG] incoming response:
HTTP/1.1 206 Partial Content
Accept-Ranges: bytes
Content-Length: 5722251076
Content-Range: bytes 0-5722251075/5722251076
Content-Type: video/x-matroska
Last-Modified: Fri, 17 Jul 2026 19:22:43 GMT
Date: Mon, 14 Sep 2026 14:36:43 GMT


[DBG] removing "keystore" module "keychain"
[DBG] using access module "http"
[DBG] looking for stream_filter module matching "prefetch,cache": 2 candidates
[DBG] using 16777216 bytes buffer
[DBG] using stream_filter module "prefetch"
[DBG] looking for stream_filter module matching "any": 4 candidates
[DBG] no stream_filter modules matched with name any
[DBG] looking for stream_directory module matching "any": 0 candidates
[DBG] no stream_directory modules matched with name any
[DBG] attachment of directory-extractor failed for http://192.168.1.250:8093/stream/2
[DBG] looking for stream_filter module matching "record": 1 candidates
[DBG] using stream_filter module "record"
[DBG] creating demux "mkv_trusted", URL: http://192.168.1.250:8093/stream/2, path: (null)
[DBG] looking for demux module matching "mkv_trusted": 1 candidates
[DBG] |   + Seek head
[DBG] |   - info at 1207
[DBG] |   + Information
[DBG] |   |   + TimecodeScale=1000000
[DBG] |   |   + Muxing Application=libmakemkv v1.18.4 (1.3.10/1.5.2) darwin(arm64-release)
[DBG] |   |   + Writing Application=MakeMKV v1.18.4 darwin(arm64-release)
[DBG] |   |   + Duration=7798056
[DBG] |   |   + Date=Fri Jul 17 19:10:16 2026
[DBG] |   |   + UID=fc59c1d6626f549
[DBG] |   - tracks at 1355
[DBG] |   + Tracks
[DBG] |   |   + Track Entry
[DBG] |   |   |   + Track Number=1
[DBG] |   |   |   + Track UID=1
[DBG] |   |   |   + Track Type=video
[DBG] |   |   |   + Track Default=0
[DBG] |   |   |   + Track Lacing=0
[DBG] |   |   |   + Track MinCache=2
[DBG] |   |   |   + Track CodecId=V_MPEG2
[DBG] |   |   |   + Track CodecPrivate size=150
[DBG] |   |   |   + Track Default Duration=33366
[DBG] |   |   |   + Track Video
[DBG] |   |   |   |   + width=720
[DBG] |   |   |   |   + height=480
[DBG] |   |   |   |   + display width=640
[DBG] |   |   |   |   + display height=480
[DBG] |   |   + Track Entry
[DBG] |   |   |   + Track Number=2
[DBG] |   |   |   + Track UID=2
[DBG] |   |   |   + Track Type=audio
[DBG] |   |   |   + Track Default=1
[DBG] |   |   |   + Track Lacing=1
[DBG] |   |   |   + Track CodecId=A_AC3
[DBG] |   |   |   + Track Language=`eng'
[DBG] |   |   |   + Track Default Duration=32000
[DBG] |   |   |   + Track Name=Surround 5.1
[DBG] |   |   |   + Track Audio
[DBG] |   |   |   |   + afreq=48000
[DBG] |   |   |   |   + achan=6
[DBG] |   |   + Track Entry
[DBG] |   |   |   + Track Number=3
[DBG] |   |   |   + Track UID=3
[DBG] |   |   |   + Track Type=audio
[DBG] |   |   |   + Track Default=0
[DBG] |   |   |   + Track Lacing=1
[DBG] |   |   |   + Track CodecId=A_AC3
[DBG] |   |   |   + Track Language=`eng'
[DBG] |   |   |   + Track Default Duration=32000
[DBG] |   |   |   + Track Name=Stereo
[DBG] |   |   |   + Track Audio
[DBG] |   |   |   |   + afreq=48000
[DBG] |   |   |   |   + achan=2
[DBG] |   |   + Track Entry
[DBG] |   |   |   + Track Number=4
[DBG] |   |   |   + Track UID=4
[DBG] |   |   |   + Track Type=subtitle
[DBG] |   |   |   + Track Default=1
[DBG] |   |   |   + Track Lacing=0
[DBG] |   |   |   + Track CodecId=S_TEXT/UTF8
[DBG] |   |   |   + Track Language=`eng'
[DBG] |   - cues at 5721968431
[DBG] resolving 192.168.1.250 ...
[DBG] outgoing request:
GET /stream/2 HTTP/1.1
Host: 192.168.1.250:8093
Accept: */*
Accept-Language: en_US
User-Agent: VLC/4.0.0-dev LibVLC/4.0.0-dev
If-Unmodified-Since: Fri, 17 Jul 2026 19:22:43 GMT
Range: bytes=5721968431-


[DBG] incoming response:
HTTP/1.1 206 Partial Content
Accept-Ranges: bytes
Content-Length: 282645
Content-Range: bytes 5721968431-5722251075/5722251076
Content-Type: video/x-matroska
Last-Modified: Fri, 17 Jul 2026 19:22:43 GMT
Date: Mon, 14 Sep 2026 14:36:43 GMT


[DBG] connection failed
[DBG] |   + Cues
[DBG] end of stream
[DBG] |   - loading cues done.
[DBG] resolving 192.168.1.250 ...
[DBG] outgoing request:
GET /stream/2 HTTP/1.1
Host: 192.168.1.250:8093
Accept: */*
Accept-Language: en_US
User-Agent: VLC/4.0.0-dev LibVLC/4.0.0-dev
If-Unmodified-Since: Fri, 17 Jul 2026 19:22:43 GMT
Range: bytes=123-


[DBG] incoming response:
HTTP/1.1 206 Partial Content
Accept-Ranges: bytes
Content-Length: 5722250953
Content-Range: bytes 123-5722251075/5722251076
Content-Type: video/x-matroska
Last-Modified: Fri, 17 Jul 2026 19:22:43 GMT
Date: Mon, 14 Sep 2026 14:36:43 GMT


[DBG] |   - chapters at 1739
[DBG] |   + Chapters
[DBG] |   |   |   + ChapterAtom (level=0)
[DBG] |   |   |   |   + ChapterUID=50de48b1df9e4024
[DBG] |   |   |   |   + ChapterTimeStart=0
[DBG] |   |   |   |   + ChapterFlagHidden=no
[DBG] |   |   |   |   + ChapterTimeEnd=165965800
[DBG] |   |   |   |   + ChapterDisplay
[DBG] |   |   |   |   |   + ChapterString=Chapter 01
[DBG] |   |   |   |   |   + ChapterLanguage=eng
[DBG] |   |   |   + ChapterAtom (level=0)
[DBG] |   |   |   |   + ChapterUID=b251f80f695e59d
[DBG] |   |   |   |   + ChapterTimeStart=165965800
[DBG] |   |   |   |   + ChapterFlagHidden=no
[DBG] |   |   |   |   + ChapterTimeEnd=252885966
[DBG] |   |   |   |   + ChapterDisplay
[DBG] |   |   |   |   |   + ChapterString=Chapter 02
[DBG] |   |   |   |   |   + ChapterLanguage=eng
[DBG] |   |   |   + ChapterAtom (level=0)
[DBG] |   |   |   |   + ChapterUID=40433953fbf569a4
[DBG] |   |   |   |   + ChapterTimeStart=252885966
[DBG] |   |   |   |   + ChapterFlagHidden=no
[DBG] |   |   |   |   + ChapterTimeEnd=413713300
[DBG] |   |   |   |   + ChapterDisplay
[DBG] |   |   |   |   |   + ChapterString=Chapter 03
[DBG] |   |   |   |   |   + ChapterLanguage=eng
[DBG] |   |   |   + ChapterAtom (level=0)
[DBG] |   |   |   |   + ChapterUID=b89ed893dc66ba40
[DBG] |   |   |   |   + ChapterTimeStart=413713300
[DBG] |   |   |   |   + ChapterFlagHidden=no
[DBG] |   |   |   |   + ChapterTimeEnd=519519000
[DBG] |   |   |   |   + ChapterDisplay
[DBG] |   |   |   |   |   + ChapterString=Chapter 04
[DBG] |   |   |   |   |   + ChapterLanguage=eng
[DBG] |   |   |   + ChapterAtom (level=0)
[DBG] |   |   |   |   + ChapterUID=7a58650322ca6859
[DBG] |   |   |   |   + ChapterTimeStart=519519000
[DBG] |   |   |   |   + ChapterFlagHidden=no
[DBG] |   |   |   |   + ChapterTimeEnd=636602633
[DBG] |   |   |   |   + ChapterDisplay
[DBG] |   |   |   |   |   + ChapterString=Chapter 05
[DBG] |   |   |   |   |   + ChapterLanguage=eng
[DBG] |   |   |   + ChapterAtom (level=0)
[DBG] |   |   |   |   + ChapterUID=d74529bb9f0e192d
[DBG] |   |   |   |   + ChapterTimeStart=636602633
[DBG] |   |   |   |   + ChapterFlagHidden=no
[DBG] |   |   |   |   + ChapterTimeEnd=740406333
[DBG] |   |   |   |   + ChapterDisplay
[DBG] |   |   |   |   |   + ChapterString=Chapter 06
[DBG] |   |   |   |   |   + ChapterLanguage=eng
[DBG] |   |   |   + ChapterAtom (level=0)
[DBG] |   |   |   |   + ChapterUID=be252a366387da7c
[DBG] |   |   |   |   + ChapterTimeStart=740406333
[DBG] |   |   |   |   + ChapterFlagHidden=no
[DBG] |   |   |   |   + ChapterTimeEnd=984450133
[DBG] |   |   |   |   + ChapterDisplay
[DBG] |   |   |   |   |   + ChapterString=Chapter 07
[DBG] |   |   |   |   |   + ChapterLanguage=eng
[DBG] |   |   |   + ChapterAtom (level=0)
[DBG] |   |   |   |   + ChapterUID=e039bee087e39a08
[DBG] |   |   |   |   + ChapterTimeStart=984450133
[DBG] |   |   |   |   + ChapterFlagHidden=no
[DBG] |   |   |   |   + ChapterTimeEnd=1242457883
[DBG] |   |   |   |   + ChapterDisplay
[DBG] |   |   |   |   |   + ChapterString=Chapter 08
[DBG] |   |   |   |   |   + ChapterLanguage=eng
[DBG] |   |   |   + ChapterAtom (level=0)
[DBG] |   |   |   |   + ChapterUID=2e14321a7ae6499e
[DBG] |   |   |   |   + ChapterTimeStart=1242457883
[DBG] |   |   |   |   + ChapterFlagHidden=no
[DBG] |   |   |   |   + ChapterTimeEnd=1362694666
[DBG] |   |   |   |   + ChapterDisplay
[DBG] |   |   |   |   |   + ChapterString=Chapter 09
[DBG] |   |   |   |   |   + ChapterLanguage=eng
[DBG] |   |   |   + ChapterAtom (level=0)
[DBG] |   |   |   |   + ChapterUID=c1ff6ea92dd0aebb
[DBG] |   |   |   |   + ChapterTimeStart=1362694666
[DBG] |   |   |   |   + ChapterFlagHidden=no
[DBG] |   |   |   |   + ChapterTimeEnd=1476975500
[DBG] |   |   |   |   + ChapterDisplay
[DBG] |   |   |   |   |   + ChapterString=Chapter 10
[DBG] |   |   |   |   |   + ChapterLanguage=eng
[DBG] |   |   |   + ChapterAtom (level=0)
[DBG] |   |   |   |   + ChapterUID=4668a4a0af3a5ed9
[DBG] |   |   |   |   + ChapterTimeStart=1476975500
[DBG] |   |   |   |   + ChapterFlagHidden=no
[DBG] |   |   |   |   + ChapterTimeEnd=1599064133
[DBG] |   |   |   |   + ChapterDisplay
[DBG] |   |   |   |   |   + ChapterString=Chapter 11
[DBG] |   |   |   |   |   + ChapterLanguage=eng
[DBG] |   |   |   + ChapterAtom (level=0)
[DBG] |   |   |   |   + ChapterUID=d66537ff7abd16a2
[DBG] |   |   |   |   + ChapterTimeStart=1599064133
[DBG] |   |   |   |   + ChapterFlagHidden=no
[DBG] |   |   |   |   + ChapterTimeEnd=1681713366
[DBG] |   |   |   |   + ChapterDisplay
[DBG] |   |   |   |   |   + ChapterString=Chapter 12
[DBG] |   |   |   |   |   + ChapterLanguage=eng
[DBG] |   |   |   + ChapterAtom (level=0)
[DBG] |   |   |   |   + ChapterUID=d2de87b93a67228b
[DBG] |   |   |   |   + ChapterTimeStart=1681713366
[DBG] |   |   |   |   + ChapterFlagHidden=no
[DBG] |   |   |   |   + ChapterTimeEnd=1742340600
[DBG] |   |   |   |   + ChapterDisplay
[DBG] |   |   |   |   |   + ChapterString=Chapter 13
[DBG] |   |   |   |   |   + ChapterLanguage=eng
[DBG] |   |   |   + ChapterAtom (level=0)
[DBG] |   |   |   |   + ChapterUID=464d37faebd093e1
[DBG] |   |   |   |   + ChapterTimeStart=1742340600
[DBG] |   |   |   |   + ChapterFlagHidden=no
[DBG] |   |   |   |   + ChapterTimeEnd=1780879100
[DBG] |   |   |   |   + ChapterDisplay
[DBG] |   |   |   |   |   + ChapterString=Chapter 14
[DBG] |   |   |   |   |   + ChapterLanguage=eng
[DBG] |   |   |   + ChapterAtom (level=0)
[DBG] |   |   |   |   + ChapterUID=a125349874b0d96a
[DBG] |   |   |   |   + ChapterTimeStart=1780879100
[DBG] |   |   |   |   + ChapterFlagHidden=no
[DBG] |   |   |   |   + ChapterTimeEnd=1954919633
[DBG] |   |   |   |   + ChapterDisplay
[DBG] |   |   |   |   |   + ChapterString=Chapter 15
[DBG] |   |   |   |   |   + ChapterLanguage=eng
[DBG] |   |   |   + ChapterAtom (level=0)
[DBG] |   |   |   |   + ChapterUID=fbebd1c60c0ba734
[DBG] |   |   |   |   + ChapterTimeStart=1954919633
[DBG] |   |   |   |   + ChapterFlagHidden=no
[DBG] |   |   |   |   + ChapterTimeEnd=2014979633
[DBG] |   |   |   |   + ChapterDisplay
[DBG] |   |   |   |   |   + ChapterString=Chapter 16
[DBG] |   |   |   |   |   + ChapterLanguage=eng
[DBG] |   |   |   + ChapterAtom (level=0)
[DBG] |   |   |   |   + ChapterUID=654a3a83d8754d72
[DBG] |   |   |   |   + ChapterTimeStart=2014979633
[DBG] |   |   |   |   + ChapterFlagHidden=no
[DBG] |   |   |   |   + ChapterTimeEnd=2177775600
[DBG] |   |   |   |   + ChapterDisplay
[DBG] |   |   |   |   |   + ChapterString=Chapter 17
[DBG] |   |   |   |   |   + ChapterLanguage=eng
[DBG] |   |   |   + ChapterAtom (level=0)
[DBG] |   |   |   |   + ChapterUID=a4d015e21eccc97a
[DBG] |   |   |   |   + ChapterTimeStart=2177775600
[DBG] |   |   |   |   + ChapterFlagHidden=no
[DBG] |   |   |   |   + ChapterTimeEnd=2286384100
[DBG] |   |   |   |   + ChapterDisplay
[DBG] |   |   |   |   |   + ChapterString=Chapter 18
[DBG] |   |   |   |   |   + ChapterLanguage=eng
[DBG] |   |   |   + ChapterAtom (level=0)
[DBG] |   |   |   |   + ChapterUID=8b098101acdd224c
[DBG] |   |   |   |   + ChapterTimeStart=2286384100
[DBG] |   |   |   |   + ChapterFlagHidden=no
[DBG] |   |   |   |   + ChapterTimeEnd=2423354266
[DBG] |   |   |   |   + ChapterDisplay
[DBG] |   |   |   |   |   + ChapterString=Chapter 19
[DBG] |   |   |   |   |   + ChapterLanguage=eng
[DBG] |   |   |   + ChapterAtom (level=0)
[DBG] |   |   |   |   + ChapterUID=40282ff203e979d2
[DBG] |   |   |   |   + ChapterTimeStart=2423354266
[DBG] |   |   |   |   + ChapterFlagHidden=no
[DBG] |   |   |   |   + ChapterTimeEnd=2618248966
[DBG] |   |   |   |   + ChapterDisplay
[DBG] |   |   |   |   |   + ChapterString=Chapter 20
[DBG] |   |   |   |   |   + ChapterLanguage=eng
[DBG] |   |   |   + ChapterAtom (level=0)
[DBG] |   |   |   |   + ChapterUID=4a5f3350e39b1c08
[DBG] |   |   |   |   + ChapterTimeStart=2618248966
[DBG] |   |   |   |   + ChapterFlagHidden=no
[DBG] |   |   |   |   + ChapterTimeEnd=2829092933
[DBG] |   |   |   |   + ChapterDisplay
[DBG] |   |   |   |   |   + ChapterString=Chapter 21
[DBG] |   |   |   |   |   + ChapterLanguage=eng
[DBG] |   |   |   + ChapterAtom (level=0)
[DBG] |   |   |   |   + ChapterUID=5bb4e22f83d84ba1
[DBG] |   |   |   |   + ChapterTimeStart=2829092933
[DBG] |   |   |   |   + ChapterFlagHidden=no
[DBG] |   |   |   |   + ChapterTimeEnd=3011808800
[DBG] |   |   |   |   + ChapterDisplay
[DBG] |   |   |   |   |   + ChapterString=Chapter 22
[DBG] |   |   |   |   |   + ChapterLanguage=eng
[DBG] |   |   |   + ChapterAtom (level=0)
[DBG] |   |   |   |   + ChapterUID=37e0f048324dc121
[DBG] |   |   |   |   + ChapterTimeStart=3011808800
[DBG] |   |   |   |   + ChapterFlagHidden=no
[DBG] |   |   |   |   + ChapterTimeEnd=3169966800
[DBG] |   |   |   |   + ChapterDisplay
[DBG] |   |   |   |   |   + ChapterString=Chapter 23
[DBG] |   |   |   |   |   + ChapterLanguage=eng
[DBG] |   |   |   + ChapterAtom (level=0)
[DBG] |   |   |   |   + ChapterUID=41d861a6b16a148e
[DBG] |   |   |   |   + ChapterTimeStart=3169966800
[DBG] |   |   |   |   + ChapterFlagHidden=no
[DBG] |   |   |   |   + ChapterTimeEnd=3348011333
[DBG] |   |   |   |   + ChapterDisplay
[DBG] |   |   |   |   |   + ChapterString=Chapter 24
[DBG] |   |   |   |   |   + ChapterLanguage=eng
[DBG] |   |   |   + ChapterAtom (level=0)
[DBG] |   |   |   |   + ChapterUID=a2673baf2275b708
[DBG] |   |   |   |   + ChapterTimeStart=3348011333
[DBG] |   |   |   |   + ChapterFlagHidden=no
[DBG] |   |   |   |   + ChapterTimeEnd=3495658833
[DBG] |   |   |   |   + ChapterDisplay
[DBG] |   |   |   |   |   + ChapterString=Chapter 25
[DBG] |   |   |   |   |   + ChapterLanguage=eng
[DBG] |   |   |   + ChapterAtom (level=0)
[DBG] |   |   |   |   + ChapterUID=2d99e5effdb5e6ac
[DBG] |   |   |   |   + ChapterTimeStart=3495658833
[DBG] |   |   |   |   + ChapterFlagHidden=no
[DBG] |   |   |   |   + ChapterTimeEnd=3698728366
[DBG] |   |   |   |   + ChapterDisplay
[DBG] |   |   |   |   |   + ChapterString=Chapter 26
[DBG] |   |   |   |   |   + ChapterLanguage=eng
[DBG] |   |   |   + ChapterAtom (level=0)
[DBG] |   |   |   |   + ChapterUID=6b3a9620e95ca6bb
[DBG] |   |   |   |   + ChapterTimeStart=3698728366
[DBG] |   |   |   |   + ChapterFlagHidden=no
[DBG] |   |   |   |   + ChapterTimeEnd=3746776366
[DBG] |   |   |   |   + ChapterDisplay
[DBG] |   |   |   |   |   + ChapterString=Chapter 27
[DBG] |   |   |   |   |   + ChapterLanguage=eng
[DBG] |   |   |   + ChapterAtom (level=0)
[DBG] |   |   |   |   + ChapterUID=a9644330c8c36ee3
[DBG] |   |   |   |   + ChapterTimeStart=3746776366
[DBG] |   |   |   |   + ChapterFlagHidden=no
[DBG] |   |   |   |   + ChapterTimeEnd=3869031833
[DBG] |   |   |   |   + ChapterDisplay
[DBG] |   |   |   |   |   + ChapterString=Chapter 28
[DBG] |   |   |   |   |   + ChapterLanguage=eng
[DBG] |   |   |   + ChapterAtom (level=0)
[DBG] |   |   |   |   + ChapterUID=6d2b0a40e8a3d11
[DBG] |   |   |   |   + ChapterTimeStart=3869031833
[DBG] |   |   |   |   + ChapterFlagHidden=no
[DBG] |   |   |   |   + ChapterTimeEnd=3973235933
[DBG] |   |   |   |   + ChapterDisplay
[DBG] |   |   |   |   |   + ChapterString=Chapter 29
[DBG] |   |   |   |   |   + ChapterLanguage=eng
[DBG] |   |   |   + ChapterAtom (level=0)
[DBG] |   |   |   |   + ChapterUID=47505874b84b2ba3
[DBG] |   |   |   |   + ChapterTimeStart=3973235933
[DBG] |   |   |   |   + ChapterFlagHidden=no
[DBG] |   |   |   |   + ChapterTimeEnd=4111674233
[DBG] |   |   |   |   + ChapterDisplay
[DBG] |   |   |   |   |   + ChapterString=Chapter 30
[DBG] |   |   |   |   |   + ChapterLanguage=eng
[DBG] |   |   |   + ChapterAtom (level=0)
[DBG] |   |   |   |   + ChapterUID=abddf345b707ca73
[DBG] |   |   |   |   + ChapterTimeStart=4111674233
[DBG] |   |   |   |   + ChapterFlagHidden=no
[DBG] |   |   |   |   + ChapterTimeEnd=4188450933
[DBG] |   |   |   |   + ChapterDisplay
[DBG] |   |   |   |   |   + ChapterString=Chapter 31
[DBG] |   |   |   |   |   + ChapterLanguage=eng
[DBG] |   |   |   + ChapterAtom (level=0)
[DBG] |   |   |   |   + ChapterUID=d95478de34104a87
[DBG] |   |   |   |   + ChapterTimeStart=4188450933
[DBG] |   |   |   |   + ChapterFlagHidden=no
[DBG] |   |   |   |   + ChapterTimeEnd=4258821233
[DBG] |   |   |   |   + ChapterDisplay
[DBG] |   |   |   |   |   + ChapterString=Chapter 32
[DBG] |   |   |   |   |   + ChapterLanguage=eng
[DBG] |   |   |   + ChapterAtom (level=0)
[DBG] |   |   |   |   + ChapterUID=5f11f754bfcf6f2d
[DBG] |   |   |   |   + ChapterTimeStart=4258821233
[DBG] |   |   |   |   + ChapterFlagHidden=no
[DBG] |   |   |   |   + ChapterTimeEnd=4403799400
[DBG] |   |   |   |   + ChapterDisplay
[DBG] |   |   |   |   |   + ChapterString=Chapter 33
[DBG] |   |   |   |   |   + ChapterLanguage=eng
[DBG] |   |   |   + ChapterAtom (level=0)
[DBG] |   |   |   |   + ChapterUID=6c419a3e7a3240d0
[DBG] |   |   |   |   + ChapterTimeStart=4403799400
[DBG] |   |   |   |   + ChapterFlagHidden=no
[DBG] |   |   |   |   + ChapterTimeEnd=4600996400
[DBG] |   |   |   |   + ChapterDisplay
[DBG] |   |   |   |   |   + ChapterString=Chapter 34
[DBG] |   |   |   |   |   + ChapterLanguage=eng
[DBG] |   |   |   + ChapterAtom (level=0)
[DBG] |   |   |   |   + ChapterUID=37aa8d43ffcd41f3
[DBG] |   |   |   |   + ChapterTimeStart=4600996400
[DBG] |   |   |   |   + ChapterFlagHidden=no
[DBG] |   |   |   |   + ChapterTimeEnd=4759654900
[DBG] |   |   |   |   + ChapterDisplay
[DBG] |   |   |   |   |   + ChapterString=Chapter 35
[DBG] |   |   |   |   |   + ChapterLanguage=eng
[DBG] |   |   |   + ChapterAtom (level=0)
[DBG] |   |   |   |   + ChapterUID=f33c1902bb9caa88
[DBG] |   |   |   |   + ChapterTimeStart=4759654900
[DBG] |   |   |   |   + ChapterFlagHidden=no
[DBG] |   |   |   |   + ChapterTimeEnd=4869297766
[DBG] |   |   |   |   + ChapterDisplay
[DBG] |   |   |   |   |   + ChapterString=Chapter 36
[DBG] |   |   |   |   |   + ChapterLanguage=eng
[DBG] |   |   |   + ChapterAtom (level=0)
[DBG] |   |   |   |   + ChapterUID=dfcda5e040fe96a2
[DBG] |   |   |   |   + ChapterTimeStart=4869297766
[DBG] |   |   |   |   + ChapterFlagHidden=no
[DBG] |   |   |   |   + ChapterTimeEnd=5076471400
[DBG] |   |   |   |   + ChapterDisplay
[DBG] |   |   |   |   |   + ChapterString=Chapter 37
[DBG] |   |   |   |   |   + ChapterLanguage=eng
[DBG] |   |   |   + ChapterAtom (level=0)
[DBG] |   |   |   |   + ChapterUID=6bb6f2a2ec05811c
[DBG] |   |   |   |   + ChapterTimeStart=5076471400
[DBG] |   |   |   |   + ChapterFlagHidden=no
[DBG] |   |   |   |   + ChapterTimeEnd=5239634400
[DBG] |   |   |   |   + ChapterDisplay
[DBG] |   |   |   |   |   + ChapterString=Chapter 38
[DBG] |   |   |   |   |   + ChapterLanguage=eng
[DBG] |   |   |   + ChapterAtom (level=0)
[DBG] |   |   |   |   + ChapterUID=4a07321a8090ed99
[DBG] |   |   |   |   + ChapterTimeStart=5239634400
[DBG] |   |   |   |   + ChapterFlagHidden=no
[DBG] |   |   |   |   + ChapterTimeEnd=5523451266
[DBG] |   |   |   |   + ChapterDisplay
[DBG] |   |   |   |   |   + ChapterString=Chapter 39
[DBG] |   |   |   |   |   + ChapterLanguage=eng
[DBG] |   |   |   + ChapterAtom (level=0)
[DBG] |   |   |   |   + ChapterUID=79b868e77e2d252d
[DBG] |   |   |   |   + ChapterTimeStart=5523451266
[DBG] |   |   |   |   + ChapterFlagHidden=no
[DBG] |   |   |   |   + ChapterTimeEnd=5654081766
[DBG] |   |   |   |   + ChapterDisplay
[DBG] |   |   |   |   |   + ChapterString=Chapter 40
[DBG] |   |   |   |   |   + ChapterLanguage=eng
[DBG] |   |   |   + ChapterAtom (level=0)
[DBG] |   |   |   |   + ChapterUID=f2dd5daa22ce163c
[DBG] |   |   |   |   + ChapterTimeStart=5654081766
[DBG] |   |   |   |   + ChapterFlagHidden=no
[DBG] |   |   |   |   + ChapterTimeEnd=5797558433
[DBG] |   |   |   |   + ChapterDisplay
[DBG] |   |   |   |   |   + ChapterString=Chapter 41
[DBG] |   |   |   |   |   + ChapterLanguage=eng
[DBG] |   |   |   + ChapterAtom (level=0)
[DBG] |   |   |   |   + ChapterUID=9223f8103fe61fed
[DBG] |   |   |   |   + ChapterTimeStart=5797558433
[DBG] |   |   |   |   + ChapterFlagHidden=no
[DBG] |   |   |   |   + ChapterTimeEnd=5966794166
[DBG] |   |   |   |   + ChapterDisplay
[DBG] |   |   |   |   |   + ChapterString=Chapter 42
[DBG] |   |   |   |   |   + ChapterLanguage=eng
[DBG] |   |   |   + ChapterAtom (level=0)
[DBG] |   |   |   |   + ChapterUID=6fd784f48e8b0ce1
[DBG] |   |   |   |   + ChapterTimeStart=5966794166
[DBG] |   |   |   |   + ChapterFlagHidden=no
[DBG] |   |   |   |   + ChapterTimeEnd=6045272566
[DBG] |   |   |   |   + ChapterDisplay
[DBG] |   |   |   |   |   + ChapterString=Chapter 43
[DBG] |   |   |   |   |   + ChapterLanguage=eng
[DBG] |   |   |   + ChapterAtom (level=0)
[DBG] |   |   |   |   + ChapterUID=daed9a45b3ae7103
[DBG] |   |   |   |   + ChapterTimeStart=6045272566
[DBG] |   |   |   |   + ChapterFlagHidden=no
[DBG] |   |   |   |   + ChapterTimeEnd=6119346566
[DBG] |   |   |   |   + ChapterDisplay
[DBG] |   |   |   |   |   + ChapterString=Chapter 44
[DBG] |   |   |   |   |   + ChapterLanguage=eng
[DBG] |   |   |   + ChapterAtom (level=0)
[DBG] |   |   |   |   + ChapterUID=370657b48d0591bd
[DBG] |   |   |   |   + ChapterTimeStart=6119346566
[DBG] |   |   |   |   + ChapterFlagHidden=no
[DBG] |   |   |   |   + ChapterTimeEnd=6279673400
[DBG] |   |   |   |   + ChapterDisplay
[DBG] |   |   |   |   |   + ChapterString=Chapter 45
[DBG] |   |   |   |   |   + ChapterLanguage=eng
[DBG] |   |   |   + ChapterAtom (level=0)
[DBG] |   |   |   |   + ChapterUID=bf7f1baee783a980
[DBG] |   |   |   |   + ChapterTimeStart=6279673400
[DBG] |   |   |   |   + ChapterFlagHidden=no
[DBG] |   |   |   |   + ChapterTimeEnd=6353413733
[DBG] |   |   |   |   + ChapterDisplay
[DBG] |   |   |   |   |   + ChapterString=Chapter 46
[DBG] |   |   |   |   |   + ChapterLanguage=eng
[DBG] |   |   |   + ChapterAtom (level=0)
[DBG] |   |   |   |   + ChapterUID=541f50dcdbecb94d
[DBG] |   |   |   |   + ChapterTimeStart=6353413733
[DBG] |   |   |   |   + ChapterFlagHidden=no
[DBG] |   |   |   |   + ChapterTimeEnd=6509769933
[DBG] |   |   |   |   + ChapterDisplay
[DBG] |   |   |   |   |   + ChapterString=Chapter 47
[DBG] |   |   |   |   |   + ChapterLanguage=eng
[DBG] |   |   |   + ChapterAtom (level=0)
[DBG] |   |   |   |   + ChapterUID=ae49985ff1c3db8b
[DBG] |   |   |   |   + ChapterTimeStart=6509769933
[DBG] |   |   |   |   + ChapterFlagHidden=no
[DBG] |   |   |   |   + ChapterTimeEnd=6585145233
[DBG] |   |   |   |   + ChapterDisplay
[DBG] |   |   |   |   |   + ChapterString=Chapter 48
[DBG] |   |   |   |   |   + ChapterLanguage=eng
[DBG] |   |   |   + ChapterAtom (level=0)
[DBG] |   |   |   |   + ChapterUID=bf470052d461b475
[DBG] |   |   |   |   + ChapterTimeStart=6585145233
[DBG] |   |   |   |   + ChapterFlagHidden=no
[DBG] |   |   |   |   + ChapterTimeEnd=6750477066
[DBG] |   |   |   |   + ChapterDisplay
[DBG] |   |   |   |   |   + ChapterString=Chapter 49
[DBG] |   |   |   |   |   + ChapterLanguage=eng
[DBG] |   |   |   + ChapterAtom (level=0)
[DBG] |   |   |   |   + ChapterUID=aef66dc46edbd2a
[DBG] |   |   |   |   + ChapterTimeStart=6750477066
[DBG] |   |   |   |   + ChapterFlagHidden=no
[DBG] |   |   |   |   + ChapterTimeEnd=7015775433
[DBG] |   |   |   |   + ChapterDisplay
[DBG] |   |   |   |   |   + ChapterString=Chapter 50
[DBG] |   |   |   |   |   + ChapterLanguage=eng
[DBG] |   |   |   + ChapterAtom (level=0)
[DBG] |   |   |   |   + ChapterUID=6e047737a1549823
[DBG] |   |   |   |   + ChapterTimeStart=7015775433
[DBG] |   |   |   |   + ChapterFlagHidden=no
[DBG] |   |   |   |   + ChapterTimeEnd=7116676233
[DBG] |   |   |   |   + ChapterDisplay
[DBG] |   |   |   |   |   + ChapterString=Chapter 51
[DBG] |   |   |   |   |   + ChapterLanguage=eng
[DBG] |   |   |   + ChapterAtom (level=0)
[DBG] |   |   |   |   + ChapterUID=838cd6b05e54aa13
[DBG] |   |   |   |   + ChapterTimeStart=7116676233
[DBG] |   |   |   |   + ChapterFlagHidden=no
[DBG] |   |   |   |   + ChapterTimeEnd=7304530566
[DBG] |   |   |   |   + ChapterDisplay
[DBG] |   |   |   |   |   + ChapterString=Chapter 52
[DBG] |   |   |   |   |   + ChapterLanguage=eng
[DBG] |   |   |   + ChapterAtom (level=0)
[DBG] |   |   |   |   + ChapterUID=1dfb1a73753829e2
[DBG] |   |   |   |   + ChapterTimeStart=7304530566
[DBG] |   |   |   |   + ChapterFlagHidden=no
[DBG] |   |   |   |   + ChapterTimeEnd=7417476733
[DBG] |   |   |   |   + ChapterDisplay
[DBG] |   |   |   |   |   + ChapterString=Chapter 53
[DBG] |   |   |   |   |   + ChapterLanguage=eng
[DBG] |   |   |   + ChapterAtom (level=0)
[DBG] |   |   |   |   + ChapterUID=e9f35f4150876621
[DBG] |   |   |   |   + ChapterTimeStart=7417476733
[DBG] |   |   |   |   + ChapterFlagHidden=no
[DBG] |   |   |   |   + ChapterTimeEnd=7798056933
[DBG] |   |   |   |   + ChapterDisplay
[DBG] |   |   |   |   |   + ChapterString=Chapter 54
[DBG] |   |   |   |   |   + ChapterLanguage=eng
[DBG] |   - tags at 5722249427
[DBG] resolving 192.168.1.250 ...
[DBG] outgoing request:
GET /stream/2 HTTP/1.1
Host: 192.168.1.250:8093
Accept: */*
Accept-Language: en_US
User-Agent: VLC/4.0.0-dev LibVLC/4.0.0-dev
If-Unmodified-Since: Fri, 17 Jul 2026 19:22:43 GMT
Range: bytes=5722249427-


[DBG] incoming response:
HTTP/1.1 206 Partial Content
Accept-Ranges: bytes
Content-Length: 1649
Content-Range: bytes 5722249427-5722251075/5722251076
Content-Type: video/x-matroska
Last-Modified: Fri, 17 Jul 2026 19:22:43 GMT
Date: Mon, 14 Sep 2026 14:36:43 GMT


[DBG] connection failed
[DBG] end of stream
[DBG] |   + Tags
[DBG] + Tag
[DBG] |   + Targets
[DBG] |   |   + TrackUID: 1
[DBG] |   |   + TargetType: MOVIE
[DBG] |   + Simple Tag 
[DBG] |   |   + Meta BPS: 5224535
[DBG] |   + Simple Tag 
[DBG] |   |   + Meta DURATION: 02:09:58.056933333
[DBG] |   + Simple Tag 
[DBG] |   |   + Meta NUMBER_OF_FRAMES: 193614
[DBG] |   + Simple Tag 
[DBG] |   |   + Meta NUMBER_OF_BYTES: 5092652986
[DBG] |   + Simple Tag 
[DBG] |   |   + Meta SOURCE_ID: 0100E0
[DBG] |   + Simple Tag 
[DBG] |   |   + Meta _STATISTICS_WRITING_APP: MakeMKV v1.18.4 darwin(arm64-release)
[DBG] |   + Simple Tag 
[DBG] |   |   + Meta _STATISTICS_WRITING_DATE_UTC: 2026-07-17 19:10:16
[DBG] |   + Simple Tag 
[DBG] |   |   + Meta _STATISTICS_TAGS: BPS DURATION NUMBER_OF_FRAMES NUMBER_OF_BYTES SOURCE_ID
[DBG] + Tag
[DBG] |   + Targets
[DBG] |   |   + TrackUID: 2
[DBG] |   |   + TargetType: MOVIE
[DBG] |   + Simple Tag 
[DBG] |   |   + Meta BPS: 448000
[DBG] |   + Simple Tag 
[DBG] |   |   + Meta DURATION: 02:09:58.048000000
[DBG] |   + Simple Tag 
[DBG] |   |   + Meta NUMBER_OF_FRAMES: 243689
[DBG] |   + Simple Tag 
[DBG] |   |   + Meta NUMBER_OF_BYTES: 436690688
[DBG] |   + Simple Tag 
[DBG] |   |   + Meta SOURCE_ID: 0180BD
[DBG] |   + Simple Tag 
[DBG] |   |   + Meta _STATISTICS_WRITING_APP: MakeMKV v1.18.4 darwin(arm64-release)
[DBG] |   + Simple Tag 
[DBG] |   |   + Meta _STATISTICS_WRITING_DATE_UTC: 2026-07-17 19:10:16
[DBG] |   + Simple Tag 
[DBG] |   |   + Meta _STATISTICS_TAGS: BPS DURATION NUMBER_OF_FRAMES NUMBER_OF_BYTES SOURCE_ID
[DBG] + Tag
[DBG] |   + Targets
[DBG] |   |   + TrackUID: 3
[DBG] |   |   + TargetType: MOVIE
[DBG] |   + Simple Tag 
[DBG] |   |   + Meta BPS: 192000
[DBG] |   + Simple Tag 
[DBG] |   |   + Meta DURATION: 02:09:58.048000000
[DBG] |   + Simple Tag 
[DBG] |   |   + Meta NUMBER_OF_FRAMES: 243689
[DBG] |   + Simple Tag 
[DBG] |   |   + Meta NUMBER_OF_BYTES: 187153152
[DBG] |   + Simple Tag 
[DBG] |   |   + Meta SOURCE_ID: 0181BD
[DBG] |   + Simple Tag 
[DBG] |   |   + Meta _STATISTICS_WRITING_APP: MakeMKV v1.18.4 darwin(arm64-release)
[DBG] |   + Simple Tag 
[DBG] |   |   + Meta _STATISTICS_WRITING_DATE_UTC: 2026-07-17 19:10:16
[DBG] |   + Simple Tag 
[DBG] |   |   + Meta _STATISTICS_TAGS: BPS DURATION NUMBER_OF_FRAMES NUMBER_OF_BYTES SOURCE_ID
[DBG] + Tag
[DBG] |   + Targets
[DBG] |   |   + TrackUID: 4
[DBG] |   |   + TargetType: MOVIE
[DBG] |   + Simple Tag 
[DBG] |   |   + Meta BPS: 52
[DBG] |   + Simple Tag 
[DBG] |   |   + Meta DURATION: 02:01:11.127566666
[DBG] |   + Simple Tag 
[DBG] |   |   + Meta NUMBER_OF_FRAMES: 947
[DBG] |   + Simple Tag 
[DBG] |   |   + Meta NUMBER_OF_BYTES: 47304
[DBG] |   + Simple Tag 
[DBG] |   |   + Meta SOURCE_ID: 0100E0
[DBG] |   + Simple Tag 
[DBG] |   |   + Meta _STATISTICS_WRITING_APP: MakeMKV v1.18.4 darwin(arm64-release)
[DBG] |   + Simple Tag 
[DBG] |   |   + Meta _STATISTICS_WRITING_DATE_UTC: 2026-07-17 19:10:16
[DBG] |   + Simple Tag 
[DBG] |   |   + Meta _STATISTICS_TAGS: BPS DURATION NUMBER_OF_FRAMES NUMBER_OF_BYTES SOURCE_ID
[DBG] loading tags done.
[DBG] resolving 192.168.1.250 ...
[DBG] outgoing request:
GET /stream/2 HTTP/1.1
Host: 192.168.1.250:8093
Accept: */*
Accept-Language: en_US
User-Agent: VLC/4.0.0-dev LibVLC/4.0.0-dev
If-Unmodified-Since: Fri, 17 Jul 2026 19:22:43 GMT
Range: bytes=183-


[DBG] incoming response:
HTTP/1.1 206 Partial Content
Accept-Ranges: bytes
Content-Length: 5722250893
Content-Range: bytes 183-5722251075/5722251076
Content-Type: video/x-matroska
Last-Modified: Fri, 17 Jul 2026 19:22:43 GMT
Date: Mon, 14 Sep 2026 14:36:43 GMT


[DBG] |   + Void
[DBG] |   + Information
[DBG] |   + Tracks
[DBG] |   + Chapters
[DBG] |   + Void
[DBG] |   + Cluster
[DBG] Virtual chapter  Chapter 01 from 0 to 165965800 - 
[DBG] Virtual chapter  Chapter 02 from 165965800 to 252885966 - 
[DBG] Virtual chapter  Chapter 03 from 252885966 to 413713300 - 
[DBG] Virtual chapter  Chapter 04 from 413713300 to 519519000 - 
[DBG] Virtual chapter  Chapter 05 from 519519000 to 636602633 - 
[DBG] Virtual chapter  Chapter 06 from 636602633 to 740406333 - 
[DBG] Virtual chapter  Chapter 07 from 740406333 to 984450133 - 
[DBG] Virtual chapter  Chapter 08 from 984450133 to 1242457883 - 
[DBG] Virtual chapter  Chapter 09 from 1242457883 to 1362694666 - 
[DBG] Virtual chapter  Chapter 10 from 1362694666 to 1476975500 - 
[DBG] Virtual chapter  Chapter 11 from 1476975500 to 1599064133 - 
[DBG] Virtual chapter  Chapter 12 from 1599064133 to 1681713366 - 
[DBG] Virtual chapter  Chapter 13 from 1681713366 to 1742340600 - 
[DBG] Virtual chapter  Chapter 14 from 1742340600 to 1780879100 - 
[DBG] Virtual chapter  Chapter 15 from 1780879100 to 1954919633 - 
[DBG] Virtual chapter  Chapter 16 from 1954919633 to 2014979633 - 
[DBG] Virtual chapter  Chapter 17 from 2014979633 to 2177775600 - 
[DBG] Virtual chapter  Chapter 18 from 2177775600 to 2286384100 - 
[DBG] Virtual chapter  Chapter 19 from 2286384100 to 2423354266 - 
[DBG] Virtual chapter  Chapter 20 from 2423354266 to 2618248966 - 
[DBG] Virtual chapter  Chapter 21 from 2618248966 to 2829092933 - 
[DBG] Virtual chapter  Chapter 22 from 2829092933 to 3011808800 - 
[DBG] Virtual chapter  Chapter 23 from 3011808800 to 3169966800 - 
[DBG] Virtual chapter  Chapter 24 from 3169966800 to 3348011333 - 
[DBG] Virtual chapter  Chapter 25 from 3348011333 to 3495658833 - 
[DBG] Virtual chapter  Chapter 26 from 3495658833 to 3698728366 - 
[DBG] Virtual chapter  Chapter 27 from 3698728366 to 3746776366 - 
[DBG] Virtual chapter  Chapter 28 from 3746776366 to 3869031833 - 
[DBG] Virtual chapter  Chapter 29 from 3869031833 to 3973235933 - 
[DBG] Virtual chapter  Chapter 30 from 3973235933 to 4111674233 - 
[DBG] Virtual chapter  Chapter 31 from 4111674233 to 4188450933 - 
[DBG] Virtual chapter  Chapter 32 from 4188450933 to 4258821233 - 
[DBG] Virtual chapter  Chapter 33 from 4258821233 to 4403799400 - 
[DBG] Virtual chapter  Chapter 34 from 4403799400 to 4600996400 - 
[DBG] Virtual chapter  Chapter 35 from 4600996400 to 4759654900 - 
[DBG] Virtual chapter  Chapter 36 from 4759654900 to 4869297766 - 
[DBG] Virtual chapter  Chapter 37 from 4869297766 to 5076471400 - 
[DBG] Virtual chapter  Chapter 38 from 5076471400 to 5239634400 - 
[DBG] Virtual chapter  Chapter 39 from 5239634400 to 5523451266 - 
[DBG] Virtual chapter  Chapter 40 from 5523451266 to 5654081766 - 
[DBG] Virtual chapter  Chapter 41 from 5654081766 to 5797558433 - 
[DBG] Virtual chapter  Chapter 42 from 5797558433 to 5966794166 - 
[DBG] Virtual chapter  Chapter 43 from 5966794166 to 6045272566 - 
[DBG] Virtual chapter  Chapter 44 from 6045272566 to 6119346566 - 
[DBG] Virtual chapter  Chapter 45 from 6119346566 to 6279673400 - 
[DBG] Virtual chapter  Chapter 46 from 6279673400 to 6353413733 - 
[DBG] Virtual chapter  Chapter 47 from 6353413733 to 6509769933 - 
[DBG] Virtual chapter  Chapter 48 from 6509769933 to 6585145233 - 
[DBG] Virtual chapter  Chapter 49 from 6585145233 to 6750477066 - 
[DBG] Virtual chapter  Chapter 50 from 6750477066 to 7015775433 - 
[DBG] Virtual chapter  Chapter 51 from 7015775433 to 7116676233 - 
[DBG] Virtual chapter  Chapter 52 from 7116676233 to 7304530566 - 
[DBG] Virtual chapter  Chapter 53 from 7304530566 to 7417476733 - 
[DBG] Virtual chapter  Chapter 54 from 7417476733 to 7798056933 - 
[DBG] Virtual chapter  from 0 to -1 - 
[DBG] NEW START CHAPTER uid=5827174896662102052
[DBG] found 4 es
[DBG] selecting program id=0
[DBG] ES track added: 'video/1' (fourcc: 'mpgv')
[DBG] ES track added: 'audio/2' (fourcc: 'a52 ')
[DBG] ES track added: 'audio/3' (fourcc: 'a52 ')
[DBG] ES track added: 'spu/4' (fourcc: 'subt')
10:36:43.226 AM [player] track added video/1 type=1
[DBG] seek: preroll{ track: 1, pts: 0, fpos: 5816 skip: 5816} 
[DBG] seek: preroll{ req: 1, start-pts: 1, start-fpos: 5816} 
[DBG] using demux module "mkv"
10:36:43.226 AM [player] track added audio/2 type=0
[DBG] looking for video packetizer module matching "any": 13 candidates
10:36:43.226 AM [player] track added audio/3 type=0
[DBG] using video packetizer module "mpegvideo"
[DBG] looking for video decoder module matching "any": 14 candidates
10:36:43.226 AM [player] track added spu/4 type=2
[DBG] vout: none found
10:36:43.226 AM [player] length 7798056 ms
[DBG] looking for text renderer module matching "freetype": 2 candidates
[DBG] using text renderer module "freetype"
[DBG] looking for video converter module matching "any": 13 candidates
[DBG] 32x32 (32x32) chroma: YUVA colorspace: Undefined -> 16x16 (16x16) chroma: RGBA colorspace: Undefined with scaling using Bicubic (good quality)
[DBG] using video converter module "swscale"
[DBG] looking for video converter module matching "any": 13 candidates
[DBG] YUVP to YUVA converter
[DBG] using video converter module "yuvp"
[DBG] Deinterlacing available
[DBG] deinterlace -1, mode auto, is_needed 0
[DBG] looking for vout window module matching "any": 2 candidates
[DBG] resized to 1920x1080
[DBG] using vout window module "uiview_window"
[DBG] looking for inhibit module matching "any": 1 candidates
[DBG] using inhibit module "uikit_inhibit"
[DBG] looking for decoder device module matching "any": 1 candidates
[DBG] using decoder device module "videotoolbox"
[WARN] vt session error: 'kVTCouldNotFindVideoDecoderErr'
[DBG] using Lavc63.1.100
[DBG] CPU flags: 0x00062360
[DBG] allowing 6 thread(s) for decoding
[DBG] codec (mpeg2video) started
[DBG] using video decoder module "avcodec"
[DBG] ES track selected: 'video/1' (fourcc: 'mpgv')
[DBG] looking for audio packetizer module matching "any": 11 candidates
[DBG] using audio packetizer module "a52"
[DBG] looking for audio decoder module matching "any": 15 candidates
[DBG] reusing audio output
[ERR] too low audio sample frequency (0)
10:36:43.231 AM [player] track selected type=1 selected=video/1 unselected=
[DBG] keeping audio output
[DBG] using Lavc63.1.100
[DBG] CPU flags: 0x00062360
[DBG] codec (ac3) started
[DBG] using audio decoder module "avcodec"
[DBG] ES track selected: 'audio/2' (fourcc: 'a52 ')
[DBG] looking for spu decoder module matching "any": 19 candidates
[DBG] using Lavc63.1.100
[DBG] CPU flags: 0x00062360
10:36:43.231 AM [player] track selected type=0 selected=audio/2 unselected=
[WARN] refusing to decode non validated subtitle codec
[DBG] trying demuxer-specified character encoding: UTF-8
[DBG] using spu decoder module "subsdec"
[DBG] ES track selected: 'spu/4' (fourcc: 'subt')
[DBG] looking for meta reader module matching "any": 1 candidates
[DBG] no meta reader modules matched with name any
10:36:43.231 AM [player] track selected type=2 selected=spu/4 unselected=
[DBG] `http://192.168.1.250:8093/stream/2' successfully opened
10:36:43.232 AM [player] state Playing at 0 ms
[DBG] program(0): using clock source: 'audio'
[DBG] Buffering 0%
[DBG] A/52 channels:6 samplerate:48000 bitrate:448000
[DBG] size 720x480/720x480 fps 500000:16683
[DBG] restarting module due to input format change
[DBG] restarting module due to input format change
[DBG] 'decoder in/packetizer out' i_rate 0 / 48000
[DBG] 'decoder in/packetizer out' profile -1 / 4
[DBG] 'decoder in/packetizer out' i_physical_channels 0 / 4199
[DBG] 'decoder in/packetizer out' i_width 0 / 720
[DBG] removing "audio decoder" module "avcodec"
[DBG] 'decoder in/packetizer out' i_height 0 / 480
[DBG] looking for audio decoder module matching "any": 15 candidates
[DBG] 'decoder in/packetizer out' i_visible_width 0 / 720
[DBG] reusing audio output
[DBG] 'decoder in/packetizer out' i_visible_height 0 / 480
[WARN] failed to start passthrough audio output, failing back to linear format
[DBG] removing "video decoder" module "avcodec"
[DBG] Buffering 3%
[DBG] keeping audio output
[DBG] looking for video decoder module matching "any": 14 candidates
[DBG] using Lavc63.1.100
[DBG] Buffering 6%
[DBG] vout change: decoder size
[DBG] CPU flags: 0x00062360
[DBG] vout change: visible size
[DBG] codec (ac3) started
[DBG] using audio decoder module "avcodec"
[DBG] Buffering 10%
[DBG] Buffering 13%
[DBG] reusing audio output
[DBG] Buffering 16%
10:36:43.233 AM [player] buffering 0.0
[DBG] Buffering 20%
[WARN] vt session error: 'kVTCouldNotFindVideoDecoderErr'
[DBG] using Lavc63.1.100
[DBG] CPU flags: 0x00062360
[DBG] allowing 6 thread(s) for decoding
[DBG] codec (mpeg2video) started
[DBG] using video decoder module "avcodec"
[DBG] available hardware decoder output format 157 (videotoolbox_vld)
[DBG] available software decoder output format 0 (yuv420p)
[DBG] vout change: chroma
[DBG] vout change: SAR
[DBG] requested window size: 640x480
[DBG] deinterlace -1, mode auto, is_needed 0
[DBG] Opening vout display wrapper
[DBG] looking for vout display module matching "any": 3 candidates
[DBG] looking for video converter module matching "any": 13 candidates
[DBG] Buffering 23%
[DBG] Buffering 26%
[DBG] Buffering 30%
[DBG] Buffering 33%
[DBG] Buffering 44%
[INF] Trying to use chroma_chain: [c=18|q=100] I420 -> CVPN -> CVPB...
[DBG] looking for video converter module matching "any": 13 candidates
[DBG] Buffering 46%
[DBG] looking for decoder device module matching "any": 1 candidates
[DBG] Buffering 50%
[DBG] using decoder device module "videotoolbox"
[DBG] Buffering 53%
[DBG] Buffering 56%
[DBG] Buffering 60%
[DBG] Buffering 63%
[DBG] Buffering 66%
[DBG] Buffering 70%
[DBG] Buffering 73%
[DBG] using video converter module "cvpx"
[DBG] Filter 'cvpx' (0x1048e8900) appended to chain (0x10ce51200)
[DBG] looking for video converter module matching "any": 13 candidates
[DBG] no video converter modules matched with name any
[ERR] Failed to create video converter
[INF] Trying to use chroma_chain: [c=18|q=100] I420 -> CVPI -> CVPB...
[DBG] removing "video converter" module "cvpx"
[DBG] Filter 0x1048e8900 removed from chain
[DBG] looking for video converter module matching "any": 13 candidates
[DBG] looking for decoder device module matching "any": 1 candidates
[DBG] using decoder device module "videotoolbox"
[DBG] using video converter module "cvpx"
[DBG] Filter 'cvpx' (0x1055d9800) appended to chain (0x10ce51200)
[DBG] looking for video converter module matching "any": 13 candidates
[DBG] no video converter modules matched with name any
[ERR] Failed to create video converter
[INF] Trying to use chroma_chain: [c=118|q=90] I420 -> BGRA -> CVPB...
[DBG] removing "video converter" module "cvpx"
[DBG] Filter 0x1055d9800 removed from chain
[DBG] looking for video converter module matching "any": 13 candidates
[DBG] 720x480 (720x480) chroma: I420 colorspace: BT601 -> 720x480 (720x480) chroma: BGRA colorspace: BT601 with scaling using Bicubic (good quality)
[DBG] using video converter module "swscale"
[DBG] Filter 'Swscale' (0x1055d9800) appended to chain (0x10ce51200)
[DBG] looking for video converter module matching "any": 13 candidates
[DBG] looking for decoder device module matching "any": 1 candidates
[DBG] using decoder device module "videotoolbox"
[DBG] using video converter module "cvpx"
[DBG] Filter 'cvpx' (0x1055d8900) appended to chain (0x10ce51200)
[INF] success
[DBG] using video converter module "chain"
[DBG] using vout display module "samplebufferdisplay"
[DBG] original format sz 720x480, of (0,0), vsz 720x480, 4cc I420, sar 8:9, orient: normal
[DBG] removing "text renderer" module "freetype"
[DBG] looking for text renderer module matching "freetype": 2 candidates
[DBG] using text renderer module "freetype"
[DBG] requested window size: 640x480
[DBG] resetting projection_mode to 0
[DBG] setting projection_mode to 0
[DBG] Buffering 86%
[DBG] Buffering 90%
[DBG] Received first picture
[DBG] Buffering 93%
[DBG] Detected interlaced video
[DBG] deinterlace -1, mode auto, is_needed 1
[DBG] Buffering 96%
[DBG] Stream buffering done (1001 ms in 12 ms)
10:36:43.246 AM [player] buffering 1.0
[DBG] resized to 3840x2160
[DBG] Output on HDMI, channel count: 6
[DBG] VLC keeping the same input layout
[DBG] output 'f32l' 48000 Hz 3F2M/LFE frame=1 samples/24 bytes
[DBG] looking for audio volume module matching "any": 2 candidates
[DBG] using audio volume module "float_mixer"
[DBG] input 'f32l' 48000 Hz 3F2M/LFE frame=1 samples/24 bytes
[DBG] looking for audio filter module matching "scaletempo": 1 candidates
[DBG] format: 48000 rate, 6 nch, 4 bps, fl32
[DBG] params: 30 stride, 0.200 overlap, 14 search
[DBG] 1.000 scale, 1440.000 stride_in, 1440 stride_out, 1152 standing, 288 overlap, 672 search, 2400 queue, fl32 mode
[DBG] using audio filter module "scaletempo"
[DBG] conversion: 'f32l'->'f32l' 48000 Hz->48000 Hz 3F2M/LFE->3F2M/LFE
[DBG] conversion pipeline complete
[DBG] conversion: 'f32l'->'f32l' 48000 Hz->48000 Hz 3F2M/LFE->3F2M/LFE
[DBG] conversion pipeline complete
[DBG] looking for audio resampler module matching "soxr": 2 candidates
[DBG] Using SoX Resampler with 'cr32s' engine and 'Medium 16-bit with medium roll-off' quality to convert f32l/48000Hz to f32l/48000Hz.
[DBG] using audio resampler module "soxr"
[DBG] Decoder wait done in 37 ms
[DBG] Adding 'deinterlace' as static
[DBG] looking for video filter module matching "deinterlace,chain": 2 candidates
[DBG] using x deinterlace method
[DBG] deinterlacing
[DBG] using video filter module "deinterlace"
[DBG] Filter 'deinterlace' (0x10c3ab900) appended to chain (0x10ce50900)
[DBG] deferring start (431329 us)
[DBG] deferring start (396135 us)
[DBG] deferring start (364000 us)
[DBG] deferring start (331893 us)
[DBG] deferring start (299806 us)
[DBG] deferring start (267721 us)
[DBG] deferring start (235623 us)
[DBG] deferring start (203541 us)
[DBG] deferring start (171376 us)
[DBG] deferring start (139285 us)
[DBG] deferring start (107212 us)
[DBG] deferring start (75129 us)
[DBG] deferring start (43058 us)
[DBG] deferring start (42957 us)
[DBG] deferring start (42798 us)
[DBG] deferring start (42694 us)
[DBG] deferring start (42593 us)
[DBG] deferring start (42479 us)
[DBG] deferring start (42372 us)
[DBG] deferring start (42264 us)
[DBG] deferring start (42157 us)
[DBG] deferring start (42071 us)
[DBG] deferring start (41969 us)
[DBG] deferring start (41877 us)
[DBG] deferring start (41748 us)
[DBG] deferring start (41648 us)
[DBG] deferring start (41543 us)
[DBG] deferring start (41453 us)
[DBG] deferring start (41347 us)
[DBG] deferring start (41246 us)
[DBG] deferring start (41154 us)
[DBG] deferring start (41056 us)
[DBG] deferring start (40975 us)
[DBG] deferring start (40874 us)
[DBG] deferring start (40791 us)
[DBG] deferring start (40708 us)
[DBG] deferring start (40596 us)
[DBG] deferring start (40497 us)
[DBG] deferring start (40408 us)
[DBG] deferring start (40323 us)
[DBG] started
[DBG] picture displayed late (missing 6 ms)
[WARN] picture is too late to be displayed (missing 80 ms)
[WARN] picture is too late to be displayed (missing 47 ms)
[DBG] picture displayed late (missing 12 ms)
10:37:07.696 AM [player] pause (select) at 24000 ms
[DBG] pausing
[DBG] not really pausing SPU
[DBG] pausing audio
10:37:07.705 AM [player] state Paused at 24134 ms
[DBG] pausing video
[DBG] picture displayed late (missing 23 ms)
10:37:10.259 AM [framestep] +1 gotoNextFrame before=24134 ms
10:37:10.264 AM [framestep] nextFrameStepped result=0 time=24241 ms
10:37:10.681 AM [framestep] +1 after(400 ms)=24241 ms
10:37:12.819 AM [framestep] +1 gotoNextFrame before=24241 ms
10:37:12.830 AM [framestep] nextFrameStepped result=0 time=24241 ms
10:37:13.241 AM [framestep] +1 after(400 ms)=24274 ms
10:37:15.373 AM [framestep] +1 gotoNextFrame before=24274 ms
10:37:15.379 AM [framestep] nextFrameStepped result=0 time=24324 ms
[DBG] Detected progressive video
[DBG] deinterlace -1, mode auto, is_needed 0
[DBG] removing "video filter" module "deinterlace"
[DBG] Filter 0x10c3ab900 removed from chain
[DBG] picture displayed late (missing 7749 ms)
10:37:15.780 AM [framestep] +1 after(400 ms)=24324 ms
10:37:17.937 AM [framestep] +1 gotoNextFrame before=24324 ms
10:37:17.946 AM [framestep] nextFrameStepped result=0 time=24358 ms
10:37:18.370 AM [framestep] +1 after(400 ms)=24358 ms
10:37:20.495 AM [framestep] +1 gotoNextFrame before=24358 ms
10:37:20.504 AM [framestep] nextFrameStepped result=0 time=24408 ms
10:37:20.909 AM [framestep] +1 after(400 ms)=24408 ms
10:37:23.055 AM [framestep] −1 seek before=24408 ms frame=33 ms (500000/16683 fps) target=24375 ms
[DBG] ES_OUT_RESET_PCR called
10:37:23.060 AM [player] buffering 0.0
[DBG] SET_TIME to 24375000
[DBG] seek request to i_pos = 24375000
[DBG] seek: preroll{ track: 1, pts: 24107000, fpos: 12311112 skip: 12311112} 
[DBG] seek: preroll{ track: 2, pts: 24320000, fpos: 12424865 skip: 12424865} 
[ERR] reading while paused (buggy demux?)
[DBG] resuming
[DBG] resolving 192.168.1.250 ...
[DBG] outgoing request:
GET /stream/2 HTTP/1.1
Host: 192.168.1.250:8093
Accept: */*
Accept-Language: en_US
User-Agent: VLC/4.0.0-dev LibVLC/4.0.0-dev
If-Unmodified-Since: Fri, 17 Jul 2026 19:22:43 GMT
Range: bytes=12311112-


[DBG] incoming response:
HTTP/1.1 206 Partial Content
Accept-Ranges: bytes
Content-Length: 5709939964
Content-Range: bytes 12311112-5722251075/5722251076
Content-Type: video/x-matroska
Last-Modified: Fri, 17 Jul 2026 19:22:43 GMT
Date: Mon, 14 Sep 2026 14:37:23 GMT


[DBG] connection failed
[DBG] seek: preroll{ req: 24375001, start-pts: 24107001, start-fpos: 12311112} 
10:37:23.150 AM [player] buffering 0.0
[DBG] Buffering 0%
[DBG] Buffering 3%
[DBG] Buffering 6%
[DBG] Buffering 9%
[DBG] Buffering 13%
[DBG] Buffering 17%
[DBG] Buffering 19%
[DBG] Buffering 21%
[DBG] Buffering 23%
[DBG] Buffering 26%
[DBG] Buffering 36%
[DBG] Buffering 38%
[DBG] Buffering 43%
[DBG] end of video preroll
[DBG] Received first picture
10:37:23.194 AM [framestep] nextFrameStepped result=0 time=24375 ms
[DBG] Buffering 44%
[DBG] Buffering 46%
[DBG] Buffering 48%
[DBG] Buffering 52%
[DBG] Buffering 56%
[DBG] Buffering 59%
[DBG] Buffering 63%
[DBG] Buffering 65%
[DBG] Buffering 77%
[DBG] Buffering 82%
[DBG] Buffering 84%
[DBG] Buffering 85%
[DBG] Buffering 88%
[DBG] Buffering 92%
[DBG] Buffering 96%
[DBG] Buffering 98%
[DBG] Stream buffering done (1302 ms in 72 ms)
[DBG] Decoder wait done in 0 ms
10:37:23.223 AM [player] buffering 1.0
[ERR] ES_OUT_SET_(GROUP_)PCR  is called 14459 ms late (pts_delay increased to 1000 ms)
[DBG] ES_OUT_RESET_PCR called
10:37:23.223 AM [player] buffering 0.0
[DBG] Buffering 0%
10:37:23.224 AM [player] buffering 0.0
[DBG] Buffering 5%
[DBG] Buffering 9%
[DBG] Buffering 12%
[DBG] Buffering 17%
[DBG] Buffering 22%
[DBG] Buffering 25%
[DBG] Buffering 28%
[DBG] Received first picture
10:37:23.229 AM [framestep] nextFrameStepped result=0 time=24375 ms
[DBG] Buffering 30%
[DBG] Buffering 34%
[DBG] Buffering 48%
[DBG] Buffering 49%
[DBG] Buffering 55%
[DBG] Buffering 57%
[DBG] Buffering 59%
[DBG] Buffering 62%
[DBG] Buffering 67%
[DBG] Buffering 72%
[DBG] Buffering 75%
[DBG] Buffering 81%
[DBG] Buffering 84%
[DBG] Buffering 99%
10:37:23.249 AM [player] buffering 1.0
[DBG] Stream buffering done (1060 ms in 25 ms)
[DBG] Decoder wait done in 0 ms
[ERR] ES_OUT_SET_(GROUP_)PCR  is called 14465 ms late (jitter of 14459 ms ignored)
[DBG] ES_OUT_RESET_PCR called
10:37:23.250 AM [player] buffering 0.0
10:37:23.250 AM [player] buffering 0.0
[DBG] Buffering 0%
[DBG] Buffering 3%
[DBG] Buffering 8%
[DBG] Buffering 13%
[DBG] Buffering 16%
[DBG] Buffering 18%
[DBG] Buffering 21%
[DBG] Buffering 25%
[DBG] Buffering 41%
[DBG] Buffering 46%
[DBG] Buffering 50%
[DBG] Buffering 53%
[DBG] Buffering 58%
[DBG] Buffering 60%
[DBG] Buffering 63%
[DBG] Buffering 66%
[DBG] Buffering 69%
[DBG] Buffering 71%
[DBG] Received first picture
10:37:23.261 AM [framestep] nextFrameStepped result=0 time=24375 ms
[DBG] Buffering 75%
[DBG] Buffering 89%
[DBG] Buffering 90%
[DBG] Buffering 96%
[DBG] Buffering 98%
[DBG] Stream buffering done (1001 ms in 16 ms)
[DBG] Decoder wait done in 0 ms
10:37:23.266 AM [player] buffering 1.0
[ERR] ES_OUT_SET_(GROUP_)PCR  is called 14537 ms late (jitter of 14465 ms ignored)
[DBG] ES_OUT_RESET_PCR called
10:37:23.268 AM [player] buffering 0.0
[DBG] Buffering 0%
10:37:23.268 AM [player] buffering 0.0
[DBG] Buffering 5%
[DBG] Buffering 8%
[DBG] Buffering 13%
[DBG] Buffering 16%
[DBG] Buffering 32%
[DBG] Buffering 38%
[DBG] Buffering 41%
[DBG] Buffering 45%
[DBG] Buffering 50%
[DBG] Buffering 55%
[DBG] Buffering 58%
[DBG] Buffering 60%
[DBG] Buffering 63%
[DBG] Received first picture
[DBG] Buffering 66%
10:37:23.290 AM [framestep] nextFrameStepped result=0 time=24375 ms
[DBG] Buffering 83%
[DBG] Buffering 88%
[DBG] Buffering 91%
[DBG] Buffering 95%
[DBG] Stream buffering done (1003 ms in 28 ms)
[DBG] Decoder wait done in 0 ms
10:37:23.297 AM [player] buffering 1.0
[ERR] ES_OUT_SET_(GROUP_)PCR  is called 14577 ms late (jitter of 14537 ms ignored)
[DBG] ES_OUT_RESET_PCR called
10:37:23.297 AM [player] buffering 0.0
[DBG] Buffering 0%
10:37:23.297 AM [player] buffering 0.0
[DBG] Buffering 3%
[DBG] Buffering 6%
[DBG] Buffering 8%
[DBG] Buffering 11%
[DBG] Buffering 25%
[DBG] Buffering 26%
[DBG] Buffering 33%
[DBG] Buffering 35%
[DBG] Buffering 36%
[DBG] Buffering 40%
[DBG] Buffering 45%
[DBG] Buffering 50%
[DBG] Received first picture
[DBG] Buffering 53%
10:37:23.309 AM [framestep] nextFrameStepped result=0 time=24375 ms
[DBG] Buffering 58%
[DBG] Buffering 61%
[DBG] Buffering 77%
[DBG] Buffering 83%
[DBG] Buffering 86%
[DBG] Buffering 90%
[DBG] Buffering 95%
[DBG] Stream buffering done (1001 ms in 19 ms)
[DBG] Decoder wait done in 0 ms
10:37:23.317 AM [player] buffering 1.0
[ERR] ES_OUT_SET_(GROUP_)PCR  is called 14586 ms late (jitter of 14577 ms ignored)
[DBG] ES_OUT_RESET_PCR called
10:37:23.317 AM [player] buffering 0.0
[DBG] Buffering 0%
10:37:23.317 AM [player] buffering 0.0
[DBG] Buffering 2%
[DBG] Buffering 5%
[DBG] Buffering 22%
[DBG] Buffering 27%
[DBG] Buffering 30%
[DBG] Buffering 34%
[DBG] Buffering 39%
[DBG] Buffering 41%
[DBG] Buffering 44%
[DBG] Buffering 47%
[DBG] Received first picture
10:37:23.326 AM [framestep] nextFrameStepped result=0 time=24375 ms
[DBG] Buffering 51%
[DBG] Buffering 52%
[DBG] Buffering 55%
[DBG] Buffering 70%
[DBG] Buffering 77%
[DBG] Buffering 80%
[DBG] Buffering 84%
[DBG] Buffering 89%
[DBG] Buffering 94%
[DBG] Buffering 97%
[DBG] Stream buffering done (1026 ms in 16 ms)
10:37:23.334 AM [player] buffering 1.0
[DBG] Decoder wait done in 0 ms
[ERR] ES_OUT_SET_(GROUP_)PCR  is called 14578 ms late (jitter of 14578 ms ignored)
[DBG] ES_OUT_RESET_PCR called
10:37:23.334 AM [player] buffering 0.0
10:37:23.336 AM [player] buffering 0.0
[DBG] Buffering 0%
[DBG] Buffering 6%
[DBG] Buffering 9%
[DBG] Buffering 12%
[DBG] Buffering 17%
[DBG] Buffering 22%
[DBG] Buffering 26%
[DBG] Buffering 28%
[DBG] Buffering 31%
[DBG] Received first picture
10:37:23.341 AM [framestep] nextFrameStepped result=0 time=24375 ms
[DBG] Buffering 34%
[DBG] Buffering 48%
[DBG] Buffering 49%
[DBG] Buffering 56%
[DBG] Buffering 57%
[DBG] Buffering 59%
[DBG] Buffering 62%
[DBG] Buffering 67%
[DBG] Buffering 72%
[DBG] Buffering 76%
[DBG] Buffering 81%
[DBG] Buffering 84%
[DBG] Buffering 99%
[DBG] Stream buffering done (1061 ms in 19 ms)
10:37:23.356 AM [player] buffering 1.0
[DBG] Decoder wait done in 0 ms
[ERR] ES_OUT_SET_(GROUP_)PCR  is called 14572 ms late (jitter of 14578 ms ignored)
[DBG] ES_OUT_RESET_PCR called
10:37:23.356 AM [player] buffering 0.0
[DBG] Buffering 0%
10:37:23.356 AM [player] buffering 0.0
[DBG] Buffering 3%
[DBG] Buffering 8%
[DBG] Buffering 13%
[DBG] Buffering 16%
[DBG] Buffering 18%
[DBG] Buffering 21%
[DBG] Buffering 25%
[DBG] Buffering 40%
[DBG] Buffering 46%
[DBG] Buffering 50%
[DBG] Buffering 53%
[DBG] Buffering 58%
[DBG] Buffering 63%
[DBG] Buffering 66%
[DBG] Buffering 69%
[DBG] Buffering 71%
[DBG] Received first picture
10:37:23.369 AM [framestep] nextFrameStepped result=0 time=24375 ms
[DBG] Buffering 75%
[DBG] Buffering 88%
[DBG] Buffering 90%
[DBG] Buffering 96%
[DBG] Buffering 98%
[DBG] Stream buffering done (1001 ms in 24 ms)
10:37:23.380 AM [player] buffering 1.0
[DBG] Decoder wait done in 0 ms
[ERR] ES_OUT_SET_(GROUP_)PCR  is called 14650 ms late (jitter of 14578 ms ignored)
[DBG] ES_OUT_RESET_PCR called
10:37:23.381 AM [player] buffering 0.0
10:37:23.381 AM [player] buffering 0.0
[DBG] Buffering 0%
[DBG] Buffering 5%
[DBG] Buffering 8%
[DBG] Buffering 13%
[DBG] Buffering 17%
[DBG] Buffering 32%
[DBG] Buffering 38%
[DBG] Buffering 41%
[DBG] Buffering 42%
[DBG] Buffering 45%
[DBG] Buffering 50%
[DBG] Buffering 55%
[DBG] Buffering 58%
[DBG] Buffering 60%
[DBG] Buffering 63%
[DBG] Received first picture
10:37:23.391 AM [framestep] nextFrameStepped result=0 time=24375 ms
[DBG] Buffering 67%
[DBG] Buffering 83%
[DBG] Buffering 88%
[DBG] Buffering 92%
[DBG] Buffering 95%
10:37:23.401 AM [player] buffering 1.0
[DBG] Stream buffering done (1004 ms in 20 ms)
[DBG] Decoder wait done in 0 ms
[ERR] ES_OUT_SET_(GROUP_)PCR  is called 14681 ms late (jitter of 14650 ms ignored)
[DBG] ES_OUT_RESET_PCR called
10:37:23.402 AM [player] buffering 0.0
[DBG] Buffering 0%
10:37:23.402 AM [player] buffering 0.0
[DBG] Buffering 3%
[DBG] Buffering 6%
[DBG] Buffering 8%
[DBG] Buffering 11%
[DBG] Buffering 25%
[DBG] Buffering 26%
[DBG] Buffering 33%
[DBG] Buffering 35%
[DBG] Buffering 36%
[DBG] Buffering 40%
[DBG] Buffering 45%
[DBG] Buffering 50%
[DBG] Buffering 53%
[DBG] Buffering 58%
[DBG] Buffering 61%
[DBG] Received first picture
10:37:23.410 AM [framestep] nextFrameStepped result=0 time=24375 ms
[DBG] Buffering 77%
[DBG] Buffering 83%
[DBG] Buffering 86%
[DBG] Buffering 90%
[DBG] Buffering 95%
10:37:23.415 AM [player] buffering 1.0
[DBG] Stream buffering done (1001 ms in 13 ms)
[DBG] Decoder wait done in 0 ms
[ERR] ES_OUT_SET_(GROUP_)PCR  is called 14685 ms late (jitter of 14681 ms ignored)
[DBG] ES_OUT_RESET_PCR called
10:37:23.415 AM [player] buffering 0.0
10:37:23.416 AM [player] buffering 0.0
[DBG] Buffering 0%
[DBG] Buffering 2%
[DBG] Buffering 6%
[DBG] Buffering 22%
[DBG] Buffering 27%
[DBG] Buffering 31%
[DBG] Buffering 34%
[DBG] Buffering 39%
[DBG] Buffering 41%
[DBG] Buffering 44%
[DBG] Received first picture
10:37:23.424 AM [framestep] nextFrameStepped result=0 time=24375 ms
[DBG] Buffering 47%
[DBG] Buffering 51%
[DBG] Buffering 52%
[DBG] Buffering 56%
[DBG] Buffering 70%
[DBG] Buffering 71%
[DBG] Buffering 77%
[DBG] Buffering 80%
[DBG] Buffering 81%
[DBG] Buffering 84%
[DBG] Buffering 89%
[DBG] Buffering 94%
[DBG] Buffering 97%
10:37:23.433 AM [player] buffering 1.0
[DBG] Stream buffering done (1028 ms in 17 ms)
[DBG] Decoder wait done in 0 ms
[ERR] ES_OUT_SET_(GROUP_)PCR  is called 14676 ms late (jitter of 14681 ms ignored)
[DBG] ES_OUT_RESET_PCR called
10:37:23.433 AM [player] buffering 0.0
10:37:23.437 AM [player] buffering 0.0
[DBG] Buffering 0%
[DBG] Buffering 6%
[DBG] Buffering 9%
[DBG] Buffering 12%
[DBG] Buffering 17%
[DBG] Received first picture
10:37:23.441 AM [framestep] nextFrameStepped result=0 time=24375 ms
[DBG] Buffering 22%
[DBG] Buffering 26%
[DBG] Buffering 28%
[DBG] Buffering 31%
[DBG] Buffering 34%
[DBG] Buffering 51%
[DBG] Buffering 56%
[DBG] Buffering 59%
[DBG] Buffering 62%
[DBG] Buffering 67%
[DBG] Buffering 70%
[DBG] Buffering 72%
[DBG] Buffering 76%
[DBG] Buffering 80%
[DBG] Buffering 81%
[DBG] Buffering 84%
[DBG] Buffering 99%
[DBG] Stream buffering done (1063 ms in 39 ms)
10:37:23.476 AM [player] buffering 1.0
[DBG] Decoder wait done in 0 ms
10:37:23.476 AM [framestep] −1 after=24375 ms
[ERR] ES_OUT_SET_(GROUP_)PCR  is called 14692 ms late (jitter of 14685 ms ignored)
[DBG] ES_OUT_RESET_PCR called
10:37:23.476 AM [player] buffering 0.0
[DBG] Buffering 0%
10:37:23.476 AM [player] buffering 0.0
[DBG] Buffering 3%
[DBG] Buffering 8%
[DBG] Buffering 13%
[DBG] Buffering 16%
[DBG] Buffering 21%
[DBG] Buffering 25%
[DBG] Buffering 40%
[DBG] Buffering 46%
[DBG] Buffering 50%
[DBG] Buffering 53%
[DBG] Received first picture
10:37:23.486 AM [framestep] nextFrameStepped result=0 time=24375 ms
[DBG] Buffering 58%
[DBG] Buffering 63%
[DBG] Buffering 66%
[DBG] Buffering 69%
[DBG] Buffering 71%
[DBG] Buffering 75%
[DBG] Buffering 88%
[DBG] Buffering 90%
[DBG] Buffering 96%
[DBG] Buffering 98%
10:37:23.497 AM [player] buffering 1.0
[DBG] Stream buffering done (1001 ms in 20 ms)
[DBG] Decoder wait done in 0 ms
[ERR] ES_OUT_SET_(GROUP_)PCR  is called 14767 ms late (jitter of 14692 ms ignored)
[DBG] ES_OUT_RESET_PCR called
10:37:23.497 AM [player] buffering 0.0
[DBG] Buffering 0%
10:37:23.498 AM [player] buffering 0.0
[DBG] Buffering 5%
[DBG] Buffering 8%
[DBG] Buffering 13%
[DBG] Buffering 17%
[DBG] Buffering 32%
[DBG] Buffering 38%
[DBG] Buffering 41%
[DBG] Buffering 42%
[DBG] Buffering 45%
[DBG] Buffering 50%
[DBG] Buffering 55%
[DBG] Buffering 58%
[DBG] Buffering 60%
[DBG] Received first picture
[DBG] Buffering 63%
10:37:23.510 AM [framestep] nextFrameStepped result=0 time=24375 ms
[DBG] Buffering 67%
[DBG] Buffering 83%
[DBG] Buffering 88%
[DBG] Buffering 92%
[DBG] Buffering 95%
[DBG] Stream buffering done (1006 ms in 19 ms)
10:37:23.517 AM [player] buffering 1.0
[DBG] Decoder wait done in 0 ms
[ERR] ES_OUT_SET_(GROUP_)PCR  is called 14797 ms late (jitter of 14767 ms ignored)
[DBG] ES_OUT_RESET_PCR called
10:37:23.517 AM [player] buffering 0.0
[DBG] Buffering 0%
10:37:23.517 AM [player] buffering 0.0
[DBG] Buffering 3%
[DBG] Buffering 6%
[DBG] Buffering 8%
[DBG] Buffering 11%
[DBG] Buffering 25%
[DBG] Buffering 26%
[DBG] Received first picture
10:37:23.524 AM [framestep] nextFrameStepped result=0 time=24375 ms
[DBG] Buffering 33%
[DBG] Buffering 35%
[DBG] Buffering 36%
[DBG] Buffering 40%
[DBG] Buffering 44%
[DBG] Buffering 45%
[DBG] Buffering 50%
[DBG] Buffering 53%
[DBG] Buffering 58%
[DBG] Buffering 61%
[DBG] Buffering 76%
[DBG] Buffering 83%
[DBG] Buffering 86%
[DBG] Buffering 90%
[DBG] Buffering 95%
10:37:23.536 AM [player] buffering 1.0
[DBG] Stream buffering done (1001 ms in 19 ms)
[DBG] Decoder wait done in 0 ms
[ERR] ES_OUT_SET_(GROUP_)PCR  is called 14807 ms late (jitter of 14797 ms ignored)
[DBG] ES_OUT_RESET_PCR called
10:37:23.537 AM [player] buffering 0.0
10:37:23.538 AM [player] buffering 0.0
[DBG] Buffering 0%
[DBG] Buffering 2%
[DBG] Buffering 6%
[DBG] Buffering 22%
[DBG] Received first picture
10:37:23.545 AM [framestep] nextFrameStepped result=0 time=24375 ms
[DBG] Buffering 27%
[DBG] Buffering 31%
[DBG] Buffering 34%
[DBG] Buffering 39%
[DBG] Buffering 41%
[DBG] Buffering 44%
[DBG] Buffering 47%
[DBG] Buffering 51%
[DBG] Buffering 52%
[DBG] Buffering 56%
[DBG] Buffering 70%
[DBG] Buffering 71%
[DBG] Buffering 77%
[DBG] Buffering 80%
[DBG] Buffering 81%
[DBG] Buffering 84%
[DBG] Buffering 89%
[DBG] Buffering 94%
[DBG] Buffering 97%
10:37:23.551 AM [player] buffering 1.0
[DBG] Stream buffering done (1029 ms in 13 ms)
[DBG] Decoder wait done in 0 ms
[ERR] ES_OUT_SET_(GROUP_)PCR  is called 14792 ms late (jitter of 14797 ms ignored)
[DBG] ES_OUT_RESET_PCR called
10:37:23.551 AM [player] buffering 0.0
10:37:23.552 AM [player] buffering 0.0
[DBG] Buffering 0%
[DBG] Buffering 6%
[DBG] Buffering 9%
[DBG] Buffering 13%
[DBG] Buffering 18%
[DBG] Received first picture
10:37:23.556 AM [framestep] nextFrameStepped result=0 time=24375 ms
[DBG] Buffering 23%
[DBG] Buffering 26%
[DBG] Buffering 28%
[DBG] Buffering 31%
[DBG] Buffering 34%
[DBG] Buffering 51%
[DBG] Buffering 56%
[DBG] Buffering 59%
[DBG] Buffering 63%
[DBG] Buffering 68%
[DBG] Buffering 70%
[DBG] Buffering 73%
[DBG] Buffering 76%
[DBG] Buffering 80%
[DBG] Buffering 81%
[DBG] Buffering 84%
[DBG] Buffering 99%
10:37:23.575 AM [player] buffering 1.0
[DBG] Stream buffering done (1064 ms in 22 ms)
[DBG] Decoder wait done in 0 ms
[ERR] ES_OUT_SET_(GROUP_)PCR  is called 14791 ms late (jitter of 14792 ms ignored)
[DBG] ES_OUT_RESET_PCR called
10:37:23.575 AM [player] buffering 0.0
10:37:23.577 AM [player] buffering 0.0
[DBG] Buffering 0%
[DBG] Buffering 3%
[DBG] Buffering 8%
[DBG] Buffering 13%
[DBG] Buffering 16%
[DBG] Buffering 21%
[DBG] Buffering 25%
[DBG] Buffering 40%
[DBG] Buffering 46%
[DBG] Buffering 50%
[DBG] Buffering 53%
[DBG] Buffering 58%
[DBG] Buffering 63%
[DBG] Buffering 66%
[DBG] Buffering 69%
[DBG] Buffering 71%
[DBG] Buffering 75%
[DBG] Received first picture
10:37:23.587 AM [framestep] nextFrameStepped result=0 time=24375 ms
[DBG] Buffering 88%
[DBG] Buffering 90%
[DBG] Buffering 96%
[DBG] Buffering 98%
10:37:23.588 AM [player] buffering 1.0
[DBG] Stream buffering done (1001 ms in 11 ms)
[DBG] Decoder wait done in 0 ms
[ERR] ES_OUT_SET_(GROUP_)PCR  is called 14859 ms late (jitter of 14792 ms ignored)
[DBG] ES_OUT_RESET_PCR called
10:37:23.590 AM [player] buffering 0.0
[DBG] Buffering 0%
10:37:23.590 AM [player] buffering 0.0
[DBG] Buffering 5%
[DBG] Buffering 8%
[DBG] Buffering 14%
[DBG] Buffering 17%
[DBG] Buffering 32%
[DBG] Buffering 39%
[DBG] Buffering 41%
[DBG] Buffering 42%
[DBG] Buffering 45%
[DBG] Buffering 50%
[DBG] Received first picture
10:37:23.596 AM [framestep] nextFrameStepped result=0 time=24375 ms
[DBG] Buffering 55%
[DBG] Buffering 59%
[DBG] Buffering 60%
[DBG] Buffering 64%
[DBG] Buffering 67%
[DBG] Buffering 83%
[DBG] Buffering 89%
[DBG] Buffering 92%
[DBG] Buffering 95%
10:37:23.603 AM [player] buffering 1.0
[DBG] Stream buffering done (1007 ms in 13 ms)
[DBG] Decoder wait done in 0 ms
[ERR] ES_OUT_SET_(GROUP_)PCR  is called 14851 ms late (jitter of 14851 ms ignored)
[DBG] ES_OUT_RESET_PCR called
10:37:23.604 AM [player] buffering 0.0
10:37:23.605 AM [player] buffering 0.0
[DBG] Buffering 0%
[DBG] Buffering 2%
[DBG] Buffering 5%
[DBG] Buffering 8%
[DBG] Buffering 22%
[DBG] Buffering 23%
[DBG] Buffering 30%
[DBG] Buffering 31%
[DBG] Buffering 33%
[DBG] Buffering 36%
[DBG] Buffering 41%
[DBG] Buffering 46%
[DBG] Buffering 50%
[DBG] Buffering 55%
[DBG] Buffering 58%
[DBG] Received first picture
10:37:23.611 AM [framestep] nextFrameStepped result=0 time=24375 ms
[DBG] Buffering 73%
[DBG] Buffering 80%
[DBG] Buffering 82%
[DBG] Buffering 83%
[DBG] Buffering 86%
[DBG] Buffering 91%
[DBG] Buffering 96%
[DBG] Stream buffering done (1001 ms in 14 ms)
10:37:23.619 AM [player] buffering 1.0
[DBG] Decoder wait done in 0 ms
[ERR] ES_OUT_SET_(GROUP_)PCR  is called 14901 ms late (jitter of 14859 ms ignored)
[DBG] ES_OUT_RESET_PCR called
10:37:23.619 AM [player] buffering 0.0
[DBG] Buffering 0%
10:37:23.619 AM [player] buffering 0.0
[DBG] Buffering 3%
[DBG] Buffering 19%
[DBG] Buffering 25%
[DBG] Buffering 28%
[DBG] Buffering 31%
[DBG] Buffering 36%
[DBG] Received first picture
10:37:23.625 AM [framestep] nextFrameStepped result=0 time=24375 ms
[DBG] Buffering 38%
[DBG] Buffering 41%
[DBG] Buffering 45%
[DBG] Buffering 48%
[DBG] Buffering 50%
[DBG] Buffering 53%
[DBG] Buffering 67%
[DBG] Buffering 68%
[DBG] Buffering 75%
[DBG] Buffering 77%
[DBG] Buffering 78%
[DBG] Buffering 81%
[DBG] Buffering 86%
[DBG] Buffering 91%
[DBG] Buffering 95%
10:37:23.630 AM [player] buffering 1.0
[DBG] Stream buffering done (1001 ms in 10 ms)
[DBG] Decoder wait done in 0 ms
[ERR] ES_OUT_SET_(GROUP_)PCR  is called 14900 ms late (jitter of 14900 ms ignored)
[DBG] ES_OUT_RESET_PCR called
10:37:23.630 AM [player] buffering 0.0
10:37:23.632 AM [player] buffering 0.0
[DBG] Buffering 0%
[DBG] Buffering 6%
[DBG] Buffering 9%
[DBG] Received first picture
10:37:23.635 AM [framestep] nextFrameStepped result=0 time=24375 ms
[DBG] Buffering 13%
[DBG] Buffering 18%
[DBG] Buffering 23%
[DBG] Buffering 26%
[DBG] Buffering 28%
[DBG] Buffering 31%
[DBG] Buffering 34%
[DBG] Buffering 51%
[DBG] Buffering 56%
[DBG] Buffering 59%
[DBG] Buffering 63%
[DBG] Buffering 68%
[DBG] Buffering 70%
[DBG] Buffering 73%
[DBG] Buffering 76%
[DBG] Buffering 80%
[DBG] Buffering 81%
[DBG] Buffering 84%
[DBG] Buffering 99%
10:37:23.648 AM [player] buffering 1.0
[DBG] Stream buffering done (1066 ms in 16 ms)
[DBG] Decoder wait done in 0 ms
[ERR] ES_OUT_SET_(GROUP_)PCR  is called 14864 ms late (jitter of 14900 ms ignored)
[DBG] ES_OUT_RESET_PCR called
10:37:23.648 AM [player] buffering 0.0
10:37:23.649 AM [player] buffering 0.0
[DBG] Buffering 0%
[DBG] Buffering 3%
[DBG] Buffering 8%
[DBG] Buffering 13%
[DBG] Buffering 16%
[DBG] Buffering 21%
[DBG] Buffering 25%
[DBG] Buffering 40%
[DBG] Buffering 46%
[DBG] Buffering 50%
[DBG] Buffering 53%
[DBG] Buffering 58%
[DBG] Buffering 63%
[DBG] Buffering 66%
[DBG] Buffering 69%
[DBG] Buffering 71%
[DBG] Buffering 75%
[DBG] Received first picture
10:37:23.657 AM [framestep] nextFrameStepped result=0 time=24375 ms
[DBG] Buffering 91%
[DBG] Buffering 96%
10:37:23.660 AM [player] buffering 1.0
[DBG] Stream buffering done (1001 ms in 11 ms)
[DBG] Decoder wait done in 0 ms
[ERR] ES_OUT_SET_(GROUP_)PCR  is called 14930 ms late (jitter of 14900 ms ignored)
[DBG] ES_OUT_RESET_PCR called
10:37:23.661 AM [player] buffering 0.0
10:37:23.661 AM [player] buffering 0.0
[DBG] Buffering 0%
[DBG] Buffering 2%
[DBG] Buffering 5%
[DBG] Buffering 8%
[DBG] Buffering 12%
[DBG] Buffering 13%
[DBG] Buffering 16%
[DBG] Buffering 31%
[DBG] Buffering 38%
[DBG] Buffering 40%
[DBG] Buffering 41%
[DBG] Buffering 45%
[DBG] Buffering 50%
[DBG] Buffering 55%
[DBG] Buffering 58%
[DBG] Buffering 63%
[DBG] Buffering 66%
[DBG] Received first picture
10:37:23.673 AM [framestep] nextFrameStepped result=0 time=24375 ms
[DBG] Buffering 82%
[DBG] Buffering 88%
[DBG] Buffering 91%
[DBG] Buffering 95%
10:37:23.676 AM [player] buffering 1.0
[DBG] Stream buffering done (1001 ms in 14 ms)
[DBG] Decoder wait done in 0 ms
[ERR] ES_OUT_SET_(GROUP_)PCR  is called 14929 ms late (jitter of 14929 ms ignored)
[DBG] ES_OUT_RESET_PCR called
10:37:23.677 AM [player] buffering 0.0
10:37:23.677 AM [player] buffering 0.0
[DBG] Buffering 0%
[DBG] Buffering 2%
[DBG] Buffering 4%
[DBG] Buffering 8%
[DBG] Buffering 21%
[DBG] Buffering 23%
[DBG] Buffering 29%
[DBG] Received first picture
10:37:23.684 AM [framestep] nextFrameStepped result=0 time=24375 ms
[DBG] Buffering 31%
[DBG] Buffering 33%
[DBG] Buffering 36%
[DBG] Buffering 41%
[DBG] Buffering 46%
[DBG] Buffering 50%
[DBG] Buffering 55%
[DBG] Buffering 58%
[DBG] Buffering 73%
[DBG] Buffering 80%
[DBG] Buffering 82%
[DBG] Buffering 83%
[DBG] Buffering 86%
[DBG] Buffering 91%
[DBG] Buffering 96%
10:37:23.692 AM [player] buffering 1.0
[DBG] Stream buffering done (1001 ms in 15 ms)
[DBG] Decoder wait done in 0 ms
[ERR] ES_OUT_SET_(GROUP_)PCR  is called 14976 ms late (jitter of 14930 ms ignored)
[DBG] ES_OUT_RESET_PCR called
10:37:23.692 AM [player] buffering 0.0
10:37:23.692 AM [player] buffering 0.0
[DBG] Buffering 0%
[DBG] Buffering 3%
[DBG] Buffering 19%
[DBG] Buffering 25%
[DBG] Buffering 28%
[DBG] Buffering 31%
[DBG] Buffering 36%
[DBG] Buffering 38%
[DBG] Buffering 41%
[DBG] Buffering 45%
[DBG] Received first picture
10:37:23.698 AM [framestep] nextFrameStepped result=0 time=24375 ms
[DBG] Buffering 48%
[DBG] Buffering 50%
[DBG] Buffering 53%
[DBG] Buffering 67%
[DBG] Buffering 68%
[DBG] Buffering 75%
[DBG] Buffering 76%
[DBG] Buffering 78%
[DBG] Buffering 81%
[DBG] Buffering 86%
[DBG] Buffering 91%
[DBG] Buffering 95%
[DBG] Stream buffering done (1001 ms in 12 ms)
10:37:23.705 AM [player] buffering 1.0
[DBG] Decoder wait done in 0 ms
[ERR] ES_OUT_SET_(GROUP_)PCR  is called 14974 ms late (jitter of 14974 ms ignored)
[DBG] ES_OUT_RESET_PCR called
10:37:23.705 AM [player] buffering 0.0
10:37:23.710 AM [player] buffering 0.0
[DBG] Buffering 0%
[DBG] Buffering 6%
[DBG] Buffering 9%
[DBG] Buffering 10%
[DBG] Buffering 13%
[DBG] Buffering 18%
[DBG] Buffering 23%
[DBG] Received first picture
10:37:23.713 AM [framestep] nextFrameStepped result=0 time=24375 ms
[DBG] Buffering 26%
[DBG] Buffering 28%
[DBG] Buffering 31%
[DBG] Buffering 35%
[DBG] Buffering 51%
[DBG] Buffering 56%
[DBG] Buffering 60%
[DBG] Buffering 63%
[DBG] Buffering 68%
[DBG] Buffering 70%
[DBG] Buffering 73%
[DBG] Buffering 76%
[DBG] Buffering 80%
[DBG] Buffering 81%
[DBG] Buffering 85%
[DBG] Buffering 99%
10:37:23.725 AM [player] buffering 1.0
[DBG] Stream buffering done (1000 ms in 14 ms)
[DBG] Decoder wait done in 0 ms
[ERR] ES_OUT_SET_(GROUP_)PCR  is called 14962 ms late (jitter of 14974 ms ignored)
[DBG] ES_OUT_RESET_PCR called
10:37:23.725 AM [player] buffering 0.0
10:37:23.725 AM [player] buffering 0.0
[DBG] Buffering 0%
[DBG] Buffering 1%
[DBG] Buffering 4%
[DBG] Buffering 9%
[DBG] Buffering 14%
[DBG] Buffering 17%
[DBG] Buffering 23%
[DBG] Buffering 26%
[DBG] Buffering 41%
[DBG] Received first picture
10:37:23.748 AM [framestep] nextFrameStepped result=0 time=24375 ms
[DBG] Buffering 48%
[DBG] Buffering 51%
[DBG] Buffering 54%
[DBG] Buffering 59%
[DBG] Buffering 64%
[DBG] Buffering 68%
[DBG] Buffering 70%
[DBG] Buffering 73%
[DBG] Buffering 76%
[DBG] Buffering 92%
[DBG] Buffering 98%
10:37:23.760 AM [player] buffering 1.0
[DBG] Stream buffering done (1014 ms in 34 ms)
[DBG] Decoder wait done in 0 ms
[ERR] ES_OUT_SET_(GROUP_)PCR  is called 15018 ms late (jitter of 14974 ms ignored)
[DBG] ES_OUT_RESET_PCR called
10:37:23.762 AM [player] buffering 0.0
[DBG] Buffering 0%
10:37:23.762 AM [player] buffering 0.0
[DBG] Buffering 2%
[DBG] Buffering 5%
[DBG] Buffering 8%
[DBG] Buffering 11%
[DBG] Buffering 13%
[DBG] Buffering 16%
[DBG] Buffering 31%
[DBG] Buffering 38%
[DBG] Buffering 40%
[DBG] Buffering 41%
[DBG] Buffering 45%
[DBG] Buffering 50%
[DBG] Received first picture
10:37:23.769 AM [framestep] nextFrameStepped result=0 time=24375 ms
[DBG] Buffering 55%
[DBG] Buffering 58%
[DBG] Buffering 63%
[DBG] Buffering 66%
[DBG] Buffering 82%
[DBG] Buffering 88%
[DBG] Buffering 91%
[DBG] Buffering 95%
10:37:23.778 AM [player] buffering 1.0
[DBG] Stream buffering done (1001 ms in 16 ms)
[DBG] Decoder wait done in 0 ms
[ERR] ES_OUT_SET_(GROUP_)PCR  is called 15031 ms late (jitter of 15018 ms ignored)
[DBG] ES_OUT_RESET_PCR called
10:37:23.779 AM [player] buffering 0.0
[DBG] Buffering 0%
10:37:23.779 AM [player] buffering 0.0
[DBG] Buffering 2%
[DBG] Buffering 5%
[DBG] Buffering 8%
[DBG] Buffering 21%
[DBG] Buffering 23%
[DBG] Buffering 30%
[DBG] Buffering 31%
[DBG] Buffering 33%
[DBG] Buffering 36%
[DBG] Buffering 41%
[DBG] Received first picture
10:37:23.789 AM [framestep] nextFrameStepped result=0 time=24375 ms
[DBG] Buffering 46%
[DBG] Buffering 50%
[DBG] Buffering 55%
[DBG] Buffering 58%
[DBG] Buffering 73%
[DBG] Buffering 80%
[DBG] Buffering 82%
[DBG] Buffering 83%
[DBG] Buffering 86%
[DBG] Buffering 91%
[DBG] Buffering 96%
10:37:23.798 AM [player] buffering 1.0
[DBG] Stream buffering done (1001 ms in 19 ms)
[DBG] Decoder wait done in 0 ms
[ERR] ES_OUT_SET_(GROUP_)PCR  is called 15050 ms late (jitter of 15031 ms ignored)
[DBG] ES_OUT_RESET_PCR called
10:37:23.798 AM [player] buffering 0.0
10:37:23.803 AM [player] buffering 0.0
[DBG] Buffering 0%
[DBG] Buffering 15%
[DBG] Buffering 21%
[DBG] Buffering 25%
[DBG] Received first picture
10:37:23.814 AM [framestep] nextFrameStepped result=0 time=24375 ms
[DBG] Buffering 28%
[DBG] Buffering 33%
[DBG] Buffering 38%
[DBG] Buffering 41%
[DBG] Buffering 44%
[DBG] Buffering 46%
[DBG] Buffering 50%
[DBG] Buffering 63%
[DBG] Buffering 65%
[DBG] Buffering 71%
[DBG] Buffering 73%
[DBG] Buffering 75%
[DBG] Buffering 78%
[DBG] Buffering 83%
[DBG] Buffering 88%
[DBG] Buffering 91%
[DBG] Buffering 96%
10:37:23.824 AM [player] buffering 1.0
[DBG] Stream buffering done (1001 ms in 20 ms)
[DBG] Decoder wait done in 0 ms
[ERR] ES_OUT_SET_(GROUP_)PCR  is called 14979 ms late (jitter of 15031 ms ignored)
[DBG] ES_OUT_RESET_PCR called
10:37:23.826 AM [player] buffering 0.0
10:37:23.827 AM [player] buffering 0.0
[DBG] Buffering 0%
[DBG] Buffering 6%
[DBG] Buffering 9%
[DBG] Buffering 13%
[DBG] Buffering 18%
[DBG] Buffering 23%
[DBG] Buffering 26%
[DBG] Buffering 28%
[DBG] Buffering 31%
[DBG] Buffering 35%
[DBG] Buffering 51%
[DBG] Buffering 56%
[DBG] Buffering 60%
[DBG] Buffering 63%
[DBG] Buffering 68%
[DBG] Buffering 70%
[DBG] Received first picture
10:37:23.836 AM [framestep] nextFrameStepped result=0 time=24375 ms
[DBG] Buffering 73%
[DBG] Buffering 76%
[DBG] Buffering 79%
[DBG] Buffering 81%
[DBG] Buffering 85%
[DBG] Buffering 99%
[DBG] Stream buffering done (1001 ms in 12 ms)
10:37:23.840 AM [player] buffering 1.0
[DBG] Decoder wait done in 0 ms
[ERR] ES_OUT_SET_(GROUP_)PCR  is called 15076 ms late (jitter of 15050 ms ignored)
[DBG] ES_OUT_RESET_PCR called
10:37:23.840 AM [player] buffering 0.0
10:37:23.840 AM [player] buffering 0.0
[DBG] Buffering 0%
[DBG] Buffering 1%
[DBG] Buffering 4%
[DBG] Buffering 9%
[DBG] Buffering 14%
[DBG] Buffering 18%
[DBG] Buffering 23%
[DBG] Buffering 26%
[DBG] Buffering 41%
[DBG] Buffering 48%
[DBG] Buffering 51%
[DBG] Buffering 54%
[DBG] Buffering 59%
[DBG] Received first picture
10:37:23.852 AM [framestep] nextFrameStepped result=0 time=24375 ms
[DBG] Buffering 64%
[DBG] Buffering 68%
[DBG] Buffering 70%
[DBG] Buffering 73%
[DBG] Buffering 76%
[DBG] Buffering 92%
[DBG] Buffering 98%
[DBG] Stream buffering done (1015 ms in 16 ms)
10:37:23.857 AM [player] buffering 1.0
[DBG] Decoder wait done in 0 ms
[ERR] ES_OUT_SET_(GROUP_)PCR  is called 15113 ms late (jitter of 15076 ms ignored)
[DBG] ES_OUT_RESET_PCR called
10:37:23.858 AM [player] buffering 0.0
10:37:23.858 AM [player] buffering 0.0
[DBG] Buffering 0%
[DBG] Buffering 2%
[DBG] Buffering 5%
[DBG] Buffering 8%
[DBG] Buffering 11%
[DBG] Buffering 13%
[DBG] Buffering 16%
[DBG] Buffering 30%
[DBG] Buffering 31%
[DBG] Buffering 38%
[DBG] Buffering 40%
[DBG] Buffering 41%
[DBG] Buffering 45%
[DBG] Buffering 50%
[DBG] Received first picture
10:37:23.866 AM [framestep] nextFrameStepped result=0 time=24375 ms
[DBG] Buffering 55%
[DBG] Buffering 58%
[DBG] Buffering 63%
[DBG] Buffering 66%
[DBG] Buffering 82%
[DBG] Buffering 88%
[DBG] Buffering 91%
[DBG] Buffering 95%
10:37:23.873 AM [player] buffering 1.0
[DBG] Stream buffering done (1001 ms in 15 ms)
[DBG] Decoder wait done in 0 ms
[ERR] ES_OUT_SET_(GROUP_)PCR  is called 15126 ms late (jitter of 15113 ms ignored)
[DBG] ES_OUT_RESET_PCR called
10:37:23.874 AM [player] buffering 0.0
10:37:23.875 AM [player] buffering 0.0
[DBG] Buffering 0%
[DBG] Buffering 2%
[DBG] Buffering 4%
[DBG] Buffering 8%
[DBG] Buffering 24%
[DBG] Buffering 29%
[DBG] Buffering 33%
[DBG] Buffering 36%
[DBG] Received first picture
10:37:23.881 AM [framestep] nextFrameStepped result=0 time=24375 ms
[DBG] Buffering 41%
[DBG] Buffering 44%
[DBG] Buffering 46%
[DBG] Buffering 50%
[DBG] Buffering 53%
[DBG] Buffering 55%
[DBG] Buffering 58%
[DBG] Buffering 72%
[DBG] Buffering 73%
[DBG] Buffering 80%
[DBG] Buffering 82%
[DBG] Buffering 83%
[DBG] Buffering 86%
[DBG] Buffering 91%
[DBG] Buffering 96%
[DBG] Stream buffering done (1001 ms in 20 ms)
10:37:23.896 AM [player] buffering 1.0
[DBG] Decoder wait done in 0 ms
[ERR] ES_OUT_SET_(GROUP_)PCR  is called 15149 ms late (jitter of 15126 ms ignored)
[DBG] ES_OUT_RESET_PCR called
10:37:23.896 AM [player] buffering 0.0
10:37:23.896 AM [player] buffering 0.0
[DBG] Buffering 0%
[DBG] Buffering 15%
[DBG] Buffering 21%
[DBG] Buffering 25%
[DBG] Received first picture
10:37:23.901 AM [framestep] nextFrameStepped result=0 time=24375 ms
[DBG] Buffering 28%
[DBG] Buffering 33%
[DBG] Buffering 38%
[DBG] Buffering 41%
[DBG] Buffering 44%
[DBG] Buffering 46%
[DBG] Buffering 50%
[DBG] Buffering 63%
[DBG] Buffering 65%
[DBG] Buffering 71%
[DBG] Buffering 73%
[DBG] Buffering 75%
[DBG] Buffering 78%
[DBG] Buffering 82%
[DBG] Buffering 83%
[DBG] Buffering 88%
[DBG] Buffering 91%
[DBG] Buffering 96%
10:37:23.913 AM [player] buffering 1.0
[DBG] Stream buffering done (1001 ms in 17 ms)
[DBG] Decoder wait done in 0 ms
[ERR] ES_OUT_SET_(GROUP_)PCR  is called 15073 ms late (jitter of 15126 ms ignored)
[DBG] ES_OUT_RESET_PCR called
10:37:23.917 AM [player] buffering 0.0
10:37:23.917 AM [player] buffering 0.0
[DBG] Buffering 0%
[DBG] Buffering 6%
[DBG] Buffering 9%
[DBG] Buffering 10%
[DBG] Buffering 13%
[DBG] Buffering 18%
[DBG] Buffering 23%
[DBG] Buffering 26%
[DBG] Buffering 28%
[DBG] Buffering 31%
[DBG] Buffering 35%
[DBG] Buffering 50%
[DBG] Buffering 56%
[DBG] Buffering 60%
[DBG] Buffering 63%
[DBG] Buffering 68%
[DBG] Buffering 73%
[DBG] Buffering 76%
[DBG] Received first picture
10:37:23.926 AM [framestep] nextFrameStepped result=0 time=24375 ms
[DBG] Buffering 79%
[DBG] Buffering 81%
[DBG] Buffering 85%
[DBG] Buffering 98%
10:37:23.931 AM [player] buffering 1.0
[DBG] Stream buffering done (1001 ms in 13 ms)
[DBG] Decoder wait done in 0 ms
[ERR] ES_OUT_SET_(GROUP_)PCR  is called 15168 ms late (jitter of 15149 ms ignored)
[DBG] ES_OUT_RESET_PCR called
10:37:23.931 AM [player] buffering 0.0
[DBG] Buffering 0%
10:37:23.933 AM [player] buffering 0.0
[DBG] Buffering 1%
[DBG] Buffering 4%
[DBG] Buffering 9%
[DBG] Buffering 14%
[DBG] Buffering 18%
[DBG] Buffering 23%
[DBG] Buffering 26%
[DBG] Buffering 41%
[DBG] Buffering 48%
[DBG] Buffering 51%
[DBG] Buffering 54%
[DBG] Buffering 60%
[DBG] Buffering 65%
[DBG] Received first picture
10:37:23.941 AM [framestep] nextFrameStepped result=0 time=24375 ms
[DBG] Buffering 68%
[DBG] Buffering 70%
[DBG] Buffering 73%
[DBG] Buffering 76%
[DBG] Buffering 92%
[DBG] Buffering 98%
10:37:23.946 AM [player] buffering 1.0
[DBG] Stream buffering done (1017 ms in 13 ms)
[DBG] Decoder wait done in 0 ms
[ERR] ES_OUT_SET_(GROUP_)PCR  is called 15200 ms late (jitter of 15168 ms ignored)
[DBG] ES_OUT_RESET_PCR called
10:37:23.946 AM [player] buffering 0.0
[DBG] Buffering 0%
10:37:23.947 AM [player] buffering 0.0
[DBG] Buffering 2%
[DBG] Buffering 5%
[DBG] Buffering 8%
[DBG] Buffering 11%
[DBG] Buffering 13%
[DBG] Buffering 16%
[DBG] Buffering 30%
[DBG] Buffering 31%
[DBG] Buffering 38%
[DBG] Buffering 40%
[DBG] Buffering 41%
[DBG] Buffering 45%
[DBG] Buffering 50%
[DBG] Buffering 55%
[DBG] Received first picture
10:37:23.957 AM [framestep] nextFrameStepped result=0 time=24375 ms
[DBG] Buffering 58%
[DBG] Buffering 63%
[DBG] Buffering 66%
[DBG] Buffering 82%
[DBG] Buffering 88%
[DBG] Buffering 91%
[DBG] Buffering 95%
[DBG] Stream buffering done (1001 ms in 19 ms)
10:37:23.966 AM [player] buffering 1.0
[DBG] Decoder wait done in 0 ms
[ERR] ES_OUT_SET_(GROUP_)PCR  is called 15219 ms late (jitter of 15200 ms ignored)
[DBG] ES_OUT_RESET_PCR called
10:37:23.966 AM [player] buffering 0.0
[DBG] Buffering 0%
10:37:23.967 AM [player] buffering 0.0
[DBG] Buffering 2%
[DBG] Buffering 5%
[DBG] Buffering 8%
[DBG] Buffering 24%
[DBG] Buffering 30%
[DBG] Buffering 33%
[DBG] Buffering 36%
[DBG] Buffering 41%
[DBG] Buffering 43%
[DBG] Buffering 46%
[DBG] Received first picture
10:37:23.976 AM [framestep] nextFrameStepped result=0 time=24375 ms
[DBG] Buffering 50%
[DBG] Buffering 53%
[DBG] Buffering 55%
[DBG] Buffering 58%
[DBG] Buffering 72%
[DBG] Buffering 73%
[DBG] Buffering 80%
[DBG] Buffering 82%
[DBG] Buffering 83%
[DBG] Buffering 86%
[DBG] Buffering 91%
[DBG] Buffering 96%
10:37:23.997 AM [player] buffering 1.0
[DBG] Stream buffering done (1001 ms in 30 ms)
[DBG] Decoder wait done in 0 ms
[ERR] ES_OUT_SET_(GROUP_)PCR  is called 15249 ms late (jitter of 15219 ms ignored)
[DBG] ES_OUT_RESET_PCR called
10:37:23.997 AM [player] buffering 0.0
[DBG] Buffering 0%
10:37:23.998 AM [player] buffering 0.0
[DBG] Buffering 15%
[DBG] Buffering 21%
[DBG] Buffering 25%
[DBG] Buffering 28%
[DBG] Buffering 33%
[DBG] Received first picture
10:37:24.005 AM [framestep] nextFrameStepped result=0 time=24375 ms
[DBG] Buffering 38%
[DBG] Buffering 41%
[DBG] Buffering 44%
[DBG] Buffering 46%
[DBG] Buffering 50%
[DBG] Buffering 66%
[DBG] Buffering 71%
[DBG] Buffering 75%
[DBG] Buffering 78%
[DBG] Buffering 83%
[DBG] Buffering 85%
[DBG] Buffering 88%
[DBG] Buffering 91%
[DBG] Buffering 95%
[DBG] Buffering 96%
10:37:24.015 AM [player] buffering 1.0
[DBG] Stream buffering done (1001 ms in 17 ms)
[DBG] Decoder wait done in 0 ms
[ERR] ES_OUT_SET_(GROUP_)PCR  is called 15175 ms late (jitter of 15219 ms ignored)
[DBG] ES_OUT_RESET_PCR called
10:37:24.019 AM [player] buffering 0.0
10:37:24.020 AM [player] buffering 0.0
[DBG] Buffering 0%
[DBG] Buffering 6%
[DBG] Buffering 9%
[DBG] Buffering 13%
[DBG] Buffering 18%
[DBG] Buffering 23%
[DBG] Buffering 26%
[DBG] Buffering 31%
[DBG] Buffering 35%
[DBG] Buffering 50%
[DBG] Buffering 56%
[DBG] Buffering 60%
[DBG] Received first picture
10:37:24.030 AM [framestep] nextFrameStepped result=0 time=24375 ms
[DBG] Buffering 63%
[DBG] Buffering 68%
[DBG] Buffering 73%
[DBG] Buffering 76%
[DBG] Buffering 79%
[DBG] Buffering 81%
[DBG] Buffering 85%
[DBG] Buffering 98%
[DBG] Stream buffering done (1001 ms in 25 ms)
10:37:24.045 AM [player] buffering 1.0
[DBG] Decoder wait done in 0 ms
[ERR] ES_OUT_SET_(GROUP_)PCR  is called 15282 ms late (jitter of 15249 ms ignored)
[DBG] ES_OUT_RESET_PCR called
10:37:24.045 AM [player] buffering 0.0
[DBG] Buffering 0%
10:37:24.046 AM [player] buffering 0.0
[DBG] Buffering 1%
[DBG] Buffering 5%
[DBG] Buffering 9%
[DBG] Buffering 10%
[DBG] Buffering 15%
[DBG] Buffering 18%
[DBG] Buffering 23%
[DBG] Buffering 26%
[DBG] Buffering 41%
[DBG] Buffering 48%
[DBG] Buffering 51%
[DBG] Buffering 55%
[DBG] Buffering 60%
[DBG] Received first picture
10:37:24.054 AM [framestep] nextFrameStepped result=0 time=24375 ms
[DBG] Buffering 65%
[DBG] Buffering 68%
[DBG] Buffering 70%
[DBG] Buffering 73%
[DBG] Buffering 76%
[DBG] Buffering 92%
[DBG] Buffering 98%
10:37:24.061 AM [player] buffering 1.0
[DBG] Stream buffering done (1018 ms in 15 ms)
[DBG] Decoder wait done in 0 ms
[ERR] ES_OUT_SET_(GROUP_)PCR  is called 15315 ms late (jitter of 15282 ms ignored)
[DBG] ES_OUT_RESET_PCR called
10:37:24.062 AM [player] buffering 0.0
[DBG] Buffering 0%
10:37:24.063 AM [player] buffering 0.0
[DBG] Buffering 1%
[DBG] Buffering 5%
[DBG] Buffering 8%
[DBG] Buffering 11%
[DBG] Buffering 13%
[DBG] Buffering 16%
[DBG] Buffering 30%
[DBG] Buffering 31%
[DBG] Buffering 38%
[DBG] Buffering 40%
[DBG] Buffering 41%
[DBG] Buffering 45%
[DBG] Buffering 49%
[DBG] Buffering 50%
[DBG] Buffering 55%
[DBG] Received first picture
10:37:24.072 AM [framestep] nextFrameStepped result=0 time=24375 ms
[DBG] Buffering 58%
[DBG] Buffering 63%
[DBG] Buffering 66%
[DBG] Buffering 81%
[DBG] Buffering 88%
[DBG] Buffering 91%
[DBG] Buffering 95%
10:37:24.080 AM [player] buffering 1.0
[DBG] Stream buffering done (1001 ms in 16 ms)
[DBG] Decoder wait done in 0 ms
[ERR] ES_OUT_SET_(GROUP_)PCR  is called 15333 ms late (jitter of 15315 ms ignored)
[DBG] ES_OUT_RESET_PCR called
10:37:24.080 AM [player] buffering 0.0
[DBG] Buffering 0%
10:37:24.081 AM [player] buffering 0.0
[DBG] Buffering 2%
[DBG] Buffering 4%
[DBG] Buffering 8%
[DBG] Buffering 24%
[DBG] Buffering 29%
[DBG] Buffering 33%
[DBG] Buffering 36%
[DBG] Buffering 41%
[DBG] Buffering 43%
[DBG] Buffering 46%
[DBG] Buffering 50%
[DBG] Buffering 53%
[DBG] Buffering 55%
[DBG] Buffering 58%
[DBG] Received first picture
10:37:24.095 AM [framestep] nextFrameStepped result=0 time=24375 ms
[DBG] Buffering 72%
[DBG] Buffering 73%
[DBG] Buffering 80%
[DBG] Buffering 82%
[DBG] Buffering 83%
[DBG] Buffering 86%
[DBG] Buffering 91%
[DBG] Buffering 96%
[DBG] Stream buffering done (1001 ms in 22 ms)
10:37:24.103 AM [player] buffering 1.0
[DBG] Decoder wait done in 0 ms
[ERR] ES_OUT_SET_(GROUP_)PCR  is called 15356 ms late (jitter of 15333 ms ignored)
[DBG] ES_OUT_RESET_PCR called
10:37:24.103 AM [player] buffering 0.0
[DBG] Buffering 0%
10:37:24.104 AM [player] buffering 0.0
[DBG] Buffering 15%
[DBG] Buffering 21%
[DBG] Buffering 24%
[DBG] Buffering 25%
[DBG] Buffering 28%
[DBG] Buffering 33%
[DBG] Received first picture
10:37:24.110 AM [framestep] nextFrameStepped result=0 time=24375 ms
[DBG] Buffering 38%
[DBG] Buffering 41%
[DBG] Buffering 44%
[DBG] Buffering 46%
[DBG] Buffering 50%
[DBG] Buffering 66%
[DBG] Buffering 71%
[DBG] Buffering 75%
[DBG] Buffering 78%
[DBG] Buffering 83%
[DBG] Buffering 85%
[DBG] Buffering 88%
[DBG] Buffering 91%
[DBG] Buffering 95%
[DBG] Buffering 96%
10:37:24.117 AM [player] buffering 1.0
[DBG] Stream buffering done (1001 ms in 13 ms)
[DBG] Decoder wait done in 0 ms
[ERR] ES_OUT_SET_(GROUP_)PCR  is called 15281 ms late (jitter of 15333 ms ignored)
[DBG] ES_OUT_RESET_PCR called
10:37:24.122 AM [player] buffering 0.0
10:37:24.124 AM [player] buffering 0.0
[DBG] Buffering 0%
[DBG] Buffering 6%
[DBG] Buffering 9%
[DBG] Buffering 10%
[DBG] Buffering 13%
[DBG] Buffering 18%
[DBG] Buffering 23%
[DBG] Buffering 26%
[DBG] Buffering 31%
[DBG] Buffering 35%
[DBG] Buffering 50%
[DBG] Received first picture
10:37:24.132 AM [framestep] nextFrameStepped result=0 time=24375 ms
[DBG] Buffering 56%
[DBG] Buffering 60%
[DBG] Buffering 63%
[DBG] Buffering 68%
[DBG] Buffering 73%
[DBG] Buffering 76%
[DBG] Buffering 79%
[DBG] Buffering 81%
[DBG] Buffering 85%
[DBG] Buffering 98%
[DBG] Stream buffering done (1001 ms in 18 ms)
10:37:24.142 AM [player] buffering 1.0
[DBG] Decoder wait done in 0 ms
[ERR] ES_OUT_SET_(GROUP_)PCR  is called 15378 ms late (jitter of 15356 ms ignored)
[DBG] ES_OUT_RESET_PCR called
10:37:24.142 AM [player] buffering 0.0
[DBG] Buffering 0%
10:37:24.142 AM [player] buffering 0.0
[DBG] Buffering 1%
[DBG] Buffering 5%
[DBG] Buffering 9%
[DBG] Buffering 10%
[DBG] Buffering 15%
[DBG] Buffering 18%
[DBG] Buffering 23%
[DBG] Buffering 26%
[DBG] Buffering 41%
[DBG] Buffering 48%
[DBG] Buffering 51%
[DBG] Buffering 55%
[DBG] Buffering 60%
[DBG] Received first picture
10:37:24.152 AM [framestep] nextFrameStepped result=0 time=24375 ms
[DBG] Buffering 65%
[DBG] Buffering 68%
[DBG] Buffering 70%
[DBG] Buffering 73%
[DBG] Buffering 77%
[DBG] Buffering 92%
[DBG] Buffering 98%
[DBG] Stream buffering done (1020 ms in 14 ms)
10:37:24.157 AM [player] buffering 1.0
[DBG] Decoder wait done in 0 ms
[ERR] ES_OUT_SET_(GROUP_)PCR  is called 15407 ms late (jitter of 15378 ms ignored)
[DBG] ES_OUT_RESET_PCR called
10:37:24.157 AM [player] buffering 0.0
[DBG] Buffering 0%
10:37:24.157 AM [player] buffering 0.0
[DBG] Buffering 5%
[DBG] Buffering 8%
[DBG] Buffering 11%
[DBG] Buffering 13%
[DBG] Buffering 16%
[DBG] Buffering 30%
[DBG] Buffering 31%
[DBG] Buffering 38%
[DBG] Buffering 40%
[DBG] Buffering 41%
[DBG] Received first picture
10:37:24.165 AM [framestep] nextFrameStepped result=0 time=24375 ms
[DBG] Buffering 45%
[DBG] Buffering 49%
[DBG] Buffering 50%
[DBG] Buffering 55%
[DBG] Buffering 58%
[DBG] Buffering 63%
[DBG] Buffering 66%
[DBG] Buffering 81%
[DBG] Buffering 88%
[DBG] Buffering 91%
[DBG] Buffering 95%
[DBG] Stream buffering done (1001 ms in 18 ms)
10:37:24.176 AM [player] buffering 1.0
[DBG] Decoder wait done in 0 ms
[ERR] ES_OUT_SET_(GROUP_)PCR  is called 15431 ms late (jitter of 15407 ms ignored)
[DBG] ES_OUT_RESET_PCR called
10:37:24.178 AM [player] buffering 0.0
10:37:24.178 AM [player] buffering 0.0
[DBG] Buffering 0%
[DBG] Buffering 2%
[DBG] Buffering 5%
[DBG] Buffering 8%
[DBG] Buffering 24%
[DBG] Buffering 30%
[DBG] Buffering 33%
[DBG] Buffering 36%
[DBG] Buffering 41%
[DBG] Received first picture
10:37:24.184 AM [framestep] nextFrameStepped result=0 time=24375 ms
[DBG] Buffering 43%
[DBG] Buffering 46%
[DBG] Buffering 50%
[DBG] Buffering 53%
[DBG] Buffering 55%
[DBG] Buffering 58%
[DBG] Buffering 72%
[DBG] Buffering 73%
[DBG] Buffering 80%
[DBG] Buffering 82%
[DBG] Buffering 83%
[DBG] Buffering 86%
[DBG] Buffering 91%
[DBG] Buffering 96%
[DBG] Stream buffering done (1001 ms in 16 ms)
10:37:24.195 AM [player] buffering 1.0
[DBG] Decoder wait done in 0 ms
[ERR] ES_OUT_SET_(GROUP_)PCR  is called 15448 ms late (jitter of 15431 ms ignored)
[DBG] ES_OUT_RESET_PCR called
10:37:24.196 AM [player] buffering 0.0
10:37:24.196 AM [player] buffering 0.0
[DBG] Buffering 0%
[DBG] Buffering 15%
[DBG] Buffering 21%
[DBG] Buffering 24%
[DBG] Buffering 25%
[DBG] Received first picture
10:37:24.202 AM [framestep] nextFrameStepped result=0 time=24375 ms
[DBG] Buffering 28%
[DBG] Buffering 33%
[DBG] Buffering 38%
[DBG] Buffering 41%
[DBG] Buffering 44%
[DBG] Buffering 46%
[DBG] Buffering 50%
[DBG] Buffering 66%
[DBG] Buffering 71%
[DBG] Buffering 75%
[DBG] Buffering 78%
[DBG] Buffering 83%
[DBG] Buffering 85%
[DBG] Buffering 88%
[DBG] Buffering 91%
[DBG] Buffering 95%
[DBG] Buffering 96%
10:37:24.216 AM [player] buffering 1.0
[DBG] Stream buffering done (1001 ms in 20 ms)
[DBG] Decoder wait done in 0 ms
[ERR] ES_OUT_SET_(GROUP_)PCR  is called 15379 ms late (jitter of 15431 ms ignored)
[DBG] ES_OUT_RESET_PCR called
10:37:24.219 AM [player] buffering 0.0
10:37:24.220 AM [player] buffering 0.0
[DBG] Buffering 0%
[DBG] Buffering 6%
[DBG] Buffering 8%
[DBG] Buffering 9%
[DBG] Buffering 13%
[DBG] Buffering 18%
[DBG] Buffering 23%
[DBG] Buffering 26%
[DBG] Buffering 31%
[DBG] Buffering 35%
[DBG] Buffering 50%
[DBG] Buffering 56%
[DBG] Buffering 60%
[DBG] Buffering 63%
[DBG] Buffering 68%
[DBG] Received first picture
10:37:24.228 AM [framestep] nextFrameStepped result=0 time=24375 ms
[DBG] Buffering 73%
[DBG] Buffering 76%
[DBG] Buffering 79%
[DBG] Buffering 81%
[DBG] Buffering 85%
10:37:24.242 AM [player] buffering 1.0
[DBG] Stream buffering done (1016 ms in 22 ms)
[DBG] Decoder wait done in 0 ms
[ERR] ES_OUT_SET_(GROUP_)PCR  is called 15481 ms late (jitter of 15448 ms ignored)
[DBG] ES_OUT_RESET_PCR called
10:37:24.245 AM [player] buffering 0.0
[DBG] Buffering 0%
10:37:24.245 AM [player] buffering 0.0
[DBG] Buffering 3%
[DBG] Buffering 8%
[DBG] Buffering 10%
[DBG] Buffering 13%
[DBG] Buffering 16%
[DBG] Buffering 20%
[DBG] Buffering 21%
[DBG] Buffering 25%
[DBG] Buffering 39%
[DBG] Buffering 40%
[DBG] Buffering 46%
[DBG] Buffering 49%
[DBG] Buffering 50%
[DBG] Buffering 53%
[DBG] Buffering 58%
[DBG] Buffering 63%
[DBG] Received first picture
10:37:24.256 AM [framestep] nextFrameStepped result=0 time=24375 ms
[DBG] Buffering 66%
[DBG] Buffering 71%
[DBG] Buffering 75%
[DBG] Buffering 90%
[DBG] Buffering 96%
[DBG] Stream buffering done (1001 ms in 17 ms)
10:37:24.263 AM [player] buffering 1.0
[DBG] Decoder wait done in 0 ms
[ERR] ES_OUT_SET_(GROUP_)PCR  is called 15532 ms late (jitter of 15481 ms ignored)
[DBG] ES_OUT_RESET_PCR called
10:37:24.263 AM [player] buffering 0.0
[DBG] Buffering 0%
10:37:24.263 AM [player] buffering 0.0
[DBG] Buffering 5%
[DBG] Buffering 8%
[DBG] Buffering 11%
[DBG] Buffering 13%
[DBG] Buffering 16%
[DBG] Buffering 30%
[DBG] Buffering 31%
[DBG] Received first picture
10:37:24.272 AM [framestep] nextFrameStepped result=0 time=24375 ms
[DBG] Buffering 38%
[DBG] Buffering 39%
[DBG] Buffering 41%
[DBG] Buffering 45%
[DBG] Buffering 49%
[DBG] Buffering 50%
[DBG] Buffering 55%
[DBG] Buffering 58%
[DBG] Buffering 63%
[DBG] Buffering 66%
[DBG] Buffering 81%
[DBG] Buffering 88%
[DBG] Buffering 91%
[DBG] Buffering 95%
[DBG] Stream buffering done (1001 ms in 17 ms)
10:37:24.281 AM [player] buffering 1.0
[DBG] Decoder wait done in 0 ms
[ERR] ES_OUT_SET_(GROUP_)PCR  is called 15534 ms late (jitter of 15532 ms ignored)
[DBG] ES_OUT_RESET_PCR called
10:37:24.281 AM [player] buffering 0.0
[DBG] Buffering 0%
10:37:24.281 AM [player] buffering 0.0
[DBG] Buffering 1%
[DBG] Buffering 4%
[DBG] Buffering 8%
[DBG] Buffering 24%
[DBG] Buffering 29%
[DBG] Buffering 33%
[DBG] Received first picture
10:37:24.293 AM [framestep] nextFrameStepped result=0 time=24375 ms
[DBG] Buffering 36%
[DBG] Buffering 41%
[DBG] Buffering 43%
[DBG] Buffering 46%
[DBG] Buffering 50%
[DBG] Buffering 53%
[DBG] Buffering 55%
[DBG] Buffering 58%
[DBG] Buffering 72%
[DBG] Buffering 73%
[DBG] Buffering 80%
[DBG] Buffering 81%
[DBG] Buffering 83%
[DBG] Buffering 86%
[DBG] Buffering 91%
[DBG] Buffering 96%
10:37:24.308 AM [player] buffering 1.0
[DBG] Stream buffering done (1001 ms in 26 ms)
[DBG] Decoder wait done in 0 ms
[ERR] ES_OUT_SET_(GROUP_)PCR  is called 15561 ms late (jitter of 15534 ms ignored)
[DBG] ES_OUT_RESET_PCR called
10:37:24.308 AM [player] buffering 0.0
[DBG] Buffering 0%
10:37:24.308 AM [player] buffering 0.0
[DBG] Buffering 15%
[DBG] Buffering 21%
[DBG] Buffering 24%
[DBG] Buffering 25%
[DBG] Buffering 28%
[DBG] Buffering 33%
[DBG] Buffering 38%
[DBG] Received first picture
10:37:24.322 AM [framestep] nextFrameStepped result=0 time=24375 ms
[DBG] Buffering 41%
[DBG] Buffering 43%
[DBG] Buffering 46%
[DBG] Buffering 50%
[DBG] Buffering 66%
[DBG] Buffering 71%
[DBG] Buffering 75%
[DBG] Buffering 78%
[DBG] Buffering 83%
[DBG] Buffering 85%
[DBG] Buffering 88%
[DBG] Buffering 91%
[DBG] Buffering 95%
[DBG] Buffering 96%
[DBG] Stream buffering done (1001 ms in 23 ms)
10:37:24.332 AM [player] buffering 1.0
[DBG] Decoder wait done in 0 ms
[ERR] ES_OUT_SET_(GROUP_)PCR  is called 15502 ms late (jitter of 15534 ms ignored)
[DBG] ES_OUT_RESET_PCR called
10:37:24.341 AM [player] buffering 0.0
10:37:24.342 AM [player] buffering 0.0
[DBG] Buffering 0%
[DBG] Buffering 6%
[DBG] Buffering 8%
[DBG] Buffering 10%
[DBG] Buffering 13%
[DBG] Buffering 18%
[DBG] Buffering 23%
[DBG] Buffering 26%
[DBG] Buffering 31%
[DBG] Buffering 35%
[DBG] Buffering 50%
[DBG] Buffering 56%
[DBG] Buffering 59%
[DBG] Buffering 60%
[DBG] Buffering 63%
[DBG] Buffering 68%
[DBG] Buffering 73%
[DBG] Received first picture
10:37:24.354 AM [framestep] nextFrameStepped result=0 time=24375 ms
[DBG] Buffering 76%
[DBG] Buffering 79%
[DBG] Buffering 81%
[DBG] Buffering 85%
10:37:24.360 AM [player] buffering 1.0
[DBG] Stream buffering done (1015 ms in 17 ms)
[DBG] Decoder wait done in 0 ms
[ERR] ES_OUT_SET_(GROUP_)PCR  is called 15598 ms late (jitter of 15561 ms ignored)
[DBG] ES_OUT_RESET_PCR called
10:37:24.361 AM [player] buffering 0.0
10:37:24.361 AM [player] buffering 0.0
[DBG] Buffering 0%
[DBG] Buffering 3%
[DBG] Buffering 8%
[DBG] Buffering 10%
[DBG] Buffering 13%
[DBG] Buffering 16%
[DBG] Buffering 20%
[DBG] Buffering 21%
[DBG] Buffering 25%
[DBG] Buffering 39%
[DBG] Buffering 40%
[DBG] Buffering 46%
[DBG] Buffering 49%
[DBG] Buffering 50%
[DBG] Buffering 53%
[DBG] Buffering 58%
[DBG] Received first picture
10:37:24.373 AM [framestep] nextFrameStepped result=0 time=24375 ms
[DBG] Buffering 63%
[DBG] Buffering 66%
[DBG] Buffering 71%
[DBG] Buffering 75%
[DBG] Buffering 90%
[DBG] Buffering 96%
10:37:24.384 AM [player] buffering 1.0
[DBG] Stream buffering done (1001 ms in 22 ms)
[DBG] Decoder wait done in 0 ms
[ERR] ES_OUT_SET_(GROUP_)PCR  is called 15654 ms late (jitter of 15598 ms ignored)
[DBG] ES_OUT_RESET_PCR called
10:37:24.385 AM [player] buffering 0.0
10:37:24.385 AM [player] buffering 0.0
[DBG] Buffering 0%
[DBG] Buffering 5%
[DBG] Buffering 8%
[DBG] Buffering 11%
[DBG] Buffering 13%
[DBG] Buffering 16%
[DBG] Buffering 30%
[DBG] Buffering 31%
[DBG] Buffering 38%
[DBG] Buffering 39%
[DBG] Buffering 41%
[DBG] Buffering 45%
[DBG] Buffering 49%
[DBG] Buffering 50%
[DBG] Buffering 55%
[DBG] Buffering 58%
[DBG] Buffering 63%
[DBG] Buffering 66%
[DBG] Received first picture
10:37:24.395 AM [framestep] nextFrameStepped result=0 time=24375 ms
[DBG] Buffering 81%
[DBG] Buffering 88%
[DBG] Buffering 91%
[DBG] Buffering 95%
10:37:24.406 AM [player] buffering 1.0
[DBG] Stream buffering done (1001 ms in 20 ms)
[DBG] Decoder wait done in 0 ms
[ERR] ES_OUT_SET_(GROUP_)PCR  is called 15659 ms late (jitter of 15654 ms ignored)
[DBG] ES_OUT_RESET_PCR called
10:37:24.406 AM [player] buffering 0.0
10:37:24.407 AM [player] buffering 0.0
[DBG] Buffering 0%
[DBG] Buffering 5%
[DBG] Buffering 8%
[DBG] Buffering 24%
[DBG] Buffering 30%
[DBG] Buffering 33%
[DBG] Buffering 36%
[DBG] Buffering 41%
[DBG] Buffering 46%
[DBG] Buffering 50%
[DBG] Buffering 52%
[DBG] Buffering 55%
[DBG] Buffering 58%
[DBG] Received first picture
10:37:24.414 AM [framestep] nextFrameStepped result=0 time=24375 ms
[DBG] Buffering 72%
[DBG] Buffering 73%
[DBG] Buffering 80%
[DBG] Buffering 81%
[DBG] Buffering 83%
[DBG] Buffering 86%
[DBG] Buffering 91%
[DBG] Buffering 96%
10:37:24.421 AM [player] buffering 1.0
[DBG] Stream buffering done (1001 ms in 14 ms)
[DBG] Decoder wait done in 0 ms
[ERR] ES_OUT_SET_(GROUP_)PCR  is called 15673 ms late (jitter of 15659 ms ignored)
[DBG] ES_OUT_RESET_PCR called
10:37:24.421 AM [player] buffering 0.0
10:37:24.421 AM [player] buffering 0.0
[DBG] Buffering 0%
[DBG] Buffering 14%
[DBG] Buffering 15%
[DBG] Buffering 21%
[DBG] Buffering 24%
[DBG] Buffering 25%
[DBG] Buffering 28%
[DBG] Buffering 33%
[DBG] Buffering 38%
[DBG] Buffering 41%
[DBG] Buffering 43%
[DBG] Buffering 46%
[DBG] Buffering 50%
[DBG] Received first picture
10:37:24.432 AM [framestep] nextFrameStepped result=0 time=24375 ms
[DBG] Buffering 66%
[DBG] Buffering 71%
[DBG] Buffering 75%
[DBG] Buffering 78%
[DBG] Buffering 83%
[DBG] Buffering 85%
[DBG] Buffering 88%
[DBG] Buffering 91%
[DBG] Buffering 94%
[DBG] Buffering 96%
[DBG] Stream buffering done (1001 ms in 17 ms)
10:37:24.439 AM [player] buffering 1.0
[DBG] Decoder wait done in 0 ms
[ERR] ES_OUT_SET_(GROUP_)PCR  is called 15604 ms late (jitter of 15659 ms ignored)
[DBG] ES_OUT_RESET_PCR called
10:37:24.441 AM [player] buffering 0.0
[DBG] Buffering 0%
10:37:24.443 AM [player] buffering 0.0
[DBG] Buffering 6%
[DBG] Buffering 8%
[DBG] Buffering 9%
[DBG] Buffering 13%
[DBG] Buffering 18%
[DBG] Buffering 23%
[DBG] Buffering 26%
[DBG] Buffering 31%
[DBG] Buffering 35%
[DBG] Buffering 50%
[DBG] Buffering 56%
[DBG] Buffering 59%
[DBG] Buffering 60%
[DBG] Buffering 63%
[DBG] Buffering 68%
[DBG] Buffering 73%
[DBG] Received first picture
10:37:24.460 AM [framestep] nextFrameStepped result=0 time=24375 ms
[DBG] Buffering 76%
[DBG] Buffering 78%
[DBG] Buffering 81%
[DBG] Buffering 85%
10:37:24.463 AM [player] buffering 1.0
[DBG] Stream buffering done (1013 ms in 19 ms)
[DBG] Decoder wait done in 0 ms
[ERR] ES_OUT_SET_(GROUP_)PCR  is called 15702 ms late (jitter of 15673 ms ignored)
[DBG] ES_OUT_RESET_PCR called
10:37:24.465 AM [player] buffering 0.0
10:37:24.465 AM [player] buffering 0.0
[DBG] Buffering 0%
[DBG] Buffering 3%
[DBG] Buffering 8%
[DBG] Buffering 10%
[DBG] Buffering 13%
[DBG] Buffering 16%
[DBG] Buffering 20%
[DBG] Buffering 21%
[DBG] Buffering 25%
[DBG] Buffering 39%
[DBG] Buffering 40%
[DBG] Buffering 46%
[DBG] Buffering 48%
[DBG] Buffering 50%
[DBG] Buffering 53%
[DBG] Buffering 58%
[DBG] Buffering 63%
[DBG] Received first picture
10:37:24.488 AM [framestep] nextFrameStepped result=0 time=24375 ms
[DBG] Buffering 66%
[DBG] Buffering 71%
[DBG] Buffering 75%
[DBG] Buffering 90%
[DBG] Buffering 96%
10:37:24.493 AM [player] buffering 1.0
[DBG] Stream buffering done (1001 ms in 28 ms)
[DBG] Decoder wait done in 0 ms
[ERR] ES_OUT_SET_(GROUP_)PCR  is called 15764 ms late (jitter of 15702 ms ignored)
[DBG] ES_OUT_RESET_PCR called
10:37:24.495 AM [player] buffering 0.0
10:37:24.495 AM [player] buffering 0.0
[DBG] Buffering 0%
[DBG] Buffering 5%
[DBG] Buffering 8%
[DBG] Buffering 10%
[DBG] Buffering 13%
[DBG] Buffering 16%
[DBG] Buffering 33%
[DBG] Buffering 38%
[DBG] Buffering 41%
[DBG] Buffering 45%
[DBG] Buffering 50%
[DBG] Buffering 52%
[DBG] Buffering 55%
[DBG] Buffering 58%
[DBG] Buffering 62%
[DBG] Buffering 63%
[DBG] Buffering 66%
[DBG] Received first picture
10:37:24.519 AM [framestep] nextFrameStepped result=0 time=24375 ms
[DBG] Buffering 81%
[DBG] Buffering 88%
[DBG] Buffering 90%
[DBG] Buffering 91%
[DBG] Buffering 95%
[DBG] Stream buffering done (1001 ms in 34 ms)
10:37:24.529 AM [player] buffering 1.0
[DBG] Decoder wait done in 0 ms
[ERR] ES_OUT_SET_(GROUP_)PCR  is called 15782 ms late (jitter of 15764 ms ignored)
[DBG] ES_OUT_RESET_PCR called
10:37:24.530 AM [player] buffering 0.0
10:37:24.530 AM [player] buffering 0.0
[DBG] Buffering 0%
[DBG] Buffering 4%
[DBG] Buffering 8%
[DBG] Buffering 23%
[DBG] Buffering 29%
[DBG] Buffering 33%
[DBG] Buffering 36%
[DBG] Buffering 41%
[DBG] Received first picture
10:37:24.538 AM [framestep] nextFrameStepped result=0 time=24375 ms
[DBG] Buffering 46%
[DBG] Buffering 50%
[DBG] Buffering 52%
[DBG] Buffering 55%
[DBG] Buffering 58%
[DBG] Buffering 71%
[DBG] Buffering 73%
[DBG] Buffering 80%
[DBG] Buffering 81%
[DBG] Buffering 83%
[DBG] Buffering 86%
[DBG] Buffering 91%
[DBG] Buffering 96%
[DBG] Stream buffering done (1001 ms in 22 ms)
[DBG] Decoder wait done in 0 ms
10:37:24.553 AM [player] buffering 1.0
[ERR] ES_OUT_SET_(GROUP_)PCR  is called 15807 ms late (jitter of 15782 ms ignored)
[DBG] ES_OUT_RESET_PCR called
10:37:24.554 AM [player] buffering 0.0
[DBG] Buffering 0%
10:37:24.554 AM [player] buffering 0.0
[DBG] Buffering 14%
[DBG] Buffering 21%
[DBG] Buffering 24%
[DBG] Buffering 25%
[DBG] Received first picture
10:37:24.560 AM [framestep] nextFrameStepped result=0 time=24375 ms
[DBG] Buffering 28%
[DBG] Buffering 33%
[DBG] Buffering 38%
[DBG] Buffering 41%
[DBG] Buffering 43%
[DBG] Buffering 46%
[DBG] Buffering 50%
[DBG] Buffering 65%
[DBG] Buffering 71%
[DBG] Buffering 75%
[DBG] Buffering 78%
[DBG] Buffering 83%
[DBG] Buffering 88%
[DBG] Buffering 91%
[DBG] Buffering 94%
[DBG] Buffering 96%
[DBG] Stream buffering done (1001 ms in 18 ms)
[DBG] Decoder wait done in 0 ms
10:37:24.573 AM [player] buffering 1.0
[ERR] ES_OUT_SET_(GROUP_)PCR  is called 15740 ms late (jitter of 15782 ms ignored)
[DBG] ES_OUT_RESET_PCR called
10:37:24.576 AM [player] buffering 0.0
[DBG] Buffering 0%
10:37:24.577 AM [player] buffering 0.0
[DBG] Buffering 6%
[DBG] Buffering 8%
[DBG] Buffering 10%
[DBG] Buffering 13%
[DBG] Buffering 18%
[DBG] Buffering 23%
[DBG] Buffering 26%
[DBG] Buffering 31%
[DBG] Buffering 35%
[DBG] Buffering 50%
[DBG] Buffering 56%
[DBG] Buffering 59%
[DBG] Buffering 60%
[DBG] Buffering 63%
[DBG] Buffering 68%
[DBG] Received first picture
10:37:24.588 AM [framestep] nextFrameStepped result=0 time=24375 ms
[DBG] Buffering 73%
[DBG] Buffering 76%
[DBG] Buffering 78%
[DBG] Buffering 81%
[DBG] Buffering 85%
[DBG] Stream buffering done (1012 ms in 20 ms)
[DBG] Decoder wait done in 0 ms
10:37:24.597 AM [player] buffering 1.0
[ERR] ES_OUT_SET_(GROUP_)PCR  is called 15836 ms late (jitter of 15807 ms ignored)
[DBG] ES_OUT_RESET_PCR called
10:37:24.599 AM [player] buffering 0.0
[DBG] Buffering 0%
10:37:24.599 AM [player] buffering 0.0
[DBG] Buffering 3%
[DBG] Buffering 8%
[DBG] Buffering 10%
[DBG] Buffering 13%
[DBG] Buffering 16%
[DBG] Buffering 19%
[DBG] Buffering 21%
[DBG] Buffering 25%
[DBG] Buffering 39%
[DBG] Buffering 40%
[DBG] Buffering 46%
[DBG] Buffering 48%
[DBG] Buffering 50%
[DBG] Received first picture
10:37:24.616 AM [framestep] nextFrameStepped result=0 time=24375 ms
[DBG] Buffering 53%
[DBG] Buffering 58%
[DBG] Buffering 63%
[DBG] Buffering 66%
[DBG] Buffering 71%
[DBG] Buffering 75%
[DBG] Buffering 90%
[DBG] Buffering 96%
[DBG] Buffering 99%
[DBG] Stream buffering done (1001 ms in 22 ms)
[DBG] Decoder wait done in 0 ms
10:37:24.622 AM [player] buffering 1.0
[ERR] ES_OUT_SET_(GROUP_)PCR  is called 15893 ms late (jitter of 15836 ms ignored)
[DBG] ES_OUT_RESET_PCR called
10:37:24.623 AM [player] buffering 0.0
[DBG] Buffering 0%
10:37:24.624 AM [player] buffering 0.0
[DBG] Buffering 5%
[DBG] Buffering 8%
[DBG] Buffering 10%
[DBG] Buffering 13%
[DBG] Buffering 16%
[DBG] Buffering 33%
[DBG] Buffering 38%
[DBG] Buffering 41%
[DBG] Buffering 45%
[DBG] Buffering 50%
[DBG] Buffering 52%
[DBG] Buffering 55%
[DBG] Buffering 58%
[DBG] Received first picture
10:37:24.631 AM [framestep] nextFrameStepped result=0 time=24375 ms
[DBG] Buffering 61%
[DBG] Buffering 63%
[DBG] Buffering 66%
[DBG] Buffering 81%
[DBG] Buffering 88%
[DBG] Buffering 90%
[DBG] Buffering 91%
[DBG] Buffering 95%
[DBG] Stream buffering done (1001 ms in 15 ms)
[DBG] Decoder wait done in 0 ms
10:37:24.639 AM [player] buffering 1.0
[ERR] ES_OUT_SET_(GROUP_)PCR  is called 15892 ms late (jitter of 15892 ms ignored)
[DBG] ES_OUT_RESET_PCR called
10:37:24.639 AM [player] buffering 0.0
[DBG] Buffering 0%
10:37:24.641 AM [player] buffering 0.0
[DBG] Buffering 5%
[DBG] Buffering 8%
[DBG] Buffering 23%
[DBG] Buffering 30%
[DBG] Buffering 33%
[DBG] Buffering 36%
[DBG] Buffering 41%
[DBG] Buffering 46%
[DBG] Received first picture
[DBG] Buffering 50%
10:37:24.651 AM [framestep] nextFrameStepped result=0 time=24375 ms
[DBG] Buffering 52%
[DBG] Buffering 55%
[DBG] Buffering 58%
[DBG] Buffering 75%
[DBG] Buffering 80%
[DBG] Buffering 83%
[DBG] Buffering 86%
[DBG] Buffering 91%
[DBG] Buffering 94%
[DBG] Buffering 96%
[DBG] Stream buffering done (1001 ms in 16 ms)
[DBG] Decoder wait done in 0 ms
10:37:24.657 AM [player] buffering 1.0
[ERR] ES_OUT_SET_(GROUP_)PCR  is called 15922 ms late (jitter of 15893 ms ignored)
[DBG] ES_OUT_RESET_PCR called
10:37:24.657 AM [player] buffering 0.0
[DBG] Buffering 0%
10:37:24.658 AM [player] buffering 0.0
[DBG] Buffering 3%
[DBG] Buffering 17%
[DBG] Buffering 18%
[DBG] Buffering 25%
[DBG] Buffering 27%
[DBG] Buffering 28%
[DBG] Buffering 31%
[DBG] Buffering 36%
[DBG] Buffering 41%
[DBG] Received first picture
10:37:24.664 AM [framestep] nextFrameStepped result=0 time=24375 ms
[DBG] Buffering 45%
[DBG] Buffering 50%
[DBG] Buffering 53%
[DBG] Buffering 69%
[DBG] Buffering 75%
[DBG] Buffering 78%
[DBG] Buffering 81%
[DBG] Buffering 86%
[DBG] Buffering 91%
[DBG] Buffering 95%
[DBG] Buffering 97%
[DBG] Stream buffering done (1001 ms in 14 ms)
10:37:24.672 AM [player] buffering 1.0
[DBG] Decoder wait done in 0 ms
[ERR] ES_OUT_SET_(GROUP_)PCR  is called 15942 ms late (jitter of 15922 ms ignored)
[DBG] ES_OUT_RESET_PCR called
10:37:24.672 AM [player] buffering 0.0
10:37:24.677 AM [player] buffering 0.0
[DBG] Buffering 0%
[DBG] Buffering 1%
[DBG] Buffering 8%
[DBG] Buffering 9%
[DBG] Buffering 11%
[DBG] Buffering 14%
[DBG] Buffering 19%
[DBG] Buffering 24%
[DBG] Received first picture
10:37:24.681 AM [framestep] nextFrameStepped result=0 time=24375 ms
[DBG] Buffering 28%
[DBG] Buffering 33%
[DBG] Buffering 36%
[DBG] Buffering 51%
[DBG] Buffering 57%
[DBG] Buffering 60%
[DBG] Buffering 61%
[DBG] Buffering 64%
[DBG] Buffering 69%
[DBG] Buffering 74%
[DBG] Buffering 78%
[DBG] Buffering 80%
[DBG] Buffering 83%
[DBG] Buffering 86%
10:37:24.692 AM [player] buffering 1.0
[DBG] Stream buffering done (1024 ms in 14 ms)
[DBG] Decoder wait done in 0 ms
[ERR] ES_OUT_SET_(GROUP_)PCR  is called 15915 ms late (jitter of 15922 ms ignored)
[DBG] ES_OUT_RESET_PCR called
10:37:24.692 AM [player] buffering 0.0
10:37:24.693 AM [player] buffering 0.0
[DBG] Buffering 0%
[DBG] Buffering 3%
[DBG] Buffering 8%
[DBG] Buffering 10%
[DBG] Buffering 13%
[DBG] Buffering 16%
[DBG] Buffering 19%
[DBG] Buffering 21%
[DBG] Buffering 25%
[DBG] Buffering 39%
[DBG] Buffering 40%
[DBG] Buffering 46%
[DBG] Buffering 48%
[DBG] Buffering 50%
[DBG] Buffering 53%
[DBG] Buffering 58%
[DBG] Received first picture
10:37:24.700 AM [framestep] nextFrameStepped result=0 time=24375 ms
[DBG] Buffering 63%
[DBG] Buffering 66%
[DBG] Buffering 71%
[DBG] Buffering 75%
[DBG] Buffering 90%
[DBG] Buffering 96%
[DBG] Buffering 99%
[DBG] Stream buffering done (1001 ms in 13 ms)
10:37:24.706 AM [player] buffering 1.0
[DBG] Decoder wait done in 0 ms
[ERR] ES_OUT_SET_(GROUP_)PCR  is called 15978 ms late (jitter of 15942 ms ignored)
[DBG] ES_OUT_RESET_PCR called
10:37:24.708 AM [player] buffering 0.0
10:37:24.709 AM [player] buffering 0.0
[DBG] Buffering 0%
[DBG] Buffering 5%
[DBG] Buffering 8%
[DBG] Buffering 10%
[DBG] Buffering 13%
[DBG] Buffering 16%
[DBG] Buffering 32%
[DBG] Buffering 38%
[DBG] Buffering 41%
[DBG] Received first picture
10:37:24.717 AM [framestep] nextFrameStepped result=0 time=24375 ms
[DBG] Buffering 45%
[DBG] Buffering 50%
[DBG] Buffering 52%
[DBG] Buffering 55%
[DBG] Buffering 58%
[DBG] Buffering 61%
[DBG] Buffering 63%
[DBG] Buffering 66%
[DBG] Buffering 80%
[DBG] Buffering 81%
[DBG] Buffering 88%
[DBG] Buffering 90%
[DBG] Buffering 91%
[DBG] Buffering 95%
[DBG] Stream buffering done (1001 ms in 14 ms)
10:37:24.723 AM [player] buffering 1.0
[DBG] Decoder wait done in 0 ms
[ERR] ES_OUT_SET_(GROUP_)PCR  is called 15976 ms late (jitter of 15976 ms ignored)
[DBG] ES_OUT_RESET_PCR called
10:37:24.723 AM [player] buffering 0.0
10:37:24.725 AM [player] buffering 0.0
[DBG] Buffering 0%
[DBG] Buffering 4%
[DBG] Buffering 8%
[DBG] Buffering 23%
[DBG] Buffering 29%
[DBG] Buffering 33%
[DBG] Buffering 36%
[DBG] Buffering 41%
[DBG] Received first picture
10:37:24.732 AM [framestep] nextFrameStepped result=0 time=24375 ms
[DBG] Buffering 46%
[DBG] Buffering 50%
[DBG] Buffering 52%
[DBG] Buffering 55%
[DBG] Buffering 58%
[DBG] Buffering 74%
[DBG] Buffering 80%
[DBG] Buffering 83%
[DBG] Buffering 86%
[DBG] Buffering 91%
[DBG] Buffering 94%
[DBG] Buffering 96%
10:37:24.745 AM [player] buffering 1.0
[DBG] Stream buffering done (1001 ms in 20 ms)
[DBG] Decoder wait done in 0 ms
[ERR] ES_OUT_SET_(GROUP_)PCR  is called 16013 ms late (jitter of 15978 ms ignored)
[DBG] ES_OUT_RESET_PCR called
10:37:24.746 AM [player] buffering 0.0
10:37:24.746 AM [player] buffering 0.0
[DBG] Buffering 0%
[DBG] Buffering 3%
[DBG] Buffering 17%
[DBG] Buffering 18%
[DBG] Buffering 25%
[DBG] Buffering 27%
[DBG] Buffering 28%
[DBG] Buffering 31%
[DBG] Buffering 36%
[DBG] Buffering 41%
[DBG] Buffering 45%
[DBG] Buffering 50%
[DBG] Buffering 53%
[DBG] Received first picture
10:37:24.753 AM [framestep] nextFrameStepped result=0 time=24375 ms
[DBG] Buffering 69%
[DBG] Buffering 75%
[DBG] Buffering 78%
[DBG] Buffering 81%
[DBG] Buffering 86%
[DBG] Buffering 91%
[DBG] Buffering 95%
[DBG] Buffering 97%
10:37:24.760 AM [player] buffering 1.0
[DBG] Stream buffering done (1001 ms in 13 ms)
[DBG] Decoder wait done in 0 ms
[ERR] ES_OUT_SET_(GROUP_)PCR  is called 16030 ms late (jitter of 16013 ms ignored)
[DBG] ES_OUT_RESET_PCR called
10:37:24.762 AM [player] buffering 0.0
10:37:24.766 AM [player] buffering 0.0
[DBG] Buffering 0%
[DBG] Buffering 1%
[DBG] Buffering 8%
[DBG] Buffering 9%
[DBG] Buffering 11%
[DBG] Received first picture
10:37:24.769 AM [framestep] nextFrameStepped result=0 time=24375 ms
[DBG] Buffering 14%
[DBG] Buffering 19%
[DBG] Buffering 24%
[DBG] Buffering 28%
[DBG] Buffering 33%
[DBG] Buffering 36%
[DBG] Buffering 51%
[DBG] Buffering 58%
[DBG] Buffering 60%
[DBG] Buffering 61%
[DBG] Buffering 64%
[DBG] Buffering 69%
[DBG] Buffering 74%
[DBG] Buffering 78%
[DBG] Buffering 80%
[DBG] Buffering 83%
[DBG] Buffering 86%
10:37:24.783 AM [player] buffering 1.0
[DBG] Stream buffering done (1024 ms in 17 ms)
[DBG] Decoder wait done in 0 ms
[ERR] ES_OUT_SET_(GROUP_)PCR  is called 16005 ms late (jitter of 16013 ms ignored)
[DBG] ES_OUT_RESET_PCR called
10:37:24.784 AM [player] buffering 0.0
[DBG] Buffering 0%
10:37:24.784 AM [player] buffering 0.0
[DBG] Buffering 3%
[DBG] Buffering 8%
[DBG] Buffering 13%
[DBG] Buffering 16%
[DBG] Buffering 19%
[DBG] Buffering 21%
[DBG] Buffering 25%
[DBG] Buffering 38%
[DBG] Buffering 40%
[DBG] Buffering 46%
[DBG] Buffering 48%
[DBG] Buffering 50%
[DBG] Received first picture
10:37:24.792 AM [framestep] nextFrameStepped result=0 time=24375 ms
[DBG] Buffering 53%
[DBG] Buffering 57%
[DBG] Buffering 58%
[DBG] Buffering 63%
[DBG] Buffering 66%
[DBG] Buffering 71%
[DBG] Buffering 75%
[DBG] Buffering 90%
[DBG] Buffering 96%
[DBG] Buffering 99%
10:37:24.801 AM [player] buffering 1.0
[DBG] Stream buffering done (1001 ms in 17 ms)
[DBG] Decoder wait done in 0 ms
[ERR] ES_OUT_SET_(GROUP_)PCR  is called 16075 ms late (jitter of 16030 ms ignored)
[DBG] ES_OUT_RESET_PCR called
10:37:24.805 AM [player] buffering 0.0
10:37:24.806 AM [player] buffering 0.0
[DBG] Buffering 0%
[DBG] Buffering 5%
[DBG] Buffering 8%
[DBG] Buffering 10%
[DBG] Buffering 13%
[DBG] Buffering 16%
[DBG] Buffering 32%
[DBG] Buffering 38%
[DBG] Buffering 41%
[DBG] Buffering 45%
[DBG] Received first picture
10:37:24.826 AM [framestep] nextFrameStepped result=0 time=24375 ms
[DBG] Buffering 50%
[DBG] Buffering 52%
[DBG] Buffering 55%
[DBG] Buffering 58%
[DBG] Buffering 61%
[DBG] Buffering 63%
[DBG] Buffering 66%
[DBG] Buffering 80%
[DBG] Buffering 81%
[DBG] Buffering 88%
[DBG] Buffering 90%
[DBG] Buffering 91%
[DBG] Buffering 95%
10:37:24.838 AM [player] buffering 1.0
[DBG] Stream buffering done (1000 ms in 31 ms)
[DBG] Decoder wait done in 0 ms
[ERR] ES_OUT_SET_(GROUP_)PCR  is called 16140 ms late (jitter of 16075 ms ignored)
[DBG] ES_OUT_RESET_PCR called
10:37:24.838 AM [player] buffering 0.0
10:37:24.838 AM [player] buffering 0.0
[DBG] Buffering 0%
[DBG] Buffering 3%
[DBG] Buffering 8%
[DBG] Buffering 11%
[DBG] Buffering 26%
[DBG] Buffering 33%
[DBG] Buffering 36%
[DBG] Buffering 40%
[DBG] Buffering 45%
[DBG] Received first picture
10:37:24.847 AM [framestep] nextFrameStepped result=0 time=24375 ms
[DBG] Buffering 50%
[DBG] Buffering 53%
[DBG] Buffering 55%
[DBG] Buffering 58%
[DBG] Buffering 61%
[DBG] Buffering 78%
[DBG] Buffering 83%
[DBG] Buffering 86%
[DBG] Buffering 90%
[DBG] Buffering 95%
[DBG] Buffering 97%
10:37:24.858 AM [player] buffering 1.0
[DBG] Stream buffering done (1001 ms in 20 ms)
[DBG] Decoder wait done in 0 ms
[ERR] ES_OUT_SET_(GROUP_)PCR  is called 16129 ms late (jitter of 16129 ms ignored)
[DBG] ES_OUT_RESET_PCR called
10:37:24.860 AM [player] buffering 0.0
[DBG] Buffering 0%
10:37:24.860 AM [player] buffering 0.0
[DBG] Buffering 1%
[DBG] Buffering 4%
[DBG] Buffering 19%
[DBG] Buffering 26%
[DBG] Buffering 28%
[DBG] Buffering 29%
[DBG] Buffering 33%
[DBG] Buffering 38%
[DBG] Received first picture
10:37:24.868 AM [framestep] nextFrameStepped result=0 time=24375 ms
[DBG] Buffering 43%
[DBG] Buffering 46%
[DBG] Buffering 51%
[DBG] Buffering 55%
[DBG] Buffering 70%
[DBG] Buffering 76%
[DBG] Buffering 80%
[DBG] Buffering 83%
[DBG] Buffering 88%
[DBG] Buffering 93%
[DBG] not really pausing SPU
[DBG] Buffering 96%
[DBG] Buffering 99%
10:37:24.879 AM [player] buffering 1.0
[DBG] Stream buffering done (1017 ms in 19 ms)
[DBG] Decoder wait done in 0 ms
[ERR] ES_OUT_SET_(GROUP_)PCR  is called 16135 ms late (jitter of 16135 ms ignored)
[DBG] ES_OUT_RESET_PCR called
10:37:24.881 AM [player] buffering 0.0
[DBG] Buffering 0%
10:37:24.930 AM [player] buffering 0.0
[DBG] Buffering 5%
[DBG] Buffering 8%
[DBG] Buffering 11%
[DBG] Buffering 16%
[DBG] Buffering 19%
[DBG] Buffering 21%
[DBG] Buffering 25%
[DBG] Buffering 28%
[DBG] Buffering 30%
[DBG] Buffering 33%
[DBG] Buffering 48%
[DBG] Buffering 55%
[DBG] Buffering 57%
[DBG] Buffering 58%
[DBG] Buffering 61%
[DBG] Buffering 66%
[DBG] Buffering 71%
[DBG] Buffering 75%
[DBG] Buffering 80%
[DBG] Buffering 83%
[DBG] Buffering 99%
10:37:24.932 AM [player] buffering 1.0
[DBG] Stream buffering done (1052 ms in 1 ms)
[DBG] Decoder wait done in 0 ms
[ERR] ES_OUT_SET_(GROUP_)PCR  is called 16151 ms late (jitter of 16135 ms ignored)
[DBG] ES_OUT_RESET_PCR called
10:37:24.932 AM [player] buffering 0.0
[DBG] Buffering 0%
10:37:24.932 AM [player] buffering 0.0
[DBG] Buffering 5%
[DBG] Buffering 10%
[DBG] Buffering 13%
[DBG] Buffering 16%
[DBG] Buffering 18%
[DBG] Buffering 21%
[DBG] Buffering 35%
[DBG] Buffering 36%
[DBG] Buffering 43%
[DBG] Buffering 44%
[DBG] Buffering 46%
[DBG] Buffering 50%
[DBG] Buffering 54%
[DBG] Buffering 55%
[DBG] Buffering 60%
[DBG] Buffering 63%
[DBG] Buffering 68%
[DBG] Buffering 71%
[DBG] Buffering 86%
[DBG] Buffering 93%
[DBG] Buffering 96%
[DBG] Stream buffering done (1001 ms in 1 ms)
10:37:24.934 AM [player] buffering 1.0
[DBG] Decoder wait done in 0 ms
[ERR] ES_OUT_SET_(GROUP_)PCR  is called 16186 ms late (jitter of 16151 ms ignored)
[DBG] ES_OUT_RESET_PCR called
10:37:24.934 AM [player] buffering 0.0
[DBG] Buffering 0%
10:37:24.934 AM [player] buffering 0.0
[DBG] Buffering 3%
[DBG] Buffering 5%
[DBG] Buffering 8%
[DBG] Buffering 11%
[DBG] Buffering 27%
[DBG] Buffering 33%
[DBG] Buffering 36%
[DBG] Buffering 40%
[DBG] Buffering 45%
[DBG] Buffering 46%
[DBG] Buffering 50%
[DBG] Buffering 53%
[DBG] Buffering 56%
[DBG] Buffering 58%
[DBG] Buffering 61%
[DBG] Received first picture
10:37:24.937 AM [framestep] nextFrameStepped result=0 time=24375 ms
[DBG] Buffering 75%
[DBG] Buffering 76%
[DBG] Buffering 83%
[DBG] Buffering 85%
[DBG] Buffering 86%
[DBG] Buffering 90%
[DBG] Buffering 94%
[DBG] Buffering 95%
10:37:24.948 AM [player] buffering 1.0
[DBG] Stream buffering done (1001 ms in 13 ms)
[DBG] Decoder wait done in 0 ms
[ERR] ES_OUT_SET_(GROUP_)PCR  is called 16219 ms late (jitter of 16186 ms ignored)
[DBG] ES_OUT_RESET_PCR called
10:37:24.950 AM [player] buffering 0.0
[DBG] Buffering 0%
10:37:24.950 AM [player] buffering 0.0
[DBG] Buffering 3%
[DBG] Buffering 18%
[DBG] Buffering 25%
[DBG] Buffering 28%
[DBG] Received first picture
10:37:24.955 AM [framestep] nextFrameStepped result=0 time=24375 ms
[DBG] Buffering 31%
[DBG] Buffering 36%
[DBG] Buffering 41%
[DBG] Buffering 45%
[DBG] Buffering 47%
[DBG] Buffering 50%
[DBG] Buffering 53%
[DBG] Buffering 69%
[DBG] Buffering 75%
[DBG] Buffering 78%
[DBG] Buffering 81%
[DBG] Buffering 86%
[DBG] Buffering 88%
[DBG] Buffering 91%
[DBG] Buffering 95%
[DBG] Buffering 98%
10:37:24.966 AM [player] buffering 1.0
[DBG] Stream buffering done (1001 ms in 16 ms)
[DBG] Decoder wait done in 0 ms
[ERR] ES_OUT_SET_(GROUP_)PCR  is called 16235 ms late (jitter of 16219 ms ignored)
[DBG] ES_OUT_RESET_PCR called
10:37:24.966 AM [player] buffering 0.0
10:37:24.969 AM [player] buffering 0.0
[DBG] Buffering 0%
[DBG] Received first picture
10:37:24.971 AM [framestep] nextFrameStepped result=0 time=24375 ms
[DBG] Buffering 7%
[DBG] Buffering 9%
[DBG] Buffering 10%
[DBG] Buffering 14%
[DBG] Buffering 19%
[DBG] Buffering 24%
[DBG] Buffering 27%
[DBG] Buffering 32%
[DBG] Buffering 35%
[DBG] Buffering 51%
[DBG] Buffering 57%
[DBG] Buffering 60%
[DBG] Buffering 64%
[DBG] Buffering 69%
[DBG] Buffering 74%
[DBG] Buffering 77%
[DBG] Buffering 80%
[DBG] Buffering 82%
[DBG] Buffering 86%
10:37:24.984 AM [player] buffering 1.0
[DBG] Stream buffering done (1024 ms in 15 ms)
[DBG] Decoder wait done in 0 ms
[ERR] ES_OUT_SET_(GROUP_)PCR  is called 16219 ms late (jitter of 16219 ms ignored)
[DBG] ES_OUT_RESET_PCR called
10:37:24.991 AM [player] buffering 0.0
[DBG] Buffering 0%
10:37:24.991 AM [player] buffering 0.0
[DBG] Buffering 3%
[DBG] Buffering 8%
[DBG] Buffering 10%
[DBG] Buffering 13%
[DBG] Buffering 16%
[DBG] Buffering 20%
[DBG] Buffering 21%
[DBG] Buffering 25%
[DBG] Buffering 39%
[DBG] Buffering 40%
[DBG] Buffering 46%
[DBG] Buffering 49%
[DBG] Buffering 50%
[DBG] Buffering 53%
[DBG] Buffering 58%
[DBG] Received first picture
10:37:24.998 AM [framestep] nextFrameStepped result=0 time=24375 ms
[DBG] Buffering 63%
[DBG] Buffering 66%
[DBG] Buffering 71%
[DBG] Buffering 75%
[DBG] Buffering 90%
[DBG] Buffering 96%
10:37:25.004 AM [player] buffering 1.0
[DBG] Stream buffering done (1001 ms in 12 ms)
[DBG] Decoder wait done in 0 ms
[ERR] ES_OUT_SET_(GROUP_)PCR  is called 16275 ms late (jitter of 16235 ms ignored)
[DBG] ES_OUT_RESET_PCR called
10:37:25.006 AM [player] buffering 0.0
10:37:25.006 AM [player] buffering 0.0
[DBG] Buffering 0%
[DBG] Buffering 5%
[DBG] Buffering 8%
[DBG] Buffering 11%
[DBG] Buffering 13%
[DBG] Buffering 16%
[DBG] Buffering 30%
[DBG] Buffering 31%
[DBG] Buffering 38%
[DBG] Buffering 39%
[DBG] Buffering 41%
[DBG] Received first picture
10:37:25.018 AM [framestep] nextFrameStepped result=0 time=24375 ms
[DBG] Buffering 45%
[DBG] Buffering 49%
[DBG] Buffering 50%
[DBG] Buffering 55%
[DBG] Buffering 58%
[DBG] Buffering 63%
[DBG] Buffering 66%
[DBG] Buffering 81%
[DBG] Buffering 88%
[DBG] Buffering 91%
[DBG] Buffering 95%
[DBG] Stream buffering done (1001 ms in 26 ms)
10:37:25.033 AM [player] buffering 1.0
[DBG] Decoder wait done in 0 ms
[ERR] ES_OUT_SET_(GROUP_)PCR  is called 16289 ms late (jitter of 16275 ms ignored)
[DBG] ES_OUT_RESET_PCR called
10:37:25.036 AM [player] buffering 0.0
10:37:25.039 AM [player] buffering 0.0
[DBG] Buffering 0%
[DBG] Buffering 5%
[DBG] Buffering 8%
[DBG] Buffering 24%
[DBG] Buffering 30%
[DBG] Buffering 33%
[DBG] Received first picture
10:37:25.048 AM [framestep] nextFrameStepped result=0 time=24375 ms
[DBG] Buffering 36%
[DBG] Buffering 41%
[DBG] Buffering 46%
[DBG] Buffering 50%
[DBG] Buffering 52%
[DBG] Buffering 55%
[DBG] Buffering 58%
[DBG] Buffering 72%
[DBG] Buffering 73%
[DBG] Buffering 80%
[DBG] Buffering 81%
[DBG] Buffering 83%
[DBG] Buffering 86%
[DBG] Buffering 91%
[DBG] Buffering 96%
[DBG] Stream buffering done (1001 ms in 25 ms)
10:37:25.064 AM [player] buffering 1.0
[DBG] Decoder wait done in 0 ms
[ERR] ES_OUT_SET_(GROUP_)PCR  is called 16316 ms late (jitter of 16289 ms ignored)
[DBG] ES_OUT_RESET_PCR called
10:37:25.064 AM [player] buffering 0.0
10:37:25.064 AM [player] buffering 0.0
[DBG] Buffering 0%
[DBG] Buffering 14%
[DBG] Buffering 15%
[DBG] Received first picture
10:37:25.070 AM [framestep] nextFrameStepped result=0 time=24375 ms
[DBG] Buffering 21%
[DBG] Buffering 24%
[DBG] Buffering 25%
[DBG] Buffering 28%
[DBG] Buffering 33%
[DBG] Buffering 38%
[DBG] Buffering 41%
[DBG] Buffering 43%
[DBG] Buffering 46%
[DBG] Buffering 50%
[DBG] Buffering 66%
[DBG] Buffering 71%
[DBG] Buffering 75%
[DBG] Buffering 78%
[DBG] Buffering 83%
[DBG] Buffering 85%
[DBG] Buffering 88%
[DBG] Buffering 91%
[DBG] Buffering 94%
[DBG] Buffering 96%
10:37:25.086 AM [player] buffering 1.0
[DBG] Stream buffering done (1001 ms in 21 ms)
[DBG] Decoder wait done in 0 ms
[ERR] ES_OUT_SET_(GROUP_)PCR  is called 16252 ms late (jitter of 16289 ms ignored)
[DBG] ES_OUT_RESET_PCR called
10:37:25.089 AM [player] buffering 0.0
10:37:25.091 AM [player] buffering 0.0
[DBG] Buffering 0%
[DBG] Buffering 6%
[DBG] Buffering 8%
[DBG] Buffering 9%
[DBG] Buffering 13%
[DBG] Buffering 18%
[DBG] Buffering 23%
[DBG] Buffering 26%
[DBG] Buffering 31%
[DBG] Buffering 35%
[DBG] Buffering 50%
[DBG] Buffering 56%
[DBG] Buffering 59%
[DBG] Buffering 60%
[DBG] Buffering 63%
[DBG] Buffering 68%
[DBG] Received first picture
10:37:25.102 AM [framestep] nextFrameStepped result=0 time=24375 ms
[DBG] Buffering 73%
[DBG] Buffering 76%
[DBG] Buffering 78%
[DBG] Buffering 81%
[DBG] Buffering 85%
10:37:25.108 AM [player] buffering 1.0
[DBG] Stream buffering done (1013 ms in 17 ms)
[DBG] Decoder wait done in 0 ms
[ERR] ES_OUT_SET_(GROUP_)PCR  is called 16351 ms late (jitter of 16316 ms ignored)
[DBG] ES_OUT_RESET_PCR called
10:37:25.115 AM [player] buffering 0.0
10:37:25.115 AM [player] buffering 0.0
[DBG] Buffering 0%
[DBG] Buffering 3%
[DBG] Buffering 8%
[DBG] Buffering 10%
[DBG] Buffering 13%
[DBG] Buffering 16%
[DBG] Buffering 20%
[DBG] Buffering 21%
[DBG] Buffering 25%
[DBG] Buffering 39%
[DBG] Buffering 40%
[DBG] Buffering 46%
[DBG] Buffering 48%
[DBG] Buffering 50%
[DBG] Received first picture
10:37:25.124 AM [framestep] nextFrameStepped result=0 time=24375 ms
[DBG] Buffering 53%
[DBG] Buffering 58%
[DBG] Buffering 63%
[DBG] Buffering 66%
[DBG] Buffering 71%
[DBG] Buffering 75%
[DBG] Buffering 90%
[DBG] Buffering 96%
10:37:25.135 AM [player] buffering 1.0
[DBG] Stream buffering done (1001 ms in 20 ms)
[DBG] Decoder wait done in 0 ms
[ERR] ES_OUT_SET_(GROUP_)PCR  is called 16405 ms late (jitter of 16351 ms ignored)
[DBG] ES_OUT_RESET_PCR called
10:37:25.135 AM [player] buffering 0.0
[DBG] Buffering 0%
10:37:25.135 AM [player] buffering 0.0
[DBG] Buffering 5%
[DBG] Buffering 8%
[DBG] Buffering 10%
[DBG] Buffering 13%
[DBG] Buffering 16%
[DBG] Buffering 33%
[DBG] Buffering 38%
[DBG] Buffering 41%
[DBG] Buffering 45%
[DBG] Received first picture
10:37:25.143 AM [framestep] nextFrameStepped result=0 time=24375 ms
[DBG] Buffering 50%
[DBG] Buffering 52%
[DBG] Buffering 55%
[DBG] Buffering 58%
[DBG] Buffering 62%
[DBG] Buffering 63%
[DBG] Buffering 66%
[DBG] Buffering 81%
[DBG] Buffering 88%
[DBG] Buffering 90%
[DBG] Buffering 91%
[DBG] Buffering 95%
10:37:25.155 AM [player] buffering 1.0
[DBG] Stream buffering done (1001 ms in 19 ms)
[DBG] Decoder wait done in 0 ms
[ERR] ES_OUT_SET_(GROUP_)PCR  is called 16409 ms late (jitter of 16405 ms ignored)
[DBG] ES_OUT_RESET_PCR called
10:37:25.156 AM [player] buffering 0.0
10:37:25.157 AM [player] buffering 0.0
[DBG] Buffering 0%
[DBG] Buffering 4%
[DBG] Buffering 8%
[DBG] Buffering 23%
[DBG] Buffering 29%
[DBG] Buffering 33%
[DBG] Received first picture
10:37:25.165 AM [framestep] nextFrameStepped result=0 time=24375 ms
[DBG] Buffering 36%
[DBG] Buffering 41%
[DBG] Buffering 46%
[DBG] Buffering 50%
[DBG] Buffering 52%
[DBG] Buffering 55%
[DBG] Buffering 58%
[DBG] Buffering 71%
[DBG] Buffering 73%
[DBG] Buffering 80%
[DBG] Buffering 81%
[DBG] Buffering 83%
[DBG] Buffering 86%
[DBG] Buffering 91%
[DBG] Buffering 96%
10:37:25.180 AM [player] buffering 1.0
[DBG] Stream buffering done (1001 ms in 22 ms)
[DBG] Decoder wait done in 0 ms
[ERR] ES_OUT_SET_(GROUP_)PCR  is called 16433 ms late (jitter of 16409 ms ignored)
[DBG] ES_OUT_RESET_PCR called
10:37:25.180 AM [player] buffering 0.0
10:37:25.180 AM [player] buffering 0.0
[DBG] Buffering 0%
[DBG] Buffering 14%
[DBG] Buffering 21%
[DBG] Buffering 24%
[DBG] Buffering 25%
[DBG] Buffering 28%
[DBG] Buffering 33%
[DBG] Received first picture
10:37:25.188 AM [framestep] nextFrameStepped result=0 time=24375 ms
[DBG] Buffering 38%
[DBG] Buffering 41%
[DBG] Buffering 43%
[DBG] Buffering 46%
[DBG] Buffering 50%
[DBG] Buffering 65%
[DBG] Buffering 71%
[DBG] Buffering 75%
[DBG] Buffering 78%
[DBG] Buffering 83%
[DBG] Buffering 88%
[DBG] Buffering 91%
[DBG] Buffering 94%
[DBG] Buffering 96%
[DBG] Stream buffering done (1001 ms in 18 ms)
10:37:25.199 AM [player] buffering 1.0
[DBG] Decoder wait done in 0 ms
[ERR] ES_OUT_SET_(GROUP_)PCR  is called 16368 ms late (jitter of 16409 ms ignored)
[DBG] ES_OUT_RESET_PCR called
10:37:25.204 AM [player] buffering 0.0
10:37:25.205 AM [player] buffering 0.0
[DBG] Buffering 0%
[DBG] Buffering 6%
[DBG] Buffering 8%
[DBG] Buffering 10%
[DBG] Buffering 13%
[DBG] Buffering 18%
[DBG] Buffering 23%
[DBG] Buffering 26%
[DBG] Buffering 31%
[DBG] Buffering 35%
[DBG] Buffering 50%
[DBG] Buffering 56%
[DBG] Buffering 59%
[DBG] Buffering 60%
[DBG] Received first picture
10:37:25.220 AM [framestep] nextFrameStepped result=0 time=24375 ms
[DBG] Buffering 63%
[DBG] Buffering 68%
[DBG] Buffering 73%
[DBG] Buffering 76%
[DBG] Buffering 78%
[DBG] Buffering 81%
[DBG] Buffering 85%
10:37:25.225 AM [player] buffering 1.0
[DBG] Stream buffering done (1012 ms in 20 ms)
[DBG] Decoder wait done in 0 ms
[ERR] ES_OUT_SET_(GROUP_)PCR  is called 16464 ms late (jitter of 16433 ms ignored)
[DBG] ES_OUT_RESET_PCR called
10:37:25.228 AM [player] buffering 0.0
10:37:25.228 AM [player] buffering 0.0
[DBG] Buffering 0%
[DBG] Buffering 3%
[DBG] Buffering 8%
[DBG] Buffering 10%
[DBG] Buffering 13%
[DBG] Buffering 16%
[DBG] Buffering 19%
[DBG] Buffering 21%
[DBG] Buffering 25%
[DBG] Buffering 39%
[DBG] Buffering 40%
[DBG] Buffering 46%
[DBG] Buffering 48%
[DBG] Buffering 50%
[DBG] Received first picture
10:37:25.241 AM [framestep] nextFrameStepped result=0 time=24375 ms
[DBG] Buffering 53%
[DBG] Buffering 58%
[DBG] Buffering 63%
[DBG] Buffering 66%
[DBG] Buffering 71%
[DBG] Buffering 75%
[DBG] Buffering 90%
[DBG] Buffering 96%
[DBG] Buffering 99%
10:37:25.251 AM [player] buffering 1.0
[DBG] Stream buffering done (1001 ms in 23 ms)
[DBG] Decoder wait done in 0 ms
[ERR] ES_OUT_SET_(GROUP_)PCR  is called 16522 ms late (jitter of 16464 ms ignored)
[DBG] ES_OUT_RESET_PCR called
10:37:25.253 AM [player] buffering 0.0
10:37:25.253 AM [player] buffering 0.0
[DBG] Buffering 0%
[DBG] Buffering 5%
[DBG] Buffering 8%
[DBG] Buffering 10%
[DBG] Buffering 13%
[DBG] Buffering 16%
[DBG] Buffering 33%
[DBG] Buffering 38%
[DBG] Buffering 41%
[DBG] Buffering 45%
[DBG] Buffering 50%
[DBG] Received first picture
10:37:25.262 AM [framestep] nextFrameStepped result=0 time=24375 ms
[DBG] Buffering 52%
[DBG] Buffering 55%
[DBG] Buffering 58%
[DBG] Buffering 61%
[DBG] Buffering 63%
[DBG] Buffering 66%
[DBG] Buffering 81%
[DBG] Buffering 88%
[DBG] Buffering 90%
[DBG] Buffering 91%
[DBG] Buffering 95%
[DBG] Stream buffering done (1001 ms in 19 ms)
10:37:25.272 AM [player] buffering 1.0
[DBG] Decoder wait done in 0 ms
[ERR] ES_OUT_SET_(GROUP_)PCR  is called 16525 ms late (jitter of 16522 ms ignored)
[DBG] ES_OUT_RESET_PCR called
10:37:25.272 AM [player] buffering 0.0
[DBG] Buffering 0%
10:37:25.278 AM [player] buffering 0.0
[DBG] Buffering 5%
[DBG] Buffering 8%
[DBG] Buffering 23%
[DBG] Received first picture
10:37:25.286 AM [framestep] nextFrameStepped result=0 time=24375 ms
[DBG] Buffering 30%
[DBG] Buffering 33%
[DBG] Buffering 36%
[DBG] Buffering 41%
[DBG] Buffering 46%
[DBG] Buffering 50%
[DBG] Buffering 52%
[DBG] Buffering 55%
[DBG] Buffering 58%
[DBG] Buffering 75%
[DBG] Buffering 80%
[DBG] Buffering 83%
[DBG] Buffering 86%
[DBG] Buffering 91%
[DBG] Buffering 94%
[DBG] Buffering 96%
10:37:25.302 AM [player] buffering 1.0
[DBG] Stream buffering done (1001 ms in 24 ms)
[DBG] Decoder wait done in 0 ms
[ERR] ES_OUT_SET_(GROUP_)PCR  is called 16568 ms late (jitter of 16525 ms ignored)
[DBG] ES_OUT_RESET_PCR called
10:37:25.303 AM [player] buffering 0.0
10:37:25.304 AM [player] buffering 0.0
[DBG] Buffering 0%
[DBG] Buffering 3%
[DBG] Buffering 17%
[DBG] Buffering 18%
[DBG] Buffering 25%
[DBG] Received first picture
10:37:25.310 AM [framestep] nextFrameStepped result=0 time=24375 ms
[DBG] Buffering 27%
[DBG] Buffering 28%
[DBG] Buffering 31%
[DBG] Buffering 36%
[DBG] Buffering 41%
[DBG] Buffering 45%
[DBG] Buffering 50%
[DBG] Buffering 53%
[DBG] Buffering 69%
[DBG] Buffering 75%
[DBG] Buffering 78%
[DBG] Buffering 81%
[DBG] Buffering 86%
[DBG] Buffering 91%
[DBG] Buffering 95%
[DBG] Buffering 97%
10:37:25.327 AM [player] buffering 1.0
[DBG] Stream buffering done (1001 ms in 23 ms)
[DBG] Decoder wait done in 0 ms
[ERR] ES_OUT_SET_(GROUP_)PCR  is called 16597 ms late (jitter of 16568 ms ignored)
[DBG] ES_OUT_RESET_PCR called
10:37:25.327 AM [player] buffering 0.0
[DBG] Buffering 0%
10:37:25.331 AM [player] buffering 0.0
[DBG] Buffering 1%
[DBG] Received first picture
10:37:25.335 AM [framestep] nextFrameStepped result=0 time=24375 ms
[DBG] Buffering 8%
[DBG] Buffering 9%
[DBG] Buffering 11%
[DBG] Buffering 14%
[DBG] Buffering 19%
[DBG] Buffering 24%
[DBG] Buffering 28%
[DBG] Buffering 33%
[DBG] Buffering 36%
[DBG] Buffering 51%
[DBG] Buffering 57%
[DBG] Buffering 60%
[DBG] Buffering 61%
[DBG] Buffering 64%
[DBG] Buffering 69%
[DBG] Buffering 74%
[DBG] Buffering 78%
[DBG] Buffering 80%
[DBG] Buffering 83%
[DBG] Buffering 86%
10:37:25.354 AM [player] buffering 1.0
[DBG] Stream buffering done (1024 ms in 22 ms)
[DBG] Decoder wait done in 0 ms
[ERR] ES_OUT_SET_(GROUP_)PCR  is called 16579 ms late (jitter of 16579 ms ignored)
[DBG] ES_OUT_RESET_PCR called
10:37:25.356 AM [player] buffering 0.0
[DBG] Buffering 0%
10:37:25.357 AM [player] buffering 0.0
[DBG] Buffering 3%
[DBG] Buffering 8%
[DBG] Buffering 10%
[DBG] Buffering 13%
[DBG] Buffering 16%
[DBG] Buffering 19%
[DBG] Buffering 21%
[DBG] Buffering 25%
[DBG] Buffering 39%
[DBG] Buffering 40%
[DBG] Received first picture
10:37:25.367 AM [framestep] nextFrameStepped result=0 time=24375 ms
[DBG] Buffering 46%
[DBG] Buffering 48%
[DBG] Buffering 50%
[DBG] Buffering 53%
[DBG] Buffering 58%
[DBG] Buffering 63%
[DBG] Buffering 66%
[DBG] Buffering 71%
[DBG] Buffering 75%
[DBG] Buffering 90%
[DBG] Buffering 96%
[DBG] Buffering 99%
[DBG] Stream buffering done (1001 ms in 24 ms)
10:37:25.381 AM [player] buffering 1.0
[DBG] Decoder wait done in 0 ms
[ERR] ES_OUT_SET_(GROUP_)PCR  is called 16652 ms late (jitter of 16597 ms ignored)
[DBG] ES_OUT_RESET_PCR called
10:37:25.382 AM [player] buffering 0.0
[DBG] Buffering 0%
10:37:25.383 AM [player] buffering 0.0
[DBG] Buffering 5%
[DBG] Buffering 8%
[DBG] Buffering 10%
[DBG] Buffering 13%
[DBG] Buffering 16%
[DBG] Buffering 32%
[DBG] Buffering 38%
[DBG] Buffering 41%
[DBG] Buffering 45%
[DBG] Buffering 50%
[DBG] Buffering 52%
[DBG] Buffering 55%
[DBG] Received first picture
10:37:25.393 AM [framestep] nextFrameStepped result=0 time=24375 ms
[DBG] Buffering 58%
[DBG] Buffering 61%
[DBG] Buffering 63%
[DBG] Buffering 66%
[DBG] Buffering 80%
[DBG] Buffering 81%
[DBG] Buffering 88%
[DBG] Buffering 90%
[DBG] Buffering 91%
[DBG] Buffering 95%
[DBG] Stream buffering done (1001 ms in 18 ms)
[DBG] Decoder wait done in 0 ms
10:37:25.402 AM [player] buffering 1.0
[ERR] ES_OUT_SET_(GROUP_)PCR  is called 16656 ms late (jitter of 16652 ms ignored)
[DBG] ES_OUT_RESET_PCR called
10:37:25.403 AM [player] buffering 0.0
[DBG] Buffering 0%
10:37:25.404 AM [player] buffering 0.0
[DBG] Buffering 4%
[DBG] Buffering 8%
[DBG] Buffering 23%
[DBG] Buffering 29%
[DBG] Buffering 33%
[DBG] Buffering 36%
[DBG] Buffering 41%
[DBG] Received first picture
10:37:25.412 AM [framestep] nextFrameStepped result=0 time=24375 ms
[DBG] Buffering 46%
[DBG] Buffering 50%
[DBG] Buffering 52%
[DBG] Buffering 55%
[DBG] Buffering 58%
[DBG] Buffering 74%
[DBG] Buffering 80%
[DBG] Buffering 83%
[DBG] Buffering 86%
[DBG] Buffering 91%
[DBG] Buffering 94%
[DBG] Buffering 96%
[DBG] Stream buffering done (1001 ms in 44 ms)
[DBG] Decoder wait done in 0 ms
10:37:25.448 AM [player] buffering 1.0
[ERR] ES_OUT_SET_(GROUP_)PCR  is called 16716 ms late (jitter of 16656 ms ignored)
[DBG] ES_OUT_RESET_PCR called
10:37:25.449 AM [player] buffering 0.0
[DBG] Buffering 0%
10:37:25.449 AM [player] buffering 0.0
[DBG] Buffering 3%
[DBG] Buffering 17%
[DBG] Buffering 18%
[DBG] Buffering 25%
[DBG] Buffering 27%
[DBG] Buffering 28%
[DBG] Buffering 31%
[DBG] Buffering 36%
[DBG] Buffering 41%
[DBG] Buffering 45%
[DBG] Buffering 50%
[DBG] Buffering 53%
[DBG] Received first picture
10:37:25.456 AM [framestep] nextFrameStepped result=0 time=24375 ms
[DBG] Buffering 69%
[DBG] Buffering 75%
[DBG] Buffering 78%
[DBG] Buffering 81%
[DBG] Buffering 86%
[DBG] Buffering 91%
[DBG] Buffering 95%
[DBG] Buffering 97%
[DBG] Stream buffering done (1001 ms in 15 ms)
[DBG] Decoder wait done in 0 ms
10:37:25.464 AM [player] buffering 1.0
[ERR] ES_OUT_SET_(GROUP_)PCR  is called 16734 ms late (jitter of 16716 ms ignored)
[DBG] ES_OUT_RESET_PCR called
10:37:25.466 AM [player] buffering 0.0
[DBG] Buffering 0%
10:37:25.467 AM [player] buffering 0.0
[DBG] Buffering 1%
[DBG] Buffering 8%
[DBG] Buffering 9%
[DBG] Buffering 11%
[DBG] Buffering 14%
[DBG] Buffering 19%
[DBG] Received first picture
10:37:25.471 AM [framestep] nextFrameStepped result=0 time=24375 ms
[DBG] Buffering 24%
[DBG] Buffering 28%
[DBG] Buffering 33%
[DBG] Buffering 36%
[DBG] Buffering 51%
[DBG] Buffering 58%
[DBG] Buffering 60%
[DBG] Buffering 61%
[DBG] Buffering 64%
[DBG] Buffering 69%
[DBG] Buffering 74%
[DBG] Buffering 78%
[DBG] Buffering 80%
[DBG] Buffering 83%
[DBG] Buffering 86%
[DBG] Stream buffering done (1024 ms in 20 ms)
10:37:25.487 AM [player] buffering 1.0
[DBG] Decoder wait done in 0 ms
[ERR] ES_OUT_SET_(GROUP_)PCR  is called 16715 ms late (jitter of 16716 ms ignored)
[DBG] ES_OUT_RESET_PCR called
10:37:25.494 AM [player] buffering 0.0
[DBG] Buffering 0%
10:37:25.494 AM [player] buffering 0.0
[DBG] Buffering 3%
[DBG] Buffering 8%
[DBG] Buffering 13%
[DBG] Buffering 16%
[DBG] Buffering 19%
[DBG] Buffering 21%
[DBG] Buffering 25%
[DBG] Buffering 38%
[DBG] Buffering 40%
[DBG] Buffering 46%
[DBG] Buffering 48%
[DBG] Buffering 50%
[DBG] Buffering 53%
[DBG] Buffering 57%
[DBG] Buffering 58%
[DBG] Received first picture
10:37:25.505 AM [framestep] nextFrameStepped result=0 time=24375 ms
[DBG] Buffering 63%
[DBG] Buffering 66%
[DBG] Buffering 71%
[DBG] Buffering 75%
[DBG] Buffering 90%
[DBG] Buffering 96%
[DBG] Buffering 99%
[DBG] Stream buffering done (1001 ms in 19 ms)
10:37:25.513 AM [player] buffering 1.0
[DBG] Decoder wait done in 0 ms
[ERR] ES_OUT_SET_(GROUP_)PCR  is called 16783 ms late (jitter of 16734 ms ignored)
[DBG] ES_OUT_RESET_PCR called
10:37:25.514 AM [player] buffering 0.0
[DBG] Buffering 0%
10:37:25.514 AM [player] buffering 0.0
[DBG] Buffering 5%
[DBG] Buffering 8%
[DBG] Buffering 10%
[DBG] Buffering 13%
[DBG] Buffering 16%
[DBG] Buffering 32%
[DBG] Buffering 38%
[DBG] Received first picture
10:37:25.523 AM [framestep] nextFrameStepped result=0 time=24375 ms
[DBG] Buffering 41%
[DBG] Buffering 45%
[DBG] Buffering 50%
[DBG] Buffering 52%
[DBG] Buffering 55%
[DBG] Buffering 58%
[DBG] Buffering 61%
[DBG] Buffering 63%
[DBG] Buffering 66%
[DBG] Buffering 80%
[DBG] Buffering 81%
[DBG] Buffering 88%
[DBG] Buffering 90%
[DBG] Buffering 91%
[DBG] Buffering 95%
[DBG] Stream buffering done (1000 ms in 21 ms)
[DBG] Decoder wait done in 0 ms
10:37:25.535 AM [player] buffering 1.0
[ERR] ES_OUT_SET_(GROUP_)PCR  is called 16838 ms late (jitter of 16783 ms ignored)
[DBG] ES_OUT_RESET_PCR called
10:37:25.536 AM [player] buffering 0.0
[DBG] Buffering 0%
10:37:25.536 AM [player] buffering 0.0
[DBG] Buffering 3%
[DBG] Buffering 8%
[DBG] Buffering 11%
[DBG] Buffering 26%
[DBG] Buffering 33%
[DBG] Buffering 36%
[DBG] Received first picture
10:37:25.549 AM [framestep] nextFrameStepped result=0 time=24375 ms
[DBG] Buffering 40%
[DBG] Buffering 45%
[DBG] Buffering 50%
[DBG] Buffering 53%
[DBG] Buffering 55%
[DBG] Buffering 58%
[DBG] Buffering 61%
[DBG] Buffering 78%
[DBG] Buffering 83%
[DBG] Buffering 86%
[DBG] Buffering 90%
[DBG] Buffering 95%
[DBG] Buffering 97%
[DBG] Stream buffering done (1001 ms in 24 ms)
[DBG] Decoder wait done in 0 ms
10:37:25.561 AM [player] buffering 1.0
[ERR] ES_OUT_SET_(GROUP_)PCR  is called 16835 ms late (jitter of 16835 ms ignored)
[DBG] ES_OUT_RESET_PCR called
10:37:25.566 AM [player] buffering 0.0
[DBG] Buffering 0%
10:37:25.566 AM [player] buffering 0.0
[DBG] Buffering 1%
[DBG] Buffering 4%
[DBG] Buffering 19%
[DBG] Buffering 26%
[DBG] Buffering 28%
[DBG] Buffering 29%
[DBG] Received first picture
10:37:25.579 AM [framestep] nextFrameStepped result=0 time=24375 ms
[DBG] Buffering 33%
[DBG] Buffering 38%
[DBG] Buffering 43%
[DBG] Buffering 46%
[DBG] Buffering 51%
[DBG] Buffering 55%
[DBG] Buffering 70%
[DBG] Buffering 76%
[DBG] Buffering 80%
[DBG] Buffering 83%
[DBG] Buffering 88%
[DBG] Buffering 93%
[DBG] Buffering 96%
[DBG] Buffering 99%
[DBG] Stream buffering done (1017 ms in 24 ms)
[DBG] Decoder wait done in 0 ms
10:37:25.591 AM [player] buffering 1.0
[ERR] ES_OUT_SET_(GROUP_)PCR  is called 16845 ms late (jitter of 16838 ms ignored)
[DBG] ES_OUT_RESET_PCR called
10:37:25.591 AM [player] buffering 0.0
10:37:25.594 AM [player] buffering 0.0
[DBG] Buffering 0%
[DBG] Buffering 5%
[DBG] Buffering 8%
[DBG] Buffering 11%
[DBG] Buffering 16%
[DBG] Buffering 19%
[DBG] Buffering 21%
[DBG] Received first picture
10:37:25.599 AM [framestep] nextFrameStepped result=0 time=24375 ms
[DBG] Buffering 25%
[DBG] Buffering 28%
[DBG] Buffering 30%
[DBG] Buffering 33%
[DBG] Buffering 48%
[DBG] Buffering 55%
[DBG] Buffering 57%
[DBG] Buffering 58%
[DBG] Buffering 61%
[DBG] Buffering 66%
[DBG] Buffering 71%
[DBG] Buffering 75%
[DBG] Buffering 80%
[DBG] Buffering 83%
[DBG] Buffering 99%
[DBG] Stream buffering done (1052 ms in 22 ms)
10:37:25.617 AM [player] buffering 1.0
[DBG] Decoder wait done in 0 ms
[ERR] ES_OUT_SET_(GROUP_)PCR  is called 16836 ms late (jitter of 16836 ms ignored)
[DBG] ES_OUT_RESET_PCR called
10:37:25.618 AM [player] buffering 0.0
[DBG] Buffering 0%
10:37:25.620 AM [player] buffering 0.0
[DBG] Buffering 5%
[DBG] Buffering 10%
[DBG] Buffering 13%
[DBG] Buffering 16%
[DBG] Buffering 18%
[DBG] Buffering 21%
[DBG] Buffering 35%
[DBG] Buffering 36%
[DBG] Buffering 43%
[DBG] Buffering 44%
[DBG] Buffering 46%
[DBG] Buffering 50%
[DBG] Received first picture
10:37:25.631 AM [framestep] nextFrameStepped result=0 time=24375 ms
[DBG] Buffering 54%
[DBG] Buffering 55%
[DBG] Buffering 60%
[DBG] Buffering 63%
[DBG] Buffering 68%
[DBG] Buffering 71%
[DBG] Buffering 86%
[DBG] Buffering 93%
[DBG] Buffering 96%
[DBG] Stream buffering done (1001 ms in 21 ms)
[DBG] Decoder wait done in 0 ms
10:37:25.642 AM [player] buffering 1.0
[ERR] ES_OUT_SET_(GROUP_)PCR  is called 16894 ms late (jitter of 16845 ms ignored)
[DBG] ES_OUT_RESET_PCR called
10:37:25.642 AM [player] buffering 0.0
10:37:25.645 AM [player] buffering 0.0
[DBG] Buffering 0%
[DBG] Buffering 3%
[DBG] Buffering 5%
[DBG] Buffering 8%
[DBG] Buffering 11%
[DBG] Buffering 27%
[DBG] Buffering 33%
[DBG] Buffering 36%
[DBG] Buffering 40%
[DBG] Received first picture
10:37:25.653 AM [framestep] nextFrameStepped result=0 time=24375 ms
[DBG] Buffering 45%
[DBG] Buffering 46%
[DBG] Buffering 50%
[DBG] Buffering 53%
[DBG] Buffering 56%
[DBG] Buffering 58%
[DBG] Buffering 61%
[DBG] Buffering 75%
[DBG] Buffering 76%
[DBG] Buffering 83%
[DBG] Buffering 85%
[DBG] Buffering 86%
[DBG] Buffering 90%
[DBG] Buffering 94%
[DBG] Buffering 95%
10:37:25.668 AM [player] buffering 1.0
[DBG] Stream buffering done (1001 ms in 23 ms)
[DBG] Decoder wait done in 0 ms
[ERR] ES_OUT_SET_(GROUP_)PCR  is called 16942 ms late (jitter of 16894 ms ignored)
[DBG] ES_OUT_RESET_PCR called
[DBG] Buffering 0%
[DBG] Buffering 3%
10:37:25.674 AM [framestep] −1 seek before=24375 ms frame=33 ms (500000/16683 fps) target=24342 ms
[DBG] ES_OUT_RESET_PCR called
[DBG] SET_TIME to 24342000
[DBG] seek request to i_pos = 24342000
[DBG] seek: preroll{ track: 1, pts: 24107000, fpos: 12311112 skip: 12311112} 
[DBG] seek: preroll{ track: 2, pts: 24320000, fpos: 12424865 skip: 12424865} 
10:37:25.677 AM [player] buffering 0.0
10:37:25.678 AM [player] buffering 0.0
10:37:25.678 AM [player] buffering 0.0
[DBG] resolving 192.168.1.250 ...
[DBG] outgoing request:
GET /stream/2 HTTP/1.1
Host: 192.168.1.250:8093
Accept: */*
Accept-Language: en_US
User-Agent: VLC/4.0.0-dev LibVLC/4.0.0-dev
If-Unmodified-Since: Fri, 17 Jul 2026 19:22:43 GMT
Range: bytes=12311112-


[DBG] incoming response:
HTTP/1.1 206 Partial Content
Accept-Ranges: bytes
Content-Length: 5709939964
Content-Range: bytes 12311112-5722251075/5722251076
Content-Type: video/x-matroska
Last-Modified: Fri, 17 Jul 2026 19:22:43 GMT
Date: Mon, 14 Sep 2026 14:37:25 GMT


[DBG] connection failed
[DBG] seek: preroll{ req: 24342001, start-pts: 24107001, start-fpos: 12311112} 
[DBG] Buffering 0%
10:37:25.964 AM [player] buffering 0.0
[DBG] Buffering 4%
[DBG] Buffering 6%
[DBG] Buffering 9%
[DBG] Buffering 13%
[DBG] Buffering 17%
[DBG] Buffering 20%
[DBG] Buffering 22%
[DBG] end of video preroll
[DBG] Received first picture
10:37:25.986 AM [framestep] nextFrameStepped result=0 time=24342 ms
[DBG] Buffering 24%
[DBG] Buffering 27%
[DBG] Buffering 37%
[DBG] Buffering 39%
[DBG] Buffering 44%
[DBG] Buffering 45%
[DBG] Buffering 47%
[DBG] Buffering 49%
[DBG] Buffering 53%
[DBG] Buffering 54%
[DBG] Buffering 58%
[DBG] Buffering 60%
[DBG] Buffering 64%
[DBG] Buffering 67%
[DBG] Buffering 79%
[DBG] Buffering 85%
[DBG] Buffering 87%
[DBG] Buffering 90%
[DBG] Buffering 94%
[DBG] Buffering 98%
[DBG] Stream buffering done (1251 ms in 38 ms)
10:37:26.002 AM [player] buffering 1.0
[DBG] Decoder wait done in 0 ms
[ERR] ES_OUT_SET_(GROUP_)PCR  is called 17240 ms late (jitter of 16942 ms ignored)
[DBG] ES_OUT_RESET_PCR called
10:37:26.003 AM [player] buffering 0.0
[DBG] Buffering 0%
10:37:26.004 AM [player] buffering 0.0
[DBG] Buffering 15%
[DBG] Received first picture
10:37:26.009 AM [framestep] nextFrameStepped result=0 time=24342 ms
[DBG] Buffering 21%
[DBG] Buffering 25%
[DBG] Buffering 28%
[DBG] Buffering 33%
[DBG] Buffering 38%
[DBG] Buffering 41%
[DBG] Buffering 44%
[DBG] Buffering 46%
[DBG] Buffering 50%
[DBG] Buffering 63%
[DBG] Buffering 65%
[DBG] Buffering 71%
[DBG] Buffering 73%
[DBG] Buffering 75%
[DBG] Buffering 78%
[DBG] Buffering 83%
[DBG] Buffering 88%
[DBG] Buffering 91%
[DBG] Buffering 96%
[DBG] Stream buffering done (1001 ms in 15 ms)
[DBG] Decoder wait done in 0 ms
10:37:26.019 AM [player] buffering 1.0
[ERR] ES_OUT_SET_(GROUP_)PCR  is called 17176 ms late (jitter of 17176 ms ignored)
[DBG] ES_OUT_RESET_PCR called
10:37:26.022 AM [player] buffering 0.0
[DBG] Buffering 0%
10:37:26.024 AM [player] buffering 0.0
[DBG] Buffering 6%
[DBG] Buffering 9%
[DBG] Buffering 13%
[DBG] Buffering 18%
[DBG] Buffering 23%
[DBG] Buffering 26%
[DBG] Buffering 28%
[DBG] Buffering 31%
[DBG] Buffering 35%
[DBG] Buffering 51%
[DBG] Buffering 56%
[DBG] Buffering 60%
[DBG] Buffering 63%
[DBG] Buffering 68%
[DBG] Buffering 70%
[DBG] Buffering 73%
[DBG] Received first picture
10:37:26.040 AM [framestep] nextFrameStepped result=0 time=24342 ms
[DBG] Buffering 76%
[DBG] Buffering 79%
[DBG] Buffering 81%
[DBG] Buffering 85%
[DBG] Buffering 99%
[DBG] Stream buffering done (1001 ms in 22 ms)
10:37:26.046 AM [player] buffering 1.0
[DBG] Decoder wait done in 0 ms
[ERR] ES_OUT_SET_(GROUP_)PCR  is called 17283 ms late (jitter of 17240 ms ignored)
[DBG] ES_OUT_RESET_PCR called
10:37:26.047 AM [player] buffering 0.0
10:37:26.047 AM [player] buffering 0.0
[DBG] Buffering 0%
[DBG] Buffering 1%
[DBG] Buffering 4%
[DBG] Buffering 9%
[DBG] Buffering 14%
[DBG] Buffering 18%
[DBG] Buffering 23%
[DBG] Buffering 26%
[DBG] Buffering 41%
[DBG] Buffering 48%
[DBG] Buffering 51%
[DBG] Buffering 54%
[DBG] Buffering 59%
[DBG] Received first picture
10:37:26.056 AM [framestep] nextFrameStepped result=0 time=24342 ms
[DBG] Buffering 64%
[DBG] Buffering 68%
[DBG] Buffering 70%
[DBG] Buffering 73%
[DBG] Buffering 76%
[DBG] Buffering 92%
[DBG] Buffering 98%
[DBG] Stream buffering done (1015 ms in 16 ms)
[DBG] Decoder wait done in 0 ms
10:37:26.064 AM [player] buffering 1.0
[ERR] ES_OUT_SET_(GROUP_)PCR  is called 17320 ms late (jitter of 17283 ms ignored)
[DBG] ES_OUT_RESET_PCR called
10:37:26.064 AM [player] buffering 0.0
10:37:26.066 AM [player] buffering 0.0
[DBG] Buffering 0%
[DBG] Buffering 2%
[DBG] Buffering 5%
[DBG] Buffering 8%
[DBG] Buffering 11%
[DBG] Buffering 13%
[DBG] Buffering 16%
[DBG] Buffering 30%
[DBG] Buffering 31%
[DBG] Buffering 38%
[DBG] Buffering 40%
[DBG] Buffering 41%
[DBG] Buffering 45%
[DBG] Buffering 50%
[DBG] Buffering 55%
[DBG] Buffering 58%
[DBG] Buffering 63%
[DBG] Received first picture
10:37:26.074 AM [framestep] nextFrameStepped result=0 time=24342 ms
[DBG] Buffering 66%
[DBG] Buffering 82%
[DBG] Buffering 88%
[DBG] Buffering 91%
10:37:26.082 AM [framestep] −1 after=24342 ms
[DBG] Buffering 95%
[DBG] Stream buffering done (1001 ms in 16 ms)
10:37:26.083 AM [player] buffering 1.0
[DBG] Decoder wait done in 0 ms
[ERR] ES_OUT_SET_(GROUP_)PCR  is called 17336 ms late (jitter of 17320 ms ignored)
[DBG] ES_OUT_RESET_PCR called
10:37:26.083 AM [player] buffering 0.0
[DBG] Buffering 0%
10:37:26.083 AM [player] buffering 0.0
[DBG] Buffering 2%
[DBG] Buffering 4%
[DBG] Buffering 8%
[DBG] Buffering 24%
[DBG] Buffering 29%
[DBG] Buffering 33%
[DBG] Buffering 36%
[DBG] Buffering 41%
[DBG] Buffering 44%
[DBG] Buffering 46%
[DBG] Buffering 50%
[DBG] Buffering 53%
[DBG] Buffering 55%
[DBG] Received first picture
10:37:26.092 AM [framestep] nextFrameStepped result=0 time=24342 ms
[DBG] Buffering 58%
[DBG] Buffering 72%
[DBG] Buffering 73%
[DBG] Buffering 80%
[DBG] Buffering 82%
[DBG] Buffering 83%
[DBG] Buffering 86%
[DBG] Buffering 91%
[DBG] Buffering 96%
[DBG] Stream buffering done (1001 ms in 22 ms)
10:37:26.106 AM [player] buffering 1.0
[DBG] Decoder wait done in 0 ms
[ERR] ES_OUT_SET_(GROUP_)PCR  is called 17360 ms late (jitter of 17336 ms ignored)
[DBG] ES_OUT_RESET_PCR called
10:37:26.107 AM [player] buffering 0.0
[DBG] Buffering 0%
10:37:26.107 AM [player] buffering 0.0
[DBG] Buffering 15%
[DBG] Buffering 21%
[DBG] Buffering 25%
[DBG] Buffering 28%
[DBG] Buffering 33%
[DBG] Received first picture
10:37:26.116 AM [framestep] nextFrameStepped result=0 time=24342 ms
[DBG] Buffering 38%
[DBG] Buffering 41%
[DBG] Buffering 44%
[DBG] Buffering 46%
[DBG] Buffering 50%
[DBG] Buffering 63%
[DBG] Buffering 65%
[DBG] Buffering 71%
[DBG] Buffering 73%
[DBG] Buffering 75%
[DBG] Buffering 78%
[DBG] Buffering 82%
[DBG] Buffering 83%
[DBG] Buffering 88%
[DBG] Buffering 91%
[DBG] Buffering 96%
[DBG] Stream buffering done (1001 ms in 34 ms)
[DBG] Decoder wait done in 0 ms
10:37:26.141 AM [player] buffering 1.0
[ERR] ES_OUT_SET_(GROUP_)PCR  is called 17299 ms late (jitter of 17336 ms ignored)
[DBG] ES_OUT_RESET_PCR called
10:37:26.144 AM [player] buffering 0.0
[DBG] Buffering 0%
10:37:26.146 AM [player] buffering 0.0
[DBG] Buffering 6%
[DBG] Buffering 9%
[DBG] Buffering 10%
[DBG] Buffering 13%
[DBG] Buffering 18%
[DBG] Buffering 23%
[DBG] Buffering 26%
[DBG] Buffering 28%
[DBG] Buffering 31%
[DBG] Buffering 35%
[DBG] Buffering 50%
[DBG] Buffering 56%
[DBG] Buffering 60%
[DBG] Received first picture
10:37:26.157 AM [framestep] nextFrameStepped result=0 time=24342 ms
[DBG] Buffering 63%
[DBG] Buffering 68%
[DBG] Buffering 73%
[DBG] Buffering 76%
[DBG] Buffering 79%
[DBG] Buffering 81%
[DBG] Buffering 85%
[DBG] Buffering 98%
[DBG] Stream buffering done (1001 ms in 20 ms)
10:37:26.166 AM [player] buffering 1.0
[DBG] Decoder wait done in 0 ms
[ERR] ES_OUT_SET_(GROUP_)PCR  is called 17403 ms late (jitter of 17360 ms ignored)
[DBG] ES_OUT_RESET_PCR called
10:37:26.166 AM [player] buffering 0.0
[DBG] Buffering 0%
10:37:26.168 AM [player] buffering 0.0
[DBG] Buffering 1%
[DBG] Buffering 4%
[DBG] Buffering 9%
[DBG] Buffering 14%
[DBG] Buffering 18%
[DBG] Buffering 23%
[DBG] Buffering 26%
[DBG] Buffering 41%
[DBG] Buffering 48%
[DBG] Buffering 51%
[DBG] Buffering 54%
[DBG] Buffering 60%
[DBG] Received first picture
10:37:26.179 AM [framestep] nextFrameStepped result=0 time=24342 ms
[DBG] Buffering 65%
[DBG] Buffering 68%
[DBG] Buffering 70%
[DBG] Buffering 73%
[DBG] Buffering 76%
[DBG] Buffering 92%
[DBG] Buffering 98%
[DBG] Stream buffering done (1017 ms in 20 ms)
[DBG] Decoder wait done in 0 ms
10:37:26.189 AM [player] buffering 1.0
[ERR] ES_OUT_SET_(GROUP_)PCR  is called 17443 ms late (jitter of 17403 ms ignored)
[DBG] ES_OUT_RESET_PCR called
10:37:26.190 AM [player] buffering 0.0
[DBG] Buffering 0%
10:37:26.190 AM [player] buffering 0.0
[DBG] Buffering 2%
[DBG] Buffering 5%
[DBG] Buffering 8%
[DBG] Buffering 11%
[DBG] Buffering 13%
[DBG] Buffering 16%
[DBG] Buffering 30%
[DBG] Buffering 31%
[DBG] Buffering 38%
[DBG] Buffering 40%
[DBG] Buffering 41%
[DBG] Received first picture
10:37:26.199 AM [framestep] nextFrameStepped result=0 time=24342 ms
[DBG] Buffering 45%
[DBG] Buffering 50%
[DBG] Buffering 55%
[DBG] Buffering 58%
[DBG] Buffering 63%
[DBG] Buffering 66%
[DBG] Buffering 82%
[DBG] Buffering 88%
[DBG] Buffering 91%
[DBG] Buffering 95%
[DBG] Stream buffering done (1001 ms in 15 ms)
10:37:26.206 AM [player] buffering 1.0
[DBG] Decoder wait done in 0 ms
[ERR] ES_OUT_SET_(GROUP_)PCR  is called 17459 ms late (jitter of 17443 ms ignored)
[DBG] ES_OUT_RESET_PCR called
10:37:26.207 AM [player] buffering 0.0
[DBG] Buffering 0%
10:37:26.207 AM [player] buffering 0.0
[DBG] Buffering 2%
[DBG] Buffering 5%
[DBG] Buffering 8%
[DBG] Buffering 24%
[DBG] Buffering 30%
[DBG] Buffering 33%
[DBG] Buffering 36%
[DBG] Buffering 41%
[DBG] Buffering 43%
[DBG] Buffering 46%
[DBG] Received first picture
10:37:26.215 AM [framestep] nextFrameStepped result=0 time=24342 ms
[DBG] Buffering 50%
[DBG] Buffering 53%
[DBG] Buffering 55%
[DBG] Buffering 58%
[DBG] Buffering 72%
[DBG] Buffering 73%
[DBG] Buffering 80%
[DBG] Buffering 82%
[DBG] Buffering 83%
[DBG] Buffering 86%
[DBG] Buffering 91%
[DBG] Buffering 96%
10:37:26.226 AM [player] buffering 1.0
[DBG] Stream buffering done (1001 ms in 18 ms)
[DBG] Decoder wait done in 0 ms
[ERR] ES_OUT_SET_(GROUP_)PCR  is called 17478 ms late (jitter of 17459 ms ignored)
[DBG] ES_OUT_RESET_PCR called
10:37:26.226 AM [player] buffering 0.0
[DBG] Buffering 0%
10:37:26.226 AM [player] buffering 0.0
[DBG] Buffering 15%
[DBG] Buffering 21%
[DBG] Buffering 25%
[DBG] Buffering 28%
[DBG] Buffering 33%
[DBG] Buffering 38%
[DBG] Buffering 41%
[DBG] Buffering 44%
[DBG] Buffering 46%
[DBG] Buffering 50%
[DBG] Received first picture
10:37:26.233 AM [framestep] nextFrameStepped result=0 time=24342 ms
[DBG] Buffering 66%
[DBG] Buffering 71%
[DBG] Buffering 75%
[DBG] Buffering 78%
[DBG] Buffering 83%
[DBG] Buffering 85%
[DBG] Buffering 88%
[DBG] Buffering 91%
[DBG] Buffering 95%
[DBG] Buffering 96%
[DBG] Stream buffering done (1001 ms in 20 ms)
10:37:26.246 AM [player] buffering 1.0
[DBG] Decoder wait done in 0 ms
[ERR] ES_OUT_SET_(GROUP_)PCR  is called 17406 ms late (jitter of 17459 ms ignored)
[DBG] ES_OUT_RESET_PCR called
10:37:26.249 AM [player] buffering 0.0
[DBG] Buffering 0%
10:37:26.250 AM [player] buffering 0.0
[DBG] Buffering 6%
[DBG] Buffering 9%
[DBG] Buffering 13%
[DBG] Buffering 18%
[DBG] Buffering 23%
[DBG] Buffering 26%
[DBG] Buffering 31%
[DBG] Buffering 35%
[DBG] Buffering 50%
[DBG] Buffering 56%
[DBG] Buffering 60%
[DBG] Buffering 63%
[DBG] Buffering 68%
[DBG] Buffering 73%
[DBG] Buffering 76%
[DBG] Buffering 79%
[DBG] Received first picture
10:37:26.261 AM [framestep] nextFrameStepped result=0 time=24342 ms
[DBG] Buffering 81%
[DBG] Buffering 85%
[DBG] Buffering 98%
[DBG] Stream buffering done (1001 ms in 15 ms)
10:37:26.265 AM [player] buffering 1.0
[DBG] Decoder wait done in 0 ms
[ERR] ES_OUT_SET_(GROUP_)PCR  is called 17502 ms late (jitter of 17478 ms ignored)
[DBG] ES_OUT_RESET_PCR called
10:37:26.265 AM [player] buffering 0.0
[DBG] Buffering 0%
10:37:26.266 AM [player] buffering 0.0
[DBG] Buffering 1%
[DBG] Buffering 5%
[DBG] Buffering 9%
[DBG] Buffering 10%
[DBG] Buffering 15%
[DBG] Buffering 18%
[DBG] Buffering 23%
[DBG] Buffering 26%
[DBG] Buffering 41%
[DBG] Buffering 48%
[DBG] Buffering 51%
[DBG] Buffering 55%
[DBG] Buffering 60%
[DBG] Received first picture
[DBG] Buffering 65%
10:37:26.274 AM [framestep] nextFrameStepped result=0 time=24342 ms
[DBG] Buffering 68%
[DBG] Buffering 70%
[DBG] Buffering 73%
[DBG] Buffering 76%
[DBG] Buffering 92%
[DBG] Buffering 98%
10:37:26.281 AM [player] buffering 1.0
[DBG] Stream buffering done (1018 ms in 15 ms)
[DBG] Decoder wait done in 0 ms
[ERR] ES_OUT_SET_(GROUP_)PCR  is called 17534 ms late (jitter of 17502 ms ignored)
[DBG] ES_OUT_RESET_PCR called
10:37:26.281 AM [player] buffering 0.0
10:37:26.282 AM [player] buffering 0.0
[DBG] Buffering 0%
[DBG] Buffering 1%
[DBG] Buffering 5%
[DBG] Buffering 8%
[DBG] Buffering 11%
[DBG] Buffering 13%
[DBG] Buffering 16%
[DBG] Buffering 30%
[DBG] Buffering 31%
[DBG] Buffering 38%
[DBG] Buffering 40%
[DBG] Buffering 41%
[DBG] Buffering 45%
[DBG] Buffering 49%
[DBG] Buffering 50%
[DBG] Received first picture
10:37:26.289 AM [framestep] nextFrameStepped result=0 time=24342 ms
[DBG] Buffering 55%
[DBG] Buffering 58%
[DBG] Buffering 63%
[DBG] Buffering 66%
[DBG] Buffering 81%
[DBG] Buffering 88%
[DBG] Buffering 91%
[DBG] Buffering 95%
10:37:26.298 AM [player] buffering 1.0
[DBG] Stream buffering done (1001 ms in 16 ms)
[DBG] Decoder wait done in 0 ms
[ERR] ES_OUT_SET_(GROUP_)PCR  is called 17551 ms late (jitter of 17534 ms ignored)
[DBG] ES_OUT_RESET_PCR called
10:37:26.298 AM [player] buffering 0.0
10:37:26.300 AM [player] buffering 0.0
[DBG] Buffering 0%
[DBG] Buffering 2%
[DBG] Buffering 4%
[DBG] Buffering 8%
[DBG] Buffering 24%
[DBG] Buffering 29%
[DBG] Buffering 33%
[DBG] Buffering 36%
[DBG] Buffering 41%
[DBG] Buffering 43%
[DBG] Buffering 46%
[DBG] Buffering 50%
[DBG] Buffering 53%
[DBG] Buffering 55%
[DBG] Buffering 58%
[DBG] Received first picture
10:37:26.304 AM [framestep] nextFrameStepped result=0 time=24342 ms
[DBG] Buffering 72%
[DBG] Buffering 73%
[DBG] Buffering 80%
[DBG] Buffering 82%
[DBG] Buffering 83%
[DBG] Buffering 86%
[DBG] Buffering 91%
[DBG] Buffering 96%
10:37:26.311 AM [player] buffering 1.0
[DBG] Stream buffering done (1001 ms in 11 ms)
[DBG] Decoder wait done in 0 ms
[ERR] ES_OUT_SET_(GROUP_)PCR  is called 17564 ms late (jitter of 17551 ms ignored)
[DBG] ES_OUT_RESET_PCR called
10:37:26.311 AM [player] buffering 0.0
10:37:26.311 AM [player] buffering 0.0
[DBG] Buffering 0%
[DBG] Buffering 15%
[DBG] Buffering 21%
[DBG] Buffering 24%
[DBG] Buffering 25%
[DBG] Buffering 28%
[DBG] Buffering 33%
[DBG] Buffering 38%
[DBG] Buffering 41%
[DBG] Buffering 44%
[DBG] Buffering 46%
[DBG] Buffering 50%
[DBG] Received first picture
10:37:26.317 AM [framestep] nextFrameStepped result=0 time=24342 ms
[DBG] Buffering 66%
[DBG] Buffering 71%
[DBG] Buffering 75%
[DBG] Buffering 78%
[DBG] Buffering 83%
[DBG] Buffering 85%
[DBG] Buffering 88%
[DBG] Buffering 91%
[DBG] Buffering 95%
[DBG] Buffering 96%
10:37:26.323 AM [player] buffering 1.0
[DBG] Stream buffering done (1001 ms in 11 ms)
[DBG] Decoder wait done in 0 ms
[ERR] ES_OUT_SET_(GROUP_)PCR  is called 17483 ms late (jitter of 17551 ms ignored)
[DBG] ES_OUT_RESET_PCR called
10:37:26.324 AM [player] buffering 0.0
10:37:26.326 AM [player] buffering 0.0
[DBG] Buffering 0%
[DBG] Buffering 6%
[DBG] Buffering 9%
[DBG] Buffering 10%
[DBG] Buffering 13%
[DBG] Buffering 18%
[DBG] Buffering 23%
[DBG] Buffering 26%
[DBG] Buffering 31%
[DBG] Buffering 35%
[DBG] Buffering 50%
[DBG] Buffering 56%
[DBG] Buffering 60%
[DBG] Buffering 63%
[DBG] Buffering 68%
[DBG] Buffering 73%
[DBG] Buffering 76%
[DBG] Buffering 79%
[DBG] Buffering 81%
[DBG] Buffering 85%
[DBG] Received first picture
10:37:26.338 AM [framestep] nextFrameStepped result=0 time=24342 ms
[DBG] Buffering 98%
[DBG] Stream buffering done (1001 ms in 15 ms)
10:37:26.341 AM [player] buffering 1.0
[DBG] Decoder wait done in 0 ms
[ERR] ES_OUT_SET_(GROUP_)PCR  is called 17578 ms late (jitter of 17564 ms ignored)
[DBG] ES_OUT_RESET_PCR called
10:37:26.341 AM [player] buffering 0.0
[DBG] Buffering 0%
10:37:26.341 AM [player] buffering 0.0
[DBG] Buffering 1%
[DBG] Buffering 5%
[DBG] Buffering 9%
[DBG] Buffering 10%
[DBG] Buffering 15%
[DBG] Buffering 18%
[DBG] Buffering 23%
[DBG] Buffering 26%
[DBG] Buffering 41%
[DBG] Buffering 48%
[DBG] Buffering 51%
[DBG] Buffering 55%
[DBG] Buffering 60%
[DBG] Buffering 65%
[DBG] Buffering 68%
[DBG] Buffering 70%
[DBG] Buffering 73%
[DBG] Received first picture
10:37:26.351 AM [framestep] nextFrameStepped result=0 time=24342 ms
[DBG] Buffering 77%
[DBG] Buffering 92%
[DBG] Buffering 98%
[DBG] Stream buffering done (1020 ms in 14 ms)
10:37:26.356 AM [player] buffering 1.0
[DBG] Decoder wait done in 0 ms
[ERR] ES_OUT_SET_(GROUP_)PCR  is called 17608 ms late (jitter of 17578 ms ignored)
[DBG] ES_OUT_RESET_PCR called
10:37:26.358 AM [player] buffering 0.0
[DBG] Buffering 0%
10:37:26.358 AM [player] buffering 0.0
[DBG] Buffering 5%
[DBG] Buffering 8%
[DBG] Buffering 11%
[DBG] Buffering 13%
[DBG] Buffering 16%
[DBG] Buffering 30%
[DBG] Buffering 31%
[DBG] Buffering 38%
[DBG] Buffering 40%
[DBG] Buffering 41%
[DBG] Buffering 45%
[DBG] Buffering 49%
[DBG] Buffering 50%
[DBG] Buffering 55%
[DBG] Buffering 58%
[DBG] Buffering 63%
[DBG] Buffering 66%
[DBG] Received first picture
10:37:26.367 AM [framestep] nextFrameStepped result=0 time=24342 ms
[DBG] Buffering 81%
[DBG] Buffering 88%
[DBG] Buffering 91%
[DBG] Buffering 95%
10:37:26.371 AM [player] buffering 1.0
[DBG] Stream buffering done (1001 ms in 12 ms)
[DBG] Decoder wait done in 0 ms
[ERR] ES_OUT_SET_(GROUP_)PCR  is called 17632 ms late (jitter of 17608 ms ignored)
[DBG] ES_OUT_RESET_PCR called
10:37:26.380 AM [player] buffering 0.0
10:37:26.382 AM [player] buffering 0.0
[DBG] Buffering 0%
[DBG] Buffering 2%
[DBG] Buffering 5%
[DBG] Buffering 8%
[DBG] Buffering 24%
[DBG] Buffering 30%
[DBG] Buffering 33%
[DBG] Buffering 36%
[DBG] Received first picture
10:37:26.391 AM [framestep] nextFrameStepped result=0 time=24342 ms
[DBG] Buffering 41%
[DBG] Buffering 43%
[DBG] Buffering 46%
[DBG] Buffering 50%
[DBG] Buffering 53%
[DBG] Buffering 55%
[DBG] Buffering 58%
[DBG] Buffering 72%
[DBG] Buffering 73%
[DBG] Buffering 80%
[DBG] Buffering 82%
[DBG] Buffering 83%
[DBG] Buffering 86%
[DBG] Buffering 91%
[DBG] Buffering 96%
[DBG] Stream buffering done (1001 ms in 18 ms)
10:37:26.401 AM [player] buffering 1.0
[DBG] Decoder wait done in 0 ms
[ERR] ES_OUT_SET_(GROUP_)PCR  is called 17653 ms late (jitter of 17632 ms ignored)
[DBG] ES_OUT_RESET_PCR called
10:37:26.401 AM [player] buffering 0.0
[DBG] Buffering 0%
10:37:26.401 AM [player] buffering 0.0
[DBG] Buffering 15%
[DBG] Buffering 21%
[DBG] Buffering 24%
[DBG] Buffering 25%
[DBG] Received first picture
10:37:26.407 AM [framestep] nextFrameStepped result=0 time=24342 ms
[DBG] Buffering 28%
[DBG] Buffering 33%
[DBG] Buffering 38%
[DBG] Buffering 41%
[DBG] Buffering 44%
[DBG] Buffering 46%
[DBG] Buffering 50%
[DBG] Buffering 66%
[DBG] Buffering 71%
[DBG] Buffering 75%
[DBG] Buffering 78%
[DBG] Buffering 83%
[DBG] Buffering 85%
[DBG] Buffering 88%
[DBG] Buffering 91%
[DBG] Buffering 95%
[DBG] Buffering 96%
[DBG] Stream buffering done (1001 ms in 21 ms)
10:37:26.422 AM [player] buffering 1.0
[DBG] Decoder wait done in 0 ms
[ERR] ES_OUT_SET_(GROUP_)PCR  is called 17582 ms late (jitter of 17632 ms ignored)
[DBG] ES_OUT_RESET_PCR called
10:37:26.423 AM [player] buffering 0.0
10:37:26.423 AM [player] buffering 0.0
[DBG] Buffering 0%
[DBG] Buffering 6%
[DBG] Buffering 8%
[DBG] Buffering 9%
[DBG] Buffering 13%
[DBG] Buffering 18%
[DBG] Buffering 23%
[DBG] Buffering 26%
[DBG] Buffering 31%
[DBG] Buffering 35%
[DBG] Buffering 50%
[DBG] Buffering 56%
[DBG] Buffering 60%
[DBG] Buffering 63%
[DBG] Buffering 68%
[DBG] Buffering 73%
[DBG] Buffering 76%
[DBG] Buffering 79%
[DBG] Buffering 81%
[DBG] Buffering 85%
[DBG] Received first picture
10:37:26.432 AM [framestep] nextFrameStepped result=0 time=24342 ms
[DBG] Stream buffering done (1016 ms in 11 ms)
10:37:26.435 AM [player] buffering 1.0
[DBG] Decoder wait done in 0 ms
[ERR] ES_OUT_SET_(GROUP_)PCR  is called 17673 ms late (jitter of 17653 ms ignored)
[DBG] ES_OUT_RESET_PCR called
10:37:26.437 AM [player] buffering 0.0
10:37:26.437 AM [player] buffering 0.0
[DBG] Buffering 0%
[DBG] Buffering 3%
[DBG] Buffering 8%
[DBG] Buffering 10%
[DBG] Buffering 13%
[DBG] Buffering 16%
[DBG] Buffering 20%
[DBG] Buffering 21%
[DBG] Buffering 25%
[DBG] Buffering 39%
[DBG] Buffering 40%
[DBG] Received first picture
10:37:26.445 AM [framestep] nextFrameStepped result=0 time=24342 ms
[DBG] Buffering 46%
[DBG] Buffering 49%
[DBG] Buffering 50%
[DBG] Buffering 53%
[DBG] Buffering 58%
[DBG] Buffering 63%
[DBG] Buffering 66%
[DBG] Buffering 71%
[DBG] Buffering 75%
[DBG] Buffering 90%
[DBG] Buffering 96%
[DBG] Stream buffering done (1001 ms in 17 ms)
10:37:26.454 AM [player] buffering 1.0
[DBG] Decoder wait done in 0 ms
[ERR] ES_OUT_SET_(GROUP_)PCR  is called 17724 ms late (jitter of 17673 ms ignored)
[DBG] ES_OUT_RESET_PCR called
10:37:26.455 AM [player] buffering 0.0
10:37:26.455 AM [player] buffering 0.0
[DBG] Buffering 0%
[DBG] Buffering 5%
[DBG] Buffering 8%
[DBG] Buffering 11%
[DBG] Buffering 13%
[DBG] Buffering 16%
[DBG] Buffering 30%
[DBG] Buffering 31%
[DBG] Buffering 38%
[DBG] Buffering 39%
[DBG] Buffering 41%
[DBG] Buffering 45%
[DBG] Buffering 49%
[DBG] Received first picture
10:37:26.463 AM [framestep] nextFrameStepped result=0 time=24342 ms
[DBG] Buffering 50%
[DBG] Buffering 55%
[DBG] Buffering 58%
[DBG] Buffering 63%
[DBG] Buffering 66%
[DBG] Buffering 81%
[DBG] Buffering 88%
[DBG] Buffering 91%
[DBG] Buffering 95%
10:37:26.473 AM [player] buffering 1.0
[DBG] Stream buffering done (1001 ms in 17 ms)
[DBG] Decoder wait done in 0 ms
[ERR] ES_OUT_SET_(GROUP_)PCR  is called 17726 ms late (jitter of 17724 ms ignored)
[DBG] ES_OUT_RESET_PCR called
10:37:26.473 AM [player] buffering 0.0
[DBG] Buffering 0%
10:37:26.474 AM [player] buffering 0.0
[DBG] Buffering 1%
[DBG] Buffering 4%
[DBG] Buffering 8%
[DBG] Buffering 24%
[DBG] Buffering 29%
[DBG] Buffering 33%
[DBG] Buffering 36%
[DBG] Buffering 41%
[DBG] Buffering 43%
[DBG] Buffering 46%
[DBG] Buffering 50%
[DBG] Buffering 53%
[DBG] Buffering 55%
[DBG] Buffering 58%
[DBG] Received first picture
10:37:26.481 AM [framestep] nextFrameStepped result=0 time=24342 ms
[DBG] Buffering 72%
[DBG] Buffering 73%
[DBG] Buffering 80%
[DBG] Buffering 81%
[DBG] Buffering 83%
[DBG] Buffering 86%
[DBG] Buffering 91%
[DBG] Buffering 96%
10:37:26.488 AM [player] buffering 1.0
[DBG] Stream buffering done (1001 ms in 14 ms)
[DBG] Decoder wait done in 0 ms
[ERR] ES_OUT_SET_(GROUP_)PCR  is called 17741 ms late (jitter of 17726 ms ignored)
[DBG] ES_OUT_RESET_PCR called
10:37:26.488 AM [player] buffering 0.0
[DBG] Buffering 0%
10:37:26.488 AM [player] buffering 0.0
[DBG] Buffering 15%
[DBG] Buffering 21%
[DBG] Buffering 24%
[DBG] Buffering 25%
[DBG] Buffering 28%
[DBG] Buffering 33%
[DBG] Received first picture
10:37:26.492 AM [framestep] nextFrameStepped result=0 time=24342 ms
[DBG] Buffering 38%
[DBG] Buffering 41%
[DBG] Buffering 43%
[DBG] Buffering 46%
[DBG] Buffering 50%
[DBG] Buffering 66%
[DBG] Buffering 71%
[DBG] Buffering 75%
[DBG] Buffering 78%
[DBG] Buffering 83%
[DBG] Buffering 85%
[DBG] Buffering 88%
[DBG] Buffering 91%
[DBG] Buffering 95%
[DBG] Buffering 96%
[DBG] Stream buffering done (1001 ms in 14 ms)
10:37:26.503 AM [player] buffering 1.0
[DBG] Decoder wait done in 0 ms
[ERR] ES_OUT_SET_(GROUP_)PCR  is called 17666 ms late (jitter of 17726 ms ignored)
[DBG] ES_OUT_RESET_PCR called
10:37:26.504 AM [player] buffering 0.0
10:37:26.507 AM [player] buffering 0.0
[DBG] Buffering 0%
[DBG] Buffering 6%
[DBG] Buffering 8%
[DBG] Buffering 10%
[DBG] Buffering 13%
[DBG] Buffering 18%
[DBG] Buffering 23%
[DBG] Buffering 26%
[DBG] Buffering 31%
[DBG] Buffering 35%
[DBG] Buffering 50%
[DBG] Buffering 56%
[DBG] Buffering 59%
[DBG] Buffering 60%
[DBG] Received first picture
10:37:26.517 AM [framestep] nextFrameStepped result=0 time=24342 ms
[DBG] Buffering 63%
[DBG] Buffering 68%
[DBG] Buffering 73%
[DBG] Buffering 76%
[DBG] Buffering 79%
[DBG] Buffering 81%
[DBG] Buffering 85%
10:37:26.521 AM [player] buffering 1.0
[DBG] Stream buffering done (1015 ms in 14 ms)
[DBG] Decoder wait done in 0 ms
[ERR] ES_OUT_SET_(GROUP_)PCR  is called 17759 ms late (jitter of 17741 ms ignored)
[DBG] ES_OUT_RESET_PCR called
10:37:26.523 AM [player] buffering 0.0
[DBG] Buffering 0%
10:37:26.523 AM [player] buffering 0.0
[DBG] Buffering 3%
[DBG] Buffering 8%
[DBG] Buffering 10%
[DBG] Buffering 13%
[DBG] Buffering 16%
[DBG] Buffering 20%
[DBG] Buffering 21%
[DBG] Buffering 25%
[DBG] Buffering 39%
[DBG] Buffering 40%
[DBG] Buffering 46%
[DBG] Buffering 49%
[DBG] Buffering 50%
[DBG] Buffering 53%
[DBG] Buffering 58%
[DBG] Buffering 63%
[DBG] Received first picture
10:37:26.531 AM [framestep] nextFrameStepped result=0 time=24342 ms
[DBG] Buffering 66%
[DBG] Buffering 71%
[DBG] Buffering 75%
[DBG] Buffering 90%
[DBG] Buffering 96%
10:37:26.540 AM [player] buffering 1.0
[DBG] Stream buffering done (1001 ms in 16 ms)
[DBG] Decoder wait done in 0 ms
[ERR] ES_OUT_SET_(GROUP_)PCR  is called 17810 ms late (jitter of 17759 ms ignored)
[DBG] ES_OUT_RESET_PCR called
10:37:26.540 AM [player] buffering 0.0
[DBG] Buffering 0%
10:37:26.540 AM [player] buffering 0.0
[DBG] Buffering 5%
[DBG] Buffering 8%
[DBG] Buffering 11%
[DBG] Buffering 13%
[DBG] Buffering 16%
[DBG] Buffering 30%
[DBG] Buffering 31%
[DBG] Buffering 38%
[DBG] Received first picture
10:37:26.548 AM [framestep] nextFrameStepped result=0 time=24342 ms
[DBG] Buffering 39%
[DBG] Buffering 41%
[DBG] Buffering 45%
[DBG] Buffering 49%
[DBG] Buffering 50%
[DBG] Buffering 55%
[DBG] Buffering 58%
[DBG] Buffering 63%
[DBG] Buffering 66%
[DBG] Buffering 81%
[DBG] Buffering 88%
[DBG] Buffering 91%
[DBG] Buffering 95%
10:37:26.555 AM [player] buffering 1.0
[DBG] Stream buffering done (1001 ms in 14 ms)
[DBG] Decoder wait done in 0 ms
[ERR] ES_OUT_SET_(GROUP_)PCR  is called 17808 ms late (jitter of 17808 ms ignored)
[DBG] ES_OUT_RESET_PCR called
10:37:26.555 AM [player] buffering 0.0
10:37:26.556 AM [player] buffering 0.0
[DBG] Buffering 0%
[DBG] Buffering 5%
[DBG] Buffering 8%
[DBG] Buffering 24%
[DBG] Buffering 30%
[DBG] Buffering 33%
[DBG] Received first picture
10:37:26.562 AM [framestep] nextFrameStepped result=0 time=24342 ms
[DBG] Buffering 36%
[DBG] Buffering 41%
[DBG] Buffering 46%
[DBG] Buffering 50%
[DBG] Buffering 52%
[DBG] Buffering 55%
[DBG] Buffering 58%
[DBG] Buffering 72%
[DBG] Buffering 73%
[DBG] Buffering 80%
[DBG] Buffering 81%
[DBG] Buffering 83%
[DBG] Buffering 86%
[DBG] Buffering 91%
[DBG] Buffering 96%
10:37:26.570 AM [player] buffering 1.0
[DBG] Stream buffering done (1001 ms in 14 ms)
[DBG] Decoder wait done in 0 ms
[ERR] ES_OUT_SET_(GROUP_)PCR  is called 17823 ms late (jitter of 17810 ms ignored)
[DBG] ES_OUT_RESET_PCR called
10:37:26.570 AM [player] buffering 0.0
[DBG] Buffering 0%
10:37:26.571 AM [player] buffering 0.0
[DBG] Buffering 14%
[DBG] Buffering 15%
[DBG] Buffering 21%
[DBG] Buffering 24%
[DBG] Buffering 25%
[DBG] Buffering 28%
[DBG] Buffering 33%
[DBG] Buffering 38%
[DBG] Buffering 41%
[DBG] Buffering 43%
[DBG] Buffering 46%
[DBG] Received first picture
10:37:26.580 AM [framestep] nextFrameStepped result=0 time=24342 ms
[DBG] Buffering 50%
[DBG] Buffering 66%
[DBG] Buffering 71%
[DBG] Buffering 75%
[DBG] Buffering 78%
[DBG] Buffering 83%
[DBG] Buffering 85%
[DBG] Buffering 88%
[DBG] Buffering 91%
[DBG] Buffering 94%
[DBG] Buffering 96%
[DBG] Stream buffering done (1001 ms in 16 ms)
10:37:26.587 AM [player] buffering 1.0
[DBG] Decoder wait done in 0 ms
[ERR] ES_OUT_SET_(GROUP_)PCR  is called 17750 ms late (jitter of 17808 ms ignored)
[DBG] ES_OUT_RESET_PCR called
10:37:26.588 AM [player] buffering 0.0
10:37:26.589 AM [player] buffering 0.0
[DBG] Buffering 0%
[DBG] Buffering 6%
[DBG] Buffering 8%
[DBG] Buffering 9%
[DBG] Buffering 13%
[DBG] Buffering 18%
[DBG] Buffering 23%
[DBG] Buffering 26%
[DBG] Buffering 31%
[DBG] Buffering 35%
[DBG] Buffering 50%
[DBG] Buffering 56%
[DBG] Buffering 59%
[DBG] Buffering 60%
[DBG] Buffering 63%
[DBG] Buffering 68%
[DBG] Buffering 73%
[DBG] Buffering 76%
[DBG] Received first picture
10:37:26.604 AM [framestep] nextFrameStepped result=0 time=24342 ms
[DBG] Buffering 78%
[DBG] Buffering 81%
[DBG] Buffering 85%
[DBG] Stream buffering done (1013 ms in 20 ms)
[DBG] Decoder wait done in 0 ms
10:37:26.610 AM [player] buffering 1.0
[ERR] ES_OUT_SET_(GROUP_)PCR  is called 17848 ms late (jitter of 17823 ms ignored)
[DBG] ES_OUT_RESET_PCR called
10:37:26.611 AM [player] buffering 0.0
10:37:26.612 AM [player] buffering 0.0
[DBG] Buffering 0%
[DBG] Buffering 3%
[DBG] Buffering 8%
[DBG] Buffering 10%
[DBG] Buffering 13%
[DBG] Buffering 16%
[DBG] Buffering 20%
[DBG] Buffering 21%
[DBG] Buffering 25%
[DBG] Buffering 39%
[DBG] Buffering 40%
[DBG] Buffering 46%
[DBG] Buffering 48%
[DBG] Buffering 50%
[DBG] Buffering 53%
[DBG] Buffering 58%
[DBG] Buffering 63%
[DBG] Buffering 66%
[DBG] Received first picture
10:37:26.621 AM [framestep] nextFrameStepped result=0 time=24342 ms
[DBG] Buffering 71%
[DBG] Buffering 75%
[DBG] Buffering 90%
[DBG] Buffering 96%
10:37:26.625 AM [player] buffering 1.0
[DBG] Stream buffering done (1001 ms in 13 ms)
[DBG] Decoder wait done in 0 ms
[ERR] ES_OUT_SET_(GROUP_)PCR  is called 17895 ms late (jitter of 17848 ms ignored)
[DBG] ES_OUT_RESET_PCR called
10:37:26.626 AM [player] buffering 0.0
10:37:26.626 AM [player] buffering 0.0
[DBG] Buffering 0%
[DBG] Buffering 5%
[DBG] Buffering 8%
[DBG] Buffering 10%
[DBG] Buffering 13%
[DBG] Buffering 16%
[DBG] Buffering 33%
[DBG] Buffering 38%
[DBG] Buffering 41%
[DBG] Buffering 45%
[DBG] Buffering 50%
[DBG] Buffering 52%
[DBG] Received first picture
10:37:26.634 AM [framestep] nextFrameStepped result=0 time=24342 ms
[DBG] Buffering 55%
[DBG] Buffering 58%
[DBG] Buffering 62%
[DBG] Buffering 63%
[DBG] Buffering 66%
[DBG] Buffering 81%
[DBG] Buffering 88%
[DBG] Buffering 90%
[DBG] Buffering 91%
[DBG] Buffering 95%
10:37:26.639 AM [player] buffering 1.0
[DBG] Stream buffering done (1001 ms in 12 ms)
[DBG] Decoder wait done in 0 ms
[ERR] ES_OUT_SET_(GROUP_)PCR  is called 17892 ms late (jitter of 17892 ms ignored)
[DBG] ES_OUT_RESET_PCR called
10:37:26.640 AM [player] buffering 0.0
[DBG] Buffering 0%
10:37:26.641 AM [player] buffering 0.0
[DBG] Buffering 4%
[DBG] Buffering 8%
[DBG] Buffering 23%
[DBG] Buffering 29%
[DBG] Buffering 33%
[DBG] Buffering 36%
[DBG] Buffering 41%
[DBG] Buffering 46%
[DBG] Buffering 50%
[DBG] Received first picture
10:37:26.657 AM [framestep] nextFrameStepped result=0 time=24342 ms
[DBG] Buffering 52%
[DBG] Buffering 55%
[DBG] Buffering 58%
[DBG] Buffering 71%
[DBG] Buffering 73%
[DBG] Buffering 80%
[DBG] Buffering 81%
[DBG] Buffering 83%
[DBG] Buffering 86%
[DBG] Buffering 91%
[DBG] Buffering 96%
10:37:26.667 AM [player] buffering 1.0
[DBG] Stream buffering done (1001 ms in 25 ms)
[DBG] Decoder wait done in 0 ms
[ERR] ES_OUT_SET_(GROUP_)PCR  is called 17920 ms late (jitter of 17895 ms ignored)
[DBG] ES_OUT_RESET_PCR called
10:37:26.667 AM [player] buffering 0.0
[DBG] Buffering 0%
10:37:26.667 AM [player] buffering 0.0
[DBG] Buffering 14%
[DBG] Buffering 21%
[DBG] Buffering 24%
[DBG] Buffering 25%
[DBG] Buffering 28%
[DBG] Buffering 33%
[DBG] Received first picture
10:37:26.674 AM [framestep] nextFrameStepped result=0 time=24342 ms
[DBG] Buffering 38%
[DBG] Buffering 41%
[DBG] Buffering 43%
[DBG] Buffering 46%
[DBG] Buffering 50%
[DBG] Buffering 65%
[DBG] Buffering 71%
[DBG] Buffering 75%
[DBG] Buffering 78%
[DBG] Buffering 83%
[DBG] Buffering 88%
[DBG] Buffering 91%
[DBG] Buffering 94%
[DBG] Buffering 96%
10:37:26.688 AM [player] buffering 1.0
[DBG] Stream buffering done (1001 ms in 20 ms)
[DBG] Decoder wait done in 0 ms
[ERR] ES_OUT_SET_(GROUP_)PCR  is called 17856 ms late (jitter of 17892 ms ignored)
[DBG] ES_OUT_RESET_PCR called
10:37:26.691 AM [player] buffering 0.0
10:37:26.691 AM [player] buffering 0.0
[DBG] Buffering 0%
[DBG] Buffering 6%
[DBG] Buffering 8%
[DBG] Buffering 10%
[DBG] Buffering 13%
[DBG] Buffering 18%
[DBG] Buffering 23%
[DBG] Buffering 26%
[DBG] Buffering 31%
[DBG] Buffering 35%
[DBG] Buffering 50%
[DBG] Buffering 56%
[DBG] Buffering 59%
[DBG] Buffering 60%
[DBG] Buffering 63%
[DBG] Buffering 68%
[DBG] Buffering 73%
[DBG] Received first picture
[DBG] Buffering 76%
10:37:26.706 AM [framestep] nextFrameStepped result=0 time=24342 ms
[DBG] Buffering 78%
[DBG] Buffering 81%
[DBG] Buffering 85%
[DBG] Stream buffering done (1012 ms in 19 ms)
10:37:26.711 AM [player] buffering 1.0
[DBG] Decoder wait done in 0 ms
[ERR] ES_OUT_SET_(GROUP_)PCR  is called 17948 ms late (jitter of 17920 ms ignored)
[DBG] ES_OUT_RESET_PCR called
10:37:26.712 AM [player] buffering 0.0
[DBG] Buffering 0%
10:37:26.712 AM [player] buffering 0.0
[DBG] Buffering 3%
[DBG] Buffering 8%
[DBG] Buffering 10%
[DBG] Buffering 13%
[DBG] Buffering 16%
[DBG] Buffering 19%
[DBG] Buffering 21%
[DBG] Buffering 25%
[DBG] Buffering 39%
[DBG] Buffering 40%
[DBG] Buffering 46%
[DBG] Buffering 48%
[DBG] Buffering 50%
[DBG] Buffering 53%
[DBG] Buffering 58%
[DBG] Received first picture
10:37:26.721 AM [framestep] nextFrameStepped result=0 time=24342 ms
[DBG] Buffering 63%
[DBG] Buffering 66%
[DBG] Buffering 71%
[DBG] Buffering 75%
[DBG] Buffering 90%
[DBG] Buffering 96%
[DBG] Buffering 99%
10:37:26.729 AM [player] buffering 1.0
[DBG] Stream buffering done (1001 ms in 16 ms)
[DBG] Decoder wait done in 0 ms
[ERR] ES_OUT_SET_(GROUP_)PCR  is called 18000 ms late (jitter of 17948 ms ignored)
[DBG] ES_OUT_RESET_PCR called
10:37:26.731 AM [player] buffering 0.0
10:37:26.731 AM [player] buffering 0.0
[DBG] Buffering 0%
[DBG] Buffering 5%
[DBG] Buffering 8%
[DBG] Buffering 10%
[DBG] Buffering 13%
[DBG] Buffering 16%
[DBG] Buffering 33%
[DBG] Buffering 38%
[DBG] Buffering 41%
[DBG] Buffering 45%
[DBG] Buffering 50%
[DBG] Buffering 52%
[DBG] Buffering 55%
[DBG] Buffering 58%
[DBG] Buffering 61%
[DBG] Received first picture
[DBG] Buffering 63%
10:37:26.738 AM [framestep] nextFrameStepped result=0 time=24342 ms
[DBG] Buffering 66%
[DBG] Buffering 81%
[DBG] Buffering 88%
[DBG] Buffering 90%
[DBG] Buffering 91%
[DBG] Buffering 95%
[DBG] Stream buffering done (1001 ms in 13 ms)
10:37:26.744 AM [player] buffering 1.0
[DBG] Decoder wait done in 0 ms
[ERR] ES_OUT_SET_(GROUP_)PCR  is called 17997 ms late (jitter of 17997 ms ignored)
[DBG] ES_OUT_RESET_PCR called
10:37:26.744 AM [player] buffering 0.0
10:37:26.745 AM [player] buffering 0.0
[DBG] Buffering 0%
[DBG] Buffering 5%
[DBG] Buffering 8%
[DBG] Buffering 23%
[DBG] Buffering 30%
[DBG] Buffering 33%
[DBG] Received first picture
10:37:26.753 AM [framestep] nextFrameStepped result=0 time=24342 ms
[DBG] Buffering 36%
[DBG] Buffering 41%
[DBG] Buffering 46%
[DBG] Buffering 50%
[DBG] Buffering 52%
[DBG] Buffering 55%
[DBG] Buffering 58%
[DBG] Buffering 75%
[DBG] Buffering 80%
[DBG] Buffering 83%
[DBG] Buffering 86%
[DBG] Buffering 91%
[DBG] Buffering 94%
[DBG] Buffering 96%
10:37:26.765 AM [player] buffering 1.0
[DBG] Stream buffering done (1001 ms in 20 ms)
[DBG] Decoder wait done in 0 ms
[ERR] ES_OUT_SET_(GROUP_)PCR  is called 18031 ms late (jitter of 18000 ms ignored)
[DBG] ES_OUT_RESET_PCR called
10:37:26.766 AM [player] buffering 0.0
10:37:26.766 AM [player] buffering 0.0
[DBG] Buffering 0%
[DBG] Buffering 3%
[DBG] Buffering 17%
[DBG] Buffering 18%
[DBG] Buffering 25%
[DBG] Buffering 27%
[DBG] Buffering 28%
[DBG] Buffering 31%
[DBG] Buffering 36%
[DBG] Received first picture
10:37:26.772 AM [framestep] nextFrameStepped result=0 time=24342 ms
[DBG] Buffering 41%
[DBG] Buffering 45%
[DBG] Buffering 50%
[DBG] Buffering 53%
[DBG] Buffering 69%
[DBG] Buffering 75%
[DBG] Buffering 78%
[DBG] Buffering 81%
[DBG] Buffering 86%
[DBG] Buffering 91%
[DBG] Buffering 95%
[DBG] Buffering 97%
[DBG] Stream buffering done (1001 ms in 13 ms)
10:37:26.780 AM [player] buffering 1.0
[DBG] Decoder wait done in 0 ms
[ERR] ES_OUT_SET_(GROUP_)PCR  is called 18050 ms late (jitter of 18031 ms ignored)
[DBG] ES_OUT_RESET_PCR called
10:37:26.780 AM [player] buffering 0.0
10:37:26.783 AM [player] buffering 0.0
[DBG] Buffering 0%
[DBG] Buffering 1%
[DBG] Received first picture
10:37:26.787 AM [framestep] nextFrameStepped result=0 time=24342 ms
[DBG] Buffering 8%
[DBG] Buffering 9%
[DBG] Buffering 11%
[DBG] Buffering 14%
[DBG] Buffering 19%
[DBG] Buffering 24%
[DBG] Buffering 28%
[DBG] Buffering 33%
[DBG] Buffering 36%
[DBG] Buffering 51%
[DBG] Buffering 57%
[DBG] Buffering 60%
[DBG] Buffering 61%
[DBG] Buffering 64%
[DBG] Buffering 69%
[DBG] Buffering 74%
[DBG] Buffering 78%
[DBG] Buffering 80%
[DBG] Buffering 83%
[DBG] Buffering 86%
[DBG] Stream buffering done (1024 ms in 16 ms)
10:37:26.799 AM [player] buffering 1.0
[DBG] Decoder wait done in 0 ms
[ERR] ES_OUT_SET_(GROUP_)PCR  is called 18023 ms late (jitter of 18031 ms ignored)
[DBG] ES_OUT_RESET_PCR called
10:37:26.801 AM [player] buffering 0.0
[DBG] Buffering 0%
10:37:26.801 AM [player] buffering 0.0
[DBG] Buffering 3%
[DBG] Buffering 8%
[DBG] Buffering 10%
[DBG] Buffering 13%
[DBG] Buffering 16%
[DBG] Buffering 19%
[DBG] Buffering 21%
[DBG] Buffering 25%
[DBG] Buffering 39%
[DBG] Buffering 40%
[DBG] Buffering 46%
[DBG] Buffering 48%
[DBG] Buffering 50%
[DBG] Buffering 53%
[DBG] Buffering 58%
[DBG] Buffering 63%
[DBG] Received first picture
10:37:26.811 AM [framestep] nextFrameStepped result=0 time=24342 ms
[DBG] Buffering 66%
[DBG] Buffering 71%
[DBG] Buffering 75%
[DBG] Buffering 90%
[DBG] Buffering 96%
[DBG] Buffering 99%
10:37:26.818 AM [player] buffering 1.0
[DBG] Stream buffering done (1001 ms in 17 ms)
[DBG] Decoder wait done in 0 ms
[ERR] ES_OUT_SET_(GROUP_)PCR  is called 18088 ms late (jitter of 18050 ms ignored)
[DBG] ES_OUT_RESET_PCR called
10:37:26.819 AM [player] buffering 0.0
10:37:26.819 AM [player] buffering 0.0
[DBG] Buffering 0%
[DBG] Buffering 5%
[DBG] Buffering 8%
[DBG] Buffering 10%
[DBG] Buffering 13%
[DBG] Buffering 16%
[DBG] Buffering 32%
[DBG] Buffering 38%
[DBG] Buffering 41%
[DBG] Buffering 45%
[DBG] Buffering 50%
[DBG] Buffering 52%
[DBG] Buffering 55%
[DBG] Received first picture
10:37:26.826 AM [framestep] nextFrameStepped result=0 time=24342 ms
[DBG] Buffering 58%
[DBG] Buffering 61%
[DBG] Buffering 63%
[DBG] Buffering 66%
[DBG] Buffering 80%
[DBG] Buffering 81%
[DBG] Buffering 88%
[DBG] Buffering 90%
[DBG] Buffering 91%
[DBG] Buffering 95%
[DBG] Stream buffering done (1001 ms in 17 ms)
10:37:26.836 AM [player] buffering 1.0
[DBG] Decoder wait done in 0 ms
[ERR] ES_OUT_SET_(GROUP_)PCR  is called 18089 ms late (jitter of 18088 ms ignored)
[DBG] ES_OUT_RESET_PCR called
10:37:26.836 AM [player] buffering 0.0
[DBG] Buffering 0%
10:37:26.837 AM [player] buffering 0.0
[DBG] Buffering 4%
[DBG] Buffering 8%
[DBG] Buffering 23%
[DBG] Buffering 29%
[DBG] Buffering 33%
[DBG] Buffering 36%
[DBG] Buffering 41%
[DBG] Buffering 46%
[DBG] Received first picture
10:37:26.844 AM [framestep] nextFrameStepped result=0 time=24342 ms
[DBG] Buffering 50%
[DBG] Buffering 52%
[DBG] Buffering 55%
[DBG] Buffering 58%
[DBG] Buffering 74%
[DBG] Buffering 80%
[DBG] Buffering 83%
[DBG] Buffering 86%
[DBG] Buffering 91%
[DBG] Buffering 94%
[DBG] Buffering 96%
[DBG] Stream buffering done (1001 ms in 14 ms)
10:37:26.851 AM [player] buffering 1.0
[DBG] Decoder wait done in 0 ms
[ERR] ES_OUT_SET_(GROUP_)PCR  is called 18118 ms late (jitter of 18089 ms ignored)
[DBG] ES_OUT_RESET_PCR called
10:37:26.851 AM [player] buffering 0.0
[DBG] Buffering 0%
10:37:26.851 AM [player] buffering 0.0
[DBG] Buffering 3%
[DBG] Buffering 17%
[DBG] Buffering 18%
[DBG] Buffering 25%
[DBG] Buffering 27%
[DBG] Buffering 28%
[DBG] Buffering 31%
[DBG] Buffering 36%
[DBG] Buffering 41%
[DBG] Buffering 45%
[DBG] Buffering 50%
[DBG] Received first picture
10:37:26.862 AM [framestep] nextFrameStepped result=0 time=24342 ms
[DBG] Buffering 53%
[DBG] Buffering 69%
[DBG] Buffering 75%
[DBG] Buffering 78%
[DBG] Buffering 81%
[DBG] Buffering 86%
[DBG] Buffering 91%
[DBG] Buffering 95%
[DBG] Buffering 97%
[DBG] Stream buffering done (1001 ms in 18 ms)
10:37:26.870 AM [player] buffering 1.0
[DBG] Decoder wait done in 0 ms
[ERR] ES_OUT_SET_(GROUP_)PCR  is called 18138 ms late (jitter of 18118 ms ignored)
[DBG] ES_OUT_RESET_PCR called
10:37:26.870 AM [player] buffering 0.0
10:37:26.872 AM [player] buffering 0.0
[DBG] Buffering 0%
[DBG] Buffering 1%
[DBG] Buffering 8%
[DBG] Buffering 9%
[DBG] Buffering 11%
[DBG] Buffering 14%
[DBG] Buffering 19%
[DBG] Received first picture
10:37:26.876 AM [framestep] nextFrameStepped result=0 time=24342 ms
[DBG] Buffering 24%
[DBG] Buffering 28%
[DBG] Buffering 33%
[DBG] Buffering 36%
[DBG] Buffering 51%
[DBG] Buffering 58%
[DBG] Buffering 60%
[DBG] Buffering 61%
[DBG] Buffering 64%
[DBG] Buffering 69%
[DBG] Buffering 74%
[DBG] Buffering 78%
[DBG] Buffering 80%
[DBG] Buffering 83%
[DBG] Buffering 86%
10:37:26.889 AM [player] buffering 1.0
[DBG] Stream buffering done (1024 ms in 16 ms)
[DBG] Decoder wait done in 0 ms
[ERR] ES_OUT_SET_(GROUP_)PCR  is called 18113 ms late (jitter of 18118 ms ignored)
[DBG] ES_OUT_RESET_PCR called
10:37:26.892 AM [player] buffering 0.0
[DBG] Buffering 0%
10:37:26.892 AM [player] buffering 0.0
[DBG] Buffering 3%
[DBG] Buffering 8%
[DBG] Buffering 13%
[DBG] Buffering 16%
[DBG] Buffering 19%
[DBG] Buffering 21%
[DBG] Buffering 25%
[DBG] Buffering 38%
[DBG] Buffering 40%
[DBG] Buffering 46%
[DBG] Buffering 48%
[DBG] Buffering 50%
[DBG] Buffering 53%
[DBG] Buffering 57%
[DBG] Buffering 58%
[DBG] Buffering 63%
[DBG] Received first picture
10:37:26.900 AM [framestep] nextFrameStepped result=0 time=24342 ms
[DBG] Buffering 66%
[DBG] Buffering 71%
[DBG] Buffering 75%
[DBG] Buffering 90%
[DBG] Buffering 96%
[DBG] Buffering 99%
[DBG] Stream buffering done (1001 ms in 11 ms)
10:37:26.904 AM [player] buffering 1.0
[DBG] Decoder wait done in 0 ms
[ERR] ES_OUT_SET_(GROUP_)PCR  is called 18175 ms late (jitter of 18138 ms ignored)
[DBG] ES_OUT_RESET_PCR called
10:37:26.906 AM [player] buffering 0.0
[DBG] Buffering 0%
10:37:26.906 AM [player] buffering 0.0
[DBG] Buffering 5%
[DBG] Buffering 8%
[DBG] Buffering 10%
[DBG] Buffering 13%
[DBG] Buffering 16%
[DBG] Buffering 32%
[DBG] Buffering 38%
[DBG] Buffering 41%
[DBG] Buffering 45%
[DBG] Buffering 50%
[DBG] Received first picture
10:37:26.915 AM [framestep] nextFrameStepped result=0 time=24342 ms
[DBG] Buffering 52%
[DBG] Buffering 55%
[DBG] Buffering 58%
[DBG] Buffering 61%
[DBG] Buffering 63%
[DBG] Buffering 66%
[DBG] Buffering 80%
[DBG] Buffering 81%
[DBG] Buffering 88%
[DBG] Buffering 90%
[DBG] Buffering 91%
[DBG] Buffering 95%
[DBG] Stream buffering done (1000 ms in 29 ms)
10:37:26.936 AM [player] buffering 1.0
[DBG] Decoder wait done in 0 ms
[ERR] ES_OUT_SET_(GROUP_)PCR  is called 18239 ms late (jitter of 18175 ms ignored)
[DBG] ES_OUT_RESET_PCR called
10:37:26.936 AM [player] buffering 0.0
[DBG] Buffering 0%
10:37:26.936 AM [player] buffering 0.0
[DBG] Buffering 3%
[DBG] Buffering 8%
[DBG] Buffering 11%
[DBG] Buffering 26%
[DBG] Buffering 33%
[DBG] Buffering 36%
[DBG] Received first picture
10:37:26.948 AM [framestep] nextFrameStepped result=0 time=24342 ms
[DBG] Buffering 40%
[DBG] Buffering 45%
[DBG] Buffering 50%
[DBG] Buffering 53%
[DBG] Buffering 55%
[DBG] Buffering 58%
[DBG] Buffering 61%
[DBG] Buffering 78%
[DBG] Buffering 83%
[DBG] Buffering 86%
[DBG] Buffering 90%
[DBG] Buffering 95%
[DBG] Buffering 97%
10:37:26.961 AM [player] buffering 1.0
[DBG] Stream buffering done (1001 ms in 24 ms)
[DBG] Decoder wait done in 0 ms
[ERR] ES_OUT_SET_(GROUP_)PCR  is called 18232 ms late (jitter of 18232 ms ignored)
[DBG] ES_OUT_RESET_PCR called
10:37:26.962 AM [player] buffering 0.0
10:37:26.963 AM [player] buffering 0.0
[DBG] Buffering 0%
[DBG] Buffering 1%
[DBG] Buffering 4%
[DBG] Buffering 19%
[DBG] Received first picture
10:37:26.968 AM [framestep] nextFrameStepped result=0 time=24342 ms
[DBG] Buffering 26%
[DBG] Buffering 28%
[DBG] Buffering 29%
[DBG] Buffering 33%
[DBG] Buffering 38%
[DBG] Buffering 43%
[DBG] Buffering 46%
[DBG] Buffering 51%
[DBG] Buffering 55%
[DBG] Buffering 70%
[DBG] Buffering 76%
[DBG] Buffering 80%
[DBG] Buffering 83%
[DBG] Buffering 88%
[DBG] Buffering 93%
[DBG] Buffering 96%
[DBG] Buffering 99%
[DBG] Stream buffering done (1017 ms in 20 ms)
10:37:26.983 AM [player] buffering 1.0
[DBG] Decoder wait done in 0 ms
[ERR] ES_OUT_SET_(GROUP_)PCR  is called 18237 ms late (jitter of 18237 ms ignored)
[DBG] ES_OUT_RESET_PCR called
10:37:26.984 AM [player] buffering 0.0
[DBG] Buffering 0%
10:37:26.986 AM [player] buffering 0.0
[DBG] Buffering 5%
[DBG] Buffering 8%
[DBG] Buffering 11%
[DBG] Buffering 16%
[DBG] Received first picture
10:37:26.990 AM [framestep] nextFrameStepped result=0 time=24342 ms
[DBG] Buffering 19%
[DBG] Buffering 21%
[DBG] Buffering 25%
[DBG] Buffering 28%
[DBG] Buffering 30%
[DBG] Buffering 33%
[DBG] Buffering 48%
[DBG] Buffering 55%
[DBG] Buffering 57%
[DBG] Buffering 58%
[DBG] Buffering 61%
[DBG] Buffering 66%
[DBG] Buffering 71%
[DBG] Buffering 75%
[DBG] Buffering 80%
[DBG] Buffering 83%
[DBG] Buffering 99%
10:37:27.009 AM [player] buffering 1.0
[DBG] Stream buffering done (1052 ms in 22 ms)
[DBG] Decoder wait done in 0 ms
[ERR] ES_OUT_SET_(GROUP_)PCR  is called 18227 ms late (jitter of 18232 ms ignored)
[DBG] ES_OUT_RESET_PCR called
10:37:27.009 AM [player] buffering 0.0
[DBG] Buffering 0%
10:37:27.012 AM [player] buffering 0.0
[DBG] Buffering 5%
[DBG] Buffering 10%
[DBG] Buffering 13%
[DBG] Buffering 16%
[DBG] Buffering 18%
[DBG] Buffering 21%
[DBG] Buffering 35%
[DBG] Buffering 36%
[DBG] Buffering 43%
[DBG] Buffering 44%
[DBG] Buffering 46%
[DBG] Buffering 50%
[DBG] Buffering 54%
[DBG] Buffering 55%
[DBG] Buffering 60%
[DBG] Buffering 63%
[DBG] Received first picture
10:37:27.018 AM [framestep] nextFrameStepped result=0 time=24342 ms
[DBG] Buffering 68%
[DBG] Buffering 71%
[DBG] Buffering 86%
[DBG] Buffering 93%
[DBG] Buffering 96%
[DBG] Stream buffering done (1001 ms in 11 ms)
10:37:27.023 AM [player] buffering 1.0
[DBG] Decoder wait done in 0 ms
[ERR] ES_OUT_SET_(GROUP_)PCR  is called 18276 ms late (jitter of 18237 ms ignored)
[DBG] ES_OUT_RESET_PCR called
10:37:27.024 AM [player] buffering 0.0
10:37:27.024 AM [player] buffering 0.0
[DBG] Buffering 0%
[DBG] Buffering 3%
[DBG] Buffering 5%
[DBG] Buffering 8%
[DBG] Buffering 11%
[DBG] Buffering 27%
[DBG] Buffering 33%
[DBG] Buffering 36%
[DBG] Buffering 40%
[DBG] Received first picture
10:37:27.032 AM [framestep] nextFrameStepped result=0 time=24342 ms
[DBG] Buffering 45%
[DBG] Buffering 46%
[DBG] Buffering 50%
[DBG] Buffering 53%
[DBG] Buffering 56%
[DBG] Buffering 58%
[DBG] Buffering 61%
[DBG] Buffering 75%
[DBG] Buffering 76%
[DBG] Buffering 83%
[DBG] Buffering 85%
[DBG] Buffering 86%
[DBG] Buffering 90%
[DBG] Buffering 94%
[DBG] Buffering 95%
10:37:27.041 AM [player] buffering 1.0
[DBG] Stream buffering done (1001 ms in 16 ms)
[DBG] Decoder wait done in 0 ms
[ERR] ES_OUT_SET_(GROUP_)PCR  is called 18311 ms late (jitter of 18276 ms ignored)
[DBG] ES_OUT_RESET_PCR called
10:37:27.041 AM [player] buffering 0.0
10:37:27.043 AM [player] buffering 0.0
[DBG] Buffering 0%
[DBG] Buffering 3%
[DBG] Buffering 18%
[DBG] Buffering 25%
[DBG] Buffering 28%
[DBG] Buffering 31%
[DBG] Buffering 36%
[DBG] Buffering 41%
[DBG] Buffering 45%
[DBG] Buffering 47%
[DBG] Buffering 50%
[DBG] Received first picture
10:37:27.052 AM [framestep] nextFrameStepped result=0 time=24342 ms
[DBG] Buffering 53%
[DBG] Buffering 69%
[DBG] Buffering 75%
[DBG] Buffering 78%
[DBG] Buffering 81%
[DBG] Buffering 86%
[DBG] Buffering 88%
[DBG] Buffering 91%
[DBG] Buffering 95%
[DBG] Buffering 98%
[DBG] Stream buffering done (1001 ms in 25 ms)
10:37:27.068 AM [player] buffering 1.0
[DBG] Decoder wait done in 0 ms
[ERR] ES_OUT_SET_(GROUP_)PCR  is called 18337 ms late (jitter of 18311 ms ignored)
[DBG] ES_OUT_RESET_PCR called
10:37:27.068 AM [player] buffering 0.0
10:37:27.071 AM [player] buffering 0.0
[DBG] Buffering 0%
[DBG] Buffering 7%
[DBG] Buffering 9%
[DBG] Buffering 10%
[DBG] Buffering 14%
[DBG] Buffering 19%
[DBG] Buffering 24%
[DBG] Buffering 27%
[DBG] Received first picture
10:37:27.076 AM [framestep] nextFrameStepped result=0 time=24342 ms
[DBG] Buffering 32%
[DBG] Buffering 35%
[DBG] Buffering 51%
[DBG] Buffering 57%
[DBG] Buffering 60%
[DBG] Buffering 64%
[DBG] Buffering 69%
[DBG] Buffering 74%
[DBG] Buffering 77%
[DBG] Buffering 80%
[DBG] Buffering 82%
[DBG] Buffering 86%
[DBG] Stream buffering done (1024 ms in 17 ms)
10:37:27.088 AM [player] buffering 1.0
[DBG] Decoder wait done in 0 ms
[ERR] ES_OUT_SET_(GROUP_)PCR  is called 18317 ms late (jitter of 18317 ms ignored)
[DBG] ES_OUT_RESET_PCR called
10:37:27.090 AM [player] buffering 0.0
10:37:27.091 AM [player] buffering 0.0
[DBG] Buffering 0%
[DBG] Buffering 3%
[DBG] Buffering 8%
[DBG] Buffering 10%
[DBG] Buffering 13%
[DBG] Buffering 16%
[DBG] Buffering 20%
[DBG] Buffering 21%
[DBG] Buffering 25%
[DBG] Buffering 39%
[DBG] Buffering 40%
[DBG] Buffering 46%
[DBG] Buffering 49%
[DBG] Buffering 50%
[DBG] Buffering 53%
[DBG] Buffering 58%
[DBG] Buffering 63%
[DBG] Received first picture
10:37:27.100 AM [framestep] nextFrameStepped result=0 time=24342 ms
[DBG] Buffering 66%
[DBG] Buffering 71%
[DBG] Buffering 75%
[DBG] Buffering 90%
[DBG] Buffering 96%
[DBG] Stream buffering done (1001 ms in 16 ms)
10:37:27.108 AM [player] buffering 1.0
[DBG] Decoder wait done in 0 ms
[ERR] ES_OUT_SET_(GROUP_)PCR  is called 18378 ms late (jitter of 18337 ms ignored)
[DBG] ES_OUT_RESET_PCR called
10:37:27.109 AM [player] buffering 0.0
10:37:27.109 AM [player] buffering 0.0
[DBG] Buffering 0%
[DBG] Buffering 5%
[DBG] Buffering 8%
[DBG] Buffering 11%
[DBG] Buffering 13%
[DBG] Buffering 16%
[DBG] Buffering 30%
[DBG] Buffering 31%
[DBG] Buffering 38%
[DBG] Buffering 39%
[DBG] Buffering 41%
[DBG] Buffering 45%
[DBG] Buffering 49%
[DBG] Buffering 50%
[DBG] Buffering 55%
[DBG] Buffering 58%
[DBG] Buffering 63%
[DBG] Buffering 66%
[DBG] Received first picture
10:37:27.121 AM [framestep] nextFrameStepped result=0 time=24342 ms
[DBG] Buffering 81%
[DBG] Buffering 88%
[DBG] Buffering 91%
[DBG] Buffering 95%
10:37:27.125 AM [player] buffering 1.0
[DBG] Stream buffering done (1001 ms in 15 ms)
[DBG] Decoder wait done in 0 ms
[ERR] ES_OUT_SET_(GROUP_)PCR  is called 18380 ms late (jitter of 18378 ms ignored)
[DBG] ES_OUT_RESET_PCR called
10:37:27.127 AM [player] buffering 0.0
10:37:27.127 AM [player] buffering 0.0
[DBG] Buffering 0%
[DBG] Buffering 5%
[DBG] Buffering 8%
[DBG] Buffering 24%
[DBG] Buffering 30%
[DBG] Buffering 33%
[DBG] Buffering 36%
[DBG] Buffering 41%
[DBG] Buffering 46%
[DBG] Buffering 50%
[DBG] Buffering 52%
[DBG] Buffering 55%
[DBG] Received first picture
10:37:27.133 AM [framestep] nextFrameStepped result=0 time=24342 ms
[DBG] Buffering 58%
[DBG] Buffering 72%
[DBG] Buffering 73%
[DBG] Buffering 80%
[DBG] Buffering 81%
[DBG] Buffering 83%
[DBG] Buffering 86%
[DBG] Buffering 91%
[DBG] Buffering 96%
10:37:27.142 AM [player] buffering 1.0
[DBG] Stream buffering done (1001 ms in 14 ms)
[DBG] Decoder wait done in 0 ms
[ERR] ES_OUT_SET_(GROUP_)PCR  is called 18394 ms late (jitter of 18380 ms ignored)
[DBG] ES_OUT_RESET_PCR called
10:37:27.142 AM [player] buffering 0.0
10:37:27.142 AM [player] buffering 0.0
[DBG] Buffering 0%
[DBG] Buffering 14%
[DBG] Buffering 15%
[DBG] Buffering 21%
[DBG] Buffering 24%
[DBG] Buffering 25%
[DBG] Buffering 28%
[DBG] Buffering 33%
[DBG] Received first picture
10:37:27.150 AM [framestep] nextFrameStepped result=0 time=24342 ms
[DBG] Buffering 38%
[DBG] Buffering 41%
[DBG] Buffering 43%
[DBG] Buffering 46%
[DBG] Buffering 50%
[DBG] Buffering 66%
[DBG] Buffering 71%
[DBG] Buffering 75%
[DBG] Buffering 78%
[DBG] Buffering 83%
[DBG] Buffering 85%
[DBG] Buffering 88%
[DBG] Buffering 91%
[DBG] Buffering 94%
[DBG] Buffering 96%
[DBG] Stream buffering done (1001 ms in 15 ms)
10:37:27.157 AM [player] buffering 1.0
[DBG] Decoder wait done in 0 ms
[ERR] ES_OUT_SET_(GROUP_)PCR  is called 18329 ms late (jitter of 18380 ms ignored)
[DBG] ES_OUT_RESET_PCR called
10:37:27.166 AM [player] buffering 0.0
[DBG] Buffering 0%
10:37:27.168 AM [player] buffering 0.0
[DBG] Buffering 6%
[DBG] Buffering 8%
[DBG] Buffering 9%
[DBG] Buffering 13%
[DBG] Buffering 18%
[DBG] Buffering 23%
[DBG] Buffering 26%
[DBG] Buffering 31%
[DBG] Buffering 35%
[DBG] Buffering 50%
[DBG] Buffering 56%
[DBG] Buffering 59%
[DBG] Buffering 60%
[DBG] Buffering 63%
[DBG] Buffering 68%
[DBG] Buffering 73%
[DBG] Buffering 76%
[DBG] Buffering 78%
[DBG] Buffering 81%
[DBG] Buffering 85%
[DBG] Received first picture
10:37:27.180 AM [framestep] nextFrameStepped result=0 time=24342 ms
[DBG] Stream buffering done (1013 ms in 12 ms)
10:37:27.181 AM [player] buffering 1.0
[DBG] Decoder wait done in 0 ms
[ERR] ES_OUT_SET_(GROUP_)PCR  is called 18420 ms late (jitter of 18394 ms ignored)
[DBG] ES_OUT_RESET_PCR called
10:37:27.184 AM [player] buffering 0.0
10:37:27.185 AM [player] buffering 0.0
[DBG] Buffering 0%
[DBG] Buffering 3%
[DBG] Buffering 8%
[DBG] Buffering 10%
[DBG] Buffering 13%
[DBG] Buffering 16%
[DBG] Buffering 20%
[DBG] Buffering 21%
[DBG] Buffering 25%
[DBG] Buffering 39%
[DBG] Buffering 40%
[DBG] Buffering 46%
[DBG] Buffering 48%
[DBG] Buffering 50%
[DBG] Buffering 53%
[DBG] Buffering 58%
[DBG] Received first picture
10:37:27.194 AM [framestep] nextFrameStepped result=0 time=24342 ms
[DBG] Buffering 63%
[DBG] Buffering 66%
[DBG] Buffering 71%
[DBG] Buffering 75%
[DBG] Buffering 90%
[DBG] Buffering 96%
[DBG] Stream buffering done (1001 ms in 14 ms)
10:37:27.199 AM [player] buffering 1.0
[DBG] Decoder wait done in 0 ms
[ERR] ES_OUT_SET_(GROUP_)PCR  is called 18470 ms late (jitter of 18420 ms ignored)
[DBG] ES_OUT_RESET_PCR called
10:37:27.201 AM [player] buffering 0.0
[DBG] Buffering 0%
10:37:27.201 AM [player] buffering 0.0
[DBG] Buffering 5%
[DBG] Buffering 8%
[DBG] Buffering 10%
[DBG] Buffering 13%
[DBG] Buffering 16%
[DBG] Buffering 33%
[DBG] Buffering 38%
[DBG] Buffering 41%
[DBG] Buffering 45%
[DBG] Buffering 50%
[DBG] Buffering 52%
[DBG] Buffering 55%
[DBG] Received first picture
10:37:27.211 AM [framestep] nextFrameStepped result=0 time=24342 ms
[DBG] Buffering 58%
[DBG] Buffering 62%
[DBG] Buffering 63%
[DBG] Buffering 66%
[DBG] Buffering 81%
[DBG] Buffering 88%
[DBG] Buffering 90%
[DBG] Buffering 91%
[DBG] Buffering 95%
[DBG] Stream buffering done (1001 ms in 15 ms)
10:37:27.216 AM [player] buffering 1.0
[DBG] Decoder wait done in 0 ms
[ERR] ES_OUT_SET_(GROUP_)PCR  is called 18470 ms late (jitter of 18470 ms ignored)
[DBG] ES_OUT_RESET_PCR called
10:37:27.217 AM [player] buffering 0.0
[DBG] Buffering 0%
10:37:27.217 AM [player] buffering 0.0
[DBG] Buffering 4%
[DBG] Buffering 8%
[DBG] Buffering 23%
[DBG] Buffering 29%
[DBG] Buffering 33%
[DBG] Buffering 36%
[DBG] Buffering 41%
[DBG] Received first picture
10:37:27.228 AM [framestep] nextFrameStepped result=0 time=24342 ms
[DBG] Buffering 46%
[DBG] Buffering 50%
[DBG] Buffering 52%
[DBG] Buffering 55%
[DBG] Buffering 58%
[DBG] Buffering 71%
[DBG] Buffering 73%
[DBG] Buffering 80%
[DBG] Buffering 81%
[DBG] Buffering 83%
[DBG] Buffering 86%
[DBG] Buffering 91%
[DBG] Buffering 96%
10:37:27.242 AM [player] buffering 1.0
[DBG] Stream buffering done (1001 ms in 24 ms)
[DBG] Decoder wait done in 0 ms
[ERR] ES_OUT_SET_(GROUP_)PCR  is called 18495 ms late (jitter of 18470 ms ignored)
[DBG] ES_OUT_RESET_PCR called
10:37:27.242 AM [player] buffering 0.0
10:37:27.242 AM [player] buffering 0.0
[DBG] Buffering 0%
[DBG] Buffering 14%
[DBG] Buffering 21%
[DBG] Buffering 24%
[DBG] Buffering 25%
[DBG] Buffering 28%
[DBG] Buffering 33%
[DBG] Buffering 38%
[DBG] Buffering 41%
[DBG] Buffering 43%
[DBG] Buffering 46%
[DBG] Buffering 50%
[DBG] Received first picture
10:37:27.253 AM [framestep] nextFrameStepped result=0 time=24342 ms
[DBG] Buffering 65%
[DBG] Buffering 71%
[DBG] Buffering 75%
[DBG] Buffering 78%
[DBG] Buffering 83%
[DBG] Buffering 88%
[DBG] Buffering 91%
[DBG] Buffering 94%
[DBG] Buffering 96%
10:37:27.263 AM [player] buffering 1.0
[DBG] Stream buffering done (1001 ms in 20 ms)
[DBG] Decoder wait done in 0 ms
[ERR] ES_OUT_SET_(GROUP_)PCR  is called 18437 ms late (jitter of 18470 ms ignored)
[DBG] ES_OUT_RESET_PCR called
10:37:27.272 AM [player] buffering 0.0
10:37:27.274 AM [player] buffering 0.0
[DBG] Buffering 0%
[DBG] Buffering 6%
[DBG] Buffering 8%
[DBG] Buffering 10%
[DBG] Buffering 13%
[DBG] Buffering 18%
[DBG] Buffering 23%
[DBG] Buffering 26%
[DBG] Buffering 31%
[DBG] Buffering 35%
[DBG] Buffering 50%
[DBG] Buffering 56%
[DBG] Buffering 59%
[DBG] Buffering 60%
[DBG] Buffering 63%
[DBG] Buffering 68%
[DBG] Buffering 73%
[DBG] Buffering 76%
[DBG] Buffering 78%
[DBG] Buffering 81%
[DBG] Received first picture
10:37:27.293 AM [framestep] nextFrameStepped result=0 time=24342 ms
[DBG] Buffering 85%
10:37:27.297 AM [player] buffering 1.0
[DBG] Stream buffering done (1012 ms in 22 ms)
[DBG] Decoder wait done in 0 ms
[ERR] ES_OUT_SET_(GROUP_)PCR  is called 18536 ms late (jitter of 18495 ms ignored)
[DBG] ES_OUT_RESET_PCR called
10:37:27.300 AM [player] buffering 0.0
10:37:27.300 AM [player] buffering 0.0
[DBG] Buffering 0%
[DBG] Buffering 3%
[DBG] Buffering 8%
[DBG] Buffering 10%
[DBG] Buffering 13%
[DBG] Buffering 16%
[DBG] Buffering 19%
[DBG] Buffering 21%
[DBG] Buffering 25%
[DBG] Buffering 39%
[DBG] Buffering 40%
[DBG] Buffering 46%
[DBG] Buffering 48%
[DBG] Buffering 50%
[DBG] Buffering 53%
[DBG] Buffering 58%
[DBG] Buffering 63%
[DBG] Buffering 66%
[DBG] Buffering 71%
[DBG] Buffering 75%
[DBG] Received first picture
10:37:27.309 AM [framestep] nextFrameStepped result=0 time=24342 ms
[DBG] Buffering 90%
[DBG] Buffering 96%
[DBG] Buffering 99%
10:37:27.312 AM [player] buffering 1.0
[DBG] Stream buffering done (1001 ms in 12 ms)
[DBG] Decoder wait done in 0 ms
[ERR] ES_OUT_SET_(GROUP_)PCR  is called 18582 ms late (jitter of 18536 ms ignored)
[DBG] ES_OUT_RESET_PCR called
10:37:27.313 AM [player] buffering 0.0
[DBG] Buffering 0%
10:37:27.313 AM [player] buffering 0.0
[DBG] Buffering 5%
[DBG] Buffering 8%
[DBG] Buffering 10%
[DBG] Buffering 13%
[DBG] Buffering 16%
[DBG] Buffering 33%
[DBG] Buffering 38%
[DBG] Buffering 41%
[DBG] Buffering 45%
[DBG] Buffering 50%
[DBG] Buffering 52%
[DBG] Buffering 55%
[DBG] Buffering 58%
[DBG] Buffering 61%
[DBG] Buffering 63%
[DBG] Buffering 66%
[DBG] Received first picture
10:37:27.323 AM [framestep] nextFrameStepped result=0 time=24342 ms
[DBG] Buffering 81%
[DBG] Buffering 88%
[DBG] Buffering 90%
[DBG] Buffering 91%
[DBG] Buffering 95%
[DBG] Stream buffering done (1001 ms in 13 ms)
10:37:27.327 AM [player] buffering 1.0
[DBG] Decoder wait done in 0 ms
[ERR] ES_OUT_SET_(GROUP_)PCR  is called 18580 ms late (jitter of 18580 ms ignored)
[DBG] ES_OUT_RESET_PCR called
10:37:27.327 AM [player] buffering 0.0
[DBG] Buffering 0%
10:37:27.327 AM [player] buffering 0.0
[DBG] Buffering 5%
[DBG] Buffering 8%
[DBG] Buffering 23%
[DBG] Buffering 30%
[DBG] Buffering 33%
[DBG] Buffering 36%
[DBG] Buffering 41%
[DBG] Received first picture
10:37:27.334 AM [framestep] nextFrameStepped result=0 time=24342 ms
[DBG] Buffering 46%
[DBG] Buffering 50%
[DBG] Buffering 52%
[DBG] Buffering 55%
[DBG] Buffering 58%
[DBG] Buffering 75%
[DBG] Buffering 80%
[DBG] Buffering 83%
[DBG] Buffering 86%
[DBG] Buffering 91%
[DBG] Buffering 94%
[DBG] Buffering 96%
10:37:27.345 AM [player] buffering 1.0
[DBG] Stream buffering done (1001 ms in 17 ms)
[DBG] Decoder wait done in 0 ms
[ERR] ES_OUT_SET_(GROUP_)PCR  is called 18610 ms late (jitter of 18582 ms ignored)
[DBG] ES_OUT_RESET_PCR called
10:37:27.345 AM [player] buffering 0.0
10:37:27.345 AM [player] buffering 0.0
[DBG] Buffering 0%
[DBG] Buffering 3%
[DBG] Buffering 17%
[DBG] Buffering 18%
[DBG] Buffering 25%
[DBG] Buffering 27%
[DBG] Buffering 28%
[DBG] Buffering 31%
[DBG] Buffering 36%
[DBG] Buffering 41%
[DBG] Buffering 45%
[DBG] Buffering 50%
[DBG] Buffering 53%
[DBG] Received first picture
10:37:27.352 AM [framestep] nextFrameStepped result=0 time=24342 ms
[DBG] Buffering 69%
[DBG] Buffering 75%
[DBG] Buffering 78%
[DBG] Buffering 81%
[DBG] Buffering 86%
[DBG] Buffering 91%
[DBG] Buffering 95%
[DBG] Buffering 97%
10:37:27.358 AM [player] buffering 1.0
[DBG] Stream buffering done (1001 ms in 12 ms)
[DBG] Decoder wait done in 0 ms
[ERR] ES_OUT_SET_(GROUP_)PCR  is called 18628 ms late (jitter of 18610 ms ignored)
[DBG] ES_OUT_RESET_PCR called
10:37:27.358 AM [player] buffering 0.0
10:37:27.361 AM [player] buffering 0.0
[DBG] Buffering 0%
[DBG] Buffering 1%
[DBG] Buffering 8%
[DBG] Buffering 9%
[DBG] Buffering 11%
[DBG] Received first picture
10:37:27.364 AM [framestep] nextFrameStepped result=0 time=24342 ms
[DBG] Buffering 14%
[DBG] Buffering 19%
[DBG] Buffering 24%
[DBG] Buffering 28%
[DBG] Buffering 33%
[DBG] Buffering 36%
[DBG] Buffering 51%
[DBG] Buffering 57%
[DBG] Buffering 60%
[DBG] Buffering 61%
[DBG] Buffering 64%
[DBG] Buffering 69%
[DBG] Buffering 74%
[DBG] Buffering 78%
[DBG] Buffering 80%
[DBG] Buffering 83%
[DBG] Buffering 86%
10:37:27.379 AM [player] buffering 1.0
[DBG] Stream buffering done (1024 ms in 18 ms)
[DBG] Decoder wait done in 0 ms
[ERR] ES_OUT_SET_(GROUP_)PCR  is called 18604 ms late (jitter of 18610 ms ignored)
[DBG] ES_OUT_RESET_PCR called
10:37:27.382 AM [player] buffering 0.0
10:37:27.382 AM [player] buffering 0.0
[DBG] Buffering 0%
[DBG] Buffering 3%
[DBG] Buffering 8%
[DBG] Buffering 10%
[DBG] Buffering 13%
[DBG] Buffering 16%
[DBG] Buffering 19%
[DBG] Buffering 21%
[DBG] Buffering 25%
[DBG] Buffering 39%
[DBG] Buffering 40%
[DBG] Buffering 46%
[DBG] Buffering 48%
[DBG] Buffering 50%
[DBG] Received first picture
10:37:27.389 AM [framestep] nextFrameStepped result=0 time=24342 ms
[DBG] Buffering 53%
[DBG] Buffering 58%
[DBG] Buffering 63%
[DBG] Buffering 66%
[DBG] Buffering 71%
[DBG] Buffering 75%
[DBG] Buffering 90%
[DBG] Buffering 96%
[DBG] Buffering 99%
[DBG] Stream buffering done (1001 ms in 11 ms)
10:37:27.393 AM [player] buffering 1.0
[DBG] Decoder wait done in 0 ms
[ERR] ES_OUT_SET_(GROUP_)PCR  is called 18664 ms late (jitter of 18628 ms ignored)
[DBG] ES_OUT_RESET_PCR called
10:37:27.395 AM [player] buffering 0.0
10:37:27.395 AM [player] buffering 0.0
[DBG] Buffering 0%
[DBG] Buffering 5%
[DBG] Buffering 8%
[DBG] Buffering 10%
[DBG] Buffering 13%
[DBG] Buffering 16%
[DBG] Buffering 32%
[DBG] Buffering 38%
[DBG] Buffering 41%
[DBG] Buffering 45%
[DBG] Received first picture
10:37:27.403 AM [framestep] nextFrameStepped result=0 time=24342 ms
[DBG] Buffering 50%
[DBG] Buffering 52%
[DBG] Buffering 55%
[DBG] Buffering 58%
[DBG] Buffering 61%
[DBG] Buffering 63%
[DBG] Buffering 66%
[DBG] Buffering 80%
[DBG] Buffering 81%
[DBG] Buffering 88%
[DBG] Buffering 90%
[DBG] Buffering 91%
[DBG] Buffering 95%
[DBG] Stream buffering done (1001 ms in 16 ms)
10:37:27.412 AM [player] buffering 1.0
[DBG] Decoder wait done in 0 ms
[ERR] ES_OUT_SET_(GROUP_)PCR  is called 18665 ms late (jitter of 18664 ms ignored)
[DBG] ES_OUT_RESET_PCR called
10:37:27.413 AM [player] buffering 0.0
[DBG] Buffering 0%
10:37:27.415 AM [player] buffering 0.0
[DBG] Buffering 4%
[DBG] Buffering 8%
[DBG] Buffering 23%
[DBG] Buffering 29%
[DBG] Buffering 33%
[DBG] Received first picture
10:37:27.421 AM [framestep] nextFrameStepped result=0 time=24342 ms
[DBG] Buffering 36%
[DBG] Buffering 41%
[DBG] Buffering 46%
[DBG] Buffering 50%
[DBG] Buffering 52%
[DBG] Buffering 55%
[DBG] Buffering 58%
[DBG] Buffering 74%
[DBG] Buffering 80%
[DBG] Buffering 83%
[DBG] Buffering 86%
[DBG] Buffering 91%
[DBG] Buffering 94%
[DBG] Buffering 96%
10:37:27.434 AM [player] buffering 1.0
[DBG] Stream buffering done (1001 ms in 19 ms)
[DBG] Decoder wait done in 0 ms
[ERR] ES_OUT_SET_(GROUP_)PCR  is called 18702 ms late (jitter of 18665 ms ignored)
[DBG] ES_OUT_RESET_PCR called
10:37:27.435 AM [player] buffering 0.0
[DBG] Buffering 0%
10:37:27.435 AM [player] buffering 0.0
[DBG] Buffering 3%
[DBG] Buffering 17%
[DBG] Buffering 18%
[DBG] Buffering 25%
[DBG] Buffering 27%
[DBG] Buffering 28%
[DBG] Received first picture
[DBG] Buffering 31%
10:37:27.441 AM [framestep] nextFrameStepped result=0 time=24342 ms
[DBG] Buffering 36%
[DBG] Buffering 41%
[DBG] Buffering 45%
[DBG] Buffering 50%
[DBG] Buffering 53%
[DBG] Buffering 69%
[DBG] Buffering 75%
[DBG] Buffering 78%
[DBG] Buffering 81%
[DBG] Buffering 86%
[DBG] Buffering 91%
[DBG] Buffering 95%
[DBG] Buffering 97%
10:37:27.455 AM [player] buffering 1.0
[DBG] Stream buffering done (1001 ms in 19 ms)
[DBG] Decoder wait done in 0 ms
[ERR] ES_OUT_SET_(GROUP_)PCR  is called 18725 ms late (jitter of 18702 ms ignored)
[DBG] ES_OUT_RESET_PCR called
10:37:27.456 AM [player] buffering 0.0
[DBG] Buffering 0%
10:37:27.466 AM [player] buffering 0.0
[DBG] Buffering 1%
[DBG] Buffering 8%
[DBG] Buffering 9%
[DBG] Buffering 11%
[DBG] Buffering 14%
[DBG] Received first picture
[DBG] Buffering 19%
10:37:27.473 AM [framestep] nextFrameStepped result=0 time=24342 ms
[DBG] Buffering 24%
[DBG] Buffering 28%
[DBG] Buffering 33%
[DBG] Buffering 36%
[DBG] Buffering 51%
[DBG] Buffering 58%
[DBG] Buffering 60%
[DBG] Buffering 61%
[DBG] Buffering 64%
[DBG] Buffering 69%
[DBG] Buffering 74%
[DBG] Buffering 78%
[DBG] Buffering 80%
[DBG] Buffering 83%
[DBG] Buffering 86%
[DBG] Stream buffering done (1024 ms in 20 ms)
10:37:27.486 AM [player] buffering 1.0
[DBG] Decoder wait done in 0 ms
[ERR] ES_OUT_SET_(GROUP_)PCR  is called 18709 ms late (jitter of 18709 ms ignored)
[DBG] ES_OUT_RESET_PCR called
10:37:27.487 AM [player] buffering 0.0
[DBG] Buffering 0%
10:37:27.487 AM [player] buffering 0.0
[DBG] Buffering 3%
[DBG] Buffering 8%
[DBG] Buffering 13%
[DBG] Buffering 16%
[DBG] Buffering 19%
[DBG] Buffering 21%
[DBG] Buffering 25%
[DBG] Buffering 38%
[DBG] Buffering 40%
[DBG] Buffering 46%
[DBG] Buffering 48%
[DBG] Buffering 50%
[DBG] Buffering 53%
[DBG] Buffering 57%
[DBG] Buffering 58%
[DBG] Buffering 63%
[DBG] Buffering 66%
[DBG] Received first picture
10:37:27.497 AM [framestep] nextFrameStepped result=0 time=24342 ms
[DBG] Buffering 71%
[DBG] Buffering 75%
[DBG] Buffering 90%
[DBG] Buffering 96%
[DBG] Buffering 99%
10:37:27.503 AM [player] buffering 1.0
[DBG] Stream buffering done (1001 ms in 16 ms)
[DBG] Decoder wait done in 0 ms
[ERR] ES_OUT_SET_(GROUP_)PCR  is called 18774 ms late (jitter of 18725 ms ignored)
[DBG] ES_OUT_RESET_PCR called
10:37:27.505 AM [player] buffering 0.0
10:37:27.505 AM [player] buffering 0.0
[DBG] Buffering 0%
[DBG] Buffering 5%
[DBG] Buffering 8%
[DBG] Buffering 10%
[DBG] Buffering 13%
[DBG] Buffering 16%
[DBG] Buffering 32%
[DBG] Buffering 38%
[DBG] Buffering 41%
[DBG] Buffering 45%
[DBG] Buffering 50%
[DBG] Buffering 52%
[DBG] Buffering 55%
[DBG] Buffering 58%
[DBG] Buffering 61%
[DBG] Buffering 63%
[DBG] Buffering 66%
[DBG] Received first picture
10:37:27.516 AM [framestep] nextFrameStepped result=0 time=24342 ms
[DBG] Buffering 80%
[DBG] Buffering 81%
[DBG] Buffering 88%
[DBG] Buffering 90%
[DBG] Buffering 91%
[DBG] Buffering 95%
[DBG] Stream buffering done (1000 ms in 17 ms)
10:37:27.522 AM [player] buffering 1.0
[DBG] Decoder wait done in 0 ms
[ERR] ES_OUT_SET_(GROUP_)PCR  is called 18825 ms late (jitter of 18774 ms ignored)
[DBG] ES_OUT_RESET_PCR called
10:37:27.522 AM [player] buffering 0.0
10:37:27.522 AM [player] buffering 0.0
[DBG] Buffering 0%
[DBG] Buffering 3%
[DBG] Buffering 8%
[DBG] Buffering 11%
[DBG] Buffering 26%
[DBG] Buffering 33%
[DBG] Buffering 36%
[DBG] Buffering 40%
[DBG] Buffering 45%
[DBG] Buffering 50%
[DBG] Buffering 53%
[DBG] Buffering 55%
[DBG] Buffering 58%
[DBG] Received first picture
10:37:27.537 AM [framestep] nextFrameStepped result=0 time=24342 ms
[DBG] Buffering 61%
[DBG] Buffering 78%
[DBG] Buffering 83%
[DBG] Buffering 86%
[DBG] Buffering 90%
[DBG] Buffering 95%
[DBG] Buffering 97%
[DBG] Stream buffering done (1001 ms in 20 ms)
10:37:27.543 AM [player] buffering 1.0
[DBG] Decoder wait done in 0 ms
[ERR] ES_OUT_SET_(GROUP_)PCR  is called 18816 ms late (jitter of 18816 ms ignored)
[DBG] ES_OUT_RESET_PCR called
10:37:27.546 AM [player] buffering 0.0
[DBG] Buffering 0%
10:37:27.546 AM [player] buffering 0.0
[DBG] Buffering 1%
[DBG] Buffering 4%
[DBG] Buffering 19%
[DBG] Buffering 26%
[DBG] Buffering 28%
[DBG] Buffering 29%
[DBG] Buffering 33%
[DBG] Buffering 38%
[DBG] Buffering 43%
[DBG] Buffering 46%
[DBG] Buffering 51%
[DBG] Buffering 55%
[DBG] Received first picture
10:37:27.553 AM [framestep] nextFrameStepped result=0 time=24342 ms
[DBG] Buffering 70%
[DBG] Buffering 76%
[DBG] Buffering 80%
[DBG] Buffering 83%
[DBG] Buffering 88%
[DBG] Buffering 93%
[DBG] Buffering 96%
[DBG] Buffering 99%
10:37:27.559 AM [player] buffering 1.0
[DBG] Stream buffering done (1017 ms in 12 ms)
[DBG] Decoder wait done in 0 ms
[ERR] ES_OUT_SET_(GROUP_)PCR  is called 18814 ms late (jitter of 18816 ms ignored)
[DBG] ES_OUT_RESET_PCR called
10:37:27.561 AM [player] buffering 0.0
10:37:27.563 AM [player] buffering 0.0
[DBG] Buffering 0%
[DBG] Buffering 5%
[DBG] Buffering 8%
[DBG] Received first picture
10:37:27.567 AM [framestep] nextFrameStepped result=0 time=24342 ms
[DBG] Buffering 11%
[DBG] Buffering 16%
[DBG] Buffering 19%
[DBG] Buffering 21%
[DBG] Buffering 25%
[DBG] Buffering 28%
[DBG] Buffering 30%
[DBG] Buffering 33%
[DBG] Buffering 48%
[DBG] Buffering 55%
[DBG] Buffering 57%
[DBG] Buffering 58%
[DBG] Buffering 61%
[DBG] Buffering 66%
[DBG] Buffering 71%
[DBG] Buffering 75%
[DBG] Buffering 80%
[DBG] Buffering 83%
[DBG] Buffering 99%
[DBG] Stream buffering done (1052 ms in 23 ms)
10:37:27.587 AM [player] buffering 1.0
[DBG] Decoder wait done in 0 ms
[ERR] ES_OUT_SET_(GROUP_)PCR  is called 18806 ms late (jitter of 18814 ms ignored)
[DBG] ES_OUT_RESET_PCR called
10:37:27.587 AM [player] buffering 0.0
[DBG] Buffering 0%
10:37:27.592 AM [player] buffering 0.0
[DBG] Buffering 5%
[DBG] Buffering 10%
[DBG] Buffering 13%
[DBG] Buffering 16%
[DBG] Buffering 18%
[DBG] Buffering 21%
[DBG] Buffering 35%
[DBG] Buffering 36%
[DBG] Buffering 43%
[DBG] Buffering 44%
[DBG] Buffering 46%
[DBG] Received first picture
10:37:27.601 AM [framestep] nextFrameStepped result=0 time=24342 ms
[DBG] Buffering 50%
[DBG] Buffering 54%
[DBG] Buffering 55%
[DBG] Buffering 60%
[DBG] Buffering 63%
[DBG] Buffering 68%
[DBG] Buffering 71%
[DBG] Buffering 86%
[DBG] Buffering 93%
[DBG] Buffering 96%
10:37:27.607 AM [player] buffering 1.0
[DBG] Stream buffering done (1001 ms in 15 ms)
[DBG] Decoder wait done in 0 ms
[ERR] ES_OUT_SET_(GROUP_)PCR  is called 18860 ms late (jitter of 18814 ms ignored)
[DBG] ES_OUT_RESET_PCR called
10:37:27.608 AM [player] buffering 0.0
10:37:27.608 AM [player] buffering 0.0
[DBG] Buffering 0%
[DBG] Buffering 3%
[DBG] Buffering 5%
[DBG] Buffering 8%
[DBG] Buffering 11%
[DBG] Buffering 27%
[DBG] Buffering 33%
[DBG] Buffering 36%
[DBG] Buffering 40%
[DBG] Received first picture
[DBG] Buffering 45%
10:37:27.617 AM [framestep] nextFrameStepped result=0 time=24342 ms
[DBG] Buffering 46%
[DBG] Buffering 50%
[DBG] Buffering 53%
[DBG] Buffering 56%
[DBG] Buffering 58%
[DBG] Buffering 61%
[DBG] Buffering 75%
[DBG] Buffering 76%
[DBG] Buffering 83%
[DBG] Buffering 85%
[DBG] Buffering 86%
[DBG] Buffering 90%
[DBG] Buffering 94%
[DBG] Buffering 95%
10:37:27.625 AM [player] buffering 1.0
[DBG] Stream buffering done (1001 ms in 17 ms)
[DBG] Decoder wait done in 0 ms
[ERR] ES_OUT_SET_(GROUP_)PCR  is called 18896 ms late (jitter of 18860 ms ignored)
[DBG] ES_OUT_RESET_PCR called
10:37:27.626 AM [player] buffering 0.0
[DBG] Buffering 0%
10:37:27.627 AM [player] buffering 0.0
[DBG] Buffering 3%
[DBG] Buffering 18%
[DBG] Buffering 25%
[DBG] Buffering 28%
[DBG] Buffering 31%
[DBG] Buffering 36%
[DBG] Received first picture
10:37:27.634 AM [framestep] nextFrameStepped result=0 time=24342 ms
[DBG] Buffering 41%
[DBG] Buffering 45%
[DBG] Buffering 47%
[DBG] Buffering 50%
[DBG] Buffering 53%
[DBG] Buffering 69%
[DBG] Buffering 75%
[DBG] Buffering 78%
[DBG] Buffering 81%
[DBG] Buffering 86%
[DBG] Buffering 88%
[DBG] Buffering 91%
[DBG] Buffering 95%
[DBG] Buffering 98%
[DBG] Stream buffering done (1001 ms in 19 ms)
10:37:27.646 AM [player] buffering 1.0
[DBG] Decoder wait done in 0 ms
[ERR] ES_OUT_SET_(GROUP_)PCR  is called 18915 ms late (jitter of 18896 ms ignored)
[DBG] ES_OUT_RESET_PCR called
10:37:27.646 AM [player] buffering 0.0
[DBG] Buffering 0%
10:37:27.647 AM [player] buffering 0.0
[DBG] Buffering 7%
[DBG] Buffering 9%
[DBG] Buffering 10%
[DBG] Buffering 14%
[DBG] Buffering 19%
[DBG] Received first picture
10:37:27.652 AM [framestep] nextFrameStepped result=0 time=24342 ms
[DBG] Buffering 24%
[DBG] Buffering 27%
[DBG] Buffering 32%
[DBG] Buffering 35%
[DBG] Buffering 51%
[DBG] Buffering 57%
[DBG] Buffering 60%
[DBG] Buffering 64%
[DBG] Buffering 69%
[DBG] Buffering 74%
[DBG] Buffering 77%
[DBG] Buffering 80%
[DBG] Buffering 82%
[DBG] Buffering 86%
10:37:27.663 AM [player] buffering 1.0
[DBG] Stream buffering done (1024 ms in 15 ms)
[DBG] Decoder wait done in 0 ms
[ERR] ES_OUT_SET_(GROUP_)PCR  is called 18892 ms late (jitter of 18896 ms ignored)
[DBG] ES_OUT_RESET_PCR called
10:37:27.664 AM [player] buffering 0.0
10:37:27.664 AM [player] buffering 0.0
[DBG] Buffering 0%
[DBG] Buffering 3%
[DBG] Buffering 8%
[DBG] Buffering 10%
[DBG] Buffering 13%
[DBG] Buffering 16%
[DBG] Buffering 20%
[DBG] Buffering 21%
[DBG] Buffering 25%
[DBG] Buffering 39%
[DBG] Buffering 40%
[DBG] Buffering 46%
[DBG] Buffering 49%
[DBG] Buffering 50%
[DBG] Received first picture
10:37:27.674 AM [framestep] nextFrameStepped result=0 time=24342 ms
[DBG] Buffering 53%
[DBG] Buffering 58%
[DBG] Buffering 63%
[DBG] Buffering 66%
[DBG] Buffering 71%
[DBG] Buffering 75%
[DBG] Buffering 90%
[DBG] Buffering 96%
10:37:27.681 AM [player] buffering 1.0
[DBG] Stream buffering done (1001 ms in 17 ms)
[DBG] Decoder wait done in 0 ms
[ERR] ES_OUT_SET_(GROUP_)PCR  is called 18954 ms late (jitter of 18915 ms ignored)
[DBG] ES_OUT_RESET_PCR called
10:37:27.685 AM [player] buffering 0.0
[DBG] Buffering 0%
10:37:27.685 AM [player] buffering 0.0
[DBG] Buffering 5%
[DBG] Buffering 8%
[DBG] Buffering 11%
[DBG] Buffering 13%
[DBG] Buffering 16%
[DBG] Buffering 30%
[DBG] Buffering 31%
[DBG] Buffering 38%
[DBG] Buffering 39%
[DBG] Buffering 41%
[DBG] Buffering 45%
[DBG] Buffering 49%
[DBG] Buffering 50%
[DBG] Buffering 55%
[DBG] Received first picture
10:37:27.693 AM [framestep] nextFrameStepped result=0 time=24342 ms
[DBG] Buffering 58%
[DBG] Buffering 63%
[DBG] Buffering 66%
[DBG] Buffering 81%
[DBG] Buffering 88%
[DBG] Buffering 91%
[DBG] Buffering 95%
[DBG] Stream buffering done (1001 ms in 24 ms)
10:37:27.710 AM [player] buffering 1.0
[DBG] Decoder wait done in 0 ms
[ERR] ES_OUT_SET_(GROUP_)PCR  is called 18963 ms late (jitter of 18954 ms ignored)
[DBG] ES_OUT_RESET_PCR called
10:37:27.711 AM [player] buffering 0.0
[DBG] Buffering 0%
10:37:27.712 AM [player] buffering 0.0
[DBG] Buffering 5%
[DBG] Buffering 8%
[DBG] Buffering 24%
[DBG] Buffering 30%
[DBG] Buffering 33%
[DBG] Buffering 36%
[DBG] Buffering 41%
[DBG] Buffering 46%
[DBG] Buffering 50%
[DBG] Buffering 52%
[DBG] Buffering 55%
[DBG] Received first picture
10:37:27.721 AM [framestep] nextFrameStepped result=0 time=24342 ms
[DBG] Buffering 58%
[DBG] Buffering 72%
[DBG] Buffering 73%
[DBG] Buffering 80%
[DBG] Buffering 81%
[DBG] Buffering 83%
[DBG] Buffering 86%
[DBG] Buffering 91%
[DBG] Buffering 96%
10:37:27.739 AM [player] buffering 1.0
[DBG] Stream buffering done (1001 ms in 26 ms)
[DBG] Decoder wait done in 0 ms
[ERR] ES_OUT_SET_(GROUP_)PCR  is called 18992 ms late (jitter of 18963 ms ignored)
[DBG] ES_OUT_RESET_PCR called
10:37:27.739 AM [player] buffering 0.0
[DBG] Buffering 0%
10:37:27.740 AM [player] buffering 0.0
[DBG] Buffering 14%
[DBG] Buffering 15%
[DBG] Buffering 21%
[DBG] Buffering 24%
[DBG] Received first picture
10:37:27.746 AM [framestep] nextFrameStepped result=0 time=24342 ms
[DBG] Buffering 25%
[DBG] Buffering 28%
[DBG] Buffering 33%
[DBG] Buffering 38%
[DBG] Buffering 41%
[DBG] Buffering 43%
[DBG] Buffering 46%
[DBG] Buffering 50%
[DBG] Buffering 66%
[DBG] Buffering 71%
[DBG] Buffering 75%
[DBG] Buffering 78%
[DBG] Buffering 83%
[DBG] Buffering 85%
[DBG] Buffering 88%
[DBG] Buffering 91%
[DBG] Buffering 94%
[DBG] Buffering 96%
10:37:27.757 AM [player] buffering 1.0
[DBG] Stream buffering done (1001 ms in 16 ms)
[DBG] Decoder wait done in 0 ms
[ERR] ES_OUT_SET_(GROUP_)PCR  is called 18922 ms late (jitter of 18963 ms ignored)
[DBG] ES_OUT_RESET_PCR called
10:37:27.759 AM [player] buffering 0.0
10:37:27.761 AM [player] buffering 0.0
[DBG] Buffering 0%
[DBG] Buffering 6%
[DBG] Buffering 8%
[DBG] Buffering 9%
[DBG] Buffering 13%
[DBG] Buffering 18%
[DBG] Buffering 23%
[DBG] Buffering 26%
[DBG] Buffering 31%
[DBG] Buffering 35%
[DBG] Buffering 50%
[DBG] Buffering 56%
[DBG] Buffering 59%
[DBG] Buffering 60%
[DBG] Buffering 63%
[DBG] Buffering 68%
[DBG] Received first picture
10:37:27.780 AM [framestep] nextFrameStepped result=0 time=24342 ms
[DBG] Buffering 73%
[DBG] Buffering 76%
[DBG] Buffering 78%
[DBG] Buffering 81%
[DBG] Buffering 85%
[DBG] Stream buffering done (1013 ms in 23 ms)
10:37:27.784 AM [player] buffering 1.0
[DBG] Decoder wait done in 0 ms
[ERR] ES_OUT_SET_(GROUP_)PCR  is called 19021 ms late (jitter of 18992 ms ignored)
[DBG] ES_OUT_RESET_PCR called
10:37:27.785 AM [player] buffering 0.0
[DBG] Buffering 0%
10:37:27.785 AM [player] buffering 0.0
[DBG] Buffering 3%
[DBG] Buffering 8%
[DBG] Buffering 10%
[DBG] Buffering 13%
[DBG] Buffering 16%
[DBG] Buffering 20%
[DBG] Buffering 21%
[DBG] Buffering 25%
[DBG] Buffering 39%
[DBG] Buffering 40%
[DBG] Buffering 46%
[DBG] Buffering 48%
[DBG] Buffering 50%
[DBG] Buffering 53%
[DBG] Buffering 58%
[DBG] Buffering 63%
[DBG] Buffering 66%
[DBG] Buffering 71%
[DBG] Buffering 75%
[DBG] Received first picture
10:37:27.794 AM [framestep] nextFrameStepped result=0 time=24342 ms
[DBG] Buffering 90%
[DBG] Buffering 96%
10:37:27.798 AM [player] buffering 1.0
[DBG] Stream buffering done (1001 ms in 13 ms)
[DBG] Decoder wait done in 0 ms
[ERR] ES_OUT_SET_(GROUP_)PCR  is called 19069 ms late (jitter of 19021 ms ignored)
[DBG] ES_OUT_RESET_PCR called
10:37:27.799 AM [player] buffering 0.0
10:37:27.800 AM [player] buffering 0.0
[DBG] Buffering 0%
[DBG] Buffering 5%
[DBG] Buffering 8%
[DBG] Buffering 10%
[DBG] Buffering 13%
[DBG] Buffering 16%
[DBG] Buffering 33%
[DBG] Buffering 38%
[DBG] Buffering 41%
[DBG] Received first picture
10:37:27.811 AM [framestep] nextFrameStepped result=0 time=24342 ms
[DBG] Buffering 45%
[DBG] Buffering 50%
[DBG] Buffering 52%
[DBG] Buffering 55%
[DBG] Buffering 58%
[DBG] Buffering 62%
[DBG] Buffering 63%
[DBG] Buffering 66%
[DBG] Buffering 81%
[DBG] Buffering 88%
[DBG] Buffering 90%
[DBG] Buffering 91%
[DBG] Buffering 95%
10:37:27.818 AM [player] buffering 1.0
[DBG] Stream buffering done (1001 ms in 18 ms)
[DBG] Decoder wait done in 0 ms
[ERR] ES_OUT_SET_(GROUP_)PCR  is called 19072 ms late (jitter of 19069 ms ignored)
[DBG] ES_OUT_RESET_PCR called
10:37:27.819 AM [player] buffering 0.0
[DBG] Buffering 0%
10:37:27.821 AM [player] buffering 0.0
[DBG] Buffering 4%
[DBG] Buffering 8%
[DBG] Buffering 23%
[DBG] Buffering 29%
[DBG] Buffering 33%
[DBG] Received first picture
10:37:27.829 AM [framestep] nextFrameStepped result=0 time=24342 ms
[DBG] Buffering 36%
[DBG] Buffering 41%
[DBG] Buffering 46%
[DBG] Buffering 50%
[DBG] Buffering 52%
[DBG] Buffering 55%
[DBG] Buffering 58%
[DBG] Buffering 71%
[DBG] Buffering 73%
[DBG] Buffering 80%
[DBG] Buffering 81%
[DBG] Buffering 83%
[DBG] Buffering 86%
[DBG] Buffering 91%
[DBG] Buffering 96%
10:37:27.842 AM [player] buffering 1.0
[DBG] Stream buffering done (1001 ms in 21 ms)
[DBG] Decoder wait done in 0 ms
[ERR] ES_OUT_SET_(GROUP_)PCR  is called 19095 ms late (jitter of 19072 ms ignored)
[DBG] ES_OUT_RESET_PCR called
10:37:27.842 AM [player] buffering 0.0
10:37:27.842 AM [player] buffering 0.0
[DBG] Buffering 0%
[DBG] Buffering 14%
[DBG] Buffering 21%
[DBG] Buffering 24%
[DBG] Buffering 25%
[DBG] Buffering 28%
[DBG] Buffering 33%
[DBG] Buffering 38%
[DBG] Buffering 41%
[DBG] Buffering 43%
[DBG] Received first picture
10:37:27.849 AM [framestep] nextFrameStepped result=0 time=24342 ms
[DBG] Buffering 46%
[DBG] Buffering 50%
[DBG] Buffering 65%
[DBG] Buffering 71%
[DBG] Buffering 75%
[DBG] Buffering 78%
[DBG] Buffering 83%
[DBG] Buffering 88%
[DBG] Buffering 91%
[DBG] Buffering 94%
[DBG] Buffering 96%
10:37:27.860 AM [player] buffering 1.0
[DBG] Stream buffering done (1001 ms in 17 ms)
[DBG] Decoder wait done in 0 ms
[ERR] ES_OUT_SET_(GROUP_)PCR  is called 19027 ms late (jitter of 19072 ms ignored)
[DBG] ES_OUT_RESET_PCR called
10:37:27.863 AM [player] buffering 0.0
[DBG] Buffering 0%
10:37:27.864 AM [player] buffering 0.0
[DBG] Buffering 6%
[DBG] Buffering 8%
[DBG] Buffering 10%
[DBG] Buffering 13%
[DBG] Buffering 18%
[DBG] Buffering 23%
[DBG] Buffering 26%
[DBG] Buffering 31%
[DBG] Buffering 35%
[DBG] Buffering 50%
[DBG] Buffering 56%
[DBG] Buffering 59%
[DBG] Buffering 60%
[DBG] Buffering 63%
[DBG] Buffering 68%
[DBG] Buffering 73%
[DBG] Buffering 76%
[DBG] Buffering 78%
[DBG] Buffering 81%
[DBG] Received first picture
10:37:27.889 AM [framestep] nextFrameStepped result=0 time=24342 ms
[DBG] Buffering 85%
10:37:27.900 AM [player] buffering 1.0
[DBG] Stream buffering done (1012 ms in 36 ms)
[DBG] Decoder wait done in 0 ms
[ERR] ES_OUT_SET_(GROUP_)PCR  is called 19138 ms late (jitter of 19095 ms ignored)
[DBG] ES_OUT_RESET_PCR called
10:37:27.902 AM [player] buffering 0.0
10:37:27.902 AM [player] buffering 0.0
[DBG] Buffering 0%
[DBG] Buffering 3%
[DBG] Buffering 8%
[DBG] Buffering 10%
[DBG] Buffering 13%
[DBG] Buffering 16%
[DBG] Buffering 19%
[DBG] Buffering 21%
[DBG] Buffering 25%
[DBG] Buffering 39%
[DBG] Buffering 40%
[DBG] Buffering 46%
[DBG] Buffering 48%
[DBG] Buffering 50%
[DBG] Received first picture
10:37:27.921 AM [framestep] nextFrameStepped result=0 time=24342 ms
[DBG] Buffering 53%
[DBG] Buffering 58%
[DBG] Buffering 63%
[DBG] Buffering 66%
[DBG] Buffering 71%
[DBG] Buffering 75%
[DBG] Buffering 90%
[DBG] Buffering 96%
[DBG] Buffering 99%
[DBG] Stream buffering done (1001 ms in 36 ms)
[DBG] Decoder wait done in 0 ms
10:37:27.939 AM [player] buffering 1.0
[ERR] ES_OUT_SET_(GROUP_)PCR  is called 19209 ms late (jitter of 19138 ms ignored)
[DBG] ES_OUT_RESET_PCR called
10:37:27.939 AM [player] buffering 0.0
[DBG] Buffering 0%
10:37:27.940 AM [player] buffering 0.0
[DBG] Buffering 5%
[DBG] Buffering 8%
[DBG] Buffering 10%
[DBG] Buffering 13%
[DBG] Buffering 16%
[DBG] Buffering 33%
[DBG] Buffering 38%
[DBG] Buffering 41%
[DBG] Received first picture
10:37:27.950 AM [framestep] nextFrameStepped result=0 time=24342 ms
[DBG] Buffering 45%
[DBG] Buffering 50%
[DBG] Buffering 52%
[DBG] Buffering 55%
[DBG] Buffering 58%
[DBG] Buffering 61%
[DBG] Buffering 63%
[DBG] Buffering 66%
[DBG] Buffering 81%
[DBG] Buffering 88%
[DBG] Buffering 90%
[DBG] Buffering 91%
[DBG] Buffering 95%
[DBG] Stream buffering done (1001 ms in 42 ms)
[DBG] Decoder wait done in 0 ms
10:37:27.982 AM [player] buffering 1.0
[ERR] ES_OUT_SET_(GROUP_)PCR  is called 19236 ms late (jitter of 19209 ms ignored)
[DBG] ES_OUT_RESET_PCR called
10:37:27.983 AM [player] buffering 0.0
[DBG] Buffering 0%
10:37:27.984 AM [player] buffering 0.0
[DBG] Buffering 5%
[DBG] Buffering 8%
[DBG] Buffering 23%
[DBG] Buffering 30%
[DBG] Buffering 33%
[DBG] Buffering 36%
[DBG] Buffering 41%
[DBG] Received first picture
10:37:27.994 AM [framestep] nextFrameStepped result=0 time=24342 ms
[DBG] Buffering 46%
[DBG] Buffering 50%
[DBG] Buffering 52%
[DBG] Buffering 55%
[DBG] Buffering 58%
[DBG] Buffering 75%
[DBG] Buffering 80%
[DBG] Buffering 83%
[DBG] Buffering 86%
[DBG] Buffering 91%
[DBG] Buffering 94%
[DBG] Buffering 96%
[DBG] Stream buffering done (1001 ms in 25 ms)
10:37:28.010 AM [player] buffering 1.0
[DBG] Decoder wait done in 0 ms
[ERR] ES_OUT_SET_(GROUP_)PCR  is called 19275 ms late (jitter of 19236 ms ignored)
[DBG] ES_OUT_RESET_PCR called
10:37:28.010 AM [player] buffering 0.0
[DBG] Buffering 0%
10:37:28.010 AM [player] buffering 0.0
[DBG] Buffering 3%
[DBG] Buffering 17%
[DBG] Buffering 18%
[DBG] Buffering 25%
[DBG] Buffering 27%
[DBG] Buffering 28%
[DBG] Buffering 31%
[DBG] Buffering 36%
[DBG] Received first picture
10:37:28.022 AM [framestep] nextFrameStepped result=0 time=24342 ms
[DBG] Buffering 41%
[DBG] Buffering 45%
[DBG] Buffering 50%
[DBG] Buffering 53%
[DBG] Buffering 69%
[DBG] Buffering 75%
[DBG] Buffering 78%
[DBG] Buffering 81%
[DBG] Buffering 86%
[DBG] Buffering 91%
[DBG] Buffering 95%
[DBG] Buffering 97%
[DBG] Stream buffering done (1001 ms in 26 ms)
[DBG] Decoder wait done in 0 ms
10:37:28.037 AM [player] buffering 1.0
[ERR] ES_OUT_SET_(GROUP_)PCR  is called 19307 ms late (jitter of 19275 ms ignored)
[DBG] ES_OUT_RESET_PCR called
10:37:28.037 AM [player] buffering 0.0
[DBG] Buffering 0%
10:37:28.041 AM [player] buffering 0.0
[DBG] Buffering 1%
[DBG] Buffering 8%
[DBG] Buffering 9%
[DBG] Buffering 11%
[DBG] Buffering 14%
[DBG] Buffering 19%
[DBG] Buffering 24%
[DBG] Received first picture
10:37:28.045 AM [framestep] nextFrameStepped result=0 time=24342 ms
[DBG] Buffering 28%
[DBG] Buffering 33%
[DBG] Buffering 36%
[DBG] Buffering 51%
[DBG] Buffering 57%
[DBG] Buffering 60%
[DBG] Buffering 61%
[DBG] Buffering 64%
[DBG] Buffering 69%
[DBG] Buffering 74%
[DBG] Buffering 78%
[DBG] Buffering 80%
[DBG] Buffering 83%
[DBG] Buffering 86%
[DBG] Stream buffering done (1024 ms in 21 ms)
10:37:28.062 AM [player] buffering 1.0
[DBG] Decoder wait done in 0 ms
[ERR] ES_OUT_SET_(GROUP_)PCR  is called 19286 ms late (jitter of 19286 ms ignored)
[DBG] ES_OUT_RESET_PCR called
10:37:28.064 AM [player] buffering 0.0
[DBG] Buffering 0%
10:37:28.064 AM [player] buffering 0.0
[DBG] Buffering 3%
[DBG] Buffering 8%
[DBG] Buffering 10%
[DBG] Buffering 13%
[DBG] Buffering 16%
[DBG] Buffering 19%
[DBG] Buffering 21%
[DBG] Buffering 25%
[DBG] Buffering 39%
[DBG] Buffering 40%
[DBG] Buffering 46%
[DBG] Buffering 48%
[DBG] Received first picture
10:37:28.084 AM [framestep] nextFrameStepped result=0 time=24342 ms
[DBG] Buffering 50%
[DBG] Buffering 53%
[DBG] Buffering 58%
[DBG] Buffering 63%
[DBG] Buffering 66%
[DBG] Buffering 71%
[DBG] Buffering 75%
[DBG] Buffering 90%
[DBG] Buffering 96%
[DBG] Buffering 99%
[DBG] Stream buffering done (1001 ms in 35 ms)
10:37:28.099 AM [player] buffering 1.0
[DBG] Decoder wait done in 0 ms
[ERR] ES_OUT_SET_(GROUP_)PCR  is called 19369 ms late (jitter of 19307 ms ignored)
[DBG] ES_OUT_RESET_PCR called
10:37:28.099 AM [player] buffering 0.0
[DBG] Buffering 0%
10:37:28.100 AM [player] buffering 0.0
[DBG] Buffering 5%
[DBG] Buffering 8%
[DBG] Buffering 10%
[DBG] Buffering 13%
[DBG] Buffering 16%
[DBG] Buffering 32%
[DBG] Buffering 38%
[DBG] Buffering 41%
[DBG] Buffering 45%
[DBG] Buffering 50%
[DBG] Buffering 52%
[DBG] Received first picture
10:37:28.110 AM [framestep] nextFrameStepped result=0 time=24342 ms
[DBG] Buffering 55%
[DBG] Buffering 58%
[DBG] Buffering 61%
[DBG] Buffering 63%
[DBG] Buffering 66%
[DBG] Buffering 80%
[DBG] Buffering 81%
[DBG] Buffering 88%
[DBG] Buffering 90%
[DBG] Buffering 91%
[DBG] Buffering 95%
[DBG] Stream buffering done (1001 ms in 17 ms)
[DBG] Decoder wait done in 0 ms
10:37:28.117 AM [player] buffering 1.0
[ERR] ES_OUT_SET_(GROUP_)PCR  is called 19371 ms late (jitter of 19369 ms ignored)
[DBG] ES_OUT_RESET_PCR called
10:37:28.118 AM [player] buffering 0.0
[DBG] Buffering 0%
10:37:28.119 AM [player] buffering 0.0
[DBG] Buffering 4%
[DBG] Buffering 8%
[DBG] Buffering 23%
[DBG] Buffering 29%
[DBG] Buffering 33%
[DBG] Buffering 36%
[DBG] Buffering 41%
[DBG] Buffering 46%
[DBG] Received first picture
10:37:28.128 AM [framestep] nextFrameStepped result=0 time=24342 ms
[DBG] Buffering 50%
[DBG] Buffering 52%
[DBG] Buffering 55%
[DBG] Buffering 58%
[DBG] Buffering 74%
[DBG] Buffering 80%
[DBG] Buffering 83%
[DBG] Buffering 86%
[DBG] Buffering 91%
[DBG] Buffering 94%
[DBG] Buffering 96%
[DBG] Stream buffering done (1001 ms in 30 ms)
10:37:28.150 AM [player] buffering 1.0
[DBG] Decoder wait done in 0 ms
[ERR] ES_OUT_SET_(GROUP_)PCR  is called 19418 ms late (jitter of 19371 ms ignored)
[DBG] ES_OUT_RESET_PCR called
10:37:28.151 AM [player] buffering 0.0
[DBG] Buffering 0%
10:37:28.151 AM [player] buffering 0.0
[DBG] Buffering 3%
[DBG] Buffering 17%
[DBG] Buffering 18%
[DBG] Buffering 25%
[DBG] Buffering 27%
[DBG] Buffering 28%
[DBG] Buffering 31%
[DBG] Buffering 36%
[DBG] Buffering 41%
[DBG] Received first picture
10:37:28.157 AM [framestep] nextFrameStepped result=0 time=24342 ms
[DBG] Buffering 45%
[DBG] Buffering 50%
[DBG] Buffering 53%
[DBG] Buffering 69%
[DBG] Buffering 75%
[DBG] Buffering 78%
[DBG] Buffering 81%
[DBG] Buffering 86%
[DBG] Buffering 91%
[DBG] Buffering 95%
[DBG] Buffering 97%
[DBG] Stream buffering done (1001 ms in 17 ms)
[DBG] Decoder wait done in 0 ms
10:37:28.169 AM [player] buffering 1.0
[ERR] ES_OUT_SET_(GROUP_)PCR  is called 19438 ms late (jitter of 19418 ms ignored)
[DBG] ES_OUT_RESET_PCR called
10:37:28.169 AM [player] buffering 0.0
[DBG] Buffering 0%
10:37:28.170 AM [player] buffering 0.0
[DBG] Buffering 1%
[DBG] Buffering 8%
[DBG] Buffering 9%
[DBG] Buffering 11%
[DBG] Buffering 14%
[DBG] Buffering 19%
[DBG] Buffering 24%
[DBG] Buffering 28%
[DBG] Received first picture
10:37:28.176 AM [framestep] nextFrameStepped result=0 time=24342 ms
[DBG] Buffering 33%
[DBG] Buffering 36%
[DBG] Buffering 51%
[DBG] Buffering 58%
[DBG] Buffering 60%
[DBG] Buffering 61%
[DBG] Buffering 64%
[DBG] Buffering 69%
[DBG] Buffering 74%
[DBG] Buffering 78%
[DBG] Buffering 80%
[DBG] Buffering 83%
[DBG] Buffering 86%
[DBG] Stream buffering done (1024 ms in 27 ms)
[DBG] Decoder wait done in 0 ms
10:37:28.197 AM [player] buffering 1.0
[ERR] ES_OUT_SET_(GROUP_)PCR  is called 19421 ms late (jitter of 19421 ms ignored)
[DBG] ES_OUT_RESET_PCR called
10:37:28.200 AM [player] buffering 0.0
[DBG] Buffering 0%
10:37:28.200 AM [player] buffering 0.0
[DBG] Buffering 3%
[DBG] Buffering 8%
[DBG] Buffering 13%
[DBG] Buffering 16%
[DBG] Buffering 19%
[DBG] Buffering 21%
[DBG] Buffering 25%
[DBG] Buffering 38%
[DBG] Buffering 40%
[DBG] Buffering 46%
[DBG] Buffering 48%
[DBG] Buffering 50%
[DBG] Buffering 53%
[DBG] Buffering 57%
[DBG] Buffering 58%
[DBG] Buffering 63%
[DBG] Buffering 66%
[DBG] Buffering 71%
[DBG] Received first picture
10:37:28.215 AM [framestep] nextFrameStepped result=0 time=24342 ms
[DBG] Buffering 75%
[DBG] Buffering 90%
[DBG] Buffering 96%
[DBG] Buffering 99%
[DBG] Stream buffering done (1001 ms in 22 ms)
[DBG] Decoder wait done in 0 ms
10:37:28.223 AM [player] buffering 1.0
[ERR] ES_OUT_SET_(GROUP_)PCR  is called 19496 ms late (jitter of 19438 ms ignored)
[DBG] ES_OUT_RESET_PCR called
10:37:28.226 AM [player] buffering 0.0
[DBG] Buffering 0%
10:37:28.226 AM [player] buffering 0.0
[DBG] Buffering 5%
[DBG] Buffering 8%
[DBG] Buffering 10%
[DBG] Buffering 13%
[DBG] Buffering 16%
[DBG] Buffering 32%
[DBG] Buffering 38%
[DBG] Buffering 41%
[DBG] Buffering 45%
[DBG] Buffering 50%
[DBG] Buffering 52%
[DBG] Buffering 55%
[DBG] Received first picture
10:37:28.251 AM [framestep] nextFrameStepped result=0 time=24342 ms
[DBG] Buffering 58%
[DBG] Buffering 61%
[DBG] Buffering 63%
[DBG] Buffering 66%
[DBG] Buffering 80%
[DBG] Buffering 81%
[DBG] Buffering 88%
[DBG] Buffering 90%
[DBG] Buffering 91%
[DBG] Buffering 95%
[DBG] Stream buffering done (1000 ms in 33 ms)
[DBG] Decoder wait done in 0 ms
10:37:28.260 AM [player] buffering 1.0
[ERR] ES_OUT_SET_(GROUP_)PCR  is called 19563 ms late (jitter of 19496 ms ignored)
[DBG] ES_OUT_RESET_PCR called
10:37:28.260 AM [player] buffering 0.0
[DBG] Buffering 0%
10:37:28.260 AM [player] buffering 0.0
[DBG] Buffering 3%
[DBG] Buffering 8%
[DBG] Buffering 11%
[DBG] Buffering 26%
[DBG] Buffering 33%
[DBG] Buffering 36%
[DBG] Buffering 40%
[DBG] Buffering 45%
[DBG] Received first picture
10:37:28.273 AM [framestep] nextFrameStepped result=0 time=24342 ms
10:37:28.282 AM [framestep] −1 seek before=24342 ms frame=33 ms (500000/16683 fps) target=24309 ms
[DBG] ES_OUT_RESET_PCR called
10:37:28.393 AM [player] buffering 0.0
[DBG] SET_TIME to 24309000
[DBG] seek request to i_pos = 24309000
[DBG] seek: preroll{ track: 1, pts: 24107000, fpos: 12311112 skip: 12311112} 
[DBG] seek: preroll{ track: 2, pts: 24224000, fpos: 12397081 skip: 12397081} 
[DBG] resolving 192.168.1.250 ...
[DBG] outgoing request:
GET /stream/2 HTTP/1.1
Host: 192.168.1.250:8093
Accept: */*
Accept-Language: en_US
User-Agent: VLC/4.0.0-dev LibVLC/4.0.0-dev
If-Unmodified-Since: Fri, 17 Jul 2026 19:22:43 GMT
Range: bytes=12311112-


[DBG] incoming response:
HTTP/1.1 206 Partial Content
Accept-Ranges: bytes
Content-Length: 5709939964
Content-Range: bytes 12311112-5722251075/5722251076
Content-Type: video/x-matroska
Last-Modified: Fri, 17 Jul 2026 19:22:43 GMT
Date: Mon, 14 Sep 2026 14:37:28 GMT


[DBG] connection failed
[DBG] seek: preroll{ req: 24309001, start-pts: 24107001, start-fpos: 12311112} 
[DBG] Buffering 0%
10:37:28.549 AM [player] buffering 0.0
[DBG] Buffering 4%
[DBG] Buffering 6%
[DBG] Buffering 9%
[DBG] Buffering 13%
[DBG] end of video preroll
[DBG] Buffering 18%
[DBG] Buffering 20%
[DBG] Buffering 23%
[DBG] Buffering 25%
[DBG] Buffering 27%
[DBG] Buffering 39%
[DBG] Buffering 40%
[DBG] Buffering 45%
[DBG] Buffering 47%
[DBG] Buffering 48%
[DBG] Buffering 51%
[DBG] Buffering 54%
[DBG] Buffering 55%
[DBG] Buffering 59%
[DBG] Buffering 62%
[DBG] Buffering 66%
[DBG] Buffering 69%
[DBG] Buffering 81%
[DBG] Buffering 87%
[DBG] Buffering 89%
[DBG] Buffering 90%
[DBG] Buffering 93%
[DBG] Buffering 97%
[DBG] Stream buffering done (1218 ms in 59 ms)
[DBG] Decoder wait done in 0 ms
10:37:28.608 AM [player] buffering 1.0
10:37:28.608 AM [framestep] nextFrameStepped result=0 time=24309 ms
[ERR] ES_OUT_SET_(GROUP_)PCR  is called 19863 ms late (jitter of 19563 ms ignored)
[DBG] ES_OUT_RESET_PCR called
10:37:28.609 AM [player] buffering 0.0
[DBG] Buffering 0%
10:37:28.697 AM [framestep] −1 after=24309 ms
10:37:28.698 AM [player] buffering 0.0
[DBG] Buffering 3%
[DBG] Buffering 19%
[DBG] Buffering 25%
[DBG] Buffering 28%
[DBG] Buffering 31%
[DBG] Buffering 36%
[DBG] Buffering 41%
[DBG] Buffering 45%
[DBG] Buffering 47%
[DBG] Buffering 50%
[DBG] Buffering 53%
[DBG] Buffering 67%
[DBG] Buffering 68%
[DBG] Buffering 75%
[DBG] Buffering 76%
[DBG] Buffering 78%
[DBG] Buffering 81%
[DBG] Buffering 86%
[DBG] Buffering 91%
[DBG] Received first picture
10:37:28.709 AM [framestep] nextFrameStepped result=0 time=24309 ms
[DBG] Buffering 95%
[DBG] Stream buffering done (1001 ms in 11 ms)
10:37:28.709 AM [player] buffering 1.0
[DBG] Decoder wait done in 0 ms
[ERR] ES_OUT_SET_(GROUP_)PCR  is called 19979 ms late (jitter of 19863 ms ignored)
[DBG] ES_OUT_RESET_PCR called
10:37:28.710 AM [player] buffering 0.0
[DBG] Buffering 0%
10:37:28.713 AM [player] buffering 0.0
[DBG] Buffering 6%
[DBG] Buffering 9%
[DBG] Buffering 10%
[DBG] Buffering 13%
[DBG] Buffering 18%
[DBG] Buffering 23%
[DBG] Buffering 26%
[DBG] Buffering 28%
[DBG] Buffering 31%
[DBG] Buffering 35%
[DBG] Buffering 51%
[DBG] Buffering 56%
[DBG] Buffering 60%
[DBG] Buffering 63%
[DBG] Buffering 68%
[DBG] Buffering 70%
[DBG] Buffering 73%
[DBG] Buffering 76%
[DBG] Received first picture
10:37:28.724 AM [framestep] nextFrameStepped result=0 time=24309 ms
[DBG] Buffering 80%
[DBG] Buffering 81%
[DBG] Buffering 85%
[DBG] Buffering 99%
10:37:28.725 AM [player] buffering 1.0
[DBG] Stream buffering done (1002 ms in 12 ms)
[DBG] Decoder wait done in 0 ms
[ERR] ES_OUT_SET_(GROUP_)PCR  is called 19960 ms late (jitter of 19960 ms ignored)
[DBG] ES_OUT_RESET_PCR called
10:37:28.726 AM [player] buffering 0.0
[DBG] Buffering 0%
10:37:28.727 AM [player] buffering 0.0
[DBG] Buffering 1%
[DBG] Buffering 4%
[DBG] Buffering 9%
[DBG] Buffering 14%
[DBG] Buffering 18%
[DBG] Buffering 23%
[DBG] Buffering 26%
[DBG] Buffering 41%
[DBG] Buffering 48%
[DBG] Buffering 51%
[DBG] Buffering 54%
[DBG] Buffering 59%
[DBG] Buffering 64%
[DBG] Buffering 68%
[DBG] Buffering 70%
[DBG] Buffering 73%
[DBG] Buffering 76%
[DBG] Buffering 92%
[DBG] Buffering 98%
10:37:28.731 AM [player] buffering 1.0
[DBG] Stream buffering done (1015 ms in 4 ms)
[DBG] Decoder wait done in 0 ms
[ERR] ES_OUT_SET_(GROUP_)PCR  is called 19987 ms late (jitter of 19979 ms ignored)
[DBG] ES_OUT_RESET_PCR called
10:37:28.732 AM [player] buffering 0.0
[DBG] Buffering 0%
10:37:28.732 AM [player] buffering 0.0
[DBG] Buffering 2%
[DBG] Buffering 5%
[DBG] Buffering 8%
[DBG] Buffering 11%
[DBG] Buffering 13%
[DBG] Buffering 16%
[DBG] Buffering 30%
[DBG] Buffering 31%
[DBG] Buffering 38%
[DBG] Buffering 40%
[DBG] Buffering 41%
[DBG] Buffering 45%
[DBG] Buffering 50%
[DBG] Buffering 55%
[DBG] Buffering 58%
[DBG] Buffering 63%
[DBG] Buffering 66%
[DBG] Buffering 82%
[DBG] Buffering 88%
[DBG] Buffering 91%
[DBG] Buffering 95%
10:37:28.736 AM [player] buffering 1.0
[DBG] Stream buffering done (1001 ms in 4 ms)
[DBG] Decoder wait done in 0 ms
[ERR] ES_OUT_SET_(GROUP_)PCR  is called 19989 ms late (jitter of 19987 ms ignored)
[DBG] ES_OUT_RESET_PCR called
10:37:28.736 AM [player] buffering 0.0
10:37:28.737 AM [player] buffering 0.0
[DBG] Buffering 0%
[DBG] Buffering 2%
[DBG] Buffering 4%
[DBG] Buffering 8%
[DBG] Buffering 24%
[DBG] Buffering 29%
[DBG] Buffering 33%
[DBG] Buffering 36%
[DBG] Buffering 41%
[DBG] Buffering 44%
[DBG] Buffering 46%
[DBG] Buffering 50%
[DBG] Buffering 53%
[DBG] Buffering 55%
[DBG] Buffering 58%
[DBG] Buffering 72%
[DBG] Buffering 73%
[DBG] Buffering 80%
[DBG] Buffering 82%
[DBG] Buffering 83%
[DBG] Buffering 86%
[DBG] Buffering 91%
[DBG] Buffering 96%
10:37:28.740 AM [player] buffering 1.0
[DBG] Stream buffering done (1001 ms in 3 ms)
[DBG] Decoder wait done in 0 ms
[ERR] ES_OUT_SET_(GROUP_)PCR  is called 19994 ms late (jitter of 19989 ms ignored)
[DBG] ES_OUT_RESET_PCR called
10:37:28.740 AM [player] buffering 0.0
10:37:28.741 AM [player] buffering 0.0
[DBG] Buffering 0%
[DBG] Buffering 15%
[DBG] Buffering 21%
[DBG] Buffering 25%
[DBG] Buffering 28%
[DBG] Buffering 33%
[DBG] Buffering 38%
[DBG] Buffering 41%
[DBG] Buffering 44%
[DBG] Buffering 46%
[DBG] Buffering 50%
[DBG] Buffering 63%
[DBG] Buffering 65%
[DBG] Buffering 71%
[DBG] Buffering 73%
[DBG] Buffering 75%
[DBG] Buffering 78%
[DBG] Buffering 82%
[DBG] Buffering 83%
[DBG] Buffering 88%
[DBG] Buffering 91%
[DBG] Buffering 96%
10:37:28.744 AM [player] buffering 1.0
[DBG] Stream buffering done (1001 ms in 3 ms)
[DBG] Decoder wait done in 0 ms
[ERR] ES_OUT_SET_(GROUP_)PCR  is called 19901 ms late (jitter of 19989 ms ignored)
[DBG] ES_OUT_RESET_PCR called
10:37:28.745 AM [player] buffering 0.0
[DBG] Buffering 0%
10:37:28.746 AM [player] buffering 0.0
[DBG] Buffering 6%
[DBG] Buffering 9%
[DBG] Buffering 10%
[DBG] Buffering 13%
[DBG] Buffering 18%
[DBG] Buffering 23%
[DBG] Buffering 26%
[DBG] Buffering 28%
[DBG] Buffering 31%
[DBG] Buffering 35%
[DBG] Buffering 50%
[DBG] Buffering 56%
[DBG] Buffering 60%
[DBG] Received first picture
10:37:28.755 AM [framestep] nextFrameStepped result=0 time=24309 ms
[DBG] Buffering 63%
[DBG] Buffering 68%
[DBG] Buffering 73%
[DBG] Buffering 76%
[DBG] Buffering 79%
[DBG] Buffering 81%
[DBG] Buffering 85%
[DBG] Buffering 98%
10:37:28.763 AM [player] buffering 1.0
[DBG] Stream buffering done (1001 ms in 16 ms)
[DBG] Decoder wait done in 0 ms
[ERR] ES_OUT_SET_(GROUP_)PCR  is called 19999 ms late (jitter of 19994 ms ignored)
[DBG] ES_OUT_RESET_PCR called
10:37:28.763 AM [player] buffering 0.0
10:37:28.763 AM [player] buffering 0.0
[DBG] Buffering 0%
[DBG] Buffering 1%
[DBG] Buffering 4%
[DBG] Buffering 9%
[DBG] Buffering 14%
[DBG] Buffering 18%
[DBG] Buffering 23%
[DBG] Buffering 26%
[DBG] Buffering 41%
[DBG] Buffering 48%
[DBG] Buffering 51%
[DBG] Buffering 54%
[DBG] Buffering 60%
[DBG] Received first picture
10:37:28.772 AM [framestep] nextFrameStepped result=0 time=24309 ms
[DBG] Buffering 65%
[DBG] Buffering 68%
[DBG] Buffering 70%
[DBG] Buffering 73%
[DBG] Buffering 76%
[DBG] Buffering 92%
[DBG] Buffering 98%
10:37:28.780 AM [player] buffering 1.0
[DBG] Stream buffering done (1017 ms in 16 ms)
[DBG] Decoder wait done in 0 ms
[ERR] ES_OUT_SET_(GROUP_)PCR  is called 20033 ms late (jitter of 19999 ms ignored)
[DBG] ES_OUT_RESET_PCR called
10:37:28.780 AM [player] buffering 0.0
[DBG] Buffering 0%
10:37:28.780 AM [player] buffering 0.0
[DBG] Buffering 2%
[DBG] Buffering 5%
[DBG] Buffering 8%
[DBG] Buffering 11%
[DBG] Buffering 13%
[DBG] Buffering 16%
[DBG] Buffering 30%
[DBG] Buffering 31%
[DBG] Buffering 38%
[DBG] Buffering 40%
[DBG] Buffering 41%
[DBG] Buffering 45%
[DBG] Buffering 50%
[DBG] Received first picture
10:37:28.790 AM [framestep] nextFrameStepped result=0 time=24309 ms
[DBG] Buffering 55%
[DBG] Buffering 58%
[DBG] Buffering 63%
[DBG] Buffering 66%
[DBG] Buffering 82%
[DBG] Buffering 88%
[DBG] Buffering 91%
[DBG] Buffering 95%
[DBG] Stream buffering done (1001 ms in 26 ms)
10:37:28.807 AM [player] buffering 1.0
[DBG] Decoder wait done in 0 ms
[ERR] ES_OUT_SET_(GROUP_)PCR  is called 20062 ms late (jitter of 20033 ms ignored)
[DBG] ES_OUT_RESET_PCR called
10:37:28.809 AM [player] buffering 0.0
10:37:28.809 AM [player] buffering 0.0
[DBG] Buffering 0%
[DBG] Buffering 2%
[DBG] Buffering 5%
[DBG] Buffering 8%
[DBG] Buffering 24%
[DBG] Buffering 30%
[DBG] Buffering 33%
[DBG] Buffering 36%
[DBG] Buffering 41%
[DBG] Buffering 43%
[DBG] Buffering 46%
[DBG] Received first picture
10:37:28.815 AM [framestep] nextFrameStepped result=0 time=24309 ms
[DBG] Buffering 50%
[DBG] Buffering 53%
[DBG] Buffering 55%
[DBG] Buffering 58%
[DBG] Buffering 72%
[DBG] Buffering 73%
[DBG] Buffering 80%
[DBG] Buffering 82%
[DBG] Buffering 83%
[DBG] Buffering 86%
[DBG] Buffering 91%
[DBG] Buffering 96%
10:37:28.828 AM [player] buffering 1.0
[DBG] Stream buffering done (1001 ms in 18 ms)
[DBG] Decoder wait done in 0 ms
[ERR] ES_OUT_SET_(GROUP_)PCR  is called 20080 ms late (jitter of 20062 ms ignored)
[DBG] ES_OUT_RESET_PCR called
10:37:28.828 AM [player] buffering 0.0
[DBG] Buffering 0%
10:37:28.828 AM [player] buffering 0.0
[DBG] Buffering 15%
[DBG] Buffering 21%
[DBG] Buffering 25%
[DBG] Buffering 28%
[DBG] Buffering 33%
[DBG] Received first picture
10:37:28.836 AM [framestep] nextFrameStepped result=0 time=24309 ms
[DBG] Buffering 38%
[DBG] Buffering 41%
[DBG] Buffering 44%
[DBG] Buffering 46%
[DBG] Buffering 50%
[DBG] Buffering 66%
[DBG] Buffering 71%
[DBG] Buffering 75%
[DBG] Buffering 78%
[DBG] Buffering 83%
[DBG] Buffering 85%
[DBG] Buffering 88%
[DBG] Buffering 91%
[DBG] Buffering 95%
[DBG] Buffering 96%
10:37:28.848 AM [player] buffering 1.0
[DBG] Stream buffering done (1001 ms in 20 ms)
[DBG] Decoder wait done in 0 ms
[ERR] ES_OUT_SET_(GROUP_)PCR  is called 20009 ms late (jitter of 20062 ms ignored)
[DBG] ES_OUT_RESET_PCR called
10:37:28.852 AM [player] buffering 0.0
[DBG] Buffering 0%
10:37:28.857 AM [player] buffering 0.0
[DBG] Buffering 6%
[DBG] Buffering 9%
[DBG] Buffering 13%
[DBG] Buffering 18%
[DBG] Buffering 23%
[DBG] Buffering 26%
[DBG] Buffering 31%
[DBG] Buffering 35%
[DBG] Buffering 50%
[DBG] Buffering 56%
[DBG] Buffering 60%
[DBG] Buffering 63%
[DBG] Buffering 68%
[DBG] Buffering 73%
[DBG] Buffering 76%
[DBG] Buffering 79%
[DBG] Received first picture
10:37:28.877 AM [framestep] nextFrameStepped result=0 time=24309 ms
[DBG] Buffering 81%
[DBG] Buffering 85%
[DBG] Buffering 98%
[DBG] Stream buffering done (1001 ms in 23 ms)
10:37:28.881 AM [player] buffering 1.0
[DBG] Decoder wait done in 0 ms
[ERR] ES_OUT_SET_(GROUP_)PCR  is called 20121 ms late (jitter of 20080 ms ignored)
[DBG] ES_OUT_RESET_PCR called
10:37:28.884 AM [player] buffering 0.0
[DBG] Buffering 0%
10:37:28.884 AM [player] buffering 0.0
[DBG] Buffering 1%
[DBG] Buffering 5%
[DBG] Buffering 9%
[DBG] Buffering 10%
[DBG] Buffering 15%
[DBG] Buffering 18%
[DBG] Buffering 23%
[DBG] Buffering 26%
[DBG] Buffering 41%
[DBG] Buffering 48%
[DBG] Buffering 51%
[DBG] Buffering 55%
[DBG] Buffering 60%
[DBG] Buffering 65%
[DBG] Buffering 68%
[DBG] Buffering 70%
[DBG] Buffering 73%
[DBG] Received first picture
10:37:28.893 AM [framestep] nextFrameStepped result=0 time=24309 ms
[DBG] Buffering 76%
[DBG] Buffering 92%
[DBG] Buffering 98%
10:37:28.897 AM [player] buffering 1.0
[DBG] Stream buffering done (1018 ms in 13 ms)
[DBG] Decoder wait done in 0 ms
[ERR] ES_OUT_SET_(GROUP_)PCR  is called 20156 ms late (jitter of 20121 ms ignored)
[DBG] ES_OUT_RESET_PCR called
10:37:28.904 AM [player] buffering 0.0
[DBG] Buffering 0%
10:37:28.904 AM [player] buffering 0.0
[DBG] Buffering 1%
[DBG] Buffering 5%
[DBG] Buffering 8%
[DBG] Buffering 11%
[DBG] Buffering 13%
[DBG] Buffering 16%
[DBG] Buffering 30%
[DBG] Buffering 31%
[DBG] Buffering 38%
[DBG] Buffering 40%
[DBG] Buffering 41%
[DBG] Buffering 45%
[DBG] Buffering 49%
[DBG] Buffering 50%
[DBG] Buffering 55%
[DBG] Buffering 58%
[DBG] Buffering 63%
[DBG] Buffering 66%
[DBG] Received first picture
10:37:28.912 AM [framestep] nextFrameStepped result=0 time=24309 ms
[DBG] Buffering 81%
[DBG] Buffering 88%
[DBG] Buffering 91%
[DBG] Buffering 95%
10:37:28.917 AM [player] buffering 1.0
[DBG] Stream buffering done (1001 ms in 12 ms)
[DBG] Decoder wait done in 0 ms
[ERR] ES_OUT_SET_(GROUP_)PCR  is called 20170 ms late (jitter of 20156 ms ignored)
[DBG] ES_OUT_RESET_PCR called
10:37:28.917 AM [player] buffering 0.0
[DBG] Buffering 0%
10:37:28.918 AM [player] buffering 0.0
[DBG] Buffering 2%
[DBG] Buffering 4%
[DBG] Buffering 8%
[DBG] Buffering 24%
[DBG] Buffering 29%
[DBG] Received first picture
10:37:28.924 AM [framestep] nextFrameStepped result=0 time=24309 ms
[DBG] Buffering 33%
[DBG] Buffering 36%
[DBG] Buffering 41%
[DBG] Buffering 43%
[DBG] Buffering 46%
[DBG] Buffering 50%
[DBG] Buffering 53%
[DBG] Buffering 55%
[DBG] Buffering 58%
[DBG] Buffering 72%
[DBG] Buffering 73%
[DBG] Buffering 80%
[DBG] Buffering 82%
[DBG] Buffering 83%
[DBG] Buffering 86%
[DBG] Buffering 91%
[DBG] Buffering 96%
10:37:28.931 AM [player] buffering 1.0
[DBG] Stream buffering done (1001 ms in 12 ms)
[DBG] Decoder wait done in 0 ms
[ERR] ES_OUT_SET_(GROUP_)PCR  is called 20184 ms late (jitter of 20170 ms ignored)
[DBG] ES_OUT_RESET_PCR called
10:37:28.931 AM [player] buffering 0.0
10:37:28.932 AM [player] buffering 0.0
[DBG] Buffering 0%
[DBG] Buffering 15%
[DBG] Buffering 21%
[DBG] Buffering 24%
[DBG] Buffering 25%
[DBG] Buffering 28%
[DBG] Buffering 33%
[DBG] Buffering 38%
[DBG] Buffering 41%
[DBG] Buffering 44%
[DBG] Buffering 46%
[DBG] Buffering 50%
[DBG] Received first picture
10:37:28.939 AM [framestep] nextFrameStepped result=0 time=24309 ms
[DBG] Buffering 66%
[DBG] Buffering 71%
[DBG] Buffering 75%
[DBG] Buffering 78%
[DBG] Buffering 83%
[DBG] Buffering 85%
[DBG] Buffering 88%
[DBG] Buffering 91%
[DBG] Buffering 95%
[DBG] Buffering 96%
[DBG] Stream buffering done (1001 ms in 12 ms)
10:37:28.944 AM [player] buffering 1.0
[DBG] Decoder wait done in 0 ms
[ERR] ES_OUT_SET_(GROUP_)PCR  is called 20104 ms late (jitter of 20170 ms ignored)
[DBG] ES_OUT_RESET_PCR called
10:37:28.946 AM [player] buffering 0.0
[DBG] Buffering 0%
10:37:28.947 AM [player] buffering 0.0
[DBG] Buffering 6%
[DBG] Buffering 9%
[DBG] Buffering 10%
[DBG] Buffering 13%
[DBG] Buffering 18%
[DBG] Buffering 23%
[DBG] Buffering 26%
[DBG] Buffering 31%
[DBG] Buffering 35%
[DBG] Buffering 50%
[DBG] Buffering 56%
[DBG] Buffering 60%
[DBG] Buffering 63%
[DBG] Buffering 68%
[DBG] Buffering 73%
[DBG] Buffering 76%
[DBG] Buffering 79%
[DBG] Buffering 81%
[DBG] Buffering 85%
[DBG] Received first picture
10:37:28.956 AM [framestep] nextFrameStepped result=0 time=24309 ms
[DBG] Buffering 98%
10:37:28.958 AM [player] buffering 1.0
[DBG] Stream buffering done (1001 ms in 11 ms)
[DBG] Decoder wait done in 0 ms
[ERR] ES_OUT_SET_(GROUP_)PCR  is called 20202 ms late (jitter of 20184 ms ignored)
[DBG] ES_OUT_RESET_PCR called
10:37:28.966 AM [player] buffering 0.0
10:37:28.966 AM [player] buffering 0.0
[DBG] Buffering 0%
[DBG] Buffering 1%
[DBG] Buffering 5%
[DBG] Buffering 9%
[DBG] Buffering 10%
[DBG] Buffering 15%
[DBG] Buffering 18%
[DBG] Buffering 23%
[DBG] Buffering 26%
[DBG] Buffering 41%
[DBG] Buffering 48%
[DBG] Buffering 51%
[DBG] Buffering 55%
[DBG] Buffering 60%
[DBG] Buffering 65%
[DBG] Buffering 68%
[DBG] Buffering 70%
[DBG] Buffering 73%
[DBG] Buffering 77%
[DBG] Received first picture
10:37:28.974 AM [framestep] nextFrameStepped result=0 time=24309 ms
[DBG] Buffering 92%
[DBG] Buffering 98%
[DBG] Stream buffering done (1020 ms in 10 ms)
10:37:28.977 AM [player] buffering 1.0
[DBG] Decoder wait done in 0 ms
[ERR] ES_OUT_SET_(GROUP_)PCR  is called 20228 ms late (jitter of 20202 ms ignored)
[DBG] ES_OUT_RESET_PCR called
10:37:28.978 AM [player] buffering 0.0
[DBG] Buffering 0%
10:37:28.978 AM [player] buffering 0.0
[DBG] Buffering 5%
[DBG] Buffering 8%
[DBG] Buffering 11%
[DBG] Buffering 13%
[DBG] Buffering 16%
[DBG] Buffering 30%
[DBG] Buffering 31%
[DBG] Buffering 38%
[DBG] Buffering 40%
[DBG] Buffering 41%
[DBG] Buffering 45%
[DBG] Received first picture
10:37:28.984 AM [framestep] nextFrameStepped result=0 time=24309 ms
[DBG] Buffering 49%
[DBG] Buffering 50%
[DBG] Buffering 55%
[DBG] Buffering 58%
[DBG] Buffering 63%
[DBG] Buffering 66%
[DBG] Buffering 81%
[DBG] Buffering 88%
[DBG] Buffering 91%
[DBG] Buffering 95%
10:37:28.989 AM [player] buffering 1.0
[DBG] Stream buffering done (1001 ms in 11 ms)
[DBG] Decoder wait done in 0 ms
[ERR] ES_OUT_SET_(GROUP_)PCR  is called 20244 ms late (jitter of 20228 ms ignored)
[DBG] ES_OUT_RESET_PCR called
10:37:28.991 AM [player] buffering 0.0
[DBG] Buffering 0%
10:37:28.991 AM [player] buffering 0.0
[DBG] Buffering 2%
[DBG] Buffering 5%
[DBG] Buffering 8%
[DBG] Buffering 24%
[DBG] Buffering 30%
[DBG] Buffering 33%
[DBG] Buffering 36%
[DBG] Buffering 41%
[DBG] Buffering 43%
[DBG] Received first picture
[DBG] Buffering 46%
10:37:28.996 AM [framestep] nextFrameStepped result=0 time=24309 ms
[DBG] Buffering 50%
[DBG] Buffering 53%
[DBG] Buffering 55%
[DBG] Buffering 58%
[DBG] Buffering 72%
[DBG] Buffering 73%
[DBG] Buffering 80%
[DBG] Buffering 82%
[DBG] Buffering 83%
[DBG] Buffering 86%
[DBG] Buffering 91%
[DBG] Buffering 96%
[DBG] Stream buffering done (1001 ms in 15 ms)
10:37:29.006 AM [player] buffering 1.0
[DBG] Decoder wait done in 0 ms
[ERR] ES_OUT_SET_(GROUP_)PCR  is called 20258 ms late (jitter of 20244 ms ignored)
[DBG] ES_OUT_RESET_PCR called
10:37:29.006 AM [player] buffering 0.0
[DBG] Buffering 0%
10:37:29.007 AM [player] buffering 0.0
[DBG] Buffering 15%
[DBG] Buffering 21%
[DBG] Buffering 24%
[DBG] Received first picture
10:37:29.012 AM [framestep] nextFrameStepped result=0 time=24309 ms
[DBG] Buffering 25%
[DBG] Buffering 28%
[DBG] Buffering 33%
[DBG] Buffering 38%
[DBG] Buffering 41%
[DBG] Buffering 44%
[DBG] Buffering 46%
[DBG] Buffering 50%
[DBG] Buffering 66%
[DBG] Buffering 71%
[DBG] Buffering 75%
[DBG] Buffering 78%
[DBG] Buffering 83%
[DBG] Buffering 85%
[DBG] Buffering 88%
[DBG] Buffering 91%
[DBG] Buffering 95%
[DBG] Buffering 96%
10:37:29.017 AM [player] buffering 1.0
[DBG] Stream buffering done (1001 ms in 10 ms)
[DBG] Decoder wait done in 0 ms
[ERR] ES_OUT_SET_(GROUP_)PCR  is called 20178 ms late (jitter of 20244 ms ignored)
[DBG] ES_OUT_RESET_PCR called
10:37:29.018 AM [player] buffering 0.0
10:37:29.020 AM [player] buffering 0.0
[DBG] Buffering 0%
[DBG] Buffering 6%
[DBG] Buffering 8%
[DBG] Buffering 9%
[DBG] Buffering 13%
[DBG] Buffering 18%
[DBG] Buffering 23%
[DBG] Buffering 26%
[DBG] Buffering 31%
[DBG] Buffering 35%
[DBG] Buffering 50%
[DBG] Buffering 56%
[DBG] Buffering 60%
[DBG] Received first picture
10:37:29.030 AM [framestep] nextFrameStepped result=0 time=24309 ms
[DBG] Buffering 63%
[DBG] Buffering 68%
[DBG] Buffering 73%
[DBG] Buffering 76%
[DBG] Buffering 79%
[DBG] Buffering 81%
[DBG] Buffering 85%
10:37:29.032 AM [player] buffering 1.0
[DBG] Stream buffering done (1016 ms in 12 ms)
[DBG] Decoder wait done in 0 ms
[ERR] ES_OUT_SET_(GROUP_)PCR  is called 20269 ms late (jitter of 20258 ms ignored)
[DBG] ES_OUT_RESET_PCR called
10:37:29.033 AM [player] buffering 0.0
[DBG] Buffering 0%
10:37:29.033 AM [player] buffering 0.0
[DBG] Buffering 3%
[DBG] Buffering 8%
[DBG] Buffering 10%
[DBG] Buffering 13%
[DBG] Buffering 16%
[DBG] Buffering 20%
[DBG] Buffering 21%
[DBG] Buffering 25%
[DBG] Buffering 39%
[DBG] Buffering 40%
[DBG] Buffering 46%
[DBG] Buffering 49%
[DBG] Buffering 50%
[DBG] Buffering 53%
[DBG] Buffering 58%
[DBG] Buffering 63%
[DBG] Buffering 66%
[DBG] Buffering 71%
[DBG] Received first picture
10:37:29.045 AM [framestep] nextFrameStepped result=0 time=24309 ms
[DBG] Buffering 75%
[DBG] Buffering 90%
[DBG] Buffering 96%
10:37:29.050 AM [player] buffering 1.0
[DBG] Stream buffering done (1001 ms in 17 ms)
[DBG] Decoder wait done in 0 ms
[ERR] ES_OUT_SET_(GROUP_)PCR  is called 20320 ms late (jitter of 20269 ms ignored)
[DBG] ES_OUT_RESET_PCR called
10:37:29.050 AM [player] buffering 0.0
10:37:29.050 AM [player] buffering 0.0
[DBG] Buffering 0%
[DBG] Buffering 5%
[DBG] Buffering 8%
[DBG] Buffering 11%
[DBG] Buffering 13%
[DBG] Buffering 16%
[DBG] Buffering 30%
[DBG] Buffering 31%
[DBG] Buffering 38%
[DBG] Buffering 39%
[DBG] Buffering 41%
[DBG] Received first picture
10:37:29.057 AM [framestep] nextFrameStepped result=0 time=24309 ms
[DBG] Buffering 45%
[DBG] Buffering 49%
[DBG] Buffering 50%
[DBG] Buffering 55%
[DBG] Buffering 58%
[DBG] Buffering 63%
[DBG] Buffering 66%
[DBG] Buffering 81%
[DBG] Buffering 88%
[DBG] Buffering 91%
[DBG] Buffering 95%
10:37:29.064 AM [player] buffering 1.0
[DBG] Stream buffering done (1001 ms in 13 ms)
[DBG] Decoder wait done in 0 ms
[ERR] ES_OUT_SET_(GROUP_)PCR  is called 20320 ms late (jitter of 20320 ms ignored)
[DBG] ES_OUT_RESET_PCR called
10:37:29.067 AM [player] buffering 0.0
[DBG] Buffering 0%
10:37:29.067 AM [player] buffering 0.0
[DBG] Buffering 1%
[DBG] Buffering 4%
[DBG] Buffering 8%
[DBG] Buffering 24%
[DBG] Buffering 29%
[DBG] Buffering 33%
[DBG] Buffering 36%
[DBG] Buffering 41%
[DBG] Buffering 43%
[DBG] Received first picture
10:37:29.073 AM [framestep] nextFrameStepped result=0 time=24309 ms
[DBG] Buffering 46%
[DBG] Buffering 50%
[DBG] Buffering 53%
[DBG] Buffering 55%
[DBG] Buffering 58%
[DBG] Buffering 72%
[DBG] Buffering 73%
[DBG] Buffering 80%
[DBG] Buffering 81%
[DBG] Buffering 83%
[DBG] Buffering 86%
[DBG] Buffering 91%
[DBG] Buffering 96%
10:37:29.082 AM [player] buffering 1.0
[DBG] Stream buffering done (1001 ms in 14 ms)
[DBG] Decoder wait done in 0 ms
[ERR] ES_OUT_SET_(GROUP_)PCR  is called 20335 ms late (jitter of 20320 ms ignored)
[DBG] ES_OUT_RESET_PCR called
10:37:29.082 AM [player] buffering 0.0
[DBG] Buffering 0%
10:37:29.082 AM [player] buffering 0.0
[DBG] Buffering 15%
[DBG] Buffering 21%
[DBG] Buffering 24%
[DBG] Buffering 25%
[DBG] Received first picture
10:37:29.088 AM [framestep] nextFrameStepped result=0 time=24309 ms
[DBG] Buffering 28%
[DBG] Buffering 33%
[DBG] Buffering 38%
[DBG] Buffering 41%
[DBG] Buffering 43%
[DBG] Buffering 46%
[DBG] Buffering 50%
[DBG] Buffering 66%
[DBG] Buffering 71%
[DBG] Buffering 75%
[DBG] Buffering 78%
[DBG] Buffering 83%
[DBG] Buffering 85%
[DBG] Buffering 88%
[DBG] Buffering 91%
[DBG] Buffering 95%
[DBG] Buffering 96%
10:37:29.097 AM [player] buffering 1.0
[DBG] Stream buffering done (1001 ms in 14 ms)
[DBG] Decoder wait done in 0 ms
[ERR] ES_OUT_SET_(GROUP_)PCR  is called 20260 ms late (jitter of 20320 ms ignored)
[DBG] ES_OUT_RESET_PCR called
10:37:29.098 AM [player] buffering 0.0
10:37:29.101 AM [player] buffering 0.0
[DBG] Buffering 0%
[DBG] Buffering 6%
[DBG] Buffering 8%
[DBG] Buffering 10%
[DBG] Buffering 13%
[DBG] Buffering 18%
[DBG] Buffering 23%
[DBG] Buffering 26%
[DBG] Buffering 31%
[DBG] Buffering 35%
[DBG] Buffering 50%
[DBG] Buffering 56%
[DBG] Buffering 59%
[DBG] Buffering 60%
[DBG] Buffering 63%
[DBG] Buffering 68%
[DBG] Received first picture
10:37:29.115 AM [framestep] nextFrameStepped result=0 time=24309 ms
[DBG] Buffering 73%
[DBG] Buffering 76%
[DBG] Buffering 79%
[DBG] Buffering 81%
[DBG] Buffering 85%
10:37:29.119 AM [player] buffering 1.0
[DBG] Stream buffering done (1015 ms in 17 ms)
[DBG] Decoder wait done in 0 ms
[ERR] ES_OUT_SET_(GROUP_)PCR  is called 20357 ms late (jitter of 20335 ms ignored)
[DBG] ES_OUT_RESET_PCR called
10:37:29.120 AM [player] buffering 0.0
10:37:29.120 AM [player] buffering 0.0
[DBG] Buffering 0%
[DBG] Buffering 3%
[DBG] Buffering 8%
[DBG] Buffering 10%
[DBG] Buffering 13%
[DBG] Buffering 16%
[DBG] Buffering 20%
[DBG] Buffering 21%
[DBG] Buffering 25%
[DBG] Buffering 39%
[DBG] Buffering 40%
[DBG] Buffering 46%
[DBG] Buffering 49%
[DBG] Buffering 50%
[DBG] Buffering 53%
[DBG] Buffering 58%
[DBG] Received first picture
10:37:29.132 AM [framestep] nextFrameStepped result=0 time=24309 ms
[DBG] Buffering 63%
[DBG] Buffering 66%
[DBG] Buffering 71%
[DBG] Buffering 75%
[DBG] Buffering 90%
[DBG] Buffering 96%
10:37:29.146 AM [player] buffering 1.0
[DBG] Stream buffering done (1001 ms in 25 ms)
[DBG] Decoder wait done in 0 ms
[ERR] ES_OUT_SET_(GROUP_)PCR  is called 20417 ms late (jitter of 20357 ms ignored)
[DBG] ES_OUT_RESET_PCR called
10:37:29.147 AM [player] buffering 0.0
[DBG] Buffering 0%
10:37:29.148 AM [player] buffering 0.0
[DBG] Buffering 5%
[DBG] Buffering 8%
[DBG] Buffering 11%
[DBG] Buffering 13%
[DBG] Buffering 16%
[DBG] Buffering 30%
[DBG] Buffering 31%
[DBG] Buffering 38%
[DBG] Buffering 39%
[DBG] Buffering 41%
[DBG] Buffering 45%
[DBG] Buffering 49%
[DBG] Buffering 50%
[DBG] Buffering 55%
[DBG] Received first picture
10:37:29.156 AM [framestep] nextFrameStepped result=0 time=24309 ms
[DBG] Buffering 58%
[DBG] Buffering 63%
[DBG] Buffering 66%
[DBG] Buffering 81%
[DBG] Buffering 88%
[DBG] Buffering 91%
[DBG] Buffering 95%
[DBG] Stream buffering done (1001 ms in 13 ms)
10:37:29.162 AM [player] buffering 1.0
[DBG] Decoder wait done in 0 ms
[ERR] ES_OUT_SET_(GROUP_)PCR  is called 20415 ms late (jitter of 20415 ms ignored)
[DBG] ES_OUT_RESET_PCR called
10:37:29.162 AM [player] buffering 0.0
[DBG] Buffering 0%
10:37:29.162 AM [player] buffering 0.0
[DBG] Buffering 5%
[DBG] Buffering 8%
[DBG] Buffering 24%
[DBG] Buffering 30%
[DBG] Buffering 33%
[DBG] Buffering 36%
[DBG] Buffering 41%
[DBG] Received first picture
10:37:29.172 AM [framestep] nextFrameStepped result=0 time=24309 ms
[DBG] Buffering 46%
[DBG] Buffering 50%
[DBG] Buffering 52%
[DBG] Buffering 55%
[DBG] Buffering 58%
[DBG] Buffering 72%
[DBG] Buffering 73%
[DBG] Buffering 80%
[DBG] Buffering 81%
[DBG] Buffering 83%
[DBG] Buffering 86%
[DBG] Buffering 91%
[DBG] Buffering 96%
10:37:29.179 AM [player] buffering 1.0
[DBG] Stream buffering done (1001 ms in 16 ms)
[DBG] Decoder wait done in 0 ms
[ERR] ES_OUT_SET_(GROUP_)PCR  is called 20431 ms late (jitter of 20417 ms ignored)
[DBG] ES_OUT_RESET_PCR called
10:37:29.179 AM [player] buffering 0.0
10:37:29.179 AM [player] buffering 0.0
[DBG] Buffering 0%
[DBG] Buffering 14%
[DBG] Buffering 15%
[DBG] Buffering 21%
[DBG] Buffering 24%
[DBG] Buffering 25%
[DBG] Buffering 28%
[DBG] Buffering 33%
[DBG] Received first picture
10:37:29.185 AM [framestep] nextFrameStepped result=0 time=24309 ms
[DBG] Buffering 38%
[DBG] Buffering 41%
[DBG] Buffering 43%
[DBG] Buffering 46%
[DBG] Buffering 50%
[DBG] Buffering 66%
[DBG] Buffering 71%
[DBG] Buffering 75%
[DBG] Buffering 78%
[DBG] Buffering 83%
[DBG] Buffering 85%
[DBG] Buffering 88%
[DBG] Buffering 91%
[DBG] Buffering 94%
[DBG] Buffering 96%
[DBG] Stream buffering done (1001 ms in 13 ms)
10:37:29.192 AM [player] buffering 1.0
[DBG] Decoder wait done in 0 ms
[ERR] ES_OUT_SET_(GROUP_)PCR  is called 20361 ms late (jitter of 20415 ms ignored)
[DBG] ES_OUT_RESET_PCR called
10:37:29.198 AM [player] buffering 0.0
10:37:29.199 AM [player] buffering 0.0
[DBG] Buffering 0%
[DBG] Buffering 6%
[DBG] Buffering 8%
[DBG] Buffering 9%
[DBG] Buffering 13%
[DBG] Buffering 18%
[DBG] Buffering 23%
[DBG] Buffering 26%
[DBG] Buffering 31%
[DBG] Buffering 35%
[DBG] Buffering 50%
[DBG] Received first picture
10:37:29.207 AM [framestep] nextFrameStepped result=0 time=24309 ms
[DBG] Buffering 56%
[DBG] Buffering 59%
[DBG] Buffering 60%
[DBG] Buffering 63%
[DBG] Buffering 68%
[DBG] Buffering 73%
[DBG] Buffering 76%
[DBG] Buffering 78%
[DBG] Buffering 81%
[DBG] Buffering 85%
10:37:29.216 AM [player] buffering 1.0
[DBG] Stream buffering done (1013 ms in 17 ms)
[DBG] Decoder wait done in 0 ms
[ERR] ES_OUT_SET_(GROUP_)PCR  is called 20453 ms late (jitter of 20431 ms ignored)
[DBG] ES_OUT_RESET_PCR called
10:37:29.217 AM [player] buffering 0.0
10:37:29.218 AM [player] buffering 0.0
[DBG] Buffering 0%
[DBG] Buffering 3%
[DBG] Buffering 8%
[DBG] Buffering 10%
[DBG] Buffering 13%
[DBG] Buffering 16%
[DBG] Buffering 20%
[DBG] Buffering 21%
[DBG] Buffering 25%
[DBG] Buffering 39%
[DBG] Buffering 40%
[DBG] Buffering 46%
[DBG] Buffering 48%
[DBG] Buffering 50%
[DBG] Buffering 53%
[DBG] Buffering 58%
[DBG] Buffering 63%
[DBG] Received first picture
10:37:29.226 AM [framestep] nextFrameStepped result=0 time=24309 ms
[DBG] Buffering 66%
[DBG] Buffering 71%
[DBG] Buffering 75%
[DBG] Buffering 90%
[DBG] Buffering 96%
10:37:29.233 AM [player] buffering 1.0
[DBG] Stream buffering done (1001 ms in 14 ms)
[DBG] Decoder wait done in 0 ms
[ERR] ES_OUT_SET_(GROUP_)PCR  is called 20502 ms late (jitter of 20453 ms ignored)
[DBG] ES_OUT_RESET_PCR called
10:37:29.233 AM [player] buffering 0.0
[DBG] Buffering 0%
10:37:29.233 AM [player] buffering 0.0
[DBG] Buffering 5%
[DBG] Buffering 8%
[DBG] Buffering 10%
[DBG] Buffering 13%
[DBG] Buffering 16%
[DBG] Buffering 33%
[DBG] Buffering 38%
[DBG] Buffering 41%
[DBG] Received first picture
10:37:29.244 AM [framestep] nextFrameStepped result=0 time=24309 ms
[DBG] Buffering 45%
[DBG] Buffering 50%
[DBG] Buffering 52%
[DBG] Buffering 55%
[DBG] Buffering 58%
[DBG] Buffering 62%
[DBG] Buffering 63%
[DBG] Buffering 66%
[DBG] Buffering 81%
[DBG] Buffering 88%
[DBG] Buffering 90%
[DBG] Buffering 91%
[DBG] Buffering 95%
[DBG] Stream buffering done (1001 ms in 16 ms)
10:37:29.249 AM [player] buffering 1.0
[DBG] Decoder wait done in 0 ms
[ERR] ES_OUT_SET_(GROUP_)PCR  is called 20503 ms late (jitter of 20502 ms ignored)
[DBG] ES_OUT_RESET_PCR called
10:37:29.250 AM [player] buffering 0.0
10:37:29.251 AM [player] buffering 0.0
[DBG] Buffering 0%
[DBG] Buffering 4%
[DBG] Buffering 8%
[DBG] Buffering 23%
[DBG] Buffering 29%
[DBG] Buffering 33%
[DBG] Buffering 36%
[DBG] Buffering 41%
[DBG] Received first picture
10:37:29.256 AM [framestep] nextFrameStepped result=0 time=24309 ms
[DBG] Buffering 46%
[DBG] Buffering 50%
[DBG] Buffering 52%
[DBG] Buffering 55%
[DBG] Buffering 58%
[DBG] Buffering 71%
[DBG] Buffering 73%
[DBG] Buffering 80%
[DBG] Buffering 81%
[DBG] Buffering 83%
[DBG] Buffering 86%
[DBG] Buffering 91%
[DBG] Buffering 96%
[DBG] Stream buffering done (1001 ms in 14 ms)
10:37:29.265 AM [player] buffering 1.0
[DBG] Decoder wait done in 0 ms
[ERR] ES_OUT_SET_(GROUP_)PCR  is called 20518 ms late (jitter of 20503 ms ignored)
[DBG] ES_OUT_RESET_PCR called
10:37:29.265 AM [player] buffering 0.0
[DBG] Buffering 0%
10:37:29.265 AM [player] buffering 0.0
[DBG] Buffering 14%
[DBG] Buffering 21%
[DBG] Buffering 24%
[DBG] Buffering 25%
[DBG] Received first picture
10:37:29.272 AM [framestep] nextFrameStepped result=0 time=24309 ms
[DBG] Buffering 28%
[DBG] Buffering 33%
[DBG] Buffering 38%
[DBG] Buffering 41%
[DBG] Buffering 43%
[DBG] Buffering 46%
[DBG] Buffering 50%
[DBG] Buffering 65%
[DBG] Buffering 71%
[DBG] Buffering 75%
[DBG] Buffering 78%
[DBG] Buffering 83%
[DBG] Buffering 88%
[DBG] Buffering 91%
[DBG] Buffering 94%
[DBG] Buffering 96%
10:37:29.284 AM [player] buffering 1.0
[DBG] Stream buffering done (1001 ms in 18 ms)
[DBG] Decoder wait done in 0 ms
[ERR] ES_OUT_SET_(GROUP_)PCR  is called 20450 ms late (jitter of 20503 ms ignored)
[DBG] ES_OUT_RESET_PCR called
10:37:29.286 AM [player] buffering 0.0
[DBG] Buffering 0%
10:37:29.287 AM [player] buffering 0.0
[DBG] Buffering 6%
[DBG] Buffering 8%
[DBG] Buffering 10%
[DBG] Buffering 13%
[DBG] Buffering 18%
[DBG] Buffering 23%
[DBG] Buffering 26%
[DBG] Buffering 31%
[DBG] Buffering 35%
[DBG] Buffering 50%
[DBG] Buffering 56%
[DBG] Buffering 59%
[DBG] Buffering 60%
[DBG] Buffering 63%
[DBG] Received first picture
10:37:29.296 AM [framestep] nextFrameStepped result=0 time=24309 ms
[DBG] Buffering 68%
[DBG] Buffering 73%
[DBG] Buffering 76%
[DBG] Buffering 78%
[DBG] Buffering 81%
[DBG] Buffering 85%
[DBG] Stream buffering done (1012 ms in 13 ms)
10:37:29.300 AM [player] buffering 1.0
[DBG] Decoder wait done in 0 ms
[ERR] ES_OUT_SET_(GROUP_)PCR  is called 20544 ms late (jitter of 20518 ms ignored)
[DBG] ES_OUT_RESET_PCR called
10:37:29.308 AM [player] buffering 0.0
[DBG] Buffering 0%
10:37:29.308 AM [player] buffering 0.0
[DBG] Buffering 3%
[DBG] Buffering 8%
[DBG] Buffering 10%
[DBG] Buffering 13%
[DBG] Buffering 16%
[DBG] Buffering 19%
[DBG] Buffering 21%
[DBG] Buffering 25%
[DBG] Buffering 39%
[DBG] Buffering 40%
[DBG] Buffering 46%
[DBG] Buffering 48%
[DBG] Buffering 50%
[DBG] Buffering 53%
[DBG] Buffering 58%
[DBG] Received first picture
10:37:29.321 AM [framestep] nextFrameStepped result=0 time=24309 ms
[DBG] Buffering 63%
[DBG] Buffering 66%
[DBG] Buffering 71%
[DBG] Buffering 75%
[DBG] Buffering 90%
[DBG] Buffering 96%
[DBG] Buffering 99%
[DBG] Stream buffering done (1001 ms in 21 ms)
10:37:29.329 AM [player] buffering 1.0
[DBG] Decoder wait done in 0 ms
[ERR] ES_OUT_SET_(GROUP_)PCR  is called 20600 ms late (jitter of 20544 ms ignored)
[DBG] ES_OUT_RESET_PCR called
10:37:29.331 AM [player] buffering 0.0
[DBG] Buffering 0%
10:37:29.331 AM [player] buffering 0.0
[DBG] Buffering 5%
[DBG] Buffering 8%
[DBG] Buffering 10%
[DBG] Buffering 13%
[DBG] Buffering 16%
[DBG] Buffering 33%
[DBG] Buffering 38%
[DBG] Buffering 41%
[DBG] Buffering 45%
[DBG] Buffering 50%
[DBG] Buffering 52%
[DBG] Buffering 55%
[DBG] Buffering 58%
[DBG] Buffering 61%
[DBG] Buffering 63%
[DBG] Received first picture
10:37:29.341 AM [framestep] nextFrameStepped result=0 time=24309 ms
[DBG] Buffering 66%
[DBG] Buffering 81%
[DBG] Buffering 88%
[DBG] Buffering 90%
[DBG] Buffering 91%
[DBG] Buffering 95%
[DBG] Stream buffering done (1001 ms in 18 ms)
10:37:29.349 AM [player] buffering 1.0
[DBG] Decoder wait done in 0 ms
[ERR] ES_OUT_SET_(GROUP_)PCR  is called 20604 ms late (jitter of 20600 ms ignored)
[DBG] ES_OUT_RESET_PCR called
10:37:29.351 AM [player] buffering 0.0
[DBG] Buffering 0%
10:37:29.351 AM [player] buffering 0.0
[DBG] Buffering 5%
[DBG] Buffering 8%
[DBG] Buffering 23%
[DBG] Buffering 30%
[DBG] Buffering 33%
[DBG] Buffering 36%
[DBG] Buffering 41%
[DBG] Buffering 46%
[DBG] Buffering 50%
[DBG] Received first picture
10:37:29.358 AM [framestep] nextFrameStepped result=0 time=24309 ms
[DBG] Buffering 52%
[DBG] Buffering 55%
[DBG] Buffering 58%
[DBG] Buffering 75%
[DBG] Buffering 80%
[DBG] Buffering 83%
[DBG] Buffering 86%
[DBG] Buffering 91%
[DBG] Buffering 94%
[DBG] Buffering 96%
10:37:29.370 AM [player] buffering 1.0
[DBG] Stream buffering done (1001 ms in 18 ms)
[DBG] Decoder wait done in 0 ms
[ERR] ES_OUT_SET_(GROUP_)PCR  is called 20635 ms late (jitter of 20604 ms ignored)
[DBG] ES_OUT_RESET_PCR called
10:37:29.370 AM [player] buffering 0.0
[DBG] Buffering 0%
10:37:29.370 AM [player] buffering 0.0
[DBG] Buffering 3%
[DBG] Buffering 17%
[DBG] Buffering 18%
[DBG] Received first picture
10:37:29.380 AM [framestep] nextFrameStepped result=0 time=24309 ms
[DBG] Buffering 25%
[DBG] Buffering 27%
[DBG] Buffering 28%
[DBG] Buffering 31%
[DBG] Buffering 36%
[DBG] Buffering 41%
[DBG] Buffering 45%
[DBG] Buffering 50%
[DBG] Buffering 53%
[DBG] Buffering 69%
[DBG] Buffering 75%
[DBG] Buffering 78%
[DBG] Buffering 81%
[DBG] Buffering 86%
[DBG] Buffering 91%
[DBG] Buffering 95%
[DBG] Buffering 97%
10:37:29.404 AM [player] buffering 1.0
[DBG] Stream buffering done (1001 ms in 34 ms)
[DBG] Decoder wait done in 0 ms
[ERR] ES_OUT_SET_(GROUP_)PCR  is called 20674 ms late (jitter of 20635 ms ignored)
[DBG] ES_OUT_RESET_PCR called
10:37:29.404 AM [player] buffering 0.0
10:37:29.407 AM [player] buffering 0.0
[DBG] Buffering 0%
[DBG] Buffering 1%
[DBG] Buffering 8%
[DBG] Buffering 9%
[DBG] Buffering 11%
[DBG] Buffering 14%
[DBG] Buffering 19%
[DBG] Buffering 24%
[DBG] Received first picture
10:37:29.412 AM [framestep] nextFrameStepped result=0 time=24309 ms
[DBG] Buffering 28%
[DBG] Buffering 33%
[DBG] Buffering 36%
[DBG] Buffering 51%
[DBG] Buffering 57%
[DBG] Buffering 60%
[DBG] Buffering 61%
[DBG] Buffering 64%
[DBG] Buffering 69%
[DBG] Buffering 74%
[DBG] Buffering 78%
[DBG] Buffering 80%
[DBG] Buffering 83%
[DBG] Buffering 86%
[DBG] Stream buffering done (1024 ms in 21 ms)
10:37:29.429 AM [player] buffering 1.0
[DBG] Decoder wait done in 0 ms
[ERR] ES_OUT_SET_(GROUP_)PCR  is called 20653 ms late (jitter of 20653 ms ignored)
[DBG] ES_OUT_RESET_PCR called
10:37:29.430 AM [player] buffering 0.0
[DBG] Buffering 0%
10:37:29.430 AM [player] buffering 0.0
[DBG] Buffering 3%
[DBG] Buffering 8%
[DBG] Buffering 10%
[DBG] Buffering 13%
[DBG] Buffering 16%
[DBG] Buffering 19%
[DBG] Buffering 21%
[DBG] Buffering 25%
[DBG] Buffering 39%
[DBG] Buffering 40%
[DBG] Buffering 46%
[DBG] Buffering 48%
[DBG] Buffering 50%
[DBG] Buffering 53%
[DBG] Buffering 58%
[DBG] Buffering 63%
[DBG] Buffering 66%
[DBG] Buffering 71%
[DBG] Received first picture
10:37:29.442 AM [framestep] nextFrameStepped result=0 time=24309 ms
[DBG] Buffering 75%
[DBG] Buffering 90%
[DBG] Buffering 96%
[DBG] Buffering 99%
10:37:29.453 AM [player] buffering 1.0
[DBG] Stream buffering done (1001 ms in 22 ms)
[DBG] Decoder wait done in 0 ms
[ERR] ES_OUT_SET_(GROUP_)PCR  is called 20723 ms late (jitter of 20674 ms ignored)
[DBG] ES_OUT_RESET_PCR called
10:37:29.454 AM [player] buffering 0.0
10:37:29.454 AM [player] buffering 0.0
[DBG] Buffering 0%
[DBG] Buffering 5%
[DBG] Buffering 8%
[DBG] Buffering 10%
[DBG] Buffering 13%
[DBG] Buffering 16%
[DBG] Buffering 32%
[DBG] Buffering 38%
[DBG] Buffering 41%
[DBG] Buffering 45%
[DBG] Buffering 50%
[DBG] Buffering 52%
[DBG] Buffering 55%
[DBG] Buffering 58%
[DBG] Buffering 61%
[DBG] Buffering 63%
[DBG] Buffering 66%
[DBG] Received first picture
10:37:29.464 AM [framestep] nextFrameStepped result=0 time=24309 ms
[DBG] Buffering 80%
[DBG] Buffering 81%
[DBG] Buffering 88%
[DBG] Buffering 90%
[DBG] Buffering 91%
[DBG] Buffering 95%
[DBG] Stream buffering done (1001 ms in 17 ms)
10:37:29.472 AM [player] buffering 1.0
[DBG] Decoder wait done in 0 ms
[ERR] ES_OUT_SET_(GROUP_)PCR  is called 20725 ms late (jitter of 20723 ms ignored)
[DBG] ES_OUT_RESET_PCR called
10:37:29.472 AM [player] buffering 0.0
10:37:29.474 AM [player] buffering 0.0
[DBG] Buffering 0%
[DBG] Buffering 4%
[DBG] Buffering 8%
[DBG] Buffering 23%
[DBG] Buffering 29%
[DBG] Buffering 33%
[DBG] Buffering 36%
[DBG] Buffering 41%
[DBG] Received first picture
10:37:29.481 AM [framestep] nextFrameStepped result=0 time=24309 ms
[DBG] Buffering 46%
[DBG] Buffering 50%
[DBG] Buffering 52%
[DBG] Buffering 55%
[DBG] Buffering 58%
[DBG] Buffering 74%
[DBG] Buffering 80%
[DBG] Buffering 83%
[DBG] Buffering 86%
[DBG] Buffering 91%
[DBG] Buffering 94%
[DBG] Buffering 96%
10:37:29.492 AM [player] buffering 1.0
[DBG] Stream buffering done (1001 ms in 17 ms)
[DBG] Decoder wait done in 0 ms
[ERR] ES_OUT_SET_(GROUP_)PCR  is called 20759 ms late (jitter of 20725 ms ignored)
[DBG] ES_OUT_RESET_PCR called
10:37:29.492 AM [player] buffering 0.0
10:37:29.492 AM [player] buffering 0.0
[DBG] Buffering 0%
[DBG] Buffering 3%
[DBG] Buffering 17%
[DBG] Buffering 18%
[DBG] Buffering 25%
[DBG] Buffering 27%
[DBG] Buffering 28%
[DBG] Buffering 31%
[DBG] Buffering 36%
[DBG] Buffering 41%
[DBG] Buffering 45%
[DBG] Buffering 50%
[DBG] Buffering 53%
[DBG] Received first picture
10:37:29.498 AM [framestep] nextFrameStepped result=0 time=24309 ms
[DBG] Buffering 69%
[DBG] Buffering 75%
[DBG] Buffering 78%
[DBG] Buffering 81%
[DBG] Buffering 86%
[DBG] Buffering 91%
[DBG] Buffering 95%
[DBG] Buffering 97%
[DBG] Stream buffering done (1001 ms in 12 ms)
10:37:29.504 AM [player] buffering 1.0
[DBG] Decoder wait done in 0 ms
[ERR] ES_OUT_SET_(GROUP_)PCR  is called 20774 ms late (jitter of 20759 ms ignored)
[DBG] ES_OUT_RESET_PCR called
10:37:29.505 AM [player] buffering 0.0
[DBG] Buffering 0%
10:37:29.507 AM [player] buffering 0.0
[DBG] Buffering 1%
[DBG] Buffering 8%
[DBG] Buffering 9%
[DBG] Buffering 11%
[DBG] Received first picture
10:37:29.511 AM [framestep] nextFrameStepped result=0 time=24309 ms
[DBG] Buffering 14%
[DBG] Buffering 19%
[DBG] Buffering 24%
[DBG] Buffering 28%
[DBG] Buffering 33%
[DBG] Buffering 36%
[DBG] Buffering 51%
[DBG] Buffering 58%
[DBG] Buffering 60%
[DBG] Buffering 61%
[DBG] Buffering 64%
[DBG] Buffering 69%
[DBG] Buffering 74%
[DBG] Buffering 78%
[DBG] Buffering 80%
[DBG] Buffering 83%
[DBG] Buffering 86%
10:37:29.528 AM [player] buffering 1.0
[DBG] Stream buffering done (1024 ms in 20 ms)
[DBG] Decoder wait done in 0 ms
[ERR] ES_OUT_SET_(GROUP_)PCR  is called 20751 ms late (jitter of 20759 ms ignored)
[DBG] ES_OUT_RESET_PCR called
10:37:29.529 AM [player] buffering 0.0
[DBG] Buffering 0%
10:37:29.529 AM [player] buffering 0.0
[DBG] Buffering 3%
[DBG] Buffering 8%
[DBG] Buffering 13%
[DBG] Buffering 16%
[DBG] Buffering 19%
[DBG] Buffering 21%
[DBG] Buffering 25%
[DBG] Buffering 38%
[DBG] Buffering 40%
[DBG] Buffering 46%
[DBG] Buffering 48%
[DBG] Buffering 50%
[DBG] Buffering 53%
[DBG] Buffering 57%
[DBG] Buffering 58%
[DBG] Buffering 63%
[DBG] Buffering 66%
[DBG] Received first picture
10:37:29.544 AM [framestep] nextFrameStepped result=0 time=24309 ms
[DBG] Buffering 71%
[DBG] Buffering 75%
[DBG] Buffering 90%
[DBG] Buffering 96%
[DBG] Buffering 99%
10:37:29.551 AM [player] buffering 1.0
[DBG] Stream buffering done (1001 ms in 21 ms)
[DBG] Decoder wait done in 0 ms
[ERR] ES_OUT_SET_(GROUP_)PCR  is called 20820 ms late (jitter of 20774 ms ignored)
[DBG] ES_OUT_RESET_PCR called
10:37:29.551 AM [player] buffering 0.0
[DBG] Buffering 0%
10:37:29.551 AM [player] buffering 0.0
[DBG] Buffering 5%
[DBG] Buffering 8%
[DBG] Buffering 10%
[DBG] Buffering 13%
[DBG] Buffering 16%
[DBG] Buffering 32%
[DBG] Buffering 38%
[DBG] Buffering 41%
[DBG] Buffering 45%
[DBG] Buffering 50%
[DBG] Buffering 52%
[DBG] Buffering 55%
[DBG] Buffering 58%
[DBG] Buffering 61%
[DBG] Buffering 63%
[DBG] Received first picture
10:37:29.565 AM [framestep] nextFrameStepped result=0 time=24309 ms
[DBG] Buffering 66%
[DBG] Buffering 80%
[DBG] Buffering 81%
[DBG] Buffering 88%
[DBG] Buffering 90%
[DBG] Buffering 91%
[DBG] Buffering 95%
10:37:29.571 AM [player] buffering 1.0
[DBG] Stream buffering done (1000 ms in 20 ms)
[DBG] Decoder wait done in 0 ms
[ERR] ES_OUT_SET_(GROUP_)PCR  is called 20874 ms late (jitter of 20820 ms ignored)
[DBG] ES_OUT_RESET_PCR called
10:37:29.572 AM [player] buffering 0.0
10:37:29.572 AM [player] buffering 0.0
[DBG] Buffering 0%
[DBG] Buffering 3%
[DBG] Buffering 8%
[DBG] Buffering 11%
[DBG] Buffering 26%
[DBG] Buffering 33%
[DBG] Buffering 36%
[DBG] Buffering 40%
[DBG] Buffering 45%
[DBG] Buffering 50%
[DBG] Buffering 53%
[DBG] Buffering 55%
[DBG] Buffering 58%
[DBG] Received first picture
10:37:29.582 AM [framestep] nextFrameStepped result=0 time=24309 ms
[DBG] Buffering 61%
[DBG] Buffering 78%
[DBG] Buffering 83%
[DBG] Buffering 86%
[DBG] Buffering 90%
[DBG] Buffering 95%
[DBG] Buffering 97%
[DBG] Stream buffering done (1001 ms in 18 ms)
10:37:29.590 AM [player] buffering 1.0
[DBG] Decoder wait done in 0 ms
[ERR] ES_OUT_SET_(GROUP_)PCR  is called 20860 ms late (jitter of 20860 ms ignored)
[DBG] ES_OUT_RESET_PCR called
10:37:29.590 AM [player] buffering 0.0
10:37:29.592 AM [player] buffering 0.0
[DBG] Buffering 0%
[DBG] Buffering 1%
[DBG] Buffering 4%
[DBG] Buffering 19%
[DBG] Buffering 26%
[DBG] Buffering 28%
[DBG] Buffering 29%
[DBG] Buffering 33%
[DBG] Buffering 38%
[DBG] Buffering 43%
[DBG] Received first picture
10:37:29.600 AM [framestep] nextFrameStepped result=0 time=24309 ms
[DBG] Buffering 46%
[DBG] Buffering 51%
[DBG] Buffering 55%
[DBG] Buffering 70%
[DBG] Buffering 76%
[DBG] Buffering 80%
[DBG] Buffering 83%
[DBG] Buffering 88%
[DBG] Buffering 93%
[DBG] Buffering 96%
[DBG] Buffering 99%
[DBG] Stream buffering done (1017 ms in 18 ms)
10:37:29.610 AM [player] buffering 1.0
[DBG] Decoder wait done in 0 ms
[ERR] ES_OUT_SET_(GROUP_)PCR  is called 20864 ms late (jitter of 20864 ms ignored)
[DBG] ES_OUT_RESET_PCR called
10:37:29.611 AM [player] buffering 0.0
10:37:29.613 AM [player] buffering 0.0
[DBG] Buffering 0%
[DBG] Buffering 5%
[DBG] Buffering 8%
[DBG] Buffering 11%
[DBG] Buffering 16%
[DBG] Buffering 19%
[DBG] Buffering 21%
[DBG] Buffering 25%
[DBG] Buffering 28%
[DBG] Buffering 30%
[DBG] Received first picture
10:37:29.617 AM [framestep] nextFrameStepped result=0 time=24309 ms
[DBG] Buffering 33%
[DBG] Buffering 48%
[DBG] Buffering 55%
[DBG] Buffering 57%
[DBG] Buffering 58%
[DBG] Buffering 61%
[DBG] Buffering 66%
[DBG] Buffering 71%
[DBG] Buffering 75%
[DBG] Buffering 80%
[DBG] Buffering 83%
[DBG] Buffering 99%
[DBG] Stream buffering done (1052 ms in 18 ms)
10:37:29.631 AM [player] buffering 1.0
[DBG] Decoder wait done in 0 ms
[ERR] ES_OUT_SET_(GROUP_)PCR  is called 20850 ms late (jitter of 20860 ms ignored)
[DBG] ES_OUT_RESET_PCR called
10:37:29.631 AM [player] buffering 0.0
10:37:29.632 AM [player] buffering 0.0
[DBG] Buffering 0%
[DBG] Buffering 5%
[DBG] Buffering 10%
[DBG] Buffering 13%
[DBG] Buffering 16%
[DBG] Buffering 18%
[DBG] Buffering 21%
[DBG] Buffering 35%
[DBG] Buffering 36%
[DBG] Buffering 43%
[DBG] Buffering 44%
[DBG] Buffering 46%
[DBG] Received first picture
10:37:29.639 AM [framestep] nextFrameStepped result=0 time=24309 ms
[DBG] Buffering 50%
[DBG] Buffering 54%
[DBG] Buffering 55%
[DBG] Buffering 60%
[DBG] Buffering 63%
[DBG] Buffering 68%
[DBG] Buffering 71%
[DBG] Buffering 86%
[DBG] Buffering 93%
[DBG] Buffering 96%
10:37:29.651 AM [player] buffering 1.0
[DBG] Stream buffering done (1001 ms in 18 ms)
[DBG] Decoder wait done in 0 ms
[ERR] ES_OUT_SET_(GROUP_)PCR  is called 20903 ms late (jitter of 20864 ms ignored)
[DBG] ES_OUT_RESET_PCR called
10:37:29.651 AM [player] buffering 0.0
10:37:29.651 AM [player] buffering 0.0
[DBG] Buffering 0%
[DBG] Buffering 3%
[DBG] Buffering 5%
[DBG] Buffering 8%
[DBG] Buffering 11%
[DBG] Buffering 27%
[DBG] Buffering 33%
[DBG] Buffering 36%
[DBG] Received first picture
10:37:29.658 AM [framestep] nextFrameStepped result=0 time=24309 ms
[DBG] Buffering 40%
[DBG] Buffering 45%
[DBG] Buffering 46%
[DBG] Buffering 50%
[DBG] Buffering 53%
[DBG] Buffering 56%
[DBG] Buffering 58%
[DBG] Buffering 61%
[DBG] Buffering 75%
[DBG] Buffering 76%
[DBG] Buffering 83%
[DBG] Buffering 85%
[DBG] Buffering 86%
[DBG] Buffering 90%
[DBG] Buffering 94%
[DBG] Buffering 95%
10:37:29.665 AM [player] buffering 1.0
[DBG] Stream buffering done (1001 ms in 14 ms)
[DBG] Decoder wait done in 0 ms
[ERR] ES_OUT_SET_(GROUP_)PCR  is called 20937 ms late (jitter of 20903 ms ignored)
[DBG] ES_OUT_RESET_PCR called
10:37:29.668 AM [player] buffering 0.0
10:37:29.668 AM [player] buffering 0.0
[DBG] Buffering 0%
[DBG] Buffering 3%
[DBG] Buffering 18%
[DBG] Buffering 25%
[DBG] Buffering 28%
[DBG] Buffering 31%
[DBG] Buffering 36%
[DBG] Received first picture
10:37:29.676 AM [framestep] nextFrameStepped result=0 time=24309 ms
[DBG] Buffering 41%
[DBG] Buffering 45%
[DBG] Buffering 47%
[DBG] Buffering 50%
[DBG] Buffering 53%
[DBG] Buffering 69%
[DBG] Buffering 75%
[DBG] Buffering 78%
[DBG] Buffering 81%
[DBG] Buffering 86%
[DBG] Buffering 88%
[DBG] Buffering 91%
[DBG] Buffering 95%
[DBG] Buffering 98%
10:37:29.687 AM [player] buffering 1.0
[DBG] Stream buffering done (1001 ms in 18 ms)
[DBG] Decoder wait done in 0 ms
[ERR] ES_OUT_SET_(GROUP_)PCR  is called 20957 ms late (jitter of 20937 ms ignored)
[DBG] ES_OUT_RESET_PCR called
10:37:29.688 AM [player] buffering 0.0
10:37:29.690 AM [player] buffering 0.0
[DBG] Buffering 0%
[DBG] Buffering 7%
[DBG] Buffering 9%
[DBG] Buffering 10%
[DBG] Received first picture
10:37:29.694 AM [framestep] nextFrameStepped result=0 time=24309 ms
[DBG] Buffering 14%
[DBG] Buffering 19%
[DBG] Buffering 24%
[DBG] Buffering 27%
[DBG] Buffering 32%
[DBG] Buffering 35%
[DBG] Buffering 51%
[DBG] Buffering 57%
[DBG] Buffering 60%
[DBG] Buffering 64%
[DBG] Buffering 69%
[DBG] Buffering 74%
[DBG] Buffering 77%
[DBG] Buffering 80%
[DBG] Buffering 82%
[DBG] Buffering 86%
10:37:29.715 AM [player] buffering 1.0
[DBG] Stream buffering done (1024 ms in 24 ms)
[DBG] Decoder wait done in 0 ms
[ERR] ES_OUT_SET_(GROUP_)PCR  is called 20944 ms late (jitter of 20944 ms ignored)
[DBG] ES_OUT_RESET_PCR called
10:37:29.716 AM [player] buffering 0.0
[DBG] Buffering 0%
10:37:29.716 AM [player] buffering 0.0
[DBG] Buffering 3%
[DBG] Buffering 8%
[DBG] Buffering 10%
[DBG] Buffering 13%
[DBG] Buffering 16%
[DBG] Buffering 20%
[DBG] Buffering 21%
[DBG] Buffering 25%
[DBG] Buffering 39%
[DBG] Buffering 40%
[DBG] Buffering 46%
[DBG] Buffering 49%
[DBG] Buffering 50%
[DBG] Buffering 53%
[DBG] Buffering 58%
[DBG] Received first picture
10:37:29.739 AM [framestep] nextFrameStepped result=0 time=24309 ms
[DBG] Buffering 63%
[DBG] Buffering 66%
[DBG] Buffering 71%
[DBG] Buffering 75%
[DBG] Buffering 90%
[DBG] Buffering 96%
[DBG] Stream buffering done (1001 ms in 28 ms)
10:37:29.745 AM [player] buffering 1.0
[DBG] Decoder wait done in 0 ms
[ERR] ES_OUT_SET_(GROUP_)PCR  is called 21015 ms late (jitter of 20957 ms ignored)
[DBG] ES_OUT_RESET_PCR called
10:37:29.746 AM [player] buffering 0.0
10:37:29.746 AM [player] buffering 0.0
[DBG] Buffering 0%
[DBG] Buffering 5%
[DBG] Buffering 8%
[DBG] Buffering 11%
[DBG] Buffering 13%
[DBG] Buffering 16%
[DBG] Buffering 30%
[DBG] Buffering 31%
[DBG] Buffering 38%
[DBG] Buffering 39%
[DBG] Buffering 41%
[DBG] Buffering 45%
[DBG] Buffering 49%
[DBG] Buffering 50%
[DBG] Buffering 55%
[DBG] Buffering 58%
[DBG] Buffering 63%
[DBG] Buffering 66%
[DBG] Received first picture
10:37:29.757 AM [framestep] nextFrameStepped result=0 time=24309 ms
[DBG] Buffering 81%
[DBG] Buffering 88%
[DBG] Buffering 91%
[DBG] Buffering 95%
[DBG] Stream buffering done (1001 ms in 13 ms)
10:37:29.759 AM [player] buffering 1.0
[DBG] Decoder wait done in 0 ms
[ERR] ES_OUT_SET_(GROUP_)PCR  is called 21012 ms late (jitter of 21012 ms ignored)
[DBG] ES_OUT_RESET_PCR called
10:37:29.759 AM [player] buffering 0.0
10:37:29.760 AM [player] buffering 0.0
[DBG] Buffering 0%
[DBG] Buffering 5%
[DBG] Buffering 8%
[DBG] Buffering 24%
[DBG] Buffering 30%
[DBG] Buffering 33%
[DBG] Buffering 36%
[DBG] Buffering 41%
[DBG] Buffering 46%
[DBG] Buffering 50%
[DBG] Received first picture
10:37:29.767 AM [framestep] nextFrameStepped result=0 time=24309 ms
[DBG] Buffering 52%
[DBG] Buffering 55%
[DBG] Buffering 58%
[DBG] Buffering 72%
[DBG] Buffering 73%
[DBG] Buffering 80%
[DBG] Buffering 81%
[DBG] Buffering 83%
[DBG] Buffering 86%
[DBG] Buffering 91%
[DBG] Buffering 96%
10:37:29.776 AM [player] buffering 1.0
[DBG] Stream buffering done (1001 ms in 16 ms)
[DBG] Decoder wait done in 0 ms
[ERR] ES_OUT_SET_(GROUP_)PCR  is called 21029 ms late (jitter of 21015 ms ignored)
[DBG] ES_OUT_RESET_PCR called
10:37:29.777 AM [player] buffering 0.0
10:37:29.777 AM [player] buffering 0.0
[DBG] Buffering 0%
[DBG] Buffering 14%
[DBG] Buffering 15%
[DBG] Buffering 21%
[DBG] Buffering 24%
[DBG] Buffering 25%
[DBG] Buffering 28%
[DBG] Buffering 33%
[DBG] Received first picture
10:37:29.786 AM [framestep] nextFrameStepped result=0 time=24309 ms
[DBG] Buffering 38%
[DBG] Buffering 41%
[DBG] Buffering 43%
[DBG] Buffering 46%
[DBG] Buffering 50%
[DBG] Buffering 66%
[DBG] Buffering 71%
[DBG] Buffering 75%
[DBG] Buffering 78%
[DBG] Buffering 83%
[DBG] Buffering 85%
[DBG] Buffering 88%
[DBG] Buffering 91%
[DBG] Buffering 94%
[DBG] Buffering 96%
10:37:29.796 AM [player] buffering 1.0
[DBG] Stream buffering done (1001 ms in 19 ms)
[DBG] Decoder wait done in 0 ms
[ERR] ES_OUT_SET_(GROUP_)PCR  is called 20963 ms late (jitter of 21012 ms ignored)
[DBG] ES_OUT_RESET_PCR called
10:37:29.801 AM [player] buffering 0.0
10:37:29.801 AM [player] buffering 0.0
[DBG] Buffering 0%
[DBG] Buffering 6%
[DBG] Buffering 8%
[DBG] Buffering 9%
[DBG] Buffering 13%
[DBG] Buffering 18%
[DBG] Buffering 23%
[DBG] Buffering 26%
[DBG] Buffering 31%
[DBG] Buffering 35%
[DBG] Buffering 50%
[DBG] Buffering 56%
[DBG] Buffering 59%
[DBG] Buffering 60%
[DBG] Buffering 63%
[DBG] Buffering 68%
[DBG] Received first picture
10:37:29.811 AM [framestep] nextFrameStepped result=0 time=24309 ms
[DBG] Buffering 73%
[DBG] Buffering 76%
[DBG] Buffering 78%
[DBG] Buffering 81%
[DBG] Buffering 85%
10:37:29.817 AM [player] buffering 1.0
[DBG] Stream buffering done (1013 ms in 15 ms)
[DBG] Decoder wait done in 0 ms
[ERR] ES_OUT_SET_(GROUP_)PCR  is called 21055 ms late (jitter of 21029 ms ignored)
[DBG] ES_OUT_RESET_PCR called
10:37:29.818 AM [player] buffering 0.0
10:37:29.819 AM [player] buffering 0.0
[DBG] Buffering 0%
[DBG] Buffering 3%
[DBG] Buffering 8%
[DBG] Buffering 10%
[DBG] Buffering 13%
[DBG] Buffering 16%
[DBG] Buffering 20%
[DBG] Buffering 21%
[DBG] Buffering 25%
[DBG] Buffering 39%
[DBG] Buffering 40%
[DBG] Buffering 46%
[DBG] Buffering 48%
[DBG] Buffering 50%
[DBG] Buffering 53%
[DBG] Buffering 58%
[DBG] Buffering 63%
[DBG] Buffering 66%
[DBG] Buffering 71%
[DBG] Received first picture
10:37:29.832 AM [framestep] nextFrameStepped result=0 time=24309 ms
[DBG] Buffering 75%
[DBG] Buffering 90%
[DBG] Buffering 96%
[DBG] Stream buffering done (1001 ms in 19 ms)
10:37:29.838 AM [player] buffering 1.0
[DBG] Decoder wait done in 0 ms
[ERR] ES_OUT_SET_(GROUP_)PCR  is called 21109 ms late (jitter of 21055 ms ignored)
[DBG] ES_OUT_RESET_PCR called
10:37:29.839 AM [player] buffering 0.0
10:37:29.840 AM [player] buffering 0.0
[DBG] Buffering 0%
[DBG] Buffering 5%
[DBG] Buffering 8%
[DBG] Buffering 10%
[DBG] Buffering 13%
[DBG] Buffering 16%
[DBG] Buffering 33%
[DBG] Buffering 38%
[DBG] Buffering 41%
[DBG] Buffering 45%
[DBG] Buffering 50%
[DBG] Buffering 52%
[DBG] Buffering 55%
[DBG] Buffering 58%
[DBG] Buffering 62%
[DBG] Buffering 63%
[DBG] Received first picture
[DBG] Buffering 66%
10:37:29.846 AM [framestep] nextFrameStepped result=0 time=24309 ms
[DBG] Buffering 81%
[DBG] Buffering 88%
[DBG] Buffering 90%
[DBG] Buffering 91%
[DBG] Buffering 95%
[DBG] Stream buffering done (1001 ms in 11 ms)
10:37:29.851 AM [player] buffering 1.0
[DBG] Decoder wait done in 0 ms
[ERR] ES_OUT_SET_(GROUP_)PCR  is called 21104 ms late (jitter of 21104 ms ignored)
[DBG] ES_OUT_RESET_PCR called
10:37:29.852 AM [player] buffering 0.0
10:37:29.852 AM [player] buffering 0.0
[DBG] Buffering 0%
[DBG] Buffering 4%
[DBG] Buffering 8%
[DBG] Buffering 23%
[DBG] Buffering 29%
[DBG] Buffering 33%
[DBG] Buffering 36%
[DBG] Buffering 41%
[DBG] Buffering 46%
[DBG] Buffering 50%
[DBG] Buffering 52%
[DBG] Buffering 55%
[DBG] Received first picture
10:37:29.860 AM [framestep] nextFrameStepped result=0 time=24309 ms
[DBG] Buffering 58%
[DBG] Buffering 71%
[DBG] Buffering 73%
[DBG] Buffering 80%
[DBG] Buffering 81%
[DBG] Buffering 83%
[DBG] Buffering 86%
[DBG] Buffering 91%
[DBG] Buffering 96%
[DBG] Stream buffering done (1001 ms in 19 ms)
10:37:29.871 AM [player] buffering 1.0
[DBG] Decoder wait done in 0 ms
[ERR] ES_OUT_SET_(GROUP_)PCR  is called 21124 ms late (jitter of 21109 ms ignored)
[DBG] ES_OUT_RESET_PCR called
10:37:29.871 AM [player] buffering 0.0
[DBG] Buffering 0%
10:37:29.872 AM [player] buffering 0.0
[DBG] Buffering 14%
[DBG] Buffering 21%
[DBG] Buffering 24%
[DBG] Buffering 25%
[DBG] Buffering 28%
[DBG] Buffering 33%
[DBG] Buffering 38%
[DBG] Received first picture
10:37:29.878 AM [framestep] nextFrameStepped result=0 time=24309 ms
[DBG] Buffering 41%
[DBG] Buffering 43%
[DBG] Buffering 46%
[DBG] Buffering 50%
[DBG] Buffering 65%
[DBG] Buffering 71%
[DBG] Buffering 75%
[DBG] Buffering 78%
[DBG] Buffering 83%
[DBG] Buffering 88%
[DBG] Buffering 91%
[DBG] Buffering 94%
[DBG] Buffering 96%
[DBG] Stream buffering done (1001 ms in 26 ms)
10:37:29.898 AM [player] buffering 1.0
[DBG] Decoder wait done in 0 ms
[ERR] ES_OUT_SET_(GROUP_)PCR  is called 21065 ms late (jitter of 21104 ms ignored)
[DBG] ES_OUT_RESET_PCR called
10:37:29.900 AM [player] buffering 0.0
[DBG] Buffering 0%
10:37:29.906 AM [player] buffering 0.0
[DBG] Buffering 6%
[DBG] Buffering 8%
[DBG] Buffering 10%
[DBG] Buffering 13%
[DBG] Buffering 18%
[DBG] Buffering 23%
[DBG] Buffering 26%
[DBG] Buffering 31%
[DBG] Buffering 35%
[DBG] Buffering 50%
[DBG] Buffering 56%
[DBG] Buffering 59%
[DBG] Buffering 60%
[DBG] Buffering 63%
[DBG] Buffering 68%
[DBG] Buffering 73%
[DBG] Buffering 76%
[DBG] Buffering 78%
[DBG] Buffering 81%
[DBG] Received first picture
10:37:29.916 AM [framestep] nextFrameStepped result=0 time=24309 ms
[DBG] Buffering 85%
10:37:29.918 AM [player] buffering 1.0
[DBG] Stream buffering done (1012 ms in 12 ms)
[DBG] Decoder wait done in 0 ms
[ERR] ES_OUT_SET_(GROUP_)PCR  is called 21157 ms late (jitter of 21124 ms ignored)
[DBG] ES_OUT_RESET_PCR called
10:37:29.920 AM [player] buffering 0.0
10:37:29.921 AM [player] buffering 0.0
[DBG] Buffering 0%
[DBG] Buffering 3%
[DBG] Buffering 8%
[DBG] Buffering 10%
[DBG] Buffering 13%
[DBG] Buffering 16%
[DBG] Buffering 19%
[DBG] Buffering 21%
[DBG] Buffering 25%
[DBG] Buffering 39%
[DBG] Buffering 40%
[DBG] Buffering 46%
[DBG] Buffering 48%
[DBG] Buffering 50%
[DBG] Buffering 53%
[DBG] Buffering 58%
[DBG] Buffering 63%
[DBG] Buffering 66%
[DBG] Buffering 71%
[DBG] Buffering 75%
[DBG] Received first picture
10:37:29.936 AM [framestep] nextFrameStepped result=0 time=24309 ms
[DBG] Buffering 90%
[DBG] Buffering 96%
[DBG] Buffering 99%
[DBG] Stream buffering done (1001 ms in 18 ms)
10:37:29.939 AM [player] buffering 1.0
[DBG] Decoder wait done in 0 ms
[ERR] ES_OUT_SET_(GROUP_)PCR  is called 21208 ms late (jitter of 21157 ms ignored)
[DBG] ES_OUT_RESET_PCR called
10:37:29.939 AM [player] buffering 0.0
10:37:29.940 AM [player] buffering 0.0
[DBG] Buffering 0%
[DBG] Buffering 5%
[DBG] Buffering 8%
[DBG] Buffering 10%
[DBG] Buffering 13%
[DBG] Buffering 16%
[DBG] Buffering 33%
[DBG] Buffering 38%
[DBG] Buffering 41%
[DBG] Buffering 45%
[DBG] Buffering 50%
[DBG] Buffering 52%
[DBG] Buffering 55%
[DBG] Buffering 58%
[DBG] Buffering 61%
[DBG] Buffering 63%
[DBG] Received first picture
10:37:29.952 AM [framestep] nextFrameStepped result=0 time=24309 ms
[DBG] Buffering 66%
[DBG] Buffering 81%
[DBG] Buffering 88%
[DBG] Buffering 90%
[DBG] Buffering 91%
[DBG] Buffering 95%
[DBG] Stream buffering done (1001 ms in 19 ms)
10:37:29.960 AM [player] buffering 1.0
[DBG] Decoder wait done in 0 ms
[ERR] ES_OUT_SET_(GROUP_)PCR  is called 21213 ms late (jitter of 21208 ms ignored)
[DBG] ES_OUT_RESET_PCR called
10:37:29.961 AM [player] buffering 0.0
10:37:29.961 AM [player] buffering 0.0
[DBG] Buffering 0%
[DBG] Buffering 5%
[DBG] Buffering 8%
[DBG] Buffering 23%
[DBG] Buffering 30%
[DBG] Buffering 33%
[DBG] Received first picture
10:37:29.970 AM [framestep] nextFrameStepped result=0 time=24309 ms
[DBG] Buffering 36%
[DBG] Buffering 41%
[DBG] Buffering 46%
[DBG] Buffering 50%
[DBG] Buffering 52%
[DBG] Buffering 55%
[DBG] Buffering 58%
[DBG] Buffering 75%
[DBG] Buffering 80%
[DBG] Buffering 83%
[DBG] Buffering 86%
[DBG] Buffering 91%
[DBG] Buffering 94%
[DBG] Buffering 96%
10:37:29.979 AM [player] buffering 1.0
[DBG] Stream buffering done (1001 ms in 17 ms)
[DBG] Decoder wait done in 0 ms
[ERR] ES_OUT_SET_(GROUP_)PCR  is called 21244 ms late (jitter of 21213 ms ignored)
[DBG] ES_OUT_RESET_PCR called
10:37:29.979 AM [player] buffering 0.0
[DBG] Buffering 0%
10:37:29.979 AM [player] buffering 0.0
[DBG] Buffering 3%
[DBG] Buffering 17%
[DBG] Buffering 18%
[DBG] Buffering 25%
[DBG] Buffering 27%
[DBG] Buffering 28%
[DBG] Buffering 31%
[DBG] Buffering 36%
[DBG] Buffering 41%
[DBG] Received first picture
10:37:29.987 AM [framestep] nextFrameStepped result=0 time=24309 ms
[DBG] Buffering 45%
[DBG] Buffering 50%
[DBG] Buffering 53%
[DBG] Buffering 69%
[DBG] Buffering 75%
[DBG] Buffering 78%
[DBG] Buffering 81%
[DBG] Buffering 86%
[DBG] Buffering 91%
[DBG] Buffering 95%
[DBG] Buffering 97%
[DBG] Stream buffering done (1001 ms in 18 ms)
10:37:29.998 AM [player] buffering 1.0
[DBG] Decoder wait done in 0 ms
[ERR] ES_OUT_SET_(GROUP_)PCR  is called 21268 ms late (jitter of 21244 ms ignored)
[DBG] ES_OUT_RESET_PCR called
10:37:29.998 AM [player] buffering 0.0
[DBG] Buffering 0%
10:37:30.000 AM [player] buffering 0.0
[DBG] Buffering 1%
[DBG] Buffering 8%
[DBG] Buffering 9%
[DBG] Buffering 11%
[DBG] Buffering 14%
[DBG] Buffering 19%
[DBG] Received first picture
10:37:30.003 AM [framestep] nextFrameStepped result=0 time=24309 ms
[DBG] Buffering 24%
[DBG] Buffering 28%
[DBG] Buffering 33%
[DBG] Buffering 36%
[DBG] Buffering 51%
[DBG] Buffering 57%
[DBG] Buffering 60%
[DBG] Buffering 61%
[DBG] Buffering 64%
[DBG] Buffering 69%
[DBG] Buffering 74%
[DBG] Buffering 78%
[DBG] Buffering 80%
[DBG] Buffering 83%
[DBG] Buffering 86%
10:37:30.014 AM [player] buffering 1.0
[DBG] Stream buffering done (1024 ms in 14 ms)
[DBG] Decoder wait done in 0 ms
[ERR] ES_OUT_SET_(GROUP_)PCR  is called 21239 ms late (jitter of 21244 ms ignored)
[DBG] ES_OUT_RESET_PCR called
10:37:30.017 AM [player] buffering 0.0
10:37:30.017 AM [player] buffering 0.0
[DBG] Buffering 0%
[DBG] Buffering 3%
[DBG] Buffering 8%
[DBG] Buffering 10%
[DBG] Buffering 13%
[DBG] Buffering 16%
[DBG] Buffering 19%
[DBG] Buffering 21%
[DBG] Buffering 25%
[DBG] Buffering 39%
[DBG] Buffering 40%
[DBG] Buffering 46%
[DBG] Buffering 48%
[DBG] Buffering 50%
[DBG] Received first picture
10:37:30.026 AM [framestep] nextFrameStepped result=0 time=24309 ms
[DBG] Buffering 53%
[DBG] Buffering 58%
[DBG] Buffering 63%
[DBG] Buffering 66%
[DBG] Buffering 71%
[DBG] Buffering 75%
[DBG] Buffering 90%
[DBG] Buffering 96%
[DBG] Buffering 99%
[DBG] Stream buffering done (1001 ms in 17 ms)
10:37:30.035 AM [player] buffering 1.0
[DBG] Decoder wait done in 0 ms
[ERR] ES_OUT_SET_(GROUP_)PCR  is called 21305 ms late (jitter of 21268 ms ignored)
[DBG] ES_OUT_RESET_PCR called
10:37:30.036 AM [player] buffering 0.0
[DBG] Buffering 0%
10:37:30.036 AM [player] buffering 0.0
[DBG] Buffering 5%
[DBG] Buffering 8%
[DBG] Buffering 10%
[DBG] Buffering 13%
[DBG] Buffering 16%
[DBG] Buffering 32%
[DBG] Buffering 38%
[DBG] Buffering 41%
[DBG] Buffering 45%
[DBG] Buffering 50%
[DBG] Buffering 52%
[DBG] Buffering 55%
[DBG] Buffering 58%
[DBG] Buffering 61%
[DBG] Buffering 63%
[DBG] Received first picture
10:37:30.048 AM [framestep] nextFrameStepped result=0 time=24309 ms
[DBG] Buffering 66%
[DBG] Buffering 80%
[DBG] Buffering 81%
[DBG] Buffering 88%
[DBG] Buffering 90%
[DBG] Buffering 91%
[DBG] Buffering 95%
10:37:30.053 AM [player] buffering 1.0
[DBG] Stream buffering done (1001 ms in 17 ms)
[DBG] Decoder wait done in 0 ms
[ERR] ES_OUT_SET_(GROUP_)PCR  is called 21306 ms late (jitter of 21305 ms ignored)
[DBG] ES_OUT_RESET_PCR called
10:37:30.053 AM [player] buffering 0.0
10:37:30.054 AM [player] buffering 0.0
[DBG] Buffering 0%
[DBG] Buffering 4%
[DBG] Buffering 8%
[DBG] Buffering 23%
[DBG] Buffering 29%
[DBG] Buffering 33%
[DBG] Received first picture
10:37:30.061 AM [framestep] nextFrameStepped result=0 time=24309 ms
[DBG] Buffering 36%
[DBG] Buffering 41%
[DBG] Buffering 46%
[DBG] Buffering 50%
[DBG] Buffering 52%
[DBG] Buffering 55%
[DBG] Buffering 58%
[DBG] Buffering 74%
[DBG] Buffering 80%
[DBG] Buffering 83%
[DBG] Buffering 86%
[DBG] Buffering 91%
[DBG] Buffering 94%
[DBG] Buffering 96%
10:37:30.071 AM [player] buffering 1.0
[DBG] Stream buffering done (1001 ms in 16 ms)
[DBG] Decoder wait done in 0 ms
[ERR] ES_OUT_SET_(GROUP_)PCR  is called 21338 ms late (jitter of 21306 ms ignored)
[DBG] ES_OUT_RESET_PCR called
10:37:30.071 AM [player] buffering 0.0
[DBG] Buffering 0%
10:37:30.071 AM [player] buffering 0.0
[DBG] Buffering 3%
[DBG] Buffering 17%
[DBG] Buffering 18%
[DBG] Buffering 25%
[DBG] Buffering 27%
[DBG] Buffering 28%
[DBG] Buffering 31%
[DBG] Buffering 36%
[DBG] Buffering 41%
[DBG] Received first picture
10:37:30.078 AM [framestep] nextFrameStepped result=0 time=24309 ms
[DBG] Buffering 45%
[DBG] Buffering 50%
[DBG] Buffering 53%
[DBG] Buffering 69%
[DBG] Buffering 75%
[DBG] Buffering 78%
[DBG] Buffering 81%
[DBG] Buffering 86%
[DBG] Buffering 91%
[DBG] Buffering 95%
[DBG] Buffering 97%
[DBG] Stream buffering done (1001 ms in 15 ms)
10:37:30.087 AM [player] buffering 1.0
[DBG] Decoder wait done in 0 ms
[ERR] ES_OUT_SET_(GROUP_)PCR  is called 21356 ms late (jitter of 21338 ms ignored)
[DBG] ES_OUT_RESET_PCR called
10:37:30.087 AM [player] buffering 0.0
10:37:30.089 AM [player] buffering 0.0
[DBG] Buffering 0%
[DBG] Buffering 1%
[DBG] Buffering 8%
[DBG] Buffering 9%
[DBG] Buffering 11%
[DBG] Buffering 14%
[DBG] Buffering 19%
[DBG] Buffering 24%
[DBG] Buffering 28%
[DBG] Received first picture
[DBG] Buffering 33%
10:37:30.093 AM [framestep] nextFrameStepped result=0 time=24309 ms
[DBG] Buffering 36%
[DBG] Buffering 51%
[DBG] Buffering 58%
[DBG] Buffering 60%
[DBG] Buffering 61%
[DBG] Buffering 64%
[DBG] Buffering 69%
[DBG] Buffering 74%
[DBG] Buffering 78%
[DBG] Buffering 80%
[DBG] Buffering 83%
[DBG] Buffering 86%
10:37:30.102 AM [player] buffering 1.0
[DBG] Stream buffering done (1024 ms in 13 ms)
[DBG] Decoder wait done in 0 ms
[ERR] ES_OUT_SET_(GROUP_)PCR  is called 21325 ms late (jitter of 21338 ms ignored)
[DBG] ES_OUT_RESET_PCR called
10:37:30.103 AM [player] buffering 0.0
10:37:30.103 AM [player] buffering 0.0
[DBG] Buffering 0%
[DBG] Buffering 3%
[DBG] Buffering 8%
[DBG] Buffering 13%
[DBG] Buffering 16%
[DBG] Buffering 19%
[DBG] Buffering 21%
[DBG] Buffering 25%
[DBG] Buffering 38%
[DBG] Buffering 40%
[DBG] Buffering 46%
[DBG] Buffering 48%
[DBG] Buffering 50%
[DBG] Buffering 53%
[DBG] Buffering 57%
[DBG] Buffering 58%
[DBG] Buffering 63%
[DBG] Buffering 66%
[DBG] Buffering 71%
[DBG] Received first picture
10:37:30.111 AM [framestep] nextFrameStepped result=0 time=24309 ms
[DBG] Buffering 75%
[DBG] Buffering 90%
[DBG] Buffering 96%
[DBG] Buffering 99%
[DBG] Stream buffering done (1001 ms in 16 ms)
10:37:30.119 AM [player] buffering 1.0
[DBG] Decoder wait done in 0 ms
[ERR] ES_OUT_SET_(GROUP_)PCR  is called 21389 ms late (jitter of 21356 ms ignored)
[DBG] ES_OUT_RESET_PCR called
10:37:30.119 AM [player] buffering 0.0
10:37:30.120 AM [player] buffering 0.0
[DBG] Buffering 0%
[DBG] Buffering 5%
[DBG] Buffering 8%
[DBG] Buffering 10%
[DBG] Buffering 13%
[DBG] Buffering 16%
[DBG] Buffering 32%
[DBG] Buffering 38%
[DBG] Buffering 41%
[DBG] Buffering 45%
[DBG] Received first picture
10:37:30.128 AM [framestep] nextFrameStepped result=0 time=24309 ms
[DBG] Buffering 50%
[DBG] Buffering 52%
[DBG] Buffering 55%
[DBG] Buffering 58%
[DBG] Buffering 61%
[DBG] Buffering 63%
[DBG] Buffering 66%
[DBG] Buffering 80%
[DBG] Buffering 81%
[DBG] Buffering 88%
[DBG] Buffering 90%
[DBG] Buffering 91%
[DBG] Buffering 95%
[DBG] Stream buffering done (1000 ms in 19 ms)
10:37:30.140 AM [player] buffering 1.0
[DBG] Decoder wait done in 0 ms
[ERR] ES_OUT_SET_(GROUP_)PCR  is called 21443 ms late (jitter of 21389 ms ignored)
[DBG] ES_OUT_RESET_PCR called
10:37:30.140 AM [player] buffering 0.0
[DBG] Buffering 0%
10:37:30.141 AM [player] buffering 0.0
[DBG] Buffering 3%
[DBG] Buffering 8%
[DBG] Buffering 11%
[DBG] Buffering 26%
[DBG] Buffering 33%
[DBG] Buffering 36%
[DBG] Buffering 40%
[DBG] Buffering 45%
[DBG] Received first picture
10:37:30.148 AM [framestep] nextFrameStepped result=0 time=24309 ms
[DBG] Buffering 50%
[DBG] Buffering 53%
[DBG] Buffering 55%
[DBG] Buffering 58%
[DBG] Buffering 61%
[DBG] Buffering 78%
[DBG] Buffering 83%
[DBG] Buffering 86%
[DBG] Buffering 90%
[DBG] Buffering 95%
[DBG] Buffering 97%
[DBG] Stream buffering done (1001 ms in 16 ms)
10:37:30.157 AM [player] buffering 1.0
[DBG] Decoder wait done in 0 ms
[ERR] ES_OUT_SET_(GROUP_)PCR  is called 21427 ms late (jitter of 21427 ms ignored)
[DBG] ES_OUT_RESET_PCR called
10:37:30.158 AM [player] buffering 0.0
[DBG] Buffering 0%
10:37:30.158 AM [player] buffering 0.0
[DBG] Buffering 1%
[DBG] Buffering 4%
[DBG] Buffering 19%
[DBG] Buffering 26%
[DBG] Buffering 28%
[DBG] Buffering 29%
[DBG] Buffering 33%
[DBG] Buffering 38%
[DBG] Received first picture
10:37:30.165 AM [framestep] nextFrameStepped result=0 time=24309 ms
[DBG] Buffering 43%
[DBG] Buffering 46%
[DBG] Buffering 51%
[DBG] Buffering 55%
[DBG] Buffering 70%
[DBG] Buffering 76%
[DBG] Buffering 80%
[DBG] Buffering 83%
[DBG] Buffering 88%
[DBG] Buffering 93%
[DBG] Buffering 96%
[DBG] Buffering 99%
[DBG] Stream buffering done (1017 ms in 23 ms)
10:37:30.182 AM [player] buffering 1.0
[DBG] Decoder wait done in 0 ms
[ERR] ES_OUT_SET_(GROUP_)PCR  is called 21436 ms late (jitter of 21436 ms ignored)
[DBG] ES_OUT_RESET_PCR called
10:37:30.182 AM [player] buffering 0.0
10:37:30.186 AM [player] buffering 0.0
[DBG] Buffering 0%
[DBG] Buffering 5%
[DBG] Buffering 8%
[DBG] Buffering 11%
[DBG] Buffering 16%
[DBG] Buffering 19%
[DBG] Buffering 21%
[DBG] Buffering 25%
[DBG] Buffering 28%
[DBG] Buffering 30%
[DBG] Buffering 33%
[DBG] Received first picture
10:37:30.190 AM [framestep] nextFrameStepped result=0 time=24309 ms
[DBG] Buffering 48%
[DBG] Buffering 55%
[DBG] Buffering 57%
[DBG] Buffering 58%
[DBG] Buffering 61%
[DBG] Buffering 66%
[DBG] Buffering 71%
[DBG] Buffering 75%
[DBG] Buffering 80%
[DBG] Buffering 83%
[DBG] Buffering 99%
[DBG] Stream buffering done (1052 ms in 16 ms)
10:37:30.202 AM [player] buffering 1.0
[DBG] Decoder wait done in 0 ms
[ERR] ES_OUT_SET_(GROUP_)PCR  is called 21421 ms late (jitter of 21427 ms ignored)
[DBG] ES_OUT_RESET_PCR called
10:37:30.202 AM [player] buffering 0.0
[DBG] Buffering 0%
10:37:30.203 AM [player] buffering 0.0
[DBG] Buffering 5%
[DBG] Buffering 10%
[DBG] Buffering 13%
[DBG] Buffering 16%
[DBG] Buffering 18%
[DBG] Buffering 21%
[DBG] Buffering 35%
[DBG] Buffering 36%
[DBG] Buffering 43%
[DBG] Buffering 44%
[DBG] Buffering 46%
[DBG] Buffering 50%
[DBG] Buffering 54%
[DBG] Buffering 55%
[DBG] Buffering 60%
[DBG] Received first picture
10:37:30.216 AM [framestep] nextFrameStepped result=0 time=24309 ms
[DBG] Buffering 63%
[DBG] Buffering 68%
[DBG] Buffering 71%
[DBG] Buffering 86%
[DBG] Buffering 93%
[DBG] Buffering 96%
[DBG] Stream buffering done (1001 ms in 22 ms)
10:37:30.225 AM [player] buffering 1.0
[DBG] Decoder wait done in 0 ms
[ERR] ES_OUT_SET_(GROUP_)PCR  is called 21478 ms late (jitter of 21436 ms ignored)
[DBG] ES_OUT_RESET_PCR called
10:37:30.226 AM [player] buffering 0.0
[DBG] Buffering 0%
10:37:30.227 AM [player] buffering 0.0
[DBG] Buffering 3%
[DBG] Buffering 5%
[DBG] Buffering 8%
[DBG] Buffering 11%
[DBG] Buffering 27%
[DBG] Buffering 33%
[DBG] Buffering 36%
[DBG] Buffering 40%
[DBG] Buffering 45%
[DBG] Buffering 46%
[DBG] Buffering 50%
[DBG] Received first picture
10:37:30.239 AM [framestep] nextFrameStepped result=0 time=24309 ms
[DBG] Buffering 53%
[DBG] Buffering 56%
[DBG] Buffering 58%
[DBG] Buffering 61%
[DBG] Buffering 75%
[DBG] Buffering 76%
[DBG] Buffering 83%
[DBG] Buffering 85%
[DBG] Buffering 86%
[DBG] Buffering 90%
[DBG] Buffering 94%
[DBG] Buffering 95%
10:37:30.249 AM [player] buffering 1.0
[DBG] Stream buffering done (1001 ms in 22 ms)
[DBG] Decoder wait done in 0 ms
[ERR] ES_OUT_SET_(GROUP_)PCR  is called 21519 ms late (jitter of 21478 ms ignored)
[DBG] ES_OUT_RESET_PCR called
10:37:30.250 AM [player] buffering 0.0
10:37:30.251 AM [player] buffering 0.0
[DBG] Buffering 0%
[DBG] Buffering 3%
[DBG] Buffering 18%
[DBG] Buffering 25%
[DBG] Buffering 28%
[DBG] Buffering 31%
[DBG] Buffering 36%
[DBG] Received first picture
10:37:30.258 AM [framestep] nextFrameStepped result=0 time=24309 ms
[DBG] Buffering 41%
[DBG] Buffering 45%
[DBG] Buffering 47%
[DBG] Buffering 50%
[DBG] Buffering 53%
[DBG] Buffering 69%
[DBG] Buffering 75%
[DBG] Buffering 78%
[DBG] Buffering 81%
[DBG] Buffering 86%
[DBG] Buffering 88%
[DBG] Buffering 91%
[DBG] Buffering 95%
[DBG] Buffering 98%
10:37:30.269 AM [player] buffering 1.0
[DBG] Stream buffering done (1001 ms in 17 ms)
[DBG] Decoder wait done in 0 ms
[ERR] ES_OUT_SET_(GROUP_)PCR  is called 21538 ms late (jitter of 21519 ms ignored)
[DBG] ES_OUT_RESET_PCR called
10:37:30.269 AM [player] buffering 0.0
10:37:30.271 AM [player] buffering 0.0
[DBG] Buffering 0%
[DBG] Buffering 7%
[DBG] Buffering 9%
[DBG] Buffering 10%
[DBG] Received first picture
[DBG] Buffering 14%
10:37:30.279 AM [framestep] nextFrameStepped result=0 time=24309 ms
[DBG] Buffering 19%
[DBG] Buffering 24%
[DBG] Buffering 27%
[DBG] Buffering 32%
[DBG] Buffering 35%
[DBG] Buffering 51%
[DBG] Buffering 57%
[DBG] Buffering 60%
[DBG] Buffering 64%
[DBG] Buffering 69%
[DBG] Buffering 74%
[DBG] Buffering 77%
[DBG] Buffering 80%
[DBG] Buffering 82%
[DBG] Buffering 86%
10:37:30.299 AM [player] buffering 1.0
[DBG] Stream buffering done (1024 ms in 27 ms)
[DBG] Decoder wait done in 0 ms
[ERR] ES_OUT_SET_(GROUP_)PCR  is called 21528 ms late (jitter of 21528 ms ignored)
[DBG] ES_OUT_RESET_PCR called
10:37:30.300 AM [player] buffering 0.0
10:37:30.300 AM [player] buffering 0.0
[DBG] Buffering 0%
[DBG] Buffering 3%
[DBG] Buffering 8%
[DBG] Buffering 10%
[DBG] Buffering 13%
[DBG] Buffering 16%
[DBG] Buffering 20%
[DBG] Buffering 21%
[DBG] Buffering 25%
[DBG] Buffering 39%
[DBG] Buffering 40%
[DBG] Buffering 46%
[DBG] Buffering 49%
[DBG] Buffering 50%
[DBG] Buffering 53%
[DBG] Buffering 58%
[DBG] Buffering 63%
[DBG] Buffering 66%
[DBG] Buffering 71%
[DBG] Buffering 75%
[DBG] Received first picture
10:37:30.307 AM [framestep] nextFrameStepped result=0 time=24309 ms
[DBG] Buffering 90%
[DBG] Buffering 96%
10:37:30.313 AM [player] buffering 1.0
[DBG] Stream buffering done (1001 ms in 12 ms)
[DBG] Decoder wait done in 0 ms
[ERR] ES_OUT_SET_(GROUP_)PCR  is called 21583 ms late (jitter of 21538 ms ignored)
[DBG] ES_OUT_RESET_PCR called
10:37:30.313 AM [player] buffering 0.0
10:37:30.314 AM [player] buffering 0.0
[DBG] Buffering 0%
[DBG] Buffering 5%
[DBG] Buffering 8%
[DBG] Buffering 11%
[DBG] Buffering 13%
[DBG] Buffering 16%
[DBG] Buffering 30%
[DBG] Buffering 31%
[DBG] Buffering 38%
[DBG] Buffering 39%
[DBG] Buffering 41%
[DBG] Buffering 45%
[DBG] Buffering 49%
[DBG] Buffering 50%
[DBG] Received first picture
10:37:30.325 AM [framestep] nextFrameStepped result=0 time=24309 ms
[DBG] Buffering 55%
[DBG] Buffering 58%
[DBG] Buffering 63%
[DBG] Buffering 66%
[DBG] Buffering 81%
[DBG] Buffering 88%
[DBG] Buffering 91%
[DBG] Buffering 95%
10:37:30.341 AM [player] buffering 1.0
[DBG] Stream buffering done (1001 ms in 27 ms)
[DBG] Decoder wait done in 0 ms
[ERR] ES_OUT_SET_(GROUP_)PCR  is called 21594 ms late (jitter of 21583 ms ignored)
[DBG] ES_OUT_RESET_PCR called
10:37:30.341 AM [player] buffering 0.0
[DBG] Buffering 0%
10:37:30.354 AM [player] buffering 0.0
[DBG] Buffering 5%
[DBG] Buffering 8%
[DBG] Buffering 24%
[DBG] Buffering 30%
[DBG] Buffering 33%
[DBG] Buffering 36%
[DBG] Buffering 41%
[DBG] Buffering 46%
[DBG] Buffering 50%
[DBG] Received first picture
[DBG] Buffering 52%
10:37:30.362 AM [framestep] nextFrameStepped result=0 time=24309 ms
[DBG] Buffering 55%
[DBG] Buffering 58%
[DBG] Buffering 72%
[DBG] Buffering 73%
[DBG] Buffering 80%
[DBG] Buffering 81%
[DBG] Buffering 83%
[DBG] Buffering 86%
[DBG] Buffering 91%
[DBG] Buffering 96%
[DBG] Stream buffering done (1001 ms in 17 ms)
10:37:30.371 AM [player] buffering 1.0
[DBG] Decoder wait done in 0 ms
[ERR] ES_OUT_SET_(GROUP_)PCR  is called 21623 ms late (jitter of 21594 ms ignored)
[DBG] ES_OUT_RESET_PCR called
10:37:30.371 AM [player] buffering 0.0
10:37:30.374 AM [player] buffering 0.0
[DBG] Buffering 0%
[DBG] Buffering 14%
[DBG] Buffering 15%
[DBG] Buffering 21%
[DBG] Buffering 24%
[DBG] Buffering 25%
[DBG] Buffering 28%
[DBG] Buffering 33%
[DBG] Buffering 38%
[DBG] Buffering 41%
[DBG] Received first picture
10:37:30.381 AM [framestep] nextFrameStepped result=0 time=24309 ms
[DBG] Buffering 43%
[DBG] Buffering 46%
[DBG] Buffering 50%
[DBG] Buffering 66%
[DBG] Buffering 71%
[DBG] Buffering 75%
[DBG] Buffering 78%
[DBG] Buffering 83%
[DBG] Buffering 85%
[DBG] Buffering 88%
[DBG] Buffering 91%
[DBG] Buffering 94%
[DBG] Buffering 96%
[DBG] Stream buffering done (1001 ms in 15 ms)
10:37:30.389 AM [player] buffering 1.0
[DBG] Decoder wait done in 0 ms
[ERR] ES_OUT_SET_(GROUP_)PCR  is called 21555 ms late (jitter of 21594 ms ignored)
[DBG] ES_OUT_RESET_PCR called
10:37:30.392 AM [player] buffering 0.0
[DBG] Buffering 0%
10:37:30.393 AM [player] buffering 0.0
[DBG] Buffering 6%
[DBG] Buffering 8%
[DBG] Buffering 9%
[DBG] Buffering 13%
[DBG] Buffering 18%
[DBG] Buffering 23%
[DBG] Buffering 26%
[DBG] Buffering 31%
[DBG] Buffering 35%
[DBG] Buffering 50%
[DBG] Buffering 56%
[DBG] Buffering 59%
[DBG] Buffering 60%
[DBG] Buffering 63%
[DBG] Buffering 68%
[DBG] Buffering 73%
[DBG] Received first picture
[DBG] Buffering 76%
10:37:30.406 AM [framestep] nextFrameStepped result=0 time=24309 ms
[DBG] Buffering 78%
[DBG] Buffering 81%
[DBG] Buffering 85%
10:37:30.412 AM [player] buffering 1.0
[DBG] Stream buffering done (1013 ms in 19 ms)
[DBG] Decoder wait done in 0 ms
[ERR] ES_OUT_SET_(GROUP_)PCR  is called 21654 ms late (jitter of 21623 ms ignored)
[DBG] ES_OUT_RESET_PCR called
10:37:30.418 AM [player] buffering 0.0
[DBG] Buffering 0%
10:37:30.418 AM [player] buffering 0.0
[DBG] Buffering 3%
[DBG] Buffering 8%
[DBG] Buffering 10%
[DBG] Buffering 13%
[DBG] Buffering 16%
[DBG] Buffering 20%
[DBG] Buffering 21%
[DBG] Buffering 25%
[DBG] Buffering 39%
[DBG] Buffering 40%
[DBG] Buffering 46%
[DBG] Buffering 48%
[DBG] Buffering 50%
[DBG] Buffering 53%
[DBG] Buffering 58%
[DBG] Buffering 63%
[DBG] Received first picture
10:37:30.435 AM [framestep] nextFrameStepped result=0 time=24309 ms
[DBG] Buffering 66%
[DBG] Buffering 71%
[DBG] Buffering 75%
[DBG] Buffering 90%
[DBG] Buffering 96%
10:37:30.447 AM [player] buffering 1.0
[DBG] Stream buffering done (1001 ms in 28 ms)
[DBG] Decoder wait done in 0 ms
[ERR] ES_OUT_SET_(GROUP_)PCR  is called 21717 ms late (jitter of 21654 ms ignored)
[DBG] ES_OUT_RESET_PCR called
10:37:30.447 AM [player] buffering 0.0
[DBG] Buffering 0%
10:37:30.447 AM [player] buffering 0.0
[DBG] Buffering 5%
[DBG] Buffering 8%
[DBG] Buffering 10%
[DBG] Buffering 13%
[DBG] Buffering 16%
[DBG] Buffering 33%
[DBG] Buffering 38%
[DBG] Buffering 41%
[DBG] Buffering 45%
[DBG] Buffering 50%
[DBG] Buffering 52%
[DBG] Buffering 55%
[DBG] Received first picture
10:37:30.457 AM [framestep] nextFrameStepped result=0 time=24309 ms
[DBG] Buffering 58%
[DBG] Buffering 62%
[DBG] Buffering 63%
[DBG] Buffering 66%
[DBG] Buffering 81%
[DBG] Buffering 88%
[DBG] Buffering 90%
[DBG] Buffering 91%
[DBG] Buffering 95%
10:37:30.463 AM [player] buffering 1.0
[DBG] Stream buffering done (1001 ms in 15 ms)
[DBG] Decoder wait done in 0 ms
[ERR] ES_OUT_SET_(GROUP_)PCR  is called 21716 ms late (jitter of 21716 ms ignored)
[DBG] ES_OUT_RESET_PCR called
10:37:30.464 AM [player] buffering 0.0
10:37:30.466 AM [player] buffering 0.0
[DBG] Buffering 0%
[DBG] Buffering 4%
[DBG] Buffering 8%
[DBG] Buffering 23%
[DBG] Buffering 29%
[DBG] Buffering 33%
[DBG] Received first picture
10:37:30.487 AM [framestep] nextFrameStepped result=0 time=24309 ms
[DBG] Buffering 36%
[DBG] Buffering 41%
[DBG] Buffering 46%
[DBG] Buffering 50%
[DBG] Buffering 52%
[DBG] Buffering 55%
[DBG] Buffering 58%
[DBG] Buffering 71%
[DBG] Buffering 73%
[DBG] Buffering 80%
[DBG] Buffering 81%
[DBG] Buffering 83%
[DBG] Buffering 86%
[DBG] Buffering 91%
[DBG] Buffering 96%
10:37:30.502 AM [player] buffering 1.0
[DBG] Stream buffering done (1001 ms in 36 ms)
[DBG] Decoder wait done in 0 ms
[ERR] ES_OUT_SET_(GROUP_)PCR  is called 21757 ms late (jitter of 21717 ms ignored)
[DBG] ES_OUT_RESET_PCR called
10:37:30.504 AM [player] buffering 0.0
[DBG] Buffering 0%
10:37:30.504 AM [player] buffering 0.0
[DBG] Buffering 14%
[DBG] Buffering 21%
[DBG] Buffering 24%
[DBG] Buffering 25%
[DBG] Buffering 28%
[DBG] Buffering 33%
[DBG] Received first picture
10:37:30.510 AM [framestep] nextFrameStepped result=0 time=24309 ms
[DBG] Buffering 38%
[DBG] Buffering 41%
[DBG] Buffering 43%
[DBG] Buffering 46%
[DBG] Buffering 50%
[DBG] Buffering 65%
[DBG] Buffering 71%
[DBG] Buffering 75%
[DBG] Buffering 78%
[DBG] Buffering 83%
[DBG] Buffering 88%
[DBG] Buffering 91%
[DBG] Buffering 94%
[DBG] Buffering 96%
[DBG] Stream buffering done (1001 ms in 21 ms)
10:37:30.526 AM [player] buffering 1.0
[DBG] Decoder wait done in 0 ms
[ERR] ES_OUT_SET_(GROUP_)PCR  is called 21694 ms late (jitter of 21716 ms ignored)
[DBG] ES_OUT_RESET_PCR called
10:37:30.529 AM [player] buffering 0.0
[DBG] Buffering 0%
10:37:30.531 AM [player] buffering 0.0
[DBG] Buffering 6%
[DBG] Buffering 8%
[DBG] Buffering 10%
[DBG] Buffering 13%
[DBG] Buffering 18%
[DBG] Buffering 23%
[DBG] Buffering 26%
[DBG] Buffering 31%
[DBG] Buffering 35%
[DBG] Buffering 50%
[DBG] Buffering 56%
[DBG] Buffering 59%
[DBG] Buffering 60%
[DBG] Received first picture
10:37:30.540 AM [framestep] nextFrameStepped result=0 time=24309 ms
[DBG] Buffering 63%
[DBG] Buffering 68%
[DBG] Buffering 73%
[DBG] Buffering 76%
[DBG] Buffering 78%
[DBG] Buffering 81%
[DBG] Buffering 85%
10:37:30.551 AM [player] buffering 1.0
[DBG] Stream buffering done (1012 ms in 19 ms)
[DBG] Decoder wait done in 0 ms
[ERR] ES_OUT_SET_(GROUP_)PCR  is called 21788 ms late (jitter of 21757 ms ignored)
[DBG] ES_OUT_RESET_PCR called
10:37:30.552 AM [player] buffering 0.0
[DBG] Buffering 0%
10:37:30.552 AM [player] buffering 0.0
[DBG] Buffering 3%
[DBG] Buffering 8%
[DBG] Buffering 10%
[DBG] Buffering 13%
[DBG] Buffering 16%
[DBG] Buffering 19%
[DBG] Buffering 21%
[DBG] Buffering 25%
[DBG] Buffering 39%
[DBG] Buffering 40%
[DBG] Buffering 46%
[DBG] Buffering 48%
[DBG] Buffering 50%
[DBG] Buffering 53%
[DBG] Buffering 58%
[DBG] Received first picture
10:37:30.561 AM [framestep] nextFrameStepped result=0 time=24309 ms
[DBG] Buffering 63%
[DBG] Buffering 66%
[DBG] Buffering 71%
[DBG] Buffering 75%
[DBG] Buffering 90%
[DBG] Buffering 96%
[DBG] Buffering 99%
[DBG] Stream buffering done (1001 ms in 22 ms)
[DBG] Decoder wait done in 0 ms
10:37:30.574 AM [player] buffering 1.0
[ERR] ES_OUT_SET_(GROUP_)PCR  is called 21844 ms late (jitter of 21788 ms ignored)
[DBG] ES_OUT_RESET_PCR called
10:37:30.575 AM [player] buffering 0.0
[DBG] Buffering 0%
10:37:30.575 AM [player] buffering 0.0
[DBG] Buffering 5%
[DBG] Buffering 8%
[DBG] Buffering 10%
[DBG] Buffering 13%
[DBG] Buffering 16%
[DBG] Buffering 33%
[DBG] Buffering 38%
[DBG] Buffering 41%
[DBG] Received first picture
10:37:30.584 AM [framestep] nextFrameStepped result=0 time=24309 ms
[DBG] Buffering 45%
[DBG] Buffering 50%
[DBG] Buffering 52%
[DBG] Buffering 55%
[DBG] Buffering 58%
[DBG] Buffering 61%
[DBG] Buffering 63%
[DBG] Buffering 66%
[DBG] Buffering 81%
[DBG] Buffering 88%
[DBG] Buffering 90%
[DBG] Buffering 91%
[DBG] Buffering 95%
[DBG] Stream buffering done (1001 ms in 18 ms)
[DBG] Decoder wait done in 0 ms
10:37:30.594 AM [player] buffering 1.0
[ERR] ES_OUT_SET_(GROUP_)PCR  is called 21847 ms late (jitter of 21844 ms ignored)
[DBG] ES_OUT_RESET_PCR called
10:37:30.594 AM [player] buffering 0.0
10:37:30.596 AM [player] buffering 0.0
[DBG] Buffering 0%
[DBG] Buffering 5%
[DBG] Buffering 8%
[DBG] Buffering 23%
[DBG] Buffering 30%
[DBG] Buffering 33%
[DBG] Buffering 36%
[DBG] Buffering 41%
[DBG] Received first picture
10:37:30.604 AM [framestep] nextFrameStepped result=0 time=24309 ms
[DBG] Buffering 46%
[DBG] Buffering 50%
[DBG] Buffering 52%
[DBG] Buffering 55%
[DBG] Buffering 58%
[DBG] Buffering 75%
[DBG] Buffering 80%
[DBG] Buffering 83%
[DBG] Buffering 86%
[DBG] Buffering 91%
[DBG] Buffering 94%
[DBG] Buffering 96%
[DBG] Stream buffering done (1001 ms in 20 ms)
10:37:30.617 AM [player] buffering 1.0
[DBG] Decoder wait done in 0 ms
[ERR] ES_OUT_SET_(GROUP_)PCR  is called 21882 ms late (jitter of 21847 ms ignored)
[DBG] ES_OUT_RESET_PCR called
10:37:30.617 AM [player] buffering 0.0
[DBG] Buffering 0%
10:37:30.617 AM [player] buffering 0.0
[DBG] Buffering 3%
[DBG] Buffering 17%
[DBG] Buffering 18%
[DBG] Buffering 25%
[DBG] Buffering 27%
[DBG] Buffering 28%
[DBG] Received first picture
10:37:30.625 AM [framestep] nextFrameStepped result=0 time=24309 ms
[DBG] Buffering 31%
[DBG] Buffering 36%
[DBG] Buffering 41%
[DBG] Buffering 45%
[DBG] Buffering 50%
[DBG] Buffering 53%
[DBG] Buffering 69%
[DBG] Buffering 75%
[DBG] Buffering 78%
[DBG] Buffering 81%
[DBG] Buffering 86%
[DBG] Buffering 91%
[DBG] Buffering 95%
[DBG] Buffering 97%
[DBG] Stream buffering done (1001 ms in 25 ms)
10:37:30.643 AM [player] buffering 1.0
[DBG] Decoder wait done in 0 ms
[ERR] ES_OUT_SET_(GROUP_)PCR  is called 21914 ms late (jitter of 21882 ms ignored)
[DBG] ES_OUT_RESET_PCR called
10:37:30.645 AM [player] buffering 0.0
[DBG] Buffering 0%
10:37:30.646 AM [player] buffering 0.0
[DBG] Buffering 1%
[DBG] Buffering 8%
[DBG] Buffering 9%
[DBG] Buffering 11%
[DBG] Buffering 14%
[DBG] Received first picture
10:37:30.650 AM [framestep] nextFrameStepped result=0 time=24309 ms
[DBG] Buffering 19%
[DBG] Buffering 24%
[DBG] Buffering 28%
[DBG] Buffering 33%
[DBG] Buffering 36%
[DBG] Buffering 51%
[DBG] Buffering 57%
[DBG] Buffering 60%
[DBG] Buffering 61%
[DBG] Buffering 64%
[DBG] Buffering 69%
[DBG] Buffering 74%
[DBG] Buffering 78%
[DBG] Buffering 80%
[DBG] Buffering 83%
[DBG] Buffering 86%
10:37:30.668 AM [player] buffering 1.0
[DBG] Stream buffering done (1024 ms in 21 ms)
[DBG] Decoder wait done in 0 ms
[ERR] ES_OUT_SET_(GROUP_)PCR  is called 21891 ms late (jitter of 21891 ms ignored)
[DBG] ES_OUT_RESET_PCR called
10:37:30.669 AM [player] buffering 0.0
10:37:30.669 AM [player] buffering 0.0
[DBG] Buffering 0%
[DBG] Buffering 3%
[DBG] Buffering 8%
[DBG] Buffering 10%
[DBG] Buffering 13%
[DBG] Buffering 16%
[DBG] Buffering 19%
[DBG] Buffering 21%
[DBG] Buffering 25%
[DBG] Buffering 39%
[DBG] Buffering 40%
[DBG] Buffering 46%
[DBG] Buffering 48%
[DBG] Buffering 50%
[DBG] Received first picture
10:37:30.691 AM [framestep] nextFrameStepped result=0 time=24309 ms
[DBG] Buffering 53%
[DBG] Buffering 58%
[DBG] Buffering 63%
[DBG] Buffering 66%
[DBG] Buffering 71%
[DBG] Buffering 75%
[DBG] Buffering 90%
[DBG] Buffering 96%
[DBG] Buffering 99%
[DBG] Stream buffering done (1001 ms in 35 ms)
10:37:30.704 AM [player] buffering 1.0
[DBG] Decoder wait done in 0 ms
[ERR] ES_OUT_SET_(GROUP_)PCR  is called 21974 ms late (jitter of 21914 ms ignored)
[DBG] ES_OUT_RESET_PCR called
10:37:30.705 AM [player] buffering 0.0
[DBG] Buffering 0%
10:37:30.705 AM [player] buffering 0.0
[DBG] Buffering 5%
[DBG] Buffering 8%
[DBG] Buffering 10%
[DBG] Buffering 13%
[DBG] Buffering 16%
[DBG] Buffering 32%
[DBG] Buffering 38%
[DBG] Buffering 41%
[DBG] Buffering 45%
[DBG] Received first picture
10:37:30.718 AM [framestep] nextFrameStepped result=0 time=24309 ms
[DBG] Buffering 50%
[DBG] Buffering 52%
[DBG] Buffering 55%
[DBG] Buffering 58%
[DBG] Buffering 61%
[DBG] Buffering 63%
[DBG] Buffering 66%
[DBG] Buffering 80%
[DBG] Buffering 81%
[DBG] Buffering 88%
[DBG] Buffering 90%
[DBG] Buffering 91%
[DBG] Buffering 95%
[DBG] Stream buffering done (1001 ms in 29 ms)
10:37:30.734 AM [player] buffering 1.0
[DBG] Decoder wait done in 0 ms
[ERR] ES_OUT_SET_(GROUP_)PCR  is called 21988 ms late (jitter of 21974 ms ignored)
[DBG] ES_OUT_RESET_PCR called
10:37:30.736 AM [player] buffering 0.0
10:37:30.737 AM [player] buffering 0.0
[DBG] Buffering 0%
[DBG] Buffering 4%
[DBG] Buffering 8%
[DBG] Buffering 23%
[DBG] Buffering 29%
[DBG] Buffering 33%
[DBG] Received first picture
10:37:30.745 AM [framestep] nextFrameStepped result=0 time=24309 ms
[DBG] Buffering 36%
[DBG] Buffering 41%
[DBG] Buffering 46%
[DBG] Buffering 50%
[DBG] Buffering 52%
[DBG] Buffering 55%
[DBG] Buffering 58%
[DBG] Buffering 74%
[DBG] Buffering 80%
[DBG] Buffering 83%
[DBG] Buffering 86%
[DBG] Buffering 91%
[DBG] Buffering 94%
[DBG] Buffering 96%
[DBG] Stream buffering done (1001 ms in 23 ms)
10:37:30.760 AM [player] buffering 1.0
[DBG] Decoder wait done in 0 ms
[ERR] ES_OUT_SET_(GROUP_)PCR  is called 22027 ms late (jitter of 21988 ms ignored)
[DBG] ES_OUT_RESET_PCR called
10:37:30.760 AM [player] buffering 0.0
[DBG] Buffering 0%
10:37:30.760 AM [player] buffering 0.0
[DBG] Buffering 3%
[DBG] Buffering 17%
[DBG] Buffering 18%
[DBG] Buffering 25%
[DBG] Buffering 27%
[DBG] Buffering 28%
[DBG] Buffering 31%
[DBG] Buffering 36%
[DBG] Buffering 41%
[DBG] Received first picture
10:37:30.771 AM [framestep] nextFrameStepped result=0 time=24309 ms
[DBG] Buffering 45%
[DBG] Buffering 50%
[DBG] Buffering 53%
[DBG] Buffering 69%
[DBG] Buffering 75%
[DBG] Buffering 78%
[DBG] Buffering 81%
[DBG] Buffering 86%
[DBG] Buffering 91%
[DBG] Buffering 95%
[DBG] Buffering 97%
[DBG] Stream buffering done (1001 ms in 25 ms)
[DBG] Decoder wait done in 0 ms
10:37:30.786 AM [player] buffering 1.0
[ERR] ES_OUT_SET_(GROUP_)PCR  is called 22055 ms late (jitter of 22027 ms ignored)
[DBG] ES_OUT_RESET_PCR called
10:37:30.787 AM [player] buffering 0.0
[DBG] Buffering 0%
10:37:30.789 AM [player] buffering 0.0
[DBG] Buffering 1%
[DBG] Buffering 8%
[DBG] Buffering 9%
[DBG] Buffering 11%
[DBG] Buffering 14%
[DBG] Buffering 19%
[DBG] Received first picture
10:37:30.793 AM [framestep] nextFrameStepped result=0 time=24309 ms
[DBG] Buffering 24%
[DBG] Buffering 28%
[DBG] Buffering 33%
[DBG] Buffering 36%
[DBG] Buffering 51%
[DBG] Buffering 58%
[DBG] Buffering 60%
[DBG] Buffering 61%
[DBG] Buffering 64%
[DBG] Buffering 69%
[DBG] Buffering 74%
[DBG] Buffering 78%
[DBG] Buffering 80%
[DBG] Buffering 83%
[DBG] Buffering 86%
[DBG] Stream buffering done (1024 ms in 20 ms)
10:37:30.810 AM [player] buffering 1.0
[DBG] Decoder wait done in 0 ms
[ERR] ES_OUT_SET_(GROUP_)PCR  is called 22032 ms late (jitter of 22032 ms ignored)
[DBG] ES_OUT_RESET_PCR called
10:37:30.811 AM [player] buffering 0.0
[DBG] Buffering 0%
10:37:30.811 AM [player] buffering 0.0
[DBG] Buffering 3%
[DBG] Buffering 8%
[DBG] Buffering 13%
[DBG] Buffering 16%
[DBG] Buffering 19%
[DBG] Buffering 21%
[DBG] Buffering 25%
[DBG] Buffering 38%
[DBG] Buffering 40%
[DBG] Buffering 46%
[DBG] Buffering 48%
[DBG] Buffering 50%
[DBG] Buffering 53%
[DBG] Buffering 57%
[DBG] Buffering 58%
[DBG] Buffering 63%
[DBG] Received first picture
10:37:30.821 AM [framestep] nextFrameStepped result=0 time=24309 ms
[DBG] Buffering 66%
[DBG] Buffering 71%
[DBG] Buffering 75%
[DBG] Buffering 90%
[DBG] Buffering 96%
[DBG] Buffering 99%
[DBG] Stream buffering done (1001 ms in 15 ms)
[DBG] Decoder wait done in 0 ms
10:37:30.826 AM [player] buffering 1.0
[ERR] ES_OUT_SET_(GROUP_)PCR  is called 22097 ms late (jitter of 22055 ms ignored)
[DBG] ES_OUT_RESET_PCR called
10:37:30.828 AM [player] buffering 0.0
[DBG] Buffering 0%
10:37:30.828 AM [player] buffering 0.0
[DBG] Buffering 5%
[DBG] Buffering 8%
[DBG] Buffering 10%
[DBG] Buffering 13%
[DBG] Buffering 16%
[DBG] Buffering 32%
[DBG] Buffering 38%
[DBG] Buffering 41%
[DBG] Buffering 45%
[DBG] Buffering 50%
[DBG] Buffering 52%
[DBG] Buffering 55%
[DBG] Received first picture
10:37:30.843 AM [framestep] nextFrameStepped result=0 time=24309 ms
[DBG] Buffering 58%
[DBG] Buffering 61%
[DBG] Buffering 63%
[DBG] Buffering 66%
[DBG] Buffering 80%
[DBG] Buffering 81%
[DBG] Buffering 88%
[DBG] Buffering 90%
[DBG] Buffering 91%
[DBG] Buffering 95%
[DBG] Stream buffering done (1000 ms in 26 ms)
[DBG] Decoder wait done in 0 ms
10:37:30.855 AM [player] buffering 1.0
[ERR] ES_OUT_SET_(GROUP_)PCR  is called 22158 ms late (jitter of 22097 ms ignored)
[DBG] ES_OUT_RESET_PCR called
10:37:30.855 AM [player] buffering 0.0
[DBG] Buffering 0%
10:37:30.856 AM [player] buffering 0.0
[DBG] Buffering 3%
[DBG] Buffering 8%
[DBG] Buffering 11%
[DBG] Buffering 26%
[DBG] Buffering 33%
[DBG] Buffering 36%
[DBG] Buffering 40%
[DBG] Buffering 45%
[DBG] Received first picture
10:37:30.864 AM [framestep] nextFrameStepped result=0 time=24309 ms
[DBG] Buffering 50%
[DBG] Buffering 53%
[DBG] Buffering 55%
[DBG] Buffering 58%
[DBG] Buffering 61%
[DBG] Buffering 78%
[DBG] Buffering 83%
[DBG] Buffering 86%
[DBG] Buffering 90%
[DBG] Buffering 95%
[DBG] Buffering 97%
10:37:30.875 AM [player] buffering 1.0
[DBG] Stream buffering done (1001 ms in 19 ms)
[DBG] Decoder wait done in 0 ms
[ERR] ES_OUT_SET_(GROUP_)PCR  is called 22145 ms late (jitter of 22145 ms ignored)
[DBG] ES_OUT_RESET_PCR called
10:37:30.876 AM [player] buffering 0.0
10:37:30.876 AM [player] buffering 0.0
[DBG] Buffering 0%
[DBG] Buffering 1%
[DBG] Buffering 4%
10:37:30.884 AM [framestep] −1 seek before=24309 ms frame=33 ms (500000/16683 fps) target=24276 ms
[DBG] ES_OUT_RESET_PCR called
10:37:30.968 AM [player] buffering 0.0
[DBG] SET_TIME to 24276000
[DBG] seek request to i_pos = 24276000
[DBG] seek: preroll{ track: 1, pts: 24107000, fpos: 12311112 skip: 12311112} 
[DBG] seek: preroll{ track: 2, pts: 24224000, fpos: 12397081 skip: 12397081} 
[DBG] resolving 192.168.1.250 ...
[DBG] outgoing request:
GET /stream/2 HTTP/1.1
Host: 192.168.1.250:8093
Accept: */*
Accept-Language: en_US
User-Agent: VLC/4.0.0-dev LibVLC/4.0.0-dev
If-Unmodified-Since: Fri, 17 Jul 2026 19:22:43 GMT
Range: bytes=12311112-


[DBG] incoming response:
HTTP/1.1 206 Partial Content
Accept-Ranges: bytes
Content-Length: 5709939964
Content-Range: bytes 12311112-5722251075/5722251076
Content-Type: video/x-matroska
Last-Modified: Fri, 17 Jul 2026 19:22:43 GMT
Date: Mon, 14 Sep 2026 14:37:31 GMT


[DBG] connection failed
[DBG] seek: preroll{ req: 24276001, start-pts: 24107001, start-fpos: 12311112} 
[DBG] Buffering 0%
10:37:31.136 AM [player] buffering 0.0
[DBG] Buffering 4%
[DBG] Buffering 7%
[DBG] Buffering 10%
[DBG] Buffering 14%
[DBG] end of video preroll
[DBG] Received first picture
10:37:31.155 AM [framestep] nextFrameStepped result=0 time=24276 ms
[DBG] Buffering 18%
[DBG] Buffering 21%
[DBG] Buffering 23%
[DBG] Buffering 25%
[DBG] Buffering 28%
[DBG] Buffering 40%
[DBG] Buffering 41%
[DBG] Buffering 47%
[DBG] Buffering 48%
[DBG] Buffering 49%
[DBG] Buffering 52%
[DBG] Buffering 56%
[DBG] Buffering 57%
[DBG] Buffering 61%
[DBG] Buffering 64%
[DBG] Buffering 68%
[DBG] Buffering 71%
[DBG] Buffering 83%
[DBG] Buffering 84%
[DBG] Buffering 89%
[DBG] Buffering 92%
[DBG] Buffering 95%
[DBG] Buffering 99%
[DBG] Stream buffering done (1218 ms in 53 ms)
[DBG] Decoder wait done in 0 ms
10:37:31.190 AM [player] buffering 1.0
[ERR] ES_OUT_SET_(GROUP_)PCR  is called 22411 ms late (jitter of 22158 ms ignored)
[DBG] ES_OUT_RESET_PCR called
10:37:31.190 AM [player] buffering 0.0
[DBG] Buffering 0%
10:37:31.190 AM [player] buffering 0.0
[DBG] Buffering 3%
[DBG] Buffering 19%
[DBG] Buffering 25%
[DBG] Buffering 28%
[DBG] Buffering 31%
[DBG] Buffering 36%
[DBG] Buffering 41%
[DBG] Buffering 45%
[DBG] Buffering 47%
[DBG] Buffering 50%
[DBG] Received first picture
10:37:31.194 AM [framestep] nextFrameStepped result=0 time=24276 ms
[DBG] Buffering 53%
[DBG] Buffering 67%
[DBG] Buffering 68%
[DBG] Buffering 75%
[DBG] Buffering 76%
[DBG] Buffering 78%
[DBG] Buffering 81%
[DBG] Buffering 86%
[DBG] Buffering 91%
[DBG] Buffering 95%
[DBG] Stream buffering done (1001 ms in 16 ms)
[DBG] Decoder wait done in 0 ms
10:37:31.206 AM [player] buffering 1.0
[ERR] ES_OUT_SET_(GROUP_)PCR  is called 22476 ms late (jitter of 22411 ms ignored)
[DBG] ES_OUT_RESET_PCR called
10:37:31.207 AM [player] buffering 0.0
[DBG] Buffering 0%
10:37:31.210 AM [player] buffering 0.0
[DBG] Received first picture
10:37:31.216 AM [framestep] nextFrameStepped result=0 time=24276 ms
[DBG] Buffering 6%
[DBG] Buffering 9%
[DBG] Buffering 10%
[DBG] Buffering 13%
[DBG] Buffering 18%
[DBG] Buffering 23%
[DBG] Buffering 26%
[DBG] Buffering 28%
[DBG] Buffering 31%
[DBG] Buffering 35%
[DBG] Buffering 51%
[DBG] Buffering 56%
[DBG] Buffering 60%
[DBG] Buffering 63%
[DBG] Buffering 68%
[DBG] Buffering 70%
[DBG] Buffering 73%
[DBG] Buffering 76%
[DBG] Buffering 80%
[DBG] Buffering 81%
[DBG] Buffering 85%
[DBG] Buffering 99%
10:37:31.241 AM [player] buffering 1.0
[DBG] Stream buffering done (1002 ms in 30 ms)
[DBG] Decoder wait done in 0 ms
[ERR] ES_OUT_SET_(GROUP_)PCR  is called 22476 ms late (jitter of 22476 ms ignored)
[DBG] ES_OUT_RESET_PCR called
10:37:31.242 AM [player] buffering 0.0
[DBG] Buffering 0%
10:37:31.242 AM [player] buffering 0.0
[DBG] Buffering 1%
[DBG] Buffering 4%
[DBG] Buffering 9%
[DBG] Buffering 14%
[DBG] Buffering 18%
[DBG] Buffering 23%
[DBG] Buffering 26%
[DBG] Buffering 41%
[DBG] Buffering 48%
[DBG] Buffering 51%
[DBG] Buffering 54%
[DBG] Received first picture
[DBG] Buffering 59%
10:37:31.254 AM [framestep] nextFrameStepped result=0 time=24276 ms
[DBG] Buffering 64%
[DBG] Buffering 68%
[DBG] Buffering 70%
[DBG] Buffering 73%
[DBG] Buffering 76%
[DBG] Buffering 92%
[DBG] Buffering 98%
[DBG] Stream buffering done (1015 ms in 26 ms)
[DBG] Decoder wait done in 0 ms
10:37:31.268 AM [player] buffering 1.0
[ERR] ES_OUT_SET_(GROUP_)PCR  is called 22525 ms late (jitter of 22476 ms ignored)
[DBG] ES_OUT_RESET_PCR called
10:37:31.270 AM [player] buffering 0.0
10:37:31.270 AM [player] buffering 0.0
[DBG] Buffering 0%
[DBG] Buffering 2%
[DBG] Buffering 5%
[DBG] Buffering 8%
[DBG] Buffering 11%
[DBG] Buffering 13%
[DBG] Buffering 16%
[DBG] Buffering 30%
[DBG] Buffering 31%
[DBG] Buffering 38%
[DBG] Buffering 40%
[DBG] Buffering 41%
[DBG] Buffering 45%
[DBG] Buffering 50%
[DBG] Buffering 55%
[DBG] Buffering 58%
[DBG] Buffering 63%
[DBG] Buffering 66%
[DBG] Received first picture
10:37:31.285 AM [framestep] nextFrameStepped result=0 time=24276 ms
[DBG] Buffering 82%
[DBG] Buffering 88%
[DBG] Buffering 91%
[DBG] Buffering 95%
[DBG] Stream buffering done (1001 ms in 19 ms)
[DBG] Decoder wait done in 0 ms
10:37:31.290 AM [player] buffering 1.0
[ERR] ES_OUT_SET_(GROUP_)PCR  is called 22543 ms late (jitter of 22525 ms ignored)
[DBG] ES_OUT_RESET_PCR called
10:37:31.290 AM [player] buffering 0.0
[DBG] Buffering 0%
10:37:31.290 AM [player] buffering 0.0
[DBG] Buffering 2%
[DBG] Buffering 4%
[DBG] Buffering 8%
[DBG] Buffering 24%
[DBG] Buffering 29%
[DBG] Buffering 33%
[DBG] Buffering 36%
[DBG] Received first picture
10:37:31.299 AM [framestep] nextFrameStepped result=0 time=24276 ms
[DBG] Buffering 41%
[DBG] Buffering 44%
[DBG] Buffering 46%
[DBG] Buffering 50%
[DBG] Buffering 53%
[DBG] Buffering 55%
[DBG] Buffering 58%
[DBG] Buffering 72%
[DBG] Buffering 73%
[DBG] Buffering 80%
[DBG] Buffering 82%
[DBG] Buffering 83%
10:37:31.309 AM [framestep] −1 after=24276 ms
[DBG] Buffering 86%
[DBG] Buffering 91%
[DBG] Buffering 96%
[DBG] Stream buffering done (1001 ms in 21 ms)
10:37:31.312 AM [player] buffering 1.0
[DBG] Decoder wait done in 0 ms
[ERR] ES_OUT_SET_(GROUP_)PCR  is called 22566 ms late (jitter of 22543 ms ignored)
[DBG] ES_OUT_RESET_PCR called
10:37:31.313 AM [player] buffering 0.0
[DBG] Buffering 0%
10:37:31.314 AM [player] buffering 0.0
[DBG] Buffering 15%
[DBG] Buffering 21%
[DBG] Buffering 25%
[DBG] Received first picture
10:37:31.319 AM [framestep] nextFrameStepped result=0 time=24276 ms
[DBG] Buffering 28%
[DBG] Buffering 33%
[DBG] Buffering 38%
[DBG] Buffering 41%
[DBG] Buffering 44%
[DBG] Buffering 46%
[DBG] Buffering 50%
[DBG] Buffering 63%
[DBG] Buffering 65%
[DBG] Buffering 71%
[DBG] Buffering 73%
[DBG] Buffering 75%
[DBG] Buffering 78%
[DBG] Buffering 82%
[DBG] Buffering 83%
[DBG] Buffering 88%
[DBG] Buffering 91%
[DBG] Buffering 96%
[DBG] Stream buffering done (1001 ms in 23 ms)
[DBG] Decoder wait done in 0 ms
10:37:31.338 AM [player] buffering 1.0
[ERR] ES_OUT_SET_(GROUP_)PCR  is called 22497 ms late (jitter of 22543 ms ignored)
[DBG] ES_OUT_RESET_PCR called
10:37:31.341 AM [player] buffering 0.0
[DBG] Buffering 0%
10:37:31.342 AM [player] buffering 0.0
[DBG] Buffering 6%
[DBG] Buffering 9%
[DBG] Buffering 10%
[DBG] Buffering 13%
[DBG] Buffering 18%
[DBG] Buffering 23%
[DBG] Buffering 26%
[DBG] Buffering 28%
[DBG] Buffering 31%
[DBG] Buffering 35%
[DBG] Buffering 50%
[DBG] Buffering 56%
[DBG] Buffering 60%
[DBG] Buffering 63%
[DBG] Buffering 68%
[DBG] Received first picture
10:37:31.356 AM [framestep] nextFrameStepped result=0 time=24276 ms
[DBG] Buffering 73%
[DBG] Buffering 76%
[DBG] Buffering 79%
[DBG] Buffering 81%
[DBG] Buffering 85%
[DBG] Buffering 98%
[DBG] Stream buffering done (1001 ms in 23 ms)
10:37:31.365 AM [player] buffering 1.0
[DBG] Decoder wait done in 0 ms
[ERR] ES_OUT_SET_(GROUP_)PCR  is called 22602 ms late (jitter of 22566 ms ignored)
[DBG] ES_OUT_RESET_PCR called
10:37:31.366 AM [player] buffering 0.0
[DBG] Buffering 0%
10:37:31.366 AM [player] buffering 0.0
[DBG] Buffering 1%
[DBG] Buffering 4%
[DBG] Buffering 9%
[DBG] Buffering 14%
[DBG] Buffering 18%
[DBG] Buffering 23%
[DBG] Buffering 26%
[DBG] Buffering 41%
[DBG] Buffering 48%
[DBG] Buffering 51%
[DBG] Received first picture
10:37:31.377 AM [framestep] nextFrameStepped result=0 time=24276 ms
[DBG] Buffering 54%
[DBG] Buffering 60%
[DBG] Buffering 65%
[DBG] Buffering 68%
[DBG] Buffering 70%
[DBG] Buffering 73%
[DBG] Buffering 76%
[DBG] Buffering 92%
[DBG] Buffering 98%
[DBG] Stream buffering done (1017 ms in 20 ms)
[DBG] Decoder wait done in 0 ms
10:37:31.387 AM [player] buffering 1.0
[ERR] ES_OUT_SET_(GROUP_)PCR  is called 22642 ms late (jitter of 22602 ms ignored)
[DBG] ES_OUT_RESET_PCR called
10:37:31.389 AM [player] buffering 0.0
[DBG] Buffering 0%
10:37:31.389 AM [player] buffering 0.0
[DBG] Buffering 2%
[DBG] Buffering 5%
[DBG] Buffering 8%
[DBG] Buffering 11%
[DBG] Buffering 13%
[DBG] Buffering 16%
[DBG] Buffering 30%
[DBG] Buffering 31%
[DBG] Received first picture
10:37:31.401 AM [framestep] nextFrameStepped result=0 time=24276 ms
[DBG] Buffering 38%
[DBG] Buffering 40%
[DBG] Buffering 41%
[DBG] Buffering 45%
[DBG] Buffering 50%
[DBG] Buffering 55%
[DBG] Buffering 58%
[DBG] Buffering 63%
[DBG] Buffering 66%
[DBG] Buffering 82%
[DBG] Buffering 88%
[DBG] Buffering 91%
[DBG] Buffering 95%
[DBG] Stream buffering done (1001 ms in 20 ms)
[DBG] Decoder wait done in 0 ms
10:37:31.409 AM [player] buffering 1.0
[ERR] ES_OUT_SET_(GROUP_)PCR  is called 22663 ms late (jitter of 22642 ms ignored)
[DBG] ES_OUT_RESET_PCR called
10:37:31.411 AM [player] buffering 0.0
10:37:31.411 AM [player] buffering 0.0
[DBG] Buffering 0%
[DBG] Buffering 2%
[DBG] Buffering 5%
[DBG] Buffering 8%
[DBG] Buffering 24%
[DBG] Buffering 30%
[DBG] Buffering 33%
[DBG] Buffering 36%
[DBG] Received first picture
10:37:31.417 AM [framestep] nextFrameStepped result=0 time=24276 ms
[DBG] Buffering 41%
[DBG] Buffering 43%
[DBG] Buffering 46%
[DBG] Buffering 50%
[DBG] Buffering 53%
[DBG] Buffering 55%
[DBG] Buffering 58%
[DBG] Buffering 72%
[DBG] Buffering 73%
[DBG] Buffering 80%
[DBG] Buffering 82%
[DBG] Buffering 83%
[DBG] Buffering 86%
[DBG] Buffering 91%
[DBG] Buffering 96%
[DBG] Stream buffering done (1001 ms in 24 ms)
10:37:31.435 AM [player] buffering 1.0
[DBG] Decoder wait done in 0 ms
[ERR] ES_OUT_SET_(GROUP_)PCR  is called 22688 ms late (jitter of 22663 ms ignored)
[DBG] ES_OUT_RESET_PCR called
10:37:31.436 AM [player] buffering 0.0
10:37:31.436 AM [player] buffering 0.0
[DBG] Buffering 0%
[DBG] Buffering 15%
[DBG] Buffering 21%
[DBG] Buffering 25%
[DBG] Buffering 28%
[DBG] Received first picture
[DBG] Buffering 33%
10:37:31.449 AM [framestep] nextFrameStepped result=0 time=24276 ms
[DBG] Buffering 38%
[DBG] Buffering 41%
[DBG] Buffering 44%
[DBG] Buffering 46%
[DBG] Buffering 50%
[DBG] Buffering 66%
[DBG] Buffering 71%
[DBG] Buffering 75%
[DBG] Buffering 78%
[DBG] Buffering 83%
[DBG] Buffering 85%
[DBG] Buffering 88%
[DBG] Buffering 91%
[DBG] Buffering 95%
[DBG] Buffering 96%
[DBG] Stream buffering done (1001 ms in 25 ms)
[DBG] Decoder wait done in 0 ms
10:37:31.461 AM [player] buffering 1.0
[ERR] ES_OUT_SET_(GROUP_)PCR  is called 22622 ms late (jitter of 22663 ms ignored)
[DBG] ES_OUT_RESET_PCR called
10:37:31.465 AM [player] buffering 0.0
10:37:31.466 AM [player] buffering 0.0
[DBG] Buffering 0%
[DBG] Buffering 6%
[DBG] Buffering 9%
[DBG] Buffering 13%
[DBG] Buffering 18%
[DBG] Buffering 23%
[DBG] Buffering 26%
[DBG] Buffering 31%
[DBG] Buffering 35%
[DBG] Buffering 50%
[DBG] Buffering 56%
[DBG] Buffering 60%
[DBG] Buffering 63%
[DBG] Buffering 68%
[DBG] Buffering 73%
[DBG] Buffering 76%
[DBG] Received first picture
[DBG] Buffering 79%
10:37:31.478 AM [framestep] nextFrameStepped result=0 time=24276 ms
[DBG] Buffering 81%
[DBG] Buffering 85%
[DBG] Buffering 98%
[DBG] Stream buffering done (1001 ms in 24 ms)
10:37:31.491 AM [player] buffering 1.0
[DBG] Decoder wait done in 0 ms
[ERR] ES_OUT_SET_(GROUP_)PCR  is called 22728 ms late (jitter of 22688 ms ignored)
[DBG] ES_OUT_RESET_PCR called
10:37:31.491 AM [player] buffering 0.0
[DBG] Buffering 0%
10:37:31.492 AM [player] buffering 0.0
[DBG] Buffering 1%
[DBG] Buffering 5%
[DBG] Buffering 9%
[DBG] Buffering 10%
[DBG] Buffering 15%
[DBG] Buffering 18%
[DBG] Buffering 23%
[DBG] Buffering 26%
[DBG] Buffering 41%
[DBG] Buffering 48%
[DBG] Buffering 51%
[DBG] Received first picture
10:37:31.502 AM [framestep] nextFrameStepped result=0 time=24276 ms
[DBG] Buffering 55%
[DBG] Buffering 60%
[DBG] Buffering 65%
[DBG] Buffering 68%
[DBG] Buffering 70%
[DBG] Buffering 73%
[DBG] Buffering 76%
[DBG] Buffering 92%
[DBG] Buffering 98%
[DBG] Stream buffering done (1018 ms in 20 ms)
[DBG] Decoder wait done in 0 ms
10:37:31.512 AM [player] buffering 1.0
[ERR] ES_OUT_SET_(GROUP_)PCR  is called 22766 ms late (jitter of 22728 ms ignored)
[DBG] ES_OUT_RESET_PCR called
10:37:31.514 AM [player] buffering 0.0
[DBG] Buffering 0%
10:37:31.514 AM [player] buffering 0.0
[DBG] Buffering 1%
[DBG] Buffering 5%
[DBG] Buffering 8%
[DBG] Buffering 11%
[DBG] Buffering 13%
[DBG] Buffering 16%
[DBG] Buffering 30%
[DBG] Buffering 31%
[DBG] Buffering 38%
[DBG] Buffering 40%
[DBG] Buffering 41%
[DBG] Buffering 45%
[DBG] Buffering 49%
[DBG] Buffering 50%
[DBG] Buffering 55%
[DBG] Received first picture
10:37:31.520 AM [framestep] nextFrameStepped result=0 time=24276 ms
[DBG] Buffering 58%
[DBG] Buffering 63%
[DBG] Buffering 66%
[DBG] Buffering 81%
[DBG] Buffering 88%
[DBG] Buffering 91%
[DBG] Buffering 95%
[DBG] Stream buffering done (1001 ms in 13 ms)
[DBG] Decoder wait done in 0 ms
10:37:31.528 AM [player] buffering 1.0
[ERR] ES_OUT_SET_(GROUP_)PCR  is called 22782 ms late (jitter of 22766 ms ignored)
[DBG] ES_OUT_RESET_PCR called
10:37:31.529 AM [player] buffering 0.0
10:37:31.529 AM [player] buffering 0.0
[DBG] Buffering 0%
[DBG] Buffering 2%
[DBG] Buffering 4%
[DBG] Buffering 8%
[DBG] Buffering 24%
[DBG] Buffering 29%
[DBG] Buffering 33%
[DBG] Buffering 36%
[DBG] Buffering 41%
[DBG] Buffering 43%
[DBG] Buffering 46%
[DBG] Buffering 50%
[DBG] Buffering 53%
[DBG] Buffering 55%
[DBG] Buffering 58%
[DBG] Received first picture
10:37:31.536 AM [framestep] nextFrameStepped result=0 time=24276 ms
[DBG] Buffering 72%
[DBG] Buffering 73%
[DBG] Buffering 80%
[DBG] Buffering 82%
[DBG] Buffering 83%
[DBG] Buffering 86%
[DBG] Buffering 91%
[DBG] Buffering 96%
10:37:31.540 AM [player] buffering 1.0
[DBG] Stream buffering done (1001 ms in 10 ms)
[DBG] Decoder wait done in 0 ms
[ERR] ES_OUT_SET_(GROUP_)PCR  is called 22793 ms late (jitter of 22782 ms ignored)
[DBG] ES_OUT_RESET_PCR called
10:37:31.540 AM [player] buffering 0.0
10:37:31.540 AM [player] buffering 0.0
[DBG] Buffering 0%
[DBG] Buffering 15%
[DBG] Buffering 21%
[DBG] Buffering 24%
[DBG] Buffering 25%
[DBG] Buffering 28%
[DBG] Received first picture
10:37:31.546 AM [framestep] nextFrameStepped result=0 time=24276 ms
[DBG] Buffering 33%
[DBG] Buffering 38%
[DBG] Buffering 41%
[DBG] Buffering 44%
[DBG] Buffering 46%
[DBG] Buffering 50%
[DBG] Buffering 66%
[DBG] Buffering 71%
[DBG] Buffering 75%
[DBG] Buffering 78%
[DBG] Buffering 83%
[DBG] Buffering 85%
[DBG] Buffering 88%
[DBG] Buffering 91%
[DBG] Buffering 95%
[DBG] Buffering 96%
10:37:31.556 AM [player] buffering 1.0
[DBG] Stream buffering done (1001 ms in 15 ms)
[DBG] Decoder wait done in 0 ms
[ERR] ES_OUT_SET_(GROUP_)PCR  is called 22716 ms late (jitter of 22782 ms ignored)
[DBG] ES_OUT_RESET_PCR called
10:37:31.557 AM [player] buffering 0.0
10:37:31.558 AM [player] buffering 0.0
[DBG] Buffering 0%
[DBG] Buffering 6%
[DBG] Buffering 9%
[DBG] Buffering 10%
[DBG] Buffering 13%
[DBG] Buffering 18%
[DBG] Buffering 23%
[DBG] Buffering 26%
[DBG] Buffering 31%
[DBG] Buffering 35%
[DBG] Buffering 50%
[DBG] Received first picture
10:37:31.570 AM [framestep] nextFrameStepped result=0 time=24276 ms
[DBG] Buffering 56%
[DBG] Buffering 60%
[DBG] Buffering 63%
[DBG] Buffering 68%
[DBG] Buffering 73%
[DBG] Buffering 76%
[DBG] Buffering 79%
[DBG] Buffering 81%
[DBG] Buffering 85%
[DBG] Buffering 98%
10:37:31.576 AM [player] buffering 1.0
[DBG] Stream buffering done (1001 ms in 17 ms)
[DBG] Decoder wait done in 0 ms
[ERR] ES_OUT_SET_(GROUP_)PCR  is called 22813 ms late (jitter of 22793 ms ignored)
[DBG] ES_OUT_RESET_PCR called
10:37:31.577 AM [player] buffering 0.0
10:37:31.577 AM [player] buffering 0.0
[DBG] Buffering 0%
[DBG] Buffering 1%
[DBG] Buffering 5%
[DBG] Buffering 9%
[DBG] Buffering 10%
[DBG] Buffering 15%
[DBG] Buffering 18%
[DBG] Buffering 23%
[DBG] Buffering 26%
[DBG] Buffering 41%
[DBG] Buffering 48%
[DBG] Buffering 51%
[DBG] Buffering 55%
[DBG] Buffering 60%
[DBG] Received first picture
10:37:31.584 AM [framestep] nextFrameStepped result=0 time=24276 ms
[DBG] Buffering 65%
[DBG] Buffering 68%
[DBG] Buffering 70%
[DBG] Buffering 73%
[DBG] Buffering 77%
[DBG] Buffering 92%
[DBG] Buffering 98%
10:37:31.587 AM [player] buffering 1.0
[DBG] Stream buffering done (1020 ms in 10 ms)
[DBG] Decoder wait done in 0 ms
[ERR] ES_OUT_SET_(GROUP_)PCR  is called 22840 ms late (jitter of 22813 ms ignored)
[DBG] ES_OUT_RESET_PCR called
10:37:31.590 AM [player] buffering 0.0
10:37:31.590 AM [player] buffering 0.0
[DBG] Buffering 0%
[DBG] Buffering 5%
[DBG] Buffering 8%
[DBG] Buffering 11%
[DBG] Buffering 13%
[DBG] Buffering 16%
[DBG] Buffering 30%
[DBG] Buffering 31%
[DBG] Buffering 38%
[DBG] Buffering 40%
[DBG] Buffering 41%
[DBG] Buffering 45%
[DBG] Buffering 49%
[DBG] Buffering 50%
[DBG] Buffering 55%
[DBG] Buffering 58%
[DBG] Received first picture
10:37:31.605 AM [framestep] nextFrameStepped result=0 time=24276 ms
[DBG] Buffering 63%
[DBG] Buffering 66%
[DBG] Buffering 81%
[DBG] Buffering 88%
[DBG] Buffering 91%
[DBG] Buffering 95%
[DBG] Stream buffering done (1001 ms in 19 ms)
10:37:31.610 AM [player] buffering 1.0
[DBG] Decoder wait done in 0 ms
[ERR] ES_OUT_SET_(GROUP_)PCR  is called 22864 ms late (jitter of 22840 ms ignored)
[DBG] ES_OUT_RESET_PCR called
10:37:31.611 AM [player] buffering 0.0
[DBG] Buffering 0%
10:37:31.611 AM [player] buffering 0.0
[DBG] Buffering 2%
[DBG] Buffering 5%
[DBG] Buffering 8%
[DBG] Buffering 24%
[DBG] Buffering 30%
[DBG] Buffering 33%
[DBG] Buffering 36%
[DBG] Buffering 41%
[DBG] Buffering 43%
[DBG] Buffering 46%
[DBG] Buffering 50%
[DBG] Received first picture
10:37:31.617 AM [framestep] nextFrameStepped result=0 time=24276 ms
[DBG] Buffering 53%
[DBG] Buffering 55%
[DBG] Buffering 58%
[DBG] Buffering 72%
[DBG] Buffering 73%
[DBG] Buffering 80%
[DBG] Buffering 82%
[DBG] Buffering 83%
[DBG] Buffering 86%
[DBG] Buffering 91%
[DBG] Buffering 96%
10:37:31.621 AM [player] buffering 1.0
[DBG] Stream buffering done (1001 ms in 9 ms)
[DBG] Decoder wait done in 0 ms
[ERR] ES_OUT_SET_(GROUP_)PCR  is called 22874 ms late (jitter of 22864 ms ignored)
[DBG] ES_OUT_RESET_PCR called
10:37:31.622 AM [player] buffering 0.0
[DBG] Buffering 0%
10:37:31.622 AM [player] buffering 0.0
[DBG] Buffering 15%
[DBG] Buffering 21%
[DBG] Buffering 24%
[DBG] Buffering 25%
[DBG] Buffering 28%
[DBG] Buffering 33%
[DBG] Received first picture
10:37:31.627 AM [framestep] nextFrameStepped result=0 time=24276 ms
[DBG] Buffering 38%
[DBG] Buffering 41%
[DBG] Buffering 44%
[DBG] Buffering 46%
[DBG] Buffering 50%
[DBG] Buffering 66%
[DBG] Buffering 71%
[DBG] Buffering 75%
[DBG] Buffering 78%
[DBG] Buffering 83%
[DBG] Buffering 85%
[DBG] Buffering 88%
[DBG] Buffering 91%
[DBG] Buffering 95%
[DBG] Buffering 96%
10:37:31.632 AM [player] buffering 1.0
[DBG] Stream buffering done (1001 ms in 10 ms)
[DBG] Decoder wait done in 0 ms
[ERR] ES_OUT_SET_(GROUP_)PCR  is called 22795 ms late (jitter of 22864 ms ignored)
[DBG] ES_OUT_RESET_PCR called
10:37:31.635 AM [player] buffering 0.0
10:37:31.636 AM [player] buffering 0.0
[DBG] Buffering 0%
[DBG] Buffering 6%
[DBG] Buffering 8%
[DBG] Buffering 9%
[DBG] Buffering 13%
[DBG] Buffering 18%
[DBG] Buffering 23%
[DBG] Buffering 26%
[DBG] Buffering 31%
[DBG] Buffering 35%
[DBG] Buffering 50%
[DBG] Buffering 56%
[DBG] Buffering 60%
[DBG] Received first picture
10:37:31.644 AM [framestep] nextFrameStepped result=0 time=24276 ms
[DBG] Buffering 63%
[DBG] Buffering 68%
[DBG] Buffering 73%
[DBG] Buffering 76%
[DBG] Buffering 79%
[DBG] Buffering 81%
[DBG] Buffering 85%
10:37:31.648 AM [player] buffering 1.0
[DBG] Stream buffering done (1016 ms in 12 ms)
[DBG] Decoder wait done in 0 ms
[ERR] ES_OUT_SET_(GROUP_)PCR  is called 22886 ms late (jitter of 22874 ms ignored)
[DBG] ES_OUT_RESET_PCR called
10:37:31.650 AM [player] buffering 0.0
10:37:31.650 AM [player] buffering 0.0
[DBG] Buffering 0%
[DBG] Buffering 3%
[DBG] Buffering 8%
[DBG] Buffering 10%
[DBG] Buffering 13%
[DBG] Buffering 16%
[DBG] Buffering 20%
[DBG] Buffering 21%
[DBG] Buffering 25%
[DBG] Buffering 39%
[DBG] Buffering 40%
[DBG] Buffering 46%
[DBG] Buffering 49%
[DBG] Buffering 50%
[DBG] Buffering 53%
[DBG] Buffering 58%
[DBG] Buffering 63%
[DBG] Buffering 66%
[DBG] Buffering 71%
[DBG] Buffering 75%
[DBG] Received first picture
10:37:31.658 AM [framestep] nextFrameStepped result=0 time=24276 ms
[DBG] Buffering 90%
[DBG] Buffering 96%
10:37:31.661 AM [player] buffering 1.0
[DBG] Stream buffering done (1001 ms in 10 ms)
[DBG] Decoder wait done in 0 ms
[ERR] ES_OUT_SET_(GROUP_)PCR  is called 22931 ms late (jitter of 22886 ms ignored)
[DBG] ES_OUT_RESET_PCR called
10:37:31.662 AM [player] buffering 0.0
[DBG] Buffering 0%
10:37:31.662 AM [player] buffering 0.0
[DBG] Buffering 5%
[DBG] Buffering 8%
[DBG] Buffering 11%
[DBG] Buffering 13%
[DBG] Buffering 16%
[DBG] Buffering 30%
[DBG] Buffering 31%
[DBG] Buffering 38%
[DBG] Buffering 39%
[DBG] Buffering 41%
[DBG] Buffering 45%
[DBG] Buffering 49%
[DBG] Buffering 50%
[DBG] Buffering 55%
[DBG] Received first picture
[DBG] Buffering 58%
10:37:31.673 AM [framestep] nextFrameStepped result=0 time=24276 ms
[DBG] Buffering 63%
[DBG] Buffering 66%
[DBG] Buffering 81%
[DBG] Buffering 88%
[DBG] Buffering 91%
[DBG] Buffering 95%
10:37:31.679 AM [player] buffering 1.0
[DBG] Stream buffering done (1001 ms in 17 ms)
[DBG] Decoder wait done in 0 ms
[ERR] ES_OUT_SET_(GROUP_)PCR  is called 22932 ms late (jitter of 22931 ms ignored)
[DBG] ES_OUT_RESET_PCR called
10:37:31.679 AM [player] buffering 0.0
[DBG] Buffering 0%
10:37:31.680 AM [player] buffering 0.0
[DBG] Buffering 1%
[DBG] Buffering 4%
[DBG] Buffering 8%
[DBG] Buffering 24%
[DBG] Buffering 29%
[DBG] Buffering 33%
[DBG] Buffering 36%
[DBG] Buffering 41%
[DBG] Buffering 43%
[DBG] Buffering 46%
[DBG] Buffering 50%
[DBG] Buffering 53%
[DBG] Received first picture
10:37:31.685 AM [framestep] nextFrameStepped result=0 time=24276 ms
[DBG] Buffering 55%
[DBG] Buffering 58%
[DBG] Buffering 72%
[DBG] Buffering 73%
[DBG] Buffering 80%
[DBG] Buffering 81%
[DBG] Buffering 83%
[DBG] Buffering 86%
[DBG] Buffering 91%
[DBG] Buffering 96%
[DBG] Stream buffering done (1001 ms in 12 ms)
10:37:31.693 AM [player] buffering 1.0
[DBG] Decoder wait done in 0 ms
[ERR] ES_OUT_SET_(GROUP_)PCR  is called 22946 ms late (jitter of 22932 ms ignored)
[DBG] ES_OUT_RESET_PCR called
10:37:31.693 AM [player] buffering 0.0
[DBG] Buffering 0%
10:37:31.693 AM [player] buffering 0.0
[DBG] Buffering 15%
[DBG] Buffering 21%
[DBG] Buffering 24%
[DBG] Buffering 25%
[DBG] Buffering 28%
[DBG] Buffering 33%
[DBG] Buffering 38%
[DBG] Buffering 41%
[DBG] Buffering 43%
[DBG] Buffering 46%
[DBG] Buffering 50%
[DBG] Received first picture
10:37:31.699 AM [framestep] nextFrameStepped result=0 time=24276 ms
[DBG] Buffering 66%
[DBG] Buffering 71%
[DBG] Buffering 75%
[DBG] Buffering 78%
[DBG] Buffering 83%
[DBG] Buffering 85%
[DBG] Buffering 88%
[DBG] Buffering 91%
[DBG] Buffering 95%
[DBG] Buffering 96%
10:37:31.705 AM [player] buffering 1.0
[DBG] Stream buffering done (1001 ms in 11 ms)
[DBG] Decoder wait done in 0 ms
[ERR] ES_OUT_SET_(GROUP_)PCR  is called 22870 ms late (jitter of 22932 ms ignored)
[DBG] ES_OUT_RESET_PCR called
10:37:31.708 AM [player] buffering 0.0
[DBG] Buffering 0%
10:37:31.713 AM [player] buffering 0.0
[DBG] Buffering 6%
[DBG] Buffering 8%
[DBG] Buffering 10%
[DBG] Buffering 13%
[DBG] Buffering 18%
[DBG] Buffering 23%
[DBG] Buffering 26%
[DBG] Buffering 31%
[DBG] Buffering 35%
[DBG] Buffering 50%
[DBG] Buffering 56%
[DBG] Buffering 59%
[DBG] Buffering 60%
[DBG] Received first picture
10:37:31.723 AM [framestep] nextFrameStepped result=0 time=24276 ms
[DBG] Buffering 63%
[DBG] Buffering 68%
[DBG] Buffering 73%
[DBG] Buffering 76%
[DBG] Buffering 79%
[DBG] Buffering 81%
[DBG] Buffering 85%
[DBG] Stream buffering done (1015 ms in 17 ms)
10:37:31.730 AM [player] buffering 1.0
[DBG] Decoder wait done in 0 ms
[ERR] ES_OUT_SET_(GROUP_)PCR  is called 22967 ms late (jitter of 22946 ms ignored)
[DBG] ES_OUT_RESET_PCR called
10:37:31.731 AM [player] buffering 0.0
[DBG] Buffering 0%
10:37:31.732 AM [player] buffering 0.0
[DBG] Buffering 3%
[DBG] Buffering 8%
[DBG] Buffering 10%
[DBG] Buffering 13%
[DBG] Buffering 16%
[DBG] Buffering 20%
[DBG] Buffering 21%
[DBG] Buffering 25%
[DBG] Buffering 39%
[DBG] Buffering 40%
[DBG] Buffering 46%
[DBG] Buffering 49%
[DBG] Buffering 50%
[DBG] Buffering 53%
[DBG] Buffering 58%
[DBG] Buffering 63%
[DBG] Buffering 66%
[DBG] Received first picture
10:37:31.741 AM [framestep] nextFrameStepped result=0 time=24276 ms
[DBG] Buffering 71%
[DBG] Buffering 75%
[DBG] Buffering 90%
[DBG] Buffering 96%
[DBG] Stream buffering done (1001 ms in 17 ms)
10:37:31.749 AM [player] buffering 1.0
[DBG] Decoder wait done in 0 ms
[ERR] ES_OUT_SET_(GROUP_)PCR  is called 23018 ms late (jitter of 22967 ms ignored)
[DBG] ES_OUT_RESET_PCR called
10:37:31.749 AM [player] buffering 0.0
10:37:31.749 AM [player] buffering 0.0
[DBG] Buffering 0%
[DBG] Buffering 5%
[DBG] Buffering 8%
[DBG] Buffering 11%
[DBG] Buffering 13%
[DBG] Buffering 16%
[DBG] Buffering 30%
[DBG] Buffering 31%
[DBG] Buffering 38%
[DBG] Buffering 39%
[DBG] Buffering 41%
[DBG] Buffering 45%
[DBG] Buffering 49%
[DBG] Buffering 50%
[DBG] Buffering 55%
[DBG] Buffering 58%
[DBG] Buffering 63%
[DBG] Received first picture
10:37:31.757 AM [framestep] nextFrameStepped result=0 time=24276 ms
[DBG] Buffering 66%
[DBG] Buffering 81%
[DBG] Buffering 88%
[DBG] Buffering 91%
[DBG] Buffering 95%
10:37:31.775 AM [player] buffering 1.0
[DBG] Stream buffering done (1001 ms in 26 ms)
[DBG] Decoder wait done in 0 ms
[ERR] ES_OUT_SET_(GROUP_)PCR  is called 23030 ms late (jitter of 23018 ms ignored)
[DBG] ES_OUT_RESET_PCR called
10:37:31.778 AM [player] buffering 0.0
10:37:31.778 AM [player] buffering 0.0
[DBG] Buffering 0%
[DBG] Buffering 5%
[DBG] Buffering 8%
[DBG] Buffering 24%
[DBG] Buffering 30%
[DBG] Buffering 33%
[DBG] Buffering 36%
[DBG] Buffering 41%
[DBG] Buffering 46%
[DBG] Buffering 50%
[DBG] Buffering 52%
[DBG] Received first picture
10:37:31.793 AM [framestep] nextFrameStepped result=0 time=24276 ms
[DBG] Buffering 55%
[DBG] Buffering 58%
[DBG] Buffering 72%
[DBG] Buffering 73%
[DBG] Buffering 80%
[DBG] Buffering 81%
[DBG] Buffering 83%
[DBG] Buffering 86%
[DBG] Buffering 91%
[DBG] Buffering 96%
[DBG] Stream buffering done (1001 ms in 20 ms)
10:37:31.798 AM [player] buffering 1.0
[DBG] Decoder wait done in 0 ms
[ERR] ES_OUT_SET_(GROUP_)PCR  is called 23050 ms late (jitter of 23030 ms ignored)
[DBG] ES_OUT_RESET_PCR called
10:37:31.798 AM [player] buffering 0.0
10:37:31.802 AM [player] buffering 0.0
[DBG] Buffering 0%
[DBG] Buffering 14%
[DBG] Buffering 15%
[DBG] Buffering 21%
[DBG] Buffering 24%
[DBG] Buffering 25%
[DBG] Buffering 28%
[DBG] Buffering 33%
[DBG] Buffering 38%
[DBG] Buffering 41%
[DBG] Buffering 43%
[DBG] Buffering 46%
[DBG] Buffering 50%
[DBG] Received first picture
10:37:31.806 AM [framestep] nextFrameStepped result=0 time=24276 ms
[DBG] Buffering 66%
[DBG] Buffering 71%
[DBG] Buffering 75%
[DBG] Buffering 78%
[DBG] Buffering 83%
[DBG] Buffering 85%
[DBG] Buffering 88%
[DBG] Buffering 91%
[DBG] Buffering 94%
[DBG] Buffering 96%
[DBG] Stream buffering done (1001 ms in 11 ms)
10:37:31.813 AM [player] buffering 1.0
[DBG] Decoder wait done in 0 ms
[ERR] ES_OUT_SET_(GROUP_)PCR  is called 22978 ms late (jitter of 23030 ms ignored)
[DBG] ES_OUT_RESET_PCR called
10:37:31.815 AM [player] buffering 0.0
10:37:31.817 AM [player] buffering 0.0
[DBG] Buffering 0%
[DBG] Buffering 6%
[DBG] Buffering 8%
[DBG] Buffering 9%
[DBG] Buffering 13%
[DBG] Buffering 18%
[DBG] Buffering 23%
[DBG] Buffering 26%
[DBG] Buffering 31%
[DBG] Buffering 35%
[DBG] Buffering 50%
[DBG] Buffering 56%
[DBG] Buffering 59%
[DBG] Buffering 60%
[DBG] Buffering 63%
[DBG] Buffering 68%
[DBG] Buffering 73%
[DBG] Received first picture
10:37:31.828 AM [framestep] nextFrameStepped result=0 time=24276 ms
[DBG] Buffering 76%
[DBG] Buffering 78%
[DBG] Buffering 81%
[DBG] Buffering 85%
[DBG] Stream buffering done (1013 ms in 15 ms)
10:37:31.832 AM [player] buffering 1.0
[DBG] Decoder wait done in 0 ms
[ERR] ES_OUT_SET_(GROUP_)PCR  is called 23069 ms late (jitter of 23050 ms ignored)
[DBG] ES_OUT_RESET_PCR called
10:37:31.833 AM [player] buffering 0.0
[DBG] Buffering 0%
10:37:31.833 AM [player] buffering 0.0
[DBG] Buffering 3%
[DBG] Buffering 8%
[DBG] Buffering 10%
[DBG] Buffering 13%
[DBG] Buffering 16%
[DBG] Buffering 20%
[DBG] Buffering 21%
[DBG] Buffering 25%
[DBG] Buffering 39%
[DBG] Buffering 40%
[DBG] Buffering 46%
[DBG] Buffering 48%
[DBG] Buffering 50%
[DBG] Received first picture
10:37:31.844 AM [framestep] nextFrameStepped result=0 time=24276 ms
[DBG] Buffering 53%
[DBG] Buffering 58%
[DBG] Buffering 63%
[DBG] Buffering 66%
[DBG] Buffering 71%
[DBG] Buffering 75%
[DBG] Buffering 90%
[DBG] Buffering 96%
10:37:31.849 AM [player] buffering 1.0
[DBG] Stream buffering done (1001 ms in 16 ms)
[DBG] Decoder wait done in 0 ms
[ERR] ES_OUT_SET_(GROUP_)PCR  is called 23120 ms late (jitter of 23069 ms ignored)
[DBG] ES_OUT_RESET_PCR called
10:37:31.850 AM [player] buffering 0.0
10:37:31.850 AM [player] buffering 0.0
[DBG] Buffering 0%
[DBG] Buffering 5%
[DBG] Buffering 8%
[DBG] Buffering 10%
[DBG] Buffering 13%
[DBG] Buffering 16%
[DBG] Buffering 33%
[DBG] Buffering 38%
[DBG] Buffering 41%
[DBG] Buffering 45%
[DBG] Buffering 50%
[DBG] Buffering 52%
[DBG] Buffering 55%
[DBG] Received first picture
10:37:31.858 AM [framestep] nextFrameStepped result=0 time=24276 ms
[DBG] Buffering 58%
[DBG] Buffering 62%
[DBG] Buffering 63%
[DBG] Buffering 66%
[DBG] Buffering 81%
[DBG] Buffering 88%
[DBG] Buffering 90%
[DBG] Buffering 91%
[DBG] Buffering 95%
10:37:31.865 AM [player] buffering 1.0
[DBG] Stream buffering done (1001 ms in 14 ms)
[DBG] Decoder wait done in 0 ms
[ERR] ES_OUT_SET_(GROUP_)PCR  is called 23119 ms late (jitter of 23119 ms ignored)
[DBG] ES_OUT_RESET_PCR called
10:37:31.866 AM [player] buffering 0.0
[DBG] Buffering 0%
10:37:31.866 AM [player] buffering 0.0
[DBG] Buffering 4%
[DBG] Buffering 8%
[DBG] Buffering 23%
[DBG] Buffering 29%
[DBG] Buffering 33%
[DBG] Received first picture
10:37:31.878 AM [framestep] nextFrameStepped result=0 time=24276 ms
[DBG] Buffering 36%
[DBG] Buffering 41%
[DBG] Buffering 46%
[DBG] Buffering 50%
[DBG] Buffering 52%
[DBG] Buffering 55%
[DBG] Buffering 58%
[DBG] Buffering 71%
[DBG] Buffering 73%
[DBG] Buffering 80%
[DBG] Buffering 81%
[DBG] Buffering 83%
[DBG] Buffering 86%
[DBG] Buffering 91%
[DBG] Buffering 96%
[DBG] Stream buffering done (1001 ms in 28 ms)
10:37:31.895 AM [player] buffering 1.0
[DBG] Decoder wait done in 0 ms
[ERR] ES_OUT_SET_(GROUP_)PCR  is called 23148 ms late (jitter of 23120 ms ignored)
[DBG] ES_OUT_RESET_PCR called
10:37:31.895 AM [player] buffering 0.0
10:37:31.895 AM [player] buffering 0.0
[DBG] Buffering 0%
[DBG] Buffering 14%
[DBG] Buffering 21%
[DBG] Buffering 24%
[DBG] Buffering 25%
[DBG] Buffering 28%
[DBG] Buffering 33%
[DBG] Received first picture
10:37:31.902 AM [framestep] nextFrameStepped result=0 time=24276 ms
[DBG] Buffering 38%
[DBG] Buffering 41%
[DBG] Buffering 43%
[DBG] Buffering 46%
[DBG] Buffering 50%
[DBG] Buffering 65%
[DBG] Buffering 71%
[DBG] Buffering 75%
[DBG] Buffering 78%
[DBG] Buffering 83%
[DBG] Buffering 88%
[DBG] Buffering 91%
[DBG] Buffering 94%
[DBG] Buffering 96%
[DBG] Stream buffering done (1001 ms in 14 ms)
10:37:31.909 AM [player] buffering 1.0
[DBG] Decoder wait done in 0 ms
[ERR] ES_OUT_SET_(GROUP_)PCR  is called 23076 ms late (jitter of 23119 ms ignored)
[DBG] ES_OUT_RESET_PCR called
10:37:31.911 AM [player] buffering 0.0
10:37:31.914 AM [player] buffering 0.0
[DBG] Buffering 0%
[DBG] Buffering 6%
[DBG] Buffering 8%
[DBG] Buffering 10%
[DBG] Buffering 13%
[DBG] Buffering 18%
[DBG] Buffering 23%
[DBG] Buffering 26%
[DBG] Buffering 31%
[DBG] Buffering 35%
[DBG] Buffering 50%
[DBG] Buffering 56%
[DBG] Buffering 59%
[DBG] Buffering 60%
[DBG] Buffering 63%
[DBG] Buffering 68%
[DBG] Received first picture
10:37:31.921 AM [framestep] nextFrameStepped result=0 time=24276 ms
[DBG] Buffering 73%
[DBG] Buffering 76%
[DBG] Buffering 78%
[DBG] Buffering 81%
[DBG] Buffering 85%
10:37:31.927 AM [player] buffering 1.0
[DBG] Stream buffering done (1012 ms in 13 ms)
[DBG] Decoder wait done in 0 ms
[ERR] ES_OUT_SET_(GROUP_)PCR  is called 23164 ms late (jitter of 23148 ms ignored)
[DBG] ES_OUT_RESET_PCR called
10:37:31.928 AM [player] buffering 0.0
[DBG] Buffering 0%
10:37:31.928 AM [player] buffering 0.0
[DBG] Buffering 3%
[DBG] Buffering 8%
[DBG] Buffering 10%
[DBG] Buffering 13%
[DBG] Buffering 16%
[DBG] Buffering 19%
[DBG] Buffering 21%
[DBG] Buffering 25%
[DBG] Buffering 39%
[DBG] Buffering 40%
[DBG] Buffering 46%
[DBG] Buffering 48%
[DBG] Buffering 50%
[DBG] Buffering 53%
[DBG] Buffering 58%
[DBG] Buffering 63%
[DBG] Received first picture
10:37:31.939 AM [framestep] nextFrameStepped result=0 time=24276 ms
[DBG] Buffering 66%
[DBG] Buffering 71%
[DBG] Buffering 75%
[DBG] Buffering 90%
[DBG] Buffering 96%
[DBG] Buffering 99%
10:37:31.946 AM [player] buffering 1.0
[DBG] Stream buffering done (1001 ms in 18 ms)
[DBG] Decoder wait done in 0 ms
[ERR] ES_OUT_SET_(GROUP_)PCR  is called 23216 ms late (jitter of 23164 ms ignored)
[DBG] ES_OUT_RESET_PCR called
10:37:31.947 AM [player] buffering 0.0
10:37:31.947 AM [player] buffering 0.0
[DBG] Buffering 0%
[DBG] Buffering 5%
[DBG] Buffering 8%
[DBG] Buffering 10%
[DBG] Buffering 13%
[DBG] Buffering 16%
[DBG] Buffering 33%
[DBG] Buffering 38%
[DBG] Buffering 41%
[DBG] Buffering 45%
[DBG] Buffering 50%
[DBG] Buffering 52%
[DBG] Buffering 55%
[DBG] Received first picture
10:37:31.957 AM [framestep] nextFrameStepped result=0 time=24276 ms
[DBG] Buffering 58%
[DBG] Buffering 61%
[DBG] Buffering 63%
[DBG] Buffering 66%
[DBG] Buffering 81%
[DBG] Buffering 88%
[DBG] Buffering 90%
[DBG] Buffering 91%
[DBG] Buffering 95%
[DBG] Stream buffering done (1001 ms in 18 ms)
10:37:31.965 AM [player] buffering 1.0
[DBG] Decoder wait done in 0 ms
[ERR] ES_OUT_SET_(GROUP_)PCR  is called 23218 ms late (jitter of 23216 ms ignored)
[DBG] ES_OUT_RESET_PCR called
10:37:31.966 AM [player] buffering 0.0
10:37:31.967 AM [player] buffering 0.0
[DBG] Buffering 0%
[DBG] Buffering 5%
[DBG] Buffering 8%
[DBG] Buffering 23%
[DBG] Buffering 30%
[DBG] Received first picture
10:37:31.979 AM [framestep] nextFrameStepped result=0 time=24276 ms
[DBG] Buffering 33%
[DBG] Buffering 36%
[DBG] Buffering 41%
[DBG] Buffering 46%
[DBG] Buffering 50%
[DBG] Buffering 52%
[DBG] Buffering 55%
[DBG] Buffering 58%
[DBG] Buffering 75%
[DBG] Buffering 80%
[DBG] Buffering 83%
[DBG] Buffering 86%
[DBG] Buffering 91%
[DBG] Buffering 94%
[DBG] Buffering 96%
10:37:31.993 AM [player] buffering 1.0
[DBG] Stream buffering done (1001 ms in 25 ms)
[DBG] Decoder wait done in 0 ms
[ERR] ES_OUT_SET_(GROUP_)PCR  is called 23258 ms late (jitter of 23218 ms ignored)
[DBG] ES_OUT_RESET_PCR called
10:37:31.993 AM [player] buffering 0.0
10:37:31.993 AM [player] buffering 0.0
[DBG] Buffering 0%
[DBG] Buffering 3%
[DBG] Buffering 17%
[DBG] Buffering 18%
[DBG] Buffering 25%
[DBG] Buffering 27%
[DBG] Buffering 28%
[DBG] Buffering 31%
[DBG] Buffering 36%
[DBG] Buffering 41%
[DBG] Received first picture
10:37:32.006 AM [framestep] nextFrameStepped result=0 time=24276 ms
[DBG] Buffering 45%
[DBG] Buffering 50%
[DBG] Buffering 53%
[DBG] Buffering 69%
[DBG] Buffering 75%
[DBG] Buffering 78%
[DBG] Buffering 81%
[DBG] Buffering 86%
[DBG] Buffering 91%
[DBG] Buffering 95%
[DBG] Buffering 97%
[DBG] Stream buffering done (1001 ms in 22 ms)
10:37:32.016 AM [player] buffering 1.0
[DBG] Decoder wait done in 0 ms
[ERR] ES_OUT_SET_(GROUP_)PCR  is called 23286 ms late (jitter of 23258 ms ignored)
[DBG] ES_OUT_RESET_PCR called
10:37:32.016 AM [player] buffering 0.0
10:37:32.025 AM [player] buffering 0.0
[DBG] Buffering 0%
[DBG] Buffering 1%
[DBG] Buffering 8%
[DBG] Buffering 9%
[DBG] Buffering 11%
[DBG] Buffering 14%
[DBG] Buffering 19%
[DBG] Buffering 24%
[DBG] Received first picture
10:37:32.030 AM [framestep] nextFrameStepped result=0 time=24276 ms
[DBG] Buffering 28%
[DBG] Buffering 33%
[DBG] Buffering 36%
[DBG] Buffering 51%
[DBG] Buffering 57%
[DBG] Buffering 60%
[DBG] Buffering 61%
[DBG] Buffering 64%
[DBG] Buffering 69%
[DBG] Buffering 74%
[DBG] Buffering 78%
[DBG] Buffering 80%
[DBG] Buffering 83%
[DBG] Buffering 86%
10:37:32.052 AM [player] buffering 1.0
[DBG] Stream buffering done (1024 ms in 26 ms)
[DBG] Decoder wait done in 0 ms
[ERR] ES_OUT_SET_(GROUP_)PCR  is called 23275 ms late (jitter of 23275 ms ignored)
[DBG] ES_OUT_RESET_PCR called
10:37:32.053 AM [player] buffering 0.0
[DBG] Buffering 0%
10:37:32.053 AM [player] buffering 0.0
[DBG] Buffering 3%
[DBG] Buffering 8%
[DBG] Buffering 10%
[DBG] Buffering 13%
[DBG] Buffering 16%
[DBG] Buffering 19%
[DBG] Buffering 21%
[DBG] Buffering 25%
[DBG] Buffering 39%
[DBG] Buffering 40%
[DBG] Buffering 46%
[DBG] Buffering 48%
[DBG] Buffering 50%
[DBG] Buffering 53%
[DBG] Buffering 58%
[DBG] Buffering 63%
[DBG] Received first picture
10:37:32.063 AM [framestep] nextFrameStepped result=0 time=24276 ms
[DBG] Buffering 66%
[DBG] Buffering 71%
[DBG] Buffering 75%
[DBG] Buffering 90%
[DBG] Buffering 96%
[DBG] Buffering 99%
[DBG] Stream buffering done (1001 ms in 16 ms)
10:37:32.069 AM [player] buffering 1.0
[DBG] Decoder wait done in 0 ms
[ERR] ES_OUT_SET_(GROUP_)PCR  is called 23339 ms late (jitter of 23286 ms ignored)
[DBG] ES_OUT_RESET_PCR called
10:37:32.069 AM [player] buffering 0.0
[DBG] Buffering 0%
10:37:32.070 AM [player] buffering 0.0
[DBG] Buffering 5%
[DBG] Buffering 8%
[DBG] Buffering 10%
[DBG] Buffering 13%
[DBG] Buffering 16%
[DBG] Buffering 32%
[DBG] Buffering 38%
[DBG] Buffering 41%
[DBG] Buffering 45%
[DBG] Received first picture
10:37:32.081 AM [framestep] nextFrameStepped result=0 time=24276 ms
[DBG] Buffering 50%
[DBG] Buffering 52%
[DBG] Buffering 55%
[DBG] Buffering 58%
[DBG] Buffering 61%
[DBG] Buffering 63%
[DBG] Buffering 66%
[DBG] Buffering 80%
[DBG] Buffering 81%
[DBG] Buffering 88%
[DBG] Buffering 90%
[DBG] Buffering 91%
[DBG] Buffering 95%
[DBG] Stream buffering done (1001 ms in 18 ms)
[DBG] Decoder wait done in 0 ms
10:37:32.088 AM [player] buffering 1.0
[ERR] ES_OUT_SET_(GROUP_)PCR  is called 23341 ms late (jitter of 23339 ms ignored)
[DBG] ES_OUT_RESET_PCR called
10:37:32.089 AM [player] buffering 0.0
[DBG] Buffering 0%
10:37:32.090 AM [player] buffering 0.0
[DBG] Buffering 4%
[DBG] Buffering 8%
[DBG] Buffering 23%
[DBG] Buffering 29%
[DBG] Buffering 33%
[DBG] Buffering 36%
[DBG] Received first picture
10:37:32.098 AM [framestep] nextFrameStepped result=0 time=24276 ms
[DBG] Buffering 41%
[DBG] Buffering 46%
[DBG] Buffering 50%
[DBG] Buffering 52%
[DBG] Buffering 55%
[DBG] Buffering 58%
[DBG] Buffering 74%
[DBG] Buffering 80%
[DBG] Buffering 83%
[DBG] Buffering 86%
[DBG] Buffering 91%
[DBG] Buffering 94%
[DBG] Buffering 96%
[DBG] Stream buffering done (1001 ms in 22 ms)
10:37:32.112 AM [player] buffering 1.0
[DBG] Decoder wait done in 0 ms
[ERR] ES_OUT_SET_(GROUP_)PCR  is called 23379 ms late (jitter of 23341 ms ignored)
[DBG] ES_OUT_RESET_PCR called
10:37:32.112 AM [player] buffering 0.0
[DBG] Buffering 0%
10:37:32.112 AM [player] buffering 0.0
[DBG] Buffering 3%
[DBG] Buffering 17%
[DBG] Buffering 18%
[DBG] Buffering 25%
[DBG] Buffering 27%
[DBG] Buffering 28%
[DBG] Buffering 31%
[DBG] Buffering 36%
[DBG] Buffering 41%
[DBG] Received first picture
10:37:32.119 AM [framestep] nextFrameStepped result=0 time=24276 ms
[DBG] Buffering 45%
[DBG] Buffering 50%
[DBG] Buffering 53%
[DBG] Buffering 69%
[DBG] Buffering 75%
[DBG] Buffering 78%
[DBG] Buffering 81%
[DBG] Buffering 86%
[DBG] Buffering 91%
[DBG] Buffering 95%
[DBG] Buffering 97%
[DBG] Stream buffering done (1001 ms in 13 ms)
10:37:32.126 AM [player] buffering 1.0
[DBG] Decoder wait done in 0 ms
[ERR] ES_OUT_SET_(GROUP_)PCR  is called 23397 ms late (jitter of 23379 ms ignored)
[DBG] ES_OUT_RESET_PCR called
10:37:32.129 AM [player] buffering 0.0
[DBG] Buffering 0%
10:37:32.133 AM [player] buffering 0.0
[DBG] Buffering 1%
[DBG] Buffering 8%
[DBG] Buffering 9%
[DBG] Buffering 11%
[DBG] Buffering 14%
[DBG] Buffering 19%
[DBG] Buffering 24%
[DBG] Received first picture
10:37:32.137 AM [framestep] nextFrameStepped result=0 time=24276 ms
[DBG] Buffering 28%
[DBG] Buffering 33%
[DBG] Buffering 36%
[DBG] Buffering 51%
[DBG] Buffering 58%
[DBG] Buffering 60%
[DBG] Buffering 61%
[DBG] Buffering 64%
[DBG] Buffering 69%
[DBG] Buffering 74%
[DBG] Buffering 78%
[DBG] Buffering 80%
[DBG] Buffering 83%
[DBG] Buffering 86%
[DBG] Stream buffering done (1024 ms in 19 ms)
10:37:32.152 AM [player] buffering 1.0
[DBG] Decoder wait done in 0 ms
[ERR] ES_OUT_SET_(GROUP_)PCR  is called 23376 ms late (jitter of 23379 ms ignored)
[DBG] ES_OUT_RESET_PCR called
10:37:32.154 AM [player] buffering 0.0
10:37:32.155 AM [player] buffering 0.0
[DBG] Buffering 0%
[DBG] Buffering 3%
[DBG] Buffering 8%
[DBG] Buffering 13%
[DBG] Buffering 16%
[DBG] Buffering 19%
[DBG] Buffering 21%
[DBG] Buffering 25%
[DBG] Buffering 38%
[DBG] Buffering 40%
[DBG] Buffering 46%
[DBG] Buffering 48%
[DBG] Buffering 50%
[DBG] Buffering 53%
[DBG] Buffering 57%
[DBG] Buffering 58%
[DBG] Received first picture
10:37:32.162 AM [framestep] nextFrameStepped result=0 time=24276 ms
[DBG] Buffering 63%
[DBG] Buffering 66%
[DBG] Buffering 71%
[DBG] Buffering 75%
[DBG] Buffering 90%
[DBG] Buffering 96%
[DBG] Buffering 99%
[DBG] Stream buffering done (1001 ms in 12 ms)
[DBG] Decoder wait done in 0 ms
10:37:32.167 AM [player] buffering 1.0
[ERR] ES_OUT_SET_(GROUP_)PCR  is called 23437 ms late (jitter of 23397 ms ignored)
[DBG] ES_OUT_RESET_PCR called
10:37:32.168 AM [player] buffering 0.0
10:37:32.168 AM [player] buffering 0.0
[DBG] Buffering 0%
[DBG] Buffering 5%
[DBG] Buffering 8%
[DBG] Buffering 10%
[DBG] Buffering 13%
[DBG] Buffering 16%
[DBG] Buffering 32%
[DBG] Buffering 38%
[DBG] Buffering 41%
[DBG] Buffering 45%
[DBG] Buffering 50%
[DBG] Buffering 52%
[DBG] Buffering 55%
[DBG] Received first picture
10:37:32.180 AM [framestep] nextFrameStepped result=0 time=24276 ms
[DBG] Buffering 58%
[DBG] Buffering 61%
[DBG] Buffering 63%
[DBG] Buffering 66%
[DBG] Buffering 80%
[DBG] Buffering 81%
[DBG] Buffering 88%
[DBG] Buffering 90%
[DBG] Buffering 91%
[DBG] Buffering 95%
[DBG] Stream buffering done (1000 ms in 21 ms)
[DBG] Decoder wait done in 0 ms
10:37:32.189 AM [player] buffering 1.0
[ERR] ES_OUT_SET_(GROUP_)PCR  is called 23492 ms late (jitter of 23437 ms ignored)
[DBG] ES_OUT_RESET_PCR called
10:37:32.189 AM [player] buffering 0.0
[DBG] Buffering 0%
10:37:32.190 AM [player] buffering 0.0
[DBG] Buffering 3%
[DBG] Buffering 8%
[DBG] Buffering 11%
[DBG] Buffering 26%
[DBG] Buffering 33%
[DBG] Buffering 36%
[DBG] Buffering 40%
[DBG] Buffering 45%
[DBG] Buffering 50%
[DBG] Buffering 53%
[DBG] Buffering 55%
[DBG] Received first picture
10:37:32.200 AM [framestep] nextFrameStepped result=0 time=24276 ms
[DBG] Buffering 58%
[DBG] Buffering 61%
[DBG] Buffering 78%
[DBG] Buffering 83%
[DBG] Buffering 86%
[DBG] Buffering 90%
[DBG] Buffering 95%
[DBG] Buffering 97%
[DBG] Stream buffering done (1001 ms in 21 ms)
[DBG] Decoder wait done in 0 ms
10:37:32.211 AM [player] buffering 1.0
[ERR] ES_OUT_SET_(GROUP_)PCR  is called 23481 ms late (jitter of 23481 ms ignored)
[DBG] ES_OUT_RESET_PCR called
10:37:32.212 AM [player] buffering 0.0
10:37:32.212 AM [player] buffering 0.0
[DBG] Buffering 0%
[DBG] Buffering 1%
[DBG] Buffering 4%
[DBG] Buffering 19%
[DBG] Buffering 26%
[DBG] Buffering 28%
[DBG] Buffering 29%
[DBG] Buffering 33%
[DBG] Buffering 38%
[DBG] Buffering 43%
[DBG] Received first picture
10:37:32.219 AM [framestep] nextFrameStepped result=0 time=24276 ms
[DBG] Buffering 46%
[DBG] Buffering 51%
[DBG] Buffering 55%
[DBG] Buffering 70%
[DBG] Buffering 76%
[DBG] Buffering 80%
[DBG] Buffering 83%
[DBG] Buffering 88%
[DBG] Buffering 93%
[DBG] Buffering 96%
[DBG] Buffering 99%
[DBG] Stream buffering done (1017 ms in 16 ms)
[DBG] Decoder wait done in 0 ms
10:37:32.229 AM [player] buffering 1.0
[ERR] ES_OUT_SET_(GROUP_)PCR  is called 23482 ms late (jitter of 23482 ms ignored)
[DBG] ES_OUT_RESET_PCR called
10:37:32.229 AM [player] buffering 0.0
[DBG] Buffering 0%
10:37:32.232 AM [player] buffering 0.0
[DBG] Buffering 5%
[DBG] Buffering 8%
[DBG] Received first picture
10:37:32.242 AM [framestep] nextFrameStepped result=0 time=24276 ms
[DBG] Buffering 11%
[DBG] Buffering 16%
[DBG] Buffering 19%
[DBG] Buffering 21%
[DBG] Buffering 25%
[DBG] Buffering 28%
[DBG] Buffering 30%
[DBG] Buffering 33%
[DBG] Buffering 48%
[DBG] Buffering 55%
[DBG] Buffering 57%
[DBG] Buffering 58%
[DBG] Buffering 61%
[DBG] Buffering 66%
[DBG] Buffering 71%
[DBG] Buffering 75%
[DBG] Buffering 80%
[DBG] Buffering 83%
[DBG] Buffering 99%
[DBG] Stream buffering done (1052 ms in 27 ms)
[DBG] Decoder wait done in 0 ms
10:37:32.260 AM [player] buffering 1.0
[ERR] ES_OUT_SET_(GROUP_)PCR  is called 23479 ms late (jitter of 23481 ms ignored)
[DBG] ES_OUT_RESET_PCR called
10:37:32.260 AM [player] buffering 0.0
[DBG] Buffering 0%
10:37:32.261 AM [player] buffering 0.0
[DBG] Buffering 5%
[DBG] Buffering 10%
[DBG] Buffering 13%
[DBG] Buffering 16%
[DBG] Buffering 18%
[DBG] Buffering 21%
[DBG] Buffering 35%
[DBG] Buffering 36%
[DBG] Buffering 43%
[DBG] Buffering 44%
[DBG] Buffering 46%
[DBG] Buffering 50%
[DBG] Received first picture
10:37:32.268 AM [framestep] nextFrameStepped result=0 time=24276 ms
[DBG] Buffering 54%
[DBG] Buffering 55%
[DBG] Buffering 60%
[DBG] Buffering 63%
[DBG] Buffering 68%
[DBG] Buffering 71%
[DBG] Buffering 86%
[DBG] Buffering 93%
[DBG] Buffering 96%
[DBG] Stream buffering done (1001 ms in 18 ms)
10:37:32.279 AM [player] buffering 1.0
[DBG] Decoder wait done in 0 ms
[ERR] ES_OUT_SET_(GROUP_)PCR  is called 23531 ms late (jitter of 23482 ms ignored)
[DBG] ES_OUT_RESET_PCR called
10:37:32.279 AM [player] buffering 0.0
[DBG] Buffering 0%
10:37:32.280 AM [player] buffering 0.0
[DBG] Buffering 3%
[DBG] Buffering 5%
[DBG] Buffering 8%
[DBG] Buffering 11%
[DBG] Buffering 27%
[DBG] Buffering 33%
[DBG] Buffering 36%
[DBG] Received first picture
10:37:32.294 AM [framestep] nextFrameStepped result=0 time=24276 ms
[DBG] Buffering 40%
[DBG] Buffering 45%
[DBG] Buffering 46%
[DBG] Buffering 50%
[DBG] Buffering 53%
[DBG] Buffering 56%
[DBG] Buffering 58%
[DBG] Buffering 61%
[DBG] Buffering 75%
[DBG] Buffering 76%
[DBG] Buffering 83%
[DBG] Buffering 85%
[DBG] Buffering 86%
[DBG] Buffering 90%
[DBG] Buffering 94%
[DBG] Buffering 95%
[DBG] Stream buffering done (1001 ms in 29 ms)
[DBG] Decoder wait done in 0 ms
10:37:32.310 AM [player] buffering 1.0
[ERR] ES_OUT_SET_(GROUP_)PCR  is called 23580 ms late (jitter of 23531 ms ignored)
[DBG] ES_OUT_RESET_PCR called
10:37:32.311 AM [player] buffering 0.0
[DBG] Buffering 0%
10:37:32.312 AM [player] buffering 0.0
[DBG] Buffering 3%
[DBG] Buffering 18%
[DBG] Received first picture
10:37:32.317 AM [framestep] nextFrameStepped result=0 time=24276 ms
[DBG] Buffering 25%
[DBG] Buffering 28%
[DBG] Buffering 31%
[DBG] Buffering 36%
[DBG] Buffering 41%
[DBG] Buffering 45%
[DBG] Buffering 47%
[DBG] Buffering 50%
[DBG] Buffering 53%
[DBG] Buffering 69%
[DBG] Buffering 75%
[DBG] Buffering 78%
[DBG] Buffering 81%
[DBG] Buffering 86%
[DBG] Buffering 88%
[DBG] Buffering 91%
[DBG] Buffering 95%
[DBG] Buffering 98%
[DBG] Stream buffering done (1001 ms in 18 ms)
[DBG] Decoder wait done in 0 ms
10:37:32.330 AM [player] buffering 1.0
[ERR] ES_OUT_SET_(GROUP_)PCR  is called 23599 ms late (jitter of 23580 ms ignored)
[DBG] ES_OUT_RESET_PCR called
10:37:32.331 AM [player] buffering 0.0
[DBG] Buffering 0%
10:37:32.332 AM [player] buffering 0.0
[DBG] Buffering 7%
[DBG] Buffering 9%
[DBG] Buffering 10%
[DBG] Received first picture
10:37:32.341 AM [framestep] nextFrameStepped result=0 time=24276 ms
[DBG] Buffering 14%
[DBG] Buffering 19%
[DBG] Buffering 24%
[DBG] Buffering 27%
[DBG] Buffering 32%
[DBG] Buffering 35%
[DBG] Buffering 51%
[DBG] Buffering 57%
[DBG] Buffering 60%
[DBG] Buffering 64%
[DBG] Buffering 69%
[DBG] Buffering 74%
[DBG] Buffering 77%
[DBG] Buffering 80%
[DBG] Buffering 82%
[DBG] Buffering 86%
[DBG] Stream buffering done (1024 ms in 24 ms)
[DBG] Decoder wait done in 0 ms
10:37:32.357 AM [player] buffering 1.0
[ERR] ES_OUT_SET_(GROUP_)PCR  is called 23588 ms late (jitter of 23588 ms ignored)
[DBG] ES_OUT_RESET_PCR called
10:37:32.360 AM [player] buffering 0.0
[DBG] Buffering 0%
10:37:32.360 AM [player] buffering 0.0
[DBG] Buffering 3%
[DBG] Buffering 8%
[DBG] Buffering 10%
[DBG] Buffering 13%
[DBG] Buffering 16%
[DBG] Buffering 20%
[DBG] Buffering 21%
[DBG] Buffering 25%
[DBG] Buffering 39%
[DBG] Buffering 40%
[DBG] Buffering 46%
[DBG] Buffering 49%
[DBG] Buffering 50%
[DBG] Received first picture
10:37:32.373 AM [framestep] nextFrameStepped result=0 time=24276 ms
[DBG] Buffering 53%
[DBG] Buffering 58%
[DBG] Buffering 63%
[DBG] Buffering 66%
[DBG] Buffering 71%
[DBG] Buffering 75%
[DBG] Buffering 90%
[DBG] Buffering 96%
[DBG] Stream buffering done (1001 ms in 24 ms)
10:37:32.385 AM [player] buffering 1.0
[DBG] Decoder wait done in 0 ms
[ERR] ES_OUT_SET_(GROUP_)PCR  is called 23655 ms late (jitter of 23599 ms ignored)
[DBG] ES_OUT_RESET_PCR called
10:37:32.385 AM [player] buffering 0.0
[DBG] Buffering 0%
10:37:32.386 AM [player] buffering 0.0
[DBG] Buffering 5%
[DBG] Buffering 8%
[DBG] Buffering 11%
[DBG] Buffering 13%
[DBG] Buffering 16%
[DBG] Buffering 30%
[DBG] Buffering 31%
[DBG] Received first picture
10:37:32.395 AM [framestep] nextFrameStepped result=0 time=24276 ms
[DBG] Buffering 38%
[DBG] Buffering 39%
[DBG] Buffering 41%
[DBG] Buffering 45%
[DBG] Buffering 49%
[DBG] Buffering 50%
[DBG] Buffering 55%
[DBG] Buffering 58%
[DBG] Buffering 63%
[DBG] Buffering 66%
[DBG] Buffering 81%
[DBG] Buffering 88%
[DBG] Buffering 91%
[DBG] Buffering 95%
[DBG] Stream buffering done (1001 ms in 17 ms)
[DBG] Decoder wait done in 0 ms
10:37:32.403 AM [player] buffering 1.0
[ERR] ES_OUT_SET_(GROUP_)PCR  is called 23657 ms late (jitter of 23655 ms ignored)
[DBG] ES_OUT_RESET_PCR called
10:37:32.405 AM [player] buffering 0.0
[DBG] Buffering 0%
10:37:32.405 AM [player] buffering 0.0
[DBG] Buffering 5%
[DBG] Buffering 8%
[DBG] Buffering 24%
[DBG] Buffering 30%
[DBG] Buffering 33%
[DBG] Buffering 36%
[DBG] Buffering 41%
[DBG] Buffering 46%
[DBG] Buffering 50%
[DBG] Received first picture
[DBG] Buffering 52%
10:37:32.411 AM [framestep] nextFrameStepped result=0 time=24276 ms
[DBG] Buffering 55%
[DBG] Buffering 58%
[DBG] Buffering 72%
[DBG] Buffering 73%
[DBG] Buffering 80%
[DBG] Buffering 81%
[DBG] Buffering 83%
[DBG] Buffering 86%
[DBG] Buffering 91%
[DBG] Buffering 96%
10:37:32.421 AM [player] buffering 1.0
[DBG] Stream buffering done (1001 ms in 15 ms)
[DBG] Decoder wait done in 0 ms
[ERR] ES_OUT_SET_(GROUP_)PCR  is called 23674 ms late (jitter of 23657 ms ignored)
[DBG] ES_OUT_RESET_PCR called
10:37:32.422 AM [player] buffering 0.0
[DBG] Buffering 0%
10:37:32.422 AM [player] buffering 0.0
[DBG] Buffering 14%
[DBG] Buffering 15%
[DBG] Buffering 21%
[DBG] Buffering 24%
[DBG] Buffering 25%
[DBG] Buffering 28%
[DBG] Buffering 33%
[DBG] Buffering 38%
[DBG] Buffering 41%
[DBG] Buffering 43%
[DBG] Buffering 46%
[DBG] Buffering 50%
[DBG] Received first picture
10:37:32.432 AM [framestep] nextFrameStepped result=0 time=24276 ms
[DBG] Buffering 66%
[DBG] Buffering 71%
[DBG] Buffering 75%
[DBG] Buffering 78%
[DBG] Buffering 83%
[DBG] Buffering 85%
[DBG] Buffering 88%
[DBG] Buffering 91%
[DBG] Buffering 94%
[DBG] Buffering 96%
[DBG] Stream buffering done (1001 ms in 19 ms)
[DBG] Decoder wait done in 0 ms
10:37:32.441 AM [player] buffering 1.0
[ERR] ES_OUT_SET_(GROUP_)PCR  is called 23608 ms late (jitter of 23657 ms ignored)
[DBG] ES_OUT_RESET_PCR called
10:37:32.446 AM [player] buffering 0.0
[DBG] Buffering 0%
10:37:32.448 AM [player] buffering 0.0
[DBG] Buffering 6%
[DBG] Buffering 8%
[DBG] Buffering 9%
[DBG] Buffering 13%
[DBG] Buffering 18%
[DBG] Buffering 23%
[DBG] Buffering 26%
[DBG] Buffering 31%
[DBG] Buffering 35%
[DBG] Buffering 50%
[DBG] Buffering 56%
[DBG] Buffering 59%
[DBG] Buffering 60%
[DBG] Buffering 63%
[DBG] Buffering 68%
[DBG] Buffering 73%
[DBG] Buffering 76%
[DBG] Buffering 78%
[DBG] Buffering 81%
[DBG] Received first picture
[DBG] Buffering 85%
10:37:32.462 AM [framestep] nextFrameStepped result=0 time=24276 ms
[DBG] Stream buffering done (1013 ms in 17 ms)
10:37:32.465 AM [player] buffering 1.0
[DBG] Decoder wait done in 0 ms
[ERR] ES_OUT_SET_(GROUP_)PCR  is called 23703 ms late (jitter of 23674 ms ignored)
[DBG] ES_OUT_RESET_PCR called
10:37:32.466 AM [player] buffering 0.0
[DBG] Buffering 0%
10:37:32.466 AM [player] buffering 0.0
[DBG] Buffering 3%
[DBG] Buffering 8%
[DBG] Buffering 10%
[DBG] Buffering 13%
[DBG] Buffering 16%
[DBG] Buffering 20%
[DBG] Buffering 21%
[DBG] Buffering 25%
[DBG] Buffering 39%
[DBG] Buffering 40%
[DBG] Buffering 46%
[DBG] Buffering 48%
[DBG] Received first picture
10:37:32.478 AM [framestep] nextFrameStepped result=0 time=24276 ms
[DBG] Buffering 50%
[DBG] Buffering 53%
[DBG] Buffering 58%
[DBG] Buffering 63%
[DBG] Buffering 66%
[DBG] Buffering 71%
[DBG] Buffering 75%
[DBG] Buffering 90%
[DBG] Buffering 96%
[DBG] Stream buffering done (1001 ms in 34 ms)
[DBG] Decoder wait done in 0 ms
10:37:32.501 AM [player] buffering 1.0
[ERR] ES_OUT_SET_(GROUP_)PCR  is called 23771 ms late (jitter of 23703 ms ignored)
[DBG] ES_OUT_RESET_PCR called
10:37:32.501 AM [player] buffering 0.0
10:37:32.503 AM [player] buffering 0.0
[DBG] Buffering 0%
[DBG] Buffering 5%
[DBG] Buffering 8%
[DBG] Buffering 10%
[DBG] Buffering 13%
[DBG] Buffering 16%
[DBG] Buffering 33%
[DBG] Buffering 38%
[DBG] Buffering 41%
[DBG] Buffering 45%
[DBG] Buffering 50%
[DBG] Buffering 52%
[DBG] Buffering 55%
[DBG] Buffering 58%
[DBG] Buffering 62%
[DBG] Received first picture
10:37:32.510 AM [framestep] nextFrameStepped result=0 time=24276 ms
[DBG] Buffering 63%
[DBG] Buffering 66%
[DBG] Buffering 81%
[DBG] Buffering 88%
[DBG] Buffering 90%
[DBG] Buffering 91%
[DBG] Buffering 95%
[DBG] Stream buffering done (1001 ms in 16 ms)
10:37:32.519 AM [player] buffering 1.0
[DBG] Decoder wait done in 0 ms
[ERR] ES_OUT_SET_(GROUP_)PCR  is called 23772 ms late (jitter of 23771 ms ignored)
[DBG] ES_OUT_RESET_PCR called
10:37:32.520 AM [player] buffering 0.0
[DBG] Buffering 0%
10:37:32.520 AM [player] buffering 0.0
[DBG] Buffering 4%
[DBG] Buffering 8%
[DBG] Buffering 23%
[DBG] Buffering 29%
[DBG] Buffering 33%
[DBG] Buffering 36%
[DBG] Buffering 41%
[DBG] Received first picture
10:37:32.528 AM [framestep] nextFrameStepped result=0 time=24276 ms
[DBG] Buffering 46%
[DBG] Buffering 50%
[DBG] Buffering 52%
[DBG] Buffering 55%
[DBG] Buffering 58%
[DBG] Buffering 71%
[DBG] Buffering 73%
[DBG] Buffering 80%
[DBG] Buffering 81%
[DBG] Buffering 83%
[DBG] Buffering 86%
[DBG] Buffering 91%
[DBG] Buffering 96%
[DBG] Stream buffering done (1001 ms in 21 ms)
10:37:32.541 AM [player] buffering 1.0
[DBG] Decoder wait done in 0 ms
[ERR] ES_OUT_SET_(GROUP_)PCR  is called 23795 ms late (jitter of 23772 ms ignored)
[DBG] ES_OUT_RESET_PCR called
10:37:32.542 AM [player] buffering 0.0
[DBG] Buffering 0%
10:37:32.542 AM [player] buffering 0.0
[DBG] Buffering 14%
[DBG] Buffering 21%
[DBG] Buffering 24%
[DBG] Buffering 25%
[DBG] Buffering 28%
[DBG] Buffering 33%
[DBG] Buffering 38%
[DBG] Buffering 41%
[DBG] Buffering 43%
[DBG] Buffering 46%
[DBG] Received first picture
10:37:32.549 AM [framestep] nextFrameStepped result=0 time=24276 ms
[DBG] Buffering 50%
[DBG] Buffering 65%
[DBG] Buffering 71%
[DBG] Buffering 75%
[DBG] Buffering 78%
[DBG] Buffering 83%
[DBG] Buffering 88%
[DBG] Buffering 91%
[DBG] Buffering 94%
[DBG] Buffering 96%
[DBG] Stream buffering done (1001 ms in 16 ms)
[DBG] Decoder wait done in 0 ms
10:37:32.558 AM [player] buffering 1.0
[ERR] ES_OUT_SET_(GROUP_)PCR  is called 23730 ms late (jitter of 23772 ms ignored)
[DBG] ES_OUT_RESET_PCR called
10:37:32.565 AM [player] buffering 0.0
10:37:32.567 AM [player] buffering 0.0
[DBG] Buffering 0%
[DBG] Buffering 6%
[DBG] Buffering 8%
[DBG] Buffering 10%
[DBG] Buffering 13%
[DBG] Buffering 18%
[DBG] Buffering 23%
[DBG] Buffering 26%
[DBG] Buffering 31%
[DBG] Buffering 35%
[DBG] Buffering 50%
[DBG] Buffering 56%
[DBG] Buffering 59%
[DBG] Buffering 60%
[DBG] Buffering 63%
[DBG] Buffering 68%
[DBG] Received first picture
10:37:32.577 AM [framestep] nextFrameStepped result=0 time=24276 ms
[DBG] Buffering 73%
[DBG] Buffering 76%
[DBG] Buffering 78%
[DBG] Buffering 81%
[DBG] Buffering 85%
[DBG] Stream buffering done (1012 ms in 17 ms)
10:37:32.585 AM [player] buffering 1.0
[DBG] Decoder wait done in 0 ms
[ERR] ES_OUT_SET_(GROUP_)PCR  is called 23835 ms late (jitter of 23795 ms ignored)
[DBG] ES_OUT_RESET_PCR called
10:37:32.598 AM [player] buffering 0.0
[DBG] Buffering 0%
10:37:32.599 AM [player] buffering 0.0
[DBG] Buffering 3%
[DBG] Buffering 8%
[DBG] Buffering 10%
[DBG] Buffering 13%
[DBG] Buffering 16%
[DBG] Buffering 19%
[DBG] Buffering 21%
[DBG] Buffering 25%
[DBG] Buffering 39%
[DBG] Buffering 40%
[DBG] Buffering 46%
[DBG] Buffering 48%
[DBG] Buffering 50%
[DBG] Buffering 53%
[DBG] Buffering 58%
[DBG] Buffering 63%
[DBG] Received first picture
10:37:32.608 AM [framestep] nextFrameStepped result=0 time=24276 ms
[DBG] Buffering 66%
[DBG] Buffering 71%
[DBG] Buffering 75%
[DBG] Buffering 90%
[DBG] Buffering 96%
[DBG] Buffering 99%
[DBG] Stream buffering done (1001 ms in 13 ms)
[DBG] Decoder wait done in 0 ms
10:37:32.612 AM [player] buffering 1.0
[ERR] ES_OUT_SET_(GROUP_)PCR  is called 23883 ms late (jitter of 23835 ms ignored)
[DBG] ES_OUT_RESET_PCR called
10:37:32.613 AM [player] buffering 0.0
[DBG] Buffering 0%
10:37:32.613 AM [player] buffering 0.0
[DBG] Buffering 5%
[DBG] Buffering 8%
[DBG] Buffering 10%
[DBG] Buffering 13%
[DBG] Buffering 16%
[DBG] Buffering 33%
[DBG] Buffering 38%
[DBG] Buffering 41%
[DBG] Buffering 45%
[DBG] Buffering 50%
[DBG] Buffering 52%
[DBG] Buffering 55%
[DBG] Buffering 58%
[DBG] Buffering 61%
[DBG] Buffering 63%
[DBG] Buffering 66%
[DBG] Buffering 81%
[DBG] Received first picture
10:37:32.624 AM [framestep] nextFrameStepped result=0 time=24276 ms
[DBG] Buffering 88%
[DBG] Buffering 90%
[DBG] Buffering 91%
[DBG] Buffering 95%
10:37:32.629 AM [player] buffering 1.0
[DBG] Stream buffering done (1001 ms in 15 ms)
[DBG] Decoder wait done in 0 ms
[ERR] ES_OUT_SET_(GROUP_)PCR  is called 23884 ms late (jitter of 23883 ms ignored)
[DBG] ES_OUT_RESET_PCR called
10:37:32.631 AM [player] buffering 0.0
10:37:32.633 AM [player] buffering 0.0
[DBG] Buffering 0%
[DBG] Buffering 5%
[DBG] Buffering 8%
[DBG] Buffering 23%
[DBG] Buffering 30%
[DBG] Buffering 33%
[DBG] Buffering 36%
[DBG] Buffering 41%
[DBG] Buffering 46%
[DBG] Buffering 50%
[DBG] Buffering 52%
[DBG] Buffering 55%
[DBG] Received first picture
10:37:32.639 AM [framestep] nextFrameStepped result=0 time=24276 ms
[DBG] Buffering 58%
[DBG] Buffering 75%
[DBG] Buffering 80%
[DBG] Buffering 83%
[DBG] Buffering 86%
[DBG] Buffering 91%
[DBG] Buffering 94%
[DBG] Buffering 96%
[DBG] Stream buffering done (1001 ms in 15 ms)
10:37:32.648 AM [player] buffering 1.0
[DBG] Decoder wait done in 0 ms
[ERR] ES_OUT_SET_(GROUP_)PCR  is called 23913 ms late (jitter of 23884 ms ignored)
[DBG] ES_OUT_RESET_PCR called
10:37:32.648 AM [player] buffering 0.0
[DBG] Buffering 0%
10:37:32.648 AM [player] buffering 0.0
[DBG] Buffering 3%
[DBG] Buffering 17%
[DBG] Buffering 18%
[DBG] Buffering 25%
[DBG] Buffering 27%
[DBG] Buffering 28%
[DBG] Buffering 31%
[DBG] Buffering 36%
[DBG] Buffering 41%
[DBG] Buffering 45%
[DBG] Buffering 50%
[DBG] Received first picture
[DBG] Buffering 53%
10:37:32.656 AM [framestep] nextFrameStepped result=0 time=24276 ms
[DBG] Buffering 69%
[DBG] Buffering 75%
[DBG] Buffering 78%
[DBG] Buffering 81%
[DBG] Buffering 86%
[DBG] Buffering 91%
[DBG] Buffering 95%
[DBG] Buffering 97%
10:37:32.667 AM [player] buffering 1.0
[DBG] Stream buffering done (1001 ms in 18 ms)
[DBG] Decoder wait done in 0 ms
[ERR] ES_OUT_SET_(GROUP_)PCR  is called 23937 ms late (jitter of 23913 ms ignored)
[DBG] ES_OUT_RESET_PCR called
10:37:32.667 AM [player] buffering 0.0
[DBG] Buffering 0%
10:37:32.674 AM [player] buffering 0.0
[DBG] Buffering 1%
[DBG] Buffering 8%
[DBG] Buffering 9%
[DBG] Buffering 11%
[DBG] Buffering 14%
[DBG] Buffering 19%
[DBG] Buffering 24%
[DBG] Received first picture
10:37:32.679 AM [framestep] nextFrameStepped result=0 time=24276 ms
[DBG] Buffering 28%
[DBG] Buffering 33%
[DBG] Buffering 36%
[DBG] Buffering 51%
[DBG] Buffering 57%
[DBG] Buffering 60%
[DBG] Buffering 61%
[DBG] Buffering 64%
[DBG] Buffering 69%
[DBG] Buffering 74%
[DBG] Buffering 78%
[DBG] Buffering 80%
[DBG] Buffering 83%
[DBG] Buffering 86%
10:37:32.688 AM [player] buffering 1.0
[DBG] Stream buffering done (1024 ms in 13 ms)
[DBG] Decoder wait done in 0 ms
[ERR] ES_OUT_SET_(GROUP_)PCR  is called 23911 ms late (jitter of 23913 ms ignored)
[DBG] ES_OUT_RESET_PCR called
10:37:32.688 AM [player] buffering 0.0
[DBG] Buffering 0%
10:37:32.689 AM [player] buffering 0.0
[DBG] Buffering 3%
[DBG] Buffering 8%
[DBG] Buffering 10%
[DBG] Buffering 13%
[DBG] Buffering 16%
[DBG] Buffering 19%
[DBG] Buffering 21%
[DBG] Buffering 25%
[DBG] Buffering 39%
[DBG] Buffering 40%
[DBG] Buffering 46%
[DBG] Buffering 48%
[DBG] Buffering 50%
[DBG] Buffering 53%
[DBG] Buffering 58%
[DBG] Received first picture
10:37:32.704 AM [framestep] nextFrameStepped result=0 time=24276 ms
[DBG] Buffering 63%
[DBG] Buffering 66%
[DBG] Buffering 71%
[DBG] Buffering 75%
[DBG] Buffering 90%
[DBG] Buffering 96%
[DBG] Buffering 99%
[DBG] Stream buffering done (1001 ms in 22 ms)
[DBG] Decoder wait done in 0 ms
10:37:32.712 AM [player] buffering 1.0
[ERR] ES_OUT_SET_(GROUP_)PCR  is called 23981 ms late (jitter of 23937 ms ignored)
[DBG] ES_OUT_RESET_PCR called
10:37:32.712 AM [player] buffering 0.0
[DBG] Buffering 0%
10:37:32.712 AM [player] buffering 0.0
[DBG] Buffering 5%
[DBG] Buffering 8%
[DBG] Buffering 10%
[DBG] Buffering 13%
[DBG] Buffering 16%
[DBG] Buffering 32%
[DBG] Buffering 38%
[DBG] Buffering 41%
[DBG] Buffering 45%
[DBG] Buffering 50%
[DBG] Buffering 52%
[DBG] Buffering 55%
[DBG] Received first picture
10:37:32.723 AM [framestep] nextFrameStepped result=0 time=24276 ms
[DBG] Buffering 58%
[DBG] Buffering 61%
[DBG] Buffering 63%
[DBG] Buffering 66%
[DBG] Buffering 80%
[DBG] Buffering 81%
[DBG] Buffering 88%
[DBG] Buffering 90%
[DBG] Buffering 91%
[DBG] Buffering 95%
[DBG] Stream buffering done (1001 ms in 21 ms)
[DBG] Decoder wait done in 0 ms
10:37:32.733 AM [player] buffering 1.0
[ERR] ES_OUT_SET_(GROUP_)PCR  is called 23987 ms late (jitter of 23981 ms ignored)
[DBG] ES_OUT_RESET_PCR called
10:37:32.734 AM [player] buffering 0.0
10:37:32.735 AM [player] buffering 0.0
[DBG] Buffering 0%
[DBG] Buffering 4%
[DBG] Buffering 8%
[DBG] Buffering 23%
[DBG] Buffering 29%
[DBG] Buffering 33%
[DBG] Buffering 36%
[DBG] Buffering 41%
[DBG] Buffering 46%
[DBG] Buffering 50%
[DBG] Received first picture
10:37:32.744 AM [framestep] nextFrameStepped result=0 time=24276 ms
[DBG] Buffering 52%
[DBG] Buffering 55%
[DBG] Buffering 58%
[DBG] Buffering 74%
[DBG] Buffering 80%
[DBG] Buffering 83%
[DBG] Buffering 86%
[DBG] Buffering 91%
[DBG] Buffering 94%
[DBG] Buffering 96%
[DBG] Stream buffering done (1001 ms in 18 ms)
[DBG] Decoder wait done in 0 ms
10:37:32.754 AM [player] buffering 1.0
[ERR] ES_OUT_SET_(GROUP_)PCR  is called 24021 ms late (jitter of 23987 ms ignored)
[DBG] ES_OUT_RESET_PCR called
10:37:32.755 AM [player] buffering 0.0
[DBG] Buffering 0%
10:37:32.755 AM [player] buffering 0.0
[DBG] Buffering 3%
[DBG] Buffering 17%
[DBG] Buffering 18%
[DBG] Buffering 25%
[DBG] Buffering 27%
[DBG] Buffering 28%
[DBG] Buffering 31%
[DBG] Buffering 36%
[DBG] Received first picture
10:37:32.761 AM [framestep] nextFrameStepped result=0 time=24276 ms
[DBG] Buffering 41%
[DBG] Buffering 45%
[DBG] Buffering 50%
[DBG] Buffering 53%
[DBG] Buffering 69%
[DBG] Buffering 75%
[DBG] Buffering 78%
[DBG] Buffering 81%
[DBG] Buffering 86%
[DBG] Buffering 91%
[DBG] Buffering 95%
[DBG] Buffering 97%
[DBG] Stream buffering done (1001 ms in 17 ms)
[DBG] Decoder wait done in 0 ms
10:37:32.773 AM [player] buffering 1.0
[ERR] ES_OUT_SET_(GROUP_)PCR  is called 24042 ms late (jitter of 24021 ms ignored)
[DBG] ES_OUT_RESET_PCR called
10:37:32.773 AM [player] buffering 0.0
[DBG] Buffering 0%
10:37:32.775 AM [player] buffering 0.0
[DBG] Buffering 1%
[DBG] Buffering 8%
[DBG] Buffering 9%
[DBG] Buffering 11%
[DBG] Buffering 14%
[DBG] Buffering 19%
[DBG] Buffering 24%
[DBG] Received first picture
10:37:32.779 AM [framestep] nextFrameStepped result=0 time=24276 ms
[DBG] Buffering 28%
[DBG] Buffering 33%
[DBG] Buffering 36%
[DBG] Buffering 51%
[DBG] Buffering 58%
[DBG] Buffering 60%
[DBG] Buffering 61%
[DBG] Buffering 64%
[DBG] Buffering 69%
[DBG] Buffering 74%
[DBG] Buffering 78%
[DBG] Buffering 80%
[DBG] Buffering 83%
[DBG] Buffering 86%
[DBG] Stream buffering done (1024 ms in 27 ms)
10:37:32.802 AM [player] buffering 1.0
[DBG] Decoder wait done in 0 ms
[ERR] ES_OUT_SET_(GROUP_)PCR  is called 24025 ms late (jitter of 24025 ms ignored)
[DBG] ES_OUT_RESET_PCR called
10:37:32.803 AM [player] buffering 0.0
10:37:32.804 AM [player] buffering 0.0
[DBG] Buffering 0%
[DBG] Buffering 3%
[DBG] Buffering 8%
[DBG] Buffering 13%
[DBG] Buffering 16%
[DBG] Buffering 19%
[DBG] Buffering 21%
[DBG] Buffering 25%
[DBG] Buffering 38%
[DBG] Buffering 40%
[DBG] Buffering 46%
[DBG] Buffering 48%
[DBG] Buffering 50%
[DBG] Received first picture
10:37:32.810 AM [framestep] nextFrameStepped result=0 time=24276 ms
[DBG] Buffering 53%
[DBG] Buffering 57%
[DBG] Buffering 58%
[DBG] Buffering 63%
[DBG] Buffering 66%
[DBG] Buffering 71%
[DBG] Buffering 75%
[DBG] Buffering 90%
[DBG] Buffering 96%
[DBG] Buffering 99%
10:37:32.822 AM [player] buffering 1.0
[DBG] Stream buffering done (1001 ms in 18 ms)
[DBG] Decoder wait done in 0 ms
[ERR] ES_OUT_SET_(GROUP_)PCR  is called 24092 ms late (jitter of 24042 ms ignored)
[DBG] ES_OUT_RESET_PCR called
10:37:32.823 AM [player] buffering 0.0
[DBG] Buffering 0%
10:37:32.824 AM [player] buffering 0.0
[DBG] Buffering 5%
[DBG] Buffering 8%
[DBG] Buffering 10%
[DBG] Buffering 13%
[DBG] Buffering 16%
[DBG] Buffering 32%
[DBG] Buffering 38%
[DBG] Buffering 41%
[DBG] Received first picture
10:37:32.832 AM [framestep] nextFrameStepped result=0 time=24276 ms
[DBG] Buffering 45%
[DBG] Buffering 50%
[DBG] Buffering 52%
[DBG] Buffering 55%
[DBG] Buffering 58%
[DBG] Buffering 61%
[DBG] Buffering 63%
[DBG] Buffering 66%
[DBG] Buffering 80%
[DBG] Buffering 81%
[DBG] Buffering 88%
[DBG] Buffering 90%
[DBG] Buffering 91%
[DBG] Buffering 95%
10:37:32.842 AM [player] buffering 1.0
[DBG] Stream buffering done (1000 ms in 18 ms)
[DBG] Decoder wait done in 0 ms
[ERR] ES_OUT_SET_(GROUP_)PCR  is called 24145 ms late (jitter of 24092 ms ignored)
[DBG] ES_OUT_RESET_PCR called
10:37:32.843 AM [player] buffering 0.0
10:37:32.843 AM [player] buffering 0.0
[DBG] Buffering 0%
[DBG] Buffering 3%
[DBG] Buffering 8%
[DBG] Buffering 11%
[DBG] Buffering 26%
[DBG] Buffering 33%
[DBG] Buffering 36%
[DBG] Buffering 40%
[DBG] Buffering 45%
[DBG] Received first picture
10:37:32.853 AM [framestep] nextFrameStepped result=0 time=24276 ms
[DBG] Buffering 50%
[DBG] Buffering 53%
[DBG] Buffering 55%
[DBG] Buffering 58%
[DBG] Buffering 61%
[DBG] Buffering 78%
[DBG] Buffering 83%
[DBG] Buffering 86%
[DBG] Buffering 90%
[DBG] Buffering 95%
[DBG] Buffering 97%
[DBG] Stream buffering done (1001 ms in 28 ms)
10:37:32.871 AM [player] buffering 1.0
[DBG] Decoder wait done in 0 ms
[ERR] ES_OUT_SET_(GROUP_)PCR  is called 24141 ms late (jitter of 24141 ms ignored)
[DBG] ES_OUT_RESET_PCR called
10:37:32.872 AM [player] buffering 0.0
10:37:32.872 AM [player] buffering 0.0
[DBG] Buffering 0%
[DBG] Buffering 1%
[DBG] Buffering 4%
[DBG] Buffering 19%
[DBG] Buffering 26%
[DBG] Buffering 28%
[DBG] Buffering 29%
[DBG] Buffering 33%
[DBG] Buffering 38%
[DBG] Received first picture
10:37:32.880 AM [framestep] nextFrameStepped result=0 time=24276 ms
[DBG] Buffering 43%
[DBG] Buffering 46%
[DBG] Buffering 51%
[DBG] Buffering 55%
[DBG] Buffering 70%
[DBG] Buffering 76%
[DBG] Buffering 80%
[DBG] Buffering 83%
[DBG] Buffering 88%
[DBG] Buffering 93%
[DBG] Buffering 96%
[DBG] Buffering 99%
[DBG] Stream buffering done (1017 ms in 32 ms)
[DBG] Decoder wait done in 0 ms
10:37:32.904 AM [player] buffering 1.0
[ERR] ES_OUT_SET_(GROUP_)PCR  is called 24159 ms late (jitter of 24145 ms ignored)
[DBG] ES_OUT_RESET_PCR called
10:37:32.906 AM [player] buffering 0.0
10:37:32.910 AM [player] buffering 0.0
[DBG] Buffering 0%
[DBG] Buffering 5%
[DBG] Buffering 8%
[DBG] Buffering 11%
[DBG] Buffering 16%
[DBG] Buffering 19%
[DBG] Buffering 21%
[DBG] Buffering 25%
[DBG] Buffering 28%
[DBG] Buffering 30%
[DBG] Buffering 33%
[DBG] Received first picture
10:37:32.915 AM [framestep] nextFrameStepped result=0 time=24276 ms
[DBG] Buffering 48%
[DBG] Buffering 55%
[DBG] Buffering 57%
[DBG] Buffering 58%
[DBG] Buffering 61%
[DBG] Buffering 66%
[DBG] Buffering 71%
[DBG] Buffering 75%
[DBG] Buffering 80%
[DBG] Buffering 83%
[DBG] Buffering 99%
10:37:32.925 AM [player] buffering 1.0
[DBG] Stream buffering done (1052 ms in 15 ms)
[DBG] Decoder wait done in 0 ms
[ERR] ES_OUT_SET_(GROUP_)PCR  is called 24144 ms late (jitter of 24144 ms ignored)
[DBG] ES_OUT_RESET_PCR called
10:37:32.926 AM [player] buffering 0.0
[DBG] Buffering 0%
10:37:32.931 AM [player] buffering 0.0
[DBG] Buffering 5%
[DBG] Buffering 10%
[DBG] Buffering 13%
[DBG] Buffering 16%
[DBG] Buffering 18%
[DBG] Buffering 21%
[DBG] Buffering 35%
[DBG] Buffering 36%
[DBG] Buffering 43%
[DBG] Buffering 44%
[DBG] Buffering 46%
[DBG] Buffering 50%
[DBG] Buffering 54%
[DBG] Buffering 55%
[DBG] Buffering 60%
[DBG] Received first picture
10:37:32.940 AM [framestep] nextFrameStepped result=0 time=24276 ms
[DBG] Buffering 63%
[DBG] Buffering 68%
[DBG] Buffering 71%
[DBG] Buffering 86%
[DBG] Buffering 93%
[DBG] Buffering 96%
[DBG] Stream buffering done (1001 ms in 16 ms)
10:37:32.947 AM [player] buffering 1.0
[DBG] Decoder wait done in 0 ms
[ERR] ES_OUT_SET_(GROUP_)PCR  is called 24199 ms late (jitter of 24159 ms ignored)
[DBG] ES_OUT_RESET_PCR called
10:37:32.947 AM [player] buffering 0.0
10:37:32.948 AM [player] buffering 0.0
[DBG] Buffering 0%
[DBG] Buffering 3%
[DBG] Buffering 5%
[DBG] Buffering 8%
[DBG] Buffering 11%
[DBG] Buffering 27%
[DBG] Buffering 33%
[DBG] Buffering 36%
[DBG] Buffering 40%
[DBG] Buffering 45%
[DBG] Buffering 46%
[DBG] Buffering 50%
[DBG] Buffering 53%
[DBG] Buffering 56%
[DBG] Buffering 58%
[DBG] Received first picture
[DBG] Buffering 61%
10:37:32.956 AM [framestep] nextFrameStepped result=0 time=24276 ms
[DBG] Buffering 75%
[DBG] Buffering 76%
[DBG] Buffering 83%
[DBG] Buffering 85%
[DBG] Buffering 86%
[DBG] Buffering 90%
[DBG] Buffering 94%
[DBG] Buffering 95%
[DBG] Stream buffering done (1001 ms in 14 ms)
10:37:32.962 AM [player] buffering 1.0
[DBG] Decoder wait done in 0 ms
[ERR] ES_OUT_SET_(GROUP_)PCR  is called 24236 ms late (jitter of 24199 ms ignored)
[DBG] ES_OUT_RESET_PCR called
10:37:32.966 AM [player] buffering 0.0
[DBG] Buffering 0%
10:37:32.967 AM [player] buffering 0.0
[DBG] Buffering 3%
[DBG] Buffering 18%
[DBG] Buffering 25%
[DBG] Buffering 28%
[DBG] Received first picture
10:37:32.974 AM [framestep] nextFrameStepped result=0 time=24276 ms
[DBG] Buffering 31%
[DBG] Buffering 36%
[DBG] Buffering 41%
[DBG] Buffering 45%
[DBG] Buffering 47%
[DBG] Buffering 50%
[DBG] Buffering 53%
[DBG] Buffering 69%
[DBG] Buffering 75%
[DBG] Buffering 78%
[DBG] Buffering 81%
[DBG] Buffering 86%
[DBG] Buffering 88%
[DBG] Buffering 91%
[DBG] Buffering 95%
[DBG] Buffering 98%
10:37:32.987 AM [player] buffering 1.0
[DBG] Stream buffering done (1001 ms in 20 ms)
[DBG] Decoder wait done in 0 ms
[ERR] ES_OUT_SET_(GROUP_)PCR  is called 24256 ms late (jitter of 24236 ms ignored)
[DBG] ES_OUT_RESET_PCR called
10:37:32.987 AM [player] buffering 0.0
[DBG] Buffering 0%
10:37:32.994 AM [player] buffering 0.0
[DBG] Buffering 7%
[DBG] Buffering 9%
[DBG] Buffering 10%
[DBG] Buffering 14%
[DBG] Buffering 19%
[DBG] Received first picture
10:37:32.998 AM [framestep] nextFrameStepped result=0 time=24276 ms
[DBG] Buffering 24%
[DBG] Buffering 27%
[DBG] Buffering 32%
[DBG] Buffering 35%
[DBG] Buffering 51%
[DBG] Buffering 57%
[DBG] Buffering 60%
[DBG] Buffering 64%
[DBG] Buffering 69%
[DBG] Buffering 74%
[DBG] Buffering 77%
[DBG] Buffering 80%
[DBG] Buffering 82%
[DBG] Buffering 86%
10:37:33.009 AM [player] buffering 1.0
[DBG] Stream buffering done (1024 ms in 15 ms)
[DBG] Decoder wait done in 0 ms
[ERR] ES_OUT_SET_(GROUP_)PCR  is called 24240 ms late (jitter of 24240 ms ignored)
[DBG] ES_OUT_RESET_PCR called
10:37:33.012 AM [player] buffering 0.0
[DBG] Buffering 0%
10:37:33.012 AM [player] buffering 0.0
[DBG] Buffering 3%
[DBG] Buffering 8%
[DBG] Buffering 10%
[DBG] Buffering 13%
[DBG] Buffering 16%
[DBG] Buffering 20%
[DBG] Buffering 21%
[DBG] Buffering 25%
[DBG] Buffering 39%
[DBG] Buffering 40%
[DBG] Received first picture
10:37:33.033 AM [framestep] nextFrameStepped result=0 time=24276 ms
[DBG] Buffering 46%
[DBG] Buffering 49%
[DBG] Buffering 50%
[DBG] Buffering 53%
[DBG] Buffering 58%
[DBG] Buffering 63%
[DBG] Buffering 66%
[DBG] Buffering 71%
[DBG] Buffering 75%
[DBG] Buffering 90%
[DBG] Buffering 96%
10:37:33.045 AM [player] buffering 1.0
[DBG] Stream buffering done (1001 ms in 32 ms)
[DBG] Decoder wait done in 0 ms
[ERR] ES_OUT_SET_(GROUP_)PCR  is called 24317 ms late (jitter of 24256 ms ignored)
[DBG] ES_OUT_RESET_PCR called
10:37:33.048 AM [player] buffering 0.0
10:37:33.048 AM [player] buffering 0.0
[DBG] Buffering 0%
[DBG] Buffering 5%
[DBG] Buffering 8%
[DBG] Buffering 11%
[DBG] Buffering 13%
[DBG] Buffering 16%
[DBG] Buffering 30%
[DBG] Buffering 31%
[DBG] Buffering 38%
[DBG] Buffering 39%
[DBG] Buffering 41%
[DBG] Buffering 45%
[DBG] Buffering 49%
[DBG] Buffering 50%
[DBG] Buffering 55%
[DBG] Buffering 58%
[DBG] Buffering 63%
[DBG] Buffering 66%
[DBG] Received first picture
10:37:33.061 AM [framestep] nextFrameStepped result=0 time=24276 ms
[DBG] Buffering 81%
[DBG] Buffering 88%
[DBG] Buffering 91%
[DBG] Buffering 95%
[DBG] Stream buffering done (1001 ms in 18 ms)
10:37:33.067 AM [player] buffering 1.0
[DBG] Decoder wait done in 0 ms
[ERR] ES_OUT_SET_(GROUP_)PCR  is called 24321 ms late (jitter of 24317 ms ignored)
[DBG] ES_OUT_RESET_PCR called
10:37:33.068 AM [player] buffering 0.0
10:37:33.070 AM [player] buffering 0.0
[DBG] Buffering 0%
[DBG] Buffering 5%
[DBG] Buffering 8%
[DBG] Buffering 24%
[DBG] Buffering 30%
[DBG] Received first picture
[DBG] Buffering 33%
10:37:33.078 AM [framestep] nextFrameStepped result=0 time=24276 ms
[DBG] Buffering 36%
[DBG] Buffering 41%
[DBG] Buffering 46%
[DBG] Buffering 50%
[DBG] Buffering 52%
[DBG] Buffering 55%
[DBG] Buffering 58%
[DBG] Buffering 72%
[DBG] Buffering 73%
[DBG] Buffering 80%
[DBG] Buffering 81%
[DBG] Buffering 83%
[DBG] Buffering 86%
[DBG] Buffering 91%
[DBG] Buffering 96%
[DBG] Stream buffering done (1001 ms in 19 ms)
10:37:33.090 AM [player] buffering 1.0
[DBG] Decoder wait done in 0 ms
[ERR] ES_OUT_SET_(GROUP_)PCR  is called 24342 ms late (jitter of 24321 ms ignored)
[DBG] ES_OUT_RESET_PCR called
10:37:33.090 AM [player] buffering 0.0
[DBG] Buffering 0%
10:37:33.090 AM [player] buffering 0.0
[DBG] Buffering 14%
[DBG] Buffering 15%
[DBG] Buffering 21%
[DBG] Buffering 24%
[DBG] Buffering 25%
[DBG] Received first picture
10:37:33.098 AM [framestep] nextFrameStepped result=0 time=24276 ms
[DBG] Buffering 28%
[DBG] Buffering 33%
[DBG] Buffering 38%
[DBG] Buffering 41%
[DBG] Buffering 43%
[DBG] Buffering 46%
[DBG] Buffering 50%
[DBG] Buffering 66%
[DBG] Buffering 71%
[DBG] Buffering 75%
[DBG] Buffering 78%
[DBG] Buffering 83%
[DBG] Buffering 85%
[DBG] Buffering 88%
[DBG] Buffering 91%
[DBG] Buffering 94%
[DBG] Buffering 96%
[DBG] Stream buffering done (1001 ms in 33 ms)
10:37:33.124 AM [player] buffering 1.0
[DBG] Decoder wait done in 0 ms
[ERR] ES_OUT_SET_(GROUP_)PCR  is called 24289 ms late (jitter of 24321 ms ignored)
[DBG] ES_OUT_RESET_PCR called
10:37:33.127 AM [player] buffering 0.0
[DBG] Buffering 0%
10:37:33.129 AM [player] buffering 0.0
[DBG] Buffering 6%
[DBG] Buffering 8%
[DBG] Buffering 9%
[DBG] Buffering 13%
[DBG] Buffering 18%
[DBG] Buffering 23%
[DBG] Buffering 26%
[DBG] Buffering 31%
[DBG] Buffering 35%
[DBG] Buffering 50%
[DBG] Buffering 56%
[DBG] Buffering 59%
[DBG] Buffering 60%
[DBG] Buffering 63%
[DBG] Buffering 68%
[DBG] Buffering 73%
[DBG] Buffering 76%
[DBG] Buffering 78%
[DBG] Buffering 81%
[DBG] Buffering 85%
[DBG] Received first picture
10:37:33.139 AM [framestep] nextFrameStepped result=0 time=24276 ms
10:37:33.143 AM [player] buffering 1.0
[DBG] Stream buffering done (1013 ms in 14 ms)
[DBG] Decoder wait done in 0 ms
[ERR] ES_OUT_SET_(GROUP_)PCR  is called 24382 ms late (jitter of 24342 ms ignored)
[DBG] ES_OUT_RESET_PCR called
10:37:33.146 AM [player] buffering 0.0
10:37:33.146 AM [player] buffering 0.0
[DBG] Buffering 0%
[DBG] Buffering 3%
[DBG] Buffering 8%
[DBG] Buffering 10%
[DBG] Buffering 13%
[DBG] Buffering 16%
[DBG] Buffering 20%
[DBG] Buffering 21%
[DBG] Buffering 25%
[DBG] Buffering 39%
[DBG] Buffering 40%
[DBG] Buffering 46%
[DBG] Buffering 48%
[DBG] Buffering 50%
[DBG] Received first picture
10:37:33.153 AM [framestep] nextFrameStepped result=0 time=24276 ms
[DBG] Buffering 53%
[DBG] Buffering 58%
[DBG] Buffering 63%
[DBG] Buffering 66%
[DBG] Buffering 71%
[DBG] Buffering 75%
[DBG] Buffering 90%
[DBG] Buffering 96%
10:37:33.160 AM [player] buffering 1.0
[DBG] Stream buffering done (1001 ms in 14 ms)
[DBG] Decoder wait done in 0 ms
[ERR] ES_OUT_SET_(GROUP_)PCR  is called 24431 ms late (jitter of 24382 ms ignored)
[DBG] ES_OUT_RESET_PCR called
10:37:33.161 AM [player] buffering 0.0
10:37:33.161 AM [player] buffering 0.0
[DBG] Buffering 0%
[DBG] Buffering 5%
[DBG] Buffering 8%
[DBG] Buffering 10%
[DBG] Buffering 13%
[DBG] Buffering 16%
[DBG] Buffering 33%
[DBG] Buffering 38%
[DBG] Buffering 41%
[DBG] Received first picture
10:37:33.169 AM [framestep] nextFrameStepped result=0 time=24276 ms
[DBG] Buffering 45%
[DBG] Buffering 50%
[DBG] Buffering 52%
[DBG] Buffering 55%
[DBG] Buffering 58%
[DBG] Buffering 62%
[DBG] Buffering 63%
[DBG] Buffering 66%
[DBG] Buffering 81%
[DBG] Buffering 88%
[DBG] Buffering 90%
[DBG] Buffering 91%
[DBG] Buffering 95%
10:37:33.181 AM [player] buffering 1.0
[DBG] Stream buffering done (1001 ms in 19 ms)
[DBG] Decoder wait done in 0 ms
[ERR] ES_OUT_SET_(GROUP_)PCR  is called 24434 ms late (jitter of 24431 ms ignored)
[DBG] ES_OUT_RESET_PCR called
10:37:33.181 AM [player] buffering 0.0
10:37:33.181 AM [player] buffering 0.0
[DBG] Buffering 0%
[DBG] Buffering 4%
[DBG] Buffering 8%
[DBG] Buffering 23%
[DBG] Buffering 29%
[DBG] Buffering 33%
[DBG] Received first picture
10:37:33.186 AM [framestep] nextFrameStepped result=0 time=24276 ms
[DBG] Buffering 36%
[DBG] Buffering 41%
[DBG] Buffering 46%
[DBG] Buffering 50%
[DBG] Buffering 52%
[DBG] Buffering 55%
[DBG] Buffering 58%
[DBG] Buffering 71%
[DBG] Buffering 73%
[DBG] Buffering 80%
[DBG] Buffering 81%
[DBG] Buffering 83%
[DBG] Buffering 86%
[DBG] Buffering 91%
[DBG] Buffering 96%
10:37:33.198 AM [player] buffering 1.0
[DBG] Stream buffering done (1001 ms in 16 ms)
[DBG] Decoder wait done in 0 ms
[ERR] ES_OUT_SET_(GROUP_)PCR  is called 24451 ms late (jitter of 24434 ms ignored)
[DBG] ES_OUT_RESET_PCR called
10:37:33.198 AM [player] buffering 0.0
10:37:33.198 AM [player] buffering 0.0
[DBG] Buffering 0%
[DBG] Buffering 14%
[DBG] Received first picture
10:37:33.209 AM [framestep] nextFrameStepped result=0 time=24276 ms
[DBG] Buffering 21%
[DBG] Buffering 24%
[DBG] Buffering 25%
[DBG] Buffering 28%
[DBG] Buffering 33%
[DBG] Buffering 38%
[DBG] Buffering 41%
[DBG] Buffering 43%
[DBG] Buffering 46%
[DBG] Buffering 50%
[DBG] Buffering 65%
[DBG] Buffering 71%
[DBG] Buffering 75%
[DBG] Buffering 78%
[DBG] Buffering 83%
[DBG] Buffering 88%
[DBG] Buffering 91%
[DBG] Buffering 94%
[DBG] Buffering 96%
10:37:33.221 AM [player] buffering 1.0
[DBG] Stream buffering done (1001 ms in 22 ms)
[DBG] Decoder wait done in 0 ms
[ERR] ES_OUT_SET_(GROUP_)PCR  is called 24388 ms late (jitter of 24434 ms ignored)
[DBG] ES_OUT_RESET_PCR called
10:37:33.223 AM [player] buffering 0.0
[DBG] Buffering 0%
10:37:33.226 AM [player] buffering 0.0
[DBG] Buffering 6%
[DBG] Buffering 8%
[DBG] Buffering 10%
[DBG] Buffering 13%
[DBG] Buffering 18%
[DBG] Buffering 23%
[DBG] Buffering 26%
[DBG] Buffering 31%
[DBG] Buffering 35%
[DBG] Buffering 50%
[DBG] Buffering 56%
[DBG] Buffering 59%
[DBG] Buffering 60%
[DBG] Received first picture
10:37:33.235 AM [framestep] nextFrameStepped result=0 time=24276 ms
[DBG] Buffering 63%
[DBG] Buffering 68%
[DBG] Buffering 73%
[DBG] Buffering 76%
[DBG] Buffering 78%
[DBG] Buffering 81%
[DBG] Buffering 85%
[DBG] Stream buffering done (1012 ms in 21 ms)
10:37:33.247 AM [player] buffering 1.0
[DBG] Decoder wait done in 0 ms
[ERR] ES_OUT_SET_(GROUP_)PCR  is called 24484 ms late (jitter of 24451 ms ignored)
[DBG] ES_OUT_RESET_PCR called
10:37:33.247 AM [player] buffering 0.0
10:37:33.247 AM [player] buffering 0.0
[DBG] Buffering 0%
[DBG] Buffering 3%
[DBG] Buffering 8%
[DBG] Buffering 10%
[DBG] Buffering 13%
[DBG] Buffering 16%
[DBG] Buffering 19%
[DBG] Buffering 21%
[DBG] Buffering 25%
[DBG] Buffering 39%
[DBG] Buffering 40%
[DBG] Buffering 46%
[DBG] Buffering 48%
[DBG] Buffering 50%
[DBG] Received first picture
10:37:33.256 AM [framestep] nextFrameStepped result=0 time=24276 ms
[DBG] Buffering 53%
[DBG] Buffering 58%
[DBG] Buffering 63%
[DBG] Buffering 66%
[DBG] Buffering 71%
[DBG] Buffering 75%
[DBG] Buffering 90%
[DBG] Buffering 96%
[DBG] Buffering 99%
[DBG] Stream buffering done (1001 ms in 23 ms)
[DBG] Decoder wait done in 0 ms
10:37:33.271 AM [player] buffering 1.0
[ERR] ES_OUT_SET_(GROUP_)PCR  is called 24542 ms late (jitter of 24484 ms ignored)
[DBG] ES_OUT_RESET_PCR called
10:37:33.272 AM [player] buffering 0.0
[DBG] Buffering 0%
10:37:33.273 AM [player] buffering 0.0
[DBG] Buffering 5%
[DBG] Buffering 8%
[DBG] Buffering 10%
[DBG] Buffering 13%
[DBG] Buffering 16%
[DBG] Buffering 33%
[DBG] Buffering 38%
[DBG] Buffering 41%
[DBG] Buffering 45%
[DBG] Buffering 50%
[DBG] Buffering 52%
[DBG] Buffering 55%
[DBG] Received first picture
10:37:33.282 AM [framestep] nextFrameStepped result=0 time=24276 ms
[DBG] Buffering 58%
[DBG] Buffering 61%
[DBG] Buffering 63%
[DBG] Buffering 66%
[DBG] Buffering 81%
[DBG] Buffering 88%
[DBG] Buffering 90%
[DBG] Buffering 91%
[DBG] Buffering 95%
[DBG] Stream buffering done (1001 ms in 25 ms)
10:37:33.298 AM [player] buffering 1.0
[DBG] Decoder wait done in 0 ms
[ERR] ES_OUT_SET_(GROUP_)PCR  is called 24551 ms late (jitter of 24542 ms ignored)
[DBG] ES_OUT_RESET_PCR called
10:37:33.299 AM [player] buffering 0.0
[DBG] Buffering 0%
10:37:33.302 AM [player] buffering 0.0
[DBG] Buffering 5%
[DBG] Buffering 8%
[DBG] Buffering 23%
[DBG] Buffering 30%
[DBG] Buffering 33%
[DBG] Buffering 36%
[DBG] Buffering 41%
[DBG] Received first picture
10:37:33.310 AM [framestep] nextFrameStepped result=0 time=24276 ms
[DBG] Buffering 46%
[DBG] Buffering 50%
[DBG] Buffering 52%
[DBG] Buffering 55%
[DBG] Buffering 58%
[DBG] Buffering 75%
[DBG] Buffering 80%
[DBG] Buffering 83%
[DBG] Buffering 86%
[DBG] Buffering 91%
[DBG] Buffering 94%
[DBG] Buffering 96%
10:37:33.321 AM [player] buffering 1.0
[DBG] Stream buffering done (1001 ms in 18 ms)
[DBG] Decoder wait done in 0 ms
[ERR] ES_OUT_SET_(GROUP_)PCR  is called 24586 ms late (jitter of 24551 ms ignored)
[DBG] ES_OUT_RESET_PCR called
10:37:33.321 AM [player] buffering 0.0
[DBG] Buffering 0%
10:37:33.322 AM [player] buffering 0.0
[DBG] Buffering 3%
[DBG] Buffering 17%
[DBG] Buffering 18%
[DBG] Buffering 25%
[DBG] Buffering 27%
[DBG] Buffering 28%
[DBG] Buffering 31%
[DBG] Buffering 36%
[DBG] Received first picture
10:37:33.333 AM [framestep] nextFrameStepped result=0 time=24276 ms
[DBG] Buffering 41%
[DBG] Buffering 45%
[DBG] Buffering 50%
[DBG] Buffering 53%
[DBG] Buffering 69%
[DBG] Buffering 75%
[DBG] Buffering 78%
[DBG] Buffering 81%
[DBG] Buffering 86%
[DBG] Buffering 91%
[DBG] Buffering 95%
[DBG] Buffering 97%
[DBG] Stream buffering done (1001 ms in 23 ms)
[DBG] Decoder wait done in 0 ms
10:37:33.345 AM [player] buffering 1.0
[ERR] ES_OUT_SET_(GROUP_)PCR  is called 24616 ms late (jitter of 24586 ms ignored)
[DBG] ES_OUT_RESET_PCR called
10:37:33.346 AM [player] buffering 0.0
[DBG] Buffering 0%
10:37:33.349 AM [player] buffering 0.0
[DBG] Buffering 1%
[DBG] Buffering 8%
[DBG] Buffering 9%
[DBG] Buffering 11%
[DBG] Buffering 14%
[DBG] Buffering 19%
[DBG] Received first picture
10:37:33.353 AM [framestep] nextFrameStepped result=0 time=24276 ms
[DBG] Buffering 24%
[DBG] Buffering 28%
[DBG] Buffering 33%
[DBG] Buffering 36%
[DBG] Buffering 51%
[DBG] Buffering 57%
[DBG] Buffering 60%
[DBG] Buffering 61%
[DBG] Buffering 64%
[DBG] Buffering 69%
[DBG] Buffering 74%
[DBG] Buffering 78%
[DBG] Buffering 80%
[DBG] Buffering 83%
[DBG] Buffering 86%
[DBG] Stream buffering done (1024 ms in 16 ms)
[DBG] Decoder wait done in 0 ms
10:37:33.366 AM [player] buffering 1.0
[ERR] ES_OUT_SET_(GROUP_)PCR  is called 24590 ms late (jitter of 24590 ms ignored)
[DBG] ES_OUT_RESET_PCR called
10:37:33.368 AM [player] buffering 0.0
[DBG] Buffering 0%
10:37:33.373 AM [player] buffering 0.0
[DBG] Buffering 3%
[DBG] Buffering 8%
[DBG] Buffering 10%
[DBG] Buffering 13%
[DBG] Buffering 16%
[DBG] Buffering 19%
[DBG] Buffering 21%
[DBG] Buffering 25%
[DBG] Buffering 39%
[DBG] Buffering 40%
[DBG] Buffering 46%
[DBG] Buffering 48%
[DBG] Buffering 50%
[DBG] Buffering 53%
[DBG] Buffering 58%
[DBG] Received first picture
10:37:33.383 AM [framestep] nextFrameStepped result=0 time=24276 ms
[DBG] Buffering 63%
[DBG] Buffering 66%
[DBG] Buffering 71%
[DBG] Buffering 75%
[DBG] Buffering 90%
[DBG] Buffering 96%
[DBG] Buffering 99%
[DBG] Stream buffering done (1001 ms in 21 ms)
[DBG] Decoder wait done in 0 ms
10:37:33.394 AM [player] buffering 1.0
[ERR] ES_OUT_SET_(GROUP_)PCR  is called 24664 ms late (jitter of 24616 ms ignored)
[DBG] ES_OUT_RESET_PCR called
10:37:33.395 AM [player] buffering 0.0
10:37:33.395 AM [player] buffering 0.0
[DBG] Buffering 0%
[DBG] Buffering 5%
[DBG] Buffering 8%
[DBG] Buffering 10%
[DBG] Buffering 13%
[DBG] Buffering 16%
[DBG] Buffering 32%
[DBG] Buffering 38%
[DBG] Buffering 41%
[DBG] Buffering 45%
[DBG] Received first picture
10:37:33.404 AM [framestep] nextFrameStepped result=0 time=24276 ms
[DBG] Buffering 50%
[DBG] Buffering 52%
[DBG] Buffering 55%
[DBG] Buffering 58%
[DBG] Buffering 61%
[DBG] Buffering 63%
[DBG] Buffering 66%
[DBG] Buffering 80%
[DBG] Buffering 81%
[DBG] Buffering 88%
[DBG] Buffering 90%
[DBG] Buffering 91%
[DBG] Buffering 95%
[DBG] Stream buffering done (1001 ms in 34 ms)
10:37:33.429 AM [player] buffering 1.0
[DBG] Decoder wait done in 0 ms
[ERR] ES_OUT_SET_(GROUP_)PCR  is called 24682 ms late (jitter of 24664 ms ignored)
[DBG] ES_OUT_RESET_PCR called
10:37:33.430 AM [player] buffering 0.0
[DBG] Buffering 0%
10:37:33.430 AM [player] buffering 0.0
[DBG] Buffering 4%
[DBG] Buffering 8%
[DBG] Buffering 23%
[DBG] Buffering 29%
[DBG] Buffering 33%
[DBG] Buffering 36%
[DBG] Buffering 41%
[DBG] Received first picture
10:37:33.436 AM [framestep] nextFrameStepped result=0 time=24276 ms
[DBG] Buffering 46%
[DBG] Buffering 50%
[DBG] Buffering 52%
[DBG] Buffering 55%
[DBG] Buffering 58%
[DBG] Buffering 74%
[DBG] Buffering 80%
[DBG] Buffering 83%
[DBG] Buffering 86%
[DBG] Buffering 91%
[DBG] Buffering 94%
[DBG] Buffering 96%
[DBG] Stream buffering done (1001 ms in 16 ms)
[DBG] Decoder wait done in 0 ms
10:37:33.447 AM [player] buffering 1.0
[ERR] ES_OUT_SET_(GROUP_)PCR  is called 24714 ms late (jitter of 24682 ms ignored)
[DBG] ES_OUT_RESET_PCR called
10:37:33.447 AM [player] buffering 0.0
[DBG] Buffering 0%
10:37:33.448 AM [player] buffering 0.0
[DBG] Buffering 3%
[DBG] Buffering 17%
[DBG] Buffering 18%
[DBG] Buffering 25%
[DBG] Buffering 27%
[DBG] Buffering 28%
[DBG] Received first picture
10:37:33.456 AM [framestep] nextFrameStepped result=0 time=24276 ms
[DBG] Buffering 31%
[DBG] Buffering 36%
[DBG] Buffering 41%
[DBG] Buffering 45%
[DBG] Buffering 50%
[DBG] Buffering 53%
[DBG] Buffering 69%
[DBG] Buffering 75%
[DBG] Buffering 78%
[DBG] Buffering 81%
[DBG] Buffering 86%
[DBG] Buffering 91%
[DBG] Buffering 95%
[DBG] Buffering 97%
[DBG] Stream buffering done (1001 ms in 22 ms)
[DBG] Decoder wait done in 0 ms
10:37:33.470 AM [player] buffering 1.0
[ERR] ES_OUT_SET_(GROUP_)PCR  is called 24740 ms late (jitter of 24714 ms ignored)
[DBG] ES_OUT_RESET_PCR called
10:37:33.471 AM [player] buffering 0.0
10:37:33.474 AM [player] buffering 0.0
[DBG] Buffering 0%
[DBG] Buffering 1%
[DBG] Buffering 8%
[DBG] Buffering 9%
[DBG] Buffering 11%
[DBG] Received first picture
10:37:33.477 AM [framestep] nextFrameStepped result=0 time=24276 ms
[DBG] Buffering 14%
[DBG] Buffering 19%
[DBG] Buffering 24%
[DBG] Buffering 28%
[DBG] Buffering 33%
[DBG] Buffering 36%
[DBG] Buffering 51%
[DBG] Buffering 58%
[DBG] Buffering 60%
[DBG] Buffering 61%
[DBG] Buffering 64%
[DBG] Buffering 69%
[DBG] Buffering 74%
[DBG] Buffering 78%
[DBG] Buffering 80%
10:37:33.494 AM [framestep] −1 seek before=24276 ms frame=33 ms (500000/16683 fps) target=24243 ms
[DBG] ES_OUT_RESET_PCR called
[DBG] SET_TIME to 24243000
[DBG] seek request to i_pos = 24243000
[DBG] seek: preroll{ track: 1, pts: 24107000, fpos: 12311112 skip: 12311112} 
[DBG] seek: preroll{ track: 2, pts: 24224000, fpos: 12397081 skip: 12397081} 
[DBG] resolving 192.168.1.250 ...
[DBG] outgoing request:
GET /stream/2 HTTP/1.1
Host: 192.168.1.250:8093
Accept: */*
Accept-Language: en_US
User-Agent: VLC/4.0.0-dev LibVLC/4.0.0-dev
If-Unmodified-Since: Fri, 17 Jul 2026 19:22:43 GMT
Range: bytes=12311112-


10:37:33.499 AM [player] buffering 0.0
[DBG] incoming response:
HTTP/1.1 206 Partial Content
Accept-Ranges: bytes
Content-Length: 5709939964
Content-Range: bytes 12311112-5722251075/5722251076
Content-Type: video/x-matroska
Last-Modified: Fri, 17 Jul 2026 19:22:43 GMT
Date: Mon, 14 Sep 2026 14:37:33 GMT


[DBG] connection failed
[DBG] seek: preroll{ req: 24243001, start-pts: 24107001, start-fpos: 12311112} 
[DBG] Buffering 0%
10:37:33.701 AM [player] buffering 0.0
[DBG] Buffering 4%
[DBG] Buffering 7%
[DBG] Buffering 10%
[DBG] Buffering 14%
[DBG] Buffering 19%
[DBG] Buffering 22%
[DBG] Buffering 24%
[DBG] Buffering 26%
[DBG] Buffering 29%
[DBG] end of video preroll
[DBG] Buffering 41%
[DBG] Buffering 42%
[DBG] Buffering 48%
[DBG] Buffering 49%
[DBG] Buffering 51%
[DBG] Buffering 54%
[DBG] Buffering 58%
[DBG] Buffering 63%
[DBG] Buffering 66%
[DBG] Buffering 70%
[DBG] Buffering 73%
[DBG] Buffering 86%
[DBG] Buffering 92%
[DBG] Buffering 94%
[DBG] Buffering 95%
[DBG] Buffering 98%
[DBG] Stream buffering done (1168 ms in 48 ms)
[DBG] Decoder wait done in 0 ms
10:37:33.750 AM [player] buffering 1.0
10:37:33.750 AM [framestep] nextFrameStepped result=0 time=24243 ms
[ERR] ES_OUT_SET_(GROUP_)PCR  is called 24972 ms late (jitter of 24740 ms ignored)
[DBG] ES_OUT_RESET_PCR called
10:37:33.751 AM [player] buffering 0.0
[DBG] Buffering 0%
10:37:33.837 AM [player] buffering 0.0
[DBG] Buffering 5%
[DBG] Buffering 8%
[DBG] Buffering 24%
[DBG] Buffering 30%
[DBG] Buffering 33%
[DBG] Buffering 36%
[DBG] Buffering 41%
[DBG] Buffering 46%
[DBG] Buffering 50%
[DBG] Buffering 52%
[DBG] Buffering 55%
[DBG] Buffering 58%
[DBG] Buffering 72%
[DBG] Buffering 73%
[DBG] Buffering 80%
[DBG] Buffering 81%
[DBG] Buffering 83%
[DBG] Buffering 86%
[DBG] Buffering 91%
[DBG] Received first picture
10:37:33.848 AM [framestep] nextFrameStepped result=0 time=24243 ms
[DBG] Buffering 96%
10:37:33.849 AM [player] buffering 1.0
[DBG] Stream buffering done (1001 ms in 12 ms)
[DBG] Decoder wait done in 0 ms
[ERR] ES_OUT_SET_(GROUP_)PCR  is called 25102 ms late (jitter of 24972 ms ignored)
[DBG] ES_OUT_RESET_PCR called
10:37:33.850 AM [player] buffering 0.0
[DBG] Buffering 0%
10:37:33.853 AM [player] buffering 0.0
[DBG] Buffering 14%
[DBG] Buffering 15%
[DBG] Buffering 21%
[DBG] Buffering 24%
[DBG] Buffering 25%
[DBG] Buffering 28%
[DBG] Buffering 33%
[DBG] Buffering 38%
[DBG] Buffering 41%
[DBG] Buffering 43%
[DBG] Buffering 46%
[DBG] Buffering 50%
[DBG] Buffering 66%
[DBG] Buffering 71%
[DBG] Buffering 75%
[DBG] Buffering 78%
[DBG] Buffering 83%
[DBG] Buffering 85%
[DBG] Buffering 88%
[DBG] Buffering 91%
[DBG] Buffering 94%
[DBG] Buffering 96%
[DBG] Stream buffering done (1001 ms in 5 ms)
10:37:33.858 AM [player] buffering 1.0
[DBG] Decoder wait done in 0 ms
[ERR] ES_OUT_SET_(GROUP_)PCR  is called 25022 ms late (jitter of 25022 ms ignored)
[DBG] ES_OUT_RESET_PCR called
10:37:33.859 AM [player] buffering 0.0
[DBG] Buffering 0%
10:37:33.860 AM [player] buffering 0.0
[DBG] Buffering 6%
[DBG] Buffering 8%
[DBG] Buffering 9%
[DBG] Buffering 13%
[DBG] Buffering 18%
[DBG] Buffering 23%
[DBG] Buffering 26%
[DBG] Buffering 31%
[DBG] Buffering 35%
[DBG] Buffering 50%
[DBG] Buffering 56%
[DBG] Buffering 59%
[DBG] Buffering 60%
[DBG] Buffering 63%
[DBG] Buffering 68%
[DBG] Buffering 73%
[DBG] Buffering 76%
[DBG] Buffering 78%
[DBG] Buffering 81%
[DBG] Buffering 85%
[DBG] Stream buffering done (1013 ms in 4 ms)
[DBG] Decoder wait done in 0 ms
10:37:33.865 AM [player] buffering 1.0
[ERR] ES_OUT_SET_(GROUP_)PCR  is called 25101 ms late (jitter of 25101 ms ignored)
[DBG] ES_OUT_RESET_PCR called
10:37:33.865 AM [player] buffering 0.0
[DBG] Buffering 0%
10:37:33.865 AM [player] buffering 0.0
[DBG] Buffering 3%
[DBG] Buffering 8%
[DBG] Buffering 10%
[DBG] Buffering 13%
[DBG] Buffering 16%
[DBG] Buffering 20%
[DBG] Buffering 21%
[DBG] Buffering 25%
[DBG] Buffering 39%
[DBG] Buffering 40%
[DBG] Buffering 46%
[DBG] Buffering 48%
[DBG] Buffering 50%
[DBG] Buffering 53%
[DBG] Buffering 58%
[DBG] Buffering 63%
[DBG] Buffering 66%
[DBG] Buffering 71%
[DBG] Buffering 75%
[DBG] Buffering 90%
[DBG] Buffering 96%
10:37:33.869 AM [player] buffering 1.0
[DBG] Stream buffering done (1001 ms in 3 ms)
[DBG] Decoder wait done in 0 ms
[ERR] ES_OUT_SET_(GROUP_)PCR  is called 25139 ms late (jitter of 25101 ms ignored)
[DBG] ES_OUT_RESET_PCR called
10:37:33.870 AM [player] buffering 0.0
10:37:33.870 AM [player] buffering 0.0
[DBG] Buffering 0%
[DBG] Buffering 5%
[DBG] Buffering 8%
[DBG] Buffering 10%
[DBG] Buffering 13%
[DBG] Buffering 16%
[DBG] Buffering 33%
[DBG] Buffering 38%
[DBG] Buffering 41%
[DBG] Buffering 45%
[DBG] Buffering 50%
[DBG] Buffering 52%
[DBG] Buffering 55%
[DBG] Buffering 58%
[DBG] Buffering 62%
[DBG] Buffering 63%
[DBG] Buffering 66%
[DBG] Buffering 81%
[DBG] Buffering 88%
[DBG] Buffering 90%
[DBG] Buffering 91%
[DBG] Received first picture
10:37:33.876 AM [framestep] nextFrameStepped result=0 time=24243 ms
[DBG] Buffering 95%
10:37:33.876 AM [player] buffering 1.0
[DBG] Stream buffering done (1001 ms in 6 ms)
[DBG] Decoder wait done in 0 ms
[ERR] ES_OUT_SET_(GROUP_)PCR  is called 25131 ms late (jitter of 25131 ms ignored)
[DBG] ES_OUT_RESET_PCR called
10:37:33.878 AM [player] buffering 0.0
[DBG] Buffering 0%
10:37:33.879 AM [player] buffering 0.0
[DBG] Buffering 4%
[DBG] Buffering 8%
[DBG] Buffering 23%
[DBG] Buffering 29%
[DBG] Buffering 33%
[DBG] Received first picture
10:37:33.886 AM [framestep] nextFrameStepped result=0 time=24243 ms
[DBG] Buffering 36%
[DBG] Buffering 41%
[DBG] Buffering 46%
[DBG] Buffering 50%
[DBG] Buffering 52%
[DBG] Buffering 55%
[DBG] Buffering 58%
[DBG] Buffering 71%
[DBG] Buffering 73%
[DBG] Buffering 80%
[DBG] Buffering 81%
[DBG] Buffering 83%
[DBG] Buffering 86%
[DBG] Buffering 91%
[DBG] Buffering 96%
[DBG] Stream buffering done (1001 ms in 19 ms)
10:37:33.898 AM [player] buffering 1.0
[DBG] Decoder wait done in 0 ms
[ERR] ES_OUT_SET_(GROUP_)PCR  is called 25153 ms late (jitter of 25139 ms ignored)
[DBG] ES_OUT_RESET_PCR called
10:37:33.900 AM [player] buffering 0.0
10:37:33.900 AM [player] buffering 0.0
[DBG] Buffering 0%
[DBG] Buffering 14%
[DBG] Buffering 21%
[DBG] Buffering 24%
[DBG] Buffering 25%
[DBG] Buffering 28%
[DBG] Buffering 33%
[DBG] Received first picture
10:37:33.910 AM [framestep] nextFrameStepped result=0 time=24243 ms
10:37:33.910 AM [framestep] −1 after=24243 ms
[DBG] Buffering 38%
[DBG] Buffering 41%
[DBG] Buffering 43%
[DBG] Buffering 46%
[DBG] Buffering 50%
[DBG] Buffering 65%
[DBG] Buffering 71%
[DBG] Buffering 75%
[DBG] Buffering 78%
[DBG] Buffering 83%
[DBG] Buffering 88%
[DBG] Buffering 91%
[DBG] Buffering 94%
[DBG] Buffering 96%
10:37:33.929 AM [player] buffering 1.0
[DBG] Stream buffering done (1001 ms in 29 ms)
[DBG] Decoder wait done in 0 ms
[ERR] ES_OUT_SET_(GROUP_)PCR  is called 25094 ms late (jitter of 25131 ms ignored)
[DBG] ES_OUT_RESET_PCR called
10:37:33.929 AM [player] buffering 0.0
[DBG] Buffering 0%
10:37:33.930 AM [player] buffering 0.0
[DBG] Buffering 6%
[DBG] Buffering 8%
[DBG] Buffering 10%
[DBG] Buffering 13%
[DBG] Buffering 18%
[DBG] Buffering 23%
[DBG] Buffering 26%
[DBG] Buffering 31%
[DBG] Buffering 35%
[DBG] Buffering 50%
[DBG] Buffering 56%
[DBG] Buffering 59%
[DBG] Buffering 60%
[DBG] Buffering 63%
[DBG] Buffering 68%
[DBG] Buffering 73%
[DBG] Buffering 76%
[DBG] Buffering 78%
[DBG] Buffering 81%
[DBG] Buffering 85%
[DBG] Received first picture
10:37:33.942 AM [framestep] nextFrameStepped result=0 time=24243 ms
[DBG] Stream buffering done (1012 ms in 14 ms)
10:37:33.944 AM [player] buffering 1.0
[DBG] Decoder wait done in 0 ms
[ERR] ES_OUT_SET_(GROUP_)PCR  is called 25183 ms late (jitter of 25153 ms ignored)
[DBG] ES_OUT_RESET_PCR called
10:37:33.946 AM [player] buffering 0.0
[DBG] Buffering 0%
10:37:33.947 AM [player] buffering 0.0
[DBG] Buffering 3%
[DBG] Buffering 8%
[DBG] Buffering 10%
[DBG] Buffering 13%
[DBG] Buffering 16%
[DBG] Buffering 19%
[DBG] Buffering 21%
[DBG] Buffering 25%
[DBG] Buffering 39%
[DBG] Buffering 40%
[DBG] Buffering 46%
[DBG] Buffering 48%
[DBG] Buffering 50%
[DBG] Buffering 53%
[DBG] Buffering 58%
[DBG] Buffering 63%
[DBG] Received first picture
10:37:33.960 AM [framestep] nextFrameStepped result=0 time=24243 ms
[DBG] Buffering 66%
[DBG] Buffering 71%
[DBG] Buffering 75%
[DBG] Buffering 90%
[DBG] Buffering 96%
[DBG] Buffering 99%
10:37:33.965 AM [player] buffering 1.0
[DBG] Stream buffering done (1001 ms in 18 ms)
[DBG] Decoder wait done in 0 ms
[ERR] ES_OUT_SET_(GROUP_)PCR  is called 25235 ms late (jitter of 25183 ms ignored)
[DBG] ES_OUT_RESET_PCR called
10:37:33.966 AM [player] buffering 0.0
[DBG] Buffering 0%
10:37:33.966 AM [player] buffering 0.0
[DBG] Buffering 5%
[DBG] Buffering 8%
[DBG] Buffering 10%
[DBG] Buffering 13%
[DBG] Buffering 16%
[DBG] Buffering 33%
[DBG] Buffering 38%
[DBG] Buffering 41%
[DBG] Buffering 45%
[DBG] Buffering 50%
[DBG] Buffering 52%
[DBG] Buffering 55%
[DBG] Received first picture
10:37:33.976 AM [framestep] nextFrameStepped result=0 time=24243 ms
[DBG] Buffering 58%
[DBG] Buffering 61%
[DBG] Buffering 63%
[DBG] Buffering 66%
[DBG] Buffering 81%
[DBG] Buffering 88%
[DBG] Buffering 90%
[DBG] Buffering 91%
[DBG] Buffering 95%
10:37:33.984 AM [player] buffering 1.0
[DBG] Stream buffering done (1001 ms in 17 ms)
[DBG] Decoder wait done in 0 ms
[ERR] ES_OUT_SET_(GROUP_)PCR  is called 25237 ms late (jitter of 25235 ms ignored)
[DBG] ES_OUT_RESET_PCR called
10:37:33.984 AM [player] buffering 0.0
[DBG] Buffering 0%
10:37:33.984 AM [player] buffering 0.0
[DBG] Buffering 5%
[DBG] Buffering 8%
[DBG] Buffering 23%
[DBG] Buffering 30%
[DBG] Buffering 33%
[DBG] Buffering 36%
[DBG] Buffering 41%
[DBG] Received first picture
10:37:33.991 AM [framestep] nextFrameStepped result=0 time=24243 ms
[DBG] Buffering 46%
[DBG] Buffering 50%
[DBG] Buffering 52%
[DBG] Buffering 55%
[DBG] Buffering 58%
[DBG] Buffering 75%
[DBG] Buffering 80%
[DBG] Buffering 83%
[DBG] Buffering 86%
[DBG] Buffering 91%
[DBG] Buffering 94%
[DBG] Buffering 96%
10:37:34.010 AM [player] buffering 1.0
[DBG] Stream buffering done (1001 ms in 25 ms)
[DBG] Decoder wait done in 0 ms
[ERR] ES_OUT_SET_(GROUP_)PCR  is called 25275 ms late (jitter of 25237 ms ignored)
[DBG] ES_OUT_RESET_PCR called
10:37:34.010 AM [player] buffering 0.0
[DBG] Buffering 0%
10:37:34.010 AM [player] buffering 0.0
[DBG] Buffering 3%
[DBG] Buffering 17%
[DBG] Buffering 18%
[DBG] Buffering 25%
[DBG] Buffering 27%
[DBG] Buffering 28%
[DBG] Buffering 31%
[DBG] Buffering 36%
[DBG] Buffering 41%
[DBG] Received first picture
10:37:34.022 AM [framestep] nextFrameStepped result=0 time=24243 ms
[DBG] Buffering 45%
[DBG] Buffering 50%
[DBG] Buffering 53%
[DBG] Buffering 69%
[DBG] Buffering 75%
[DBG] Buffering 78%
[DBG] Buffering 81%
[DBG] Buffering 86%
[DBG] Buffering 91%
[DBG] Buffering 95%
[DBG] Buffering 97%
10:37:34.035 AM [player] buffering 1.0
[DBG] Stream buffering done (1001 ms in 25 ms)
[DBG] Decoder wait done in 0 ms
[ERR] ES_OUT_SET_(GROUP_)PCR  is called 25305 ms late (jitter of 25275 ms ignored)
[DBG] ES_OUT_RESET_PCR called
10:37:34.036 AM [player] buffering 0.0
[DBG] Buffering 0%
10:37:34.040 AM [player] buffering 0.0
[DBG] Buffering 1%
[DBG] Buffering 8%
[DBG] Buffering 9%
[DBG] Buffering 11%
[DBG] Buffering 14%
[DBG] Buffering 19%
[DBG] Buffering 24%
[DBG] Received first picture
10:37:34.047 AM [framestep] nextFrameStepped result=0 time=24243 ms
[DBG] Buffering 28%
[DBG] Buffering 33%
[DBG] Buffering 36%
[DBG] Buffering 51%
[DBG] Buffering 57%
[DBG] Buffering 60%
[DBG] Buffering 61%
[DBG] Buffering 64%
[DBG] Buffering 69%
[DBG] Buffering 74%
[DBG] Buffering 78%
[DBG] Buffering 80%
[DBG] Buffering 83%
[DBG] Buffering 86%
[DBG] Stream buffering done (1024 ms in 19 ms)
10:37:34.060 AM [player] buffering 1.0
[DBG] Decoder wait done in 0 ms
[ERR] ES_OUT_SET_(GROUP_)PCR  is called 25285 ms late (jitter of 25285 ms ignored)
[DBG] ES_OUT_RESET_PCR called
10:37:34.062 AM [player] buffering 0.0
10:37:34.063 AM [player] buffering 0.0
[DBG] Buffering 0%
[DBG] Buffering 3%
[DBG] Buffering 8%
[DBG] Buffering 10%
[DBG] Buffering 13%
[DBG] Buffering 16%
[DBG] Buffering 19%
[DBG] Buffering 21%
[DBG] Buffering 25%
[DBG] Buffering 39%
[DBG] Buffering 40%
[DBG] Buffering 46%
[DBG] Buffering 48%
[DBG] Buffering 50%
[DBG] Buffering 53%
[DBG] Buffering 58%
[DBG] Buffering 63%
[DBG] Received first picture
10:37:34.076 AM [framestep] nextFrameStepped result=0 time=24243 ms
[DBG] Buffering 66%
[DBG] Buffering 71%
[DBG] Buffering 75%
[DBG] Buffering 90%
[DBG] Buffering 96%
[DBG] Buffering 99%
[DBG] Stream buffering done (1001 ms in 17 ms)
10:37:34.080 AM [player] buffering 1.0
[DBG] Decoder wait done in 0 ms
[ERR] ES_OUT_SET_(GROUP_)PCR  is called 25350 ms late (jitter of 25305 ms ignored)
[DBG] ES_OUT_RESET_PCR called
10:37:34.081 AM [player] buffering 0.0
10:37:34.081 AM [player] buffering 0.0
[DBG] Buffering 0%
[DBG] Buffering 5%
[DBG] Buffering 8%
[DBG] Buffering 10%
[DBG] Buffering 13%
[DBG] Buffering 16%
[DBG] Buffering 32%
[DBG] Buffering 38%
[DBG] Buffering 41%
[DBG] Buffering 45%
[DBG] Buffering 50%
[DBG] Buffering 52%
[DBG] Buffering 55%
[DBG] Received first picture
10:37:34.089 AM [framestep] nextFrameStepped result=0 time=24243 ms
[DBG] Buffering 58%
[DBG] Buffering 61%
[DBG] Buffering 63%
[DBG] Buffering 66%
[DBG] Buffering 80%
[DBG] Buffering 81%
[DBG] Buffering 88%
[DBG] Buffering 90%
[DBG] Buffering 91%
[DBG] Buffering 95%
10:37:34.094 AM [player] buffering 1.0
[DBG] Stream buffering done (1001 ms in 12 ms)
[DBG] Decoder wait done in 0 ms
[ERR] ES_OUT_SET_(GROUP_)PCR  is called 25346 ms late (jitter of 25346 ms ignored)
[DBG] ES_OUT_RESET_PCR called
10:37:34.094 AM [player] buffering 0.0
10:37:34.094 AM [player] buffering 0.0
[DBG] Buffering 0%
[DBG] Buffering 4%
[DBG] Buffering 8%
[DBG] Buffering 23%
[DBG] Buffering 29%
[DBG] Buffering 33%
[DBG] Buffering 36%
[DBG] Buffering 41%
[DBG] Buffering 46%
[DBG] Buffering 50%
[DBG] Buffering 52%
[DBG] Buffering 55%
[DBG] Buffering 58%
[DBG] Received first picture
10:37:34.102 AM [framestep] nextFrameStepped result=0 time=24243 ms
[DBG] Buffering 74%
[DBG] Buffering 80%
[DBG] Buffering 83%
[DBG] Buffering 86%
[DBG] Buffering 91%
[DBG] Buffering 94%
[DBG] Buffering 96%
[DBG] Stream buffering done (1001 ms in 15 ms)
10:37:34.110 AM [player] buffering 1.0
[DBG] Decoder wait done in 0 ms
[ERR] ES_OUT_SET_(GROUP_)PCR  is called 25378 ms late (jitter of 25350 ms ignored)
[DBG] ES_OUT_RESET_PCR called
10:37:34.111 AM [player] buffering 0.0
10:37:34.111 AM [player] buffering 0.0
[DBG] Buffering 0%
[DBG] Buffering 3%
[DBG] Buffering 17%
[DBG] Buffering 18%
[DBG] Buffering 25%
[DBG] Buffering 27%
[DBG] Buffering 28%
[DBG] Buffering 31%
[DBG] Buffering 36%
[DBG] Buffering 41%
[DBG] Buffering 45%
[DBG] Buffering 50%
[DBG] Buffering 53%
[DBG] Received first picture
10:37:34.118 AM [framestep] nextFrameStepped result=0 time=24243 ms
[DBG] Buffering 69%
[DBG] Buffering 75%
[DBG] Buffering 78%
[DBG] Buffering 81%
[DBG] Buffering 86%
[DBG] Buffering 91%
[DBG] Buffering 95%
[DBG] Buffering 97%
[DBG] Stream buffering done (1001 ms in 11 ms)
10:37:34.123 AM [player] buffering 1.0
[DBG] Decoder wait done in 0 ms
[ERR] ES_OUT_SET_(GROUP_)PCR  is called 25391 ms late (jitter of 25378 ms ignored)
[DBG] ES_OUT_RESET_PCR called
10:37:34.123 AM [player] buffering 0.0
[DBG] Buffering 0%
10:37:34.128 AM [player] buffering 0.0
[DBG] Buffering 1%
[DBG] Buffering 8%
[DBG] Buffering 9%
[DBG] Buffering 11%
[DBG] Buffering 14%
[DBG] Buffering 19%
[DBG] Buffering 24%
[DBG] Buffering 28%
[DBG] Buffering 33%
[DBG] Buffering 36%
[DBG] Received first picture
10:37:34.132 AM [framestep] nextFrameStepped result=0 time=24243 ms
[DBG] Buffering 51%
[DBG] Buffering 58%
[DBG] Buffering 60%
[DBG] Buffering 61%
[DBG] Buffering 64%
[DBG] Buffering 69%
[DBG] Buffering 74%
[DBG] Buffering 78%
[DBG] Buffering 80%
[DBG] Buffering 83%
[DBG] Buffering 86%
10:37:34.140 AM [player] buffering 1.0
[DBG] Stream buffering done (1024 ms in 11 ms)
[DBG] Decoder wait done in 0 ms
[ERR] ES_OUT_SET_(GROUP_)PCR  is called 25363 ms late (jitter of 25378 ms ignored)
[DBG] ES_OUT_RESET_PCR called
10:37:34.141 AM [player] buffering 0.0
[DBG] Buffering 0%
10:37:34.142 AM [player] buffering 0.0
[DBG] Buffering 3%
[DBG] Buffering 8%
[DBG] Buffering 13%
[DBG] Buffering 16%
[DBG] Buffering 19%
[DBG] Buffering 21%
[DBG] Buffering 25%
[DBG] Buffering 38%
[DBG] Buffering 40%
[DBG] Buffering 46%
[DBG] Buffering 48%
[DBG] Buffering 50%
[DBG] Buffering 53%
[DBG] Buffering 57%
[DBG] Buffering 58%
[DBG] Received first picture
10:37:34.152 AM [framestep] nextFrameStepped result=0 time=24243 ms
[DBG] Buffering 63%
[DBG] Buffering 66%
[DBG] Buffering 71%
[DBG] Buffering 75%
[DBG] Buffering 90%
[DBG] Buffering 96%
[DBG] Buffering 99%
[DBG] Stream buffering done (1001 ms in 15 ms)
10:37:34.157 AM [player] buffering 1.0
[DBG] Decoder wait done in 0 ms
[ERR] ES_OUT_SET_(GROUP_)PCR  is called 25427 ms late (jitter of 25391 ms ignored)
[DBG] ES_OUT_RESET_PCR called
10:37:34.158 AM [player] buffering 0.0
[DBG] Buffering 0%
10:37:34.158 AM [player] buffering 0.0
[DBG] Buffering 5%
[DBG] Buffering 8%
[DBG] Buffering 10%
[DBG] Buffering 13%
[DBG] Buffering 16%
[DBG] Buffering 32%
[DBG] Buffering 38%
[DBG] Buffering 41%
[DBG] Buffering 45%
[DBG] Buffering 50%
[DBG] Buffering 52%
[DBG] Buffering 55%
[DBG] Buffering 58%
[DBG] Buffering 61%
[DBG] Buffering 63%
[DBG] Buffering 66%
[DBG] Received first picture
10:37:34.165 AM [framestep] nextFrameStepped result=0 time=24243 ms
[DBG] Buffering 80%
[DBG] Buffering 81%
[DBG] Buffering 88%
[DBG] Buffering 90%
[DBG] Buffering 91%
[DBG] Buffering 95%
10:37:34.171 AM [player] buffering 1.0
[DBG] Stream buffering done (1000 ms in 13 ms)
[DBG] Decoder wait done in 0 ms
[ERR] ES_OUT_SET_(GROUP_)PCR  is called 25474 ms late (jitter of 25427 ms ignored)
[DBG] ES_OUT_RESET_PCR called
10:37:34.172 AM [player] buffering 0.0
[DBG] Buffering 0%
10:37:34.172 AM [player] buffering 0.0
[DBG] Buffering 3%
[DBG] Buffering 8%
[DBG] Buffering 11%
[DBG] Buffering 26%
[DBG] Received first picture
10:37:34.177 AM [framestep] nextFrameStepped result=0 time=24243 ms
[DBG] Buffering 33%
[DBG] Buffering 36%
[DBG] Buffering 40%
[DBG] Buffering 45%
[DBG] Buffering 50%
[DBG] Buffering 53%
[DBG] Buffering 55%
[DBG] Buffering 58%
[DBG] Buffering 61%
[DBG] Buffering 78%
[DBG] Buffering 83%
[DBG] Buffering 86%
[DBG] Buffering 90%
[DBG] Buffering 95%
[DBG] Buffering 97%
10:37:34.181 AM [player] buffering 1.0
[DBG] Stream buffering done (1001 ms in 9 ms)
[DBG] Decoder wait done in 0 ms
[ERR] ES_OUT_SET_(GROUP_)PCR  is called 25451 ms late (jitter of 25451 ms ignored)
[DBG] ES_OUT_RESET_PCR called
10:37:34.182 AM [player] buffering 0.0
10:37:34.182 AM [player] buffering 0.0
[DBG] Buffering 0%
[DBG] Buffering 1%
[DBG] Buffering 4%
[DBG] Buffering 19%
[DBG] Buffering 26%
[DBG] Buffering 28%
[DBG] Buffering 29%
[DBG] Buffering 33%
[DBG] Received first picture
[DBG] Buffering 38%
10:37:34.187 AM [framestep] nextFrameStepped result=0 time=24243 ms
[DBG] Buffering 43%
[DBG] Buffering 46%
[DBG] Buffering 51%
[DBG] Buffering 55%
[DBG] Buffering 70%
[DBG] Buffering 76%
[DBG] Buffering 80%
[DBG] Buffering 83%
[DBG] Buffering 88%
[DBG] Buffering 93%
[DBG] Buffering 96%
[DBG] Buffering 99%
10:37:34.192 AM [player] buffering 1.0
[DBG] Stream buffering done (1017 ms in 9 ms)
[DBG] Decoder wait done in 0 ms
[ERR] ES_OUT_SET_(GROUP_)PCR  is called 25446 ms late (jitter of 25451 ms ignored)
[DBG] ES_OUT_RESET_PCR called
10:37:34.192 AM [player] buffering 0.0
[DBG] Buffering 0%
10:37:34.197 AM [player] buffering 0.0
[DBG] Buffering 5%
[DBG] Buffering 8%
[DBG] Buffering 11%
[DBG] Buffering 16%
[DBG] Buffering 19%
[DBG] Buffering 21%
[DBG] Buffering 25%
[DBG] Received first picture
[DBG] Buffering 28%
10:37:34.200 AM [framestep] nextFrameStepped result=0 time=24243 ms
[DBG] Buffering 30%
[DBG] Buffering 33%
[DBG] Buffering 48%
[DBG] Buffering 55%
[DBG] Buffering 57%
[DBG] Buffering 58%
[DBG] Buffering 61%
[DBG] Buffering 66%
[DBG] Buffering 71%
[DBG] Buffering 75%
[DBG] Buffering 80%
[DBG] Buffering 83%
[DBG] Buffering 99%
10:37:34.210 AM [player] buffering 1.0
[DBG] Stream buffering done (1052 ms in 13 ms)
[DBG] Decoder wait done in 0 ms
[ERR] ES_OUT_SET_(GROUP_)PCR  is called 25429 ms late (jitter of 25446 ms ignored)
[DBG] ES_OUT_RESET_PCR called
10:37:34.211 AM [player] buffering 0.0
[DBG] Buffering 0%
10:37:34.211 AM [player] buffering 0.0
[DBG] Buffering 5%
[DBG] Buffering 10%
[DBG] Buffering 13%
[DBG] Buffering 16%
[DBG] Buffering 18%
[DBG] Buffering 21%
[DBG] Buffering 35%
[DBG] Buffering 36%
[DBG] Buffering 43%
[DBG] Buffering 44%
[DBG] Buffering 46%
[DBG] Buffering 50%
[DBG] Buffering 54%
[DBG] Buffering 55%
[DBG] Received first picture
10:37:34.217 AM [framestep] nextFrameStepped result=0 time=24243 ms
[DBG] Buffering 60%
[DBG] Buffering 63%
[DBG] Buffering 68%
[DBG] Buffering 71%
[DBG] Buffering 86%
[DBG] Buffering 93%
[DBG] Buffering 96%
[DBG] Stream buffering done (1001 ms in 11 ms)
10:37:34.223 AM [player] buffering 1.0
[DBG] Decoder wait done in 0 ms
[ERR] ES_OUT_SET_(GROUP_)PCR  is called 25475 ms late (jitter of 25446 ms ignored)
[DBG] ES_OUT_RESET_PCR called
10:37:34.223 AM [player] buffering 0.0
[DBG] Buffering 0%
10:37:34.228 AM [player] buffering 0.0
[DBG] Buffering 3%
[DBG] Buffering 5%
[DBG] Buffering 8%
[DBG] Buffering 11%
[DBG] Buffering 27%
[DBG] Buffering 33%
[DBG] Buffering 36%
[DBG] Buffering 40%
[DBG] Buffering 45%
[DBG] Buffering 46%
[DBG] Buffering 50%
[DBG] Buffering 53%
[DBG] Buffering 56%
[DBG] Buffering 58%
[DBG] Buffering 61%
[DBG] Received first picture
10:37:34.234 AM [framestep] nextFrameStepped result=0 time=24243 ms
[DBG] Buffering 75%
[DBG] Buffering 76%
[DBG] Buffering 83%
[DBG] Buffering 85%
[DBG] Buffering 86%
[DBG] Buffering 90%
[DBG] Buffering 94%
[DBG] Buffering 95%
10:37:34.240 AM [player] buffering 1.0
[DBG] Stream buffering done (1001 ms in 12 ms)
[DBG] Decoder wait done in 0 ms
[ERR] ES_OUT_SET_(GROUP_)PCR  is called 25510 ms late (jitter of 25475 ms ignored)
[DBG] ES_OUT_RESET_PCR called
10:37:34.241 AM [player] buffering 0.0
[DBG] Buffering 0%
10:37:34.241 AM [player] buffering 0.0
[DBG] Buffering 3%
[DBG] Buffering 18%
[DBG] Buffering 25%
[DBG] Buffering 28%
[DBG] Buffering 31%
[DBG] Buffering 36%
[DBG] Buffering 41%
[DBG] Buffering 45%
[DBG] Buffering 47%
[DBG] Buffering 50%
[DBG] Received first picture
10:37:34.246 AM [framestep] nextFrameStepped result=0 time=24243 ms
[DBG] Buffering 53%
[DBG] Buffering 69%
[DBG] Buffering 75%
[DBG] Buffering 78%
[DBG] Buffering 81%
[DBG] Buffering 86%
[DBG] Buffering 88%
[DBG] Buffering 91%
[DBG] Buffering 95%
[DBG] Buffering 98%
10:37:34.250 AM [player] buffering 1.0
[DBG] Stream buffering done (1001 ms in 9 ms)
[DBG] Decoder wait done in 0 ms
[ERR] ES_OUT_SET_(GROUP_)PCR  is called 25520 ms late (jitter of 25510 ms ignored)
[DBG] ES_OUT_RESET_PCR called
10:37:34.252 AM [player] buffering 0.0
[DBG] Buffering 0%
10:37:34.253 AM [player] buffering 0.0
[DBG] Buffering 7%
[DBG] Received first picture
10:37:34.257 AM [framestep] nextFrameStepped result=0 time=24243 ms
[DBG] Buffering 9%
[DBG] Buffering 10%
[DBG] Buffering 14%
[DBG] Buffering 19%
[DBG] Buffering 24%
[DBG] Buffering 27%
[DBG] Buffering 32%
[DBG] Buffering 35%
[DBG] Buffering 51%
[DBG] Buffering 57%
[DBG] Buffering 60%
[DBG] Buffering 64%
[DBG] Buffering 69%
[DBG] Buffering 74%
[DBG] Buffering 77%
[DBG] Buffering 80%
[DBG] Buffering 82%
[DBG] Buffering 86%
[DBG] Stream buffering done (1024 ms in 15 ms)
10:37:34.269 AM [player] buffering 1.0
[DBG] Decoder wait done in 0 ms
[ERR] ES_OUT_SET_(GROUP_)PCR  is called 25498 ms late (jitter of 25510 ms ignored)
[DBG] ES_OUT_RESET_PCR called
10:37:34.270 AM [player] buffering 0.0
10:37:34.270 AM [player] buffering 0.0
[DBG] Buffering 0%
[DBG] Buffering 3%
[DBG] Buffering 8%
[DBG] Buffering 10%
[DBG] Buffering 13%
[DBG] Buffering 16%
[DBG] Buffering 20%
[DBG] Buffering 21%
[DBG] Buffering 25%
[DBG] Buffering 39%
[DBG] Buffering 40%
[DBG] Buffering 46%
[DBG] Buffering 49%
[DBG] Buffering 50%
[DBG] Received first picture
10:37:34.286 AM [framestep] nextFrameStepped result=0 time=24243 ms
[DBG] Buffering 53%
[DBG] Buffering 58%
[DBG] Buffering 63%
[DBG] Buffering 66%
[DBG] Buffering 71%
[DBG] Buffering 75%
[DBG] Buffering 90%
[DBG] Buffering 96%
[DBG] Stream buffering done (1001 ms in 21 ms)
10:37:34.292 AM [player] buffering 1.0
[DBG] Decoder wait done in 0 ms
[ERR] ES_OUT_SET_(GROUP_)PCR  is called 25563 ms late (jitter of 25520 ms ignored)
[DBG] ES_OUT_RESET_PCR called
10:37:34.293 AM [player] buffering 0.0
10:37:34.294 AM [player] buffering 0.0
[DBG] Buffering 0%
[DBG] Buffering 5%
[DBG] Buffering 8%
[DBG] Buffering 11%
[DBG] Buffering 13%
[DBG] Buffering 16%
[DBG] Buffering 30%
[DBG] Buffering 31%
[DBG] Buffering 38%
[DBG] Buffering 39%
[DBG] Buffering 41%
[DBG] Received first picture
10:37:34.305 AM [framestep] nextFrameStepped result=0 time=24243 ms
[DBG] Buffering 45%
[DBG] Buffering 49%
[DBG] Buffering 50%
[DBG] Buffering 55%
[DBG] Buffering 58%
[DBG] Buffering 63%
[DBG] Buffering 66%
[DBG] Buffering 81%
[DBG] Buffering 88%
[DBG] Buffering 91%
[DBG] Buffering 95%
10:37:34.318 AM [player] buffering 1.0
[DBG] Stream buffering done (1001 ms in 23 ms)
[DBG] Decoder wait done in 0 ms
[ERR] ES_OUT_SET_(GROUP_)PCR  is called 25570 ms late (jitter of 25563 ms ignored)
[DBG] ES_OUT_RESET_PCR called
10:37:34.318 AM [player] buffering 0.0
[DBG] Buffering 0%
10:37:34.319 AM [player] buffering 0.0
[DBG] Buffering 5%
[DBG] Buffering 8%
[DBG] Buffering 24%
[DBG] Buffering 30%
[DBG] Buffering 33%
[DBG] Received first picture
10:37:34.325 AM [framestep] nextFrameStepped result=0 time=24243 ms
[DBG] Buffering 36%
[DBG] Buffering 41%
[DBG] Buffering 46%
[DBG] Buffering 50%
[DBG] Buffering 52%
[DBG] Buffering 55%
[DBG] Buffering 58%
[DBG] Buffering 72%
[DBG] Buffering 73%
[DBG] Buffering 80%
[DBG] Buffering 81%
[DBG] Buffering 83%
[DBG] Buffering 86%
[DBG] Buffering 91%
[DBG] Buffering 96%
10:37:34.343 AM [player] buffering 1.0
[DBG] Stream buffering done (1001 ms in 23 ms)
[DBG] Decoder wait done in 0 ms
[ERR] ES_OUT_SET_(GROUP_)PCR  is called 25595 ms late (jitter of 25570 ms ignored)
[DBG] ES_OUT_RESET_PCR called
10:37:34.343 AM [player] buffering 0.0
[DBG] Buffering 0%
10:37:34.343 AM [player] buffering 0.0
[DBG] Buffering 14%
[DBG] Buffering 15%
[DBG] Buffering 21%
[DBG] Buffering 24%
[DBG] Buffering 25%
[DBG] Buffering 28%
[DBG] Buffering 33%
[DBG] Buffering 38%
[DBG] Received first picture
10:37:34.348 AM [framestep] nextFrameStepped result=0 time=24243 ms
[DBG] Buffering 41%
[DBG] Buffering 43%
[DBG] Buffering 46%
[DBG] Buffering 50%
[DBG] Buffering 66%
[DBG] Buffering 71%
[DBG] Buffering 75%
[DBG] Buffering 78%
[DBG] Buffering 83%
[DBG] Buffering 85%
[DBG] Buffering 88%
[DBG] Buffering 91%
[DBG] Buffering 94%
[DBG] Buffering 96%
[DBG] Stream buffering done (1001 ms in 14 ms)
10:37:34.358 AM [player] buffering 1.0
[DBG] Decoder wait done in 0 ms
[ERR] ES_OUT_SET_(GROUP_)PCR  is called 25523 ms late (jitter of 25570 ms ignored)
[DBG] ES_OUT_RESET_PCR called
10:37:34.361 AM [player] buffering 0.0
[DBG] Buffering 0%
10:37:34.361 AM [player] buffering 0.0
[DBG] Buffering 6%
[DBG] Buffering 8%
[DBG] Buffering 9%
[DBG] Buffering 13%
[DBG] Buffering 18%
[DBG] Buffering 23%
[DBG] Buffering 26%
[DBG] Buffering 31%
[DBG] Buffering 35%
[DBG] Buffering 50%
[DBG] Buffering 56%
[DBG] Buffering 59%
[DBG] Buffering 60%
[DBG] Buffering 63%
[DBG] Buffering 68%
[DBG] Buffering 73%
[DBG] Received first picture
10:37:34.372 AM [framestep] nextFrameStepped result=0 time=24243 ms
[DBG] Buffering 76%
[DBG] Buffering 78%
[DBG] Buffering 81%
[DBG] Buffering 85%
10:37:34.374 AM [player] buffering 1.0
[DBG] Stream buffering done (1013 ms in 12 ms)
[DBG] Decoder wait done in 0 ms
[ERR] ES_OUT_SET_(GROUP_)PCR  is called 25613 ms late (jitter of 25595 ms ignored)
[DBG] ES_OUT_RESET_PCR called
10:37:34.376 AM [player] buffering 0.0
10:37:34.376 AM [player] buffering 0.0
[DBG] Buffering 0%
[DBG] Buffering 3%
[DBG] Buffering 8%
[DBG] Buffering 10%
[DBG] Buffering 13%
[DBG] Buffering 16%
[DBG] Buffering 20%
[DBG] Buffering 21%
[DBG] Buffering 25%
[DBG] Buffering 39%
[DBG] Buffering 40%
[DBG] Buffering 46%
[DBG] Received first picture
10:37:34.387 AM [framestep] nextFrameStepped result=0 time=24243 ms
[DBG] Buffering 48%
[DBG] Buffering 50%
[DBG] Buffering 53%
[DBG] Buffering 58%
[DBG] Buffering 63%
[DBG] Buffering 66%
[DBG] Buffering 71%
[DBG] Buffering 75%
[DBG] Buffering 90%
[DBG] Buffering 96%
10:37:34.394 AM [player] buffering 1.0
[DBG] Stream buffering done (1001 ms in 17 ms)
[DBG] Decoder wait done in 0 ms
[ERR] ES_OUT_SET_(GROUP_)PCR  is called 25665 ms late (jitter of 25613 ms ignored)
[DBG] ES_OUT_RESET_PCR called
10:37:34.396 AM [player] buffering 0.0
[DBG] Buffering 0%
10:37:34.396 AM [player] buffering 0.0
[DBG] Buffering 5%
[DBG] Buffering 8%
[DBG] Buffering 10%
[DBG] Buffering 13%
[DBG] Buffering 16%
[DBG] Buffering 33%
[DBG] Buffering 38%
[DBG] Buffering 41%
[DBG] Buffering 45%
[DBG] Buffering 50%
[DBG] Buffering 52%
[DBG] Buffering 55%
[DBG] Buffering 58%
[DBG] Buffering 62%
[DBG] Buffering 63%
[DBG] Received first picture
10:37:34.407 AM [framestep] nextFrameStepped result=0 time=24243 ms
[DBG] Buffering 66%
[DBG] Buffering 81%
[DBG] Buffering 88%
[DBG] Buffering 90%
[DBG] Buffering 91%
[DBG] Buffering 95%
[DBG] Stream buffering done (1001 ms in 15 ms)
10:37:34.412 AM [player] buffering 1.0
[DBG] Decoder wait done in 0 ms
[ERR] ES_OUT_SET_(GROUP_)PCR  is called 25667 ms late (jitter of 25665 ms ignored)
[DBG] ES_OUT_RESET_PCR called
10:37:34.414 AM [player] buffering 0.0
[DBG] Buffering 0%
10:37:34.414 AM [player] buffering 0.0
[DBG] Buffering 4%
[DBG] Buffering 8%
[DBG] Buffering 23%
[DBG] Buffering 29%
[DBG] Buffering 33%
[DBG] Received first picture
10:37:34.419 AM [framestep] nextFrameStepped result=0 time=24243 ms
[DBG] Buffering 36%
[DBG] Buffering 41%
[DBG] Buffering 46%
[DBG] Buffering 50%
[DBG] Buffering 52%
[DBG] Buffering 55%
[DBG] Buffering 58%
[DBG] Buffering 71%
[DBG] Buffering 73%
[DBG] Buffering 80%
[DBG] Buffering 81%
[DBG] Buffering 83%
[DBG] Buffering 86%
[DBG] Buffering 91%
[DBG] Buffering 96%
[DBG] Stream buffering done (1001 ms in 14 ms)
10:37:34.429 AM [player] buffering 1.0
[DBG] Decoder wait done in 0 ms
[ERR] ES_OUT_SET_(GROUP_)PCR  is called 25682 ms late (jitter of 25667 ms ignored)
[DBG] ES_OUT_RESET_PCR called
10:37:34.429 AM [player] buffering 0.0
10:37:34.429 AM [player] buffering 0.0
[DBG] Buffering 0%
[DBG] Buffering 14%
[DBG] Buffering 21%
[DBG] Received first picture
10:37:34.435 AM [framestep] nextFrameStepped result=0 time=24243 ms
[DBG] Buffering 24%
[DBG] Buffering 25%
[DBG] Buffering 28%
[DBG] Buffering 33%
[DBG] Buffering 38%
[DBG] Buffering 41%
[DBG] Buffering 43%
[DBG] Buffering 46%
[DBG] Buffering 50%
[DBG] Buffering 65%
[DBG] Buffering 71%
[DBG] Buffering 75%
[DBG] Buffering 78%
[DBG] Buffering 83%
[DBG] Buffering 88%
[DBG] Buffering 91%
[DBG] Buffering 94%
[DBG] Buffering 96%
[DBG] Stream buffering done (1001 ms in 15 ms)
10:37:34.445 AM [player] buffering 1.0
[DBG] Decoder wait done in 0 ms
[ERR] ES_OUT_SET_(GROUP_)PCR  is called 25611 ms late (jitter of 25667 ms ignored)
[DBG] ES_OUT_RESET_PCR called
10:37:34.447 AM [player] buffering 0.0
[DBG] Buffering 0%
10:37:34.448 AM [player] buffering 0.0
[DBG] Buffering 6%
[DBG] Buffering 8%
[DBG] Buffering 10%
[DBG] Buffering 13%
[DBG] Buffering 18%
[DBG] Buffering 23%
[DBG] Buffering 26%
[DBG] Buffering 31%
[DBG] Buffering 35%
[DBG] Buffering 50%
[DBG] Buffering 56%
[DBG] Buffering 59%
[DBG] Buffering 60%
[DBG] Buffering 63%
[DBG] Buffering 68%
[DBG] Received first picture
10:37:34.458 AM [framestep] nextFrameStepped result=0 time=24243 ms
[DBG] Buffering 73%
[DBG] Buffering 76%
[DBG] Buffering 78%
[DBG] Buffering 81%
[DBG] Buffering 85%
10:37:34.464 AM [player] buffering 1.0
[DBG] Stream buffering done (1012 ms in 16 ms)
[DBG] Decoder wait done in 0 ms
[ERR] ES_OUT_SET_(GROUP_)PCR  is called 25703 ms late (jitter of 25682 ms ignored)
[DBG] ES_OUT_RESET_PCR called
10:37:34.466 AM [player] buffering 0.0
10:37:34.467 AM [player] buffering 0.0
[DBG] Buffering 0%
[DBG] Buffering 3%
[DBG] Buffering 8%
[DBG] Buffering 10%
[DBG] Buffering 13%
[DBG] Buffering 16%
[DBG] Buffering 19%
[DBG] Buffering 21%
[DBG] Buffering 25%
[DBG] Buffering 39%
[DBG] Buffering 40%
[DBG] Buffering 46%
[DBG] Buffering 48%
[DBG] Buffering 50%
[DBG] Received first picture
10:37:34.477 AM [framestep] nextFrameStepped result=0 time=24243 ms
[DBG] Buffering 53%
[DBG] Buffering 58%
[DBG] Buffering 63%
[DBG] Buffering 66%
[DBG] Buffering 71%
[DBG] Buffering 75%
[DBG] Buffering 90%
[DBG] Buffering 96%
[DBG] Buffering 99%
[DBG] Stream buffering done (1001 ms in 15 ms)
10:37:34.482 AM [player] buffering 1.0
[DBG] Decoder wait done in 0 ms
[ERR] ES_OUT_SET_(GROUP_)PCR  is called 25753 ms late (jitter of 25703 ms ignored)
[DBG] ES_OUT_RESET_PCR called
10:37:34.483 AM [player] buffering 0.0
[DBG] Buffering 0%
10:37:34.483 AM [player] buffering 0.0
[DBG] Buffering 5%
[DBG] Buffering 8%
[DBG] Buffering 10%
[DBG] Buffering 13%
[DBG] Buffering 16%
[DBG] Buffering 33%
[DBG] Buffering 38%
[DBG] Buffering 41%
[DBG] Buffering 45%
[DBG] Buffering 50%
[DBG] Buffering 52%
[DBG] Buffering 55%
[DBG] Buffering 58%
[DBG] Received first picture
10:37:34.492 AM [framestep] nextFrameStepped result=0 time=24243 ms
[DBG] Buffering 61%
[DBG] Buffering 63%
[DBG] Buffering 66%
[DBG] Buffering 81%
[DBG] Buffering 88%
[DBG] Buffering 90%
[DBG] Buffering 91%
[DBG] Buffering 95%
[DBG] Stream buffering done (1001 ms in 17 ms)
10:37:34.501 AM [player] buffering 1.0
[DBG] Decoder wait done in 0 ms
[ERR] ES_OUT_SET_(GROUP_)PCR  is called 25754 ms late (jitter of 25753 ms ignored)
[DBG] ES_OUT_RESET_PCR called
10:37:34.501 AM [player] buffering 0.0
[DBG] Buffering 0%
10:37:34.502 AM [player] buffering 0.0
[DBG] Buffering 5%
[DBG] Buffering 8%
[DBG] Buffering 23%
[DBG] Buffering 30%
[DBG] Buffering 33%
[DBG] Buffering 36%
[DBG] Received first picture
10:37:34.508 AM [framestep] nextFrameStepped result=0 time=24243 ms
[DBG] Buffering 41%
[DBG] Buffering 46%
[DBG] Buffering 50%
[DBG] Buffering 52%
[DBG] Buffering 55%
[DBG] Buffering 58%
[DBG] Buffering 75%
[DBG] Buffering 80%
[DBG] Buffering 83%
[DBG] Buffering 86%
[DBG] Buffering 91%
[DBG] Buffering 94%
[DBG] Buffering 96%
10:37:34.535 AM [player] buffering 1.0
[DBG] Stream buffering done (1001 ms in 33 ms)
[DBG] Decoder wait done in 0 ms
[ERR] ES_OUT_SET_(GROUP_)PCR  is called 25800 ms late (jitter of 25754 ms ignored)
[DBG] ES_OUT_RESET_PCR called
10:37:34.535 AM [player] buffering 0.0
[DBG] Buffering 0%
10:37:34.535 AM [player] buffering 0.0
[DBG] Buffering 3%
[DBG] Buffering 17%
[DBG] Buffering 18%
[DBG] Buffering 25%
[DBG] Buffering 27%
[DBG] Buffering 28%
[DBG] Buffering 31%
[DBG] Buffering 36%
[DBG] Received first picture
10:37:34.541 AM [framestep] nextFrameStepped result=0 time=24243 ms
[DBG] Buffering 41%
[DBG] Buffering 45%
[DBG] Buffering 50%
[DBG] Buffering 53%
[DBG] Buffering 69%
[DBG] Buffering 75%
[DBG] Buffering 78%
[DBG] Buffering 81%
[DBG] Buffering 86%
[DBG] Buffering 91%
[DBG] Buffering 95%
[DBG] Buffering 97%
[DBG] Stream buffering done (1001 ms in 14 ms)
10:37:34.550 AM [player] buffering 1.0
[DBG] Decoder wait done in 0 ms
[ERR] ES_OUT_SET_(GROUP_)PCR  is called 25822 ms late (jitter of 25800 ms ignored)
[DBG] ES_OUT_RESET_PCR called
10:37:34.553 AM [player] buffering 0.0
10:37:34.554 AM [player] buffering 0.0
[DBG] Buffering 0%
[DBG] Buffering 1%
[DBG] Buffering 8%
[DBG] Buffering 9%
[DBG] Buffering 11%
[DBG] Buffering 14%
[DBG] Received first picture
10:37:34.558 AM [framestep] nextFrameStepped result=0 time=24243 ms
[DBG] Buffering 19%
[DBG] Buffering 24%
[DBG] Buffering 28%
[DBG] Buffering 33%
[DBG] Buffering 36%
[DBG] Buffering 51%
[DBG] Buffering 57%
[DBG] Buffering 60%
[DBG] Buffering 61%
[DBG] Buffering 64%
[DBG] Buffering 69%
[DBG] Buffering 74%
[DBG] Buffering 78%
[DBG] Buffering 80%
[DBG] Buffering 83%
[DBG] Buffering 86%
10:37:34.568 AM [player] buffering 1.0
[DBG] Stream buffering done (1024 ms in 14 ms)
[DBG] Decoder wait done in 0 ms
[ERR] ES_OUT_SET_(GROUP_)PCR  is called 25799 ms late (jitter of 25800 ms ignored)
[DBG] ES_OUT_RESET_PCR called
10:37:34.576 AM [player] buffering 0.0
[DBG] Buffering 0%
10:37:34.576 AM [player] buffering 0.0
[DBG] Buffering 3%
[DBG] Buffering 8%
[DBG] Buffering 10%
[DBG] Buffering 13%
[DBG] Buffering 16%
[DBG] Buffering 19%
[DBG] Buffering 21%
[DBG] Buffering 25%
[DBG] Buffering 39%
[DBG] Buffering 40%
[DBG] Buffering 46%
[DBG] Buffering 48%
[DBG] Buffering 50%
[DBG] Buffering 53%
[DBG] Received first picture
10:37:34.584 AM [framestep] nextFrameStepped result=0 time=24243 ms
[DBG] Buffering 58%
[DBG] Buffering 63%
[DBG] Buffering 66%
[DBG] Buffering 71%
[DBG] Buffering 75%
[DBG] Buffering 90%
[DBG] Buffering 96%
[DBG] Buffering 99%
10:37:34.595 AM [player] buffering 1.0
[DBG] Stream buffering done (1001 ms in 18 ms)
[DBG] Decoder wait done in 0 ms
[ERR] ES_OUT_SET_(GROUP_)PCR  is called 25864 ms late (jitter of 25822 ms ignored)
[DBG] ES_OUT_RESET_PCR called
10:37:34.595 AM [player] buffering 0.0
10:37:34.595 AM [player] buffering 0.0
[DBG] Buffering 0%
[DBG] Buffering 5%
[DBG] Buffering 8%
[DBG] Buffering 10%
[DBG] Buffering 13%
[DBG] Buffering 16%
[DBG] Buffering 32%
[DBG] Buffering 38%
[DBG] Buffering 41%
[DBG] Buffering 45%
[DBG] Buffering 50%
[DBG] Received first picture
10:37:34.603 AM [framestep] nextFrameStepped result=0 time=24243 ms
[DBG] Buffering 52%
[DBG] Buffering 55%
[DBG] Buffering 58%
[DBG] Buffering 61%
[DBG] Buffering 63%
[DBG] Buffering 66%
[DBG] Buffering 80%
[DBG] Buffering 81%
[DBG] Buffering 88%
[DBG] Buffering 90%
[DBG] Buffering 91%
[DBG] Buffering 95%
[DBG] Stream buffering done (1001 ms in 17 ms)
10:37:34.612 AM [player] buffering 1.0
[DBG] Decoder wait done in 0 ms
[ERR] ES_OUT_SET_(GROUP_)PCR  is called 25865 ms late (jitter of 25864 ms ignored)
[DBG] ES_OUT_RESET_PCR called
10:37:34.612 AM [player] buffering 0.0
10:37:34.615 AM [player] buffering 0.0
[DBG] Buffering 0%
[DBG] Buffering 4%
[DBG] Buffering 8%
[DBG] Buffering 23%
[DBG] Buffering 29%
[DBG] Buffering 33%
[DBG] Received first picture
10:37:34.620 AM [framestep] nextFrameStepped result=0 time=24243 ms
[DBG] Buffering 36%
[DBG] Buffering 41%
[DBG] Buffering 46%
[DBG] Buffering 50%
[DBG] Buffering 52%
[DBG] Buffering 55%
[DBG] Buffering 58%
[DBG] Buffering 74%
[DBG] Buffering 80%
[DBG] Buffering 83%
[DBG] Buffering 86%
[DBG] Buffering 91%
[DBG] Buffering 94%
[DBG] Buffering 96%
10:37:34.633 AM [player] buffering 1.0
[DBG] Stream buffering done (1001 ms in 17 ms)
[DBG] Decoder wait done in 0 ms
[ERR] ES_OUT_SET_(GROUP_)PCR  is called 25900 ms late (jitter of 25865 ms ignored)
[DBG] ES_OUT_RESET_PCR called
10:37:34.633 AM [player] buffering 0.0
[DBG] Buffering 0%
10:37:34.633 AM [player] buffering 0.0
[DBG] Buffering 3%
[DBG] Buffering 17%
[DBG] Buffering 18%
[DBG] Buffering 25%
[DBG] Buffering 27%
[DBG] Buffering 28%
[DBG] Received first picture
10:37:34.645 AM [framestep] nextFrameStepped result=0 time=24243 ms
[DBG] Buffering 31%
[DBG] Buffering 36%
[DBG] Buffering 41%
[DBG] Buffering 45%
[DBG] Buffering 50%
[DBG] Buffering 53%
[DBG] Buffering 69%
[DBG] Buffering 75%
[DBG] Buffering 78%
[DBG] Buffering 81%
[DBG] Buffering 86%
[DBG] Buffering 91%
[DBG] Buffering 95%
[DBG] Buffering 97%
[DBG] Stream buffering done (1001 ms in 23 ms)
10:37:34.657 AM [player] buffering 1.0
[DBG] Decoder wait done in 0 ms
[ERR] ES_OUT_SET_(GROUP_)PCR  is called 25926 ms late (jitter of 25900 ms ignored)
[DBG] ES_OUT_RESET_PCR called
10:37:34.657 AM [player] buffering 0.0
10:37:34.659 AM [player] buffering 0.0
[DBG] Buffering 0%
[DBG] Buffering 1%
[DBG] Buffering 8%
[DBG] Buffering 9%
[DBG] Buffering 11%
[DBG] Received first picture
10:37:34.663 AM [framestep] nextFrameStepped result=0 time=24243 ms
[DBG] Buffering 14%
[DBG] Buffering 19%
[DBG] Buffering 24%
[DBG] Buffering 28%
[DBG] Buffering 33%
[DBG] Buffering 36%
[DBG] Buffering 51%
[DBG] Buffering 58%
[DBG] Buffering 60%
[DBG] Buffering 61%
[DBG] Buffering 64%
[DBG] Buffering 69%
[DBG] Buffering 74%
[DBG] Buffering 78%
[DBG] Buffering 80%
[DBG] Buffering 83%
[DBG] Buffering 86%
[DBG] Stream buffering done (1024 ms in 19 ms)
10:37:34.679 AM [player] buffering 1.0
[DBG] Decoder wait done in 0 ms
[ERR] ES_OUT_SET_(GROUP_)PCR  is called 25902 ms late (jitter of 25902 ms ignored)
[DBG] ES_OUT_RESET_PCR called
10:37:34.680 AM [player] buffering 0.0
[DBG] Buffering 0%
10:37:34.680 AM [player] buffering 0.0
[DBG] Buffering 3%
[DBG] Buffering 8%
[DBG] Buffering 13%
[DBG] Buffering 16%
[DBG] Buffering 19%
[DBG] Buffering 21%
[DBG] Buffering 25%
[DBG] Buffering 38%
[DBG] Buffering 40%
[DBG] Buffering 46%
[DBG] Buffering 48%
[DBG] Buffering 50%
[DBG] Buffering 53%
[DBG] Buffering 57%
[DBG] Buffering 58%
[DBG] Buffering 63%
[DBG] Buffering 66%
[DBG] Buffering 71%
[DBG] Buffering 75%
[DBG] Received first picture
10:37:34.691 AM [framestep] nextFrameStepped result=0 time=24243 ms
[DBG] Buffering 90%
[DBG] Buffering 96%
[DBG] Buffering 99%
10:37:34.696 AM [player] buffering 1.0
[DBG] Stream buffering done (1001 ms in 15 ms)
[DBG] Decoder wait done in 0 ms
[ERR] ES_OUT_SET_(GROUP_)PCR  is called 25965 ms late (jitter of 25926 ms ignored)
[DBG] ES_OUT_RESET_PCR called
10:37:34.696 AM [player] buffering 0.0
[DBG] Buffering 0%
10:37:34.696 AM [player] buffering 0.0
[DBG] Buffering 5%
[DBG] Buffering 8%
[DBG] Buffering 10%
[DBG] Buffering 13%
[DBG] Buffering 16%
[DBG] Buffering 32%
[DBG] Buffering 38%
[DBG] Buffering 41%
[DBG] Buffering 45%
[DBG] Buffering 50%
[DBG] Buffering 52%
[DBG] Buffering 55%
[DBG] Buffering 58%
[DBG] Received first picture
10:37:34.706 AM [framestep] nextFrameStepped result=0 time=24243 ms
[DBG] Buffering 61%
[DBG] Buffering 63%
[DBG] Buffering 66%
[DBG] Buffering 80%
[DBG] Buffering 81%
[DBG] Buffering 88%
[DBG] Buffering 90%
[DBG] Buffering 91%
[DBG] Buffering 95%
10:37:34.715 AM [player] buffering 1.0
[DBG] Stream buffering done (1000 ms in 18 ms)
[DBG] Decoder wait done in 0 ms
[ERR] ES_OUT_SET_(GROUP_)PCR  is called 26017 ms late (jitter of 25965 ms ignored)
[DBG] ES_OUT_RESET_PCR called
10:37:34.715 AM [player] buffering 0.0
[DBG] Buffering 0%
10:37:34.715 AM [player] buffering 0.0
[DBG] Buffering 3%
[DBG] Buffering 8%
[DBG] Buffering 11%
[DBG] Buffering 26%
[DBG] Buffering 33%
[DBG] Buffering 36%
[DBG] Received first picture
10:37:34.722 AM [framestep] nextFrameStepped result=0 time=24243 ms
[DBG] Buffering 40%
[DBG] Buffering 45%
[DBG] Buffering 50%
[DBG] Buffering 53%
[DBG] Buffering 55%
[DBG] Buffering 58%
[DBG] Buffering 61%
[DBG] Buffering 78%
[DBG] Buffering 83%
[DBG] Buffering 86%
[DBG] Buffering 90%
[DBG] Buffering 95%
[DBG] Buffering 97%
10:37:34.733 AM [player] buffering 1.0
[DBG] Stream buffering done (1001 ms in 18 ms)
[DBG] Decoder wait done in 0 ms
[ERR] ES_OUT_SET_(GROUP_)PCR  is called 26003 ms late (jitter of 26003 ms ignored)
[DBG] ES_OUT_RESET_PCR called
10:37:34.733 AM [player] buffering 0.0
10:37:34.733 AM [player] buffering 0.0
[DBG] Buffering 0%
[DBG] Buffering 1%
[DBG] Buffering 4%
[DBG] Buffering 19%
[DBG] Buffering 26%
[DBG] Buffering 28%
[DBG] Buffering 29%
[DBG] Received first picture
10:37:34.743 AM [framestep] nextFrameStepped result=0 time=24243 ms
[DBG] Buffering 33%
[DBG] Buffering 38%
[DBG] Buffering 43%
[DBG] Buffering 46%
[DBG] Buffering 51%
[DBG] Buffering 55%
[DBG] Buffering 70%
[DBG] Buffering 76%
[DBG] Buffering 80%
[DBG] Buffering 83%
[DBG] Buffering 88%
[DBG] Buffering 93%
[DBG] Buffering 96%
[DBG] Buffering 99%
10:37:34.753 AM [player] buffering 1.0
[DBG] Stream buffering done (1017 ms in 20 ms)
[DBG] Decoder wait done in 0 ms
[ERR] ES_OUT_SET_(GROUP_)PCR  is called 26007 ms late (jitter of 26007 ms ignored)
[DBG] ES_OUT_RESET_PCR called
10:37:34.754 AM [player] buffering 0.0
10:37:34.756 AM [player] buffering 0.0
[DBG] Buffering 0%
[DBG] Received first picture
10:37:34.760 AM [framestep] nextFrameStepped result=0 time=24243 ms
[DBG] Buffering 5%
[DBG] Buffering 8%
[DBG] Buffering 11%
[DBG] Buffering 16%
[DBG] Buffering 19%
[DBG] Buffering 21%
[DBG] Buffering 25%
[DBG] Buffering 28%
[DBG] Buffering 30%
[DBG] Buffering 33%
[DBG] Buffering 48%
[DBG] Buffering 55%
[DBG] Buffering 57%
[DBG] Buffering 58%
[DBG] Buffering 61%
[DBG] Buffering 66%
[DBG] Buffering 71%
[DBG] Buffering 75%
[DBG] Buffering 80%
[DBG] Buffering 83%
[DBG] Buffering 99%
10:37:34.776 AM [player] buffering 1.0
[DBG] Stream buffering done (1052 ms in 19 ms)
[DBG] Decoder wait done in 0 ms
[ERR] ES_OUT_SET_(GROUP_)PCR  is called 25995 ms late (jitter of 26003 ms ignored)
[DBG] ES_OUT_RESET_PCR called
10:37:34.776 AM [player] buffering 0.0
[DBG] Buffering 0%
10:37:34.778 AM [player] buffering 0.0
[DBG] Buffering 5%
[DBG] Buffering 10%
[DBG] Buffering 13%
[DBG] Buffering 16%
[DBG] Buffering 18%
[DBG] Buffering 21%
[DBG] Buffering 35%
[DBG] Buffering 36%
[DBG] Buffering 43%
[DBG] Buffering 44%
[DBG] Buffering 46%
[DBG] Received first picture
10:37:34.783 AM [framestep] nextFrameStepped result=0 time=24243 ms
[DBG] Buffering 50%
[DBG] Buffering 54%
[DBG] Buffering 55%
[DBG] Buffering 60%
[DBG] Buffering 63%
[DBG] Buffering 68%
[DBG] Buffering 71%
[DBG] Buffering 86%
[DBG] Buffering 93%
[DBG] Buffering 96%
[DBG] Stream buffering done (1001 ms in 17 ms)
10:37:34.795 AM [player] buffering 1.0
[DBG] Decoder wait done in 0 ms
[ERR] ES_OUT_SET_(GROUP_)PCR  is called 26047 ms late (jitter of 26007 ms ignored)
[DBG] ES_OUT_RESET_PCR called
10:37:34.795 AM [player] buffering 0.0
10:37:34.797 AM [player] buffering 0.0
[DBG] Buffering 0%
[DBG] Buffering 3%
[DBG] Buffering 5%
[DBG] Buffering 8%
[DBG] Buffering 11%
[DBG] Buffering 27%
[DBG] Buffering 33%
[DBG] Buffering 36%
[DBG] Buffering 40%
[DBG] Buffering 45%
[DBG] Received first picture
10:37:34.805 AM [framestep] nextFrameStepped result=0 time=24243 ms
[DBG] Buffering 46%
[DBG] Buffering 50%
[DBG] Buffering 53%
[DBG] Buffering 56%
[DBG] Buffering 58%
[DBG] Buffering 61%
[DBG] Buffering 75%
[DBG] Buffering 76%
[DBG] Buffering 83%
[DBG] Buffering 85%
[DBG] Buffering 86%
[DBG] Buffering 90%
[DBG] Buffering 94%
[DBG] Buffering 95%
10:37:34.814 AM [player] buffering 1.0
[DBG] Stream buffering done (1001 ms in 17 ms)
[DBG] Decoder wait done in 0 ms
[ERR] ES_OUT_SET_(GROUP_)PCR  is called 26084 ms late (jitter of 26047 ms ignored)
[DBG] ES_OUT_RESET_PCR called
10:37:34.815 AM [player] buffering 0.0
10:37:34.816 AM [player] buffering 0.0
[DBG] Buffering 0%
[DBG] Buffering 3%
[DBG] Buffering 18%
[DBG] Buffering 25%
[DBG] Buffering 28%
[DBG] Buffering 31%
[DBG] Buffering 36%
[DBG] Received first picture
10:37:34.821 AM [framestep] nextFrameStepped result=0 time=24243 ms
[DBG] Buffering 41%
[DBG] Buffering 45%
[DBG] Buffering 47%
[DBG] Buffering 50%
[DBG] Buffering 53%
[DBG] Buffering 69%
[DBG] Buffering 75%
[DBG] Buffering 78%
[DBG] Buffering 81%
[DBG] Buffering 86%
[DBG] Buffering 88%
[DBG] Buffering 91%
[DBG] Buffering 95%
[DBG] Buffering 98%
[DBG] Stream buffering done (1001 ms in 17 ms)
10:37:34.834 AM [player] buffering 1.0
[DBG] Decoder wait done in 0 ms
[ERR] ES_OUT_SET_(GROUP_)PCR  is called 26105 ms late (jitter of 26084 ms ignored)
[DBG] ES_OUT_RESET_PCR called
10:37:34.836 AM [player] buffering 0.0
[DBG] Buffering 0%
10:37:34.838 AM [player] buffering 0.0
[DBG] Buffering 7%
[DBG] Buffering 9%
[DBG] Buffering 10%
[DBG] Received first picture
10:37:34.842 AM [framestep] nextFrameStepped result=0 time=24243 ms
[DBG] Buffering 14%
[DBG] Buffering 19%
[DBG] Buffering 24%
[DBG] Buffering 27%
[DBG] Buffering 32%
[DBG] Buffering 35%
[DBG] Buffering 51%
[DBG] Buffering 57%
[DBG] Buffering 60%
[DBG] Buffering 64%
[DBG] Buffering 69%
[DBG] Buffering 74%
[DBG] Buffering 77%
[DBG] Buffering 80%
[DBG] Buffering 82%
[DBG] Buffering 86%
10:37:34.863 AM [player] buffering 1.0
[DBG] Stream buffering done (1024 ms in 24 ms)
[DBG] Decoder wait done in 0 ms
[ERR] ES_OUT_SET_(GROUP_)PCR  is called 26093 ms late (jitter of 26093 ms ignored)
[DBG] ES_OUT_RESET_PCR called
10:37:34.865 AM [player] buffering 0.0
10:37:34.867 AM [player] buffering 0.0
[DBG] Buffering 0%
[DBG] Buffering 3%
[DBG] Buffering 8%
[DBG] Buffering 10%
[DBG] Buffering 13%
[DBG] Buffering 16%
[DBG] Buffering 20%
[DBG] Buffering 21%
[DBG] Buffering 25%
[DBG] Buffering 39%
[DBG] Buffering 40%
[DBG] Buffering 46%
[DBG] Buffering 49%
[DBG] Buffering 50%
[DBG] Buffering 53%
[DBG] Buffering 58%
[DBG] Buffering 63%
[DBG] Received first picture
10:37:34.878 AM [framestep] nextFrameStepped result=0 time=24243 ms
[DBG] Buffering 66%
[DBG] Buffering 71%
[DBG] Buffering 75%
[DBG] Buffering 90%
[DBG] Buffering 96%
[DBG] Stream buffering done (1001 ms in 32 ms)
10:37:34.900 AM [player] buffering 1.0
[DBG] Decoder wait done in 0 ms
[ERR] ES_OUT_SET_(GROUP_)PCR  is called 26171 ms late (jitter of 26105 ms ignored)
[DBG] ES_OUT_RESET_PCR called
10:37:34.902 AM [player] buffering 0.0
[DBG] Buffering 0%
10:37:34.902 AM [player] buffering 0.0
[DBG] Buffering 5%
[DBG] Buffering 8%
[DBG] Buffering 11%
[DBG] Buffering 13%
[DBG] Buffering 16%
[DBG] Buffering 30%
[DBG] Buffering 31%
[DBG] Buffering 38%
[DBG] Buffering 39%
[DBG] Buffering 41%
[DBG] Received first picture
10:37:34.912 AM [framestep] nextFrameStepped result=0 time=24243 ms
[DBG] Buffering 45%
[DBG] Buffering 49%
[DBG] Buffering 50%
[DBG] Buffering 55%
[DBG] Buffering 58%
[DBG] Buffering 63%
[DBG] Buffering 66%
[DBG] Buffering 81%
[DBG] Buffering 88%
[DBG] Buffering 91%
[DBG] Buffering 95%
10:37:34.923 AM [player] buffering 1.0
[DBG] Stream buffering done (1001 ms in 21 ms)
[DBG] Decoder wait done in 0 ms
[ERR] ES_OUT_SET_(GROUP_)PCR  is called 26176 ms late (jitter of 26171 ms ignored)
[DBG] ES_OUT_RESET_PCR called
10:37:34.923 AM [player] buffering 0.0
[DBG] Buffering 0%
10:37:34.924 AM [player] buffering 0.0
[DBG] Buffering 5%
[DBG] Buffering 8%
[DBG] Buffering 24%
[DBG] Buffering 30%
[DBG] Buffering 33%
[DBG] Buffering 36%
[DBG] Buffering 41%
[DBG] Buffering 46%
[DBG] Received first picture
10:37:34.933 AM [framestep] nextFrameStepped result=0 time=24243 ms
[DBG] Buffering 50%
[DBG] Buffering 52%
[DBG] Buffering 55%
[DBG] Buffering 58%
[DBG] Buffering 72%
[DBG] Buffering 73%
[DBG] Buffering 80%
[DBG] Buffering 81%
[DBG] Buffering 83%
[DBG] Buffering 86%
[DBG] Buffering 91%
[DBG] Buffering 96%
[DBG] Stream buffering done (1001 ms in 16 ms)
10:37:34.941 AM [player] buffering 1.0
[DBG] Decoder wait done in 0 ms
[ERR] ES_OUT_SET_(GROUP_)PCR  is called 26194 ms late (jitter of 26176 ms ignored)
[DBG] ES_OUT_RESET_PCR called
10:37:34.942 AM [player] buffering 0.0
10:37:34.942 AM [player] buffering 0.0
[DBG] Buffering 0%
[DBG] Buffering 14%
[DBG] Buffering 15%
[DBG] Buffering 21%
[DBG] Buffering 24%
[DBG] Buffering 25%
[DBG] Buffering 28%
[DBG] Buffering 33%
[DBG] Buffering 38%
[DBG] Received first picture
10:37:34.952 AM [framestep] nextFrameStepped result=0 time=24243 ms
[DBG] Buffering 41%
[DBG] Buffering 43%
[DBG] Buffering 46%
[DBG] Buffering 50%
[DBG] Buffering 66%
[DBG] Buffering 71%
[DBG] Buffering 75%
[DBG] Buffering 78%
[DBG] Buffering 83%
[DBG] Buffering 85%
[DBG] Buffering 88%
[DBG] Buffering 91%
[DBG] Buffering 94%
[DBG] Buffering 96%
[DBG] Stream buffering done (1001 ms in 20 ms)
10:37:34.962 AM [player] buffering 1.0
[DBG] Decoder wait done in 0 ms
[ERR] ES_OUT_SET_(GROUP_)PCR  is called 26130 ms late (jitter of 26176 ms ignored)
[DBG] ES_OUT_RESET_PCR called
10:37:34.967 AM [player] buffering 0.0
[DBG] Buffering 0%
10:37:34.968 AM [player] buffering 0.0
[DBG] Buffering 6%
[DBG] Buffering 8%
[DBG] Buffering 9%
[DBG] Buffering 13%
[DBG] Buffering 18%
[DBG] Buffering 23%
[DBG] Buffering 26%
[DBG] Buffering 31%
[DBG] Buffering 35%
[DBG] Buffering 50%
[DBG] Buffering 56%
[DBG] Buffering 59%
[DBG] Buffering 60%
[DBG] Buffering 63%
[DBG] Buffering 68%
[DBG] Received first picture
10:37:34.978 AM [framestep] nextFrameStepped result=0 time=24243 ms
[DBG] Buffering 73%
[DBG] Buffering 76%
[DBG] Buffering 78%
[DBG] Buffering 81%
[DBG] Buffering 85%
10:37:34.983 AM [player] buffering 1.0
[DBG] Stream buffering done (1013 ms in 14 ms)
[DBG] Decoder wait done in 0 ms
[ERR] ES_OUT_SET_(GROUP_)PCR  is called 26222 ms late (jitter of 26194 ms ignored)
[DBG] ES_OUT_RESET_PCR called
10:37:34.985 AM [player] buffering 0.0
10:37:34.985 AM [player] buffering 0.0
[DBG] Buffering 0%
[DBG] Buffering 3%
[DBG] Buffering 8%
[DBG] Buffering 10%
[DBG] Buffering 13%
[DBG] Buffering 16%
[DBG] Buffering 20%
[DBG] Buffering 21%
[DBG] Buffering 25%
[DBG] Buffering 39%
[DBG] Buffering 40%
[DBG] Buffering 46%
[DBG] Buffering 48%
[DBG] Buffering 50%
[DBG] Buffering 53%
[DBG] Buffering 58%
[DBG] Buffering 63%
[DBG] Buffering 66%
[DBG] Buffering 71%
[DBG] Buffering 75%
[DBG] Received first picture
10:37:34.994 AM [framestep] nextFrameStepped result=0 time=24243 ms
[DBG] Buffering 90%
[DBG] Buffering 96%
10:37:34.999 AM [player] buffering 1.0
[DBG] Stream buffering done (1001 ms in 14 ms)
[DBG] Decoder wait done in 0 ms
[ERR] ES_OUT_SET_(GROUP_)PCR  is called 26269 ms late (jitter of 26222 ms ignored)
[DBG] ES_OUT_RESET_PCR called
10:37:35.000 AM [player] buffering 0.0
[DBG] Buffering 0%
10:37:35.000 AM [player] buffering 0.0
[DBG] Buffering 5%
[DBG] Buffering 8%
[DBG] Buffering 10%
[DBG] Buffering 13%
[DBG] Buffering 16%
[DBG] Buffering 33%
[DBG] Buffering 38%
[DBG] Buffering 41%
[DBG] Buffering 45%
[DBG] Buffering 50%
[DBG] Buffering 52%
[DBG] Buffering 55%
[DBG] Buffering 58%
[DBG] Buffering 62%
[DBG] Buffering 63%
[DBG] Buffering 66%
[DBG] Received first picture
10:37:35.010 AM [framestep] nextFrameStepped result=0 time=24243 ms
[DBG] Buffering 81%
[DBG] Buffering 88%
[DBG] Buffering 90%
[DBG] Buffering 91%
[DBG] Buffering 95%
10:37:35.015 AM [player] buffering 1.0
[DBG] Stream buffering done (1001 ms in 14 ms)
[DBG] Decoder wait done in 0 ms
[ERR] ES_OUT_SET_(GROUP_)PCR  is called 26268 ms late (jitter of 26268 ms ignored)
[DBG] ES_OUT_RESET_PCR called
10:37:35.016 AM [player] buffering 0.0
10:37:35.016 AM [player] buffering 0.0
[DBG] Buffering 0%
[DBG] Buffering 4%
[DBG] Buffering 8%
[DBG] Buffering 23%
[DBG] Received first picture
10:37:35.023 AM [framestep] nextFrameStepped result=0 time=24243 ms
[DBG] Buffering 29%
[DBG] Buffering 33%
[DBG] Buffering 36%
[DBG] Buffering 41%
[DBG] Buffering 46%
[DBG] Buffering 50%
[DBG] Buffering 52%
[DBG] Buffering 55%
[DBG] Buffering 58%
[DBG] Buffering 71%
[DBG] Buffering 73%
[DBG] Buffering 80%
[DBG] Buffering 81%
[DBG] Buffering 83%
[DBG] Buffering 86%
[DBG] Buffering 91%
[DBG] Buffering 96%
10:37:35.035 AM [player] buffering 1.0
[DBG] Stream buffering done (1001 ms in 18 ms)
[DBG] Decoder wait done in 0 ms
[ERR] ES_OUT_SET_(GROUP_)PCR  is called 26288 ms late (jitter of 26269 ms ignored)
[DBG] ES_OUT_RESET_PCR called
10:37:35.035 AM [player] buffering 0.0
10:37:35.035 AM [player] buffering 0.0
[DBG] Buffering 0%
[DBG] Buffering 14%
[DBG] Buffering 21%
[DBG] Buffering 24%
[DBG] Buffering 25%
[DBG] Buffering 28%
[DBG] Buffering 33%
[DBG] Buffering 38%
[DBG] Received first picture
10:37:35.041 AM [framestep] nextFrameStepped result=0 time=24243 ms
[DBG] Buffering 41%
[DBG] Buffering 43%
[DBG] Buffering 46%
[DBG] Buffering 50%
[DBG] Buffering 65%
[DBG] Buffering 71%
[DBG] Buffering 75%
[DBG] Buffering 78%
[DBG] Buffering 83%
[DBG] Buffering 88%
[DBG] Buffering 91%
[DBG] Buffering 94%
[DBG] Buffering 96%
[DBG] Stream buffering done (1001 ms in 18 ms)
10:37:35.054 AM [player] buffering 1.0
[DBG] Decoder wait done in 0 ms
[ERR] ES_OUT_SET_(GROUP_)PCR  is called 26219 ms late (jitter of 26268 ms ignored)
[DBG] ES_OUT_RESET_PCR called
10:37:35.054 AM [player] buffering 0.0
[DBG] Buffering 0%
10:37:35.056 AM [player] buffering 0.0
[DBG] Buffering 6%
[DBG] Buffering 8%
[DBG] Buffering 10%
[DBG] Buffering 13%
[DBG] Buffering 18%
[DBG] Buffering 23%
[DBG] Buffering 26%
[DBG] Buffering 31%
[DBG] Buffering 35%
[DBG] Buffering 50%
[DBG] Buffering 56%
[DBG] Buffering 59%
[DBG] Buffering 60%
[DBG] Buffering 63%
[DBG] Buffering 68%
[DBG] Buffering 73%
[DBG] Received first picture
10:37:35.067 AM [framestep] nextFrameStepped result=0 time=24243 ms
[DBG] Buffering 76%
[DBG] Buffering 78%
[DBG] Buffering 81%
[DBG] Buffering 85%
[DBG] Stream buffering done (1012 ms in 13 ms)
10:37:35.070 AM [player] buffering 1.0
[DBG] Decoder wait done in 0 ms
[ERR] ES_OUT_SET_(GROUP_)PCR  is called 26308 ms late (jitter of 26288 ms ignored)
[DBG] ES_OUT_RESET_PCR called
10:37:35.072 AM [player] buffering 0.0
10:37:35.074 AM [player] buffering 0.0
[DBG] Buffering 0%
[DBG] Buffering 3%
[DBG] Buffering 8%
[DBG] Buffering 10%
[DBG] Buffering 13%
[DBG] Buffering 16%
[DBG] Buffering 19%
[DBG] Buffering 21%
[DBG] Buffering 25%
[DBG] Buffering 39%
[DBG] Buffering 40%
[DBG] Buffering 46%
[DBG] Buffering 48%
[DBG] Buffering 50%
[DBG] Received first picture
10:37:35.084 AM [framestep] nextFrameStepped result=0 time=24243 ms
[DBG] Buffering 53%
[DBG] Buffering 58%
[DBG] Buffering 63%
[DBG] Buffering 66%
[DBG] Buffering 71%
[DBG] Buffering 75%
[DBG] Buffering 90%
[DBG] Buffering 96%
[DBG] Buffering 99%
10:37:35.095 AM [player] buffering 1.0
[DBG] Stream buffering done (1001 ms in 20 ms)
[DBG] Decoder wait done in 0 ms
[ERR] ES_OUT_SET_(GROUP_)PCR  is called 26364 ms late (jitter of 26308 ms ignored)
[DBG] ES_OUT_RESET_PCR called
10:37:35.095 AM [player] buffering 0.0
10:37:35.095 AM [player] buffering 0.0
[DBG] Buffering 0%
[DBG] Buffering 5%
[DBG] Buffering 8%
[DBG] Buffering 10%
[DBG] Buffering 13%
[DBG] Buffering 16%
[DBG] Buffering 33%
[DBG] Buffering 38%
[DBG] Buffering 41%
[DBG] Buffering 45%
[DBG] Buffering 50%
[DBG] Buffering 52%
[DBG] Buffering 55%
[DBG] Received first picture
10:37:35.103 AM [framestep] nextFrameStepped result=0 time=24243 ms
[DBG] Buffering 58%
[DBG] Buffering 61%
[DBG] Buffering 63%
[DBG] Buffering 66%
[DBG] Buffering 81%
[DBG] Buffering 88%
[DBG] Buffering 90%
[DBG] Buffering 91%
[DBG] Buffering 95%
10:37:35.108 AM [player] buffering 1.0
[DBG] Stream buffering done (1001 ms in 12 ms)
[DBG] Decoder wait done in 0 ms
[ERR] ES_OUT_SET_(GROUP_)PCR  is called 26361 ms late (jitter of 26361 ms ignored)
[DBG] ES_OUT_RESET_PCR called
10:37:35.108 AM [player] buffering 0.0
[DBG] Buffering 0%
10:37:35.109 AM [player] buffering 0.0
[DBG] Buffering 5%
[DBG] Buffering 8%
[DBG] Buffering 23%
[DBG] Buffering 30%
[DBG] Buffering 33%
[DBG] Buffering 36%
[DBG] Buffering 41%
[DBG] Received first picture
10:37:35.116 AM [framestep] nextFrameStepped result=0 time=24243 ms
[DBG] Buffering 46%
[DBG] Buffering 50%
[DBG] Buffering 52%
[DBG] Buffering 55%
[DBG] Buffering 58%
[DBG] Buffering 75%
[DBG] Buffering 80%
[DBG] Buffering 83%
[DBG] Buffering 86%
[DBG] Buffering 91%
[DBG] Buffering 94%
[DBG] Buffering 96%
[DBG] Stream buffering done (1001 ms in 17 ms)
10:37:35.126 AM [player] buffering 1.0
[DBG] Decoder wait done in 0 ms
[ERR] ES_OUT_SET_(GROUP_)PCR  is called 26391 ms late (jitter of 26364 ms ignored)
[DBG] ES_OUT_RESET_PCR called
10:37:35.126 AM [player] buffering 0.0
[DBG] Buffering 0%
10:37:35.126 AM [player] buffering 0.0
[DBG] Buffering 3%
[DBG] Buffering 17%
[DBG] Buffering 18%
[DBG] Buffering 25%
[DBG] Buffering 27%
[DBG] Buffering 28%
[DBG] Buffering 31%
[DBG] Buffering 36%
[DBG] Buffering 41%
[DBG] Received first picture
10:37:35.136 AM [framestep] nextFrameStepped result=0 time=24243 ms
[DBG] Buffering 45%
[DBG] Buffering 50%
[DBG] Buffering 53%
[DBG] Buffering 69%
[DBG] Buffering 75%
[DBG] Buffering 78%
[DBG] Buffering 81%
[DBG] Buffering 86%
[DBG] Buffering 91%
[DBG] Buffering 95%
[DBG] Buffering 97%
10:37:35.150 AM [player] buffering 1.0
[DBG] Stream buffering done (1001 ms in 23 ms)
[DBG] Decoder wait done in 0 ms
[ERR] ES_OUT_SET_(GROUP_)PCR  is called 26420 ms late (jitter of 26391 ms ignored)
[DBG] ES_OUT_RESET_PCR called
10:37:35.150 AM [player] buffering 0.0
10:37:35.153 AM [player] buffering 0.0
[DBG] Buffering 0%
[DBG] Buffering 1%
[DBG] Buffering 8%
[DBG] Buffering 9%
[DBG] Buffering 11%
[DBG] Buffering 14%
[DBG] Buffering 19%
[DBG] Buffering 24%
[DBG] Received first picture
10:37:35.157 AM [framestep] nextFrameStepped result=0 time=24243 ms
[DBG] Buffering 28%
[DBG] Buffering 33%
[DBG] Buffering 36%
[DBG] Buffering 51%
[DBG] Buffering 57%
[DBG] Buffering 60%
[DBG] Buffering 61%
[DBG] Buffering 64%
[DBG] Buffering 69%
[DBG] Buffering 74%
[DBG] Buffering 78%
[DBG] Buffering 80%
[DBG] Buffering 83%
[DBG] Buffering 86%
[DBG] Stream buffering done (1024 ms in 16 ms)
10:37:35.169 AM [player] buffering 1.0
[DBG] Decoder wait done in 0 ms
[ERR] ES_OUT_SET_(GROUP_)PCR  is called 26394 ms late (jitter of 26394 ms ignored)
[DBG] ES_OUT_RESET_PCR called
10:37:35.172 AM [player] buffering 0.0
[DBG] Buffering 0%
10:37:35.172 AM [player] buffering 0.0
[DBG] Buffering 3%
[DBG] Buffering 8%
[DBG] Buffering 10%
[DBG] Buffering 13%
[DBG] Buffering 16%
[DBG] Buffering 19%
[DBG] Buffering 21%
[DBG] Buffering 25%
[DBG] Buffering 39%
[DBG] Buffering 40%
[DBG] Buffering 46%
[DBG] Buffering 48%
[DBG] Buffering 50%
[DBG] Buffering 53%
[DBG] Received first picture
10:37:35.181 AM [framestep] nextFrameStepped result=0 time=24243 ms
[DBG] Buffering 58%
[DBG] Buffering 63%
[DBG] Buffering 66%
[DBG] Buffering 71%
[DBG] Buffering 75%
[DBG] Buffering 90%
[DBG] Buffering 96%
[DBG] Buffering 99%
10:37:35.187 AM [player] buffering 1.0
[DBG] Stream buffering done (1001 ms in 15 ms)
[DBG] Decoder wait done in 0 ms
[ERR] ES_OUT_SET_(GROUP_)PCR  is called 26458 ms late (jitter of 26420 ms ignored)
[DBG] ES_OUT_RESET_PCR called
10:37:35.188 AM [player] buffering 0.0
10:37:35.189 AM [player] buffering 0.0
[DBG] Buffering 0%
[DBG] Buffering 5%
[DBG] Buffering 8%
[DBG] Buffering 10%
[DBG] Buffering 13%
[DBG] Buffering 16%
[DBG] Buffering 32%
[DBG] Buffering 38%
[DBG] Buffering 41%
[DBG] Received first picture
10:37:35.200 AM [framestep] nextFrameStepped result=0 time=24243 ms
[DBG] Buffering 45%
[DBG] Buffering 50%
[DBG] Buffering 52%
[DBG] Buffering 55%
[DBG] Buffering 58%
[DBG] Buffering 61%
[DBG] Buffering 63%
[DBG] Buffering 66%
[DBG] Buffering 80%
[DBG] Buffering 81%
[DBG] Buffering 88%
[DBG] Buffering 90%
[DBG] Buffering 91%
[DBG] Buffering 95%
[DBG] Stream buffering done (1001 ms in 19 ms)
10:37:35.208 AM [player] buffering 1.0
[DBG] Decoder wait done in 0 ms
[ERR] ES_OUT_SET_(GROUP_)PCR  is called 26461 ms late (jitter of 26458 ms ignored)
[DBG] ES_OUT_RESET_PCR called
10:37:35.209 AM [player] buffering 0.0
10:37:35.211 AM [player] buffering 0.0
[DBG] Buffering 0%
[DBG] Buffering 4%
[DBG] Buffering 8%
[DBG] Buffering 23%
[DBG] Buffering 29%
[DBG] Buffering 33%
[DBG] Buffering 36%
[DBG] Buffering 41%
[DBG] Received first picture
10:37:35.218 AM [framestep] nextFrameStepped result=0 time=24243 ms
[DBG] Buffering 46%
[DBG] Buffering 50%
[DBG] Buffering 52%
[DBG] Buffering 55%
[DBG] Buffering 58%
[DBG] Buffering 74%
[DBG] Buffering 80%
[DBG] Buffering 83%
[DBG] Buffering 86%
[DBG] Buffering 91%
[DBG] Buffering 94%
[DBG] Buffering 96%
[DBG] Stream buffering done (1001 ms in 16 ms)
10:37:35.227 AM [player] buffering 1.0
[DBG] Decoder wait done in 0 ms
[ERR] ES_OUT_SET_(GROUP_)PCR  is called 26494 ms late (jitter of 26461 ms ignored)
[DBG] ES_OUT_RESET_PCR called
10:37:35.227 AM [player] buffering 0.0
10:37:35.228 AM [player] buffering 0.0
[DBG] Buffering 0%
[DBG] Buffering 3%
[DBG] Buffering 17%
[DBG] Buffering 18%
[DBG] Buffering 25%
[DBG] Buffering 27%
[DBG] Buffering 28%
[DBG] Buffering 31%
[DBG] Buffering 36%
[DBG] Received first picture
10:37:35.235 AM [framestep] nextFrameStepped result=0 time=24243 ms
[DBG] Buffering 41%
[DBG] Buffering 45%
[DBG] Buffering 50%
[DBG] Buffering 53%
[DBG] Buffering 69%
[DBG] Buffering 75%
[DBG] Buffering 78%
[DBG] Buffering 81%
[DBG] Buffering 86%
[DBG] Buffering 91%
[DBG] Buffering 95%
[DBG] Buffering 97%
[DBG] Stream buffering done (1001 ms in 20 ms)
10:37:35.248 AM [player] buffering 1.0
[DBG] Decoder wait done in 0 ms
[ERR] ES_OUT_SET_(GROUP_)PCR  is called 26517 ms late (jitter of 26494 ms ignored)
[DBG] ES_OUT_RESET_PCR called
10:37:35.248 AM [player] buffering 0.0
[DBG] Buffering 0%
10:37:35.254 AM [player] buffering 0.0
[DBG] Buffering 1%
[DBG] Buffering 8%
[DBG] Buffering 9%
[DBG] Buffering 11%
[DBG] Buffering 14%
[DBG] Buffering 19%
[DBG] Buffering 24%
[DBG] Buffering 28%
[DBG] Buffering 33%
[DBG] Buffering 36%
[DBG] Received first picture
10:37:35.259 AM [framestep] nextFrameStepped result=0 time=24243 ms
[DBG] Buffering 51%
[DBG] Buffering 58%
[DBG] Buffering 60%
[DBG] Buffering 61%
[DBG] Buffering 64%
[DBG] Buffering 69%
[DBG] Buffering 74%
[DBG] Buffering 78%
[DBG] Buffering 80%
[DBG] Buffering 83%
[DBG] Buffering 86%
10:37:35.269 AM [player] buffering 1.0
[DBG] Stream buffering done (1024 ms in 15 ms)
[DBG] Decoder wait done in 0 ms
[ERR] ES_OUT_SET_(GROUP_)PCR  is called 26492 ms late (jitter of 26494 ms ignored)
[DBG] ES_OUT_RESET_PCR called
10:37:35.270 AM [player] buffering 0.0
[DBG] Buffering 0%
10:37:35.270 AM [player] buffering 0.0
[DBG] Buffering 3%
[DBG] Buffering 8%
[DBG] Buffering 13%
[DBG] Buffering 16%
[DBG] Buffering 19%
[DBG] Buffering 21%
[DBG] Buffering 25%
[DBG] Buffering 38%
[DBG] Buffering 40%
[DBG] Buffering 46%
[DBG] Buffering 48%
[DBG] Buffering 50%
[DBG] Buffering 53%
[DBG] Buffering 57%
[DBG] Buffering 58%
[DBG] Buffering 63%
[DBG] Buffering 66%
[DBG] Buffering 71%
[DBG] Buffering 75%
[DBG] Received first picture
10:37:35.279 AM [framestep] nextFrameStepped result=0 time=24243 ms
[DBG] Buffering 90%
[DBG] Buffering 96%
[DBG] Buffering 99%
10:37:35.284 AM [player] buffering 1.0
[DBG] Stream buffering done (1001 ms in 13 ms)
[DBG] Decoder wait done in 0 ms
[ERR] ES_OUT_SET_(GROUP_)PCR  is called 26554 ms late (jitter of 26517 ms ignored)
[DBG] ES_OUT_RESET_PCR called
10:37:35.285 AM [player] buffering 0.0
[DBG] Buffering 0%
10:37:35.285 AM [player] buffering 0.0
[DBG] Buffering 5%
[DBG] Buffering 8%
[DBG] Buffering 10%
[DBG] Buffering 13%
[DBG] Buffering 16%
[DBG] Buffering 32%
[DBG] Buffering 38%
[DBG] Buffering 41%
[DBG] Buffering 45%
[DBG] Buffering 50%
[DBG] Buffering 52%
[DBG] Buffering 55%
[DBG] Received first picture
10:37:35.293 AM [framestep] nextFrameStepped result=0 time=24243 ms
[DBG] Buffering 58%
[DBG] Buffering 61%
[DBG] Buffering 63%
[DBG] Buffering 66%
[DBG] Buffering 80%
[DBG] Buffering 81%
[DBG] Buffering 88%
[DBG] Buffering 90%
[DBG] Buffering 91%
[DBG] Buffering 95%
10:37:35.304 AM [player] buffering 1.0
[DBG] Stream buffering done (1000 ms in 18 ms)
[DBG] Decoder wait done in 0 ms
[ERR] ES_OUT_SET_(GROUP_)PCR  is called 26607 ms late (jitter of 26554 ms ignored)
[DBG] ES_OUT_RESET_PCR called
10:37:35.304 AM [player] buffering 0.0
10:37:35.304 AM [player] buffering 0.0
[DBG] Buffering 0%
[DBG] Buffering 3%
[DBG] Buffering 8%
[DBG] Buffering 11%
[DBG] Buffering 26%
[DBG] Buffering 33%
[DBG] Buffering 36%
[DBG] Buffering 40%
[DBG] Buffering 45%
[DBG] Received first picture
10:37:35.311 AM [framestep] nextFrameStepped result=0 time=24243 ms
[DBG] Buffering 50%
[DBG] Buffering 53%
[DBG] Buffering 55%
[DBG] Buffering 58%
[DBG] Buffering 61%
[DBG] Buffering 78%
[DBG] Buffering 83%
[DBG] Buffering 86%
[DBG] Buffering 90%
[DBG] Buffering 95%
[DBG] Buffering 97%
10:37:35.320 AM [player] buffering 1.0
[DBG] Stream buffering done (1001 ms in 16 ms)
[DBG] Decoder wait done in 0 ms
[ERR] ES_OUT_SET_(GROUP_)PCR  is called 26591 ms late (jitter of 26591 ms ignored)
[DBG] ES_OUT_RESET_PCR called
10:37:35.322 AM [player] buffering 0.0
10:37:35.324 AM [player] buffering 0.0
[DBG] Buffering 0%
[DBG] Buffering 1%
[DBG] Buffering 4%
[DBG] Buffering 19%
[DBG] Buffering 26%
[DBG] Buffering 28%
[DBG] Buffering 29%
[DBG] Buffering 33%
[DBG] Buffering 38%
[DBG] Buffering 43%
[DBG] Received first picture
10:37:35.330 AM [framestep] nextFrameStepped result=0 time=24243 ms
[DBG] Buffering 46%
[DBG] Buffering 51%
[DBG] Buffering 55%
[DBG] Buffering 70%
[DBG] Buffering 76%
[DBG] Buffering 80%
[DBG] Buffering 83%
[DBG] Buffering 88%
[DBG] Buffering 93%
[DBG] Buffering 96%
[DBG] Buffering 99%
10:37:35.341 AM [player] buffering 1.0
[DBG] Stream buffering done (1017 ms in 17 ms)
[DBG] Decoder wait done in 0 ms
[ERR] ES_OUT_SET_(GROUP_)PCR  is called 26597 ms late (jitter of 26597 ms ignored)
[DBG] ES_OUT_RESET_PCR called
10:37:35.343 AM [player] buffering 0.0
10:37:35.345 AM [player] buffering 0.0
[DBG] Buffering 0%
[DBG] Buffering 5%
[DBG] Buffering 8%
[DBG] Buffering 11%
[DBG] Buffering 16%
[DBG] Buffering 19%
[DBG] Buffering 21%
[DBG] Buffering 25%
[DBG] Buffering 28%
[DBG] Buffering 30%
[DBG] Buffering 33%
[DBG] Received first picture
10:37:35.350 AM [framestep] nextFrameStepped result=0 time=24243 ms
[DBG] Buffering 48%
[DBG] Buffering 55%
[DBG] Buffering 57%
[DBG] Buffering 58%
[DBG] Buffering 61%
[DBG] Buffering 66%
[DBG] Buffering 71%
[DBG] Buffering 75%
[DBG] Buffering 80%
[DBG] Buffering 83%
[DBG] Buffering 99%
[DBG] Stream buffering done (1052 ms in 18 ms)
10:37:35.364 AM [player] buffering 1.0
[DBG] Decoder wait done in 0 ms
[ERR] ES_OUT_SET_(GROUP_)PCR  is called 26585 ms late (jitter of 26591 ms ignored)
[DBG] ES_OUT_RESET_PCR called
10:37:35.366 AM [player] buffering 0.0
[DBG] Buffering 0%
10:37:35.366 AM [player] buffering 0.0
[DBG] Buffering 5%
[DBG] Buffering 10%
[DBG] Buffering 13%
[DBG] Buffering 16%
[DBG] Buffering 18%
[DBG] Buffering 21%
[DBG] Buffering 35%
[DBG] Buffering 36%
[DBG] Buffering 43%
[DBG] Buffering 44%
[DBG] Buffering 46%
[DBG] Buffering 50%
[DBG] Received first picture
10:37:35.374 AM [framestep] nextFrameStepped result=0 time=24243 ms
[DBG] Buffering 54%
[DBG] Buffering 55%
[DBG] Buffering 60%
[DBG] Buffering 63%
[DBG] Buffering 68%
[DBG] Buffering 71%
[DBG] Buffering 86%
[DBG] Buffering 93%
[DBG] Buffering 96%
10:37:35.382 AM [player] buffering 1.0
[DBG] Stream buffering done (1001 ms in 15 ms)
[DBG] Decoder wait done in 0 ms
[ERR] ES_OUT_SET_(GROUP_)PCR  is called 26634 ms late (jitter of 26597 ms ignored)
[DBG] ES_OUT_RESET_PCR called
10:37:35.382 AM [player] buffering 0.0
[DBG] Buffering 0%
10:37:35.382 AM [player] buffering 0.0
[DBG] Buffering 3%
[DBG] Buffering 5%
[DBG] Buffering 8%
[DBG] Buffering 11%
[DBG] Buffering 27%
[DBG] Buffering 33%
[DBG] Buffering 36%
[DBG] Buffering 40%
[DBG] Received first picture
10:37:35.390 AM [framestep] nextFrameStepped result=0 time=24243 ms
[DBG] Buffering 45%
[DBG] Buffering 46%
[DBG] Buffering 50%
[DBG] Buffering 53%
[DBG] Buffering 56%
[DBG] Buffering 58%
[DBG] Buffering 61%
[DBG] Buffering 75%
[DBG] Buffering 76%
[DBG] Buffering 83%
[DBG] Buffering 85%
[DBG] Buffering 86%
[DBG] Buffering 90%
[DBG] Buffering 94%
[DBG] Buffering 95%
[DBG] Stream buffering done (1001 ms in 16 ms)
10:37:35.398 AM [player] buffering 1.0
[DBG] Decoder wait done in 0 ms
[ERR] ES_OUT_SET_(GROUP_)PCR  is called 26670 ms late (jitter of 26634 ms ignored)
[DBG] ES_OUT_RESET_PCR called
10:37:35.400 AM [player] buffering 0.0
10:37:35.401 AM [player] buffering 0.0
[DBG] Buffering 0%
[DBG] Buffering 3%
[DBG] Buffering 18%
[DBG] Buffering 25%
[DBG] Buffering 28%
[DBG] Buffering 31%
[DBG] Buffering 36%
[DBG] Received first picture
10:37:35.406 AM [framestep] nextFrameStepped result=0 time=24243 ms
[DBG] Buffering 41%
[DBG] Buffering 45%
[DBG] Buffering 47%
[DBG] Buffering 50%
[DBG] Buffering 53%
[DBG] Buffering 69%
[DBG] Buffering 75%
[DBG] Buffering 78%
[DBG] Buffering 81%
[DBG] Buffering 86%
[DBG] Buffering 88%
[DBG] Buffering 91%
[DBG] Buffering 95%
[DBG] Buffering 98%
10:37:35.434 AM [player] buffering 1.0
[DBG] Stream buffering done (1001 ms in 33 ms)
[DBG] Decoder wait done in 0 ms
[ERR] ES_OUT_SET_(GROUP_)PCR  is called 26703 ms late (jitter of 26670 ms ignored)
[DBG] ES_OUT_RESET_PCR called
10:37:35.435 AM [player] buffering 0.0
10:37:35.437 AM [player] buffering 0.0
[DBG] Buffering 0%
[DBG] Buffering 7%
[DBG] Buffering 9%
[DBG] Buffering 10%
[DBG] Buffering 14%
[DBG] Buffering 19%
[DBG] Received first picture
10:37:35.443 AM [framestep] nextFrameStepped result=0 time=24243 ms
[DBG] Buffering 24%
[DBG] Buffering 27%
[DBG] Buffering 32%
[DBG] Buffering 35%
[DBG] Buffering 51%
[DBG] Buffering 57%
[DBG] Buffering 60%
[DBG] Buffering 64%
[DBG] Buffering 69%
[DBG] Buffering 74%
[DBG] Buffering 77%
[DBG] Buffering 80%
[DBG] Buffering 82%
[DBG] Buffering 86%
10:37:35.466 AM [player] buffering 1.0
[DBG] Stream buffering done (1024 ms in 29 ms)
[DBG] Decoder wait done in 0 ms
[ERR] ES_OUT_SET_(GROUP_)PCR  is called 26694 ms late (jitter of 26694 ms ignored)
[DBG] ES_OUT_RESET_PCR called
10:37:35.467 AM [player] buffering 0.0
[DBG] Buffering 0%
10:37:35.467 AM [player] buffering 0.0
[DBG] Buffering 3%
[DBG] Buffering 8%
[DBG] Buffering 10%
[DBG] Buffering 13%
[DBG] Buffering 16%
[DBG] Buffering 20%
[DBG] Buffering 21%
[DBG] Buffering 25%
[DBG] Buffering 39%
[DBG] Buffering 40%
[DBG] Buffering 46%
[DBG] Buffering 49%
[DBG] Buffering 50%
[DBG] Buffering 53%
[DBG] Buffering 58%
[DBG] Buffering 63%
[DBG] Received first picture
10:37:35.477 AM [framestep] nextFrameStepped result=0 time=24243 ms
[DBG] Buffering 66%
[DBG] Buffering 71%
[DBG] Buffering 75%
[DBG] Buffering 90%
[DBG] Buffering 96%
10:37:35.484 AM [player] buffering 1.0
[DBG] Stream buffering done (1001 ms in 16 ms)
[DBG] Decoder wait done in 0 ms
[ERR] ES_OUT_SET_(GROUP_)PCR  is called 26754 ms late (jitter of 26703 ms ignored)
[DBG] ES_OUT_RESET_PCR called
10:37:35.484 AM [player] buffering 0.0
[DBG] Buffering 0%
10:37:35.485 AM [player] buffering 0.0
[DBG] Buffering 5%
[DBG] Buffering 8%
[DBG] Buffering 11%
[DBG] Buffering 13%
[DBG] Buffering 16%
[DBG] Buffering 30%
[DBG] Buffering 31%
[DBG] Buffering 38%
[DBG] Buffering 39%
[DBG] Buffering 41%
[DBG] Buffering 45%
[DBG] Buffering 49%
[DBG] Buffering 50%
[DBG] Received first picture
10:37:35.497 AM [framestep] nextFrameStepped result=0 time=24243 ms
[DBG] Buffering 55%
[DBG] Buffering 58%
[DBG] Buffering 63%
[DBG] Buffering 66%
[DBG] Buffering 81%
[DBG] Buffering 88%
[DBG] Buffering 91%
[DBG] Buffering 95%
10:37:35.507 AM [player] buffering 1.0
[DBG] Stream buffering done (1001 ms in 22 ms)
[DBG] Decoder wait done in 0 ms
[ERR] ES_OUT_SET_(GROUP_)PCR  is called 26760 ms late (jitter of 26754 ms ignored)
[DBG] ES_OUT_RESET_PCR called
10:37:35.508 AM [player] buffering 0.0
10:37:35.508 AM [player] buffering 0.0
[DBG] Buffering 0%
[DBG] Buffering 5%
[DBG] Buffering 8%
[DBG] Buffering 24%
[DBG] Buffering 30%
[DBG] Buffering 33%
[DBG] Buffering 36%
[DBG] Buffering 41%
[DBG] Buffering 46%
[DBG] Received first picture
10:37:35.516 AM [framestep] nextFrameStepped result=0 time=24243 ms
[DBG] Buffering 50%
[DBG] Buffering 52%
[DBG] Buffering 55%
[DBG] Buffering 58%
[DBG] Buffering 72%
[DBG] Buffering 73%
[DBG] Buffering 80%
[DBG] Buffering 81%
[DBG] Buffering 83%
[DBG] Buffering 86%
[DBG] Buffering 91%
[DBG] Buffering 96%
10:37:35.525 AM [player] buffering 1.0
[DBG] Stream buffering done (1001 ms in 17 ms)
[DBG] Decoder wait done in 0 ms
[ERR] ES_OUT_SET_(GROUP_)PCR  is called 26779 ms late (jitter of 26760 ms ignored)
[DBG] ES_OUT_RESET_PCR called
10:37:35.526 AM [player] buffering 0.0
10:37:35.527 AM [player] buffering 0.0
[DBG] Buffering 0%
[DBG] Buffering 14%
[DBG] Buffering 15%
[DBG] Buffering 21%
[DBG] Buffering 24%
[DBG] Buffering 25%
[DBG] Buffering 28%
[DBG] Buffering 33%
[DBG] Received first picture
10:37:35.533 AM [framestep] nextFrameStepped result=0 time=24243 ms
[DBG] Buffering 38%
[DBG] Buffering 41%
[DBG] Buffering 43%
[DBG] Buffering 46%
[DBG] Buffering 50%
[DBG] Buffering 66%
[DBG] Buffering 71%
[DBG] Buffering 75%
[DBG] Buffering 78%
[DBG] Buffering 83%
[DBG] Buffering 85%
[DBG] Buffering 88%
[DBG] Buffering 91%
[DBG] Buffering 94%
[DBG] Buffering 96%
[DBG] Stream buffering done (1001 ms in 18 ms)
10:37:35.545 AM [player] buffering 1.0
[DBG] Decoder wait done in 0 ms
[ERR] ES_OUT_SET_(GROUP_)PCR  is called 26711 ms late (jitter of 26760 ms ignored)
[DBG] ES_OUT_RESET_PCR called
10:37:35.548 AM [player] buffering 0.0
[DBG] Buffering 0%
10:37:35.550 AM [player] buffering 0.0
[DBG] Buffering 6%
[DBG] Buffering 8%
[DBG] Buffering 9%
[DBG] Buffering 13%
[DBG] Buffering 18%
[DBG] Buffering 23%
[DBG] Buffering 26%
[DBG] Buffering 31%
[DBG] Buffering 35%
[DBG] Buffering 50%
[DBG] Buffering 56%
[DBG] Buffering 59%
[DBG] Received first picture
[DBG] Buffering 60%
10:37:35.565 AM [framestep] nextFrameStepped result=0 time=24243 ms
[DBG] Buffering 63%
[DBG] Buffering 68%
[DBG] Buffering 73%
[DBG] Buffering 76%
[DBG] Buffering 78%
[DBG] Buffering 81%
[DBG] Buffering 85%
10:37:35.570 AM [player] buffering 1.0
[DBG] Stream buffering done (1013 ms in 19 ms)
[DBG] Decoder wait done in 0 ms
[ERR] ES_OUT_SET_(GROUP_)PCR  is called 26806 ms late (jitter of 26779 ms ignored)
[DBG] ES_OUT_RESET_PCR called
10:37:35.570 AM [player] buffering 0.0
[DBG] Buffering 0%
10:37:35.570 AM [player] buffering 0.0
[DBG] Buffering 3%
[DBG] Buffering 8%
[DBG] Buffering 10%
[DBG] Buffering 13%
[DBG] Buffering 16%
[DBG] Buffering 20%
[DBG] Buffering 21%
[DBG] Buffering 25%
[DBG] Buffering 39%
[DBG] Buffering 40%
[DBG] Buffering 46%
[DBG] Buffering 48%
[DBG] Buffering 50%
[DBG] Buffering 53%
[DBG] Buffering 58%
[DBG] Buffering 63%
[DBG] Received first picture
10:37:35.578 AM [framestep] nextFrameStepped result=0 time=24243 ms
[DBG] Buffering 66%
[DBG] Buffering 71%
[DBG] Buffering 75%
[DBG] Buffering 90%
[DBG] Buffering 96%
10:37:35.588 AM [player] buffering 1.0
[DBG] Stream buffering done (1001 ms in 17 ms)
[DBG] Decoder wait done in 0 ms
[ERR] ES_OUT_SET_(GROUP_)PCR  is called 26857 ms late (jitter of 26806 ms ignored)
[DBG] ES_OUT_RESET_PCR called
10:37:35.588 AM [player] buffering 0.0
10:37:35.588 AM [player] buffering 0.0
[DBG] Buffering 0%
[DBG] Buffering 5%
[DBG] Buffering 8%
[DBG] Buffering 10%
[DBG] Buffering 13%
[DBG] Buffering 16%
[DBG] Buffering 33%
[DBG] Buffering 38%
[DBG] Buffering 41%
[DBG] Buffering 45%
[DBG] Buffering 50%
[DBG] Buffering 52%
[DBG] Buffering 55%
[DBG] Received first picture
10:37:35.598 AM [framestep] nextFrameStepped result=0 time=24243 ms
[DBG] Buffering 58%
[DBG] Buffering 62%
[DBG] Buffering 63%
[DBG] Buffering 66%
[DBG] Buffering 81%
[DBG] Buffering 88%
[DBG] Buffering 90%
[DBG] Buffering 91%
[DBG] Buffering 95%
10:37:35.606 AM [player] buffering 1.0
[DBG] Stream buffering done (1001 ms in 18 ms)
[DBG] Decoder wait done in 0 ms
[ERR] ES_OUT_SET_(GROUP_)PCR  is called 26860 ms late (jitter of 26857 ms ignored)
[DBG] ES_OUT_RESET_PCR called
10:37:35.607 AM [player] buffering 0.0
[DBG] Buffering 0%
10:37:35.608 AM [player] buffering 0.0
[DBG] Buffering 4%
[DBG] Buffering 8%
[DBG] Buffering 23%
[DBG] Buffering 29%
[DBG] Buffering 33%
[DBG] Received first picture
10:37:35.615 AM [framestep] nextFrameStepped result=0 time=24243 ms
[DBG] Buffering 36%
[DBG] Buffering 41%
[DBG] Buffering 46%
[DBG] Buffering 50%
[DBG] Buffering 52%
[DBG] Buffering 55%
[DBG] Buffering 58%
[DBG] Buffering 71%
[DBG] Buffering 73%
[DBG] Buffering 80%
[DBG] Buffering 81%
[DBG] Buffering 83%
[DBG] Buffering 86%
[DBG] Buffering 91%
[DBG] Buffering 96%
10:37:35.627 AM [player] buffering 1.0
[DBG] Stream buffering done (1001 ms in 19 ms)
[DBG] Decoder wait done in 0 ms
[ERR] ES_OUT_SET_(GROUP_)PCR  is called 26880 ms late (jitter of 26860 ms ignored)
[DBG] ES_OUT_RESET_PCR called
10:37:35.627 AM [player] buffering 0.0
[DBG] Buffering 0%
10:37:35.627 AM [player] buffering 0.0
[DBG] Buffering 14%
[DBG] Buffering 21%
[DBG] Buffering 24%
[DBG] Buffering 25%
[DBG] Received first picture
10:37:35.633 AM [framestep] nextFrameStepped result=0 time=24243 ms
[DBG] Buffering 28%
[DBG] Buffering 33%
[DBG] Buffering 38%
[DBG] Buffering 41%
[DBG] Buffering 43%
[DBG] Buffering 46%
[DBG] Buffering 50%
[DBG] Buffering 65%
[DBG] Buffering 71%
[DBG] Buffering 75%
[DBG] Buffering 78%
[DBG] Buffering 83%
[DBG] Buffering 88%
[DBG] Buffering 91%
[DBG] Buffering 94%
[DBG] Buffering 96%
10:37:35.645 AM [player] buffering 1.0
[DBG] Stream buffering done (1001 ms in 17 ms)
[DBG] Decoder wait done in 0 ms
[ERR] ES_OUT_SET_(GROUP_)PCR  is called 26812 ms late (jitter of 26860 ms ignored)
[DBG] ES_OUT_RESET_PCR called
10:37:35.648 AM [player] buffering 0.0
[DBG] Buffering 0%
10:37:35.649 AM [player] buffering 0.0
[DBG] Buffering 6%
[DBG] Buffering 8%
[DBG] Buffering 10%
[DBG] Buffering 13%
[DBG] Buffering 18%
[DBG] Buffering 23%
[DBG] Buffering 26%
[DBG] Buffering 31%
[DBG] Buffering 35%
[DBG] Buffering 50%
[DBG] Buffering 56%
[DBG] Buffering 59%
[DBG] Buffering 60%
[DBG] Buffering 63%
[DBG] Buffering 68%
[DBG] Received first picture
10:37:35.673 AM [framestep] nextFrameStepped result=0 time=24243 ms
[DBG] Buffering 73%
[DBG] Buffering 76%
[DBG] Buffering 78%
[DBG] Buffering 81%
[DBG] Buffering 85%
[DBG] Stream buffering done (1012 ms in 29 ms)
10:37:35.679 AM [player] buffering 1.0
[DBG] Decoder wait done in 0 ms
[ERR] ES_OUT_SET_(GROUP_)PCR  is called 26918 ms late (jitter of 26880 ms ignored)
[DBG] ES_OUT_RESET_PCR called
10:37:35.682 AM [player] buffering 0.0
[DBG] Buffering 0%
10:37:35.682 AM [player] buffering 0.0
[DBG] Buffering 3%
[DBG] Buffering 8%
[DBG] Buffering 10%
[DBG] Buffering 13%
[DBG] Buffering 16%
[DBG] Buffering 19%
[DBG] Buffering 21%
[DBG] Buffering 25%
[DBG] Buffering 39%
[DBG] Buffering 40%
[DBG] Buffering 46%
[DBG] Buffering 48%
[DBG] Buffering 50%
[DBG] Received first picture
10:37:35.694 AM [framestep] nextFrameStepped result=0 time=24243 ms
[DBG] Buffering 53%
[DBG] Buffering 58%
[DBG] Buffering 63%
[DBG] Buffering 66%
[DBG] Buffering 71%
[DBG] Buffering 75%
[DBG] Buffering 90%
[DBG] Buffering 96%
[DBG] Buffering 99%
10:37:35.701 AM [player] buffering 1.0
[DBG] Stream buffering done (1001 ms in 19 ms)
[DBG] Decoder wait done in 0 ms
[ERR] ES_OUT_SET_(GROUP_)PCR  is called 26974 ms late (jitter of 26918 ms ignored)
[DBG] ES_OUT_RESET_PCR called
10:37:35.705 AM [player] buffering 0.0
[DBG] Buffering 0%
10:37:35.705 AM [player] buffering 0.0
[DBG] Buffering 5%
[DBG] Buffering 8%
[DBG] Buffering 10%
[DBG] Buffering 13%
[DBG] Buffering 16%
[DBG] Buffering 33%
[DBG] Buffering 38%
[DBG] Buffering 41%
[DBG] Received first picture
10:37:35.716 AM [framestep] nextFrameStepped result=0 time=24243 ms
[DBG] Buffering 45%
[DBG] Buffering 50%
[DBG] Buffering 52%
[DBG] Buffering 55%
[DBG] Buffering 58%
[DBG] Buffering 61%
[DBG] Buffering 63%
[DBG] Buffering 66%
[DBG] Buffering 81%
[DBG] Buffering 88%
[DBG] Buffering 90%
[DBG] Buffering 91%
[DBG] Buffering 95%
[DBG] Stream buffering done (1001 ms in 26 ms)
10:37:35.732 AM [player] buffering 1.0
[DBG] Decoder wait done in 0 ms
[ERR] ES_OUT_SET_(GROUP_)PCR  is called 26985 ms late (jitter of 26974 ms ignored)
[DBG] ES_OUT_RESET_PCR called
10:37:35.732 AM [player] buffering 0.0
[DBG] Buffering 0%
10:37:35.734 AM [player] buffering 0.0
[DBG] Buffering 5%
[DBG] Buffering 8%
[DBG] Buffering 23%
[DBG] Buffering 30%
[DBG] Buffering 33%
[DBG] Buffering 36%
[DBG] Buffering 41%
[DBG] Received first picture
10:37:35.742 AM [framestep] nextFrameStepped result=0 time=24243 ms
[DBG] Buffering 46%
[DBG] Buffering 50%
[DBG] Buffering 52%
[DBG] Buffering 55%
[DBG] Buffering 58%
[DBG] Buffering 75%
[DBG] Buffering 80%
[DBG] Buffering 83%
[DBG] Buffering 86%
[DBG] Buffering 91%
[DBG] Buffering 94%
[DBG] Buffering 96%
10:37:35.757 AM [player] buffering 1.0
[DBG] Stream buffering done (1001 ms in 22 ms)
[DBG] Decoder wait done in 0 ms
[ERR] ES_OUT_SET_(GROUP_)PCR  is called 27022 ms late (jitter of 26985 ms ignored)
[DBG] ES_OUT_RESET_PCR called
10:37:35.757 AM [player] buffering 0.0
10:37:35.757 AM [player] buffering 0.0
[DBG] Buffering 0%
[DBG] Buffering 3%
[DBG] Buffering 17%
[DBG] Buffering 18%
[DBG] Buffering 25%
[DBG] Buffering 27%
[DBG] Buffering 28%
[DBG] Buffering 31%
[DBG] Buffering 36%
[DBG] Received first picture
10:37:35.770 AM [framestep] nextFrameStepped result=0 time=24243 ms
[DBG] Buffering 41%
[DBG] Buffering 45%
[DBG] Buffering 50%
[DBG] Buffering 53%
[DBG] Buffering 69%
[DBG] Buffering 75%
[DBG] Buffering 78%
[DBG] Buffering 81%
[DBG] Buffering 86%
[DBG] Buffering 91%
[DBG] Buffering 95%
[DBG] Buffering 97%
10:37:35.782 AM [player] buffering 1.0
[DBG] Stream buffering done (1001 ms in 24 ms)
[DBG] Decoder wait done in 0 ms
[ERR] ES_OUT_SET_(GROUP_)PCR  is called 27053 ms late (jitter of 27022 ms ignored)
[DBG] ES_OUT_RESET_PCR called
10:37:35.784 AM [player] buffering 0.0
10:37:35.786 AM [player] buffering 0.0
[DBG] Buffering 0%
[DBG] Buffering 1%
[DBG] Buffering 8%
[DBG] Received first picture
10:37:35.789 AM [framestep] nextFrameStepped result=0 time=24243 ms
[DBG] Buffering 9%
[DBG] Buffering 11%
[DBG] Buffering 14%
[DBG] Buffering 19%
[DBG] Buffering 24%
[DBG] Buffering 28%
[DBG] Buffering 33%
[DBG] Buffering 36%
[DBG] Buffering 51%
[DBG] Buffering 57%
[DBG] Buffering 60%
[DBG] Buffering 61%
[DBG] Buffering 64%
[DBG] Buffering 69%
[DBG] Buffering 74%
[DBG] Buffering 78%
[DBG] Buffering 80%
[DBG] Buffering 83%
[DBG] Buffering 86%
[DBG] Stream buffering done (1024 ms in 19 ms)
[DBG] Decoder wait done in 0 ms
10:37:35.806 AM [player] buffering 1.0
[ERR] ES_OUT_SET_(GROUP_)PCR  is called 27030 ms late (jitter of 27030 ms ignored)
[DBG] ES_OUT_RESET_PCR called
10:37:35.808 AM [player] buffering 0.0
[DBG] Buffering 0%
10:37:35.808 AM [player] buffering 0.0
[DBG] Buffering 3%
[DBG] Buffering 8%
[DBG] Buffering 10%
[DBG] Buffering 13%
[DBG] Buffering 16%
[DBG] Buffering 19%
[DBG] Buffering 21%
[DBG] Buffering 25%
[DBG] Buffering 39%
[DBG] Buffering 40%
[DBG] Buffering 46%
[DBG] Buffering 48%
[DBG] Buffering 50%
[DBG] Received first picture
10:37:35.820 AM [framestep] nextFrameStepped result=0 time=24243 ms
[DBG] Buffering 53%
[DBG] Buffering 58%
[DBG] Buffering 63%
[DBG] Buffering 66%
[DBG] Buffering 71%
[DBG] Buffering 75%
[DBG] Buffering 90%
[DBG] Buffering 96%
[DBG] Buffering 99%
[DBG] Stream buffering done (1001 ms in 22 ms)
[DBG] Decoder wait done in 0 ms
10:37:35.831 AM [player] buffering 1.0
[ERR] ES_OUT_SET_(GROUP_)PCR  is called 27102 ms late (jitter of 27053 ms ignored)
[DBG] ES_OUT_RESET_PCR called
10:37:35.833 AM [player] buffering 0.0
[DBG] Buffering 0%
10:37:35.833 AM [player] buffering 0.0
[DBG] Buffering 5%
[DBG] Buffering 8%
[DBG] Buffering 10%
[DBG] Buffering 13%
[DBG] Buffering 16%
[DBG] Buffering 32%
[DBG] Buffering 38%
[DBG] Buffering 41%
[DBG] Buffering 45%
[DBG] Buffering 50%
[DBG] Buffering 52%
[DBG] Buffering 55%
[DBG] Received first picture
10:37:35.846 AM [framestep] nextFrameStepped result=0 time=24243 ms
[DBG] Buffering 58%
[DBG] Buffering 61%
[DBG] Buffering 63%
[DBG] Buffering 66%
[DBG] Buffering 80%
[DBG] Buffering 81%
[DBG] Buffering 88%
[DBG] Buffering 90%
[DBG] Buffering 91%
[DBG] Buffering 95%
[DBG] Stream buffering done (1001 ms in 24 ms)
10:37:35.857 AM [player] buffering 1.0
[DBG] Decoder wait done in 0 ms
[ERR] ES_OUT_SET_(GROUP_)PCR  is called 27111 ms late (jitter of 27102 ms ignored)
[DBG] ES_OUT_RESET_PCR called
10:37:35.858 AM [player] buffering 0.0
[DBG] Buffering 0%
10:37:35.860 AM [player] buffering 0.0
[DBG] Buffering 4%
[DBG] Buffering 8%
[DBG] Buffering 23%
[DBG] Buffering 29%
[DBG] Buffering 33%
[DBG] Buffering 36%
[DBG] Buffering 41%
[DBG] Received first picture
10:37:35.869 AM [framestep] nextFrameStepped result=0 time=24243 ms
[DBG] Buffering 46%
[DBG] Buffering 50%
[DBG] Buffering 52%
[DBG] Buffering 55%
[DBG] Buffering 58%
[DBG] Buffering 74%
[DBG] Buffering 80%
[DBG] Buffering 83%
[DBG] Buffering 86%
[DBG] Buffering 91%
[DBG] Buffering 94%
[DBG] Buffering 96%
[DBG] Stream buffering done (1001 ms in 26 ms)
[DBG] Decoder wait done in 0 ms
10:37:35.886 AM [player] buffering 1.0
[ERR] ES_OUT_SET_(GROUP_)PCR  is called 27153 ms late (jitter of 27111 ms ignored)
[DBG] ES_OUT_RESET_PCR called
10:37:35.886 AM [player] buffering 0.0
[DBG] Buffering 0%
10:37:35.887 AM [player] buffering 0.0
[DBG] Buffering 3%
[DBG] Buffering 17%
[DBG] Buffering 18%
[DBG] Buffering 25%
[DBG] Buffering 27%
[DBG] Buffering 28%
[DBG] Buffering 31%
[DBG] Buffering 36%
[DBG] Buffering 41%
[DBG] Received first picture
10:37:35.896 AM [framestep] nextFrameStepped result=0 time=24243 ms
[DBG] Buffering 45%
[DBG] Buffering 50%
[DBG] Buffering 53%
[DBG] Buffering 69%
[DBG] Buffering 75%
[DBG] Buffering 78%
[DBG] Buffering 81%
[DBG] Buffering 86%
[DBG] Buffering 91%
[DBG] Buffering 95%
[DBG] Buffering 97%
[DBG] Stream buffering done (1001 ms in 22 ms)
[DBG] Decoder wait done in 0 ms
10:37:35.910 AM [player] buffering 1.0
[ERR] ES_OUT_SET_(GROUP_)PCR  is called 27178 ms late (jitter of 27153 ms ignored)
[DBG] ES_OUT_RESET_PCR called
10:37:35.910 AM [player] buffering 0.0
[DBG] Buffering 0%
10:37:35.912 AM [player] buffering 0.0
[DBG] Buffering 1%
[DBG] Buffering 8%
[DBG] Buffering 9%
[DBG] Buffering 11%
[DBG] Buffering 14%
[DBG] Buffering 19%
[DBG] Buffering 24%
[DBG] Received first picture
10:37:35.916 AM [framestep] nextFrameStepped result=0 time=24243 ms
[DBG] Buffering 28%
[DBG] Buffering 33%
[DBG] Buffering 36%
[DBG] Buffering 51%
[DBG] Buffering 58%
[DBG] Buffering 60%
[DBG] Buffering 61%
[DBG] Buffering 64%
[DBG] Buffering 69%
[DBG] Buffering 74%
[DBG] Buffering 78%
[DBG] Buffering 80%
[DBG] Buffering 83%
[DBG] Buffering 86%
[DBG] Stream buffering done (1024 ms in 24 ms)
10:37:35.937 AM [player] buffering 1.0
[DBG] Decoder wait done in 0 ms
[ERR] ES_OUT_SET_(GROUP_)PCR  is called 27159 ms late (jitter of 27159 ms ignored)
[DBG] ES_OUT_RESET_PCR called
10:37:35.938 AM [player] buffering 0.0
[DBG] Buffering 0%
10:37:35.938 AM [player] buffering 0.0
[DBG] Buffering 3%
[DBG] Buffering 8%
[DBG] Buffering 13%
[DBG] Buffering 16%
[DBG] Buffering 19%
[DBG] Buffering 21%
[DBG] Buffering 25%
[DBG] Buffering 38%
[DBG] Buffering 40%
[DBG] Buffering 46%
[DBG] Buffering 48%
[DBG] Buffering 50%
[DBG] Buffering 53%
[DBG] Received first picture
10:37:35.949 AM [framestep] nextFrameStepped result=0 time=24243 ms
[DBG] Buffering 57%
[DBG] Buffering 58%
[DBG] Buffering 63%
[DBG] Buffering 66%
[DBG] Buffering 71%
[DBG] Buffering 75%
[DBG] Buffering 90%
[DBG] Buffering 96%
[DBG] Buffering 99%
[DBG] Stream buffering done (1001 ms in 20 ms)
[DBG] Decoder wait done in 0 ms
10:37:35.958 AM [player] buffering 1.0
[ERR] ES_OUT_SET_(GROUP_)PCR  is called 27232 ms late (jitter of 27178 ms ignored)
[DBG] ES_OUT_RESET_PCR called
10:37:35.963 AM [player] buffering 0.0
[DBG] Buffering 0%
10:37:35.963 AM [player] buffering 0.0
[DBG] Buffering 5%
[DBG] Buffering 8%
[DBG] Buffering 10%
[DBG] Buffering 13%
[DBG] Buffering 16%
[DBG] Buffering 32%
[DBG] Buffering 38%
[DBG] Buffering 41%
[DBG] Buffering 45%
[DBG] Buffering 50%
[DBG] Buffering 52%
[DBG] Buffering 55%
[DBG] Received first picture
10:37:35.985 AM [framestep] nextFrameStepped result=0 time=24243 ms
[DBG] Buffering 58%
[DBG] Buffering 61%
[DBG] Buffering 63%
[DBG] Buffering 66%
[DBG] Buffering 80%
[DBG] Buffering 81%
[DBG] Buffering 88%
[DBG] Buffering 90%
[DBG] Buffering 91%
[DBG] Buffering 95%
[DBG] Stream buffering done (1000 ms in 34 ms)
10:37:35.997 AM [player] buffering 1.0
[DBG] Decoder wait done in 0 ms
[ERR] ES_OUT_SET_(GROUP_)PCR  is called 27300 ms late (jitter of 27232 ms ignored)
[DBG] ES_OUT_RESET_PCR called
10:37:35.997 AM [player] buffering 0.0
[DBG] Buffering 0%
10:37:35.998 AM [player] buffering 0.0
[DBG] Buffering 3%
[DBG] Buffering 8%
[DBG] Buffering 11%
[DBG] Buffering 26%
[DBG] Buffering 33%
[DBG] Buffering 36%
[DBG] Buffering 40%
[DBG] Buffering 45%
[DBG] Received first picture
10:37:36.012 AM [framestep] nextFrameStepped result=0 time=24243 ms
[DBG] Buffering 50%
[DBG] Buffering 53%
[DBG] Buffering 55%
[DBG] Buffering 58%
[DBG] Buffering 61%
[DBG] Buffering 78%
[DBG] Buffering 83%
[DBG] Buffering 86%
[DBG] Buffering 90%
[DBG] Buffering 95%
[DBG] Buffering 97%
[DBG] Stream buffering done (1001 ms in 24 ms)
10:37:36.022 AM [player] buffering 1.0
[DBG] Decoder wait done in 0 ms
[ERR] ES_OUT_SET_(GROUP_)PCR  is called 27299 ms late (jitter of 27299 ms ignored)
[DBG] ES_OUT_RESET_PCR called
10:37:36.029 AM [player] buffering 0.0
[DBG] Buffering 0%
10:37:36.030 AM [player] buffering 0.0
[DBG] Buffering 1%
[DBG] Buffering 4%
[DBG] Buffering 19%
[DBG] Buffering 26%
[DBG] Buffering 28%
[DBG] Buffering 29%
[DBG] Received first picture
10:37:36.038 AM [framestep] nextFrameStepped result=0 time=24243 ms
[DBG] Buffering 33%
[DBG] Buffering 38%
[DBG] Buffering 43%
[DBG] Buffering 46%
[DBG] Buffering 51%
[DBG] Buffering 55%
[DBG] Buffering 70%
[DBG] Buffering 76%
[DBG] Buffering 80%
[DBG] Buffering 83%
[DBG] Buffering 88%
[DBG] Buffering 93%
[DBG] Buffering 96%
[DBG] Buffering 99%
[DBG] Stream buffering done (1017 ms in 21 ms)
[DBG] Decoder wait done in 0 ms
10:37:36.051 AM [player] buffering 1.0
[ERR] ES_OUT_SET_(GROUP_)PCR  is called 27305 ms late (jitter of 27300 ms ignored)
[DBG] ES_OUT_RESET_PCR called
10:37:36.051 AM [player] buffering 0.0
10:37:36.056 AM [player] buffering 0.0
[DBG] Buffering 0%
[DBG] Buffering 5%
[DBG] Buffering 8%
[DBG] Buffering 11%
[DBG] Buffering 16%
[DBG] Buffering 19%
[DBG] Buffering 21%
[DBG] Buffering 25%
[DBG] Buffering 28%
[DBG] Buffering 30%
[DBG] Received first picture
10:37:36.061 AM [framestep] nextFrameStepped result=0 time=24243 ms
[DBG] Buffering 33%
[DBG] Buffering 48%
[DBG] Buffering 55%
[DBG] Buffering 57%
[DBG] Buffering 58%
[DBG] Buffering 61%
[DBG] Buffering 66%
[DBG] Buffering 71%
[DBG] Buffering 75%
[DBG] Buffering 80%
[DBG] Buffering 83%
[DBG] Buffering 99%
[DBG] Stream buffering done (1052 ms in 25 ms)
10:37:36.081 AM [player] buffering 1.0
[DBG] Decoder wait done in 0 ms
[ERR] ES_OUT_SET_(GROUP_)PCR  is called 27300 ms late (jitter of 27300 ms ignored)
[DBG] ES_OUT_RESET_PCR called
10:37:36.082 AM [player] buffering 0.0
[DBG] Buffering 0%
10:37:36.082 AM [player] buffering 0.0
[DBG] Buffering 5%
[DBG] Buffering 10%
[DBG] Buffering 13%
[DBG] Buffering 16%
[DBG] Buffering 18%
[DBG] Buffering 21%
[DBG] Buffering 35%
[DBG] Buffering 36%
[DBG] Buffering 43%
[DBG] Buffering 44%
[DBG] Buffering 46%
[DBG] Buffering 50%
[DBG] Buffering 54%
[DBG] Buffering 55%
[DBG] Buffering 60%
[DBG] Received first picture
10:37:36.097 AM [framestep] nextFrameStepped result=0 time=24243 ms
[DBG] Buffering 63%
[DBG] Buffering 68%
[DBG] Buffering 71%
[DBG] Buffering 86%
[DBG] Buffering 93%
[DBG] Buffering 96%
[DBG] Stream buffering done (1001 ms in 21 ms)
10:37:36.104 AM [player] buffering 1.0
[DBG] Decoder wait done in 0 ms
[ERR] ES_OUT_SET_(GROUP_)PCR  is called 27356 ms late (jitter of 27305 ms ignored)
[DBG] ES_OUT_RESET_PCR called
10:37:36.105 AM [player] buffering 0.0
10:37:36.106 AM [player] buffering 0.0
[DBG] Buffering 0%
[DBG] Buffering 3%
[DBG] Buffering 5%
[DBG] Buffering 8%
[DBG] Buffering 11%
[DBG] Buffering 27%
[DBG] Buffering 33%
[DBG] Buffering 36%
[DBG] Buffering 40%
[DBG] Buffering 45%
[DBG] Buffering 46%
[DBG] Buffering 50%
[DBG] Buffering 53%
[DBG] Received first picture
10:37:36.129 AM [framestep] nextFrameStepped result=0 time=24243 ms
[DBG] Buffering 56%
[DBG] Buffering 58%
[DBG] Buffering 61%
[DBG] Buffering 75%
[DBG] Buffering 76%
[DBG] Buffering 83%
[DBG] Buffering 85%
[DBG] Buffering 86%
[DBG] Buffering 90%
[DBG] Buffering 94%
[DBG] Buffering 95%
[DBG] Stream buffering done (1001 ms in 142 ms)
[DBG] Decoder wait done in 0 ms
10:37:36.248 AM [player] buffering 1.0
[ERR] ES_OUT_SET_(GROUP_)PCR  is called 27518 ms late (jitter of 27356 ms ignored)
[DBG] ES_OUT_RESET_PCR called
10:37:36.249 AM [player] buffering 0.0
[DBG] Buffering 0%
10:37:36.277 AM [player] buffering 0.0
[DBG] Buffering 3%
[DBG] Buffering 18%
[DBG] Buffering 25%
[DBG] Buffering 28%
[DBG] Buffering 31%
[DBG] Buffering 36%
[DBG] Buffering 41%
[DBG] Received first picture
10:37:36.325 AM [framestep] nextFrameStepped result=0 time=24243 ms
[DBG] Buffering 45%
[DBG] Buffering 47%
[DBG] Buffering 50%
[DBG] Buffering 53%
[DBG] Buffering 69%
[DBG] Buffering 75%
[DBG] Buffering 78%
[DBG] Buffering 81%
[DBG] Buffering 86%
[DBG] Buffering 88%
[DBG] Buffering 91%
[DBG] Buffering 95%
[DBG] Buffering 98%
[DBG] Stream buffering done (1001 ms in 67 ms)
[DBG] Decoder wait done in 0 ms
10:37:36.345 AM [player] buffering 1.0
[ERR] ES_OUT_SET_(GROUP_)PCR  is called 27614 ms late (jitter of 27518 ms ignored)
[DBG] ES_OUT_RESET_PCR called
10:37:36.346 AM [player] buffering 0.0
[DBG] Buffering 0%
10:37:36.346 AM [player] buffering 0.0
[DBG] Buffering 7%
[DBG] Buffering 9%
[DBG] Buffering 10%
[DBG] Buffering 14%
[DBG] Buffering 19%
[DBG] Buffering 24%
[DBG] Buffering 27%
[DBG] Buffering 32%
[DBG] Buffering 35%
[DBG] Buffering 51%
[DBG] Received first picture
10:37:36.353 AM [framestep] nextFrameStepped result=0 time=24243 ms
[DBG] Buffering 57%
[DBG] Buffering 60%
[DBG] Buffering 64%
[DBG] Buffering 69%
[DBG] Buffering 74%
[DBG] Buffering 77%
[DBG] Buffering 80%
[DBG] Buffering 82%
[DBG] Buffering 86%
[DBG] Stream buffering done (1024 ms in 17 ms)
[DBG] Decoder wait done in 0 ms
10:37:36.364 AM [player] buffering 1.0
[ERR] ES_OUT_SET_(GROUP_)PCR  is called 27593 ms late (jitter of 27593 ms ignored)
[DBG] ES_OUT_RESET_PCR called
10:37:36.366 AM [player] buffering 0.0
[DBG] Buffering 0%
10:37:36.366 AM [player] buffering 0.0
[DBG] Buffering 3%
[DBG] Buffering 8%
[DBG] Buffering 10%
[DBG] Buffering 13%
[DBG] Buffering 16%
[DBG] Buffering 20%
[DBG] Buffering 21%
[DBG] Buffering 25%
[DBG] Buffering 39%
[DBG] Buffering 40%
[DBG] Buffering 46%
[DBG] Buffering 49%
[DBG] Buffering 50%
[DBG] Received first picture
10:37:36.383 AM [framestep] nextFrameStepped result=0 time=24243 ms
[DBG] Buffering 53%
[DBG] Buffering 58%
[DBG] Buffering 63%
[DBG] Buffering 66%
[DBG] Buffering 71%
[DBG] Buffering 75%
[DBG] Buffering 90%
[DBG] Buffering 96%
[DBG] Stream buffering done (1001 ms in 25 ms)
[DBG] Decoder wait done in 0 ms
10:37:36.391 AM [player] buffering 1.0
[ERR] ES_OUT_SET_(GROUP_)PCR  is called 27662 ms late (jitter of 27614 ms ignored)
[DBG] ES_OUT_RESET_PCR called
10:37:36.393 AM [player] buffering 0.0
[DBG] Buffering 0%
10:37:36.394 AM [player] buffering 0.0
[DBG] Buffering 5%
[DBG] Buffering 8%
[DBG] Buffering 11%
[DBG] Buffering 13%
[DBG] Buffering 16%
[DBG] Buffering 30%
[DBG] Buffering 31%
[DBG] Buffering 38%
[DBG] Buffering 39%
[DBG] Buffering 41%
[DBG] Buffering 45%
[DBG] Buffering 49%
[DBG] Buffering 50%
[DBG] Received first picture
10:37:36.404 AM [framestep] nextFrameStepped result=0 time=24243 ms
[DBG] Buffering 55%
[DBG] Buffering 58%
[DBG] Buffering 63%
[DBG] Buffering 66%
[DBG] Buffering 81%
[DBG] Buffering 88%
[DBG] Buffering 91%
[DBG] Buffering 95%
[DBG] Stream buffering done (1001 ms in 19 ms)
[DBG] Decoder wait done in 0 ms
10:37:36.413 AM [player] buffering 1.0
[ERR] ES_OUT_SET_(GROUP_)PCR  is called 27666 ms late (jitter of 27662 ms ignored)
[DBG] ES_OUT_RESET_PCR called
10:37:36.413 AM [player] buffering 0.0
10:37:36.415 AM [player] buffering 0.0
[DBG] Buffering 0%
[DBG] Buffering 5%
[DBG] Buffering 8%
[DBG] Buffering 24%
[DBG] Buffering 30%
[DBG] Buffering 33%
[DBG] Buffering 36%
[DBG] Buffering 41%
[DBG] Received first picture
10:37:36.422 AM [framestep] nextFrameStepped result=0 time=24243 ms
[DBG] Buffering 46%
[DBG] Buffering 50%
[DBG] Buffering 52%
[DBG] Buffering 55%
[DBG] Buffering 58%
[DBG] Buffering 72%
[DBG] Buffering 73%
[DBG] Buffering 80%
[DBG] Buffering 81%
[DBG] Buffering 83%
[DBG] Buffering 86%
[DBG] Buffering 91%
[DBG] Buffering 96%
10:37:36.438 AM [player] buffering 1.0
[DBG] Stream buffering done (1001 ms in 22 ms)
[DBG] Decoder wait done in 0 ms
[ERR] ES_OUT_SET_(GROUP_)PCR  is called 27690 ms late (jitter of 27666 ms ignored)
[DBG] ES_OUT_RESET_PCR called
10:37:36.438 AM [player] buffering 0.0
10:37:36.439 AM [player] buffering 0.0
[DBG] Buffering 0%
[DBG] Buffering 14%
[DBG] Buffering 15%
[DBG] Buffering 21%
[DBG] Buffering 24%
[DBG] Buffering 25%
[DBG] Received first picture
10:37:36.446 AM [framestep] nextFrameStepped result=0 time=24243 ms
[DBG] Buffering 28%
[DBG] Buffering 33%
[DBG] Buffering 38%
[DBG] Buffering 41%
[DBG] Buffering 43%
[DBG] Buffering 46%
[DBG] Buffering 50%
[DBG] Buffering 66%
[DBG] Buffering 71%
[DBG] Buffering 75%
[DBG] Buffering 78%
[DBG] Buffering 83%
[DBG] Buffering 85%
[DBG] Buffering 88%
[DBG] Buffering 91%
[DBG] Buffering 94%
[DBG] Buffering 96%
[DBG] Stream buffering done (1001 ms in 18 ms)
[DBG] Decoder wait done in 0 ms
10:37:36.458 AM [player] buffering 1.0
[ERR] ES_OUT_SET_(GROUP_)PCR  is called 27623 ms late (jitter of 27666 ms ignored)
[DBG] ES_OUT_RESET_PCR called
10:37:36.461 AM [player] buffering 0.0
[DBG] Buffering 0%
10:37:36.462 AM [player] buffering 0.0
[DBG] Buffering 6%
[DBG] Buffering 8%
[DBG] Buffering 9%
[DBG] Buffering 13%
[DBG] Buffering 18%
[DBG] Buffering 23%
[DBG] Buffering 26%
[DBG] Buffering 31%
[DBG] Buffering 35%
[DBG] Buffering 50%
[DBG] Buffering 56%
[DBG] Buffering 59%
[DBG] Buffering 60%
[DBG] Received first picture
10:37:36.479 AM [framestep] nextFrameStepped result=0 time=24243 ms
[DBG] Buffering 63%
[DBG] Buffering 68%
[DBG] Buffering 73%
[DBG] Buffering 76%
[DBG] Buffering 78%
[DBG] Buffering 81%
[DBG] Buffering 85%
[DBG] Stream buffering done (1013 ms in 32 ms)
[DBG] Decoder wait done in 0 ms
10:37:36.494 AM [player] buffering 1.0
[ERR] ES_OUT_SET_(GROUP_)PCR  is called 27734 ms late (jitter of 27690 ms ignored)
[DBG] ES_OUT_RESET_PCR called
10:37:36.498 AM [player] buffering 0.0
[DBG] Buffering 0%
10:37:36.498 AM [player] buffering 0.0
[DBG] Buffering 3%
[DBG] Buffering 8%
[DBG] Buffering 10%
[DBG] Buffering 13%
[DBG] Buffering 16%
[DBG] Buffering 20%
[DBG] Buffering 21%
[DBG] Buffering 25%
[DBG] Buffering 39%
[DBG] Buffering 40%
[DBG] Received first picture
10:37:36.508 AM [framestep] nextFrameStepped result=0 time=24243 ms
[DBG] Buffering 46%
[DBG] Buffering 48%
[DBG] Buffering 50%
[DBG] Buffering 53%
[DBG] Buffering 58%
[DBG] Buffering 63%
[DBG] Buffering 66%
[DBG] Buffering 71%
[DBG] Buffering 75%
[DBG] Buffering 90%
[DBG] Buffering 96%
[DBG] Stream buffering done (1001 ms in 23 ms)
[DBG] Decoder wait done in 0 ms
10:37:36.521 AM [player] buffering 1.0
[ERR] ES_OUT_SET_(GROUP_)PCR  is called 27791 ms late (jitter of 27734 ms ignored)
[DBG] ES_OUT_RESET_PCR called
10:37:36.522 AM [player] buffering 0.0
10:37:36.523 AM [player] buffering 0.0
[DBG] Buffering 0%
[DBG] Buffering 5%
[DBG] Buffering 8%
[DBG] Buffering 10%
[DBG] Buffering 13%
[DBG] Buffering 16%
[DBG] Buffering 33%
[DBG] Received first picture
10:37:36.537 AM [framestep] nextFrameStepped result=0 time=24243 ms
[DBG] Buffering 38%
[DBG] Buffering 41%
[DBG] Buffering 45%
[DBG] Buffering 50%
[DBG] Buffering 52%
[DBG] Buffering 55%
[DBG] Buffering 58%
[DBG] Buffering 62%
[DBG] Buffering 63%
[DBG] Buffering 66%
[DBG] Buffering 81%
[DBG] Buffering 88%
[DBG] Buffering 90%
[DBG] Buffering 91%
[DBG] Buffering 95%
[DBG] Stream buffering done (1001 ms in 27 ms)
10:37:36.550 AM [player] buffering 1.0
[DBG] Decoder wait done in 0 ms
[ERR] ES_OUT_SET_(GROUP_)PCR  is called 27803 ms late (jitter of 27791 ms ignored)
[DBG] ES_OUT_RESET_PCR called
10:37:36.551 AM [player] buffering 0.0
10:37:36.555 AM [player] buffering 0.0
[DBG] Buffering 0%
[DBG] Buffering 4%
[DBG] Buffering 8%
[DBG] Buffering 23%
[DBG] Buffering 29%
[DBG] Buffering 33%
[DBG] Buffering 36%
[DBG] Buffering 41%
[DBG] Received first picture
10:37:36.562 AM [framestep] nextFrameStepped result=0 time=24243 ms
[DBG] Buffering 46%
[DBG] Buffering 50%
[DBG] Buffering 52%
[DBG] Buffering 55%
[DBG] Buffering 58%
[DBG] Buffering 71%
[DBG] Buffering 73%
[DBG] Buffering 80%
[DBG] Buffering 81%
[DBG] Buffering 83%
[DBG] Buffering 86%
[DBG] Buffering 91%
[DBG] Buffering 96%
[DBG] Stream buffering done (1001 ms in 15 ms)
10:37:36.571 AM [player] buffering 1.0
[DBG] Decoder wait done in 0 ms
[ERR] ES_OUT_SET_(GROUP_)PCR  is called 27825 ms late (jitter of 27803 ms ignored)
[DBG] ES_OUT_RESET_PCR called
10:37:36.572 AM [player] buffering 0.0
10:37:36.573 AM [player] buffering 0.0
[DBG] Buffering 0%
[DBG] Buffering 14%
[DBG] Buffering 21%
[DBG] Buffering 24%
[DBG] Buffering 25%
[DBG] Buffering 28%
[DBG] Buffering 33%
[DBG] Buffering 38%
[DBG] Buffering 41%
[DBG] Buffering 43%
[DBG] Buffering 46%
[DBG] Buffering 50%
[DBG] Received first picture
10:37:36.581 AM [framestep] nextFrameStepped result=0 time=24243 ms
[DBG] Buffering 65%
[DBG] Buffering 71%
[DBG] Buffering 75%
[DBG] Buffering 78%
[DBG] Buffering 83%
[DBG] Buffering 88%
[DBG] Buffering 91%
[DBG] Buffering 94%
[DBG] Buffering 96%
10:37:36.596 AM [player] buffering 1.0
[DBG] Stream buffering done (1001 ms in 23 ms)
[DBG] Decoder wait done in 0 ms
[ERR] ES_OUT_SET_(GROUP_)PCR  is called 27763 ms late (jitter of 27803 ms ignored)
[DBG] ES_OUT_RESET_PCR called
10:37:36.599 AM [player] buffering 0.0
[DBG] Buffering 0%
10:37:36.599 AM [player] buffering 0.0
[DBG] Buffering 6%
[DBG] Buffering 8%
[DBG] Buffering 10%
[DBG] Buffering 13%
[DBG] Buffering 18%
[DBG] Buffering 23%
[DBG] Buffering 26%
[DBG] Buffering 31%
[DBG] Buffering 35%
[DBG] Buffering 50%
[DBG] Buffering 56%
[DBG] Buffering 59%
[DBG] Buffering 60%
[DBG] Received first picture
10:37:36.611 AM [framestep] nextFrameStepped result=0 time=24243 ms
[DBG] Buffering 63%
[DBG] Buffering 68%
[DBG] Buffering 73%
[DBG] Buffering 76%
[DBG] Buffering 78%
[DBG] Buffering 81%
[DBG] Buffering 85%
10:37:36.616 AM [player] buffering 1.0
[DBG] Stream buffering done (1012 ms in 16 ms)
[DBG] Decoder wait done in 0 ms
[ERR] ES_OUT_SET_(GROUP_)PCR  is called 27855 ms late (jitter of 27825 ms ignored)
[DBG] ES_OUT_RESET_PCR called
10:37:36.619 AM [player] buffering 0.0
10:37:36.619 AM [player] buffering 0.0
[DBG] Buffering 0%
[DBG] Buffering 3%
[DBG] Buffering 8%
[DBG] Buffering 10%
[DBG] Buffering 13%
[DBG] Buffering 16%
[DBG] Buffering 19%
[DBG] Buffering 21%
[DBG] Buffering 25%
[DBG] Buffering 39%
[DBG] Buffering 40%
[DBG] Buffering 46%
[DBG] Buffering 48%
[DBG] Buffering 50%
[DBG] Buffering 53%
[DBG] Buffering 58%
[DBG] Buffering 63%
[DBG] Received first picture
10:37:36.631 AM [framestep] nextFrameStepped result=0 time=24243 ms
[DBG] Buffering 66%
[DBG] Buffering 71%
[DBG] Buffering 75%
[DBG] Buffering 90%
[DBG] Buffering 96%
[DBG] Buffering 99%
[DBG] Stream buffering done (1001 ms in 18 ms)
10:37:36.637 AM [player] buffering 1.0
[DBG] Decoder wait done in 0 ms
[ERR] ES_OUT_SET_(GROUP_)PCR  is called 27907 ms late (jitter of 27855 ms ignored)
[DBG] ES_OUT_RESET_PCR called
10:37:36.638 AM [player] buffering 0.0
[DBG] Buffering 0%
10:37:36.638 AM [player] buffering 0.0
[DBG] Buffering 5%
[DBG] Buffering 8%
[DBG] Buffering 10%
[DBG] Buffering 13%
[DBG] Buffering 16%
[DBG] Buffering 33%
[DBG] Buffering 38%
[DBG] Buffering 41%
[DBG] Buffering 45%
[DBG] Buffering 50%
[DBG] Buffering 52%
[DBG] Buffering 55%
[DBG] Received first picture
10:37:36.647 AM [framestep] nextFrameStepped result=0 time=24243 ms
[DBG] Buffering 58%
[DBG] Buffering 61%
[DBG] Buffering 63%
[DBG] Buffering 66%
[DBG] Buffering 81%
[DBG] Buffering 88%
[DBG] Buffering 90%
[DBG] Buffering 91%
[DBG] Buffering 95%
[DBG] Stream buffering done (1001 ms in 16 ms)
10:37:36.655 AM [player] buffering 1.0
[DBG] Decoder wait done in 0 ms
[ERR] ES_OUT_SET_(GROUP_)PCR  is called 27909 ms late (jitter of 27907 ms ignored)
[DBG] ES_OUT_RESET_PCR called
10:37:36.656 AM [player] buffering 0.0
10:37:36.657 AM [player] buffering 0.0
[DBG] Buffering 0%
[DBG] Buffering 5%
[DBG] Buffering 8%
[DBG] Buffering 23%
[DBG] Buffering 30%
[DBG] Buffering 33%
[DBG] Buffering 36%
[DBG] Buffering 41%
[DBG] Received first picture
10:37:36.663 AM [framestep] nextFrameStepped result=0 time=24243 ms
[DBG] Buffering 46%
[DBG] Buffering 50%
[DBG] Buffering 52%
[DBG] Buffering 55%
[DBG] Buffering 58%
[DBG] Buffering 75%
[DBG] Buffering 80%
[DBG] Buffering 83%
[DBG] Buffering 86%
[DBG] Buffering 91%
[DBG] Buffering 94%
[DBG] Buffering 96%
[DBG] Stream buffering done (1001 ms in 14 ms)
10:37:36.671 AM [player] buffering 1.0
[DBG] Decoder wait done in 0 ms
[ERR] ES_OUT_SET_(GROUP_)PCR  is called 27936 ms late (jitter of 27909 ms ignored)
[DBG] ES_OUT_RESET_PCR called
10:37:36.671 AM [player] buffering 0.0
10:37:36.671 AM [player] buffering 0.0
[DBG] Buffering 0%
[DBG] Buffering 3%
[DBG] Buffering 17%
[DBG] Buffering 18%
[DBG] Buffering 25%
[DBG] Buffering 28%
[DBG] Received first picture
10:37:36.677 AM [framestep] nextFrameStepped result=0 time=24243 ms
[DBG] Buffering 31%
[DBG] Buffering 35%
[DBG] New Chapter 165966000 uid=803082747308795293
[DBG] Buffering 41%
[DBG] Buffering 45%
[DBG] Buffering 48%
[DBG] Buffering 50%
[DBG] Buffering 53%
[DBG] Buffering 69%
[DBG] Buffering 75%
[DBG] Buffering 78%
[DBG] Buffering 81%
[DBG] Buffering 86%
[DBG] Buffering 91%
[DBG] Buffering 95%
[DBG] Buffering 97%
10:37:36.693 AM [player] buffering 1.0
[DBG] Stream buffering done (1001 ms in 21 ms)
[DBG] Decoder wait done in 0 ms
[ERR] ES_OUT_SET_(GROUP_)PCR  is called 27963 ms late (jitter of 27936 ms ignored)
[DBG] ES_OUT_RESET_PCR called
10:37:36.693 AM [player] buffering 0.0
10:37:36.695 AM [player] buffering 0.0
[DBG] Buffering 0%
[DBG] Buffering 1%
[DBG] Buffering 8%
[DBG] Buffering 9%
[DBG] Buffering 11%
[DBG] Received first picture
10:37:36.698 AM [framestep] nextFrameStepped result=0 time=24243 ms
[DBG] Buffering 14%
[DBG] Buffering 19%
[DBG] Buffering 24%
[DBG] Buffering 28%
[DBG] Buffering 33%
[DBG] Buffering 36%
[DBG] Buffering 51%
[DBG] Buffering 57%
[DBG] Buffering 60%
[DBG] Buffering 61%
[DBG] Buffering 64%
[DBG] Buffering 69%
[DBG] Buffering 74%
[DBG] Buffering 78%
[DBG] Buffering 80%
[DBG] Buffering 83%
[DBG] Buffering 86%
10:37:36.705 AM [player] buffering 1.0
[DBG] Stream buffering done (1024 ms in 10 ms)
[DBG] Decoder wait done in 0 ms
[ERR] ES_OUT_SET_(GROUP_)PCR  is called 27930 ms late (jitter of 27936 ms ignored)
[DBG] ES_OUT_RESET_PCR called
10:37:36.707 AM [player] buffering 0.0
10:37:36.707 AM [player] buffering 0.0
[DBG] Buffering 0%
[DBG] Buffering 3%
[DBG] Buffering 8%
[DBG] Buffering 10%
[DBG] Buffering 13%
[DBG] Buffering 16%
[DBG] Buffering 19%
[DBG] Buffering 21%
[DBG] Buffering 25%
[DBG] Buffering 39%
[DBG] Buffering 40%
[DBG] Buffering 46%
[DBG] Buffering 48%
[DBG] Buffering 50%
[DBG] Buffering 53%
[DBG] Buffering 58%
[DBG] Buffering 63%
[DBG] Received first picture
10:37:36.714 AM [framestep] nextFrameStepped result=0 time=24243 ms
[DBG] Buffering 66%
[DBG] Buffering 71%
[DBG] Buffering 75%
[DBG] Buffering 90%
[DBG] Buffering 96%
[DBG] Buffering 99%
10:37:36.719 AM [player] buffering 1.0
[DBG] Stream buffering done (1001 ms in 12 ms)
[DBG] Decoder wait done in 0 ms
[ERR] ES_OUT_SET_(GROUP_)PCR  is called 27989 ms late (jitter of 27963 ms ignored)
[DBG] ES_OUT_RESET_PCR called
10:37:36.719 AM [player] buffering 0.0
[DBG] Buffering 0%
10:37:36.719 AM [player] buffering 0.0
[DBG] Buffering 5%
[DBG] Buffering 8%
[DBG] Buffering 10%
[DBG] Buffering 13%
[DBG] Buffering 16%
[DBG] Buffering 32%
[DBG] Buffering 38%
[DBG] Buffering 41%
[DBG] Buffering 45%
[DBG] Buffering 50%
[DBG] Received first picture
10:37:36.730 AM [framestep] nextFrameStepped result=0 time=24243 ms
[DBG] Buffering 52%
[DBG] Buffering 55%
[DBG] Buffering 58%
[DBG] Buffering 61%
[DBG] Buffering 63%
[DBG] Buffering 66%
[DBG] Buffering 80%
[DBG] Buffering 81%
[DBG] Buffering 88%
[DBG] Buffering 90%
[DBG] Buffering 91%
[DBG] Buffering 95%
[DBG] Stream buffering done (1001 ms in 18 ms)
10:37:36.738 AM [player] buffering 1.0
[DBG] Decoder wait done in 0 ms
[ERR] ES_OUT_SET_(GROUP_)PCR  is called 27991 ms late (jitter of 27989 ms ignored)
[DBG] ES_OUT_RESET_PCR called
10:37:36.738 AM [player] buffering 0.0
[DBG] Buffering 0%
10:37:36.739 AM [player] buffering 0.0
[DBG] Buffering 4%
[DBG] Buffering 8%
[DBG] Buffering 23%
[DBG] Buffering 29%
[DBG] Buffering 33%
[DBG] Buffering 36%
[DBG] Buffering 41%
[DBG] Buffering 46%
[DBG] Received first picture
10:37:36.745 AM [framestep] nextFrameStepped result=0 time=24243 ms
[DBG] Buffering 50%
[DBG] Buffering 52%
[DBG] Buffering 55%
[DBG] Buffering 58%
[DBG] Buffering 74%
[DBG] Buffering 80%
[DBG] Buffering 83%
[DBG] Buffering 86%
[DBG] Buffering 91%
[DBG] Buffering 94%
[DBG] Buffering 96%
[DBG] Stream buffering done (1001 ms in 12 ms)
10:37:36.752 AM [player] buffering 1.0
[DBG] Decoder wait done in 0 ms
[ERR] ES_OUT_SET_(GROUP_)PCR  is called 28019 ms late (jitter of 27991 ms ignored)
[DBG] ES_OUT_RESET_PCR called
10:37:36.752 AM [player] buffering 0.0
10:37:36.752 AM [player] buffering 0.0
[DBG] Buffering 0%
[DBG] Buffering 3%
[DBG] Buffering 17%
[DBG] Buffering 18%
[DBG] Buffering 25%
[DBG] Buffering 27%
[DBG] Buffering 28%
[DBG] Buffering 31%
[DBG] Buffering 36%
[DBG] Buffering 41%
[DBG] Received first picture
10:37:36.758 AM [framestep] nextFrameStepped result=0 time=24243 ms
[DBG] Buffering 45%
[DBG] Buffering 50%
[DBG] Buffering 53%
[DBG] Buffering 69%
[DBG] Buffering 75%
[DBG] Buffering 78%
[DBG] Buffering 81%
[DBG] Buffering 86%
[DBG] Buffering 91%
[DBG] Buffering 95%
[DBG] Buffering 97%
10:37:36.765 AM [player] buffering 1.0
[DBG] Stream buffering done (1001 ms in 12 ms)
[DBG] Decoder wait done in 0 ms
[ERR] ES_OUT_SET_(GROUP_)PCR  is called 28034 ms late (jitter of 28019 ms ignored)
[DBG] ES_OUT_RESET_PCR called
10:37:36.765 AM [player] buffering 0.0
10:37:36.767 AM [player] buffering 0.0
[DBG] Buffering 0%
[DBG] Buffering 1%
[DBG] Buffering 8%
[DBG] Buffering 9%
[DBG] Buffering 11%
[DBG] Buffering 14%
[DBG] Buffering 19%
[DBG] Received first picture
10:37:36.770 AM [framestep] nextFrameStepped result=0 time=24243 ms
[DBG] Buffering 24%
[DBG] Buffering 28%
[DBG] Buffering 33%
[DBG] Buffering 36%
[DBG] Buffering 39%
[DBG] Buffering 48%
[DBG] Buffering 51%
[DBG] Buffering 54%
[DBG] Buffering 57%
[DBG] Buffering 58%
[DBG] Buffering 61%
[DBG] Buffering 64%
[DBG] Buffering 67%
[DBG] Buffering 68%
[DBG] Buffering 71%
[DBG] Buffering 74%
[DBG] Buffering 76%
[DBG] Buffering 78%
[DBG] Buffering 81%
[DBG] Buffering 84%
[DBG] Buffering 86%
[DBG] Buffering 88%
[DBG] Buffering 91%
[DBG] Stream buffering done (1024 ms in 14 ms)
10:37:36.782 AM [player] buffering 1.0
[DBG] Decoder wait done in 0 ms
[ERR] ES_OUT_SET_(GROUP_)PCR  is called 28037 ms late (jitter of 28034 ms ignored)
[DBG] ES_OUT_RESET_PCR called
10:37:36.783 AM [player] buffering 0.0
[DBG] Buffering 0%
10:37:36.785 AM [player] buffering 0.0
[DBG] Buffering 3%
[DBG] Buffering 6%
[DBG] Buffering 10%
[DBG] Buffering 13%
[DBG] Buffering 16%
[DBG] Buffering 20%
[DBG] Buffering 23%
[DBG] Buffering 26%
[DBG] Buffering 30%
[DBG] Buffering 32%
[DBG] Buffering 33%
[DBG] Buffering 45%
[DBG] Buffering 46%
[DBG] Buffering 50%
[DBG] Buffering 53%
[DBG] Buffering 56%
[DBG] Buffering 60%
[DBG] Buffering 63%
[DBG] Received first picture
10:37:36.795 AM [framestep] nextFrameStepped result=0 time=24243 ms
[DBG] Buffering 66%
[DBG] Buffering 70%
[DBG] Buffering 73%
[DBG] Detected interlaced video
[DBG] deinterlace -1, mode auto, is_needed 1
[DBG] Buffering 76%
[DBG] Buffering 80%
[DBG] Buffering 83%
[DBG] Buffering 96%
[DBG] Stream buffering done (1001 ms in 16 ms)
10:37:36.802 AM [player] buffering 1.0
[DBG] Decoder wait done in 0 ms
[ERR] ES_OUT_SET_(GROUP_)PCR  is called 28070 ms late (jitter of 28037 ms ignored)
[DBG] ES_OUT_RESET_PCR called
10:37:36.802 AM [player] buffering 0.0
[DBG] Buffering 0%
10:37:36.802 AM [player] buffering 0.0
[DBG] Buffering 3%
[DBG] Buffering 6%
[DBG] Buffering 10%
[DBG] Buffering 13%
[DBG] Buffering 16%
[DBG] Buffering 20%
[DBG] Buffering 23%
[DBG] Buffering 26%
[DBG] Buffering 37%
[DBG] Buffering 40%
[DBG] Buffering 43%
[DBG] Buffering 46%
[DBG] Buffering 50%
[DBG] Buffering 53%
[DBG] Buffering 56%
[DBG] Buffering 60%
[DBG] Received first picture
10:37:36.813 AM [framestep] nextFrameStepped result=0 time=24243 ms
[DBG] Adding 'deinterlace' as static
[DBG] looking for video filter module matching "deinterlace,chain": 2 candidates
[DBG] using x deinterlace method
[DBG] deinterlacing
[DBG] using video filter module "deinterlace"
[DBG] Filter 'deinterlace' (0x10f866d00) appended to chain (0x10ce50900)
[DBG] Buffering 63%
[DBG] Buffering 66%
[DBG] Buffering 70%
[DBG] Buffering 73%
[DBG] Buffering 76%
[DBG] Buffering 88%
[DBG] Buffering 90%
[DBG] Buffering 93%
[DBG] Buffering 96%
10:37:36.821 AM [player] buffering 1.0
[DBG] Stream buffering done (1001 ms in 19 ms)
[DBG] Decoder wait done in 0 ms
[ERR] ES_OUT_SET_(GROUP_)PCR  is called 28091 ms late (jitter of 28070 ms ignored)
[DBG] ES_OUT_RESET_PCR called
10:37:36.821 AM [player] buffering 0.0
10:37:36.822 AM [player] buffering 0.0
[DBG] Buffering 0%
[DBG] Buffering 3%
[DBG] Buffering 6%
[DBG] Buffering 10%
[DBG] Buffering 13%
[DBG] Buffering 16%
[DBG] Buffering 20%
[DBG] Buffering 30%
[DBG] Buffering 33%
[DBG] Buffering 36%
[DBG] Buffering 39%
[DBG] Buffering 40%
[DBG] Buffering 43%
[DBG] Buffering 46%
[DBG] Buffering 49%
[DBG] Buffering 50%
[DBG] Received first picture
10:37:36.827 AM [framestep] nextFrameStepped result=0 time=24243 ms
[DBG] Buffering 53%
[DBG] Buffering 56%
[DBG] Buffering 59%
[DBG] Buffering 60%
[DBG] Buffering 63%
[DBG] Buffering 66%
[DBG] Buffering 68%
[DBG] Buffering 70%
[DBG] Buffering 81%
[DBG] Buffering 83%
[DBG] Buffering 86%
[DBG] Buffering 90%
[DBG] Buffering 93%
[DBG] Buffering 96%
10:37:36.835 AM [player] buffering 1.0
[DBG] Stream buffering done (1001 ms in 13 ms)
[DBG] Decoder wait done in 0 ms
[ERR] ES_OUT_SET_(GROUP_)PCR  is called 28109 ms late (jitter of 28091 ms ignored)
[DBG] ES_OUT_RESET_PCR called
10:37:36.840 AM [player] buffering 0.0
[DBG] Buffering 0%
10:37:36.840 AM [player] buffering 0.0
[DBG] Buffering 3%
[DBG] Buffering 6%
[DBG] Buffering 10%
[DBG] Buffering 13%
[DBG] Buffering 25%
[DBG] Buffering 26%
[DBG] Buffering 30%
[DBG] Buffering 33%
[DBG] Received first picture
10:37:36.844 AM [framestep] nextFrameStepped result=0 time=24243 ms
[DBG] Buffering 36%
[DBG] Buffering 40%
[DBG] Buffering 43%
[DBG] Buffering 46%
[DBG] Buffering 50%
[DBG] Buffering 53%
[DBG] Buffering 56%
[DBG] Buffering 60%
[DBG] Buffering 63%
[DBG] Buffering 73%
[DBG] Buffering 76%
[DBG] Buffering 80%
[DBG] Buffering 83%
[DBG] Buffering 86%
[DBG] Buffering 90%
[DBG] Buffering 93%
[DBG] Buffering 96%
10:37:36.851 AM [player] buffering 1.0
[DBG] Stream buffering done (1001 ms in 10 ms)
[DBG] Decoder wait done in 0 ms
[ERR] ES_OUT_SET_(GROUP_)PCR  is called 28128 ms late (jitter of 28109 ms ignored)
[DBG] ES_OUT_RESET_PCR called
10:37:36.851 AM [player] buffering 0.0
[DBG] Buffering 0%
10:37:36.851 AM [player] buffering 0.0
[DBG] Buffering 3%
[DBG] Buffering 6%
[DBG] Buffering 8%
[DBG] Buffering 10%
[DBG] Buffering 21%
[DBG] Buffering 23%
[DBG] Buffering 26%
[DBG] Buffering 30%
[DBG] Buffering 33%
[DBG] Buffering 36%
[DBG] Buffering 40%
[DBG] Received first picture
10:37:36.856 AM [framestep] nextFrameStepped result=0 time=24243 ms
[DBG] Buffering 43%
[DBG] Buffering 46%
[DBG] Buffering 50%
[DBG] Buffering 53%
[DBG] Buffering 56%
[DBG] Buffering 60%
[DBG] Buffering 72%
[DBG] Buffering 73%
[DBG] Buffering 76%
[DBG] Buffering 80%
[DBG] Buffering 83%
[DBG] Buffering 86%
[DBG] Buffering 90%
[DBG] Buffering 93%
[DBG] Buffering 96%
10:37:36.869 AM [player] buffering 1.0
[DBG] Stream buffering done (1001 ms in 17 ms)
[DBG] Decoder wait done in 0 ms
[ERR] ES_OUT_SET_(GROUP_)PCR  is called 28138 ms late (jitter of 28128 ms ignored)
[DBG] ES_OUT_RESET_PCR called
10:37:36.869 AM [player] buffering 0.0
[DBG] Buffering 0%
10:37:36.869 AM [player] buffering 0.0
[DBG] Buffering 3%
[DBG] Buffering 14%
[DBG] Buffering 16%
[DBG] Buffering 20%
[DBG] Buffering 23%
[DBG] Buffering 26%
[DBG] Buffering 30%
[DBG] Buffering 33%
[DBG] Received first picture
10:37:36.874 AM [framestep] nextFrameStepped result=0 time=24243 ms
[DBG] Buffering 36%
[DBG] Buffering 40%
[DBG] Buffering 42%
[DBG] Buffering 43%
[DBG] Buffering 46%
[DBG] Buffering 50%
[DBG] Buffering 52%
[DBG] Buffering 53%
[DBG] Buffering 65%
[DBG] Buffering 66%
[DBG] Buffering 70%
[DBG] Buffering 73%
[DBG] Buffering 76%
[DBG] Buffering 80%
[DBG] Buffering 83%
[DBG] Buffering 86%
[DBG] Buffering 90%
[DBG] Buffering 93%
[DBG] Buffering 96%
10:37:36.885 AM [player] buffering 1.0
[DBG] Stream buffering done (1001 ms in 15 ms)
[DBG] Decoder wait done in 0 ms
[ERR] ES_OUT_SET_(GROUP_)PCR  is called 28155 ms late (jitter of 28138 ms ignored)
[DBG] ES_OUT_RESET_PCR called
10:37:36.885 AM [player] buffering 0.0
[DBG] Buffering 0%
10:37:36.893 AM [player] buffering 0.0
[DBG] Buffering 3%
[DBG] Buffering 7%
[DBG] Buffering 10%
[DBG] Buffering 13%
[DBG] Buffering 17%
[DBG] Received first picture
10:37:36.897 AM [framestep] nextFrameStepped result=0 time=24243 ms
[DBG] Buffering 20%
[DBG] Buffering 23%
[DBG] Buffering 27%
[DBG] Buffering 30%
[DBG] Buffering 33%
[DBG] Buffering 37%
[DBG] Buffering 48%
[DBG] Buffering 50%
[DBG] Buffering 53%
[DBG] Buffering 57%
[DBG] Buffering 60%
[DBG] Buffering 63%
[DBG] Buffering 67%
[DBG] Buffering 70%
[DBG] Buffering 73%
[DBG] Buffering 76%
[DBG] Buffering 77%
[DBG] Buffering 80%
[DBG] Buffering 83%
[DBG] Buffering 86%
[DBG] Buffering 87%
[DBG] Buffering 99%
10:37:36.914 AM [player] buffering 1.0
[DBG] Stream buffering done (1004 ms in 20 ms)
[DBG] Decoder wait done in 0 ms
[ERR] ES_OUT_SET_(GROUP_)PCR  is called 28180 ms late (jitter of 28155 ms ignored)
[DBG] ES_OUT_RESET_PCR called
10:37:36.914 AM [player] buffering 0.0
[DBG] Buffering 0%
10:37:36.914 AM [player] buffering 0.0
[DBG] Buffering 3%
[DBG] Buffering 6%
[DBG] Buffering 10%
[DBG] Buffering 13%
[DBG] Buffering 16%
[DBG] Buffering 20%
[DBG] Buffering 23%
[DBG] Buffering 26%
[DBG] Buffering 30%
[DBG] Buffering 43%
[DBG] Buffering 46%
[DBG] Buffering 50%
[DBG] Buffering 53%
[DBG] Received first picture
10:37:36.924 AM [framestep] nextFrameStepped result=0 time=24243 ms
[DBG] Buffering 56%
[DBG] Buffering 60%
[DBG] Buffering 63%
[DBG] Buffering 66%
[DBG] Buffering 70%
[DBG] Buffering 73%
[DBG] Buffering 76%
[DBG] Buffering 80%
[DBG] Buffering 91%
[DBG] Buffering 93%
[DBG] Buffering 96%
10:37:36.935 AM [player] buffering 1.0
[DBG] Stream buffering done (1001 ms in 20 ms)
[DBG] Decoder wait done in 0 ms
[ERR] ES_OUT_SET_(GROUP_)PCR  is called 28204 ms late (jitter of 28180 ms ignored)
[DBG] ES_OUT_RESET_PCR called
10:37:36.935 AM [player] buffering 0.0
[DBG] Buffering 0%
10:37:36.935 AM [player] buffering 0.0
[DBG] Buffering 3%
[DBG] Buffering 6%
[DBG] Buffering 10%
[DBG] Buffering 13%
[DBG] Buffering 16%
[DBG] Buffering 20%
[DBG] Buffering 22%
[DBG] Buffering 23%
[DBG] Buffering 35%
[DBG] Buffering 36%
[DBG] Buffering 40%
[DBG] Buffering 43%
[DBG] Buffering 46%
[DBG] Buffering 50%
[DBG] Buffering 53%
[DBG] Received first picture
10:37:36.956 AM [framestep] nextFrameStepped result=0 time=24243 ms
[DBG] Buffering 56%
[DBG] Buffering 60%
[DBG] Buffering 63%
[DBG] Buffering 66%
[DBG] Buffering 70%
[DBG] Buffering 73%
[DBG] Buffering 83%
[DBG] Buffering 86%
[DBG] Buffering 90%
[DBG] Buffering 93%
[DBG] Buffering 96%
10:37:36.964 AM [player] buffering 1.0
[DBG] Stream buffering done (1001 ms in 29 ms)
[DBG] Decoder wait done in 0 ms
[ERR] ES_OUT_SET_(GROUP_)PCR  is called 28239 ms late (jitter of 28204 ms ignored)
[DBG] ES_OUT_RESET_PCR called
10:37:36.965 AM [player] buffering 0.0
[DBG] Buffering 0%
10:37:36.965 AM [player] buffering 0.0
[DBG] Buffering 3%
[DBG] Buffering 6%
[DBG] Buffering 9%
[DBG] Buffering 10%
[DBG] Buffering 13%
[DBG] Buffering 16%
[DBG] Buffering 18%
[DBG] Buffering 20%
[DBG] Buffering 31%
[DBG] Buffering 33%
[DBG] Buffering 36%
[DBG] Buffering 40%
[DBG] Buffering 43%
[DBG] Buffering 46%
[DBG] Buffering 50%
[DBG] Received first picture
10:37:36.969 AM [framestep] nextFrameStepped result=0 time=24243 ms
[DBG] Buffering 53%
[DBG] Buffering 56%
[DBG] Buffering 60%
[DBG] Buffering 63%
[DBG] Buffering 66%
[DBG] Buffering 69%
[DBG] Buffering 70%
[DBG] Buffering 82%
[DBG] Buffering 83%
[DBG] Buffering 86%
[DBG] Buffering 90%
[DBG] Buffering 93%
[DBG] Buffering 96%
10:37:36.976 AM [player] buffering 1.0
[DBG] Stream buffering done (1001 ms in 11 ms)
[DBG] Decoder wait done in 0 ms
[ERR] ES_OUT_SET_(GROUP_)PCR  is called 28246 ms late (jitter of 28239 ms ignored)
[DBG] ES_OUT_RESET_PCR called
10:37:36.976 AM [player] buffering 0.0
[DBG] Buffering 0%
10:37:36.976 AM [player] buffering 0.0
[DBG] Buffering 3%
[DBG] Buffering 6%
[DBG] Buffering 10%
[DBG] Buffering 13%
[DBG] Buffering 23%
[DBG] Buffering 26%
[DBG] Buffering 30%
[DBG] Buffering 33%
[DBG] Buffering 36%
[DBG] Buffering 40%
[DBG] Buffering 43%
[DBG] Received first picture
10:37:36.985 AM [framestep] nextFrameStepped result=0 time=24243 ms
[DBG] Buffering 46%
[DBG] Buffering 50%
[DBG] Buffering 52%
[DBG] Buffering 53%
[DBG] Buffering 56%
[DBG] Buffering 60%
[DBG] Buffering 62%
[DBG] Buffering 63%
[DBG] Buffering 75%
[DBG] Buffering 76%
[DBG] Buffering 80%
[DBG] Buffering 83%
[DBG] Buffering 86%
[DBG] Buffering 90%
[DBG] Buffering 93%
[DBG] Buffering 96%
10:37:36.995 AM [player] buffering 1.0
[DBG] Stream buffering done (1001 ms in 18 ms)
[DBG] Decoder wait done in 0 ms
[ERR] ES_OUT_SET_(GROUP_)PCR  is called 28264 ms late (jitter of 28246 ms ignored)
[DBG] ES_OUT_RESET_PCR called
10:37:36.995 AM [player] buffering 0.0
10:37:36.996 AM [player] buffering 0.0
[DBG] Buffering 0%
[DBG] Buffering 3%
[DBG] Buffering 6%
[DBG] Buffering 19%
[DBG] Buffering 23%
[DBG] Buffering 26%
[DBG] Buffering 30%
[DBG] Buffering 33%
[DBG] Buffering 36%
[DBG] Received first picture
10:37:37.002 AM [framestep] nextFrameStepped result=0 time=24243 ms
[DBG] Buffering 40%
[DBG] Buffering 43%
[DBG] Buffering 46%
[DBG] Buffering 50%
[DBG] Buffering 53%
[DBG] Buffering 56%
[DBG] Buffering 67%
[DBG] Buffering 70%
[DBG] Buffering 73%
[DBG] Buffering 76%
[DBG] Buffering 80%
[DBG] Buffering 83%
[DBG] Buffering 86%
[DBG] Buffering 90%
[DBG] Buffering 93%
[DBG] Buffering 96%
10:37:37.014 AM [player] buffering 1.0
[DBG] Stream buffering done (1001 ms in 18 ms)
[DBG] Decoder wait done in 0 ms
[ERR] ES_OUT_SET_(GROUP_)PCR  is called 28284 ms late (jitter of 28264 ms ignored)
[DBG] ES_OUT_RESET_PCR called
10:37:37.014 AM [player] buffering 0.0
10:37:37.015 AM [player] buffering 0.0
[DBG] Buffering 0%
[DBG] Buffering 12%
[DBG] Buffering 14%
[DBG] Buffering 17%
[DBG] Buffering 20%
[DBG] Received first picture
10:37:37.021 AM [framestep] nextFrameStepped result=0 time=24243 ms
[DBG] Buffering 24%
[DBG] Buffering 27%
[DBG] Buffering 30%
[DBG] Buffering 34%
[DBG] Buffering 37%
[DBG] Buffering 40%
[DBG] Buffering 44%
[DBG] Buffering 47%
[DBG] Buffering 50%
[DBG] Buffering 64%
[DBG] Buffering 67%
[DBG] Buffering 70%
[DBG] Buffering 74%
[DBG] Buffering 77%
[DBG] Buffering 80%
[DBG] Buffering 84%
[DBG] Buffering 87%
[DBG] Buffering 91%
[DBG] Buffering 94%
[DBG] Buffering 97%
10:37:37.037 AM [player] buffering 1.0
[DBG] Stream buffering done (1010 ms in 21 ms)
[DBG] Decoder wait done in 0 ms
[ERR] ES_OUT_SET_(GROUP_)PCR  is called 28222 ms late (jitter of 28264 ms ignored)
[DBG] ES_OUT_RESET_PCR called
10:37:37.038 AM [player] buffering 0.0
[DBG] Buffering 0%
10:37:37.040 AM [player] buffering 0.0
[DBG] Buffering 3%
[DBG] Buffering 6%
[DBG] Buffering 10%
[DBG] Buffering 13%
[DBG] Buffering 16%
[DBG] Buffering 20%
[DBG] Buffering 23%
[DBG] Buffering 26%
[DBG] Buffering 30%
[DBG] Buffering 33%
[DBG] Buffering 36%
[DBG] Buffering 48%
[DBG] Buffering 50%
[DBG] Buffering 53%
[DBG] Buffering 56%
[DBG] Received first picture
10:37:37.052 AM [framestep] nextFrameStepped result=0 time=24243 ms
[DBG] Buffering 60%
[DBG] Buffering 63%
[DBG] Buffering 66%
[DBG] Buffering 70%
[DBG] Buffering 73%
[DBG] Buffering 76%
[DBG] Buffering 80%
[DBG] Buffering 83%
[DBG] Buffering 86%
[DBG] Buffering 96%
10:37:37.063 AM [player] buffering 1.0
[DBG] Stream buffering done (1001 ms in 22 ms)
[DBG] Decoder wait done in 0 ms
[ERR] ES_OUT_SET_(GROUP_)PCR  is called 28332 ms late (jitter of 28284 ms ignored)
[DBG] ES_OUT_RESET_PCR called
10:37:37.063 AM [player] buffering 0.0
[DBG] Buffering 0%
10:37:37.063 AM [player] buffering 0.0
[DBG] Buffering 3%
[DBG] Buffering 7%
[DBG] Buffering 9%
[DBG] Buffering 10%
[DBG] Buffering 13%
[DBG] Buffering 17%
[DBG] Buffering 19%
[DBG] Buffering 20%
[DBG] Buffering 23%
[DBG] Buffering 27%
[DBG] Buffering 28%
[DBG] Buffering 30%
[DBG] Buffering 41%
[DBG] Buffering 43%
[DBG] Buffering 47%
[DBG] Buffering 50%
[DBG] Buffering 53%
[DBG] Buffering 56%
[DBG] Buffering 60%
[DBG] Received first picture
10:37:37.078 AM [framestep] nextFrameStepped result=0 time=24243 ms
[DBG] Buffering 63%
[DBG] Buffering 67%
[DBG] Buffering 70%
[DBG] Buffering 73%
[DBG] Buffering 77%
[DBG] Buffering 80%
[DBG] Buffering 92%
[DBG] Buffering 93%
[DBG] Buffering 97%
10:37:37.088 AM [player] buffering 1.0
[DBG] Stream buffering done (1004 ms in 25 ms)
[DBG] Decoder wait done in 0 ms
[ERR] ES_OUT_SET_(GROUP_)PCR  is called 28355 ms late (jitter of 28332 ms ignored)
[DBG] ES_OUT_RESET_PCR called
10:37:37.089 AM [player] buffering 0.0
10:37:37.090 AM [player] buffering 0.0
[DBG] Buffering 0%
[DBG] Buffering 3%
[DBG] Buffering 6%
[DBG] Buffering 10%
[DBG] Buffering 13%
[DBG] Buffering 16%
[DBG] Buffering 20%
[DBG] Buffering 23%
[DBG] Buffering 33%
[DBG] Buffering 36%
[DBG] Buffering 40%
[DBG] Buffering 43%
[DBG] Received first picture
10:37:37.102 AM [framestep] nextFrameStepped result=0 time=24243 ms
[DBG] Buffering 46%
[DBG] Buffering 50%
[DBG] Buffering 52%
[DBG] Buffering 53%
[DBG] Buffering 56%
[DBG] Buffering 60%
[DBG] Buffering 62%
[DBG] Buffering 63%
[DBG] Buffering 66%
[DBG] Buffering 70%
[DBG] Buffering 72%
[DBG] Buffering 73%
[DBG] Buffering 84%
[DBG] Buffering 86%
[DBG] Buffering 90%
[DBG] Buffering 93%
[DBG] Buffering 96%
[DBG] Stream buffering done (1001 ms in 21 ms)
10:37:37.111 AM [player] buffering 1.0
[DBG] Decoder wait done in 0 ms
[ERR] ES_OUT_SET_(GROUP_)PCR  is called 28381 ms late (jitter of 28355 ms ignored)
[DBG] ES_OUT_RESET_PCR called
10:37:37.111 AM [player] buffering 0.0
10:37:37.113 AM [player] buffering 0.0
[DBG] Buffering 0%
[DBG] Buffering 3%
[DBG] Buffering 6%
[DBG] Buffering 10%
[DBG] Buffering 13%
[DBG] Buffering 16%
[DBG] Buffering 29%
[DBG] Buffering 30%
[DBG] Buffering 33%
[DBG] Buffering 36%
[DBG] Buffering 40%
[DBG] Buffering 43%
[DBG] Buffering 46%
[DBG] Received first picture
10:37:37.119 AM [framestep] nextFrameStepped result=0 time=24243 ms
[DBG] Buffering 50%
[DBG] Buffering 53%
[DBG] Buffering 56%
[DBG] Buffering 60%
[DBG] Buffering 63%
[DBG] Buffering 66%
[DBG] Buffering 77%
[DBG] Buffering 80%
[DBG] Buffering 83%
[DBG] Buffering 86%
[DBG] Buffering 90%
[DBG] Buffering 93%
[DBG] Buffering 96%
10:37:37.135 AM [player] buffering 1.0
[DBG] Stream buffering done (1061 ms in 22 ms)
[DBG] Decoder wait done in 0 ms
[ERR] ES_OUT_SET_(GROUP_)PCR  is called 28373 ms late (jitter of 28373 ms ignored)
[DBG] ES_OUT_RESET_PCR called
10:37:37.137 AM [player] buffering 0.0
10:37:37.137 AM [player] buffering 0.0
[DBG] Buffering 0%
[DBG] Buffering 3%
[DBG] Buffering 5%
[DBG] Buffering 6%
[DBG] Buffering 10%
[DBG] Buffering 13%
[DBG] Buffering 15%
[DBG] Buffering 16%
[DBG] Buffering 20%
[DBG] Buffering 24%
[DBG] Buffering 26%
[DBG] Buffering 30%
[DBG] Buffering 33%
[DBG] Buffering 34%
[DBG] Buffering 36%
[DBG] Buffering 40%
[DBG] Buffering 43%
[DBG] Buffering 48%
[DBG] Received first picture
10:37:37.145 AM [framestep] nextFrameStepped result=0 time=24243 ms
[DBG] Buffering 51%
[DBG] Buffering 55%
[DBG] Buffering 60%
[DBG] Buffering 63%
[DBG] Buffering 65%
[DBG] Buffering 79%
[DBG] Buffering 80%
[DBG] Buffering 85%
[DBG] Buffering 88%
[DBG] Buffering 90%
[DBG] Buffering 93%
[DBG] Buffering 98%
[DBG] Stream buffering done (1017 ms in 18 ms)
10:37:37.155 AM [player] buffering 1.0
[DBG] Decoder wait done in 0 ms
[ERR] ES_OUT_SET_(GROUP_)PCR  is called 28410 ms late (jitter of 28381 ms ignored)
[DBG] ES_OUT_RESET_PCR called
10:37:37.157 AM [player] buffering 0.0
10:37:37.157 AM [player] buffering 0.0
[DBG] Buffering 0%
[DBG] Buffering 2%
[DBG] Buffering 7%
[DBG] Buffering 22%
[DBG] Received first picture
10:37:37.163 AM [framestep] nextFrameStepped result=0 time=24243 ms
[DBG] Buffering 27%
[DBG] Buffering 32%
[DBG] Buffering 35%
[DBG] Buffering 40%
[DBG] Buffering 41%
[DBG] Buffering 43%
[DBG] Buffering 47%
[DBG] Buffering 51%
[DBG] Buffering 52%
[DBG] Buffering 57%
[DBG] Buffering 73%
[DBG] Buffering 77%
[DBG] Buffering 82%
[DBG] Buffering 85%
[DBG] Buffering 90%
[DBG] Buffering 92%
[DBG] Buffering 93%
[DBG] Buffering 97%
10:37:37.177 AM [player] buffering 1.0
[DBG] Stream buffering done (1022 ms in 19 ms)
[DBG] Decoder wait done in 0 ms
[ERR] ES_OUT_SET_(GROUP_)PCR  is called 28411 ms late (jitter of 28410 ms ignored)
[DBG] ES_OUT_RESET_PCR called
10:37:37.180 AM [player] buffering 0.0
[DBG] Buffering 0%
10:37:37.180 AM [player] buffering 0.0
[DBG] Buffering 5%
[DBG] Buffering 9%
[DBG] Buffering 10%
[DBG] Buffering 13%
[DBG] Received first picture
10:37:37.184 AM [framestep] nextFrameStepped result=0 time=24243 ms
[DBG] Buffering 18%
[DBG] Buffering 19%
[DBG] Buffering 22%
[DBG] Buffering 25%
[DBG] Buffering 28%
[DBG] Buffering 30%
[DBG] Buffering 35%
[DBG] Buffering 51%
[DBG] Buffering 55%
[DBG] Buffering 60%
[DBG] Buffering 63%
[DBG] Buffering 69%
[DBG] Buffering 70%
[DBG] Buffering 72%
[DBG] Buffering 75%
[DBG] Buffering 80%
[DBG] Buffering 85%
[DBG] Buffering 99%
[DBG] Stream buffering done (1006 ms in 27 ms)
10:37:37.207 AM [player] buffering 1.0
[DBG] Decoder wait done in 0 ms
[ERR] ES_OUT_SET_(GROUP_)PCR  is called 28456 ms late (jitter of 28411 ms ignored)
[DBG] ES_OUT_RESET_PCR called
10:37:37.209 AM [player] buffering 0.0
[DBG] Buffering 0%
10:37:37.209 AM [player] buffering 0.0
[DBG] Buffering 1%
[DBG] Buffering 5%
[DBG] Buffering 9%
[DBG] Buffering 10%
[DBG] Buffering 13%
[DBG] Buffering 16%
[DBG] Buffering 19%
[DBG] Buffering 21%
[DBG] Buffering 26%
[DBG] Buffering 41%
[DBG] Buffering 46%
[DBG] Buffering 51%
[DBG] Received first picture
10:37:37.217 AM [framestep] nextFrameStepped result=0 time=24243 ms
[DBG] Buffering 55%
[DBG] Buffering 60%
[DBG] Buffering 63%
[DBG] Buffering 66%
[DBG] Buffering 70%
[DBG] Buffering 72%
[DBG] Buffering 77%
[DBG] Buffering 92%
[DBG] Buffering 97%
10:37:37.228 AM [player] buffering 1.0
[DBG] Stream buffering done (1020 ms in 18 ms)
[DBG] Decoder wait done in 0 ms
[ERR] ES_OUT_SET_(GROUP_)PCR  is called 28479 ms late (jitter of 28456 ms ignored)
[DBG] ES_OUT_RESET_PCR called
10:37:37.229 AM [player] buffering 0.0
10:37:37.229 AM [player] buffering 0.0
[DBG] Buffering 0%
[DBG] Buffering 1%
[DBG] Buffering 3%
[DBG] Buffering 6%
[DBG] Buffering 11%
[DBG] Buffering 16%
[DBG] Buffering 30%
[DBG] Buffering 31%
[DBG] Buffering 36%
[DBG] Buffering 40%
[DBG] Buffering 41%
[DBG] Buffering 45%
[DBG] Buffering 49%
[DBG] Buffering 50%
[DBG] Received first picture
10:37:37.239 AM [framestep] nextFrameStepped result=0 time=24243 ms
[DBG] Buffering 53%
[DBG] Buffering 56%
[DBG] Buffering 59%
[DBG] Buffering 61%
[DBG] Buffering 66%
[DBG] Buffering 81%
[DBG] Buffering 86%
[DBG] Buffering 91%
[DBG] Buffering 95%
10:37:37.250 AM [player] buffering 1.0
[DBG] Stream buffering done (1001 ms in 20 ms)
[DBG] Decoder wait done in 0 ms
[ERR] ES_OUT_SET_(GROUP_)PCR  is called 28545 ms late (jitter of 28479 ms ignored)
[DBG] ES_OUT_RESET_PCR called
10:37:37.250 AM [player] buffering 0.0
10:37:37.250 AM [player] buffering 0.0
[DBG] Buffering 0%
[DBG] Buffering 3%
[DBG] Buffering 7%
[DBG] Buffering 8%
[DBG] Buffering 13%
[DBG] Buffering 29%
[DBG] Buffering 33%
[DBG] Buffering 38%
[DBG] Buffering 41%
[DBG] Received first picture
10:37:37.263 AM [framestep] nextFrameStepped result=0 time=24243 ms
[DBG] Buffering 46%
[DBG] Buffering 48%
[DBG] Buffering 50%
[DBG] Buffering 53%
[DBG] Buffering 58%
[DBG] Buffering 63%
[DBG] Buffering 77%
[DBG] Buffering 78%
[DBG] Buffering 83%
[DBG] Buffering 87%
[DBG] Buffering 88%
[DBG] Buffering 91%
[DBG] Buffering 96%
10:37:37.277 AM [player] buffering 1.0
[DBG] Stream buffering done (1001 ms in 27 ms)
[DBG] Decoder wait done in 0 ms
[ERR] ES_OUT_SET_(GROUP_)PCR  is called 28548 ms late (jitter of 28545 ms ignored)
[DBG] ES_OUT_RESET_PCR called
10:37:37.279 AM [player] buffering 0.0
[DBG] Buffering 0%
10:37:37.279 AM [player] buffering 0.0
[DBG] Buffering 2%
[DBG] Buffering 7%
[DBG] Buffering 22%
[DBG] Buffering 27%
[DBG] Buffering 32%
[DBG] Buffering 35%
[DBG] Buffering 40%
[DBG] Buffering 41%
[DBG] Buffering 43%
[DBG] Buffering 47%
[DBG] Buffering 51%
[DBG] Buffering 52%
[DBG] Received first picture
10:37:37.290 AM [framestep] nextFrameStepped result=0 time=24243 ms
[DBG] Buffering 57%
[DBG] Buffering 73%
[DBG] Buffering 77%
[DBG] Buffering 82%
[DBG] Buffering 85%
[DBG] Buffering 90%
[DBG] Buffering 92%
[DBG] Buffering 94%
[DBG] Buffering 97%
[DBG] Stream buffering done (1023 ms in 22 ms)
10:37:37.302 AM [player] buffering 1.0
[DBG] Decoder wait done in 0 ms
[ERR] ES_OUT_SET_(GROUP_)PCR  is called 28537 ms late (jitter of 28545 ms ignored)
[DBG] ES_OUT_RESET_PCR called
10:37:37.306 AM [player] buffering 0.0
[DBG] Buffering 0%
10:37:37.307 AM [player] buffering 0.0
[DBG] Buffering 5%
[DBG] Buffering 9%
[DBG] Buffering 10%
[DBG] Buffering 14%
[DBG] Buffering 19%
[DBG] Buffering 22%
[DBG] Received first picture
10:37:37.310 AM [framestep] nextFrameStepped result=0 time=24243 ms
[DBG] Buffering 25%
[DBG] Buffering 28%
[DBG] Buffering 30%
[DBG] Buffering 35%
[DBG] Buffering 51%
[DBG] Buffering 55%
[DBG] Buffering 60%
[DBG] Buffering 64%
[DBG] Buffering 69%
[DBG] Buffering 70%
[DBG] Buffering 72%
[DBG] Buffering 75%
[DBG] Buffering 80%
[DBG] Buffering 85%
10:37:37.323 AM [player] buffering 1.0
[DBG] Stream buffering done (1024 ms in 16 ms)
[DBG] Decoder wait done in 0 ms
[ERR] ES_OUT_SET_(GROUP_)PCR  is called 28571 ms late (jitter of 28548 ms ignored)
[DBG] ES_OUT_RESET_PCR called
10:37:37.325 AM [player] buffering 0.0
[DBG] Buffering 0%
10:37:37.326 AM [player] buffering 0.0
[DBG] Buffering 3%
[DBG] Buffering 8%
[DBG] Buffering 10%
[DBG] Buffering 11%
[DBG] Buffering 15%
[DBG] Buffering 20%
[DBG] Buffering 25%
[DBG] Buffering 39%
[DBG] Buffering 40%
[DBG] Buffering 45%
[DBG] Buffering 49%
[DBG] Buffering 50%
[DBG] Received first picture
10:37:37.340 AM [framestep] nextFrameStepped result=0 time=24243 ms
[DBG] Buffering 53%
[DBG] Buffering 58%
[DBG] Buffering 61%
[DBG] Buffering 65%
[DBG] Buffering 68%
[DBG] Buffering 70%
[DBG] Buffering 75%
[DBG] Buffering 90%
[DBG] Buffering 95%
10:37:37.351 AM [player] buffering 1.0
[DBG] Stream buffering done (1001 ms in 25 ms)
[DBG] Decoder wait done in 0 ms
[ERR] ES_OUT_SET_(GROUP_)PCR  is called 28620 ms late (jitter of 28571 ms ignored)
[DBG] ES_OUT_RESET_PCR called
10:37:37.351 AM [player] buffering 0.0
10:37:37.351 AM [player] buffering 0.0
[DBG] Buffering 0%
[DBG] Buffering 1%
[DBG] Buffering 3%
[DBG] Buffering 6%
[DBG] Buffering 11%
[DBG] Buffering 16%
[DBG] Buffering 30%
[DBG] Buffering 31%
[DBG] Buffering 36%
[DBG] Buffering 39%
[DBG] Buffering 41%
[DBG] Received first picture
10:37:37.361 AM [framestep] nextFrameStepped result=0 time=24243 ms
[DBG] Buffering 45%
[DBG] Buffering 49%
[DBG] Buffering 50%
[DBG] Buffering 53%
[DBG] Buffering 56%
[DBG] Buffering 59%
[DBG] Buffering 61%
[DBG] Buffering 66%
[DBG] Buffering 81%
[DBG] Buffering 86%
[DBG] Buffering 91%
[DBG] Buffering 95%
[DBG] Stream buffering done (1001 ms in 19 ms)
10:37:37.370 AM [player] buffering 1.0
[DBG] Decoder wait done in 0 ms
[ERR] ES_OUT_SET_(GROUP_)PCR  is called 28668 ms late (jitter of 28620 ms ignored)
[DBG] ES_OUT_RESET_PCR called
10:37:37.372 AM [player] buffering 0.0
10:37:37.372 AM [player] buffering 0.0
[DBG] Buffering 0%
[DBG] Buffering 3%
[DBG] Buffering 6%
[DBG] Buffering 8%
[DBG] Buffering 13%
[DBG] Buffering 29%
[DBG] Received first picture
10:37:37.380 AM [framestep] nextFrameStepped result=0 time=24243 ms
[DBG] Buffering 33%
[DBG] Buffering 38%
[DBG] Buffering 41%
[DBG] Buffering 46%
[DBG] Buffering 48%
[DBG] Buffering 50%
[DBG] Buffering 53%
[DBG] Buffering 58%
[DBG] Buffering 63%
[DBG] Buffering 77%
[DBG] Buffering 78%
[DBG] Buffering 83%
[DBG] Buffering 86%
[DBG] Buffering 88%
[DBG] Buffering 91%
[DBG] Buffering 96%
[DBG] Stream buffering done (1001 ms in 25 ms)
10:37:37.397 AM [player] buffering 1.0
[DBG] Decoder wait done in 0 ms
[ERR] ES_OUT_SET_(GROUP_)PCR  is called 28667 ms late (jitter of 28667 ms ignored)
[DBG] ES_OUT_RESET_PCR called
10:37:37.397 AM [player] buffering 0.0
[DBG] Buffering 0%
10:37:37.397 AM [player] buffering 0.0
[DBG] Buffering 2%
[DBG] Buffering 7%
[DBG] Buffering 22%
[DBG] Buffering 27%
[DBG] Buffering 32%
[DBG] Received first picture
10:37:37.416 AM [framestep] nextFrameStepped result=0 time=24243 ms
[DBG] Buffering 35%
[DBG] Buffering 40%
[DBG] Buffering 41%
[DBG] Buffering 44%
[DBG] Buffering 47%
[DBG] Buffering 51%
[DBG] Buffering 52%
[DBG] Buffering 57%
[DBG] Buffering 73%
[DBG] Buffering 77%
[DBG] Buffering 82%
[DBG] Buffering 85%
[DBG] Buffering 90%
[DBG] Buffering 92%
[DBG] Buffering 94%
[DBG] Buffering 97%
10:37:37.434 AM [player] buffering 1.0
[DBG] Stream buffering done (1024 ms in 36 ms)
[DBG] Decoder wait done in 0 ms
[ERR] ES_OUT_SET_(GROUP_)PCR  is called 28713 ms late (jitter of 28668 ms ignored)
[DBG] ES_OUT_RESET_PCR called
10:37:37.434 AM [player] buffering 0.0
[DBG] Buffering 0%
10:37:37.435 AM [player] buffering 0.0
[DBG] Buffering 14%
[DBG] Buffering 20%
[DBG] Buffering 23%
[DBG] Buffering 25%
[DBG] Received first picture
10:37:37.442 AM [framestep] nextFrameStepped result=0 time=24243 ms
[DBG] Buffering 28%
[DBG] Buffering 33%
[DBG] Buffering 36%
[DBG] Buffering 40%
[DBG] Buffering 42%
[DBG] Buffering 45%
[DBG] Buffering 50%
[DBG] Buffering 65%
[DBG] Buffering 70%
[DBG] Buffering 74%
[DBG] Buffering 75%
[DBG] Buffering 78%
[DBG] Buffering 83%
[DBG] Buffering 84%
[DBG] Buffering 86%
[DBG] Buffering 90%
[DBG] Buffering 94%
[DBG] Buffering 95%
[DBG] Stream buffering done (1001 ms in 22 ms)
10:37:37.457 AM [player] buffering 1.0
[DBG] Decoder wait done in 0 ms
[ERR] ES_OUT_SET_(GROUP_)PCR  is called 28599 ms late (jitter of 28667 ms ignored)
[DBG] ES_OUT_RESET_PCR called
10:37:37.460 AM [player] buffering 0.0
10:37:37.463 AM [player] buffering 0.0
[DBG] Buffering 0%
[DBG] Buffering 5%
[DBG] Buffering 8%
[DBG] Buffering 13%
[DBG] Buffering 15%
[DBG] Buffering 16%
[DBG] Buffering 20%
[DBG] Buffering 25%
[DBG] Buffering 30%
[DBG] Buffering 44%
[DBG] Buffering 50%
[DBG] Buffering 54%
[DBG] Buffering 55%
[DBG] Buffering 58%
[DBG] Received first picture
10:37:37.476 AM [framestep] nextFrameStepped result=0 time=24243 ms
[DBG] Buffering 63%
[DBG] Buffering 66%
[DBG] Buffering 70%
[DBG] Buffering 73%
[DBG] Buffering 75%
[DBG] Buffering 80%
[DBG] Buffering 95%
10:37:37.482 AM [player] buffering 1.0
[DBG] Stream buffering done (1001 ms in 19 ms)
[DBG] Decoder wait done in 0 ms
[ERR] ES_OUT_SET_(GROUP_)PCR  is called 28735 ms late (jitter of 28713 ms ignored)
[DBG] ES_OUT_RESET_PCR called
10:37:37.483 AM [player] buffering 0.0
10:37:37.483 AM [player] buffering 0.0
[DBG] Buffering 0%
[DBG] Buffering 4%
[DBG] Buffering 6%
[DBG] Buffering 8%
[DBG] Buffering 11%
[DBG] Buffering 15%
[DBG] Buffering 16%
[DBG] Buffering 21%
[DBG] Buffering 35%
[DBG] Buffering 36%
[DBG] Buffering 41%
[DBG] Buffering 44%
[DBG] Buffering 46%
[DBG] Buffering 50%
[DBG] Buffering 54%
[DBG] Buffering 55%
[DBG] Received first picture
10:37:37.493 AM [framestep] nextFrameStepped result=0 time=24243 ms
[DBG] Buffering 58%
[DBG] Buffering 61%
[DBG] Buffering 63%
[DBG] Buffering 66%
[DBG] Buffering 71%
[DBG] Buffering 86%
[DBG] Buffering 91%
[DBG] Buffering 95%
[DBG] Buffering 96%
10:37:37.507 AM [player] buffering 1.0
[DBG] Stream buffering done (1001 ms in 23 ms)
[DBG] Decoder wait done in 0 ms
[ERR] ES_OUT_SET_(GROUP_)PCR  is called 28760 ms late (jitter of 28735 ms ignored)
[DBG] ES_OUT_RESET_PCR called
10:37:37.507 AM [player] buffering 0.0
10:37:37.507 AM [player] buffering 0.0
[DBG] Buffering 0%
[DBG] Buffering 2%
[DBG] Buffering 6%
[DBG] Buffering 9%
[DBG] Buffering 11%
[DBG] Buffering 16%
[DBG] Buffering 32%
[DBG] Buffering 36%
[DBG] Received first picture
10:37:37.519 AM [framestep] nextFrameStepped result=0 time=24243 ms
[DBG] Buffering 41%
[DBG] Buffering 44%
[DBG] Buffering 49%
[DBG] Buffering 51%
[DBG] Buffering 52%
[DBG] Buffering 56%
[DBG] Buffering 60%
[DBG] Buffering 61%
[DBG] Buffering 66%
[DBG] Buffering 80%
[DBG] Buffering 81%
[DBG] Buffering 86%
[DBG] Buffering 89%
[DBG] Buffering 91%
[DBG] Buffering 94%
[DBG] Buffering 99%
[DBG] Stream buffering done (1030 ms in 39 ms)
10:37:37.546 AM [player] buffering 1.0
[DBG] Decoder wait done in 0 ms
[ERR] ES_OUT_SET_(GROUP_)PCR  is called 28788 ms late (jitter of 28760 ms ignored)
[DBG] ES_OUT_RESET_PCR called
10:37:37.548 AM [player] buffering 0.0
[DBG] Buffering 0%
10:37:37.548 AM [player] buffering 0.0
[DBG] Buffering 2%
[DBG] Buffering 7%
[DBG] Buffering 22%
[DBG] Buffering 27%
[DBG] Buffering 32%
[DBG] Received first picture
10:37:37.557 AM [framestep] nextFrameStepped result=0 time=24243 ms
[DBG] Buffering 35%
[DBG] Buffering 40%
[DBG] Buffering 41%
[DBG] Buffering 44%
[DBG] Buffering 47%
[DBG] Buffering 51%
[DBG] Buffering 52%
[DBG] Buffering 57%
[DBG] Buffering 73%
[DBG] Buffering 77%
[DBG] Buffering 82%
[DBG] Buffering 85%
[DBG] Buffering 90%
[DBG] Buffering 92%
[DBG] Buffering 94%
[DBG] Buffering 97%
10:37:37.573 AM [player] buffering 1.0
[DBG] Stream buffering done (1024 ms in 24 ms)
[DBG] Decoder wait done in 0 ms
[ERR] ES_OUT_SET_(GROUP_)PCR  is called 28851 ms late (jitter of 28788 ms ignored)
[DBG] ES_OUT_RESET_PCR called
10:37:37.573 AM [player] buffering 0.0
[DBG] Buffering 0%
10:37:37.574 AM [player] buffering 0.0
[DBG] Buffering 14%
[DBG] Buffering 20%
[DBG] Buffering 23%
[DBG] Buffering 25%
[DBG] Received first picture
10:37:37.581 AM [framestep] nextFrameStepped result=0 time=24243 ms
[DBG] Buffering 28%
[DBG] Buffering 33%
[DBG] Buffering 36%
[DBG] Buffering 40%
[DBG] Buffering 42%
[DBG] Buffering 45%
[DBG] Buffering 50%
[DBG] Buffering 65%
[DBG] Buffering 70%
[DBG] Buffering 74%
[DBG] Buffering 75%
[DBG] Buffering 78%
[DBG] Buffering 83%
[DBG] Buffering 84%
[DBG] Buffering 86%
[DBG] Buffering 90%
[DBG] Buffering 94%
[DBG] Buffering 95%
[DBG] Stream buffering done (1001 ms in 22 ms)
10:37:37.596 AM [player] buffering 1.0
[DBG] Decoder wait done in 0 ms
[ERR] ES_OUT_SET_(GROUP_)PCR  is called 28739 ms late (jitter of 28788 ms ignored)
[DBG] ES_OUT_RESET_PCR called
10:37:37.599 AM [player] buffering 0.0
10:37:37.604 AM [player] buffering 0.0
[DBG] Buffering 0%
[DBG] Buffering 5%
[DBG] Buffering 8%
[DBG] Buffering 13%
[DBG] Buffering 15%
[DBG] Buffering 16%
[DBG] Buffering 20%
[DBG] Buffering 25%
[DBG] Buffering 30%
[DBG] Buffering 44%
[DBG] Buffering 45%
[DBG] Buffering 50%
[DBG] Buffering 53%
[DBG] Buffering 55%
[DBG] Received first picture
10:37:37.617 AM [framestep] nextFrameStepped result=0 time=24243 ms
[DBG] Buffering 58%
[DBG] Buffering 63%
[DBG] Buffering 66%
[DBG] Buffering 70%
[DBG] Buffering 73%
[DBG] Buffering 75%
[DBG] Buffering 80%
[DBG] Buffering 95%
10:37:37.622 AM [player] buffering 1.0
[DBG] Stream buffering done (1001 ms in 18 ms)
[DBG] Decoder wait done in 0 ms
[ERR] ES_OUT_SET_(GROUP_)PCR  is called 28875 ms late (jitter of 28851 ms ignored)
[DBG] ES_OUT_RESET_PCR called
10:37:37.622 AM [player] buffering 0.0
10:37:37.625 AM [player] buffering 0.0
[DBG] Buffering 0%
[DBG] Buffering 5%
[DBG] Buffering 6%
[DBG] Buffering 8%
[DBG] Buffering 11%
[DBG] Buffering 15%
[DBG] Buffering 16%
[DBG] Buffering 21%
[DBG] Buffering 38%
[DBG] Buffering 41%
[DBG] Buffering 46%
[DBG] Received first picture
10:37:37.635 AM [framestep] nextFrameStepped result=0 time=24243 ms
[DBG] Buffering 50%
[DBG] Buffering 55%
[DBG] Buffering 57%
[DBG] Buffering 58%
[DBG] Buffering 61%
[DBG] Buffering 66%
[DBG] Buffering 71%
[DBG] Buffering 86%
[DBG] Buffering 91%
[DBG] Buffering 95%
[DBG] Buffering 96%
10:37:37.643 AM [player] buffering 1.0
[DBG] Stream buffering done (1001 ms in 18 ms)
[DBG] Decoder wait done in 0 ms
[ERR] ES_OUT_SET_(GROUP_)PCR  is called 28896 ms late (jitter of 28875 ms ignored)
[DBG] ES_OUT_RESET_PCR called
10:37:37.644 AM [player] buffering 0.0
10:37:37.644 AM [player] buffering 0.0
[DBG] Buffering 0%
[DBG] Buffering 3%
[DBG] Buffering 6%
[DBG] Buffering 9%
[DBG] Buffering 11%
[DBG] Buffering 16%
[DBG] Buffering 32%
[DBG] Buffering 36%
[DBG] Buffering 41%
[DBG] Received first picture
10:37:37.652 AM [framestep] nextFrameStepped result=0 time=24243 ms
[DBG] Buffering 44%
[DBG] Buffering 49%
[DBG] Buffering 51%
[DBG] Buffering 53%
[DBG] Buffering 56%
[DBG] Buffering 60%
[DBG] Buffering 61%
[DBG] Buffering 66%
[DBG] Buffering 80%
[DBG] Buffering 81%
[DBG] Buffering 86%
[DBG] Buffering 89%
[DBG] Buffering 91%
[DBG] Buffering 94%
[DBG] Buffering 99%
[DBG] Stream buffering done (1031 ms in 20 ms)
10:37:37.665 AM [player] buffering 1.0
[DBG] Decoder wait done in 0 ms
[ERR] ES_OUT_SET_(GROUP_)PCR  is called 28904 ms late (jitter of 28896 ms ignored)
[DBG] ES_OUT_RESET_PCR called
10:37:37.665 AM [player] buffering 0.0
10:37:37.665 AM [player] buffering 0.0
[DBG] Buffering 0%
[DBG] Buffering 2%
[DBG] Buffering 7%
[DBG] Buffering 22%
[DBG] Buffering 27%
[DBG] Buffering 32%
[DBG] Buffering 36%
[DBG] Buffering 41%
[DBG] Buffering 44%
[DBG] Received first picture
10:37:37.672 AM [framestep] nextFrameStepped result=0 time=24243 ms
[DBG] Buffering 47%
[DBG] Buffering 51%
[DBG] Buffering 52%
[DBG] Buffering 57%
[DBG] Buffering 73%
[DBG] Buffering 77%
[DBG] Buffering 82%
[DBG] Buffering 86%
[DBG] Buffering 91%
[DBG] Buffering 92%
[DBG] Buffering 94%
[DBG] Buffering 97%
[DBG] Stream buffering done (1024 ms in 23 ms)
10:37:37.688 AM [player] buffering 1.0
[DBG] Decoder wait done in 0 ms
[ERR] ES_OUT_SET_(GROUP_)PCR  is called 28964 ms late (jitter of 28904 ms ignored)
[DBG] ES_OUT_RESET_PCR called
10:37:37.689 AM [player] buffering 0.0
[DBG] Buffering 0%
10:37:37.690 AM [player] buffering 0.0
[DBG] Buffering 13%
[DBG] Buffering 14%
[DBG] Buffering 20%
[DBG] Buffering 23%
[DBG] Buffering 25%
[DBG] Received first picture
10:37:37.695 AM [framestep] nextFrameStepped result=0 time=24243 ms
[DBG] Buffering 28%
[DBG] Buffering 33%
[DBG] Buffering 36%
[DBG] Buffering 40%
[DBG] Buffering 42%
[DBG] Buffering 45%
[DBG] Buffering 50%
[DBG] Buffering 65%
[DBG] Buffering 70%
[DBG] Buffering 74%
[DBG] Buffering 75%
[DBG] Buffering 78%
[DBG] Buffering 83%
[DBG] Buffering 84%
[DBG] Buffering 86%
[DBG] Buffering 90%
[DBG] Buffering 93%
[DBG] Buffering 95%
[DBG] Stream buffering done (1001 ms in 23 ms)
10:37:37.713 AM [player] buffering 1.0
[DBG] Decoder wait done in 0 ms
[ERR] ES_OUT_SET_(GROUP_)PCR  is called 28856 ms late (jitter of 28904 ms ignored)
[DBG] ES_OUT_RESET_PCR called
10:37:37.714 AM [player] buffering 0.0
10:37:37.716 AM [player] buffering 0.0
[DBG] Buffering 0%
[DBG] Buffering 5%
[DBG] Buffering 8%
[DBG] Buffering 13%
[DBG] Buffering 15%
[DBG] Buffering 16%
[DBG] Buffering 20%
[DBG] Buffering 24%
[DBG] Buffering 25%
[DBG] Buffering 30%
[DBG] Buffering 44%
[DBG] Buffering 50%
[DBG] Buffering 53%
[DBG] Buffering 55%
[DBG] Buffering 58%
[DBG] Buffering 63%
[DBG] Received first picture
10:37:37.727 AM [framestep] nextFrameStepped result=0 time=24243 ms
[DBG] Buffering 66%
[DBG] Buffering 70%
[DBG] Buffering 72%
[DBG] Buffering 75%
[DBG] Buffering 80%
[DBG] Buffering 95%
10:37:37.734 AM [player] buffering 1.0
[DBG] Stream buffering done (1001 ms in 17 ms)
[DBG] Decoder wait done in 0 ms
[ERR] ES_OUT_SET_(GROUP_)PCR  is called 28989 ms late (jitter of 28964 ms ignored)
[DBG] ES_OUT_RESET_PCR called
10:37:37.734 AM [player] buffering 0.0
[DBG] Buffering 0%
10:37:37.734 AM [player] buffering 0.0
[DBG] Buffering 3%
[DBG] Buffering 8%
[DBG] Buffering 9%
[DBG] Buffering 11%
[DBG] Buffering 15%
[DBG] Buffering 19%
[DBG] Buffering 20%
[DBG] Buffering 25%
[DBG] Buffering 41%
[DBG] Buffering 45%
[DBG] Buffering 50%
[DBG] Received first picture
10:37:37.747 AM [framestep] nextFrameStepped result=0 time=24243 ms
[DBG] Buffering 53%
[DBG] Buffering 58%
[DBG] Buffering 60%
[DBG] Buffering 61%
[DBG] Buffering 65%
[DBG] Buffering 70%
[DBG] Buffering 75%
[DBG] Buffering 89%
[DBG] Buffering 90%
[DBG] Buffering 95%
[DBG] Buffering 99%
10:37:37.761 AM [player] buffering 1.0
[DBG] Stream buffering done (1001 ms in 26 ms)
[DBG] Decoder wait done in 0 ms
[ERR] ES_OUT_SET_(GROUP_)PCR  is called 29032 ms late (jitter of 28989 ms ignored)
[DBG] ES_OUT_RESET_PCR called
10:37:37.763 AM [player] buffering 0.0
10:37:37.764 AM [player] buffering 0.0
[DBG] Buffering 0%
[DBG] Buffering 3%
[DBG] Buffering 6%
[DBG] Buffering 9%
[DBG] Buffering 11%
[DBG] Buffering 16%
[DBG] Buffering 32%
[DBG] Buffering 36%
[DBG] Buffering 41%
[DBG] Received first picture
10:37:37.775 AM [framestep] nextFrameStepped result=0 time=24243 ms
[DBG] Buffering 45%
[DBG] Buffering 50%
[DBG] Buffering 51%
[DBG] Buffering 53%
[DBG] Buffering 56%
[DBG] Buffering 61%
[DBG] Buffering 66%
[DBG] Buffering 83%
[DBG] Buffering 86%
[DBG] Buffering 91%
[DBG] Buffering 95%
[DBG] Stream buffering done (1001 ms in 28 ms)
10:37:37.792 AM [player] buffering 1.0
[DBG] Decoder wait done in 0 ms
[ERR] ES_OUT_SET_(GROUP_)PCR  is called 29070 ms late (jitter of 29032 ms ignored)
[DBG] ES_OUT_RESET_PCR called
10:37:37.792 AM [player] buffering 0.0
10:37:37.792 AM [player] buffering 0.0
[DBG] Buffering 0%
[DBG] Buffering 3%
[DBG] Buffering 8%
[DBG] Buffering 13%
[DBG] Buffering 27%
[DBG] Buffering 28%
[DBG] Buffering 33%
[DBG] Buffering 37%
[DBG] Buffering 38%
[DBG] Received first picture
10:37:37.802 AM [framestep] nextFrameStepped result=0 time=24243 ms
[DBG] Buffering 41%
[DBG] Buffering 46%
[DBG] Buffering 47%
[DBG] Buffering 50%
[DBG] Buffering 53%
[DBG] Buffering 56%
[DBG] Buffering 58%
[DBG] Buffering 63%
[DBG] Buffering 79%
[DBG] Buffering 83%
[DBG] Buffering 88%
[DBG] Buffering 91%
[DBG] Buffering 96%
[DBG] Buffering 98%
[DBG] Stream buffering done (1001 ms in 23 ms)
10:37:37.815 AM [player] buffering 1.0
[DBG] Decoder wait done in 0 ms
[ERR] ES_OUT_SET_(GROUP_)PCR  is called 29086 ms late (jitter of 29070 ms ignored)
[DBG] ES_OUT_RESET_PCR called
10:37:37.816 AM [player] buffering 0.0
10:37:37.818 AM [player] buffering 0.0
[DBG] Buffering 0%
[DBG] Buffering 5%
[DBG] Buffering 19%
[DBG] Buffering 20%
[DBG] Buffering 25%
[DBG] Buffering 28%
[DBG] Received first picture
10:37:37.826 AM [framestep] nextFrameStepped result=0 time=24243 ms
[DBG] Buffering 30%
[DBG] Buffering 33%
[DBG] Buffering 38%
[DBG] Buffering 42%
[DBG] Buffering 45%
[DBG] Buffering 48%
[DBG] Buffering 50%
[DBG] Buffering 55%
[DBG] Buffering 70%
[DBG] Buffering 75%
[DBG] Buffering 80%
[DBG] Buffering 83%
[DBG] Buffering 88%
[DBG] Buffering 89%
[DBG] Buffering 92%
[DBG] Buffering 95%
[DBG] Buffering 99%
10:37:37.842 AM [player] buffering 1.0
[DBG] Stream buffering done (1006 ms in 23 ms)
[DBG] Decoder wait done in 0 ms
[ERR] ES_OUT_SET_(GROUP_)PCR  is called 29090 ms late (jitter of 29086 ms ignored)
[DBG] ES_OUT_RESET_PCR called
10:37:37.843 AM [player] buffering 0.0
10:37:37.845 AM [player] buffering 0.0
[DBG] Buffering 0%
[DBG] Buffering 4%
[DBG] Buffering 9%
[DBG] Buffering 12%
[DBG] Buffering 17%
[DBG] Buffering 19%
[DBG] Buffering 20%
[DBG] Buffering 24%
[DBG] Buffering 28%
[DBG] Buffering 29%
[DBG] Received first picture
10:37:37.849 AM [framestep] nextFrameStepped result=0 time=24243 ms
[DBG] Buffering 34%
[DBG] Buffering 48%
[DBG] Buffering 49%
[DBG] Buffering 54%
[DBG] Buffering 57%
[DBG] Buffering 59%
[DBG] Buffering 62%
[DBG] Buffering 67%
[DBG] Buffering 70%
[DBG] Buffering 74%
[DBG] Buffering 76%
[DBG] Buffering 79%
[DBG] Buffering 84%
[DBG] Buffering 99%
10:37:37.872 AM [player] buffering 1.0
[DBG] Stream buffering done (1041 ms in 26 ms)
[DBG] Decoder wait done in 0 ms
[ERR] ES_OUT_SET_(GROUP_)PCR  is called 29088 ms late (jitter of 29088 ms ignored)
[DBG] ES_OUT_RESET_PCR called
10:37:37.872 AM [player] buffering 0.0
10:37:37.872 AM [player] buffering 0.0
[DBG] Buffering 0%
[DBG] Buffering 3%
[DBG] Buffering 8%
[DBG] Buffering 9%
[DBG] Buffering 11%
[DBG] Buffering 15%
[DBG] Buffering 18%
[DBG] Buffering 20%
[DBG] Buffering 25%
[DBG] Buffering 41%
[DBG] Buffering 45%
[DBG] Buffering 50%
[DBG] Received first picture
10:37:37.881 AM [framestep] nextFrameStepped result=0 time=24243 ms
[DBG] Buffering 53%
[DBG] Buffering 58%
[DBG] Buffering 60%
[DBG] Buffering 61%
[DBG] Buffering 65%
[DBG] Buffering 70%
[DBG] Buffering 75%
[DBG] Buffering 89%
[DBG] Buffering 90%
[DBG] Buffering 95%
[DBG] Buffering 98%
[DBG] Stream buffering done (1001 ms in 28 ms)
10:37:37.900 AM [player] buffering 1.0
[DBG] Decoder wait done in 0 ms
[ERR] ES_OUT_SET_(GROUP_)PCR  is called 29170 ms late (jitter of 29090 ms ignored)
[DBG] ES_OUT_RESET_PCR called
10:37:37.901 AM [player] buffering 0.0
[DBG] Buffering 0%
10:37:37.901 AM [player] buffering 0.0
[DBG] Buffering 3%
[DBG] Buffering 6%
[DBG] Buffering 9%
[DBG] Buffering 11%
[DBG] Buffering 16%
[DBG] Buffering 32%
[DBG] Buffering 36%
[DBG] Buffering 41%
[DBG] Buffering 45%
[DBG] Buffering 50%
[DBG] Buffering 51%
[DBG] Buffering 53%
[DBG] Buffering 56%
[DBG] Received first picture
[DBG] Buffering 60%
10:37:37.920 AM [framestep] nextFrameStepped result=0 time=24243 ms
[DBG] Buffering 61%
[DBG] Buffering 66%
[DBG] Buffering 83%
[DBG] Buffering 86%
[DBG] Buffering 91%
[DBG] Buffering 95%
10:37:37.940 AM [player] buffering 1.0
[DBG] Stream buffering done (1001 ms in 38 ms)
[DBG] Decoder wait done in 0 ms
[ERR] ES_OUT_SET_(GROUP_)PCR  is called 29220 ms late (jitter of 29170 ms ignored)
[DBG] ES_OUT_RESET_PCR called
10:37:37.940 AM [player] buffering 0.0
10:37:37.940 AM [player] buffering 0.0
[DBG] Buffering 0%
[DBG] Buffering 3%
[DBG] Buffering 8%
[DBG] Buffering 13%
[DBG] Buffering 27%
[DBG] Buffering 28%
[DBG] Buffering 33%
[DBG] Buffering 37%
[DBG] Buffering 38%
[DBG] Buffering 41%
[DBG] Buffering 46%
[DBG] Buffering 47%
[DBG] Buffering 50%
[DBG] Received first picture
10:37:37.952 AM [framestep] nextFrameStepped result=0 time=24243 ms
[DBG] Buffering 53%
[DBG] Buffering 56%
[DBG] Buffering 58%
[DBG] Buffering 63%
[DBG] Buffering 79%
[DBG] Buffering 83%
[DBG] Buffering 88%
[DBG] Buffering 91%
[DBG] Buffering 96%
[DBG] Buffering 98%
10:37:37.962 AM [player] buffering 1.0
[DBG] Stream buffering done (1001 ms in 21 ms)
[DBG] Decoder wait done in 0 ms
[ERR] ES_OUT_SET_(GROUP_)PCR  is called 29232 ms late (jitter of 29220 ms ignored)
[DBG] ES_OUT_RESET_PCR called
10:37:37.963 AM [player] buffering 0.0
10:37:37.963 AM [player] buffering 0.0
[DBG] Buffering 0%
[DBG] Buffering 5%
[DBG] Buffering 19%
[DBG] Buffering 20%
[DBG] Buffering 25%
[DBG] Buffering 28%
[DBG] Buffering 30%
[DBG] Buffering 34%
[DBG] Buffering 38%
[DBG] Buffering 39%
[DBG] Received first picture
10:37:37.973 AM [framestep] nextFrameStepped result=0 time=24243 ms
[DBG] Buffering 42%
[DBG] Buffering 45%
[DBG] Buffering 48%
[DBG] Buffering 50%
[DBG] Buffering 55%
[DBG] Buffering 70%
[DBG] Buffering 75%
[DBG] Buffering 80%
[DBG] Buffering 84%
[DBG] Buffering 89%
[DBG] Buffering 92%
[DBG] Buffering 95%
[DBG] Buffering 99%
[DBG] Stream buffering done (1008 ms in 19 ms)
10:37:37.983 AM [player] buffering 1.0
[DBG] Decoder wait done in 0 ms
[ERR] ES_OUT_SET_(GROUP_)PCR  is called 29229 ms late (jitter of 29229 ms ignored)
[DBG] ES_OUT_RESET_PCR called
10:37:37.983 AM [player] buffering 0.0
10:37:37.995 AM [player] buffering 0.0
[DBG] Buffering 0%
[DBG] Buffering 4%
[DBG] Buffering 9%
[DBG] Received first picture
10:37:37.999 AM [framestep] nextFrameStepped result=0 time=24243 ms
[DBG] Buffering 12%
[DBG] Buffering 17%
[DBG] Buffering 19%
[DBG] Buffering 20%
[DBG] Buffering 24%
[DBG] Buffering 28%
[DBG] Buffering 29%
[DBG] Buffering 34%
[DBG] Buffering 48%
[DBG] Buffering 49%
[DBG] Buffering 54%
[DBG] Buffering 57%
[DBG] Buffering 59%
[DBG] Buffering 62%
[DBG] Buffering 67%
[DBG] Buffering 70%
[DBG] Buffering 74%
[DBG] Buffering 76%
[DBG] Buffering 79%
[DBG] Buffering 84%
[DBG] Buffering 99%
[DBG] Stream buffering done (1043 ms in 31 ms)
10:37:38.026 AM [player] buffering 1.0
[DBG] Decoder wait done in 0 ms
[ERR] ES_OUT_SET_(GROUP_)PCR  is called 29242 ms late (jitter of 29232 ms ignored)
[DBG] ES_OUT_RESET_PCR called
10:37:38.026 AM [player] buffering 0.0
[DBG] Buffering 0%
10:37:38.026 AM [player] buffering 0.0
[DBG] Buffering 3%
[DBG] Buffering 8%
[DBG] Buffering 9%
[DBG] Buffering 11%
[DBG] Buffering 15%
[DBG] Buffering 18%
[DBG] Buffering 20%
[DBG] Buffering 25%
[DBG] Buffering 41%
[DBG] Buffering 45%
[DBG] Buffering 50%
[DBG] Received first picture
10:37:38.039 AM [framestep] nextFrameStepped result=0 time=24243 ms
[DBG] Buffering 53%
[DBG] Buffering 58%
[DBG] Buffering 60%
[DBG] Buffering 61%
[DBG] Buffering 65%
[DBG] Buffering 69%
[DBG] Buffering 70%
[DBG] Buffering 75%
[DBG] Buffering 89%
[DBG] Buffering 90%
[DBG] Buffering 95%
[DBG] Buffering 98%
10:37:38.048 AM [player] buffering 1.0
[DBG] Stream buffering done (1001 ms in 21 ms)
[DBG] Decoder wait done in 0 ms
[ERR] ES_OUT_SET_(GROUP_)PCR  is called 29326 ms late (jitter of 29242 ms ignored)
[DBG] ES_OUT_RESET_PCR called
10:37:38.057 AM [player] buffering 0.0
[DBG] Buffering 0%
10:37:38.057 AM [player] buffering 0.0
[DBG] Buffering 3%
[DBG] Buffering 6%
[DBG] Buffering 9%
[DBG] Buffering 11%
[DBG] Buffering 16%
[DBG] Buffering 32%
[DBG] Buffering 36%
[DBG] Buffering 41%
[DBG] Buffering 45%
[DBG] Received first picture
10:37:38.065 AM [framestep] nextFrameStepped result=0 time=24243 ms
[DBG] Buffering 50%
[DBG] Buffering 51%
[DBG] Buffering 53%
[DBG] Buffering 56%
[DBG] Buffering 60%
[DBG] Buffering 61%
[DBG] Buffering 66%
[DBG] Buffering 83%
[DBG] Buffering 86%
[DBG] Buffering 91%
[DBG] Buffering 95%
10:37:38.077 AM [player] buffering 1.0
[DBG] Stream buffering done (1002 ms in 20 ms)
[DBG] Decoder wait done in 0 ms
[ERR] ES_OUT_SET_(GROUP_)PCR  is called 29357 ms late (jitter of 29326 ms ignored)
[DBG] ES_OUT_RESET_PCR called
10:37:38.077 AM [player] buffering 0.0
[DBG] Buffering 0%
10:37:38.078 AM [player] buffering 0.0
[DBG] Buffering 3%
[DBG] Buffering 8%
[DBG] Buffering 13%
[DBG] Buffering 27%
[DBG] Buffering 28%
[DBG] Buffering 33%
[DBG] Buffering 37%
[DBG] Buffering 38%
[DBG] Received first picture
10:37:38.088 AM [framestep] nextFrameStepped result=0 time=24243 ms
[DBG] Buffering 41%
[DBG] Buffering 46%
[DBG] Buffering 50%
[DBG] Buffering 53%
[DBG] Buffering 56%
[DBG] Buffering 58%
[DBG] Buffering 63%
[DBG] Buffering 78%
[DBG] Buffering 83%
[DBG] Buffering 88%
[DBG] Buffering 91%
[DBG] Buffering 96%
[DBG] Buffering 98%
[DBG] Stream buffering done (1001 ms in 23 ms)
10:37:38.101 AM [player] buffering 1.0
[DBG] Decoder wait done in 0 ms
[ERR] ES_OUT_SET_(GROUP_)PCR  is called 29371 ms late (jitter of 29357 ms ignored)
[DBG] ES_OUT_RESET_PCR called
10:37:38.102 AM [player] buffering 0.0
[DBG] Buffering 0%
10:37:38.102 AM [player] buffering 0.0
[DBG] Buffering 5%
[DBG] Buffering 22%
[DBG] Buffering 25%
[DBG] Buffering 30%
[DBG] Buffering 34%
[DBG] Buffering 39%
[DBG] Received first picture
10:37:38.110 AM [framestep] nextFrameStepped result=0 time=24243 ms
[DBG] Buffering 41%
[DBG] Buffering 42%
[DBG] Buffering 45%
[DBG] Buffering 50%
[DBG] Buffering 55%
[DBG] Buffering 70%
[DBG] Buffering 75%
[DBG] Buffering 80%
[DBG] Buffering 84%
[DBG] Buffering 89%
[DBG] Buffering 92%
[DBG] Buffering 95%
[DBG] Buffering 99%
10:37:38.134 AM [player] buffering 1.0
[DBG] Stream buffering done (1009 ms in 31 ms)
[DBG] Decoder wait done in 0 ms
[ERR] ES_OUT_SET_(GROUP_)PCR  is called 29378 ms late (jitter of 29371 ms ignored)
[DBG] ES_OUT_RESET_PCR called
10:37:38.134 AM [player] buffering 0.0
[DBG] Buffering 0%
10:37:38.136 AM [player] buffering 0.0
[DBG] Buffering 4%
[DBG] Buffering 9%
[DBG] Buffering 12%
[DBG] Buffering 17%
[DBG] Received first picture
10:37:38.140 AM [framestep] nextFrameStepped result=0 time=24243 ms
[DBG] Buffering 19%
[DBG] Buffering 21%
[DBG] Buffering 24%
[DBG] Buffering 28%
[DBG] Buffering 29%
[DBG] Buffering 34%
[DBG] Buffering 48%
[DBG] Buffering 49%
[DBG] Buffering 54%
[DBG] Buffering 57%
[DBG] Buffering 59%
[DBG] Buffering 62%
[DBG] Buffering 67%
[DBG] Buffering 71%
[DBG] Buffering 74%
[DBG] Buffering 76%
[DBG] Buffering 79%
[DBG] Buffering 84%
[DBG] Buffering 99%
10:37:38.159 AM [player] buffering 1.0
[DBG] Stream buffering done (1044 ms in 23 ms)
[DBG] Decoder wait done in 0 ms
[ERR] ES_OUT_SET_(GROUP_)PCR  is called 29375 ms late (jitter of 29375 ms ignored)
[DBG] ES_OUT_RESET_PCR called
10:37:38.160 AM [player] buffering 0.0
[DBG] Buffering 0%
10:37:38.160 AM [player] buffering 0.0
[DBG] Buffering 3%
[DBG] Buffering 8%
[DBG] Buffering 9%
[DBG] Buffering 11%
[DBG] Buffering 15%
[DBG] Buffering 18%
[DBG] Buffering 20%
[DBG] Buffering 25%
[DBG] Buffering 41%
[DBG] Buffering 45%
[DBG] Buffering 50%
[DBG] Buffering 53%
[DBG] Buffering 58%
[DBG] Buffering 60%
[DBG] Buffering 61%
[DBG] Received first picture
10:37:38.174 AM [framestep] nextFrameStepped result=0 time=24243 ms
[DBG] Buffering 65%
[DBG] Buffering 69%
[DBG] Buffering 70%
[DBG] Buffering 75%
[DBG] Buffering 89%
[DBG] Buffering 90%
[DBG] Buffering 95%
[DBG] Buffering 98%
10:37:38.182 AM [player] buffering 1.0
[DBG] Stream buffering done (1001 ms in 22 ms)
[DBG] Decoder wait done in 0 ms
[ERR] ES_OUT_SET_(GROUP_)PCR  is called 29452 ms late (jitter of 29378 ms ignored)
[DBG] ES_OUT_RESET_PCR called
10:37:38.182 AM [player] buffering 0.0
10:37:38.182 AM [player] buffering 0.0
[DBG] Buffering 0%
[DBG] Buffering 3%
[DBG] Buffering 6%
[DBG] Buffering 9%
[DBG] Buffering 12%
[DBG] Buffering 17%
[DBG] Buffering 32%
[DBG] Buffering 37%
[DBG] Buffering 41%
[DBG] Buffering 42%
[DBG] Received first picture
10:37:38.190 AM [framestep] nextFrameStepped result=0 time=24243 ms
[DBG] Buffering 45%
[DBG] Buffering 50%
[DBG] Buffering 51%
[DBG] Buffering 53%
[DBG] Buffering 57%
[DBG] Buffering 60%
[DBG] Buffering 62%
[DBG] Buffering 67%
[DBG] Buffering 83%
[DBG] Buffering 87%
[DBG] Buffering 92%
[DBG] Buffering 95%
[DBG] Stream buffering done (1004 ms in 16 ms)
10:37:38.199 AM [player] buffering 1.0
[DBG] Decoder wait done in 0 ms
[ERR] ES_OUT_SET_(GROUP_)PCR  is called 29479 ms late (jitter of 29452 ms ignored)
[DBG] ES_OUT_RESET_PCR called
10:37:38.199 AM [player] buffering 0.0
[DBG] Buffering 0%
10:37:38.199 AM [player] buffering 0.0
[DBG] Buffering 3%
[DBG] Buffering 8%
[DBG] Buffering 13%
[DBG] Buffering 27%
[DBG] Buffering 28%
[DBG] Buffering 33%
[DBG] Received first picture
[DBG] Buffering 37%
10:37:38.209 AM [framestep] nextFrameStepped result=0 time=24243 ms
[DBG] Buffering 38%
[DBG] Buffering 41%
[DBG] Buffering 46%
[DBG] Buffering 50%
[DBG] Buffering 53%
[DBG] Buffering 56%
[DBG] Buffering 58%
[DBG] Buffering 63%
[DBG] Buffering 78%
[DBG] Buffering 83%
[DBG] Buffering 88%
[DBG] Buffering 91%
[DBG] Buffering 96%
[DBG] Buffering 97%
[DBG] Stream buffering done (1001 ms in 26 ms)
10:37:38.226 AM [player] buffering 1.0
[DBG] Decoder wait done in 0 ms
[ERR] ES_OUT_SET_(GROUP_)PCR  is called 29497 ms late (jitter of 29479 ms ignored)
[DBG] ES_OUT_RESET_PCR called
10:37:38.228 AM [player] buffering 0.0
10:37:38.228 AM [player] buffering 0.0
[DBG] Buffering 0%
[DBG] Buffering 1%
[DBG] Buffering 6%
[DBG] Buffering 22%
[DBG] Buffering 26%
[DBG] Buffering 31%
[DBG] Received first picture
10:37:38.234 AM [framestep] nextFrameStepped result=0 time=24243 ms
[DBG] Buffering 34%
[DBG] Buffering 39%
[DBG] Buffering 41%
[DBG] Buffering 42%
[DBG] Buffering 46%
[DBG] Buffering 51%
[DBG] Buffering 56%
[DBG] Buffering 70%
[DBG] Buffering 76%
[DBG] Buffering 80%
[DBG] Buffering 81%
[DBG] Buffering 84%
[DBG] Buffering 89%
[DBG] Buffering 92%
[DBG] Buffering 96%
[DBG] Buffering 99%
[DBG] Stream buffering done (1011 ms in 30 ms)
10:37:38.258 AM [player] buffering 1.0
[DBG] Decoder wait done in 0 ms
[ERR] ES_OUT_SET_(GROUP_)PCR  is called 29501 ms late (jitter of 29497 ms ignored)
[DBG] ES_OUT_RESET_PCR called
10:37:38.258 AM [player] buffering 0.0
10:37:38.261 AM [player] buffering 0.0
[DBG] Buffering 0%
[DBG] Buffering 4%
[DBG] Buffering 9%
[DBG] Received first picture
10:37:38.266 AM [framestep] nextFrameStepped result=0 time=24243 ms
[DBG] Buffering 12%
[DBG] Buffering 17%
[DBG] Buffering 19%
[DBG] Buffering 21%
[DBG] Buffering 24%
[DBG] Buffering 28%
[DBG] Buffering 29%
[DBG] Buffering 34%
[DBG] Buffering 48%
[DBG] Buffering 49%
[DBG] Buffering 54%
[DBG] Buffering 57%
[DBG] Buffering 59%
[DBG] Buffering 62%
[DBG] Buffering 67%
[DBG] Buffering 71%
[DBG] Buffering 74%
[DBG] Buffering 76%
[DBG] Buffering 79%
[DBG] Buffering 84%
[DBG] Buffering 99%
[DBG] Stream buffering done (1046 ms in 31 ms)
10:37:38.292 AM [player] buffering 1.0
[DBG] Decoder wait done in 0 ms
[ERR] ES_OUT_SET_(GROUP_)PCR  is called 29508 ms late (jitter of 29501 ms ignored)
[DBG] ES_OUT_RESET_PCR called
10:37:38.292 AM [player] buffering 0.0
[DBG] Buffering 0%
10:37:38.293 AM [player] buffering 0.0
[DBG] Buffering 3%
[DBG] Buffering 8%
[DBG] Buffering 11%
[DBG] Buffering 15%
[DBG] Buffering 18%
[DBG] Buffering 20%
[DBG] Buffering 25%
[DBG] Buffering 40%
[DBG] Received first picture
10:37:38.307 AM [framestep] nextFrameStepped result=0 time=24243 ms
[DBG] Buffering 45%
[DBG] Buffering 50%
[DBG] Buffering 53%
[DBG] Buffering 58%
[DBG] Buffering 60%
[DBG] Buffering 61%
[DBG] Buffering 65%
[DBG] Buffering 69%
[DBG] Buffering 70%
[DBG] Buffering 75%
[DBG] Buffering 88%
[DBG] Buffering 90%
[DBG] Buffering 95%
[DBG] Buffering 98%
[DBG] Stream buffering done (1001 ms in 39 ms)
10:37:38.332 AM [player] buffering 1.0
[DBG] Decoder wait done in 0 ms
[ERR] ES_OUT_SET_(GROUP_)PCR  is called 29602 ms late (jitter of 29508 ms ignored)
[DBG] ES_OUT_RESET_PCR called
10:37:38.333 AM [player] buffering 0.0
[DBG] Buffering 0%
10:37:38.333 AM [player] buffering 0.0
[DBG] Buffering 3%
[DBG] Buffering 7%
[DBG] Buffering 9%
[DBG] Buffering 12%
[DBG] Buffering 17%
[DBG] Buffering 32%
[DBG] Buffering 37%
[DBG] Buffering 41%
[DBG] Buffering 42%
[DBG] Received first picture
10:37:38.344 AM [framestep] nextFrameStepped result=0 time=24243 ms
[DBG] Buffering 45%
[DBG] Buffering 50%
[DBG] Buffering 51%
[DBG] Buffering 53%
[DBG] Buffering 57%
[DBG] Buffering 60%
[DBG] Buffering 62%
[DBG] Buffering 67%
[DBG] Buffering 83%
[DBG] Buffering 87%
[DBG] Buffering 92%
[DBG] Buffering 95%
[DBG] Stream buffering done (1005 ms in 31 ms)
10:37:38.365 AM [player] buffering 1.0
[DBG] Decoder wait done in 0 ms
[ERR] ES_OUT_SET_(GROUP_)PCR  is called 29645 ms late (jitter of 29602 ms ignored)
[DBG] ES_OUT_RESET_PCR called
10:37:38.365 AM [player] buffering 0.0
[DBG] Buffering 0%
10:37:38.365 AM [player] buffering 0.0
[DBG] Buffering 3%
[DBG] Buffering 8%
[DBG] Buffering 13%
[DBG] Buffering 27%
[DBG] Buffering 28%
[DBG] Buffering 33%
[DBG] Buffering 36%
[DBG] Buffering 38%
[DBG] Buffering 41%
[DBG] Buffering 46%
[DBG] Received first picture
10:37:38.374 AM [framestep] nextFrameStepped result=0 time=24243 ms
[DBG] Buffering 50%
[DBG] Buffering 53%
[DBG] Buffering 56%
[DBG] Buffering 58%
[DBG] Buffering 63%
[DBG] Buffering 78%
[DBG] Buffering 83%
[DBG] Buffering 88%
[DBG] Buffering 91%
[DBG] Buffering 96%
[DBG] Buffering 97%
[DBG] Stream buffering done (1001 ms in 18 ms)
10:37:38.384 AM [player] buffering 1.0
[DBG] Decoder wait done in 0 ms
[ERR] ES_OUT_SET_(GROUP_)PCR  is called 29653 ms late (jitter of 29645 ms ignored)
[DBG] ES_OUT_RESET_PCR called
10:37:38.384 AM [player] buffering 0.0
10:37:38.384 AM [player] buffering 0.0
[DBG] Buffering 0%
[DBG] Buffering 1%
[DBG] Buffering 6%
[DBG] Buffering 22%
[DBG] Buffering 26%
[DBG] Buffering 31%
[DBG] Received first picture
10:37:38.393 AM [framestep] nextFrameStepped result=0 time=24243 ms
[DBG] Buffering 34%
[DBG] Buffering 39%
[DBG] Buffering 41%
[DBG] Buffering 42%
[DBG] Buffering 46%
[DBG] Buffering 51%
[DBG] Buffering 56%
[DBG] Buffering 70%
[DBG] Buffering 71%
[DBG] Buffering 76%
[DBG] Buffering 80%
[DBG] Buffering 81%
[DBG] Buffering 84%
[DBG] Buffering 89%
[DBG] Buffering 92%
[DBG] Buffering 96%
[DBG] Buffering 99%
10:37:38.406 AM [player] buffering 1.0
[DBG] Stream buffering done (1012 ms in 22 ms)
[DBG] Decoder wait done in 0 ms
[ERR] ES_OUT_SET_(GROUP_)PCR  is called 29648 ms late (jitter of 29648 ms ignored)
[DBG] ES_OUT_RESET_PCR called
10:37:38.407 AM [player] buffering 0.0
10:37:38.408 AM [player] buffering 0.0
[DBG] Buffering 0%
[DBG] Buffering 4%
[DBG] Buffering 9%
[DBG] Received first picture
10:37:38.414 AM [framestep] nextFrameStepped result=0 time=24243 ms
[DBG] Buffering 12%
[DBG] Buffering 18%
[DBG] Buffering 19%
[DBG] Buffering 21%
[DBG] Buffering 24%
[DBG] Buffering 28%
[DBG] Buffering 29%
[DBG] Buffering 34%
[DBG] Buffering 51%
[DBG] Buffering 54%
[DBG] Buffering 59%
[DBG] Buffering 63%
[DBG] Buffering 68%
[DBG] Buffering 70%
[DBG] Buffering 71%
[DBG] Buffering 74%
[DBG] Buffering 79%
[DBG] Buffering 84%
[DBG] Buffering 99%
[DBG] Stream buffering done (1047 ms in 25 ms)
10:37:38.433 AM [player] buffering 1.0
[DBG] Decoder wait done in 0 ms
[ERR] ES_OUT_SET_(GROUP_)PCR  is called 29649 ms late (jitter of 29649 ms ignored)
[DBG] ES_OUT_RESET_PCR called
10:37:38.433 AM [player] buffering 0.0
[DBG] Buffering 0%
10:37:38.433 AM [player] buffering 0.0
[DBG] Buffering 3%
[DBG] Buffering 8%
[DBG] Buffering 11%
[DBG] Buffering 15%
[DBG] Buffering 18%
[DBG] Buffering 20%
[DBG] Buffering 25%
[DBG] Buffering 40%
[DBG] Buffering 45%
[DBG] Buffering 50%
[DBG] Buffering 53%
[DBG] Buffering 58%
[DBG] Buffering 59%
[DBG] Buffering 61%
[DBG] Received first picture
10:37:38.445 AM [framestep] nextFrameStepped result=0 time=24243 ms
[DBG] Buffering 65%
[DBG] Buffering 69%
[DBG] Buffering 70%
[DBG] Buffering 75%
[DBG] Buffering 88%
[DBG] Buffering 90%
[DBG] Buffering 95%
[DBG] Buffering 98%
[DBG] Stream buffering done (1001 ms in 17 ms)
10:37:38.450 AM [player] buffering 1.0
[DBG] Decoder wait done in 0 ms
[ERR] ES_OUT_SET_(GROUP_)PCR  is called 29728 ms late (jitter of 29649 ms ignored)
[DBG] ES_OUT_RESET_PCR called
10:37:38.459 AM [player] buffering 0.0
10:37:38.459 AM [player] buffering 0.0
[DBG] Buffering 0%
[DBG] Buffering 3%
[DBG] Buffering 7%
[DBG] Buffering 9%
[DBG] Buffering 12%
[DBG] Buffering 17%
[DBG] Buffering 32%
[DBG] Buffering 37%
[DBG] Buffering 41%
[DBG] Buffering 42%
[DBG] Buffering 45%
[DBG] Buffering 50%
[DBG] Buffering 51%
[DBG] Buffering 54%
[DBG] Received first picture
10:37:38.468 AM [framestep] nextFrameStepped result=0 time=24243 ms
[DBG] Buffering 57%
[DBG] Buffering 60%
[DBG] Buffering 62%
[DBG] Buffering 67%
[DBG] Buffering 83%
[DBG] Buffering 87%
[DBG] Buffering 92%
[DBG] Buffering 95%
[DBG] Stream buffering done (1007 ms in 16 ms)
10:37:38.476 AM [player] buffering 1.0
[DBG] Decoder wait done in 0 ms
[ERR] ES_OUT_SET_(GROUP_)PCR  is called 29756 ms late (jitter of 29728 ms ignored)
[DBG] ES_OUT_RESET_PCR called
10:37:38.476 AM [player] buffering 0.0
[DBG] Buffering 0%
10:37:38.476 AM [player] buffering 0.0
[DBG] Buffering 3%
[DBG] Buffering 8%
[DBG] Buffering 13%
[DBG] Buffering 27%
[DBG] Buffering 28%
[DBG] Buffering 33%
[DBG] Buffering 36%
[DBG] Buffering 38%
[DBG] Received first picture
10:37:38.484 AM [framestep] nextFrameStepped result=0 time=24243 ms
[DBG] Buffering 41%
[DBG] Buffering 46%
[DBG] Buffering 50%
[DBG] Buffering 53%
[DBG] Buffering 56%
[DBG] Buffering 58%
[DBG] Buffering 63%
[DBG] Buffering 78%
[DBG] Buffering 83%
[DBG] Buffering 88%
[DBG] Buffering 91%
[DBG] Buffering 96%
[DBG] Buffering 97%
[DBG] Stream buffering done (1001 ms in 21 ms)
10:37:38.498 AM [player] buffering 1.0
[DBG] Decoder wait done in 0 ms
[ERR] ES_OUT_SET_(GROUP_)PCR  is called 29767 ms late (jitter of 29756 ms ignored)
[DBG] ES_OUT_RESET_PCR called
10:37:38.498 AM [player] buffering 0.0
10:37:38.498 AM [player] buffering 0.0
[DBG] Buffering 0%
[DBG] Buffering 1%
[DBG] Buffering 6%
[DBG] Buffering 22%
[DBG] Received first picture
10:37:38.515 AM [framestep] nextFrameStepped result=0 time=24243 ms
[DBG] Buffering 26%
[DBG] Buffering 31%
[DBG] Buffering 34%
[DBG] Buffering 39%
[DBG] Buffering 41%
[DBG] Buffering 43%
[DBG] Buffering 46%
[DBG] Buffering 51%
[DBG] Buffering 56%
[DBG] Buffering 70%
[DBG] Buffering 71%
[DBG] Buffering 76%
[DBG] Buffering 80%
[DBG] Buffering 81%
[DBG] Buffering 84%
[DBG] Buffering 89%
[DBG] Buffering 93%
[DBG] Buffering 96%
[DBG] Buffering 99%
10:37:38.543 AM [player] buffering 1.0
[DBG] Stream buffering done (1014 ms in 45 ms)
[DBG] Decoder wait done in 0 ms
[ERR] ES_OUT_SET_(GROUP_)PCR  is called 29783 ms late (jitter of 29767 ms ignored)
[DBG] ES_OUT_RESET_PCR called
10:37:38.544 AM [player] buffering 0.0
[DBG] Buffering 0%
10:37:38.546 AM [player] buffering 0.0
[DBG] Received first picture
10:37:38.551 AM [framestep] nextFrameStepped result=0 time=24243 ms
[DBG] Buffering 4%
[DBG] Buffering 9%
[DBG] Buffering 13%
[DBG] Buffering 18%
[DBG] Buffering 19%
[DBG] Buffering 21%
[DBG] Buffering 28%
[DBG] Buffering 29%
[DBG] Buffering 33%
[DBG] Buffering 36%
[DBG] Buffering 43%
[DBG] Buffering 46%
[DBG] Buffering 60%
[DBG] Buffering 61%
[DBG] Buffering 68%
[DBG] Buffering 70%
[DBG] Buffering 71%
[DBG] Buffering 74%
[DBG] Buffering 79%
[DBG] Buffering 84%
[DBG] Buffering 99%
[DBG] Stream buffering done (1049 ms in 29 ms)
10:37:38.576 AM [player] buffering 1.0
[DBG] Decoder wait done in 0 ms
[ERR] ES_OUT_SET_(GROUP_)PCR  is called 29792 ms late (jitter of 29783 ms ignored)
[DBG] ES_OUT_RESET_PCR called
10:37:38.576 AM [player] buffering 0.0
[DBG] Buffering 0%
10:37:38.577 AM [player] buffering 0.0
[DBG] Buffering 3%
[DBG] Buffering 8%
[DBG] Buffering 11%
[DBG] Buffering 15%
[DBG] Buffering 18%
[DBG] Buffering 20%
[DBG] Buffering 25%
[DBG] Buffering 40%
[DBG] Buffering 45%
[DBG] Buffering 50%
[DBG] Received first picture
10:37:38.593 AM [framestep] nextFrameStepped result=0 time=24243 ms
[DBG] Buffering 53%
[DBG] Buffering 58%
[DBG] Buffering 59%
[DBG] Buffering 61%
[DBG] Buffering 65%
[DBG] Buffering 69%
[DBG] Buffering 70%
[DBG] Buffering 75%
[DBG] Buffering 91%
[DBG] Buffering 95%
[DBG] Stream buffering done (1001 ms in 25 ms)
10:37:38.602 AM [player] buffering 1.0
[DBG] Decoder wait done in 0 ms
[ERR] ES_OUT_SET_(GROUP_)PCR  is called 29872 ms late (jitter of 29792 ms ignored)
[DBG] ES_OUT_RESET_PCR called
10:37:38.603 AM [player] buffering 0.0
[DBG] Buffering 0%
10:37:38.603 AM [player] buffering 0.0
[DBG] Buffering 2%
[DBG] Buffering 3%
[DBG] Buffering 6%
[DBG] Buffering 11%
[DBG] Buffering 16%
[DBG] Buffering 31%
[DBG] Received first picture
10:37:38.609 AM [framestep] nextFrameStepped result=0 time=24243 ms
[DBG] Buffering 36%
[DBG] Buffering 40%
[DBG] Buffering 41%
[DBG] Buffering 45%
[DBG] Buffering 50%
[DBG] Buffering 53%
[DBG] Buffering 56%
[DBG] Buffering 60%
[DBG] Buffering 61%
[DBG] Buffering 65%
[DBG] Buffering 68%
[DBG] New Chapter 252886000 uid=4630607874739235236
[DBG] Buffering 72%
[DBG] Buffering 75%
[DBG] Buffering 78%
[DBG] Buffering 81%
[DBG] Buffering 86%
[DBG] Buffering 91%
[DBG] Buffering 95%
10:37:38.623 AM [player] buffering 1.0
[DBG] Stream buffering done (1001 ms in 19 ms)
[DBG] Decoder wait done in 0 ms
[ERR] ES_OUT_SET_(GROUP_)PCR  is called 29910 ms late (jitter of 29872 ms ignored)
[DBG] ES_OUT_RESET_PCR called
10:37:38.623 AM [player] buffering 0.0
10:37:38.623 AM [player] buffering 0.0
[DBG] Buffering 0%
[DBG] Buffering 3%
[DBG] Buffering 7%
[DBG] Buffering 8%
[DBG] Buffering 13%
[DBG] Buffering 27%
[DBG] Buffering 28%
[DBG] Buffering 33%
[DBG] Received first picture
10:37:38.645 AM [framestep] nextFrameStepped result=0 time=24243 ms
[DBG] Buffering 36%
[DBG] Buffering 38%
[DBG] Buffering 41%
[DBG] Buffering 46%
[DBG] Buffering 50%
[DBG] Buffering 53%
[DBG] Buffering 55%
[DBG] Buffering 58%
[DBG] Buffering 63%
[DBG] Buffering 78%
[DBG] Buffering 83%
[DBG] Buffering 87%
[DBG] Buffering 88%
[DBG] Buffering 91%
[DBG] Buffering 96%
[DBG] Buffering 97%
10:37:38.664 AM [player] buffering 1.0
[DBG] Stream buffering done (1001 ms in 40 ms)
[DBG] Decoder wait done in 0 ms
[ERR] ES_OUT_SET_(GROUP_)PCR  is called 29934 ms late (jitter of 29910 ms ignored)
[DBG] ES_OUT_RESET_PCR called
10:37:38.665 AM [player] buffering 0.0
[DBG] Buffering 0%
10:37:38.665 AM [player] buffering 0.0
[DBG] Buffering 1%
[DBG] Buffering 6%
[DBG] Buffering 22%
[DBG] Buffering 26%
[DBG] Buffering 31%
[DBG] Buffering 34%
[DBG] Buffering 39%
[DBG] Buffering 41%
[DBG] Buffering 43%
[DBG] Received first picture
10:37:38.673 AM [framestep] nextFrameStepped result=0 time=24243 ms
[DBG] Buffering 46%
[DBG] Buffering 51%
[DBG] Buffering 56%
[DBG] Buffering 70%
[DBG] Buffering 71%
[DBG] Buffering 76%
[DBG] Buffering 80%
[DBG] Buffering 81%
[DBG] Buffering 84%
[DBG] Buffering 89%
[DBG] Buffering 93%
[DBG] Buffering 96%
[DBG] Buffering 99%
10:37:38.683 AM [player] buffering 1.0
[DBG] Stream buffering done (1015 ms in 17 ms)
[DBG] Decoder wait done in 0 ms
[ERR] ES_OUT_SET_(GROUP_)PCR  is called 29922 ms late (jitter of 29922 ms ignored)
[DBG] ES_OUT_RESET_PCR called
10:37:38.683 AM [player] buffering 0.0
[DBG] Buffering 0%
10:37:38.684 AM [player] buffering 0.0
[DBG] Buffering 4%
[DBG] Buffering 9%
[DBG] Buffering 13%
[DBG] Buffering 18%
[DBG] Buffering 19%
[DBG] Buffering 21%
[DBG] Buffering 24%
[DBG] Buffering 28%
[DBG] Buffering 30%
[DBG] Received first picture
10:37:38.688 AM [framestep] nextFrameStepped result=0 time=24243 ms
[DBG] Buffering 35%
[DBG] Buffering 51%
[DBG] Buffering 55%
[DBG] Buffering 60%
[DBG] Buffering 63%
[DBG] Buffering 68%
[DBG] Buffering 70%
[DBG] Buffering 71%
[DBG] Buffering 75%
[DBG] Buffering 80%
[DBG] Buffering 85%
[DBG] Buffering 99%
[DBG] Stream buffering done (1050 ms in 16 ms)
10:37:38.700 AM [player] buffering 1.0
[DBG] Decoder wait done in 0 ms
[ERR] ES_OUT_SET_(GROUP_)PCR  is called 29916 ms late (jitter of 29922 ms ignored)
[DBG] ES_OUT_RESET_PCR called
10:37:38.700 AM [player] buffering 0.0
10:37:38.701 AM [player] buffering 0.0
[DBG] Buffering 0%
[DBG] Buffering 3%
[DBG] Buffering 8%
[DBG] Buffering 11%
[DBG] Buffering 15%
[DBG] Buffering 18%
[DBG] Buffering 20%
[DBG] Buffering 25%
[DBG] Buffering 40%
[DBG] Buffering 45%
[DBG] Buffering 50%
[DBG] Buffering 53%
[DBG] Buffering 58%
[DBG] Buffering 59%
[DBG] Buffering 61%
[DBG] Received first picture
10:37:38.715 AM [framestep] nextFrameStepped result=0 time=24243 ms
[DBG] Buffering 65%
[DBG] Buffering 69%
[DBG] Buffering 70%
[DBG] Buffering 75%
[DBG] Buffering 91%
[DBG] Buffering 95%
10:37:38.720 AM [player] buffering 1.0
[DBG] Stream buffering done (1001 ms in 19 ms)
[DBG] Decoder wait done in 0 ms
[ERR] ES_OUT_SET_(GROUP_)PCR  is called 29990 ms late (jitter of 29922 ms ignored)
[DBG] ES_OUT_RESET_PCR called
10:37:38.720 AM [player] buffering 0.0
[DBG] Buffering 0%
10:37:38.722 AM [player] buffering 0.0
[DBG] Buffering 2%
[DBG] Buffering 3%
[DBG] Buffering 6%
[DBG] Buffering 11%
[DBG] Buffering 16%
[DBG] Buffering 31%
[DBG] Buffering 36%
[DBG] Buffering 40%
[DBG] Buffering 41%
[DBG] Buffering 45%
[DBG] Buffering 50%
[DBG] Buffering 53%
[DBG] Buffering 56%
[DBG] Buffering 59%
[DBG] Received first picture
10:37:38.731 AM [framestep] nextFrameStepped result=0 time=24243 ms
[DBG] Buffering 61%
[DBG] Buffering 66%
[DBG] Buffering 82%
[DBG] Buffering 86%
[DBG] Buffering 91%
[DBG] Buffering 95%
[DBG] Stream buffering done (1001 ms in 26 ms)
10:37:38.748 AM [player] buffering 1.0
[DBG] Decoder wait done in 0 ms
[ERR] ES_OUT_SET_(GROUP_)PCR  is called 30038 ms late (jitter of 29990 ms ignored)
[DBG] ES_OUT_RESET_PCR called
10:37:38.749 AM [player] buffering 0.0
[DBG] Buffering 0%
10:37:38.749 AM [player] buffering 0.0
[DBG] Buffering 3%
[DBG] Buffering 7%
[DBG] Buffering 8%
[DBG] Buffering 13%
[DBG] Buffering 26%
[DBG] Buffering 28%
[DBG] Buffering 33%
[DBG] Buffering 36%
[DBG] Buffering 38%
[DBG] Buffering 41%
[DBG] Buffering 46%
[DBG] Received first picture
10:37:38.759 AM [framestep] nextFrameStepped result=0 time=24243 ms
[DBG] Buffering 50%
[DBG] Buffering 55%
[DBG] Buffering 58%
[DBG] Buffering 61%
[DBG] Buffering 65%
[DBG] Buffering 71%
[DBG] Buffering 74%
[DBG] Buffering 75%
[DBG] Buffering 78%
[DBG] Buffering 81%
[DBG] Buffering 84%
[DBG] Buffering 85%
[DBG] Buffering 88%
[DBG] Buffering 93%
[DBG] Buffering 98%
10:37:38.774 AM [player] buffering 1.0
[DBG] Stream buffering done (1017 ms in 25 ms)
[DBG] Decoder wait done in 0 ms
[ERR] ES_OUT_SET_(GROUP_)PCR  is called 30041 ms late (jitter of 30038 ms ignored)
[DBG] ES_OUT_RESET_PCR called
10:37:38.775 AM [player] buffering 0.0
10:37:38.775 AM [player] buffering 0.0
[DBG] Buffering 0%
[DBG] Buffering 3%
[DBG] Buffering 19%
[DBG] Buffering 25%
[DBG] Buffering 28%
[DBG] Received first picture
10:37:38.786 AM [framestep] nextFrameStepped result=0 time=24243 ms
[DBG] Buffering 31%
[DBG] Buffering 36%
[DBG] Buffering 38%
[DBG] Buffering 41%
[DBG] Buffering 45%
[DBG] Buffering 48%
[DBG] Buffering 50%
[DBG] Buffering 53%
[DBG] Buffering 67%
[DBG] Buffering 68%
[DBG] Buffering 75%
[DBG] Buffering 76%
[DBG] Buffering 78%
[DBG] Buffering 81%
[DBG] Buffering 86%
[DBG] Buffering 91%
[DBG] Buffering 95%
[DBG] Stream buffering done (1001 ms in 26 ms)
10:37:38.802 AM [player] buffering 1.0
[DBG] Decoder wait done in 0 ms
[ERR] ES_OUT_SET_(GROUP_)PCR  is called 30072 ms late (jitter of 30041 ms ignored)
[DBG] ES_OUT_RESET_PCR called
10:37:38.802 AM [player] buffering 0.0
10:37:38.808 AM [player] buffering 0.0
[DBG] Buffering 0%
[DBG] Buffering 6%
[DBG] Buffering 9%
[DBG] Buffering 13%
[DBG] Buffering 18%
[DBG] Received first picture
10:37:38.812 AM [framestep] nextFrameStepped result=0 time=24243 ms
[DBG] Buffering 23%
[DBG] Buffering 26%
[DBG] Buffering 28%
[DBG] Buffering 31%
[DBG] Buffering 35%
[DBG] Buffering 51%
[DBG] Buffering 56%
[DBG] Buffering 60%
[DBG] Buffering 63%
[DBG] Buffering 68%
[DBG] Buffering 70%
[DBG] Buffering 73%
[DBG] Buffering 76%
[DBG] Buffering 80%
[DBG] Buffering 81%
[DBG] Buffering 85%
[DBG] Buffering 99%
[DBG] Stream buffering done (1000 ms in 28 ms)
10:37:38.837 AM [player] buffering 1.0
[DBG] Decoder wait done in 0 ms
[ERR] ES_OUT_SET_(GROUP_)PCR  is called 30074 ms late (jitter of 30072 ms ignored)
[DBG] ES_OUT_RESET_PCR called
10:37:38.837 AM [player] buffering 0.0
[DBG] Buffering 0%
10:37:38.837 AM [player] buffering 0.0
[DBG] Buffering 1%
[DBG] Buffering 4%
[DBG] Buffering 9%
[DBG] Buffering 14%
[DBG] Buffering 17%
[DBG] Buffering 22%
[DBG] Buffering 26%
[DBG] Buffering 41%
[DBG] Buffering 48%
[DBG] Buffering 51%
[DBG] Received first picture
10:37:38.848 AM [framestep] nextFrameStepped result=0 time=24243 ms
[DBG] Buffering 54%
[DBG] Buffering 59%
[DBG] Buffering 64%
[DBG] Buffering 67%
[DBG] Buffering 70%
[DBG] Buffering 73%
[DBG] Buffering 76%
[DBG] Buffering 92%
[DBG] Buffering 98%
10:37:38.861 AM [player] buffering 1.0
[DBG] Stream buffering done (1013 ms in 23 ms)
[DBG] Decoder wait done in 0 ms
[ERR] ES_OUT_SET_(GROUP_)PCR  is called 30120 ms late (jitter of 30074 ms ignored)
[DBG] ES_OUT_RESET_PCR called
10:37:38.863 AM [player] buffering 0.0
[DBG] Buffering 0%
10:37:38.863 AM [player] buffering 0.0
[DBG] Buffering 2%
[DBG] Buffering 5%
[DBG] Buffering 8%
[DBG] Buffering 11%
[DBG] Buffering 13%
[DBG] Buffering 16%
[DBG] Buffering 31%
[DBG] Buffering 38%
[DBG] Buffering 40%
[DBG] Buffering 41%
[DBG] Buffering 45%
[DBG] Buffering 50%
[DBG] Received first picture
10:37:38.874 AM [framestep] nextFrameStepped result=0 time=24243 ms
[DBG] Buffering 55%
[DBG] Buffering 58%
[DBG] Buffering 63%
[DBG] Buffering 66%
[DBG] Buffering 82%
[DBG] Buffering 88%
[DBG] Buffering 91%
[DBG] Buffering 95%
[DBG] Stream buffering done (1001 ms in 19 ms)
10:37:38.882 AM [player] buffering 1.0
[DBG] Decoder wait done in 0 ms
[ERR] ES_OUT_SET_(GROUP_)PCR  is called 30137 ms late (jitter of 30120 ms ignored)
[DBG] ES_OUT_RESET_PCR called
10:37:38.884 AM [player] buffering 0.0
[DBG] Buffering 0%
10:37:38.890 AM [player] buffering 0.0
[DBG] Buffering 2%
[DBG] Buffering 4%
[DBG] Buffering 8%
[DBG] Buffering 21%
[DBG] Buffering 23%
[DBG] Buffering 30%
[DBG] Buffering 31%
[DBG] Buffering 33%
[DBG] Buffering 36%
[DBG] Buffering 41%
[DBG] Received first picture
[DBG] Buffering 46%
10:37:38.898 AM [framestep] nextFrameStepped result=0 time=24243 ms
[DBG] Buffering 50%
[DBG] Buffering 55%
[DBG] Buffering 58%
[DBG] Buffering 73%
[DBG] Buffering 80%
[DBG] Buffering 82%
[DBG] Buffering 83%
[DBG] Buffering 86%
[DBG] Buffering 91%
[DBG] Buffering 92%
[DBG] Buffering 95%
[DBG] Buffering 98%
[DBG] Stream buffering done (1018 ms in 20 ms)
10:37:38.910 AM [player] buffering 1.0
[DBG] Decoder wait done in 0 ms
[ERR] ES_OUT_SET_(GROUP_)PCR  is called 30180 ms late (jitter of 30137 ms ignored)
[DBG] ES_OUT_RESET_PCR called
10:37:38.911 AM [player] buffering 0.0
10:37:38.914 AM [player] buffering 0.0
[DBG] Buffering 0%
[DBG] Buffering 3%
[DBG] Buffering 7%
[DBG] Buffering 9%
[DBG] Buffering 13%
[DBG] Buffering 16%
[DBG] Buffering 21%
[DBG] Buffering 26%
[DBG] Buffering 30%
[DBG] Received first picture
10:37:38.922 AM [framestep] nextFrameStepped result=0 time=24243 ms
[DBG] Buffering 34%
[DBG] Buffering 36%
[DBG] Buffering 38%
[DBG] Buffering 41%
[DBG] Buffering 46%
[DBG] Buffering 51%
[DBG] Buffering 65%
[DBG] Buffering 66%
[DBG] Buffering 71%
[DBG] Buffering 75%
[DBG] Buffering 76%
[DBG] Buffering 80%
[DBG] Buffering 84%
[DBG] Buffering 85%
[DBG] Buffering 88%
[DBG] Buffering 91%
[DBG] Buffering 94%
[DBG] Buffering 96%
[DBG] Stream buffering done (1017 ms in 21 ms)
10:37:38.935 AM [player] buffering 1.0
[DBG] Decoder wait done in 0 ms
[ERR] ES_OUT_SET_(GROUP_)PCR  is called 30083 ms late (jitter of 30137 ms ignored)
[DBG] ES_OUT_RESET_PCR called
10:37:38.946 AM [player] buffering 0.0
10:37:38.948 AM [player] buffering 0.0
[DBG] Buffering 0%
[DBG] Buffering 5%
[DBG] Buffering 9%
[DBG] Buffering 10%
[DBG] Buffering 13%
[DBG] Buffering 18%
[DBG] Buffering 19%
[DBG] Buffering 21%
[DBG] Buffering 25%
[DBG] Buffering 28%
[DBG] Buffering 30%
[DBG] Buffering 35%
[DBG] Buffering 51%
[DBG] Buffering 55%
[DBG] Buffering 60%
[DBG] Buffering 63%
[DBG] Buffering 68%
[DBG] Buffering 70%
[DBG] Buffering 71%
[DBG] Received first picture
10:37:38.965 AM [framestep] nextFrameStepped result=0 time=24243 ms
[DBG] Buffering 75%
[DBG] Buffering 79%
[DBG] Buffering 80%
[DBG] Buffering 85%
[DBG] Buffering 99%
[DBG] Stream buffering done (1001 ms in 25 ms)
10:37:38.973 AM [player] buffering 1.0
[DBG] Decoder wait done in 0 ms
[ERR] ES_OUT_SET_(GROUP_)PCR  is called 30226 ms late (jitter of 30180 ms ignored)
[DBG] ES_OUT_RESET_PCR called
10:37:38.974 AM [player] buffering 0.0
[DBG] Buffering 0%
10:37:38.974 AM [player] buffering 0.0
[DBG] Buffering 1%
[DBG] Buffering 4%
[DBG] Buffering 9%
[DBG] Buffering 13%
[DBG] Buffering 16%
[DBG] Buffering 19%
[DBG] Buffering 21%
[DBG] Buffering 26%
[DBG] Buffering 41%
[DBG] Buffering 46%
[DBG] Received first picture
10:37:38.984 AM [framestep] nextFrameStepped result=0 time=24243 ms
[DBG] Buffering 51%
[DBG] Buffering 54%
[DBG] Buffering 59%
[DBG] Buffering 60%
[DBG] Buffering 63%
[DBG] Buffering 66%
[DBG] Buffering 70%
[DBG] Buffering 71%
[DBG] Buffering 76%
[DBG] Buffering 92%
[DBG] Buffering 96%
[DBG] Stream buffering done (1015 ms in 21 ms)
10:37:38.995 AM [player] buffering 1.0
[DBG] Decoder wait done in 0 ms
[ERR] ES_OUT_SET_(GROUP_)PCR  is called 30251 ms late (jitter of 30226 ms ignored)
[DBG] ES_OUT_RESET_PCR called
10:37:38.996 AM [player] buffering 0.0
10:37:38.996 AM [player] buffering 0.0
[DBG] Buffering 0%
[DBG] Buffering 2%
[DBG] Buffering 3%
[DBG] Buffering 6%
[DBG] Buffering 11%
[DBG] Buffering 16%
[DBG] Buffering 31%
[DBG] Buffering 36%
[DBG] Buffering 40%
[DBG] Buffering 41%
[DBG] Received first picture
10:37:39.012 AM [framestep] nextFrameStepped result=0 time=24243 ms
[DBG] Buffering 45%
[DBG] Buffering 50%
[DBG] Buffering 53%
[DBG] Buffering 56%
[DBG] Buffering 59%
[DBG] Buffering 61%
[DBG] Buffering 66%
[DBG] Buffering 82%
[DBG] Buffering 86%
[DBG] Buffering 91%
[DBG] Buffering 95%
10:37:39.024 AM [player] buffering 1.0
[DBG] Stream buffering done (1001 ms in 27 ms)
[DBG] Decoder wait done in 0 ms
[ERR] ES_OUT_SET_(GROUP_)PCR  is called 30314 ms late (jitter of 30251 ms ignored)
[DBG] ES_OUT_RESET_PCR called
10:37:39.024 AM [player] buffering 0.0
10:37:39.027 AM [player] buffering 0.0
[DBG] Buffering 0%
[DBG] Buffering 3%
[DBG] Buffering 7%
[DBG] Buffering 8%
[DBG] Buffering 13%
[DBG] Buffering 29%
[DBG] Buffering 33%
[DBG] Buffering 38%
[DBG] Received first picture
10:37:39.052 AM [framestep] nextFrameStepped result=0 time=24243 ms
[DBG] Buffering 41%
[DBG] Buffering 46%
[DBG] Buffering 49%
[DBG] Buffering 50%
[DBG] Buffering 53%
[DBG] Buffering 58%
[DBG] Buffering 63%
[DBG] Buffering 77%
[DBG] Buffering 78%
[DBG] Buffering 83%
[DBG] Buffering 87%
[DBG] Buffering 88%
[DBG] Buffering 91%
[DBG] Buffering 96%
[DBG] Buffering 97%
[DBG] Stream buffering done (1001 ms in 37 ms)
10:37:39.065 AM [player] buffering 1.0
[DBG] Decoder wait done in 0 ms
[ERR] ES_OUT_SET_(GROUP_)PCR  is called 30335 ms late (jitter of 30314 ms ignored)
[DBG] ES_OUT_RESET_PCR called
10:37:39.066 AM [player] buffering 0.0
10:37:39.066 AM [player] buffering 0.0
[DBG] Buffering 0%
[DBG] Buffering 1%
[DBG] Buffering 6%
[DBG] Buffering 22%
[DBG] Buffering 26%
[DBG] Received first picture
10:37:39.076 AM [framestep] nextFrameStepped result=0 time=24243 ms
[DBG] Buffering 31%
[DBG] Buffering 35%
[DBG] Buffering 40%
[DBG] Buffering 41%
[DBG] Buffering 43%
[DBG] Buffering 46%
[DBG] Buffering 51%
[DBG] Buffering 56%
[DBG] Buffering 70%
[DBG] Buffering 71%
[DBG] Buffering 76%
[DBG] Buffering 80%
[DBG] Buffering 81%
[DBG] Buffering 85%
[DBG] Buffering 89%
[DBG] Buffering 90%
[DBG] Buffering 93%
[DBG] Buffering 96%
[DBG] Buffering 99%
[DBG] Stream buffering done (1018 ms in 39 ms)
10:37:39.106 AM [player] buffering 1.0
[DBG] Decoder wait done in 0 ms
[ERR] ES_OUT_SET_(GROUP_)PCR  is called 30343 ms late (jitter of 30335 ms ignored)
[DBG] ES_OUT_RESET_PCR called
10:37:39.107 AM [player] buffering 0.0
10:37:39.111 AM [player] buffering 0.0
[DBG] Buffering 0%
[DBG] Buffering 5%
[DBG] Buffering 9%
[DBG] Buffering 10%
[DBG] Received first picture
10:37:39.115 AM [framestep] nextFrameStepped result=0 time=24243 ms
[DBG] Buffering 13%
[DBG] Buffering 18%
[DBG] Buffering 19%
[DBG] Buffering 21%
[DBG] Buffering 25%
[DBG] Buffering 28%
[DBG] Buffering 30%
[DBG] Buffering 35%
[DBG] Buffering 51%
[DBG] Buffering 55%
[DBG] Buffering 60%
[DBG] Buffering 63%
[DBG] Buffering 68%
[DBG] Buffering 70%
[DBG] Buffering 72%
[DBG] Buffering 75%
[DBG] Buffering 80%
[DBG] Buffering 85%
[DBG] Buffering 99%
10:37:39.140 AM [player] buffering 1.0
[DBG] Stream buffering done (1003 ms in 28 ms)
[DBG] Decoder wait done in 0 ms
[ERR] ES_OUT_SET_(GROUP_)PCR  is called 30391 ms late (jitter of 30343 ms ignored)
[DBG] ES_OUT_RESET_PCR called
10:37:39.140 AM [player] buffering 0.0
10:37:39.142 AM [player] buffering 0.0
[DBG] Buffering 0%
[DBG] Buffering 1%
[DBG] Buffering 4%
[DBG] Buffering 9%
[DBG] Buffering 13%
[DBG] Buffering 16%
[DBG] Buffering 19%
[DBG] Buffering 21%
[DBG] Buffering 26%
[DBG] Buffering 41%
[DBG] Buffering 46%
[DBG] Buffering 51%
[DBG] Received first picture
10:37:39.161 AM [framestep] nextFrameStepped result=0 time=24243 ms
[DBG] Buffering 54%
[DBG] Buffering 59%
[DBG] Buffering 60%
[DBG] Buffering 63%
[DBG] Buffering 66%
[DBG] Buffering 70%
[DBG] Buffering 71%
[DBG] Buffering 76%
[DBG] Buffering 92%
[DBG] Buffering 96%
10:37:39.170 AM [player] buffering 1.0
[DBG] Stream buffering done (1016 ms in 28 ms)
[DBG] Decoder wait done in 0 ms
[ERR] ES_OUT_SET_(GROUP_)PCR  is called 30426 ms late (jitter of 30391 ms ignored)
[DBG] ES_OUT_RESET_PCR called
10:37:39.171 AM [player] buffering 0.0
10:37:39.172 AM [player] buffering 0.0
[DBG] Buffering 0%
[DBG] Buffering 2%
[DBG] Buffering 3%
[DBG] Buffering 6%
[DBG] Buffering 11%
[DBG] Buffering 16%
[DBG] Buffering 30%
[DBG] Buffering 31%
[DBG] Buffering 36%
[DBG] Buffering 40%
[DBG] Buffering 41%
[DBG] Buffering 45%
[DBG] Buffering 50%
[DBG] Received first picture
10:37:39.184 AM [framestep] nextFrameStepped result=0 time=24243 ms
[DBG] Buffering 53%
[DBG] Buffering 56%
[DBG] Buffering 59%
[DBG] Buffering 61%
[DBG] Buffering 66%
[DBG] Buffering 82%
[DBG] Buffering 86%
[DBG] Buffering 91%
[DBG] Buffering 95%
10:37:39.192 AM [player] buffering 1.0
[DBG] Stream buffering done (1001 ms in 20 ms)
[DBG] Decoder wait done in 0 ms
[ERR] ES_OUT_SET_(GROUP_)PCR  is called 30484 ms late (jitter of 30426 ms ignored)
[DBG] ES_OUT_RESET_PCR called
10:37:39.193 AM [player] buffering 0.0
10:37:39.193 AM [player] buffering 0.0
[DBG] Buffering 0%
[DBG] Buffering 3%
[DBG] Buffering 7%
[DBG] Buffering 8%
[DBG] Buffering 13%
[DBG] Buffering 29%
[DBG] Buffering 33%
[DBG] Received first picture
10:37:39.204 AM [framestep] nextFrameStepped result=0 time=24243 ms
[DBG] Buffering 38%
[DBG] Buffering 41%
[DBG] Buffering 46%
[DBG] Buffering 49%
[DBG] Buffering 50%
[DBG] Buffering 53%
[DBG] Buffering 58%
[DBG] Buffering 63%
[DBG] Buffering 77%
[DBG] Buffering 78%
[DBG] Buffering 83%
[DBG] Buffering 87%
[DBG] Buffering 88%
[DBG] Buffering 91%
[DBG] Buffering 96%
[DBG] Buffering 97%
10:37:39.216 AM [player] buffering 1.0
[DBG] Stream buffering done (1001 ms in 22 ms)
[DBG] Decoder wait done in 0 ms
[ERR] ES_OUT_SET_(GROUP_)PCR  is called 30487 ms late (jitter of 30484 ms ignored)
[DBG] ES_OUT_RESET_PCR called
10:37:39.217 AM [player] buffering 0.0
10:37:39.217 AM [player] buffering 0.0
[DBG] Buffering 0%
[DBG] Buffering 1%
[DBG] Buffering 6%
[DBG] Buffering 22%
[DBG] Received first picture
10:37:39.223 AM [framestep] nextFrameStepped result=0 time=24243 ms
[DBG] Buffering 26%
[DBG] Buffering 31%
[DBG] Buffering 35%
[DBG] Buffering 40%
[DBG] Buffering 41%
[DBG] Buffering 43%
[DBG] Buffering 46%
[DBG] Buffering 51%
[DBG] Buffering 56%
[DBG] Buffering 70%
[DBG] Buffering 71%
[DBG] Buffering 76%
[DBG] Buffering 80%
[DBG] Buffering 81%
[DBG] Buffering 85%
[DBG] Buffering 89%
[DBG] Buffering 90%
[DBG] Buffering 93%
[DBG] Buffering 96%
[DBG] Buffering 99%
[DBG] Stream buffering done (1020 ms in 25 ms)
10:37:39.242 AM [player] buffering 1.0
[DBG] Decoder wait done in 0 ms
[ERR] ES_OUT_SET_(GROUP_)PCR  is called 30476 ms late (jitter of 30484 ms ignored)
[DBG] ES_OUT_RESET_PCR called
10:37:39.243 AM [player] buffering 0.0
[DBG] Buffering 0%
10:37:39.247 AM [player] buffering 0.0
[DBG] Buffering 5%
[DBG] Buffering 9%
[DBG] Buffering 10%
[DBG] Received first picture
10:37:39.251 AM [framestep] nextFrameStepped result=0 time=24243 ms
[DBG] Buffering 13%
[DBG] Buffering 18%
[DBG] Buffering 19%
[DBG] Buffering 22%
[DBG] Buffering 25%
[DBG] Buffering 28%
[DBG] Buffering 30%
[DBG] Buffering 35%
[DBG] Buffering 51%
[DBG] Buffering 55%
[DBG] Buffering 60%
[DBG] Buffering 63%
[DBG] Buffering 68%
[DBG] Buffering 70%
[DBG] Buffering 72%
[DBG] Buffering 75%
[DBG] Buffering 80%
[DBG] Buffering 85%
[DBG] Buffering 99%
[DBG] Stream buffering done (1004 ms in 34 ms)
10:37:39.281 AM [player] buffering 1.0
[DBG] Decoder wait done in 0 ms
[ERR] ES_OUT_SET_(GROUP_)PCR  is called 30530 ms late (jitter of 30487 ms ignored)
[DBG] ES_OUT_RESET_PCR called
10:37:39.282 AM [player] buffering 0.0
[DBG] Buffering 0%
10:37:39.286 AM [player] buffering 0.0
[DBG] Buffering 1%
[DBG] Buffering 5%
[DBG] Buffering 9%
[DBG] Buffering 10%
[DBG] Buffering 13%
[DBG] Buffering 16%
[DBG] Buffering 19%
[DBG] Buffering 21%
[DBG] Buffering 26%
[DBG] Buffering 41%
[DBG] Received first picture
10:37:39.294 AM [framestep] nextFrameStepped result=0 time=24243 ms
[DBG] Buffering 46%
[DBG] Buffering 51%
[DBG] Buffering 55%
[DBG] Buffering 60%
[DBG] Buffering 63%
[DBG] Buffering 66%
[DBG] Buffering 70%
[DBG] Buffering 71%
[DBG] Buffering 76%
[DBG] Buffering 92%
[DBG] Buffering 96%
[DBG] Stream buffering done (1018 ms in 23 ms)
10:37:39.310 AM [player] buffering 1.0
[DBG] Decoder wait done in 0 ms
[ERR] ES_OUT_SET_(GROUP_)PCR  is called 30564 ms late (jitter of 30530 ms ignored)
[DBG] ES_OUT_RESET_PCR called
10:37:39.311 AM [player] buffering 0.0
10:37:39.315 AM [player] buffering 0.0
[DBG] Buffering 0%
[DBG] Buffering 1%
[DBG] Buffering 3%
[DBG] Buffering 6%
[DBG] Buffering 11%
[DBG] Buffering 16%
[DBG] Buffering 30%
[DBG] Buffering 31%
[DBG] Buffering 36%
[DBG] Buffering 40%
[DBG] Buffering 41%
[DBG] Received first picture
10:37:39.326 AM [framestep] nextFrameStepped result=0 time=24243 ms
[DBG] Buffering 45%
[DBG] Buffering 49%
[DBG] Buffering 50%
[DBG] Buffering 53%
[DBG] Buffering 56%
[DBG] Buffering 59%
[DBG] Buffering 61%
[DBG] Buffering 66%
[DBG] Buffering 81%
[DBG] Buffering 86%
[DBG] Buffering 91%
[DBG] Buffering 95%
[DBG] Stream buffering done (1001 ms in 25 ms)
[DBG] Decoder wait done in 0 ms
10:37:39.340 AM [player] buffering 1.0
[ERR] ES_OUT_SET_(GROUP_)PCR  is called 30635 ms late (jitter of 30564 ms ignored)
[DBG] ES_OUT_RESET_PCR called
10:37:39.342 AM [player] buffering 0.0
10:37:39.342 AM [player] buffering 0.0
[DBG] Buffering 0%
[DBG] Buffering 3%
[DBG] Buffering 7%
[DBG] Buffering 8%
[DBG] Buffering 13%
[DBG] Buffering 29%
[DBG] Buffering 33%
[DBG] Buffering 38%
[DBG] Received first picture
10:37:39.353 AM [framestep] nextFrameStepped result=0 time=24243 ms
[DBG] Buffering 41%
[DBG] Buffering 46%
[DBG] Buffering 48%
[DBG] Buffering 50%
[DBG] Buffering 53%
[DBG] Buffering 58%
[DBG] Buffering 63%
[DBG] Buffering 77%
[DBG] Buffering 78%
[DBG] Buffering 83%
[DBG] Buffering 87%
[DBG] Buffering 88%
[DBG] Buffering 91%
[DBG] Buffering 96%
[DBG] Stream buffering done (1001 ms in 30 ms)
[DBG] Decoder wait done in 0 ms
10:37:39.373 AM [player] buffering 1.0
[ERR] ES_OUT_SET_(GROUP_)PCR  is called 30643 ms late (jitter of 30635 ms ignored)
[DBG] ES_OUT_RESET_PCR called
10:37:39.374 AM [player] buffering 0.0
10:37:39.382 AM [player] buffering 0.0
[DBG] Buffering 0%
[DBG] Buffering 2%
[DBG] Buffering 7%
[DBG] Buffering 22%
[DBG] Buffering 27%
[DBG] Buffering 32%
[DBG] Buffering 35%
[DBG] Buffering 40%
[DBG] Buffering 41%
[DBG] Buffering 43%
[DBG] Buffering 47%
[DBG] Buffering 51%
[DBG] Buffering 52%
[DBG] Received first picture
10:37:39.384 AM [framestep] nextFrameStepped result=0 time=24243 ms
[DBG] Buffering 57%
[DBG] Buffering 73%
[DBG] Buffering 77%
[DBG] Buffering 82%
[DBG] Buffering 85%
[DBG] Buffering 90%
[DBG] Buffering 92%
[DBG] Buffering 93%
[DBG] Buffering 97%
10:37:39.400 AM [player] buffering 1.0
[DBG] Stream buffering done (1021 ms in 18 ms)
[DBG] Decoder wait done in 0 ms
[ERR] ES_OUT_SET_(GROUP_)PCR  is called 30634 ms late (jitter of 30635 ms ignored)
[DBG] ES_OUT_RESET_PCR called
10:37:39.401 AM [player] buffering 0.0
[DBG] Buffering 0%
10:37:39.404 AM [player] buffering 0.0
[DBG] Buffering 5%
[DBG] Buffering 9%
[DBG] Buffering 10%
[DBG] Buffering 13%
[DBG] Received first picture
10:37:39.411 AM [framestep] nextFrameStepped result=0 time=24243 ms
[DBG] Buffering 18%
[DBG] Buffering 19%
[DBG] Buffering 22%
[DBG] Buffering 25%
[DBG] Buffering 28%
[DBG] Buffering 30%
[DBG] Buffering 35%
[DBG] Buffering 51%
[DBG] Buffering 55%
[DBG] Buffering 60%
[DBG] Buffering 63%
[DBG] Buffering 68%
[DBG] Buffering 70%
[DBG] Buffering 72%
[DBG] Buffering 75%
[DBG] Buffering 80%
[DBG] Buffering 85%
[DBG] Buffering 99%
[DBG] Stream buffering done (1006 ms in 29 ms)
10:37:39.434 AM [player] buffering 1.0
[DBG] Decoder wait done in 0 ms
[ERR] ES_OUT_SET_(GROUP_)PCR  is called 30682 ms late (jitter of 30643 ms ignored)
[DBG] ES_OUT_RESET_PCR called
10:37:39.434 AM [player] buffering 0.0
[DBG] Buffering 0%
10:37:39.438 AM [player] buffering 0.0
[DBG] Buffering 1%
[DBG] Buffering 5%
[DBG] Buffering 9%
[DBG] Buffering 10%
[DBG] Buffering 13%
[DBG] Buffering 16%
[DBG] Buffering 19%
[DBG] Buffering 21%
[DBG] Buffering 26%
[DBG] Buffering 41%
[DBG] Buffering 46%
[DBG] Buffering 51%
[DBG] Received first picture
10:37:39.443 AM [framestep] nextFrameStepped result=0 time=24243 ms
[DBG] Buffering 55%
[DBG] Buffering 60%
[DBG] Buffering 63%
[DBG] Buffering 66%
[DBG] Buffering 70%
[DBG] Buffering 71%
[DBG] Buffering 76%
[DBG] Buffering 92%
[DBG] Buffering 96%
[DBG] Stream buffering done (1019 ms in 16 ms)
[DBG] Decoder wait done in 0 ms
10:37:39.455 AM [player] buffering 1.0
[ERR] ES_OUT_SET_(GROUP_)PCR  is called 30707 ms late (jitter of 30682 ms ignored)
[DBG] ES_OUT_RESET_PCR called
10:37:39.455 AM [player] buffering 0.0
10:37:39.459 AM [player] buffering 0.0
[DBG] Buffering 0%
[DBG] Buffering 1%
[DBG] Buffering 3%
[DBG] Buffering 6%
[DBG] Buffering 11%
[DBG] Buffering 16%
[DBG] Buffering 30%
[DBG] Buffering 31%
[DBG] Received first picture
10:37:39.467 AM [framestep] nextFrameStepped result=0 time=24243 ms
[DBG] Buffering 36%
[DBG] Buffering 40%
[DBG] Buffering 41%
[DBG] Buffering 45%
[DBG] Buffering 49%
[DBG] Buffering 50%
[DBG] Buffering 53%
[DBG] Buffering 56%
[DBG] Buffering 59%
[DBG] Buffering 61%
[DBG] Buffering 66%
[DBG] Buffering 81%
[DBG] Buffering 86%
[DBG] Buffering 91%
[DBG] Buffering 95%
[DBG] Stream buffering done (1001 ms in 22 ms)
[DBG] Decoder wait done in 0 ms
10:37:39.482 AM [player] buffering 1.0
[ERR] ES_OUT_SET_(GROUP_)PCR  is called 30777 ms late (jitter of 30707 ms ignored)
[DBG] ES_OUT_RESET_PCR called
10:37:39.482 AM [player] buffering 0.0
[DBG] Buffering 0%
10:37:39.482 AM [player] buffering 0.0
[DBG] Buffering 3%
[DBG] Buffering 7%
[DBG] Buffering 8%
[DBG] Buffering 13%
[DBG] Buffering 29%
[DBG] Received first picture
10:37:39.490 AM [framestep] nextFrameStepped result=0 time=24243 ms
[DBG] Buffering 33%
[DBG] Buffering 38%
[DBG] Buffering 41%
[DBG] Buffering 46%
[DBG] Buffering 48%
[DBG] Buffering 50%
[DBG] Buffering 53%
[DBG] Buffering 58%
[DBG] Buffering 63%
[DBG] Buffering 77%
[DBG] Buffering 78%
[DBG] Buffering 83%
[DBG] Buffering 87%
[DBG] Buffering 88%
[DBG] Buffering 91%
[DBG] Buffering 96%
[DBG] Stream buffering done (1001 ms in 23 ms)
[DBG] Decoder wait done in 0 ms
10:37:39.506 AM [player] buffering 1.0
[ERR] ES_OUT_SET_(GROUP_)PCR  is called 30776 ms late (jitter of 30776 ms ignored)
[DBG] ES_OUT_RESET_PCR called
10:37:39.506 AM [player] buffering 0.0
10:37:39.511 AM [player] buffering 0.0
[DBG] Buffering 0%
[DBG] Buffering 2%
[DBG] Buffering 7%
[DBG] Buffering 22%
[DBG] Buffering 27%
[DBG] Buffering 32%
[DBG] Received first picture
10:37:39.514 AM [framestep] nextFrameStepped result=0 time=24243 ms
[DBG] Buffering 35%
[DBG] Buffering 40%
[DBG] Buffering 41%
[DBG] Buffering 43%
[DBG] Buffering 47%
[DBG] Buffering 51%
[DBG] Buffering 52%
[DBG] Buffering 57%
[DBG] Buffering 73%
[DBG] Buffering 77%
[DBG] Buffering 82%
[DBG] Buffering 85%
[DBG] Buffering 90%
[DBG] Buffering 92%
[DBG] Buffering 93%
[DBG] Buffering 97%
[DBG] Stream buffering done (1023 ms in 24 ms)
[DBG] Decoder wait done in 0 ms
10:37:39.535 AM [player] buffering 1.0
[ERR] ES_OUT_SET_(GROUP_)PCR  is called 30766 ms late (jitter of 30776 ms ignored)
[DBG] ES_OUT_RESET_PCR called
10:37:39.536 AM [player] buffering 0.0
10:37:39.541 AM [player] dismiss at 24243 ms, state Paused
[DBG] resolving 192.168.1.250 ...
[DBG] outgoing request:
GET /stream/2 HTTP/1.1
Host: 192.168.1.250:8093
Accept: */*
Accept-Language: en_US
User-Agent: VLC/4.0.0-dev LibVLC/4.0.0-dev
If-Unmodified-Since: Fri, 17 Jul 2026 19:22:43 GMT
Range: bytes=186894088-


[DBG] connection failed
10:37:39.542 AM [player] state Stopping at 24243 ms
[ERR] Error while reading Block
[DBG] found nothing, go up
[DBG] found nothing, go up
[DBG] found nothing, go up
[WARN] EOF
[WARN] cannot get block EOF?
[DBG] input control stopped, trashing type=35
[DBG] killing decoder fourcc `mpgv'
[DBG] removing "video decoder" module "avcodec"
[DBG] removing "video packetizer" module "mpegvideo"
[DBG] removing "video converter" module "swscale"
[DBG] Filter 0x1055d9800 removed from chain
[DBG] removing "video converter" module "cvpx"
[DBG] Filter 0x1055d8900 removed from chain
[DBG] removing "video converter" module "chain"
[DBG] removing "video filter" module "deinterlace"
[DBG] Filter 0x10f866d00 removed from chain
[DBG] saving a free vout
[DBG] ES track unselected: 'video/1' (fourcc: 'mpgv')
[DBG] input control stopped, trashing type=35
10:37:39.544 AM [player] track selected type=1 selected= unselected=video/1
[DBG] killing decoder fourcc `a52 '
[DBG] removing "audio decoder" module "avcodec"
[DBG] removing "audio packetizer" module "a52"
[DBG] removing "audio resampler" module "soxr"
[DBG] removing "audio filter" module "scaletempo"
[DBG] removing "audio volume" module "float_mixer"
[DBG] keeping audio output
[DBG] ES track unselected: 'audio/2' (fourcc: 'a52 ')
10:37:39.545 AM [player] track selected type=0 selected= unselected=audio/2
[DBG] killing decoder fourcc `subt'
[DBG] removing "spu decoder" module "subsdec"
[DBG] ES track unselected: 'spu/4' (fourcc: 'subt')
10:37:39.545 AM [player] track selected type=2 selected= unselected=spu/4
[DBG] removing "demux" module "mkv"
[DBG] ES track deleted: 'video/1' (fourcc: 'mpgv')
[DBG] ES track deleted: 'audio/2' (fourcc: 'a52 ')
[DBG] ES track deleted: 'audio/3' (fourcc: 'a52 ')
[DBG] ES track deleted: 'spu/4' (fourcc: 'subt')
[DBG] Program doesn't contain anymore ES
[DBG] removing "stream_filter" module "record"
[DBG] removing "stream_filter" module "prefetch"
[DBG] removing "access" module "http"
[DBG] connection failed
10:37:39.546 AM [player] state Stopped at 24243 ms
[DBG] stop free vout
