10:14:41.927 AM [player] request Wonder Woman — Wonder Woman (2017).mkv · 4K HDR · TrueHD 7.1 — http://192.168.1.250:8093/stream/4
10:14:41.927 AM [player] file Movies/Wonder Woman/Wonder Woman (2017).mkv 3840x2160 hdr=true video=hevc Main 10 audio=truehd 7.1, ac3 5.1(side), ac3 5.1(side)
[DBG] Creating an input for playback'4'
10:14:41.938 AM [player] play() called
[DBG] using timeshift granularity of 50 MiB
[DBG] using default timeshift path
[DBG] `http://192.168.1.250:8093/stream/4' gives access `http' demux `mkv_trusted' path `192.168.1.250:8093/stream/4'
[DBG] creating access: http://192.168.1.250:8093/stream/4
[DBG] looking for access module matching "http": 2 candidates
[DBG] looking for keystore module matching "any": 1 candidates
[DBG] using keystore module "keychain"
[DBG] Lookup keychain entry for server 192.168.1.250
[WARN] lookup failed (-25300: 'Item not found')
[DBG] resolving 192.168.1.250 ...
[DBG] outgoing request:
GET /stream/4 HTTP/1.1
Host: 192.168.1.250:8093
Accept: */*
Accept-Language: en_US
User-Agent: VLC/4.0.0-dev LibVLC/4.0.0-dev
Range: bytes=0-


10:14:41.949 AM [player] state Opening at 0 ms
10:14:41.949 AM [player] buffering 0.0
[DBG] incoming response:
HTTP/1.1 206 Partial Content
Accept-Ranges: bytes
Content-Length: 58483322537
Content-Range: bytes 0-58483322536/58483322537
Content-Type: video/x-matroska
Last-Modified: Sat, 18 Jul 2026 03:52:34 GMT
Date: Mon, 14 Sep 2026 14:14:41 GMT


[DBG] removing "keystore" module "keychain"
[DBG] using access module "http"
[DBG] looking for stream_filter module matching "prefetch,cache": 2 candidates
[DBG] using 16777216 bytes buffer
[DBG] using stream_filter module "prefetch"
[DBG] looking for stream_filter module matching "any": 4 candidates
[DBG] no stream_filter modules matched with name any
[DBG] looking for stream_directory module matching "any": 0 candidates
[DBG] no stream_directory modules matched with name any
[DBG] attachment of directory-extractor failed for http://192.168.1.250:8093/stream/4
[DBG] looking for stream_filter module matching "record": 1 candidates
[DBG] using stream_filter module "record"
[DBG] creating demux "mkv_trusted", URL: http://192.168.1.250:8093/stream/4, path: (null)
[DBG] looking for demux module matching "mkv_trusted": 1 candidates
[DBG] |   + Seek head
[DBG] |   - info at 1207
[DBG] |   + Information
[DBG] |   |   + TimecodeScale=1000000
[DBG] |   |   + Muxing Application=libmakemkv v1.18.4 (1.3.10/1.5.2) darwin(arm64-release)
[DBG] |   |   + Writing Application=MakeMKV v1.18.4 darwin(arm64-release)
[DBG] |   |   + Duration=8476217
[DBG] |   |   + Title=Wonder Woman
[DBG] |   |   + Date=Sat Jul 18 02:53:09 2026
[DBG] |   |   + UID=eeb254af3d3f42f7
[DBG] |   - tracks at 1370
[DBG] |   + Tracks
[DBG] |   |   + Track Entry
[DBG] |   |   |   + Track Number=1
[DBG] |   |   |   + Track UID=1
[DBG] |   |   |   + Track Type=video
[DBG] |   |   |   + Track Default=0
[DBG] |   |   |   + Track Lacing=0
[DBG] |   |   |   + Track MinCache=1
[DBG] |   |   |   + Track CodecId=V_MPEGH/ISO/HEVC
[DBG] |   |   |   + Track CodecPrivate size=140
[DBG] |   |   |   + Track Default Duration=41708
[DBG] |   |   |   + Track Video
[DBG] |   |   |   |   + width=3840
[DBG] |   |   |   |   + height=2160
[DBG] |   |   |   |   + display width=3840
[DBG] |   |   |   |   + display height=2160
[DBG] |   |   + Track Entry
[DBG] |   |   |   + Track Number=2
[DBG] |   |   |   + Track UID=2
[DBG] |   |   |   + Track Type=audio
[DBG] |   |   |   + Track Default=1
[DBG] |   |   |   + Track Lacing=1
[DBG] |   |   |   + Track CodecId=A_TRUEHD
[DBG] |   |   |   + Track Language=`eng'
[DBG] |   |   |   + Track Default Duration=833
[DBG] |   |   |   + Track Name=Surround 7.1
[DBG] |   |   |   + Track Audio
[DBG] |   |   |   |   + afreq=48000
[DBG] |   |   |   |   + achan=8
[DBG] |   |   |   |   + abits=24
[DBG] |   |   + Track Entry
[DBG] |   |   |   + Track Number=3
[DBG] |   |   |   + Track UID=3
[DBG] |   |   |   + Track Type=audio
[DBG] |   |   |   + Track Default=0
[DBG] |   |   |   + Track Lacing=1
[DBG] |   |   |   + Track CodecId=A_AC3
[DBG] |   |   |   + Track Language=`eng'
[DBG] |   |   |   + Track Default Duration=32000
[DBG] |   |   |   + Track Name=Surround 5.1
[DBG] |   |   |   + Track Audio
[DBG] |   |   |   |   + afreq=48000
[DBG] |   |   |   |   + achan=6
[DBG] |   |   + Track Entry
[DBG] |   |   |   + Track Number=4
[DBG] |   |   |   + Track UID=4
[DBG] |   |   |   + Track Type=audio
[DBG] |   |   |   + Track Default=0
[DBG] |   |   |   + Track Lacing=1
[DBG] |   |   |   + Track CodecId=A_AC3
[DBG] |   |   |   + Track Language=`eng'
[DBG] |   |   |   + Track Default Duration=32000
[DBG] |   |   |   + Track Name=Surround 5.1
[DBG] |   |   |   + Track Audio
[DBG] |   |   |   |   + afreq=48000
[DBG] |   |   |   |   + achan=6
[DBG] |   |   + Track Entry
[DBG] |   |   |   + Track Number=5
[DBG] |   |   |   + Track UID=5
[DBG] |   |   |   + Track Type=subtitle
[DBG] |   |   |   + Track Default=0
[DBG] |   |   |   + Track Lacing=0
[DBG] |   |   |   + Track CodecId=S_HDMV/PGS
[DBG] |   |   |   + Track Language=`eng'
[DBG] |   - cues at 58483154136
[DBG] resolving 192.168.1.250 ...
[DBG] outgoing request:
GET /stream/4 HTTP/1.1
Host: 192.168.1.250:8093
Accept: */*
Accept-Language: en_US
User-Agent: VLC/4.0.0-dev LibVLC/4.0.0-dev
If-Unmodified-Since: Sat, 18 Jul 2026 03:52:34 GMT
Range: bytes=58483154136-


[DBG] incoming response:
HTTP/1.1 206 Partial Content
Accept-Ranges: bytes
Content-Length: 168401
Content-Range: bytes 58483154136-58483322536/58483322537
Content-Type: video/x-matroska
Last-Modified: Sat, 18 Jul 2026 03:52:34 GMT
Date: Mon, 14 Sep 2026 14:14:41 GMT


[DBG] connection failed
[DBG] |   + Cues
[DBG] end of stream
[DBG] |   - loading cues done.
[DBG] resolving 192.168.1.250 ...
[DBG] outgoing request:
GET /stream/4 HTTP/1.1
Host: 192.168.1.250:8093
Accept: */*
Accept-Language: en_US
User-Agent: VLC/4.0.0-dev LibVLC/4.0.0-dev
If-Unmodified-Since: Sat, 18 Jul 2026 03:52:34 GMT
Range: bytes=123-


[DBG] incoming response:
HTTP/1.1 206 Partial Content
Accept-Ranges: bytes
Content-Length: 58483322414
Content-Range: bytes 123-58483322536/58483322537
Content-Type: video/x-matroska
Last-Modified: Sat, 18 Jul 2026 03:52:34 GMT
Date: Mon, 14 Sep 2026 14:14:42 GMT


[DBG] |   - chapters at 1867
[DBG] |   + Chapters
[DBG] |   |   |   + ChapterAtom (level=0)
[DBG] |   |   |   |   + ChapterUID=51a2015c4c6a68bf
[DBG] |   |   |   |   + ChapterTimeStart=0
[DBG] |   |   |   |   + ChapterFlagHidden=no
[DBG] |   |   |   |   + ChapterTimeEnd=626876250
[DBG] |   |   |   |   + ChapterDisplay
[DBG] |   |   |   |   |   + ChapterString=Chapter 01
[DBG] |   |   |   |   |   + ChapterLanguage=eng
[DBG] |   |   |   + ChapterAtom (level=0)
[DBG] |   |   |   |   + ChapterUID=c4fa5d8dea3aa499
[DBG] |   |   |   |   + ChapterTimeStart=626876250
[DBG] |   |   |   |   + ChapterFlagHidden=no
[DBG] |   |   |   |   + ChapterTimeEnd=1392182458
[DBG] |   |   |   |   + ChapterDisplay
[DBG] |   |   |   |   |   + ChapterString=Chapter 02
[DBG] |   |   |   |   |   + ChapterLanguage=eng
[DBG] |   |   |   + ChapterAtom (level=0)
[DBG] |   |   |   |   + ChapterUID=c7b4812d013bd5f5
[DBG] |   |   |   |   + ChapterTimeStart=1392182458
[DBG] |   |   |   |   + ChapterFlagHidden=no
[DBG] |   |   |   |   + ChapterTimeEnd=1990488500
[DBG] |   |   |   |   + ChapterDisplay
[DBG] |   |   |   |   |   + ChapterString=Chapter 03
[DBG] |   |   |   |   |   + ChapterLanguage=eng
[DBG] |   |   |   + ChapterAtom (level=0)
[DBG] |   |   |   |   + ChapterUID=e8e45c9bd8dc3ec3
[DBG] |   |   |   |   + ChapterTimeStart=1990488500
[DBG] |   |   |   |   + ChapterFlagHidden=no
[DBG] |   |   |   |   + ChapterTimeEnd=2635132500
[DBG] |   |   |   |   + ChapterDisplay
[DBG] |   |   |   |   |   + ChapterString=Chapter 04
[DBG] |   |   |   |   |   + ChapterLanguage=eng
[DBG] |   |   |   + ChapterAtom (level=0)
[DBG] |   |   |   |   + ChapterUID=3403ecb3e4626f89
[DBG] |   |   |   |   + ChapterTimeStart=2635132500
[DBG] |   |   |   |   + ChapterFlagHidden=no
[DBG] |   |   |   |   + ChapterTimeEnd=3265553958
[DBG] |   |   |   |   + ChapterDisplay
[DBG] |   |   |   |   |   + ChapterString=Chapter 05
[DBG] |   |   |   |   |   + ChapterLanguage=eng
[DBG] |   |   |   + ChapterAtom (level=0)
[DBG] |   |   |   |   + ChapterUID=41cdff1db36ec6c8
[DBG] |   |   |   |   + ChapterTimeStart=3265553958
[DBG] |   |   |   |   + ChapterFlagHidden=no
[DBG] |   |   |   |   + ChapterTimeEnd=4057928875
[DBG] |   |   |   |   + ChapterDisplay
[DBG] |   |   |   |   |   + ChapterString=Chapter 06
[DBG] |   |   |   |   |   + ChapterLanguage=eng
[DBG] |   |   |   + ChapterAtom (level=0)
[DBG] |   |   |   |   + ChapterUID=f3c45d12ce17a665
[DBG] |   |   |   |   + ChapterTimeStart=4057928875
[DBG] |   |   |   |   + ChapterFlagHidden=no
[DBG] |   |   |   |   + ChapterTimeEnd=4949903291
[DBG] |   |   |   |   + ChapterDisplay
[DBG] |   |   |   |   |   + ChapterString=Chapter 07
[DBG] |   |   |   |   |   + ChapterLanguage=eng
[DBG] |   |   |   + ChapterAtom (level=0)
[DBG] |   |   |   |   + ChapterUID=13535fb7c0c22a51
[DBG] |   |   |   |   + ChapterTimeStart=4949903291
[DBG] |   |   |   |   + ChapterFlagHidden=no
[DBG] |   |   |   |   + ChapterTimeEnd=5642845541
[DBG] |   |   |   |   + ChapterDisplay
[DBG] |   |   |   |   |   + ChapterString=Chapter 08
[DBG] |   |   |   |   |   + ChapterLanguage=eng
[DBG] |   |   |   + ChapterAtom (level=0)
[DBG] |   |   |   |   + ChapterUID=dd56efa8c1a99720
[DBG] |   |   |   |   + ChapterTimeStart=5642845541
[DBG] |   |   |   |   + ChapterFlagHidden=no
[DBG] |   |   |   |   + ChapterTimeEnd=6337873208
[DBG] |   |   |   |   + ChapterDisplay
[DBG] |   |   |   |   |   + ChapterString=Chapter 09
[DBG] |   |   |   |   |   + ChapterLanguage=eng
[DBG] |   |   |   + ChapterAtom (level=0)
[DBG] |   |   |   |   + ChapterUID=d8355c87bf2c7226
[DBG] |   |   |   |   + ChapterTimeStart=6337873208
[DBG] |   |   |   |   + ChapterFlagHidden=no
[DBG] |   |   |   |   + ChapterTimeEnd=7063556500
[DBG] |   |   |   |   + ChapterDisplay
[DBG] |   |   |   |   |   + ChapterString=Chapter 10
[DBG] |   |   |   |   |   + ChapterLanguage=eng
[DBG] |   |   |   + ChapterAtom (level=0)
[DBG] |   |   |   |   + ChapterUID=b9e58f4978c89894
[DBG] |   |   |   |   + ChapterTimeStart=7063556500
[DBG] |   |   |   |   + ChapterFlagHidden=no
[DBG] |   |   |   |   + ChapterTimeEnd=7841416916
[DBG] |   |   |   |   + ChapterDisplay
[DBG] |   |   |   |   |   + ChapterString=Chapter 11
[DBG] |   |   |   |   |   + ChapterLanguage=eng
[DBG] |   |   |   + ChapterAtom (level=0)
[DBG] |   |   |   |   + ChapterUID=7ec30063235a7997
[DBG] |   |   |   |   + ChapterTimeStart=7841416916
[DBG] |   |   |   |   + ChapterFlagHidden=no
[DBG] |   |   |   |   + ChapterTimeEnd=8476217750
[DBG] |   |   |   |   + ChapterDisplay
[DBG] |   |   |   |   |   + ChapterString=Chapter 12
[DBG] |   |   |   |   |   + ChapterLanguage=eng
[DBG] |   - tags at 58483320462
[DBG] resolving 192.168.1.250 ...
[DBG] outgoing request:
GET /stream/4 HTTP/1.1
Host: 192.168.1.250:8093
Accept: */*
Accept-Language: en_US
User-Agent: VLC/4.0.0-dev LibVLC/4.0.0-dev
If-Unmodified-Since: Sat, 18 Jul 2026 03:52:34 GMT
Range: bytes=58483320462-


[DBG] incoming response:
HTTP/1.1 206 Partial Content
Accept-Ranges: bytes
Content-Length: 2075
Content-Range: bytes 58483320462-58483322536/58483322537
Content-Type: video/x-matroska
Last-Modified: Sat, 18 Jul 2026 03:52:34 GMT
Date: Mon, 14 Sep 2026 14:14:42 GMT


[DBG] connection failed
[DBG] end of stream
[DBG] |   + Tags
[DBG] + Tag
[DBG] |   + Targets
[DBG] |   |   + TrackUID: 1
[DBG] |   |   + TargetType: MOVIE
[DBG] |   + Simple Tag 
[DBG] |   |   + Meta BPS: 49979184
[DBG] |   + Simple Tag 
[DBG] |   |   + Meta DURATION: 02:21:16.217750000
[DBG] |   + Simple Tag 
[DBG] |   |   + Meta NUMBER_OF_FRAMES: 203226
[DBG] |   + Simple Tag 
[DBG] |   |   + Meta NUMBER_OF_BYTES: 52954301233
[DBG] |   + Simple Tag 
[DBG] |   |   + Meta SOURCE_ID: 001011
[DBG] |   + Simple Tag 
[DBG] |   |   + Meta _STATISTICS_WRITING_APP: MakeMKV v1.18.4 darwin(arm64-release)
[DBG] |   + Simple Tag 
[DBG] |   |   + Meta _STATISTICS_WRITING_DATE_UTC: 2026-07-18 02:53:09
[DBG] |   + Simple Tag 
[DBG] |   |   + Meta _STATISTICS_TAGS: BPS DURATION NUMBER_OF_FRAMES NUMBER_OF_BYTES SOURCE_ID
[DBG] + Tag
[DBG] |   + Targets
[DBG] |   |   + TrackUID: 2
[DBG] |   |   + TargetType: MOVIE
[DBG] |   + Simple Tag 
[DBG] |   |   + Meta BPS: 4278858
[DBG] |   + Simple Tag 
[DBG] |   |   + Meta DURATION: 02:21:16.217500000
[DBG] |   + Simple Tag 
[DBG] |   |   + Meta NUMBER_OF_FRAMES: 10171461
[DBG] |   + Simple Tag 
[DBG] |   |   + Meta NUMBER_OF_BYTES: 4533566668
[DBG] |   + Simple Tag 
[DBG] |   |   + Meta SOURCE_ID: 001100
[DBG] |   + Simple Tag 
[DBG] |   |   + Meta _STATISTICS_WRITING_APP: MakeMKV v1.18.4 darwin(arm64-release)
[DBG] |   + Simple Tag 
[DBG] |   |   + Meta _STATISTICS_WRITING_DATE_UTC: 2026-07-18 02:53:09
[DBG] |   + Simple Tag 
[DBG] |   |   + Meta _STATISTICS_TAGS: BPS DURATION NUMBER_OF_FRAMES NUMBER_OF_BYTES SOURCE_ID
[DBG] + Tag
[DBG] |   + Targets
[DBG] |   |   + TrackUID: 3
[DBG] |   |   + TargetType: MOVIE
[DBG] |   + Simple Tag 
[DBG] |   |   + Meta BPS: 448000
[DBG] |   + Simple Tag 
[DBG] |   |   + Meta DURATION: 02:21:16.224000000
[DBG] |   + Simple Tag 
[DBG] |   |   + Meta NUMBER_OF_FRAMES: 264882
[DBG] |   + Simple Tag 
[DBG] |   |   + Meta NUMBER_OF_BYTES: 474668544
[DBG] |   + Simple Tag 
[DBG] |   |   + Meta SOURCE_ID: 001100
[DBG] |   + Simple Tag 
[DBG] |   |   + Meta _STATISTICS_WRITING_APP: MakeMKV v1.18.4 darwin(arm64-release)
[DBG] |   + Simple Tag 
[DBG] |   |   + Meta _STATISTICS_WRITING_DATE_UTC: 2026-07-18 02:53:09
[DBG] |   + Simple Tag 
[DBG] |   |   + Meta _STATISTICS_TAGS: BPS DURATION NUMBER_OF_FRAMES NUMBER_OF_BYTES SOURCE_ID
[DBG] + Tag
[DBG] |   + Targets
[DBG] |   |   + TrackUID: 4
[DBG] |   |   + TargetType: MOVIE
[DBG] |   + Simple Tag 
[DBG] |   |   + Meta BPS: 448000
[DBG] |   + Simple Tag 
[DBG] |   |   + Meta DURATION: 02:21:16.224000000
[DBG] |   + Simple Tag 
[DBG] |   |   + Meta NUMBER_OF_FRAMES: 264882
[DBG] |   + Simple Tag 
[DBG] |   |   + Meta NUMBER_OF_BYTES: 474668544
[DBG] |   + Simple Tag 
[DBG] |   |   + Meta SOURCE_ID: 001101
[DBG] |   + Simple Tag 
[DBG] |   |   + Meta _STATISTICS_WRITING_APP: MakeMKV v1.18.4 darwin(arm64-release)
[DBG] |   + Simple Tag 
[DBG] |   |   + Meta _STATISTICS_WRITING_DATE_UTC: 2026-07-18 02:53:09
[DBG] |   + Simple Tag 
[DBG] |   |   + Meta _STATISTICS_TAGS: BPS DURATION NUMBER_OF_FRAMES NUMBER_OF_BYTES SOURCE_ID
[DBG] + Tag
[DBG] |   + Targets
[DBG] |   |   + TrackUID: 5
[DBG] |   |   + TargetType: MOVIE
[DBG] |   + Simple Tag 
[DBG] |   |   + Meta BPS: 29579
[DBG] |   + Simple Tag 
[DBG] |   |   + Meta DURATION: 02:20:19.890645833
[DBG] |   + Simple Tag 
[DBG] |   |   + Meta NUMBER_OF_FRAMES: 3654
[DBG] |   + Simple Tag 
[DBG] |   |   + Meta NUMBER_OF_BYTES: 31131628
[DBG] |   + Simple Tag 
[DBG] |   |   + Meta SOURCE_ID: 0012A0
[DBG] |   + Simple Tag 
[DBG] |   |   + Meta _STATISTICS_WRITING_APP: MakeMKV v1.18.4 darwin(arm64-release)
[DBG] |   + Simple Tag 
[DBG] |   |   + Meta _STATISTICS_WRITING_DATE_UTC: 2026-07-18 02:53:09
[DBG] |   + Simple Tag 
[DBG] |   |   + Meta _STATISTICS_TAGS: BPS DURATION NUMBER_OF_FRAMES NUMBER_OF_BYTES SOURCE_ID
[DBG] loading tags done.
[DBG] resolving 192.168.1.250 ...
[DBG] outgoing request:
GET /stream/4 HTTP/1.1
Host: 192.168.1.250:8093
Accept: */*
Accept-Language: en_US
User-Agent: VLC/4.0.0-dev LibVLC/4.0.0-dev
If-Unmodified-Since: Sat, 18 Jul 2026 03:52:34 GMT
Range: bytes=183-


[DBG] incoming response:
HTTP/1.1 206 Partial Content
Accept-Ranges: bytes
Content-Length: 58483322354
Content-Range: bytes 183-58483322536/58483322537
Content-Type: video/x-matroska
Last-Modified: Sat, 18 Jul 2026 03:52:34 GMT
Date: Mon, 14 Sep 2026 14:14:42 GMT


[DBG] |   + Void
[DBG] |   + Information
[DBG] |   + Tracks
[DBG] |   + Chapters
[DBG] |   + Void
[DBG] |   + Cluster
[DBG] Virtual chapter  Chapter 01 from 0 to 626876250 - 
[DBG] Virtual chapter  Chapter 02 from 626876250 to 1392182458 - 
[DBG] Virtual chapter  Chapter 03 from 1392182458 to 1990488500 - 
[DBG] Virtual chapter  Chapter 04 from 1990488500 to 2635132500 - 
[DBG] Virtual chapter  Chapter 05 from 2635132500 to 3265553958 - 
[DBG] Virtual chapter  Chapter 06 from 3265553958 to 4057928875 - 
[DBG] Virtual chapter  Chapter 07 from 4057928875 to 4949903291 - 
[DBG] Virtual chapter  Chapter 08 from 4949903291 to 5642845541 - 
[DBG] Virtual chapter  Chapter 09 from 5642845541 to 6337873208 - 
[DBG] Virtual chapter  Chapter 10 from 6337873208 to 7063556500 - 
[DBG] Virtual chapter  Chapter 11 from 7063556500 to 7841416916 - 
[DBG] Virtual chapter  Chapter 12 from 7841416916 to 8476217750 - 
[DBG] Virtual chapter  from 0 to -1 - 
[DBG] NEW START CHAPTER uid=5882265559229950143
[DBG] found 5 es
[DBG] selecting program id=0
[DBG] ES track added: 'video/1' (fourcc: 'hevc')
[DBG] ES track added: 'audio/2' (fourcc: 'mlpa')
10:14:42.060 AM [player] track added video/1 type=1
[DBG] ES track added: 'audio/3' (fourcc: 'a52 ')
[DBG] ES track added: 'audio/4' (fourcc: 'a52 ')
10:14:42.060 AM [player] track added audio/2 type=0
[DBG] ES track added: 'spu/5' (fourcc: 'bdpg')
[DBG] seek: preroll{ track: 1, pts: 0, fpos: 3592 skip: 3592} 
10:14:42.061 AM [player] track added audio/3 type=0
[DBG] seek: preroll{ req: 1, start-pts: 1, start-fpos: 3592} 
[DBG] using demux module "mkv"
10:14:42.061 AM [player] track added audio/4 type=0
10:14:42.061 AM [player] track added spu/5 type=2
[DBG] looking for video decoder module matching "any": 14 candidates
10:14:42.061 AM [player] length 8476217 ms
[DBG] vout: none found
[DBG] vout change: decoder size
[DBG] vout change: visible size
[DBG] looking for text renderer module matching "freetype": 2 candidates
[DBG] using text renderer module "freetype"
[DBG] looking for video converter module matching "any": 13 candidates
[DBG] 32x32 (32x32) chroma: YUVA colorspace: Undefined -> 16x16 (16x16) chroma: RGBA colorspace: Undefined with scaling using Bicubic (good quality)
[DBG] using video converter module "swscale"
[DBG] looking for video converter module matching "any": 13 candidates
[DBG] YUVP to YUVA converter
[DBG] using video converter module "yuvp"
[DBG] Deinterlacing available
[DBG] deinterlace -1, mode auto, is_needed 0
[DBG] looking for vout window module matching "any": 2 candidates
[DBG] resized to 1920x1080
[DBG] using vout window module "uiview_window"
[DBG] looking for inhibit module matching "any": 1 candidates
[DBG] using inhibit module "uikit_inhibit"
[DBG] looking for decoder device module matching "any": 1 candidates
[DBG] using decoder device module "videotoolbox"
[DBG] new VPS parsed: 0
[DBG] new SPS parsed: 0
[DBG] new PPS parsed: 0
[WARN] forcing output chroma (kCVPixelFormatType): x420
[INF] Using Video Toolbox to decode 'hevc'
[DBG] using video decoder module "videotoolbox"
[DBG] ES track selected: 'video/1' (fourcc: 'hevc')
[DBG] looking for audio packetizer module matching "any": 11 candidates
[DBG] using audio packetizer module "mlp"
[DBG] looking for audio decoder module matching "any": 15 candidates
[DBG] reusing audio output
[ERR] too low audio sample frequency (0)
10:14:42.082 AM [player] track selected type=1 selected=video/1 unselected=
[DBG] keeping audio output
[DBG] using Lavc63.1.100
[DBG] CPU flags: 0x00062360
[DBG] codec (truehd) started
[DBG] using audio decoder module "avcodec"
[DBG] ES track selected: 'audio/2' (fourcc: 'mlpa')
[DBG] looking for meta reader module matching "any": 1 candidates
[DBG] no meta reader modules matched with name any
10:14:42.082 AM [player] track selected type=0 selected=audio/2 unselected=
[DBG] `http://192.168.1.250:8093/stream/4' successfully opened
10:14:42.083 AM [player] state Playing at 0 ms
[DBG] program(0): using clock source: 'audio'
[DBG] Buffering 0%
[INF] MLP channels: 8 samplerate: 48000
[DBG] restarting module due to input format change
[DBG] 'decoder in/packetizer out' i_rate 0 / 48000
[DBG] 'decoder in/packetizer out' i_channels 0 / 8
[DBG] removing "audio decoder" module "avcodec"
[DBG] looking for audio decoder module matching "any": 15 candidates
[DBG] reusing audio output
[WARN] failed to start passthrough audio output, failing back to linear format
[DBG] keeping audio output
[DBG] using Lavc63.1.100
[DBG] CPU flags: 0x00062360
[DBG] codec (truehd) started
[DBG] using audio decoder module "avcodec"
[DBG] reusing audio output
[DBG] Buffering 4%
[DBG] Buffering 9%
10:14:42.085 AM [player] buffering 0.0
[DBG] Buffering 16%
[DBG] Buffering 20%
[DBG] Buffering 29%
[DBG] Buffering 37%
[DBG] session accepted first frame 1
[DBG] Buffering 41%
[DBG] Buffering 49%
[DBG] Buffering 58%
[DBG] Buffering 62%
[DBG] Buffering 69%
[DBG] Buffering 79%
[DBG] Buffering 83%
[DBG] Buffering 89%
[DBG] output chroma (kCVPixelFormatType): x420
[DBG] vout change: chroma
[DBG] requested window size: 3840x2160
[DBG] deinterlace -1, mode auto, is_needed 0
[DBG] Opening vout display wrapper
[DBG] looking for vout display module matching "any": 3 candidates
[DBG] using vout display module "samplebufferdisplay"
[DBG] original format sz 3840x2160, of (0,0), vsz 3840x2160, 4cc CVPP, sar 1:1, orient: normal
[DBG] removing "text renderer" module "freetype"
[DBG] looking for text renderer module matching "freetype": 2 candidates
[DBG] using text renderer module "freetype"
[DBG] requested window size: 3840x2160
[DBG] resetting projection_mode to 0
[DBG] setting projection_mode to 0
10:14:42.104 AM [player] buffering 1.0
[DBG] Stream buffering done (1000 ms in 21 ms)
[DBG] Received first picture
[DBG] resized to 3840x2160
[DBG] Output on HDMI, channel count: 8
[DBG] swapping Surround and RearSurround channels for 7.1 Rear Surround
[DBG] VLC keeping the same input layout
[DBG] output 'f32l' 48000 Hz 3F2M2R/LFE frame=1 samples/32 bytes
[DBG] looking for audio volume module matching "any": 2 candidates
[DBG] using audio volume module "float_mixer"
[DBG] input 's32l' 48000 Hz 3F2M2R/LFE frame=1 samples/32 bytes
[DBG] looking for audio filter module matching "scaletempo": 1 candidates
[DBG] format: 48000 rate, 8 nch, 4 bps, fl32
[DBG] params: 30 stride, 0.200 overlap, 14 search
[DBG] 1.000 scale, 1440.000 stride_in, 1440 stride_out, 1152 standing, 288 overlap, 672 search, 2400 queue, fl32 mode
[DBG] using audio filter module "scaletempo"
[DBG] conversion: 's32l'->'f32l' 48000 Hz->48000 Hz 3F2M2R/LFE->3F2M2R/LFE
[DBG] looking for audio converter module matching "any": 8 candidates
[DBG] s32l->f32l, bits per sample: 32->32
[DBG] using audio converter module "audio_format"
[DBG] conversion pipeline complete
[DBG] conversion: 'f32l'->'f32l' 48000 Hz->48000 Hz 3F2M2R/LFE->3F2M2R/LFE
[DBG] conversion pipeline complete
[DBG] looking for audio resampler module matching "soxr": 2 candidates
[DBG] Using SoX Resampler with 'cr32s' engine and 'Medium 16-bit with medium roll-off' quality to convert f32l/48000Hz to f32l/48000Hz.
[DBG] using audio resampler module "soxr"
[DBG] Decoder wait done in 72 ms
[DBG] deferring start (95146 us)
[DBG] deferring start (90122 us)
[DBG] deferring start (89069 us)
[DBG] deferring start (88086 us)
[DBG] deferring start (87148 us)
[DBG] deferring start (86163 us)
[DBG] deferring start (85200 us)
[DBG] deferring start (84237 us)
[DBG] deferring start (83280 us)
[DBG] deferring start (82321 us)
[DBG] deferring start (81385 us)
[DBG] deferring start (80435 us)
[DBG] deferring start (79395 us)
[DBG] deferring start (78434 us)
[DBG] deferring start (77470 us)
[DBG] deferring start (76502 us)
[DBG] deferring start (75539 us)
[DBG] deferring start (74580 us)
[DBG] deferring start (73603 us)
[DBG] deferring start (72659 us)
[DBG] deferring start (71693 us)
[DBG] deferring start (71550 us)
[DBG] deferring start (71424 us)
[DBG] deferring start (71294 us)
[DBG] deferring start (71175 us)
[DBG] deferring start (71041 us)
[DBG] deferring start (70874 us)
[DBG] deferring start (70718 us)
[DBG] deferring start (71329 us)
[DBG] deferring start (70390 us)
[DBG] deferring start (70234 us)
[DBG] deferring start (69939 us)
[DBG] deferring start (69699 us)
[DBG] deferring start (70363 us)
[DBG] deferring start (69414 us)
[DBG] deferring start (70103 us)
[DBG] deferring start (69176 us)
[DBG] deferring start (69872 us)
[DBG] deferring start (68965 us)
[DBG] deferring start (68870 us)
[DBG] deferring start (68775 us)
[DBG] deferring start (68684 us)
[DBG] deferring start (68586 us)
[DBG] deferring start (68499 us)
[DBG] deferring start (68408 us)
[DBG] deferring start (68317 us)
[DBG] deferring start (68229 us)
[DBG] deferring start (68138 us)
[DBG] deferring start (68047 us)
[DBG] deferring start (67966 us)
[DBG] deferring start (67852 us)
[DBG] deferring start (67744 us)
[DBG] deferring start (75073 us)
[DBG] deferring start (74157 us)
[DBG] deferring start (73248 us)
[DBG] deferring start (72335 us)
[DBG] deferring start (71423 us)
[DBG] deferring start (70513 us)
[DBG] deferring start (69603 us)
[DBG] deferring start (68687 us)
[DBG] deferring start (67779 us)
[DBG] deferring start (66875 us)
[DBG] deferring start (66761 us)
[DBG] deferring start (66682 us)
[DBG] deferring start (66602 us)
[DBG] deferring start (66520 us)
[DBG] deferring start (66439 us)
[DBG] deferring start (66329 us)
[DBG] deferring start (66242 us)
[DBG] deferring start (66165 us)
[DBG] deferring start (66090 us)
[DBG] deferring start (66001 us)
[DBG] deferring start (66710 us)
[DBG] deferring start (65804 us)
[DBG] deferring start (72294 us)
[DBG] deferring start (71346 us)
[DBG] deferring start (70381 us)
[DBG] deferring start (69469 us)
[DBG] deferring start (68566 us)
[DBG] deferring start (67656 us)
[DBG] deferring start (66747 us)
[DBG] deferring start (65841 us)
[DBG] deferring start (64939 us)
[DBG] deferring start (64836 us)
[DBG] deferring start (64753 us)
[DBG] deferring start (64669 us)
[DBG] deferring start (64588 us)
[DBG] deferring start (64499 us)
[DBG] deferring start (64410 us)
[DBG] deferring start (64322 us)
[DBG] deferring start (64236 us)
[DBG] deferring start (64148 us)
[DBG] deferring start (64057 us)
[DBG] deferring start (63959 us)
[DBG] deferring start (63876 us)
[DBG] deferring start (63785 us)
[DBG] deferring start (63697 us)
[DBG] deferring start (63617 us)
[DBG] deferring start (63534 us)
[DBG] deferring start (63455 us)
[DBG] deferring start (63362 us)
[DBG] deferring start (67409 us)
[DBG] deferring start (66506 us)
[DBG] deferring start (65603 us)
[DBG] deferring start (64700 us)
[DBG] deferring start (63798 us)
[DBG] deferring start (62896 us)
[DBG] deferring start (62799 us)
[DBG] deferring start (63541 us)
[DBG] deferring start (62630 us)
[DBG] deferring start (62546 us)
[DBG] deferring start (62465 us)
[DBG] deferring start (62388 us)
[DBG] deferring start (62307 us)
[DBG] deferring start (62222 us)
[DBG] deferring start (62143 us)
[DBG] deferring start (62060 us)
[DBG] deferring start (61985 us)
[DBG] deferring start (61899 us)
[DBG] deferring start (61816 us)
[DBG] deferring start (61736 us)
[DBG] deferring start (61655 us)
[DBG] deferring start (61572 us)
[DBG] deferring start (61491 us)
[DBG] deferring start (61411 us)
[DBG] deferring start (61327 us)
[DBG] deferring start (61247 us)
[DBG] deferring start (61168 us)
[DBG] deferring start (61084 us)
[DBG] deferring start (61002 us)
[DBG] deferring start (60924 us)
[DBG] deferring start (60846 us)
[DBG] deferring start (60762 us)
[DBG] deferring start (67267 us)
[DBG] deferring start (66367 us)
[DBG] deferring start (65452 us)
[DBG] deferring start (64492 us)
[DBG] deferring start (63530 us)
[DBG] deferring start (62629 us)
[DBG] deferring start (61729 us)
[DBG] deferring start (60825 us)
[DBG] deferring start (59926 us)
[DBG] deferring start (64794 us)
[DBG] deferring start (63894 us)
[DBG] deferring start (62994 us)
[DBG] deferring start (62094 us)
[DBG] deferring start (61192 us)
[DBG] deferring start (60294 us)
[DBG] deferring start (59392 us)
[DBG] deferring start (59314 us)
[DBG] deferring start (59237 us)
[DBG] deferring start (59149 us)
[DBG] deferring start (59061 us)
[DBG] deferring start (58985 us)
[DBG] deferring start (58904 us)
[DBG] deferring start (58824 us)
[DBG] deferring start (65242 us)
[DBG] deferring start (64332 us)
[DBG] deferring start (63432 us)
[DBG] deferring start (62535 us)
[DBG] deferring start (61637 us)
[DBG] deferring start (60737 us)
[DBG] deferring start (59839 us)
[DBG] deferring start (58943 us)
[DBG] deferring start (58044 us)
[DBG] deferring start (57967 us)
[DBG] deferring start (57893 us)
[DBG] deferring start (57809 us)
[DBG] deferring start (57730 us)
[DBG] deferring start (57654 us)
[DBG] deferring start (57575 us)
[DBG] deferring start (57496 us)
[DBG] deferring start (57422 us)
[DBG] deferring start (57341 us)
[DBG] deferring start (57261 us)
[DBG] deferring start (57184 us)
[DBG] deferring start (57100 us)
[DBG] deferring start (56992 us)
[DBG] deferring start (61868 us)
[DBG] deferring start (60962 us)
[DBG] deferring start (60060 us)
[DBG] deferring start (59161 us)
[DBG] deferring start (58254 us)
[DBG] deferring start (57356 us)
[DBG] deferring start (56449 us)
[DBG] deferring start (56368 us)
[DBG] deferring start (56290 us)
[DBG] deferring start (56200 us)
[DBG] deferring start (56118 us)
[DBG] deferring start (56039 us)
[DBG] deferring start (55964 us)
[DBG] deferring start (55886 us)
[DBG] deferring start (55809 us)
[DBG] deferring start (55733 us)
[DBG] deferring start (55653 us)
[DBG] deferring start (55575 us)
[DBG] deferring start (55496 us)
[DBG] deferring start (55408 us)
[DBG] deferring start (55329 us)
[DBG] deferring start (55246 us)
[DBG] deferring start (55935 us)
[DBG] deferring start (55032 us)
[DBG] deferring start (54953 us)
[DBG] deferring start (54872 us)
[DBG] deferring start (54794 us)
[DBG] deferring start (54718 us)
[DBG] deferring start (54640 us)
[DBG] deferring start (54566 us)
[DBG] deferring start (54448 us)
[DBG] deferring start (54370 us)
[DBG] deferring start (54294 us)
[DBG] deferring start (54224 us)
[DBG] deferring start (54138 us)
[DBG] deferring start (55711 us)
[DBG] deferring start (54811 us)
[DBG] deferring start (53911 us)
[DBG] deferring start (53828 us)
[DBG] deferring start (53752 us)
[DBG] deferring start (53673 us)
[DBG] deferring start (53591 us)
[DBG] deferring start (53511 us)
[DBG] deferring start (53436 us)
[DBG] deferring start (53353 us)
[DBG] deferring start (53272 us)
[DBG] deferring start (53195 us)
[DBG] deferring start (53117 us)
[DBG] deferring start (53042 us)
[DBG] deferring start (52958 us)
[DBG] deferring start (52879 us)
[DBG] deferring start (52801 us)
[DBG] deferring start (52714 us)
[DBG] deferring start (52627 us)
[DBG] deferring start (53370 us)
[DBG] deferring start (52455 us)
[DBG] deferring start (61425 us)
[DBG] deferring start (60511 us)
[DBG] deferring start (59595 us)
[DBG] deferring start (58686 us)
[DBG] deferring start (57760 us)
[DBG] deferring start (56843 us)
[DBG] deferring start (55927 us)
[DBG] deferring start (55022 us)
[DBG] deferring start (54115 us)
[DBG] deferring start (53206 us)
[DBG] deferring start (52299 us)
[DBG] deferring start (51375 us)
[DBG] deferring start (51284 us)
[DBG] deferring start (51193 us)
[DBG] deferring start (51091 us)
[DBG] deferring start (51000 us)
[DBG] deferring start (50914 us)
[DBG] deferring start (50818 us)
[DBG] deferring start (50738 us)
[DBG] deferring start (50656 us)
[DBG] deferring start (50555 us)
[DBG] deferring start (50474 us)
[DBG] deferring start (50392 us)
[DBG] deferring start (50307 us)
[DBG] deferring start (50223 us)
[DBG] deferring start (50145 us)
[DBG] deferring start (50073 us)
[DBG] deferring start (49951 us)
[DBG] deferring start (49853 us)
[DBG] deferring start (49769 us)
[DBG] deferring start (49687 us)
[DBG] deferring start (49603 us)
[DBG] deferring start (49485 us)
[DBG] deferring start (49400 us)
[DBG] deferring start (49318 us)
[DBG] deferring start (49235 us)
[DBG] deferring start (49152 us)
[DBG] deferring start (49070 us)
[DBG] deferring start (48986 us)
[DBG] deferring start (48901 us)
[DBG] deferring start (48813 us)
[DBG] deferring start (48728 us)
[DBG] deferring start (48644 us)
[DBG] deferring start (48562 us)
[DBG] deferring start (48483 us)
[DBG] deferring start (48398 us)
[DBG] deferring start (48313 us)
[DBG] deferring start (48230 us)
[DBG] deferring start (48054 us)
[DBG] deferring start (47963 us)
[DBG] deferring start (47886 us)
[DBG] deferring start (47789 us)
[DBG] deferring start (52661 us)
[DBG] deferring start (51756 us)
[DBG] deferring start (50851 us)
[DBG] deferring start (49945 us)
[DBG] deferring start (49042 us)
[DBG] deferring start (48141 us)
[DBG] deferring start (47239 us)
[DBG] deferring start (47157 us)
[DBG] deferring start (47072 us)
[DBG] deferring start (46990 us)
[DBG] deferring start (46906 us)
[DBG] deferring start (46823 us)
[DBG] deferring start (46739 us)
[DBG] deferring start (46655 us)
[DBG] deferring start (46574 us)
[DBG] deferring start (46492 us)
[DBG] deferring start (46410 us)
[DBG] deferring start (46330 us)
[DBG] deferring start (46251 us)
[DBG] deferring start (46170 us)
[DBG] deferring start (46090 us)
[DBG] deferring start (46012 us)
[DBG] deferring start (45931 us)
[DBG] deferring start (45851 us)
[DBG] deferring start (45776 us)
[DBG] deferring start (45689 us)
[DBG] deferring start (45557 us)
[DBG] deferring start (45451 us)
[DBG] deferring start (45369 us)
[DBG] deferring start (45285 us)
[DBG] deferring start (45201 us)
[DBG] deferring start (45118 us)
[DBG] deferring start (45037 us)
[DBG] deferring start (44956 us)
[DBG] deferring start (44868 us)
[DBG] deferring start (44784 us)
[DBG] deferring start (44703 us)
[DBG] deferring start (44620 us)
[DBG] deferring start (44540 us)
[DBG] deferring start (44462 us)
[DBG] deferring start (44379 us)
[DBG] deferring start (44294 us)
[DBG] deferring start (44211 us)
[DBG] deferring start (44128 us)
[DBG] deferring start (44046 us)
[DBG] deferring start (43965 us)
[DBG] deferring start (43882 us)
[DBG] deferring start (43797 us)
[DBG] deferring start (43712 us)
[DBG] deferring start (49407 us)
[DBG] deferring start (48500 us)
[DBG] deferring start (47594 us)
[DBG] deferring start (46686 us)
[DBG] deferring start (45774 us)
[DBG] deferring start (44860 us)
[DBG] deferring start (43944 us)
[DBG] deferring start (43032 us)
[DBG] deferring start (42948 us)
[DBG] deferring start (42859 us)
[DBG] deferring start (42760 us)
[DBG] deferring start (42667 us)
[DBG] deferring start (42579 us)
[DBG] deferring start (42492 us)
[DBG] deferring start (42406 us)
[DBG] deferring start (42319 us)
[DBG] deferring start (42231 us)
[DBG] deferring start (42142 us)
[DBG] deferring start (42059 us)
[DBG] deferring start (41970 us)
[DBG] deferring start (41882 us)
[DBG] deferring start (41795 us)
[DBG] deferring start (41714 us)
[DBG] deferring start (41631 us)
[DBG] deferring start (41545 us)
[DBG] deferring start (41448 us)
[DBG] deferring start (41343 us)
[DBG] deferring start (41261 us)
[DBG] deferring start (41172 us)
[DBG] deferring start (41082 us)
[DBG] deferring start (41000 us)
[DBG] deferring start (40914 us)
[DBG] deferring start (40825 us)
[DBG] deferring start (40742 us)
[DBG] deferring start (40651 us)
[DBG] deferring start (40568 us)
[DBG] deferring start (40484 us)
[DBG] deferring start (40402 us)
[DBG] deferring start (40296 us)
[DBG] deferring start (40208 us)
[DBG] deferring start (40121 us)
[DBG] deferring start (40028 us)
[DBG] deferring start (39939 us)
[DBG] deferring start (39851 us)
[DBG] deferring start (39764 us)
[DBG] deferring start (39669 us)
[DBG] deferring start (42026 us)
[DBG] deferring start (41118 us)
[DBG] deferring start (40163 us)
[DBG] deferring start (39241 us)
[DBG] deferring start (39156 us)
[DBG] deferring start (39075 us)
[DBG] deferring start (38992 us)
[DBG] deferring start (38905 us)
[DBG] deferring start (38821 us)
[DBG] deferring start (38740 us)
[DBG] deferring start (38649 us)
[DBG] deferring start (38559 us)
[DBG] deferring start (38469 us)
[DBG] deferring start (38381 us)
[DBG] deferring start (38292 us)
[DBG] deferring start (38199 us)
[DBG] deferring start (38109 us)
[DBG] deferring start (38027 us)
[DBG] deferring start (37939 us)
[DBG] deferring start (37852 us)
[DBG] deferring start (37762 us)
[DBG] deferring start (37679 us)
[DBG] deferring start (37591 us)
[DBG] deferring start (37499 us)
[DBG] deferring start (37416 us)
[DBG] deferring start (37329 us)
[DBG] deferring start (37245 us)
[DBG] deferring start (37153 us)
[DBG] deferring start (37066 us)
[DBG] deferring start (36977 us)
[DBG] deferring start (36887 us)
[DBG] deferring start (36806 us)
[DBG] deferring start (36722 us)
[DBG] deferring start (36633 us)
[DBG] deferring start (36554 us)
[DBG] deferring start (36473 us)
[DBG] deferring start (36390 us)
[DBG] deferring start (36307 us)
[DBG] deferring start (36203 us)
[DBG] deferring start (36105 us)
[DBG] deferring start (36024 us)
[DBG] deferring start (35941 us)
[DBG] deferring start (38336 us)
[DBG] deferring start (37433 us)
[DBG] deferring start (36526 us)
[DBG] deferring start (35620 us)
[DBG] deferring start (35543 us)
[DBG] deferring start (35466 us)
[DBG] deferring start (35390 us)
[DBG] deferring start (35315 us)
[DBG] deferring start (35231 us)
[DBG] deferring start (35148 us)
[DBG] deferring start (35067 us)
[DBG] deferring start (34984 us)
[DBG] deferring start (34892 us)
[DBG] deferring start (35619 us)
[DBG] deferring start (34713 us)
[DBG] deferring start (34632 us)
[DBG] deferring start (34559 us)
[DBG] deferring start (34468 us)
[DBG] deferring start (41810 us)
[DBG] deferring start (40907 us)
[DBG] deferring start (39999 us)
[DBG] deferring start (39090 us)
[DBG] deferring start (38185 us)
[DBG] deferring start (37280 us)
[DBG] deferring start (36377 us)
[DBG] deferring start (35471 us)
[DBG] deferring start (34563 us)
[DBG] deferring start (33646 us)
[DBG] deferring start (33566 us)
[DBG] deferring start (33484 us)
[DBG] deferring start (33404 us)
[DBG] deferring start (33312 us)
[DBG] deferring start (33222 us)
[DBG] deferring start (33137 us)
[DBG] deferring start (33054 us)
[DBG] deferring start (32972 us)
[DBG] deferring start (32893 us)
[DBG] deferring start (32820 us)
[DBG] deferring start (39327 us)
[DBG] deferring start (38423 us)
[DBG] deferring start (37519 us)
[DBG] deferring start (36614 us)
[DBG] deferring start (35710 us)
[DBG] deferring start (34806 us)
[DBG] deferring start (33900 us)
[DBG] deferring start (32996 us)
[DBG] deferring start (32092 us)
[DBG] deferring start (32011 us)
[DBG] deferring start (31925 us)
[DBG] deferring start (31836 us)
[DBG] deferring start (31758 us)
[DBG] deferring start (32452 us)
[DBG] deferring start (31520 us)
[DBG] deferring start (33057 us)
[DBG] deferring start (32149 us)
[DBG] deferring start (31244 us)
[DBG] deferring start (31149 us)
[DBG] deferring start (39285 us)
[DBG] deferring start (38349 us)
[DBG] deferring start (37425 us)
[DBG] deferring start (36519 us)
[DBG] deferring start (35618 us)
[DBG] deferring start (34713 us)
[DBG] deferring start (33797 us)
[DBG] deferring start (32888 us)
[DBG] deferring start (31978 us)
[DBG] deferring start (31067 us)
[DBG] deferring start (30152 us)
[DBG] deferring start (30062 us)
[DBG] deferring start (29973 us)
[DBG] deferring start (29885 us)
[DBG] deferring start (29811 us)
[DBG] deferring start (29719 us)
[DBG] deferring start (36245 us)
[DBG] deferring start (35340 us)
[DBG] deferring start (34437 us)
[DBG] deferring start (33527 us)
[DBG] deferring start (32623 us)
[DBG] deferring start (31716 us)
[DBG] deferring start (30805 us)
[DBG] deferring start (29895 us)
[DBG] deferring start (28981 us)
[DBG] deferring start (28895 us)
[DBG] deferring start (28811 us)
[DBG] deferring start (28715 us)
[DBG] deferring start (28627 us)
[DBG] deferring start (28536 us)
[DBG] deferring start (28452 us)
[DBG] deferring start (28376 us)
[DBG] deferring start (28271 us)
[DBG] deferring start (28183 us)
[DBG] deferring start (28104 us)
[DBG] deferring start (28022 us)
[DBG] deferring start (27934 us)
[DBG] deferring start (27855 us)
[DBG] deferring start (27774 us)
[DBG] deferring start (27692 us)
[DBG] deferring start (27612 us)
[DBG] deferring start (27529 us)
[DBG] deferring start (27450 us)
[DBG] deferring start (33970 us)
[DBG] deferring start (33072 us)
[DBG] deferring start (32171 us)
[DBG] deferring start (31270 us)
[DBG] deferring start (30359 us)
[DBG] deferring start (29450 us)
[DBG] deferring start (28551 us)
[DBG] deferring start (27642 us)
[DBG] deferring start (26730 us)
[DBG] deferring start (26644 us)
[DBG] deferring start (26560 us)
[DBG] deferring start (26481 us)
[DBG] deferring start (26401 us)
[DBG] deferring start (26319 us)
[DBG] deferring start (26239 us)
[DBG] deferring start (26161 us)
[DBG] deferring start (26075 us)
[DBG] deferring start (25996 us)
[DBG] deferring start (25903 us)
[DBG] deferring start (27449 us)
[DBG] deferring start (26539 us)
[DBG] deferring start (25623 us)
[DBG] deferring start (25536 us)
[DBG] deferring start (25455 us)
[DBG] deferring start (25369 us)
[DBG] deferring start (25289 us)
[DBG] deferring start (25209 us)
[DBG] deferring start (25128 us)
[DBG] deferring start (25048 us)
[DBG] deferring start (24971 us)
[DBG] deferring start (24890 us)
[DBG] deferring start (24808 us)
[DBG] deferring start (25518 us)
[DBG] deferring start (24611 us)
[DBG] deferring start (24518 us)
[DBG] deferring start (24438 us)
[DBG] deferring start (24352 us)
[DBG] deferring start (24272 us)
[DBG] deferring start (24185 us)
[DBG] deferring start (24108 us)
[DBG] deferring start (24022 us)
[DBG] deferring start (23936 us)
[DBG] deferring start (23856 us)
[DBG] deferring start (23779 us)
[DBG] deferring start (23694 us)
[DBG] deferring start (23614 us)
[DBG] deferring start (23528 us)
[DBG] deferring start (23450 us)
[DBG] deferring start (23366 us)
[DBG] deferring start (23287 us)
[DBG] deferring start (23199 us)
[DBG] deferring start (23121 us)
[DBG] deferring start (23029 us)
[DBG] deferring start (22942 us)
[DBG] deferring start (22863 us)
[DBG] deferring start (22771 us)
[DBG] deferring start (23495 us)
[DBG] deferring start (22596 us)
[DBG] deferring start (22516 us)
[DBG] deferring start (22430 us)
[DBG] deferring start (22344 us)
[DBG] deferring start (22258 us)
[DBG] deferring start (22171 us)
[DBG] deferring start (22094 us)
[DBG] deferring start (22009 us)
[DBG] deferring start (21926 us)
[DBG] deferring start (21842 us)
[DBG] deferring start (21758 us)
[DBG] deferring start (21681 us)
[DBG] deferring start (22413 us)
[DBG] deferring start (21503 us)
[DBG] deferring start (21421 us)
[DBG] deferring start (21336 us)
[DBG] deferring start (21253 us)
[DBG] deferring start (21167 us)
[DBG] deferring start (21089 us)
[DBG] deferring start (21004 us)
[DBG] deferring start (20921 us)
[DBG] deferring start (20801 us)
[DBG] deferring start (21494 us)
[DBG] deferring start (20584 us)
[DBG] deferring start (20494 us)
[DBG] deferring start (20407 us)
[DBG] deferring start (20325 us)
[DBG] deferring start (20245 us)
[DBG] deferring start (20165 us)
[DBG] deferring start (20079 us)
[DBG] deferring start (19999 us)
[DBG] deferring start (19913 us)
[DBG] deferring start (21478 us)
[DBG] deferring start (20573 us)
[DBG] deferring start (19660 us)
[DBG] deferring start (19574 us)
[DBG] deferring start (20292 us)
[DBG] deferring start (19383 us)
[DBG] deferring start (19297 us)
[DBG] deferring start (19221 us)
[DBG] deferring start (19107 us)
[DBG] deferring start (19019 us)
[DBG] deferring start (18933 us)
[DBG] deferring start (18854 us)
[DBG] deferring start (18771 us)
[DBG] deferring start (18696 us)
[DBG] deferring start (18618 us)
[DBG] deferring start (18538 us)
[DBG] deferring start (18460 us)
[DBG] deferring start (18379 us)
[DBG] deferring start (18295 us)
[DBG] deferring start (18218 us)
[DBG] deferring start (18128 us)
[DBG] deferring start (18049 us)
[DBG] deferring start (17979 us)
[DBG] deferring start (17872 us)
[DBG] deferring start (17769 us)
[DBG] deferring start (17687 us)
[DBG] deferring start (17596 us)
[DBG] deferring start (17506 us)
[DBG] deferring start (17417 us)
[DBG] deferring start (17319 us)
[DBG] deferring start (17234 us)
[DBG] deferring start (17145 us)
[DBG] deferring start (17061 us)
[DBG] deferring start (16952 us)
[DBG] deferring start (16864 us)
[DBG] deferring start (16772 us)
[DBG] deferring start (16683 us)
[DBG] deferring start (16594 us)
[DBG] deferring start (16505 us)
[DBG] deferring start (16425 us)
[DBG] deferring start (16337 us)
[DBG] deferring start (16254 us)
[DBG] deferring start (16171 us)
[DBG] deferring start (16084 us)
[DBG] deferring start (16001 us)
[DBG] deferring start (17546 us)
[DBG] deferring start (16635 us)
[DBG] deferring start (15724 us)
[DBG] deferring start (15631 us)
[DBG] deferring start (15543 us)
[DBG] deferring start (15449 us)
[DBG] deferring start (15357 us)
[DBG] deferring start (17725 us)
[DBG] deferring start (16813 us)
[DBG] deferring start (15898 us)
[DBG] deferring start (14987 us)
[DBG] deferring start (14901 us)
[DBG] deferring start (14817 us)
[DBG] deferring start (14731 us)
[DBG] deferring start (14640 us)
[DBG] deferring start (14551 us)
[DBG] deferring start (14447 us)
[DBG] deferring start (14358 us)
[DBG] deferring start (14275 us)
[DBG] deferring start (14186 us)
[DBG] deferring start (14097 us)
[DBG] deferring start (13999 us)
[DBG] deferring start (13915 us)
[DBG] deferring start (13825 us)
[DBG] deferring start (13736 us)
[DBG] deferring start (13650 us)
[DBG] deferring start (13560 us)
[DBG] deferring start (14275 us)
[DBG] deferring start (13363 us)
[DBG] deferring start (13273 us)
[DBG] deferring start (13183 us)
[DBG] deferring start (13096 us)
[DBG] deferring start (13011 us)
[DBG] deferring start (12927 us)
[DBG] deferring start (12845 us)
[DBG] deferring start (12765 us)
[DBG] deferring start (12677 us)
[DBG] deferring start (12589 us)
[DBG] deferring start (12504 us)
[DBG] deferring start (12419 us)
[DBG] deferring start (12331 us)
[DBG] deferring start (12241 us)
[DBG] deferring start (12160 us)
[DBG] deferring start (12078 us)
[DBG] deferring start (11989 us)
[DBG] deferring start (11900 us)
[DBG] deferring start (11815 us)
[DBG] deferring start (11730 us)
[DBG] deferring start (11648 us)
[DBG] deferring start (11557 us)
[DBG] deferring start (11475 us)
[DBG] deferring start (11392 us)
[DBG] deferring start (11307 us)
[DBG] deferring start (11218 us)
[DBG] deferring start (11134 us)
[DBG] deferring start (11045 us)
[DBG] deferring start (10955 us)
[DBG] deferring start (10866 us)
[DBG] deferring start (10784 us)
[DBG] deferring start (10695 us)
[DBG] deferring start (10606 us)
[DBG] deferring start (10519 us)
[DBG] deferring start (10435 us)
[DBG] deferring start (10346 us)
[DBG] deferring start (10257 us)
[DBG] deferring start (10167 us)
[DBG] deferring start (10084 us)
[DBG] deferring start (10000 us)
[DBG] deferring start (9915 us)
[DBG] deferring start (9827 us)
[DBG] deferring start (12176 us)
[DBG] deferring start (11266 us)
[DBG] deferring start (10357 us)
[DBG] deferring start (9442 us)
[DBG] deferring start (9337 us)
[DBG] deferring start (9249 us)
[DBG] deferring start (9161 us)
[DBG] deferring start (9070 us)
[DBG] deferring start (8985 us)
[DBG] deferring start (8876 us)
[DBG] deferring start (8788 us)
[DBG] deferring start (8691 us)
[DBG] deferring start (8598 us)
[DBG] deferring start (8508 us)
[DBG] deferring start (8420 us)
[DBG] deferring start (8334 us)
[DBG] deferring start (8239 us)
[DBG] deferring start (8157 us)
[DBG] deferring start (8070 us)
[DBG] deferring start (7986 us)
[DBG] deferring start (7903 us)
[DBG] deferring start (7815 us)
[DBG] deferring start (7720 us)
[DBG] deferring start (7634 us)
[DBG] deferring start (7544 us)
[DBG] deferring start (7461 us)
[DBG] deferring start (7376 us)
[DBG] deferring start (7288 us)
[DBG] deferring start (7204 us)
[DBG] deferring start (7123 us)
[DBG] deferring start (7035 us)
[DBG] deferring start (7751 us)
[DBG] deferring start (6837 us)
[DBG] deferring start (6725 us)
[DBG] deferring start (6642 us)
[DBG] deferring start (6559 us)
[DBG] deferring start (6474 us)
[DBG] deferring start (6378 us)
[DBG] deferring start (6303 us)
[DBG] deferring start (6221 us)
[DBG] deferring start (6138 us)
[DBG] deferring start (6055 us)
[DBG] deferring start (5974 us)
[DBG] deferring start (5890 us)
[DBG] deferring start (5807 us)
[DBG] deferring start (5722 us)
[DBG] deferring start (5635 us)
[DBG] deferring start (5552 us)
[DBG] deferring start (5465 us)
[DBG] deferring start (5380 us)
[DBG] deferring start (5288 us)
[DBG] deferring start (5206 us)
[DBG] deferring start (5122 us)
[DBG] deferring start (5033 us)
[DBG] deferring start (4943 us)
[DBG] deferring start (4853 us)
[DBG] deferring start (4765 us)
[DBG] deferring start (4676 us)
[DBG] deferring start (4585 us)
[DBG] deferring start (4496 us)
[DBG] deferring start (4415 us)
[DBG] deferring start (4324 us)
[DBG] deferring start (4241 us)
[DBG] deferring start (4160 us)
[DBG] deferring start (4071 us)
[DBG] deferring start (3977 us)
[DBG] deferring start (3891 us)
[DBG] deferring start (3800 us)
[DBG] deferring start (3658 us)
[DBG] deferring start (5196 us)
[DBG] deferring start (4282 us)
[DBG] deferring start (3374 us)
[DBG] deferring start (3276 us)
[DBG] deferring start (3154 us)
[DBG] deferring start (3872 us)
[DBG] deferring start (2948 us)
[DBG] deferring start (2866 us)
[DBG] deferring start (2783 us)
[DBG] deferring start (3492 us)
[DBG] deferring start (2576 us)
[DBG] deferring start (2412 us)
[DBG] deferring start (3925 us)
[DBG] deferring start (3004 us)
[DBG] deferring start (2069 us)
[DBG] deferring start (1979 us)
[DBG] deferring start (2666 us)
[DBG] deferring start (1733 us)
[DBG] deferring start (1611 us)
[DBG] deferring start (2352 us)
[DBG] deferring start (1440 us)
[DBG] deferring start (1355 us)
[DBG] deferring start (1981 us)
[DBG] deferring start (1046 us)
[DBG] deferring start (917 us)
[DBG] deferring start (1609 us)
[DBG] deferring start (691 us)
[DBG] deferring start (2221 us)
[DBG] deferring start (1310 us)
[DBG] deferring start (406 us)
[DBG] deferring start (323 us)
[DBG] deferring start (231 us)
[DBG] deferring start (99 us)
[DBG] starting late (0 us)
[DBG] picture displayed late (missing 40 ms)
[WARN] picture is too late to be displayed (missing 43 ms)
[WARN] picture is too late to be displayed (missing 49 ms)
[WARN] picture is too late to be displayed (missing 50 ms)
[WARN] picture is too late to be displayed (missing 41 ms)
[WARN] picture is too late to be displayed (missing 50 ms)
[WARN] picture is too late to be displayed (missing 50 ms)
[WARN] picture is too late to be displayed (missing 52 ms)
[WARN] picture is too late to be displayed (missing 51 ms)
[WARN] picture is too late to be displayed (missing 51 ms)
[WARN] picture is too late to be displayed (missing 51 ms)
[WARN] picture is too late to be displayed (missing 51 ms)
[WARN] picture is too late to be displayed (missing 51 ms)
[WARN] picture is too late to be displayed (missing 51 ms)
[WARN] picture is too late to be displayed (missing 50 ms)
[WARN] picture is too late to be displayed (missing 51 ms)
[WARN] picture is too late to be displayed (missing 51 ms)
[WARN] picture is too late to be displayed (missing 51 ms)
[WARN] picture is too late to be displayed (missing 51 ms)
[WARN] picture is too late to be displayed (missing 46 ms)
[WARN] picture is too late to be displayed (missing 50 ms)
[WARN] picture is too late to be displayed (missing 50 ms)
[WARN] picture is too late to be displayed (missing 48 ms)
[WARN] picture is too late to be displayed (missing 46 ms)
[WARN] picture is too late to be displayed (missing 50 ms)
[WARN] picture is too late to be displayed (missing 49 ms)
[WARN] picture is too late to be displayed (missing 47 ms)
[WARN] picture is too late to be displayed (missing 50 ms)
[WARN] picture is too late to be displayed (missing 49 ms)
[WARN] picture is too late to be displayed (missing 49 ms)
[WARN] picture is too late to be displayed (missing 51 ms)
[WARN] picture is too late to be displayed (missing 46 ms)
[WARN] picture is too late to be displayed (missing 51 ms)
[WARN] picture is too late to be displayed (missing 48 ms)
[WARN] picture is too late to be displayed (missing 46 ms)
[WARN] picture is too late to be displayed (missing 46 ms)
[WARN] picture is too late to be displayed (missing 50 ms)
[WARN] picture is too late to be displayed (missing 48 ms)
[WARN] picture is too late to be displayed (missing 51 ms)
[WARN] picture is too late to be displayed (missing 50 ms)
[WARN] picture is too late to be displayed (missing 51 ms)
[WARN] picture is too late to be displayed (missing 48 ms)
[WARN] picture is too late to be displayed (missing 50 ms)
[WARN] picture is too late to be displayed (missing 47 ms)
[WARN] picture is too late to be displayed (missing 49 ms)
[WARN] picture is too late to be displayed (missing 47 ms)
[WARN] picture is too late to be displayed (missing 51 ms)
[WARN] picture is too late to be displayed (missing 47 ms)
[WARN] picture is too late to be displayed (missing 50 ms)
[WARN] picture is too late to be displayed (missing 51 ms)
[WARN] picture is too late to be displayed (missing 51 ms)
[WARN] picture is too late to be displayed (missing 49 ms)
[WARN] picture is too late to be displayed (missing 50 ms)
[WARN] picture is too late to be displayed (missing 51 ms)
[WARN] picture is too late to be displayed (missing 47 ms)
[WARN] picture is too late to be displayed (missing 51 ms)
[WARN] picture is too late to be displayed (missing 47 ms)
[WARN] picture is too late to be displayed (missing 51 ms)
[WARN] picture is too late to be displayed (missing 50 ms)
[WARN] picture is too late to be displayed (missing 51 ms)
[WARN] picture is too late to be displayed (missing 50 ms)
[WARN] picture is too late to be displayed (missing 51 ms)
[WARN] picture is too late to be displayed (missing 50 ms)
[WARN] picture is too late to be displayed (missing 48 ms)
[WARN] picture is too late to be displayed (missing 47 ms)
[WARN] picture is too late to be displayed (missing 47 ms)
[WARN] picture is too late to be displayed (missing 49 ms)
[WARN] picture is too late to be displayed (missing 46 ms)
[WARN] picture is too late to be displayed (missing 45 ms)
[WARN] picture is too late to be displayed (missing 46 ms)
[WARN] picture is too late to be displayed (missing 49 ms)
[WARN] picture is too late to be displayed (missing 50 ms)
[WARN] picture is too late to be displayed (missing 50 ms)
[WARN] picture is too late to be displayed (missing 51 ms)
[WARN] picture is too late to be displayed (missing 49 ms)
[WARN] picture is too late to be displayed (missing 51 ms)
[WARN] picture is too late to be displayed (missing 49 ms)
[WARN] picture is too late to be displayed (missing 51 ms)
[WARN] picture is too late to be displayed (missing 49 ms)
[WARN] picture is too late to be displayed (missing 48 ms)
[WARN] picture is too late to be displayed (missing 51 ms)
[WARN] picture is too late to be displayed (missing 50 ms)
[WARN] picture is too late to be displayed (missing 51 ms)
[WARN] picture is too late to be displayed (missing 51 ms)
[WARN] picture is too late to be displayed (missing 46 ms)
[DBG] ES_OUT_RESET_PCR called
10:15:13.366 AM [skip] +30 s (click) before=30644 ms target=60644 ms
10:15:13.376 AM [player] buffering 0.0
[DBG] SET_TIME to 60644000
[DBG] seek request to i_pos = 60644000
[DBG] seek: preroll{ track: 1, pts: 59768000, fpos: 120198951 skip: 120198951} 
[DBG] resolving 192.168.1.250 ...
[DBG] outgoing request:
GET /stream/4 HTTP/1.1
Host: 192.168.1.250:8093
Accept: */*
Accept-Language: en_US
User-Agent: VLC/4.0.0-dev LibVLC/4.0.0-dev
If-Unmodified-Since: Sat, 18 Jul 2026 03:52:34 GMT
Range: bytes=120198951-


[DBG] incoming response:
HTTP/1.1 206 Partial Content
Accept-Ranges: bytes
Content-Length: 58363123586
Content-Range: bytes 120198951-58483322536/58483322537
Content-Type: video/x-matroska
Last-Modified: Sat, 18 Jul 2026 03:52:34 GMT
Date: Mon, 14 Sep 2026 14:15:13 GMT


[DBG] connection failed
[DBG] seek: preroll{ req: 60644001, start-pts: 59768001, start-fpos: 120198951} 
[DBG] Buffering 0%
10:15:13.557 AM [player] buffering 0.0
[DBG] Buffering 2%
[DBG] Buffering 5%
[DBG] Buffering 8%
[DBG] Buffering 11%
[DBG] Buffering 15%
[DBG] Buffering 19%
[DBG] Buffering 22%
[DBG] Buffering 26%
[DBG] Buffering 31%
[DBG] Buffering 33%
[DBG] Buffering 37%
[DBG] Buffering 42%
[DBG] end of audio preroll
[DBG] Buffering 44%
[DBG] Buffering 47%
[DBG] Buffering 53%
[DBG] Buffering 55%
[DBG] Buffering 58%
[DBG] Buffering 62%
[DBG] end of video preroll
[DBG] Received first picture
[DBG] Buffering 64%
[DBG] Buffering 69%
[DBG] Buffering 73%
[DBG] Buffering 75%
[DBG] Buffering 79%
[DBG] Buffering 84%
[DBG] Buffering 86%
[DBG] Buffering 90%
[DBG] Buffering 95%
[DBG] Buffering 97%
10:15:13.763 AM [player] buffering 1.0
[DBG] Stream buffering done (1900 ms in 205 ms)
[DBG] Decoder wait done in 0 ms
[DBG] deferring start (98080 us)
[DBG] deferring start (90124 us)
[DBG] deferring start (88946 us)
[DBG] deferring start (87753 us)
[DBG] deferring start (86530 us)
[DBG] deferring start (85430 us)
[DBG] deferring start (84295 us)
[DBG] deferring start (83093 us)
[DBG] deferring start (82002 us)
[DBG] deferring start (80920 us)
[DBG] deferring start (79807 us)
[DBG] deferring start (78698 us)
[DBG] deferring start (77641 us)
[DBG] deferring start (76488 us)
[DBG] deferring start (75418 us)
[DBG] deferring start (74360 us)
[DBG] deferring start (73314 us)
[DBG] deferring start (71899 us)
[DBG] deferring start (70730 us)
[DBG] deferring start (69658 us)
[DBG] deferring start (68581 us)
[DBG] deferring start (67532 us)
[DBG] deferring start (66471 us)
[DBG] deferring start (65098 us)
[DBG] deferring start (64051 us)
[DBG] deferring start (63027 us)
[DBG] deferring start (62831 us)
[DBG] deferring start (62633 us)
[DBG] deferring start (62429 us)
[DBG] deferring start (62239 us)
[DBG] deferring start (62046 us)
[DBG] deferring start (61852 us)
[DBG] deferring start (61668 us)
[DBG] deferring start (61480 us)
[DBG] deferring start (61249 us)
[DBG] deferring start (61061 us)
[DBG] deferring start (60862 us)
[DBG] deferring start (60661 us)
[DBG] deferring start (63676 us)
[DBG] deferring start (62546 us)
[DBG] deferring start (61486 us)
[DBG] deferring start (60322 us)
[DBG] deferring start (59265 us)
[DBG] deferring start (59012 us)
[DBG] deferring start (58783 us)
[DBG] deferring start (58567 us)
[DBG] deferring start (58351 us)
[DBG] deferring start (58133 us)
[DBG] deferring start (57940 us)
[DBG] deferring start (57744 us)
[DBG] deferring start (57552 us)
[DBG] deferring start (57353 us)
[DBG] deferring start (57157 us)
[DBG] deferring start (56961 us)
[DBG] deferring start (56770 us)
[DBG] deferring start (56584 us)
[DBG] deferring start (56398 us)
[DBG] deferring start (56202 us)
[DBG] deferring start (55989 us)
[DBG] deferring start (55790 us)
[DBG] deferring start (55551 us)
[DBG] deferring start (55359 us)
[DBG] deferring start (56746 us)
[DBG] deferring start (55758 us)
[DBG] deferring start (54771 us)
[DBG] deferring start (54574 us)
[DBG] deferring start (54382 us)
[DBG] deferring start (54118 us)
[DBG] deferring start (53791 us)
[DBG] deferring start (53536 us)
[DBG] deferring start (53266 us)
[DBG] deferring start (53053 us)
[DBG] deferring start (52882 us)
[DBG] deferring start (52716 us)
[DBG] deferring start (52544 us)
[DBG] deferring start (52385 us)
[DBG] deferring start (52226 us)
[DBG] deferring start (52074 us)
[DBG] deferring start (51910 us)
[DBG] deferring start (51739 us)
[DBG] deferring start (51566 us)
[DBG] deferring start (51402 us)
[DBG] deferring start (51238 us)
[DBG] deferring start (51068 us)
[DBG] deferring start (50898 us)
[DBG] deferring start (50735 us)
[DBG] deferring start (50568 us)
[DBG] deferring start (50403 us)
[DBG] deferring start (50212 us)
[DBG] deferring start (50038 us)
[DBG] deferring start (49867 us)
[DBG] deferring start (49708 us)
[DBG] deferring start (49552 us)
[DBG] deferring start (49395 us)
[DBG] deferring start (49234 us)
[DBG] deferring start (49071 us)
[DBG] deferring start (48905 us)
[DBG] deferring start (48747 us)
[DBG] deferring start (48594 us)
[DBG] deferring start (48438 us)
[DBG] deferring start (48282 us)
[DBG] deferring start (48112 us)
[DBG] deferring start (47944 us)
[DBG] deferring start (47784 us)
[DBG] deferring start (47625 us)
[DBG] deferring start (47470 us)
[DBG] deferring start (47298 us)
[DBG] deferring start (47118 us)
[DBG] deferring start (48549 us)
[DBG] deferring start (47586 us)
[DBG] deferring start (46613 us)
[DBG] deferring start (46437 us)
[DBG] deferring start (46263 us)
[DBG] deferring start (46074 us)
[DBG] deferring start (45889 us)
[DBG] deferring start (45716 us)
[DBG] deferring start (45536 us)
[DBG] deferring start (45378 us)
[DBG] deferring start (45205 us)
[DBG] deferring start (45021 us)
[DBG] deferring start (44858 us)
[DBG] deferring start (44633 us)
[DBG] deferring start (44428 us)
[DBG] deferring start (44191 us)
[DBG] deferring start (44017 us)
[DBG] deferring start (43863 us)
[DBG] deferring start (43715 us)
[DBG] deferring start (43563 us)
[DBG] deferring start (43416 us)
[DBG] deferring start (43282 us)
[DBG] deferring start (43129 us)
[DBG] deferring start (42979 us)
[DBG] deferring start (42831 us)
[DBG] deferring start (42667 us)
[DBG] deferring start (42503 us)
[DBG] deferring start (42365 us)
[DBG] deferring start (42220 us)
[DBG] deferring start (42072 us)
[DBG] deferring start (41926 us)
[DBG] deferring start (41773 us)
[DBG] deferring start (41624 us)
[DBG] deferring start (41474 us)
[DBG] deferring start (41324 us)
[DBG] deferring start (41224 us)
[DBG] deferring start (41109 us)
[DBG] deferring start (41789 us)
[DBG] deferring start (40858 us)
[DBG] deferring start (41523 us)
[DBG] deferring start (40556 us)
[DBG] deferring start (41398 us)
[DBG] deferring start (40481 us)
[DBG] deferring start (40371 us)
[DBG] deferring start (63263 us)
[DBG] deferring start (62332 us)
[DBG] deferring start (61396 us)
[DBG] deferring start (60460 us)
[DBG] deferring start (59497 us)
[DBG] deferring start (58546 us)
[DBG] deferring start (57603 us)
[DBG] deferring start (56662 us)
[DBG] deferring start (55742 us)
[DBG] deferring start (54801 us)
[DBG] deferring start (53852 us)
[DBG] deferring start (52930 us)
[DBG] deferring start (51996 us)
[DBG] deferring start (50943 us)
[DBG] deferring start (49961 us)
[DBG] deferring start (48993 us)
[DBG] deferring start (48047 us)
[DBG] deferring start (47122 us)
[DBG] deferring start (46183 us)
[DBG] deferring start (45260 us)
[DBG] deferring start (44313 us)
[DBG] deferring start (43385 us)
[DBG] deferring start (42459 us)
[DBG] deferring start (41534 us)
[DBG] deferring start (40572 us)
[DBG] deferring start (39534 us)
[DBG] deferring start (38580 us)
[DBG] deferring start (37617 us)
[DBG] deferring start (36662 us)
[DBG] deferring start (36518 us)
[DBG] deferring start (36393 us)
[DBG] deferring start (36264 us)
[DBG] deferring start (36114 us)
[DBG] deferring start (35964 us)
[DBG] deferring start (35841 us)
[DBG] deferring start (35707 us)
[DBG] deferring start (35568 us)
[DBG] deferring start (35432 us)
[DBG] deferring start (35240 us)
[DBG] deferring start (35109 us)
[DBG] deferring start (34973 us)
[DBG] deferring start (34825 us)
[DBG] deferring start (34695 us)
[DBG] deferring start (34555 us)
[DBG] deferring start (34417 us)
[DBG] deferring start (34278 us)
[DBG] deferring start (34104 us)
[DBG] deferring start (33959 us)
[DBG] deferring start (33811 us)
[DBG] deferring start (33671 us)
[DBG] deferring start (33547 us)
[DBG] deferring start (33411 us)
[DBG] deferring start (33289 us)
[DBG] deferring start (33156 us)
[DBG] deferring start (33015 us)
[DBG] deferring start (32887 us)
[DBG] deferring start (32738 us)
[DBG] deferring start (32604 us)
[DBG] deferring start (32476 us)
[DBG] deferring start (32345 us)
[DBG] deferring start (32190 us)
[DBG] deferring start (32007 us)
[DBG] deferring start (31857 us)
[DBG] deferring start (31709 us)
[DBG] deferring start (31563 us)
[DBG] deferring start (31429 us)
[DBG] deferring start (31293 us)
[DBG] deferring start (31151 us)
[DBG] deferring start (32624 us)
[DBG] deferring start (31669 us)
[DBG] deferring start (30712 us)
[DBG] deferring start (30572 us)
[DBG] deferring start (30440 us)
[DBG] deferring start (30321 us)
[DBG] deferring start (30202 us)
[DBG] deferring start (34144 us)
[DBG] deferring start (33214 us)
[DBG] deferring start (32282 us)
[DBG] deferring start (31341 us)
[DBG] deferring start (30392 us)
[DBG] deferring start (29456 us)
[DBG] deferring start (29325 us)
[DBG] deferring start (29192 us)
[DBG] deferring start (29060 us)
[DBG] deferring start (28936 us)
[DBG] deferring start (28824 us)
[DBG] deferring start (28702 us)
[DBG] deferring start (28530 us)
[DBG] deferring start (28412 us)
[DBG] deferring start (28290 us)
[DBG] deferring start (28159 us)
[DBG] deferring start (28042 us)
[DBG] deferring start (27922 us)
[DBG] deferring start (27798 us)
[DBG] deferring start (27672 us)
[DBG] deferring start (27534 us)
[DBG] deferring start (27406 us)
[DBG] deferring start (27277 us)
[DBG] deferring start (27111 us)
[DBG] deferring start (26981 us)
[DBG] deferring start (26862 us)
[DBG] deferring start (26741 us)
[DBG] deferring start (26615 us)
[DBG] deferring start (26505 us)
[DBG] deferring start (26391 us)
[DBG] deferring start (26263 us)
[DBG] deferring start (26144 us)
[DBG] deferring start (26027 us)
[DBG] deferring start (27493 us)
[DBG] deferring start (26553 us)
[DBG] deferring start (25618 us)
[DBG] deferring start (25472 us)
[DBG] deferring start (25340 us)
[DBG] deferring start (25215 us)
[DBG] deferring start (25091 us)
[DBG] deferring start (24971 us)
[DBG] deferring start (24848 us)
[DBG] deferring start (24726 us)
[DBG] deferring start (24607 us)
[DBG] deferring start (24492 us)
[DBG] deferring start (24359 us)
[DBG] deferring start (24249 us)
[DBG] deferring start (24144 us)
[DBG] deferring start (24022 us)
[DBG] deferring start (23911 us)
[DBG] deferring start (23792 us)
[DBG] deferring start (23682 us)
[DBG] deferring start (23561 us)
[DBG] deferring start (23451 us)
[DBG] deferring start (23336 us)
[DBG] deferring start (23230 us)
[DBG] deferring start (23115 us)
[DBG] deferring start (23001 us)
[DBG] deferring start (22889 us)
[DBG] deferring start (23541 us)
[DBG] deferring start (22607 us)
[DBG] deferring start (22490 us)
[DBG] deferring start (22365 us)
[DBG] deferring start (22254 us)
[DBG] deferring start (22143 us)
[DBG] deferring start (22030 us)
[DBG] deferring start (21913 us)
[DBG] deferring start (21808 us)
[DBG] deferring start (21689 us)
[DBG] deferring start (21570 us)
[DBG] deferring start (21442 us)
[DBG] deferring start (21287 us)
[DBG] deferring start (21164 us)
[DBG] deferring start (21056 us)
[DBG] deferring start (20943 us)
[DBG] deferring start (20837 us)
[DBG] deferring start (20705 us)
[DBG] deferring start (20596 us)
[DBG] deferring start (20485 us)
[DBG] deferring start (20369 us)
[DBG] deferring start (20257 us)
[DBG] deferring start (20145 us)
[DBG] deferring start (20042 us)
[DBG] deferring start (19933 us)
[DBG] deferring start (19824 us)
[DBG] deferring start (21324 us)
[DBG] deferring start (20393 us)
[DBG] deferring start (19461 us)
[DBG] deferring start (19352 us)
[DBG] deferring start (19242 us)
[DBG] deferring start (19137 us)
[DBG] deferring start (19031 us)
[DBG] deferring start (18924 us)
[DBG] deferring start (18820 us)
[DBG] deferring start (18718 us)
[DBG] deferring start (18625 us)
[DBG] deferring start (18539 us)
[DBG] deferring start (18387 us)
[DBG] deferring start (18281 us)
[DBG] deferring start (18179 us)
[DBG] deferring start (18077 us)
[DBG] deferring start (17978 us)
[DBG] deferring start (17875 us)
[DBG] deferring start (17777 us)
[DBG] deferring start (17679 us)
[DBG] deferring start (17578 us)
[DBG] deferring start (17486 us)
[DBG] deferring start (17374 us)
[DBG] deferring start (17271 us)
[DBG] deferring start (17169 us)
[DBG] deferring start (17069 us)
[DBG] deferring start (16966 us)
[DBG] deferring start (16867 us)
[DBG] deferring start (16774 us)
[DBG] deferring start (16672 us)
[DBG] deferring start (16574 us)
[DBG] deferring start (16464 us)
[DBG] deferring start (16365 us)
[DBG] deferring start (17891 us)
[DBG] deferring start (16977 us)
[DBG] deferring start (16057 us)
[DBG] deferring start (15957 us)
[DBG] deferring start (15858 us)
[DBG] deferring start (15760 us)
[DBG] deferring start (15670 us)
[DBG] deferring start (15571 us)
[DBG] deferring start (15460 us)
[DBG] deferring start (15365 us)
[DBG] deferring start (15261 us)
[DBG] deferring start (15164 us)
[DBG] deferring start (15068 us)
[DBG] deferring start (14970 us)
[DBG] deferring start (14872 us)
[DBG] deferring start (14778 us)
[DBG] deferring start (14683 us)
[DBG] deferring start (14587 us)
[DBG] deferring start (14493 us)
[DBG] deferring start (14397 us)
[DBG] deferring start (14299 us)
[DBG] deferring start (14201 us)
[DBG] deferring start (14105 us)
[DBG] deferring start (14005 us)
[DBG] deferring start (13912 us)
[DBG] deferring start (13812 us)
[DBG] deferring start (13715 us)
[DBG] deferring start (13619 us)
[DBG] deferring start (13521 us)
[DBG] deferring start (13424 us)
[DBG] deferring start (13322 us)
[DBG] deferring start (13225 us)
[DBG] deferring start (13127 us)
[DBG] deferring start (13033 us)
[DBG] deferring start (12941 us)
[DBG] deferring start (12846 us)
[DBG] deferring start (12758 us)
[DBG] deferring start (12666 us)
[DBG] deferring start (12574 us)
[DBG] deferring start (12483 us)
[DBG] deferring start (12393 us)
[DBG] deferring start (12301 us)
[DBG] deferring start (12204 us)
[DBG] deferring start (12118 us)
[DBG] deferring start (12033 us)
[DBG] deferring start (11950 us)
[DBG] deferring start (11856 us)
[DBG] deferring start (11777 us)
[DBG] deferring start (11667 us)
[DBG] deferring start (12381 us)
[DBG] deferring start (11466 us)
[DBG] deferring start (11375 us)
[DBG] deferring start (11288 us)
[DBG] deferring start (11194 us)
[DBG] deferring start (11102 us)
[DBG] deferring start (11011 us)
[DBG] deferring start (10919 us)
[DBG] deferring start (10832 us)
[DBG] deferring start (10742 us)
[DBG] deferring start (10656 us)
[DBG] deferring start (10569 us)
[DBG] deferring start (10474 us)
[DBG] deferring start (10381 us)
[DBG] deferring start (10287 us)
[DBG] deferring start (10193 us)
[DBG] deferring start (10095 us)
[DBG] deferring start (11580 us)
[DBG] deferring start (10651 us)
[DBG] deferring start (9742 us)
[DBG] deferring start (9649 us)
[DBG] deferring start (9561 us)
[DBG] deferring start (9471 us)
[DBG] deferring start (9380 us)
[DBG] deferring start (9294 us)
[DBG] deferring start (9207 us)
[DBG] deferring start (9115 us)
[DBG] deferring start (9024 us)
[DBG] deferring start (8936 us)
[DBG] deferring start (8851 us)
[DBG] deferring start (8748 us)
[DBG] deferring start (8661 us)
[DBG] deferring start (8570 us)
[DBG] deferring start (8485 us)
[DBG] deferring start (8397 us)
[DBG] deferring start (8311 us)
[DBG] deferring start (8220 us)
[DBG] deferring start (8133 us)
[DBG] deferring start (8044 us)
[DBG] deferring start (7955 us)
[DBG] deferring start (7829 us)
[DBG] deferring start (7740 us)
[DBG] deferring start (7643 us)
[DBG] deferring start (7492 us)
[DBG] deferring start (7408 us)
[DBG] deferring start (7317 us)
[DBG] deferring start (7223 us)
[DBG] deferring start (7132 us)
[DBG] deferring start (7041 us)
[DBG] deferring start (6948 us)
[DBG] deferring start (6859 us)
[DBG] deferring start (6772 us)
[DBG] deferring start (6689 us)
[DBG] deferring start (6608 us)
[DBG] deferring start (6520 us)
[DBG] deferring start (6435 us)
[DBG] deferring start (6348 us)
[DBG] deferring start (6268 us)
[DBG] deferring start (6173 us)
[DBG] deferring start (6095 us)
[DBG] deferring start (6010 us)
[DBG] deferring start (6708 us)
[DBG] deferring start (5798 us)
[DBG] deferring start (5710 us)
[DBG] deferring start (5628 us)
[DBG] deferring start (5536 us)
[DBG] deferring start (5454 us)
[DBG] deferring start (5364 us)
[DBG] deferring start (5277 us)
[DBG] deferring start (5196 us)
[DBG] deferring start (5113 us)
[DBG] deferring start (5030 us)
[DBG] deferring start (4922 us)
[DBG] deferring start (4836 us)
[DBG] deferring start (4752 us)
[DBG] deferring start (4665 us)
[DBG] deferring start (4576 us)
[DBG] deferring start (4492 us)
[DBG] deferring start (4394 us)
[DBG] deferring start (4304 us)
[DBG] deferring start (4218 us)
[DBG] deferring start (4129 us)
[DBG] deferring start (4041 us)
[DBG] deferring start (3953 us)
[DBG] deferring start (3871 us)
[DBG] deferring start (3786 us)
[DBG] deferring start (3704 us)
[DBG] deferring start (3617 us)
[DBG] deferring start (3533 us)
[DBG] deferring start (3449 us)
[DBG] deferring start (3369 us)
[DBG] deferring start (3288 us)
[DBG] deferring start (3208 us)
[DBG] deferring start (3087 us)
[DBG] deferring start (3002 us)
[DBG] deferring start (2918 us)
[DBG] deferring start (2834 us)
[DBG] deferring start (2750 us)
[DBG] deferring start (2655 us)
[DBG] deferring start (2573 us)
[DBG] deferring start (2484 us)
[DBG] deferring start (2405 us)
[DBG] deferring start (2322 us)
[DBG] deferring start (2240 us)
[DBG] deferring start (2151 us)
[DBG] deferring start (2067 us)
[DBG] deferring start (1977 us)
[DBG] deferring start (1895 us)
[DBG] deferring start (1807 us)
[DBG] deferring start (1716 us)
[DBG] deferring start (1625 us)
[DBG] deferring start (1529 us)
[DBG] deferring start (3074 us)
[DBG] deferring start (2160 us)
[DBG] deferring start (1252 us)
[DBG] deferring start (1172 us)
[DBG] deferring start (1096 us)
[DBG] deferring start (1010 us)
[DBG] deferring start (923 us)
[DBG] deferring start (842 us)
[DBG] deferring start (757 us)
[DBG] deferring start (674 us)
[DBG] deferring start (598 us)
[DBG] deferring start (512 us)
[DBG] deferring start (427 us)
[DBG] deferring start (343 us)
[DBG] deferring start (258 us)
[DBG] deferring start (179 us)
[DBG] deferring start (104 us)
[DBG] deferring start (23 us)
[DBG] starting late (-51 us)
10:15:13.888 AM [skip] after=60644 ms
[WARN] picture is too late to be displayed (missing 46 ms)
[WARN] picture is too late to be displayed (missing 44 ms)
[WARN] picture is too late to be displayed (missing 49 ms)
10:15:14.603 AM [skip] +30 s (click) before=60644 ms target=90644 ms
[DBG] ES_OUT_RESET_PCR called
10:15:14.607 AM [player] buffering 0.0
[DBG] SET_TIME to 90644000
[DBG] seek request to i_pos = 90644000
[DBG] seek: preroll{ track: 1, pts: 90007000, fpos: 250650711 skip: 250650711} 
[DBG] resolving 192.168.1.250 ...
[DBG] outgoing request:
GET /stream/4 HTTP/1.1
Host: 192.168.1.250:8093
Accept: */*
Accept-Language: en_US
User-Agent: VLC/4.0.0-dev LibVLC/4.0.0-dev
If-Unmodified-Since: Sat, 18 Jul 2026 03:52:34 GMT
Range: bytes=250650711-


[DBG] incoming response:
HTTP/1.1 206 Partial Content
Accept-Ranges: bytes
Content-Length: 58232671826
Content-Range: bytes 250650711-58483322536/58483322537
Content-Type: video/x-matroska
Last-Modified: Sat, 18 Jul 2026 03:52:34 GMT
Date: Mon, 14 Sep 2026 14:15:14 GMT


[DBG] connection failed
[DBG] seek: preroll{ req: 90644001, start-pts: 90007001, start-fpos: 250650711} 
[DBG] Buffering 0%
10:15:14.799 AM [player] buffering 0.0
[DBG] Buffering 2%
[DBG] Buffering 6%
[DBG] Buffering 10%
[DBG] Buffering 12%
[DBG] Buffering 18%
[DBG] Buffering 22%
[DBG] Buffering 25%
[DBG] Buffering 30%
[DBG] Buffering 35%
[DBG] end of audio preroll
[DBG] Buffering 38%
[DBG] Buffering 42%
[DBG] Buffering 48%
[DBG] end of video preroll
[DBG] Received first picture
[DBG] Buffering 50%
[DBG] Buffering 54%
[DBG] Buffering 61%
[DBG] Buffering 63%
[DBG] Buffering 67%
[DBG] Buffering 71%
[DBG] Buffering 73%
[DBG] Buffering 79%
[DBG] Buffering 84%
[DBG] Buffering 86%
[DBG] Buffering 91%
[DBG] Buffering 96%
[DBG] Buffering 99%
[DBG] Stream buffering done (1700 ms in 249 ms)
10:15:15.048 AM [player] buffering 1.0
[DBG] Decoder wait done in 0 ms
[DBG] deferring start (100318 us)
[DBG] deferring start (92696 us)
[DBG] deferring start (91540 us)
[DBG] deferring start (90365 us)
[DBG] deferring start (89267 us)
[DBG] deferring start (88096 us)
[DBG] deferring start (86988 us)
[DBG] deferring start (85910 us)
[DBG] deferring start (84848 us)
[DBG] deferring start (83801 us)
[DBG] deferring start (82748 us)
[DBG] deferring start (81693 us)
[DBG] deferring start (80630 us)
[DBG] deferring start (79569 us)
[DBG] deferring start (78527 us)
[DBG] deferring start (77472 us)
[DBG] deferring start (76429 us)
[DBG] deferring start (75392 us)
[DBG] deferring start (74303 us)
[DBG] deferring start (73242 us)
[DBG] deferring start (72187 us)
[DBG] deferring start (71140 us)
[DBG] deferring start (70065 us)
[DBG] deferring start (68981 us)
[DBG] deferring start (67934 us)
[DBG] deferring start (66869 us)
[DBG] deferring start (65814 us)
[DBG] deferring start (64771 us)
[DBG] deferring start (63733 us)
[DBG] deferring start (63487 us)
[DBG] deferring start (63234 us)
[DBG] deferring start (63048 us)
[DBG] deferring start (62861 us)
[DBG] deferring start (62676 us)
[DBG] deferring start (62499 us)
[DBG] deferring start (62305 us)
[DBG] deferring start (62125 us)
[DBG] deferring start (61938 us)
[DBG] deferring start (61761 us)
[DBG] deferring start (61586 us)
[DBG] deferring start (61408 us)
[DBG] deferring start (61226 us)
[DBG] deferring start (61031 us)
[DBG] deferring start (60846 us)
[DBG] deferring start (60658 us)
[DBG] deferring start (63699 us)
[DBG] deferring start (62704 us)
[DBG] deferring start (61713 us)
[DBG] deferring start (60700 us)
[DBG] deferring start (59667 us)
[DBG] deferring start (59476 us)
[DBG] deferring start (59136 us)
[DBG] deferring start (58843 us)
[DBG] deferring start (58624 us)
[DBG] deferring start (58498 us)
[DBG] deferring start (58385 us)
[DBG] deferring start (58273 us)
[DBG] deferring start (58166 us)
[DBG] deferring start (58064 us)
[DBG] deferring start (57915 us)
[DBG] deferring start (57795 us)
[DBG] deferring start (57686 us)
[DBG] deferring start (57570 us)
[DBG] deferring start (57474 us)
[DBG] deferring start (57369 us)
[DBG] deferring start (57266 us)
[DBG] deferring start (57164 us)
[DBG] deferring start (57052 us)
[DBG] deferring start (56854 us)
[DBG] deferring start (56657 us)
[DBG] deferring start (56459 us)
[DBG] deferring start (56186 us)
[DBG] deferring start (55983 us)
[DBG] deferring start (55774 us)
[DBG] deferring start (55565 us)
[DBG] deferring start (55336 us)
[DBG] deferring start (55100 us)
[DBG] deferring start (55627 us)
[DBG] deferring start (54570 us)
[DBG] deferring start (55908 us)
[DBG] deferring start (54886 us)
[DBG] deferring start (53893 us)
[DBG] deferring start (55296 us)
[DBG] deferring start (54288 us)
[DBG] deferring start (53271 us)
[DBG] deferring start (53061 us)
[DBG] deferring start (52859 us)
[DBG] deferring start (52647 us)
[DBG] deferring start (52444 us)
[DBG] deferring start (52244 us)
[DBG] deferring start (52055 us)
[DBG] deferring start (51828 us)
[DBG] deferring start (51628 us)
[DBG] deferring start (51428 us)
[DBG] deferring start (51256 us)
[DBG] deferring start (51075 us)
[DBG] deferring start (50899 us)
[DBG] deferring start (50724 us)
[DBG] deferring start (50556 us)
[DBG] deferring start (50355 us)
[DBG] deferring start (50181 us)
[DBG] deferring start (49990 us)
[DBG] deferring start (49801 us)
[DBG] deferring start (49622 us)
[DBG] deferring start (49453 us)
[DBG] deferring start (49290 us)
[DBG] deferring start (49113 us)
[DBG] deferring start (48927 us)
[DBG] deferring start (48739 us)
[DBG] deferring start (48547 us)
[DBG] deferring start (48372 us)
[DBG] deferring start (48225 us)
[DBG] deferring start (48063 us)
[DBG] deferring start (47898 us)
[DBG] deferring start (47736 us)
[DBG] deferring start (47559 us)
[DBG] deferring start (47392 us)
[DBG] deferring start (47215 us)
[DBG] deferring start (47048 us)
[DBG] deferring start (46863 us)
[DBG] deferring start (46696 us)
[DBG] deferring start (46525 us)
[DBG] deferring start (46317 us)
[DBG] deferring start (46157 us)
[DBG] deferring start (45999 us)
[DBG] deferring start (45836 us)
[DBG] deferring start (45675 us)
[DBG] deferring start (45505 us)
[DBG] deferring start (45321 us)
[DBG] deferring start (45181 us)
[DBG] deferring start (45031 us)
[DBG] deferring start (44858 us)
[DBG] deferring start (44693 us)
[DBG] deferring start (46967 us)
[DBG] deferring start (45988 us)
[DBG] deferring start (45023 us)
[DBG] deferring start (44038 us)
[DBG] deferring start (43873 us)
[DBG] deferring start (43681 us)
[DBG] deferring start (43519 us)
[DBG] deferring start (43377 us)
[DBG] deferring start (43231 us)
[DBG] deferring start (43090 us)
[DBG] deferring start (42951 us)
[DBG] deferring start (42805 us)
[DBG] deferring start (42652 us)
[DBG] deferring start (42509 us)
[DBG] deferring start (42366 us)
[DBG] deferring start (42212 us)
[DBG] deferring start (42048 us)
[DBG] deferring start (41946 us)
[DBG] deferring start (41852 us)
[DBG] deferring start (42587 us)
[DBG] deferring start (41673 us)
[DBG] deferring start (41580 us)
[DBG] deferring start (42261 us)
[DBG] deferring start (41325 us)
[DBG] deferring start (42842 us)
[DBG] deferring start (41883 us)
[DBG] deferring start (40929 us)
[DBG] deferring start (40765 us)
[DBG] deferring start (42262 us)
[DBG] deferring start (41343 us)
[DBG] deferring start (40412 us)
[DBG] deferring start (40275 us)
[DBG] deferring start (40152 us)
[DBG] deferring start (40844 us)
[DBG] deferring start (39928 us)
[DBG] deferring start (39833 us)
[DBG] deferring start (39722 us)
[DBG] deferring start (42073 us)
[DBG] deferring start (41132 us)
[DBG] deferring start (40181 us)
[DBG] deferring start (39203 us)
[DBG] deferring start (39101 us)
[DBG] deferring start (40626 us)
[DBG] deferring start (39693 us)
[DBG] deferring start (38772 us)
[DBG] deferring start (38687 us)
[DBG] deferring start (38574 us)
[DBG] deferring start (38492 us)
[DBG] deferring start (38407 us)
[DBG] deferring start (38317 us)
[DBG] deferring start (38193 us)
[DBG] deferring start (38047 us)
[DBG] deferring start (37904 us)
[DBG] deferring start (37755 us)
[DBG] deferring start (37598 us)
[DBG] deferring start (37449 us)
[DBG] deferring start (37308 us)
[DBG] deferring start (37165 us)
[DBG] deferring start (37016 us)
[DBG] deferring start (36861 us)
[DBG] deferring start (36713 us)
[DBG] deferring start (36565 us)
[DBG] deferring start (36410 us)
[DBG] deferring start (36259 us)
[DBG] deferring start (36070 us)
[DBG] deferring start (35907 us)
[DBG] deferring start (35759 us)
[DBG] deferring start (35619 us)
[DBG] deferring start (35488 us)
[DBG] deferring start (35372 us)
[DBG] deferring start (35250 us)
[DBG] deferring start (35119 us)
[DBG] deferring start (34946 us)
[DBG] deferring start (34804 us)
[DBG] deferring start (34671 us)
[DBG] deferring start (34534 us)
[DBG] deferring start (34401 us)
[DBG] deferring start (34276 us)
[DBG] deferring start (34133 us)
[DBG] deferring start (33962 us)
[DBG] deferring start (33826 us)
[DBG] deferring start (33659 us)
[DBG] deferring start (33527 us)
[DBG] deferring start (33396 us)
[DBG] deferring start (33272 us)
[DBG] deferring start (33146 us)
[DBG] deferring start (36268 us)
[DBG] deferring start (35329 us)
[DBG] deferring start (34375 us)
[DBG] deferring start (33423 us)
[DBG] deferring start (32470 us)
[DBG] deferring start (32338 us)
[DBG] deferring start (32202 us)
[DBG] deferring start (32060 us)
[DBG] deferring start (31926 us)
[DBG] deferring start (31788 us)
[DBG] deferring start (31657 us)
[DBG] deferring start (31530 us)
[DBG] deferring start (31404 us)
[DBG] deferring start (31273 us)
[DBG] deferring start (31144 us)
[DBG] deferring start (31010 us)
[DBG] deferring start (30876 us)
[DBG] deferring start (30734 us)
[DBG] deferring start (30606 us)
[DBG] deferring start (30474 us)
[DBG] deferring start (30338 us)
[DBG] deferring start (30203 us)
[DBG] deferring start (30854 us)
[DBG] deferring start (29900 us)
[DBG] deferring start (29764 us)
[DBG] deferring start (29636 us)
[DBG] deferring start (29524 us)
[DBG] deferring start (29404 us)
[DBG] deferring start (29280 us)
[DBG] deferring start (29163 us)
[DBG] deferring start (29046 us)
[DBG] deferring start (28929 us)
[DBG] deferring start (28803 us)
[DBG] deferring start (28692 us)
[DBG] deferring start (28580 us)
[DBG] deferring start (28464 us)
[DBG] deferring start (28358 us)
[DBG] deferring start (31521 us)
[DBG] deferring start (30583 us)
[DBG] deferring start (29647 us)
[DBG] deferring start (28700 us)
[DBG] deferring start (27761 us)
[DBG] deferring start (27640 us)
[DBG] deferring start (27524 us)
[DBG] deferring start (27402 us)
[DBG] deferring start (27268 us)
[DBG] deferring start (27150 us)
[DBG] deferring start (27032 us)
[DBG] deferring start (26910 us)
[DBG] deferring start (26787 us)
[DBG] deferring start (26665 us)
[DBG] deferring start (26546 us)
[DBG] deferring start (26425 us)
[DBG] deferring start (26306 us)
[DBG] deferring start (26185 us)
[DBG] deferring start (26067 us)
[DBG] deferring start (25952 us)
[DBG] deferring start (25804 us)
[DBG] deferring start (25684 us)
[DBG] deferring start (25556 us)
[DBG] deferring start (25435 us)
[DBG] deferring start (25309 us)
[DBG] deferring start (25216 us)
[DBG] deferring start (25119 us)
[DBG] deferring start (25033 us)
[DBG] deferring start (24943 us)
[DBG] deferring start (24848 us)
[DBG] deferring start (24755 us)
[DBG] deferring start (24670 us)
[DBG] deferring start (24585 us)
[DBG] deferring start (24501 us)
[DBG] deferring start (24414 us)
[DBG] deferring start (24331 us)
[DBG] deferring start (25018 us)
[DBG] deferring start (24107 us)
[DBG] deferring start (24024 us)
[DBG] deferring start (23940 us)
[DBG] deferring start (23853 us)
[DBG] deferring start (23751 us)
[DBG] deferring start (23649 us)
[DBG] deferring start (23538 us)
[DBG] deferring start (23427 us)
[DBG] deferring start (23323 us)
[DBG] deferring start (23219 us)
[DBG] deferring start (23105 us)
[DBG] deferring start (23000 us)
[DBG] deferring start (22891 us)
[DBG] deferring start (22788 us)
[DBG] deferring start (22681 us)
[DBG] deferring start (22575 us)
[DBG] deferring start (22471 us)
[DBG] deferring start (22364 us)
[DBG] deferring start (22245 us)
[DBG] deferring start (22125 us)
[DBG] deferring start (22819 us)
[DBG] deferring start (21892 us)
[DBG] deferring start (21788 us)
[DBG] deferring start (21671 us)
[DBG] deferring start (21548 us)
[DBG] deferring start (21442 us)
[DBG] deferring start (21309 us)
[DBG] deferring start (21203 us)
[DBG] deferring start (21097 us)
[DBG] deferring start (20997 us)
[DBG] deferring start (20889 us)
[DBG] deferring start (20783 us)
[DBG] deferring start (20682 us)
[DBG] deferring start (20581 us)
[DBG] deferring start (20474 us)
[DBG] deferring start (20372 us)
[DBG] deferring start (20264 us)
[DBG] deferring start (20158 us)
[DBG] deferring start (20057 us)
[DBG] deferring start (19953 us)
[DBG] deferring start (19854 us)
[DBG] deferring start (19743 us)
[DBG] deferring start (19640 us)
[DBG] deferring start (19536 us)
[DBG] deferring start (19433 us)
[DBG] deferring start (19330 us)
[DBG] deferring start (19226 us)
[DBG] deferring start (19125 us)
[DBG] deferring start (19021 us)
[DBG] deferring start (18919 us)
[DBG] deferring start (18813 us)
[DBG] deferring start (18706 us)
[DBG] deferring start (18602 us)
[DBG] deferring start (18499 us)
[DBG] deferring start (18395 us)
[DBG] deferring start (18290 us)
[DBG] deferring start (18192 us)
[DBG] deferring start (18089 us)
[DBG] deferring start (17984 us)
[DBG] deferring start (17890 us)
[DBG] deferring start (17788 us)
[DBG] deferring start (17687 us)
[DBG] deferring start (17590 us)
[DBG] deferring start (17492 us)
[DBG] deferring start (17394 us)
[DBG] deferring start (17300 us)
[DBG] deferring start (17204 us)
[DBG] deferring start (17108 us)
[DBG] deferring start (17013 us)
[DBG] deferring start (16915 us)
[DBG] deferring start (16821 us)
[DBG] deferring start (16727 us)
[DBG] deferring start (16629 us)
[DBG] deferring start (16535 us)
[DBG] deferring start (16440 us)
[DBG] deferring start (16341 us)
[DBG] deferring start (16249 us)
[DBG] deferring start (16123 us)
[DBG] deferring start (16021 us)
[DBG] deferring start (15930 us)
[DBG] deferring start (15835 us)
[DBG] deferring start (15737 us)
[DBG] deferring start (15637 us)
[DBG] deferring start (15539 us)
[DBG] deferring start (15442 us)
[DBG] deferring start (15345 us)
[DBG] deferring start (15249 us)
[DBG] deferring start (15151 us)
[DBG] deferring start (15048 us)
[DBG] deferring start (14950 us)
[DBG] deferring start (16471 us)
[DBG] deferring start (15554 us)
[DBG] deferring start (14638 us)
[DBG] deferring start (14537 us)
[DBG] deferring start (14443 us)
[DBG] deferring start (14346 us)
[DBG] deferring start (14248 us)
[DBG] deferring start (14142 us)
[DBG] deferring start (14039 us)
[DBG] deferring start (13945 us)
[DBG] deferring start (13845 us)
[DBG] deferring start (13748 us)
[DBG] deferring start (13659 us)
[DBG] deferring start (13561 us)
[DBG] deferring start (13466 us)
[DBG] deferring start (13351 us)
[DBG] deferring start (14900 us)
[DBG] deferring start (13985 us)
[DBG] deferring start (13063 us)
[DBG] deferring start (12962 us)
[DBG] deferring start (12864 us)
[DBG] deferring start (12766 us)
[DBG] deferring start (12678 us)
[DBG] deferring start (12582 us)
[DBG] deferring start (12478 us)
[DBG] deferring start (12381 us)
[DBG] deferring start (12284 us)
[DBG] deferring start (12190 us)
[DBG] deferring start (12088 us)
[DBG] deferring start (14465 us)
[DBG] deferring start (13553 us)
[DBG] deferring start (12642 us)
[DBG] deferring start (11730 us)
[DBG] deferring start (11643 us)
[DBG] deferring start (11552 us)
[DBG] deferring start (11460 us)
[DBG] deferring start (11373 us)
[DBG] deferring start (11281 us)
[DBG] deferring start (11188 us)
[DBG] deferring start (11101 us)
[DBG] deferring start (11014 us)
[DBG] deferring start (10923 us)
[DBG] deferring start (10833 us)
[DBG] deferring start (11522 us)
[DBG] deferring start (10604 us)
[DBG] deferring start (10514 us)
[DBG] deferring start (10430 us)
[DBG] deferring start (10345 us)
[DBG] deferring start (10258 us)
[DBG] deferring start (10170 us)
[DBG] deferring start (10084 us)
[DBG] deferring start (9996 us)
[DBG] deferring start (9903 us)
[DBG] deferring start (9813 us)
[DBG] deferring start (9890 us)
[DBG] deferring start (9789 us)
[DBG] deferring start (9697 us)
[DBG] deferring start (9603 us)
[DBG] deferring start (9509 us)
[DBG] deferring start (9419 us)
[DBG] deferring start (9335 us)
[DBG] deferring start (9243 us)
[DBG] deferring start (9151 us)
[DBG] deferring start (9056 us)
[DBG] deferring start (8965 us)
[DBG] deferring start (8859 us)
[DBG] deferring start (8772 us)
[DBG] deferring start (8693 us)
[DBG] deferring start (8614 us)
[DBG] deferring start (8530 us)
[DBG] deferring start (8413 us)
[DBG] deferring start (8338 us)
[DBG] deferring start (8264 us)
[DBG] deferring start (8186 us)
[DBG] deferring start (8113 us)
[DBG] deferring start (8037 us)
[DBG] deferring start (7962 us)
[DBG] deferring start (7874 us)
[DBG] deferring start (7781 us)
[DBG] deferring start (7690 us)
[DBG] deferring start (7598 us)
[DBG] deferring start (7507 us)
[DBG] deferring start (7414 us)
[DBG] deferring start (7320 us)
[DBG] deferring start (7228 us)
[DBG] deferring start (7137 us)
[DBG] deferring start (7045 us)
[DBG] deferring start (6953 us)
[DBG] deferring start (6856 us)
[DBG] deferring start (6769 us)
[DBG] deferring start (6681 us)
[DBG] deferring start (9887 us)
[DBG] deferring start (8980 us)
[DBG] deferring start (8066 us)
[DBG] deferring start (7158 us)
[DBG] deferring start (6247 us)
[DBG] deferring start (6167 us)
[DBG] deferring start (6078 us)
[DBG] deferring start (5990 us)
[DBG] deferring start (5907 us)
[DBG] deferring start (5824 us)
[DBG] deferring start (5744 us)
[DBG] deferring start (5656 us)
[DBG] deferring start (5571 us)
[DBG] deferring start (5480 us)
[DBG] deferring start (5390 us)
[DBG] deferring start (5311 us)
[DBG] deferring start (5224 us)
[DBG] deferring start (5141 us)
[DBG] deferring start (5854 us)
[DBG] deferring start (4944 us)
[DBG] deferring start (4857 us)
[DBG] deferring start (4778 us)
[DBG] deferring start (4695 us)
[DBG] deferring start (4608 us)
[DBG] deferring start (4519 us)
[DBG] deferring start (4436 us)
[DBG] deferring start (4357 us)
[DBG] deferring start (4271 us)
[DBG] deferring start (4191 us)
[DBG] deferring start (4105 us)
[DBG] deferring start (4012 us)
[DBG] deferring start (3925 us)
[DBG] deferring start (3830 us)
[DBG] deferring start (4552 us)
[DBG] deferring start (3642 us)
[DBG] deferring start (3549 us)
[DBG] deferring start (3468 us)
[DBG] deferring start (3344 us)
[DBG] deferring start (3255 us)
[DBG] deferring start (3164 us)
[DBG] deferring start (3075 us)
[DBG] deferring start (2985 us)
[DBG] deferring start (2900 us)
[DBG] deferring start (2768 us)
10:15:15.125 AM [skip] after=90644 ms
[DBG] deferring start (3494 us)
[DBG] deferring start (2591 us)
[DBG] deferring start (2508 us)
[DBG] deferring start (2410 us)
[DBG] deferring start (2324 us)
[DBG] deferring start (3859 us)
[DBG] deferring start (2952 us)
[DBG] deferring start (2043 us)
[DBG] deferring start (1946 us)
[DBG] deferring start (1863 us)
[DBG] deferring start (1775 us)
[DBG] deferring start (1694 us)
[DBG] deferring start (1604 us)
[DBG] deferring start (1522 us)
[DBG] deferring start (1440 us)
[DBG] deferring start (1357 us)
[DBG] deferring start (1273 us)
[DBG] deferring start (1186 us)
[DBG] deferring start (1099 us)
[DBG] deferring start (1020 us)
[DBG] deferring start (936 us)
[DBG] deferring start (852 us)
[DBG] deferring start (763 us)
[DBG] deferring start (684 us)
[DBG] deferring start (601 us)
[DBG] deferring start (521 us)
[DBG] deferring start (441 us)
[DBG] deferring start (356 us)
[DBG] deferring start (207 us)
[DBG] deferring start (105 us)
[DBG] deferring start (28 us)
[DBG] starting late (-49 us)
[WARN] picture is too late to be displayed (missing 47 ms)
[WARN] picture is too late to be displayed (missing 47 ms)
10:15:15.840 AM [skip] +30 s (click) before=90644 ms target=120644 ms
[DBG] ES_OUT_RESET_PCR called
10:15:15.844 AM [player] buffering 0.0
[DBG] SET_TIME to 120644000
[DBG] seek request to i_pos = 120644000
[DBG] seek: preroll{ track: 1, pts: 119828000, fpos: 451369990 skip: 451369990} 
[DBG] resolving 192.168.1.250 ...
[DBG] outgoing request:
GET /stream/4 HTTP/1.1
Host: 192.168.1.250:8093
Accept: */*
Accept-Language: en_US
User-Agent: VLC/4.0.0-dev LibVLC/4.0.0-dev
If-Unmodified-Since: Sat, 18 Jul 2026 03:52:34 GMT
Range: bytes=451369990-


[DBG] incoming response:
HTTP/1.1 206 Partial Content
Accept-Ranges: bytes
Content-Length: 58031952547
Content-Range: bytes 451369990-58483322536/58483322537
Content-Type: video/x-matroska
Last-Modified: Sat, 18 Jul 2026 03:52:34 GMT
Date: Mon, 14 Sep 2026 14:15:16 GMT


[DBG] connection failed
[DBG] seek: preroll{ req: 120644001, start-pts: 119828001, start-fpos: 451369990} 
[DBG] Buffering 0%
10:15:16.066 AM [player] buffering 0.0
[DBG] Buffering 2%
[DBG] Buffering 5%
[DBG] Buffering 9%
[DBG] Buffering 11%
[DBG] Buffering 16%
[DBG] Buffering 20%
[DBG] Buffering 22%
[DBG] Buffering 27%
[DBG] Buffering 32%
[DBG] Buffering 34%
[DBG] Buffering 38%
[DBG] Buffering 39%
[DBG] end of audio preroll
[DBG] Buffering 41%
[DBG] Buffering 48%
[DBG] end of video preroll
[DBG] Received first picture
[DBG] Buffering 50%
[DBG] Buffering 55%
[DBG] Buffering 57%
[DBG] Buffering 60%
[DBG] Buffering 64%
[DBG] Buffering 66%
[DBG] Buffering 71%
10:15:16.370 AM [skip] after=120644 ms
[DBG] Buffering 75%
[DBG] Buffering 78%
[DBG] Buffering 82%
[DBG] Buffering 87%
[DBG] Buffering 89%
[DBG] Buffering 93%
[DBG] Buffering 98%
[DBG] Stream buffering done (1835 ms in 417 ms)
10:15:16.484 AM [player] buffering 1.0
[DBG] Decoder wait done in 0 ms
[DBG] deferring start (105952 us)
[DBG] deferring start (97016 us)
[DBG] deferring start (95782 us)
[DBG] deferring start (94607 us)
[DBG] deferring start (93433 us)
[DBG] deferring start (92270 us)
[DBG] deferring start (91143 us)
[DBG] deferring start (90005 us)
[DBG] deferring start (88853 us)
[DBG] deferring start (87739 us)
[DBG] deferring start (86648 us)
[DBG] deferring start (85591 us)
[DBG] deferring start (84511 us)
[DBG] deferring start (83426 us)
[DBG] deferring start (82365 us)
[DBG] deferring start (81312 us)
[DBG] deferring start (80268 us)
[DBG] deferring start (79226 us)
[DBG] deferring start (78176 us)
[DBG] deferring start (77127 us)
[DBG] deferring start (76071 us)
[DBG] deferring start (75025 us)
[DBG] deferring start (73985 us)
[DBG] deferring start (72939 us)
[DBG] deferring start (71901 us)
[DBG] deferring start (70860 us)
[DBG] deferring start (69824 us)
[DBG] deferring start (68765 us)
[DBG] deferring start (67703 us)
[DBG] deferring start (66662 us)
[DBG] deferring start (65618 us)
[DBG] deferring start (64559 us)
[DBG] deferring start (63319 us)
[DBG] deferring start (62195 us)
[DBG] deferring start (61071 us)
[DBG] deferring start (60031 us)
[DBG] deferring start (58940 us)
[DBG] deferring start (58605 us)
[DBG] deferring start (78241 us)
[DBG] deferring start (77187 us)
[DBG] deferring start (76097 us)
[DBG] deferring start (75081 us)
[DBG] deferring start (74027 us)
[DBG] deferring start (73028 us)
[DBG] deferring start (72028 us)
[DBG] deferring start (71013 us)
[DBG] deferring start (69949 us)
[DBG] deferring start (68823 us)
[DBG] deferring start (67807 us)
[DBG] deferring start (66792 us)
[DBG] deferring start (65788 us)
[DBG] deferring start (64754 us)
[DBG] deferring start (63679 us)
[DBG] deferring start (62508 us)
[DBG] deferring start (61479 us)
[DBG] deferring start (60387 us)
[DBG] deferring start (59288 us)
[DBG] deferring start (58232 us)
[DBG] deferring start (57182 us)
[DBG] deferring start (56160 us)
[DBG] deferring start (55121 us)
[DBG] deferring start (54083 us)
[DBG] deferring start (53037 us)
[DBG] deferring start (51998 us)
[DBG] deferring start (51738 us)
[DBG] deferring start (51531 us)
[DBG] deferring start (51325 us)
[DBG] deferring start (51110 us)
[DBG] deferring start (50884 us)
[DBG] deferring start (50672 us)
[DBG] deferring start (50468 us)
[DBG] deferring start (50245 us)
[DBG] deferring start (50031 us)
[DBG] deferring start (50599 us)
[DBG] deferring start (49584 us)
[DBG] deferring start (49379 us)
[DBG] deferring start (49166 us)
[DBG] deferring start (48957 us)
[DBG] deferring start (48745 us)
[DBG] deferring start (48536 us)
[DBG] deferring start (48293 us)
[DBG] deferring start (48080 us)
[DBG] deferring start (47888 us)
[DBG] deferring start (47674 us)
[DBG] deferring start (47428 us)
[DBG] deferring start (47217 us)
[DBG] deferring start (47011 us)
[DBG] deferring start (46817 us)
[DBG] deferring start (46609 us)
[DBG] deferring start (46392 us)
[DBG] deferring start (46176 us)
[DBG] deferring start (45979 us)
[DBG] deferring start (45774 us)
[DBG] deferring start (45598 us)
[DBG] deferring start (45430 us)
[DBG] deferring start (45259 us)
[DBG] deferring start (45088 us)
[DBG] deferring start (44925 us)
[DBG] deferring start (44764 us)
[DBG] deferring start (44591 us)
[DBG] deferring start (44395 us)
[DBG] deferring start (44171 us)
[DBG] deferring start (44014 us)
[DBG] deferring start (43824 us)
[DBG] deferring start (43661 us)
[DBG] deferring start (43497 us)
[DBG] deferring start (44920 us)
[DBG] deferring start (43946 us)
[DBG] deferring start (42975 us)
[DBG] deferring start (42812 us)
[DBG] deferring start (42651 us)
[DBG] deferring start (42491 us)
[DBG] deferring start (42310 us)
[DBG] deferring start (42135 us)
[DBG] deferring start (41960 us)
[DBG] deferring start (41801 us)
[DBG] deferring start (41630 us)
[DBG] deferring start (41457 us)
[DBG] deferring start (41278 us)
[DBG] deferring start (41082 us)
[DBG] deferring start (40909 us)
[DBG] deferring start (41498 us)
[DBG] deferring start (40505 us)
[DBG] deferring start (40327 us)
[DBG] deferring start (40156 us)
[DBG] deferring start (39987 us)
[DBG] deferring start (39823 us)
[DBG] deferring start (39649 us)
[DBG] deferring start (39482 us)
[DBG] deferring start (39310 us)
[DBG] deferring start (39142 us)
[DBG] deferring start (38979 us)
[DBG] deferring start (38769 us)
[DBG] deferring start (38577 us)
[DBG] deferring start (38399 us)
[DBG] deferring start (38214 us)
[DBG] deferring start (38035 us)
[DBG] deferring start (39429 us)
[DBG] deferring start (38459 us)
[DBG] deferring start (37494 us)
[DBG] deferring start (37337 us)
[DBG] deferring start (37180 us)
[DBG] deferring start (37026 us)
[DBG] deferring start (36873 us)
[DBG] deferring start (36725 us)
[DBG] deferring start (36544 us)
[DBG] deferring start (36339 us)
[DBG] deferring start (36181 us)
[DBG] deferring start (36024 us)
[DBG] deferring start (35865 us)
[DBG] deferring start (35712 us)
[DBG] deferring start (35556 us)
[DBG] deferring start (35385 us)
[DBG] deferring start (35196 us)
[DBG] deferring start (35003 us)
[DBG] deferring start (34836 us)
[DBG] deferring start (34669 us)
[DBG] deferring start (34519 us)
[DBG] deferring start (34364 us)
[DBG] deferring start (34201 us)
[DBG] deferring start (34035 us)
[DBG] deferring start (33871 us)
[DBG] deferring start (33712 us)
[DBG] deferring start (33562 us)
[DBG] deferring start (33407 us)
[DBG] deferring start (33245 us)
[DBG] deferring start (33092 us)
[DBG] deferring start (32943 us)
[DBG] deferring start (32789 us)
[DBG] deferring start (32636 us)
[DBG] deferring start (32483 us)
[DBG] deferring start (32331 us)
[DBG] deferring start (32133 us)
[DBG] deferring start (31936 us)
[DBG] deferring start (31781 us)
[DBG] deferring start (31612 us)
[DBG] deferring start (31473 us)
[DBG] deferring start (31321 us)
[DBG] deferring start (31174 us)
[DBG] deferring start (31031 us)
[DBG] deferring start (30874 us)
[DBG] deferring start (30722 us)
[DBG] deferring start (30578 us)
[DBG] deferring start (30423 us)
[DBG] deferring start (30252 us)
[DBG] deferring start (30069 us)
[DBG] deferring start (29938 us)
[DBG] deferring start (29807 us)
[DBG] deferring start (29662 us)
[DBG] deferring start (29512 us)
[DBG] deferring start (29371 us)
[DBG] deferring start (29221 us)
[DBG] deferring start (29087 us)
[DBG] deferring start (29714 us)
[DBG] deferring start (28761 us)
[DBG] deferring start (28623 us)
[DBG] deferring start (28489 us)
[DBG] deferring start (28354 us)
[DBG] deferring start (28230 us)
[DBG] deferring start (28097 us)
[DBG] deferring start (27959 us)
[DBG] deferring start (27829 us)
[DBG] deferring start (27691 us)
[DBG] deferring start (27573 us)
[DBG] deferring start (27416 us)
[DBG] deferring start (27285 us)
[DBG] deferring start (27149 us)
[DBG] deferring start (27015 us)
[DBG] deferring start (26888 us)
[DBG] deferring start (26798 us)
[DBG] deferring start (26703 us)
[DBG] deferring start (26604 us)
[DBG] deferring start (29788 us)
[DBG] deferring start (28879 us)
[DBG] deferring start (27974 us)
[DBG] deferring start (27056 us)
[DBG] deferring start (26145 us)
[DBG] deferring start (26060 us)
[DBG] deferring start (25951 us)
[DBG] deferring start (26617 us)
[DBG] deferring start (25669 us)
[DBG] deferring start (25541 us)
[DBG] deferring start (25576 us)
[DBG] deferring start (25454 us)
[DBG] deferring start (25314 us)
[DBG] deferring start (25191 us)
[DBG] deferring start (25061 us)
[DBG] deferring start (24931 us)
[DBG] deferring start (24798 us)
[DBG] deferring start (24659 us)
[DBG] deferring start (24521 us)
[DBG] deferring start (24348 us)
[DBG] deferring start (24198 us)
[DBG] deferring start (24058 us)
[DBG] deferring start (23920 us)
[DBG] deferring start (23784 us)
[DBG] deferring start (23651 us)
[DBG] deferring start (23497 us)
[DBG] deferring start (23361 us)
[DBG] deferring start (23185 us)
[DBG] deferring start (23049 us)
[DBG] deferring start (22914 us)
[DBG] deferring start (22773 us)
[DBG] deferring start (22635 us)
[DBG] deferring start (22507 us)
[DBG] deferring start (22375 us)
[DBG] deferring start (22255 us)
[DBG] deferring start (22131 us)
[DBG] deferring start (22002 us)
[DBG] deferring start (21882 us)
[DBG] deferring start (21691 us)
[DBG] deferring start (21559 us)
[DBG] deferring start (21439 us)
[DBG] deferring start (21313 us)
[DBG] deferring start (21187 us)
[DBG] deferring start (21068 us)
[DBG] deferring start (20941 us)
[DBG] deferring start (20812 us)
[DBG] deferring start (20689 us)
[DBG] deferring start (20489 us)
[DBG] deferring start (21953 us)
[DBG] deferring start (20974 us)
[DBG] deferring start (20019 us)
[DBG] deferring start (19640 us)
[DBG] deferring start (19506 us)
[DBG] deferring start (19387 us)
[DBG] deferring start (19262 us)
[DBG] deferring start (19140 us)
[DBG] deferring start (19031 us)
[DBG] deferring start (18913 us)
[DBG] deferring start (18799 us)
[DBG] deferring start (18681 us)
[DBG] deferring start (20180 us)
[DBG] deferring start (19252 us)
[DBG] deferring start (18318 us)
[DBG] deferring start (18204 us)
[DBG] deferring start (18090 us)
[DBG] deferring start (17969 us)
[DBG] deferring start (17852 us)
[DBG] deferring start (17729 us)
[DBG] deferring start (17608 us)
[DBG] deferring start (17489 us)
[DBG] deferring start (17381 us)
[DBG] deferring start (18050 us)
[DBG] deferring start (17110 us)
[DBG] deferring start (16994 us)
[DBG] deferring start (16883 us)
[DBG] deferring start (16772 us)
[DBG] deferring start (16664 us)
[DBG] deferring start (16558 us)
[DBG] deferring start (16453 us)
[DBG] deferring start (16349 us)
[DBG] deferring start (16246 us)
[DBG] deferring start (16142 us)
[DBG] deferring start (16039 us)
[DBG] deferring start (15936 us)
[DBG] deferring start (15834 us)
[DBG] deferring start (15730 us)
[DBG] deferring start (15623 us)
[DBG] deferring start (15518 us)
[DBG] deferring start (15404 us)
[DBG] deferring start (15295 us)
[DBG] deferring start (15188 us)
[DBG] deferring start (15086 us)
[DBG] deferring start (14986 us)
[DBG] deferring start (14880 us)
[DBG] deferring start (14783 us)
[DBG] deferring start (14665 us)
[DBG] deferring start (14563 us)
[DBG] deferring start (14453 us)
[DBG] deferring start (14347 us)
[DBG] deferring start (14201 us)
[DBG] deferring start (14072 us)
[DBG] deferring start (13958 us)
[DBG] deferring start (13846 us)
[DBG] deferring start (13738 us)
[DBG] deferring start (13631 us)
[DBG] deferring start (13530 us)
[DBG] deferring start (13426 us)
[DBG] deferring start (13301 us)
[DBG] deferring start (13190 us)
[DBG] deferring start (13083 us)
[DBG] deferring start (12973 us)
[DBG] deferring start (12870 us)
[DBG] deferring start (12771 us)
[DBG] deferring start (12618 us)
[DBG] deferring start (12506 us)
[DBG] deferring start (12387 us)
[DBG] deferring start (12279 us)
[DBG] deferring start (12173 us)
[DBG] deferring start (12072 us)
[DBG] deferring start (11963 us)
[DBG] deferring start (11857 us)
[DBG] deferring start (11745 us)
[DBG] deferring start (11638 us)
[DBG] deferring start (11532 us)
[DBG] deferring start (11417 us)
[DBG] deferring start (12952 us)
[DBG] deferring start (12015 us)
[DBG] deferring start (11079 us)
[DBG] deferring start (10965 us)
[DBG] deferring start (10857 us)
[DBG] deferring start (10760 us)
[DBG] deferring start (10653 us)
[DBG] deferring start (10552 us)
[DBG] deferring start (10404 us)
[DBG] deferring start (10309 us)
[DBG] deferring start (10213 us)
[DBG] deferring start (10118 us)
[DBG] deferring start (10023 us)
[DBG] deferring start (9926 us)
[DBG] deferring start (9832 us)
[DBG] deferring start (9738 us)
[DBG] deferring start (9644 us)
[DBG] deferring start (9549 us)
[DBG] deferring start (9454 us)
[DBG] deferring start (9352 us)
[DBG] deferring start (9257 us)
[DBG] deferring start (9163 us)
[DBG] deferring start (9066 us)
[DBG] deferring start (8975 us)
[DBG] deferring start (8883 us)
[DBG] deferring start (8789 us)
[DBG] deferring start (8697 us)
[DBG] deferring start (8607 us)
[DBG] deferring start (8514 us)
[DBG] deferring start (8405 us)
[DBG] deferring start (8315 us)
[DBG] deferring start (8224 us)
[DBG] deferring start (8141 us)
[DBG] deferring start (8047 us)
[DBG] deferring start (7946 us)
[DBG] deferring start (13599 us)
[DBG] deferring start (12680 us)
[DBG] deferring start (11768 us)
[DBG] deferring start (10850 us)
[DBG] deferring start (9923 us)
[DBG] deferring start (9004 us)
[DBG] deferring start (8083 us)
[DBG] deferring start (7171 us)
[DBG] deferring start (7079 us)
[DBG] deferring start (6991 us)
[DBG] deferring start (6899 us)
[DBG] deferring start (6800 us)
[DBG] deferring start (6714 us)
[DBG] deferring start (6606 us)
[DBG] deferring start (8958 us)
[DBG] deferring start (8046 us)
[DBG] deferring start (7135 us)
[DBG] deferring start (6220 us)
[DBG] deferring start (6126 us)
[DBG] deferring start (6023 us)
[DBG] deferring start (5928 us)
[DBG] deferring start (5838 us)
[DBG] deferring start (5754 us)
[DBG] deferring start (5659 us)
[DBG] deferring start (5574 us)
[DBG] deferring start (5467 us)
[DBG] deferring start (6147 us)
[DBG] deferring start (5205 us)
[DBG] deferring start (5864 us)
[DBG] deferring start (4924 us)
[DBG] deferring start (4834 us)
[DBG] deferring start (4730 us)
[DBG] deferring start (4631 us)
[DBG] deferring start (4545 us)
[DBG] deferring start (4452 us)
[DBG] deferring start (4359 us)
[DBG] deferring start (4266 us)
[DBG] deferring start (4171 us)
[DBG] deferring start (4076 us)
[DBG] deferring start (3984 us)
[DBG] deferring start (3891 us)
[DBG] deferring start (3799 us)
[DBG] deferring start (3708 us)
[DBG] deferring start (3602 us)
[DBG] deferring start (3513 us)
[DBG] deferring start (3420 us)
[DBG] deferring start (3326 us)
[DBG] deferring start (3238 us)
[DBG] deferring start (3147 us)
[DBG] deferring start (3054 us)
[DBG] deferring start (2961 us)
[DBG] deferring start (2832 us)
[DBG] deferring start (2720 us)
[DBG] deferring start (2626 us)
[DBG] deferring start (2534 us)
[DBG] deferring start (2441 us)
[DBG] deferring start (2348 us)
[DBG] deferring start (2253 us)
[DBG] deferring start (2164 us)
[DBG] deferring start (2065 us)
[DBG] deferring start (1975 us)
[DBG] deferring start (1882 us)
[DBG] deferring start (1789 us)
[DBG] deferring start (1703 us)
[DBG] deferring start (1612 us)
[DBG] deferring start (1520 us)
[DBG] deferring start (1430 us)
[DBG] deferring start (1335 us)
[DBG] deferring start (1240 us)
[DBG] deferring start (1150 us)
[DBG] deferring start (1058 us)
[DBG] deferring start (956 us)
[DBG] deferring start (870 us)
[DBG] deferring start (774 us)
[DBG] deferring start (680 us)
[DBG] deferring start (588 us)
[DBG] deferring start (496 us)
[DBG] deferring start (409 us)
[DBG] deferring start (322 us)
[DBG] deferring start (230 us)
[DBG] deferring start (135 us)
[DBG] deferring start (42 us)
[DBG] starting late (-50 us)
[WARN] picture is too late to be displayed (missing 49 ms)
10:15:17.071 AM [skip] +30 s (click) before=120644 ms target=150644 ms
[DBG] ES_OUT_RESET_PCR called
10:15:17.074 AM [player] buffering 0.0
[DBG] SET_TIME to 150644000
[DBG] seek request to i_pos = 150644000
[DBG] seek: preroll{ track: 1, pts: 150359000, fpos: 630956070 skip: 630956070} 
[DBG] resolving 192.168.1.250 ...
[DBG] outgoing request:
GET /stream/4 HTTP/1.1
Host: 192.168.1.250:8093
Accept: */*
Accept-Language: en_US
User-Agent: VLC/4.0.0-dev LibVLC/4.0.0-dev
If-Unmodified-Since: Sat, 18 Jul 2026 03:52:34 GMT
Range: bytes=630956070-


[DBG] incoming response:
HTTP/1.1 206 Partial Content
Accept-Ranges: bytes
Content-Length: 57852366467
Content-Range: bytes 630956070-58483322536/58483322537
Content-Type: video/x-matroska
Last-Modified: Sat, 18 Jul 2026 03:52:34 GMT
Date: Mon, 14 Sep 2026 14:15:17 GMT


[DBG] connection failed
[DBG] seek: preroll{ req: 150644001, start-pts: 150359001, start-fpos: 630956070} 
[DBG] Buffering 0%
10:15:17.294 AM [player] buffering 0.0
[DBG] Buffering 3%
[DBG] Buffering 7%
[DBG] Buffering 12%
[DBG] end of audio preroll
[DBG] Buffering 16%
[DBG] Buffering 23%
[DBG] Buffering 29%
[DBG] end of video preroll
[DBG] Received first picture
[DBG] Buffering 32%
[DBG] Buffering 38%
[DBG] Buffering 45%
[DBG] Buffering 48%
[DBG] Buffering 54%
[DBG] Buffering 61%
[DBG] Buffering 64%
[DBG] Buffering 69%
[DBG] Buffering 77%
[DBG] Buffering 81%
[DBG] Buffering 85%
10:15:17.588 AM [skip] after=150644 ms
[DBG] Buffering 90%
[DBG] Buffering 94%
[DBG] Stream buffering done (1300 ms in 337 ms)
[DBG] Decoder wait done in 0 ms
10:15:17.631 AM [player] buffering 1.0
[DBG] deferring start (100794 us)
[DBG] deferring start (91733 us)
[DBG] deferring start (89696 us)
[DBG] deferring start (88398 us)
[DBG] deferring start (87110 us)
[DBG] deferring start (86012 us)
[DBG] deferring start (84880 us)
[DBG] deferring start (83765 us)
[DBG] deferring start (82484 us)
[DBG] deferring start (81223 us)
[DBG] deferring start (80039 us)
[DBG] deferring start (78943 us)
[DBG] deferring start (77738 us)
[DBG] deferring start (76668 us)
[DBG] deferring start (75611 us)
[DBG] deferring start (74557 us)
[DBG] deferring start (73504 us)
[DBG] deferring start (72456 us)
[DBG] deferring start (71412 us)
[DBG] deferring start (70368 us)
[DBG] deferring start (69329 us)
[DBG] deferring start (68272 us)
[DBG] deferring start (67239 us)
[DBG] deferring start (66198 us)
[DBG] deferring start (65051 us)
[DBG] deferring start (63970 us)
[DBG] deferring start (62906 us)
[DBG] deferring start (61846 us)
[DBG] deferring start (60788 us)
[DBG] deferring start (59730 us)
[DBG] deferring start (59437 us)
[DBG] deferring start (59138 us)
[DBG] deferring start (58938 us)
[DBG] deferring start (58749 us)
[DBG] deferring start (58565 us)
[DBG] deferring start (58381 us)
[DBG] deferring start (58193 us)
[DBG] deferring start (57940 us)
[DBG] deferring start (57742 us)
[DBG] deferring start (57555 us)
[DBG] deferring start (57369 us)
[DBG] deferring start (57184 us)
[DBG] deferring start (56723 us)
[DBG] deferring start (56527 us)
[DBG] deferring start (56333 us)
[DBG] deferring start (56127 us)
[DBG] deferring start (55944 us)
[DBG] deferring start (55764 us)
[DBG] deferring start (55583 us)
[DBG] deferring start (55398 us)
[DBG] deferring start (55221 us)
[DBG] deferring start (54916 us)
[DBG] deferring start (54442 us)
[DBG] deferring start (54211 us)
[DBG] deferring start (53996 us)
[DBG] deferring start (53789 us)
[DBG] deferring start (55176 us)
[DBG] deferring start (54182 us)
[DBG] deferring start (53184 us)
[DBG] deferring start (52964 us)
[DBG] deferring start (52763 us)
[DBG] deferring start (52572 us)
[DBG] deferring start (52381 us)
[DBG] deferring start (52186 us)
[DBG] deferring start (51958 us)
[DBG] deferring start (51764 us)
[DBG] deferring start (51584 us)
[DBG] deferring start (51395 us)
[DBG] deferring start (51190 us)
[DBG] deferring start (50990 us)
[DBG] deferring start (50787 us)
[DBG] deferring start (50586 us)
[DBG] deferring start (50397 us)
[DBG] deferring start (50220 us)
[DBG] deferring start (50036 us)
[DBG] deferring start (49836 us)
[DBG] deferring start (49644 us)
[DBG] deferring start (49437 us)
[DBG] deferring start (49144 us)
[DBG] deferring start (48917 us)
[DBG] deferring start (48625 us)
[DBG] deferring start (48436 us)
[DBG] deferring start (48256 us)
[DBG] deferring start (48089 us)
[DBG] deferring start (47907 us)
[DBG] deferring start (47741 us)
[DBG] deferring start (47561 us)
[DBG] deferring start (47394 us)
[DBG] deferring start (47229 us)
[DBG] deferring start (47049 us)
[DBG] deferring start (46873 us)
[DBG] deferring start (46699 us)
[DBG] deferring start (46538 us)
[DBG] deferring start (46368 us)
[DBG] deferring start (46193 us)
[DBG] deferring start (46809 us)
[DBG] deferring start (45844 us)
[DBG] deferring start (45665 us)
[DBG] deferring start (45487 us)
[DBG] deferring start (45312 us)
[DBG] deferring start (45130 us)
[DBG] deferring start (44966 us)
[DBG] deferring start (44751 us)
[DBG] deferring start (44565 us)
[DBG] deferring start (44387 us)
[DBG] deferring start (44214 us)
[DBG] deferring start (44759 us)
[DBG] deferring start (43719 us)
[DBG] deferring start (44254 us)
[DBG] deferring start (43259 us)
[DBG] deferring start (43088 us)
[DBG] deferring start (42916 us)
[DBG] deferring start (42739 us)
[DBG] deferring start (42568 us)
[DBG] deferring start (42392 us)
[DBG] deferring start (42221 us)
[DBG] deferring start (42043 us)
[DBG] deferring start (41875 us)
[DBG] deferring start (41663 us)
[DBG] deferring start (41482 us)
[DBG] deferring start (41306 us)
[DBG] deferring start (41131 us)
[DBG] deferring start (40962 us)
[DBG] deferring start (40782 us)
[DBG] deferring start (40612 us)
[DBG] deferring start (40414 us)
[DBG] deferring start (40246 us)
[DBG] deferring start (40078 us)
[DBG] deferring start (39913 us)
[DBG] deferring start (39741 us)
[DBG] deferring start (39569 us)
[DBG] deferring start (39405 us)
[DBG] deferring start (39243 us)
[DBG] deferring start (39082 us)
[DBG] deferring start (39766 us)
[DBG] deferring start (38803 us)
[DBG] deferring start (38643 us)
[DBG] deferring start (38494 us)
[DBG] deferring start (38407 us)
[DBG] deferring start (38329 us)
[DBG] deferring start (38245 us)
[DBG] deferring start (38141 us)
[DBG] deferring start (42094 us)
[DBG] deferring start (41175 us)
[DBG] deferring start (40244 us)
[DBG] deferring start (39317 us)
[DBG] deferring start (38408 us)
[DBG] deferring start (37488 us)
[DBG] deferring start (43956 us)
[DBG] deferring start (43030 us)
[DBG] deferring start (42123 us)
[DBG] deferring start (41174 us)
[DBG] deferring start (40237 us)
[DBG] deferring start (39303 us)
[DBG] deferring start (38388 us)
[DBG] deferring start (37465 us)
[DBG] deferring start (36549 us)
[DBG] deferring start (36463 us)
[DBG] deferring start (36373 us)
[DBG] deferring start (36261 us)
[DBG] deferring start (37769 us)
[DBG] deferring start (36822 us)
[DBG] deferring start (35900 us)
[DBG] deferring start (35761 us)
[DBG] deferring start (36463 us)
[DBG] deferring start (35553 us)
[DBG] deferring start (35439 us)
[DBG] deferring start (36957 us)
[DBG] deferring start (36031 us)
[DBG] deferring start (35118 us)
[DBG] deferring start (35011 us)
[DBG] deferring start (34911 us)
[DBG] deferring start (34815 us)
[DBG] deferring start (34732 us)
[DBG] deferring start (34639 us)
[DBG] deferring start (34549 us)
[DBG] deferring start (34406 us)
[DBG] deferring start (34254 us)
[DBG] deferring start (34079 us)
[DBG] deferring start (33944 us)
[DBG] deferring start (33792 us)
[DBG] deferring start (33639 us)
[DBG] deferring start (33496 us)
[DBG] deferring start (33339 us)
[DBG] deferring start (33210 us)
[DBG] deferring start (33084 us)
[DBG] deferring start (32924 us)
[DBG] deferring start (32794 us)
[DBG] deferring start (32665 us)
[DBG] deferring start (32537 us)
[DBG] deferring start (32413 us)
[DBG] deferring start (32281 us)
[DBG] deferring start (32137 us)
[DBG] deferring start (32004 us)
[DBG] deferring start (31870 us)
[DBG] deferring start (31729 us)
[DBG] deferring start (31590 us)
[DBG] deferring start (31454 us)
[DBG] deferring start (32096 us)
[DBG] deferring start (31143 us)
[DBG] deferring start (31008 us)
[DBG] deferring start (30874 us)
[DBG] deferring start (30734 us)
[DBG] deferring start (30603 us)
[DBG] deferring start (30483 us)
[DBG] deferring start (30358 us)
[DBG] deferring start (30223 us)
[DBG] deferring start (30088 us)
[DBG] deferring start (29941 us)
[DBG] deferring start (29785 us)
[DBG] deferring start (29641 us)
[DBG] deferring start (29509 us)
[DBG] deferring start (29379 us)
[DBG] deferring start (29252 us)
[DBG] deferring start (29116 us)
[DBG] deferring start (28969 us)
[DBG] deferring start (28825 us)
[DBG] deferring start (28688 us)
[DBG] deferring start (28576 us)
[DBG] deferring start (28429 us)
[DBG] deferring start (28254 us)
[DBG] deferring start (28127 us)
[DBG] deferring start (27997 us)
[DBG] deferring start (27864 us)
[DBG] deferring start (27719 us)
[DBG] deferring start (27584 us)
[DBG] deferring start (27462 us)
[DBG] deferring start (27320 us)
[DBG] deferring start (27180 us)
[DBG] deferring start (27045 us)
[DBG] deferring start (26911 us)
[DBG] deferring start (26775 us)
[DBG] deferring start (26642 us)
[DBG] deferring start (26510 us)
[DBG] deferring start (26376 us)
[DBG] deferring start (26245 us)
[DBG] deferring start (26116 us)
[DBG] deferring start (25989 us)
[DBG] deferring start (25858 us)
[DBG] deferring start (25731 us)
[DBG] deferring start (25605 us)
[DBG] deferring start (25484 us)
[DBG] deferring start (25364 us)
[DBG] deferring start (25244 us)
[DBG] deferring start (25128 us)
[DBG] deferring start (25013 us)
[DBG] deferring start (24902 us)
[DBG] deferring start (24784 us)
[DBG] deferring start (24671 us)
[DBG] deferring start (24554 us)
[DBG] deferring start (24434 us)
[DBG] deferring start (24313 us)
[DBG] deferring start (24188 us)
[DBG] deferring start (24062 us)
[DBG] deferring start (23939 us)
[DBG] deferring start (23815 us)
[DBG] deferring start (23697 us)
[DBG] deferring start (23581 us)
[DBG] deferring start (23466 us)
[DBG] deferring start (23342 us)
[DBG] deferring start (23237 us)
[DBG] deferring start (23120 us)
[DBG] deferring start (23000 us)
[DBG] deferring start (22884 us)
[DBG] deferring start (22758 us)
[DBG] deferring start (22633 us)
[DBG] deferring start (22510 us)
[DBG] deferring start (22391 us)
[DBG] deferring start (22271 us)
[DBG] deferring start (22150 us)
[DBG] deferring start (22026 us)
[DBG] deferring start (21869 us)
[DBG] deferring start (21757 us)
[DBG] deferring start (21630 us)
[DBG] deferring start (21520 us)
[DBG] deferring start (21417 us)
[DBG] deferring start (21305 us)
[DBG] deferring start (21191 us)
[DBG] deferring start (21080 us)
[DBG] deferring start (20961 us)
[DBG] deferring start (20843 us)
[DBG] deferring start (20719 us)
[DBG] deferring start (20600 us)
[DBG] deferring start (20479 us)
[DBG] deferring start (20359 us)
[DBG] deferring start (20238 us)
[DBG] deferring start (20118 us)
[DBG] deferring start (19999 us)
[DBG] deferring start (19883 us)
[DBG] deferring start (19761 us)
[DBG] deferring start (19646 us)
[DBG] deferring start (19531 us)
[DBG] deferring start (19418 us)
[DBG] deferring start (19297 us)
[DBG] deferring start (19192 us)
[DBG] deferring start (19091 us)
[DBG] deferring start (18991 us)
[DBG] deferring start (18886 us)
[DBG] deferring start (18786 us)
[DBG] deferring start (18685 us)
[DBG] deferring start (18583 us)
[DBG] deferring start (18481 us)
[DBG] deferring start (18380 us)
[DBG] deferring start (18275 us)
[DBG] deferring start (18168 us)
[DBG] deferring start (18061 us)
[DBG] deferring start (17955 us)
[DBG] deferring start (17844 us)
[DBG] deferring start (17737 us)
[DBG] deferring start (17634 us)
[DBG] deferring start (17527 us)
[DBG] deferring start (17407 us)
[DBG] deferring start (17287 us)
[DBG] deferring start (17192 us)
[DBG] deferring start (17083 us)
[DBG] deferring start (17774 us)
[DBG] deferring start (16851 us)
[DBG] deferring start (16741 us)
[DBG] deferring start (16635 us)
[DBG] deferring start (16527 us)
[DBG] deferring start (16422 us)
[DBG] deferring start (16317 us)
[DBG] deferring start (16214 us)
[DBG] deferring start (16101 us)
[DBG] deferring start (15995 us)
[DBG] deferring start (15885 us)
[DBG] deferring start (15784 us)
[DBG] deferring start (15676 us)
[DBG] deferring start (15561 us)
[DBG] deferring start (15458 us)
[DBG] deferring start (15321 us)
[DBG] deferring start (15216 us)
[DBG] deferring start (15112 us)
[DBG] deferring start (15006 us)
[DBG] deferring start (14904 us)
[DBG] deferring start (14802 us)
[DBG] deferring start (14699 us)
[DBG] deferring start (14593 us)
[DBG] deferring start (14494 us)
[DBG] deferring start (14392 us)
[DBG] deferring start (14285 us)
[DBG] deferring start (14173 us)
[DBG] deferring start (14878 us)
[DBG] deferring start (13951 us)
[DBG] deferring start (13851 us)
[DBG] deferring start (13749 us)
[DBG] deferring start (13650 us)
[DBG] deferring start (13551 us)
[DBG] deferring start (13454 us)
[DBG] deferring start (13356 us)
[DBG] deferring start (13258 us)
[DBG] deferring start (13161 us)
[DBG] deferring start (13066 us)
[DBG] deferring start (12968 us)
[DBG] deferring start (13672 us)
[DBG] deferring start (12755 us)
[DBG] deferring start (12636 us)
[DBG] deferring start (12541 us)
[DBG] deferring start (12443 us)
[DBG] deferring start (12345 us)
[DBG] deferring start (12249 us)
[DBG] deferring start (12153 us)
[DBG] deferring start (12057 us)
[DBG] deferring start (11961 us)
[DBG] deferring start (11863 us)
[DBG] deferring start (11765 us)
[DBG] deferring start (11671 us)
[DBG] deferring start (11567 us)
[DBG] deferring start (11476 us)
[DBG] deferring start (11350 us)
[DBG] deferring start (11259 us)
[DBG] deferring start (11159 us)
[DBG] deferring start (11061 us)
[DBG] deferring start (10964 us)
[DBG] deferring start (10861 us)
[DBG] deferring start (10758 us)
[DBG] deferring start (10661 us)
[DBG] deferring start (10563 us)
[DBG] deferring start (10459 us)
[DBG] deferring start (10362 us)
[DBG] deferring start (10272 us)
[DBG] deferring start (13469 us)
[DBG] deferring start (12555 us)
[DBG] deferring start (11633 us)
[DBG] deferring start (10717 us)
[DBG] deferring start (9806 us)
[DBG] deferring start (9715 us)
[DBG] deferring start (9619 us)
[DBG] deferring start (9528 us)
[DBG] deferring start (9434 us)
[DBG] deferring start (9336 us)
[DBG] deferring start (9236 us)
[DBG] deferring start (9146 us)
[DBG] deferring start (9054 us)
[DBG] deferring start (8958 us)
[DBG] deferring start (8858 us)
[DBG] deferring start (8744 us)
[DBG] deferring start (9457 us)
[DBG] deferring start (8539 us)
[DBG] deferring start (8446 us)
[DBG] deferring start (8348 us)
[DBG] deferring start (8251 us)
[DBG] deferring start (8153 us)
[DBG] deferring start (8056 us)
[DBG] deferring start (7959 us)
[DBG] deferring start (7857 us)
[DBG] deferring start (7768 us)
[DBG] deferring start (7670 us)
[DBG] deferring start (7570 us)
[DBG] deferring start (9116 us)
[DBG] deferring start (8199 us)
[DBG] deferring start (7285 us)
[DBG] deferring start (7196 us)
[DBG] deferring start (7100 us)
[DBG] deferring start (6984 us)
[DBG] deferring start (6885 us)
[DBG] deferring start (6796 us)
[DBG] deferring start (6703 us)
[DBG] deferring start (6610 us)
[DBG] deferring start (6517 us)
[DBG] deferring start (6431 us)
[DBG] deferring start (6336 us)
[DBG] deferring start (6249 us)
[DBG] deferring start (6163 us)
[DBG] deferring start (6073 us)
[DBG] deferring start (5979 us)
[DBG] deferring start (5886 us)
[DBG] deferring start (5800 us)
[DBG] deferring start (5713 us)
[DBG] deferring start (5626 us)
[DBG] deferring start (5495 us)
[DBG] deferring start (5403 us)
[DBG] deferring start (5315 us)
[DBG] deferring start (5223 us)
[DBG] deferring start (5137 us)
[DBG] deferring start (5042 us)
[DBG] deferring start (4957 us)
[DBG] deferring start (4873 us)
[DBG] deferring start (4760 us)
[DBG] deferring start (4670 us)
[DBG] deferring start (4578 us)
[DBG] deferring start (4487 us)
[DBG] deferring start (4400 us)
[DBG] deferring start (4312 us)
[DBG] deferring start (4184 us)
[DBG] deferring start (4067 us)
[DBG] deferring start (3970 us)
[DBG] deferring start (3879 us)
[DBG] deferring start (3789 us)
[DBG] deferring start (3696 us)
[DBG] deferring start (3611 us)
[DBG] deferring start (3527 us)
[DBG] deferring start (3440 us)
[DBG] deferring start (3355 us)
[DBG] deferring start (3263 us)
[DBG] deferring start (3176 us)
[DBG] deferring start (3065 us)
[DBG] deferring start (2972 us)
[DBG] deferring start (2876 us)
[DBG] deferring start (2782 us)
[DBG] deferring start (2690 us)
[DBG] deferring start (2598 us)
[DBG] deferring start (2502 us)
[DBG] deferring start (2408 us)
[DBG] deferring start (2312 us)
[DBG] deferring start (3836 us)
[DBG] deferring start (2923 us)
[DBG] deferring start (2014 us)
[DBG] deferring start (1913 us)
[DBG] deferring start (1830 us)
[DBG] deferring start (1741 us)
[DBG] deferring start (1647 us)
[DBG] deferring start (1559 us)
[DBG] deferring start (1469 us)
[DBG] deferring start (1381 us)
[DBG] deferring start (1293 us)
[DBG] deferring start (1210 us)
[DBG] deferring start (1129 us)
[DBG] deferring start (1043 us)
[DBG] deferring start (953 us)
[DBG] deferring start (871 us)
[DBG] deferring start (782 us)
[DBG] deferring start (693 us)
[DBG] deferring start (606 us)
[DBG] deferring start (512 us)
[DBG] deferring start (424 us)
[DBG] deferring start (335 us)
[DBG] deferring start (246 us)
[DBG] deferring start (158 us)
[DBG] deferring start (79 us)
[DBG] starting late (-10 us)
[WARN] picture is too late to be displayed (missing 121 ms)
[DBG] picture displayed late (missing 36 ms)
[WARN] picture is too late to be displayed (missing 46 ms)
[WARN] picture is too late to be displayed (missing 49 ms)
[DBG] ES_OUT_RESET_PCR called
10:15:18.309 AM [skip] +30 s (click) before=150644 ms target=180644 ms
10:15:18.313 AM [player] buffering 0.0
[DBG] SET_TIME to 180644000
[DBG] seek request to i_pos = 180644000
[DBG] seek: preroll{ track: 1, pts: 180472000, fpos: 828176139 skip: 828176139} 
[DBG] resolving 192.168.1.250 ...
[DBG] outgoing request:
GET /stream/4 HTTP/1.1
Host: 192.168.1.250:8093
Accept: */*
Accept-Language: en_US
User-Agent: VLC/4.0.0-dev LibVLC/4.0.0-dev
If-Unmodified-Since: Sat, 18 Jul 2026 03:52:34 GMT
Range: bytes=828176139-


[DBG] incoming response:
HTTP/1.1 206 Partial Content
Accept-Ranges: bytes
Content-Length: 57655146398
Content-Range: bytes 828176139-58483322536/58483322537
Content-Type: video/x-matroska
Last-Modified: Sat, 18 Jul 2026 03:52:34 GMT
Date: Mon, 14 Sep 2026 14:15:18 GMT


[DBG] connection failed
[DBG] seek: preroll{ req: 180644001, start-pts: 180472001, start-fpos: 828176139} 
[DBG] Buffering 0%
10:15:18.522 AM [player] buffering 0.0
[DBG] Buffering 3%
[DBG] Buffering 9%
[DBG] end of audio preroll
[DBG] Buffering 14%
[DBG] end of video preroll
[DBG] Received first picture
[DBG] Buffering 17%
[DBG] Buffering 26%
[DBG] Buffering 31%
[DBG] Buffering 35%
[DBG] Buffering 42%
[DBG] Buffering 46%
[DBG] Buffering 53%
[DBG] Buffering 56%
[DBG] Buffering 61%
[DBG] Buffering 67%
[DBG] Buffering 71%
[DBG] Buffering 78%
[DBG] Buffering 85%
[DBG] Buffering 88%
[DBG] Buffering 96%
[DBG] Stream buffering done (1210 ms in 245 ms)
10:15:18.767 AM [player] buffering 1.0
[DBG] Decoder wait done in 0 ms
[DBG] deferring start (110927 us)
[DBG] deferring start (101801 us)
[DBG] deferring start (100464 us)
[DBG] deferring start (99280 us)
[DBG] deferring start (98097 us)
[DBG] deferring start (96934 us)
[DBG] deferring start (95806 us)
[DBG] deferring start (94737 us)
[DBG] deferring start (93670 us)
[DBG] deferring start (92613 us)
[DBG] deferring start (91554 us)
[DBG] deferring start (90503 us)
[DBG] deferring start (89457 us)
[DBG] deferring start (88375 us)
[DBG] deferring start (87283 us)
[DBG] deferring start (86231 us)
[DBG] deferring start (85188 us)
[DBG] deferring start (84132 us)
[DBG] deferring start (83075 us)
[DBG] deferring start (82034 us)
[DBG] deferring start (80965 us)
[DBG] deferring start (79920 us)
[DBG] deferring start (78876 us)
[DBG] deferring start (77818 us)
[DBG] deferring start (76752 us)
[DBG] deferring start (75689 us)
[DBG] deferring start (74631 us)
[DBG] deferring start (73592 us)
[DBG] deferring start (72552 us)
[DBG] deferring start (71483 us)
[DBG] deferring start (70419 us)
[DBG] deferring start (69371 us)
[DBG] deferring start (68316 us)
[DBG] deferring start (67254 us)
[DBG] deferring start (66210 us)
[DBG] deferring start (65166 us)
[DBG] deferring start (64118 us)
[DBG] deferring start (63076 us)
[DBG] deferring start (62036 us)
[DBG] deferring start (61004 us)
[DBG] deferring start (59959 us)
[DBG] deferring start (58914 us)
[DBG] deferring start (57902 us)
[DBG] deferring start (57717 us)
[DBG] deferring start (57531 us)
[DBG] deferring start (57341 us)
[DBG] deferring start (57155 us)
[DBG] deferring start (56969 us)
[DBG] deferring start (56784 us)
[DBG] deferring start (56566 us)
[DBG] deferring start (56372 us)
[DBG] deferring start (56192 us)
[DBG] deferring start (56006 us)
[DBG] deferring start (55816 us)
[DBG] deferring start (55631 us)
[DBG] deferring start (55440 us)
[DBG] deferring start (55263 us)
[DBG] deferring start (55089 us)
[DBG] deferring start (54911 us)
[DBG] deferring start (54733 us)
[DBG] deferring start (54560 us)
[DBG] deferring start (54373 us)
[DBG] deferring start (54022 us)
[DBG] deferring start (53668 us)
[DBG] deferring start (53305 us)
[DBG] deferring start (53038 us)
[DBG] deferring start (52825 us)
[DBG] deferring start (52619 us)
[DBG] deferring start (52418 us)
[DBG] deferring start (52207 us)
[DBG] deferring start (52748 us)
[DBG] deferring start (51694 us)
[DBG] deferring start (51485 us)
[DBG] deferring start (51269 us)
[DBG] deferring start (51048 us)
[DBG] deferring start (50837 us)
[DBG] deferring start (50599 us)
[DBG] deferring start (50399 us)
[DBG] deferring start (50212 us)
[DBG] deferring start (49988 us)
[DBG] deferring start (49782 us)
[DBG] deferring start (49567 us)
[DBG] deferring start (49342 us)
[DBG] deferring start (49147 us)
[DBG] deferring start (48916 us)
[DBG] deferring start (50289 us)
[DBG] deferring start (49222 us)
[DBG] deferring start (48145 us)
[DBG] deferring start (47939 us)
[DBG] deferring start (48459 us)
[DBG] deferring start (47430 us)
[DBG] deferring start (47208 us)
[DBG] deferring start (46995 us)
[DBG] deferring start (46779 us)
[DBG] deferring start (46548 us)
[DBG] deferring start (46345 us)
[DBG] deferring start (46116 us)
[DBG] deferring start (45922 us)
[DBG] deferring start (45745 us)
[DBG] deferring start (45568 us)
[DBG] deferring start (45386 us)
[DBG] deferring start (45190 us)
[DBG] deferring start (45018 us)
[DBG] deferring start (44833 us)
[DBG] deferring start (44638 us)
[DBG] deferring start (44468 us)
[DBG] deferring start (44278 us)
[DBG] deferring start (44093 us)
[DBG] deferring start (43899 us)
[DBG] deferring start (45320 us)
[DBG] deferring start (44355 us)
[DBG] deferring start (43384 us)
[DBG] deferring start (43222 us)
[DBG] deferring start (43048 us)
[DBG] deferring start (42879 us)
[DBG] deferring start (42697 us)
[DBG] deferring start (43360 us)
[DBG] deferring start (42395 us)
[DBG] deferring start (42225 us)
[DBG] deferring start (42043 us)
[DBG] deferring start (41874 us)
[DBG] deferring start (41693 us)
[DBG] deferring start (41488 us)
[DBG] deferring start (42104 us)
[DBG] deferring start (41124 us)
[DBG] deferring start (41839 us)
[DBG] deferring start (40938 us)
[DBG] deferring start (40860 us)
[DBG] deferring start (40774 us)
[DBG] deferring start (44771 us)
[DBG] deferring start (43858 us)
[DBG] deferring start (42953 us)
[DBG] deferring start (42019 us)
[DBG] deferring start (41014 us)
[DBG] deferring start (40086 us)
[DBG] deferring start (40717 us)
[DBG] deferring start (39795 us)
[DBG] deferring start (39716 us)
[DBG] deferring start (39628 us)
[DBG] deferring start (41171 us)
[DBG] deferring start (40249 us)
[DBG] deferring start (39353 us)
[DBG] deferring start (39278 us)
[DBG] deferring start (39203 us)
[DBG] deferring start (39072 us)
[DBG] deferring start (40608 us)
[DBG] deferring start (39713 us)
[DBG] deferring start (38772 us)
[DBG] deferring start (38612 us)
[DBG] deferring start (38487 us)
[DBG] deferring start (38376 us)
[DBG] deferring start (38269 us)
[DBG] deferring start (38185 us)
[DBG] deferring start (38109 us)
[DBG] deferring start (38013 us)
[DBG] deferring start (37933 us)
[DBG] deferring start (37856 us)
[DBG] deferring start (37780 us)
[DBG] deferring start (37706 us)
[DBG] deferring start (37559 us)
[DBG] deferring start (37413 us)
[DBG] deferring start (37278 us)
[DBG] deferring start (37132 us)
[DBG] deferring start (36984 us)
[DBG] deferring start (36850 us)
[DBG] deferring start (36715 us)
[DBG] deferring start (36564 us)
[DBG] deferring start (36410 us)
[DBG] deferring start (36267 us)
[DBG] deferring start (36120 us)
[DBG] deferring start (35972 us)
[DBG] deferring start (35829 us)
[DBG] deferring start (35680 us)
[DBG] deferring start (35532 us)
[DBG] deferring start (35342 us)
[DBG] deferring start (35189 us)
[DBG] deferring start (35051 us)
[DBG] deferring start (34907 us)
[DBG] deferring start (34761 us)
[DBG] deferring start (34617 us)
[DBG] deferring start (34474 us)
[DBG] deferring start (34321 us)
[DBG] deferring start (34165 us)
[DBG] deferring start (34000 us)
[DBG] deferring start (33848 us)
[DBG] deferring start (33709 us)
[DBG] deferring start (33560 us)
[DBG] deferring start (33422 us)
[DBG] deferring start (33266 us)
[DBG] deferring start (33128 us)
[DBG] deferring start (32954 us)
[DBG] deferring start (32813 us)
[DBG] deferring start (32672 us)
[DBG] deferring start (32467 us)
[DBG] deferring start (32318 us)
[DBG] deferring start (32185 us)
[DBG] deferring start (32041 us)
[DBG] deferring start (31900 us)
[DBG] deferring start (31767 us)
[DBG] deferring start (31637 us)
[DBG] deferring start (31487 us)
[DBG] deferring start (31356 us)
[DBG] deferring start (31224 us)
[DBG] deferring start (31094 us)
[DBG] deferring start (30959 us)
[DBG] deferring start (30813 us)
[DBG] deferring start (30681 us)
[DBG] deferring start (30549 us)
[DBG] deferring start (30418 us)
[DBG] deferring start (30287 us)
[DBG] deferring start (30151 us)
[DBG] deferring start (30017 us)
[DBG] deferring start (29890 us)
[DBG] deferring start (29758 us)
[DBG] deferring start (29638 us)
[DBG] deferring start (29515 us)
[DBG] deferring start (29384 us)
[DBG] deferring start (29232 us)
[DBG] deferring start (29069 us)
[DBG] deferring start (28925 us)
[DBG] deferring start (28792 us)
[DBG] deferring start (28677 us)
[DBG] deferring start (28542 us)
[DBG] deferring start (28420 us)
[DBG] deferring start (28298 us)
[DBG] deferring start (28170 us)
[DBG] deferring start (28047 us)
[DBG] deferring start (27918 us)
[DBG] deferring start (27758 us)
[DBG] deferring start (27622 us)
[DBG] deferring start (27492 us)
[DBG] deferring start (27368 us)
[DBG] deferring start (27250 us)
[DBG] deferring start (27124 us)
[DBG] deferring start (26997 us)
[DBG] deferring start (26856 us)
[DBG] deferring start (26725 us)
[DBG] deferring start (27384 us)
[DBG] deferring start (26431 us)
[DBG] deferring start (26301 us)
[DBG] deferring start (26173 us)
[DBG] deferring start (26035 us)
[DBG] deferring start (25910 us)
[DBG] deferring start (25792 us)
[DBG] deferring start (25665 us)
[DBG] deferring start (25535 us)
[DBG] deferring start (25406 us)
[DBG] deferring start (25274 us)
[DBG] deferring start (25138 us)
[DBG] deferring start (24989 us)
[DBG] deferring start (24861 us)
[DBG] deferring start (24745 us)
[DBG] deferring start (24626 us)
[DBG] deferring start (24510 us)
[DBG] deferring start (24410 us)
[DBG] deferring start (24337 us)
[DBG] deferring start (24263 us)
[DBG] deferring start (25830 us)
[DBG] deferring start (24916 us)
[DBG] deferring start (23980 us)
[DBG] deferring start (23901 us)
[DBG] deferring start (23822 us)
[DBG] deferring start (23753 us)
[DBG] deferring start (23672 us)
[DBG] deferring start (23581 us)
[DBG] deferring start (23513 us)
[DBG] deferring start (23436 us)
[DBG] deferring start (24996 us)
[DBG] deferring start (24082 us)
[DBG] deferring start (23175 us)
[DBG] deferring start (23102 us)
[DBG] deferring start (23017 us)
[DBG] deferring start (22946 us)
[DBG] deferring start (22873 us)
[DBG] deferring start (22791 us)
[DBG] deferring start (22676 us)
[DBG] deferring start (22569 us)
[DBG] deferring start (22460 us)
[DBG] deferring start (22349 us)
[DBG] deferring start (22235 us)
[DBG] deferring start (22123 us)
[DBG] deferring start (22019 us)
[DBG] deferring start (21907 us)
[DBG] deferring start (21792 us)
[DBG] deferring start (21682 us)
[DBG] deferring start (21578 us)
[DBG] deferring start (23083 us)
[DBG] deferring start (22155 us)
[DBG] deferring start (21218 us)
[DBG] deferring start (21103 us)
[DBG] deferring start (20988 us)
[DBG] deferring start (20875 us)
[DBG] deferring start (20769 us)
[DBG] deferring start (20652 us)
[DBG] deferring start (20544 us)
[DBG] deferring start (20433 us)
[DBG] deferring start (20316 us)
[DBG] deferring start (20205 us)
[DBG] deferring start (20093 us)
[DBG] deferring start (19972 us)
[DBG] deferring start (19854 us)
[DBG] deferring start (19741 us)
[DBG] deferring start (19620 us)
[DBG] deferring start (19509 us)
[DBG] deferring start (19379 us)
[DBG] deferring start (19274 us)
[DBG] deferring start (19162 us)
[DBG] deferring start (19052 us)
[DBG] deferring start (18942 us)
[DBG] deferring start (18837 us)
[DBG] deferring start (18729 us)
[DBG] deferring start (18615 us)
[DBG] deferring start (18496 us)
[DBG] deferring start (18386 us)
[DBG] deferring start (18277 us)
[DBG] deferring start (18170 us)
[DBG] deferring start (18058 us)
[DBG] deferring start (17930 us)
[DBG] deferring start (17813 us)
[DBG] deferring start (17669 us)
[DBG] deferring start (17548 us)
[DBG] deferring start (17436 us)
[DBG] deferring start (17321 us)
[DBG] deferring start (17212 us)
[DBG] deferring start (17105 us)
[DBG] deferring start (16992 us)
[DBG] deferring start (16885 us)
[DBG] deferring start (16781 us)
[DBG] deferring start (16684 us)
[DBG] deferring start (16583 us)
[DBG] deferring start (16476 us)
[DBG] deferring start (16365 us)
[DBG] deferring start (16234 us)
[DBG] deferring start (16125 us)
[DBG] deferring start (16025 us)
[DBG] deferring start (15922 us)
[DBG] deferring start (15818 us)
[DBG] deferring start (15716 us)
[DBG] deferring start (15614 us)
[DBG] deferring start (15505 us)
[DBG] deferring start (15404 us)
[DBG] deferring start (15296 us)
[DBG] deferring start (15199 us)
[DBG] deferring start (15879 us)
[DBG] deferring start (14955 us)
[DBG] deferring start (14852 us)
[DBG] deferring start (14743 us)
[DBG] deferring start (14643 us)
[DBG] deferring start (14546 us)
[DBG] deferring start (14431 us)
[DBG] deferring start (14324 us)
[DBG] deferring start (14222 us)
[DBG] deferring start (14118 us)
[DBG] deferring start (14016 us)
[DBG] deferring start (13916 us)
[DBG] deferring start (13813 us)
[DBG] deferring start (13715 us)
[DBG] deferring start (13611 us)
[DBG] deferring start (13495 us)
[DBG] deferring start (13397 us)
[DBG] deferring start (13256 us)
[DBG] deferring start (13144 us)
[DBG] deferring start (13041 us)
[DBG] deferring start (12946 us)
[DBG] deferring start (12841 us)
[DBG] deferring start (12735 us)
[DBG] deferring start (12632 us)
[DBG] deferring start (12528 us)
[DBG] deferring start (12427 us)
[DBG] deferring start (12324 us)
[DBG] deferring start (12221 us)
[DBG] deferring start (12114 us)
[DBG] deferring start (11981 us)
[DBG] deferring start (11862 us)
[DBG] deferring start (11718 us)
10:15:18.836 AM [skip] after=180644 ms
[DBG] deferring start (12407 us)
[DBG] deferring start (11486 us)
[DBG] deferring start (11387 us)
[DBG] deferring start (11284 us)
[DBG] deferring start (11178 us)
[DBG] deferring start (11072 us)
[DBG] deferring start (10965 us)
[DBG] deferring start (10874 us)
[DBG] deferring start (10771 us)
[DBG] deferring start (10674 us)
[DBG] deferring start (10581 us)
[DBG] deferring start (10485 us)
[DBG] deferring start (10391 us)
[DBG] deferring start (10295 us)
[DBG] deferring start (10157 us)
[DBG] deferring start (10065 us)
[DBG] deferring start (9965 us)
[DBG] deferring start (9881 us)
[DBG] deferring start (9779 us)
[DBG] deferring start (9690 us)
[DBG] deferring start (9599 us)
[DBG] deferring start (9494 us)
[DBG] deferring start (9401 us)
[DBG] deferring start (9306 us)
[DBG] deferring start (9218 us)
[DBG] deferring start (9116 us)
[DBG] deferring start (9022 us)
[DBG] deferring start (8924 us)
[DBG] deferring start (8834 us)
[DBG] deferring start (10361 us)
[DBG] deferring start (9441 us)
[DBG] deferring start (8522 us)
[DBG] deferring start (8425 us)
[DBG] deferring start (8332 us)
[DBG] deferring start (8234 us)
[DBG] deferring start (8138 us)
[DBG] deferring start (8042 us)
[DBG] deferring start (7947 us)
[DBG] deferring start (7852 us)
[DBG] deferring start (7764 us)
[DBG] deferring start (7655 us)
[DBG] deferring start (7566 us)
[DBG] deferring start (7484 us)
[DBG] deferring start (7397 us)
[DBG] deferring start (7320 us)
[DBG] deferring start (7240 us)
[DBG] deferring start (7164 us)
[DBG] deferring start (7086 us)
[DBG] deferring start (6999 us)
[DBG] deferring start (6918 us)
[DBG] deferring start (6832 us)
[DBG] deferring start (6740 us)
[DBG] deferring start (6594 us)
[DBG] deferring start (6495 us)
[DBG] deferring start (6400 us)
[DBG] deferring start (6307 us)
[DBG] deferring start (6211 us)
[DBG] deferring start (6112 us)
[DBG] deferring start (6013 us)
[DBG] deferring start (5917 us)
[DBG] deferring start (5821 us)
[DBG] deferring start (5725 us)
[DBG] deferring start (5630 us)
[DBG] deferring start (5533 us)
[DBG] deferring start (5430 us)
[DBG] deferring start (5336 us)
[DBG] deferring start (5244 us)
[DBG] deferring start (5148 us)
[DBG] deferring start (5059 us)
[DBG] deferring start (6586 us)
[DBG] deferring start (5672 us)
[DBG] deferring start (4758 us)
[DBG] deferring start (4665 us)
[DBG] deferring start (4579 us)
[DBG] deferring start (4492 us)
[DBG] deferring start (4402 us)
[DBG] deferring start (4314 us)
[DBG] deferring start (4229 us)
[DBG] deferring start (4139 us)
[DBG] deferring start (4049 us)
[DBG] deferring start (3961 us)
[DBG] deferring start (3861 us)
[DBG] deferring start (5392 us)
[DBG] deferring start (4478 us)
[DBG] deferring start (3567 us)
[DBG] deferring start (3470 us)
[DBG] deferring start (3378 us)
[DBG] deferring start (3291 us)
[DBG] deferring start (3204 us)
[DBG] deferring start (3112 us)
[DBG] deferring start (3024 us)
[DBG] deferring start (2933 us)
[DBG] deferring start (2840 us)
[DBG] deferring start (2749 us)
[DBG] deferring start (2658 us)
[DBG] deferring start (2571 us)
[DBG] deferring start (2468 us)
[DBG] deferring start (2386 us)
[DBG] deferring start (2301 us)
[DBG] deferring start (2203 us)
[DBG] deferring start (2118 us)
[DBG] deferring start (2024 us)
[DBG] deferring start (1931 us)
[DBG] deferring start (1838 us)
[DBG] deferring start (1751 us)
[DBG] deferring start (1658 us)
[DBG] deferring start (1571 us)
[DBG] deferring start (1479 us)
[DBG] deferring start (1380 us)
[DBG] deferring start (1295 us)
[DBG] deferring start (1207 us)
[DBG] deferring start (1118 us)
[DBG] deferring start (1039 us)
[DBG] deferring start (956 us)
[DBG] deferring start (874 us)
[DBG] deferring start (785 us)
[DBG] deferring start (702 us)
[DBG] deferring start (614 us)
[DBG] deferring start (537 us)
[DBG] deferring start (455 us)
[DBG] deferring start (367 us)
[DBG] deferring start (278 us)
[DBG] deferring start (194 us)
[DBG] deferring start (106 us)
[DBG] deferring start (18 us)
[DBG] starting late (-73 us)
[DBG] picture displayed late (missing 37 ms)
[WARN] picture is too late to be displayed (missing 46 ms)
[WARN] picture is too late to be displayed (missing 45 ms)
[DBG] ES_OUT_RESET_PCR called
10:15:19.537 AM [skip] +30 s (click) before=180644 ms target=210644 ms
10:15:19.541 AM [player] buffering 0.0
[DBG] SET_TIME to 210644000
[DBG] seek request to i_pos = 210644000
[DBG] seek: preroll{ track: 1, pts: 210252000, fpos: 978104091 skip: 978104091} 
[DBG] resolving 192.168.1.250 ...
[DBG] outgoing request:
GET /stream/4 HTTP/1.1
Host: 192.168.1.250:8093
Accept: */*
Accept-Language: en_US
User-Agent: VLC/4.0.0-dev LibVLC/4.0.0-dev
If-Unmodified-Since: Sat, 18 Jul 2026 03:52:34 GMT
Range: bytes=978104091-


[DBG] incoming response:
HTTP/1.1 206 Partial Content
Accept-Ranges: bytes
Content-Length: 57505218446
Content-Range: bytes 978104091-58483322536/58483322537
Content-Type: video/x-matroska
Last-Modified: Sat, 18 Jul 2026 03:52:34 GMT
Date: Mon, 14 Sep 2026 14:15:19 GMT


[DBG] connection failed
[DBG] seek: preroll{ req: 210644001, start-pts: 210252001, start-fpos: 978104091} 
[DBG] Buffering 0%
10:15:19.748 AM [player] buffering 0.0
[DBG] Buffering 2%
[DBG] Buffering 7%
[DBG] Buffering 11%
[DBG] Buffering 14%
[DBG] Buffering 21%
[DBG] end of audio preroll
[DBG] Buffering 26%
[DBG] Buffering 29%
[DBG] Buffering 35%
[DBG] Buffering 41%
[DBG] end of video preroll
[DBG] Received first picture
[DBG] Buffering 44%
[DBG] Buffering 50%
[DBG] Buffering 56%
[DBG] Buffering 59%
[DBG] Buffering 64%
[DBG] Buffering 71%
[DBG] Buffering 74%
[DBG] Buffering 79%
[DBG] Buffering 83%
10:15:20.053 AM [skip] after=210644 ms
[DBG] Buffering 86%
[DBG] Buffering 93%
[DBG] Buffering 98%
10:15:20.097 AM [player] buffering 1.0
[DBG] Stream buffering done (1417 ms in 348 ms)
[DBG] Decoder wait done in 0 ms
[DBG] deferring start (90579 us)
[DBG] deferring start (81521 us)
[DBG] deferring start (80250 us)
[DBG] deferring start (79062 us)
[DBG] deferring start (77875 us)
[DBG] deferring start (76670 us)
[DBG] deferring start (75510 us)
[DBG] deferring start (74313 us)
[DBG] deferring start (73181 us)
[DBG] deferring start (71960 us)
[DBG] deferring start (70704 us)
[DBG] deferring start (69266 us)
[DBG] deferring start (68128 us)
[DBG] deferring start (67019 us)
[DBG] deferring start (65931 us)
[DBG] deferring start (64814 us)
[DBG] deferring start (63756 us)
[DBG] deferring start (63478 us)
[DBG] deferring start (63175 us)
[DBG] deferring start (62922 us)
[DBG] deferring start (62680 us)
[DBG] deferring start (62442 us)
[DBG] deferring start (62221 us)
[DBG] deferring start (61965 us)
[DBG] deferring start (61704 us)
[DBG] deferring start (61465 us)
[DBG] deferring start (61224 us)
[DBG] deferring start (61004 us)
[DBG] deferring start (60775 us)
[DBG] deferring start (60460 us)
[DBG] deferring start (65008 us)
[DBG] deferring start (63866 us)
[DBG] deferring start (62753 us)
[DBG] deferring start (61626 us)
[DBG] deferring start (60552 us)
[DBG] deferring start (59510 us)
[DBG] deferring start (58450 us)
[DBG] deferring start (58211 us)
[DBG] deferring start (57982 us)
[DBG] deferring start (57744 us)
[DBG] deferring start (60676 us)
[DBG] deferring start (59654 us)
[DBG] deferring start (58606 us)
[DBG] deferring start (57598 us)
[DBG] deferring start (56596 us)
[DBG] deferring start (56414 us)
[DBG] deferring start (56235 us)
[DBG] deferring start (56051 us)
[DBG] deferring start (55872 us)
[DBG] deferring start (55694 us)
[DBG] deferring start (55517 us)
[DBG] deferring start (55331 us)
[DBG] deferring start (54959 us)
[DBG] deferring start (56759 us)
[DBG] deferring start (55727 us)
[DBG] deferring start (54713 us)
[DBG] deferring start (53714 us)
[DBG] deferring start (53457 us)
[DBG] deferring start (53128 us)
[DBG] deferring start (52947 us)
[DBG] deferring start (52825 us)
[DBG] deferring start (52704 us)
[DBG] deferring start (52570 us)
[DBG] deferring start (52454 us)
[DBG] deferring start (52343 us)
[DBG] deferring start (52219 us)
[DBG] deferring start (52122 us)
[DBG] deferring start (52006 us)
[DBG] deferring start (51826 us)
[DBG] deferring start (51619 us)
[DBG] deferring start (53908 us)
[DBG] deferring start (52934 us)
[DBG] deferring start (51973 us)
[DBG] deferring start (51031 us)
[DBG] deferring start (50914 us)
[DBG] deferring start (50798 us)
[DBG] deferring start (50659 us)
[DBG] deferring start (51346 us)
[DBG] deferring start (50405 us)
[DBG] deferring start (50248 us)
[DBG] deferring start (50151 us)
[DBG] deferring start (49999 us)
[DBG] deferring start (49764 us)
[DBG] deferring start (49568 us)
[DBG] deferring start (50151 us)
[DBG] deferring start (49115 us)
[DBG] deferring start (48897 us)
[DBG] deferring start (48675 us)
[DBG] deferring start (48447 us)
[DBG] deferring start (48237 us)
[DBG] deferring start (48022 us)
[DBG] deferring start (47825 us)
[DBG] deferring start (47639 us)
[DBG] deferring start (47428 us)
[DBG] deferring start (47235 us)
[DBG] deferring start (47015 us)
[DBG] deferring start (46800 us)
[DBG] deferring start (46581 us)
[DBG] deferring start (46373 us)
[DBG] deferring start (46180 us)
[DBG] deferring start (45983 us)
[DBG] deferring start (45775 us)
[DBG] deferring start (45578 us)
[DBG] deferring start (45401 us)
[DBG] deferring start (45233 us)
[DBG] deferring start (45066 us)
[DBG] deferring start (44893 us)
[DBG] deferring start (44710 us)
[DBG] deferring start (44503 us)
[DBG] deferring start (44328 us)
[DBG] deferring start (44151 us)
[DBG] deferring start (43970 us)
[DBG] deferring start (43793 us)
[DBG] deferring start (43630 us)
[DBG] deferring start (43455 us)
[DBG] deferring start (43310 us)
[DBG] deferring start (43143 us)
[DBG] deferring start (42964 us)
[DBG] deferring start (42782 us)
[DBG] deferring start (42613 us)
[DBG] deferring start (42453 us)
[DBG] deferring start (42286 us)
[DBG] deferring start (42116 us)
[DBG] deferring start (41934 us)
[DBG] deferring start (41768 us)
[DBG] deferring start (41550 us)
[DBG] deferring start (41378 us)
[DBG] deferring start (41206 us)
[DBG] deferring start (41039 us)
[DBG] deferring start (40870 us)
[DBG] deferring start (40700 us)
[DBG] deferring start (40522 us)
[DBG] deferring start (40335 us)
[DBG] deferring start (40124 us)
[DBG] deferring start (39957 us)
[DBG] deferring start (39788 us)
[DBG] deferring start (41211 us)
[DBG] deferring start (40208 us)
[DBG] deferring start (39222 us)
[DBG] deferring start (39056 us)
[DBG] deferring start (38886 us)
[DBG] deferring start (38712 us)
[DBG] deferring start (38558 us)
[DBG] deferring start (38400 us)
[DBG] deferring start (38243 us)
[DBG] deferring start (38078 us)
[DBG] deferring start (37916 us)
[DBG] deferring start (37756 us)
[DBG] deferring start (37603 us)
[DBG] deferring start (37452 us)
[DBG] deferring start (37311 us)
[DBG] deferring start (37163 us)
[DBG] deferring start (37012 us)
[DBG] deferring start (36880 us)
[DBG] deferring start (36742 us)
[DBG] deferring start (36597 us)
[DBG] deferring start (36418 us)
[DBG] deferring start (36253 us)
[DBG] deferring start (36146 us)
[DBG] deferring start (36054 us)
[DBG] deferring start (35965 us)
[DBG] deferring start (35703 us)
[DBG] deferring start (38878 us)
[DBG] deferring start (37900 us)
[DBG] deferring start (36955 us)
[DBG] deferring start (35897 us)
[DBG] deferring start (34934 us)
[DBG] deferring start (34819 us)
[DBG] deferring start (34683 us)
[DBG] deferring start (34549 us)
[DBG] deferring start (34458 us)
[DBG] deferring start (35982 us)
[DBG] deferring start (35061 us)
[DBG] deferring start (34137 us)
[DBG] deferring start (37280 us)
[DBG] deferring start (36349 us)
[DBG] deferring start (35442 us)
[DBG] deferring start (34431 us)
[DBG] deferring start (33524 us)
[DBG] deferring start (35824 us)
[DBG] deferring start (34896 us)
[DBG] deferring start (33951 us)
[DBG] deferring start (33041 us)
[DBG] deferring start (32945 us)
[DBG] deferring start (32688 us)
[DBG] deferring start (35869 us)
[DBG] deferring start (34904 us)
[DBG] deferring start (33956 us)
[DBG] deferring start (32982 us)
[DBG] deferring start (32025 us)
[DBG] deferring start (31869 us)
[DBG] deferring start (31726 us)
[DBG] deferring start (31521 us)
[DBG] deferring start (31366 us)
[DBG] deferring start (31208 us)
[DBG] deferring start (31055 us)
[DBG] deferring start (30913 us)
[DBG] deferring start (30759 us)
[DBG] deferring start (30602 us)
[DBG] deferring start (30462 us)
[DBG] deferring start (30304 us)
[DBG] deferring start (30150 us)
[DBG] deferring start (29999 us)
[DBG] deferring start (29859 us)
[DBG] deferring start (29720 us)
[DBG] deferring start (29584 us)
[DBG] deferring start (29442 us)
[DBG] deferring start (29307 us)
[DBG] deferring start (29178 us)
[DBG] deferring start (29024 us)
[DBG] deferring start (28900 us)
[DBG] deferring start (28777 us)
[DBG] deferring start (28642 us)
[DBG] deferring start (28496 us)
[DBG] deferring start (28360 us)
[DBG] deferring start (28228 us)
[DBG] deferring start (28082 us)
[DBG] deferring start (27951 us)
[DBG] deferring start (27809 us)
[DBG] deferring start (27683 us)
[DBG] deferring start (27536 us)
[DBG] deferring start (27385 us)
[DBG] deferring start (27247 us)
[DBG] deferring start (27123 us)
[DBG] deferring start (26985 us)
[DBG] deferring start (26852 us)
[DBG] deferring start (26711 us)
[DBG] deferring start (26576 us)
[DBG] deferring start (26432 us)
[DBG] deferring start (26302 us)
[DBG] deferring start (26160 us)
[DBG] deferring start (26031 us)
[DBG] deferring start (25902 us)
[DBG] deferring start (25763 us)
[DBG] deferring start (25627 us)
[DBG] deferring start (25489 us)
[DBG] deferring start (25348 us)
[DBG] deferring start (25220 us)
[DBG] deferring start (25084 us)
[DBG] deferring start (24945 us)
[DBG] deferring start (24802 us)
[DBG] deferring start (24671 us)
[DBG] deferring start (24531 us)
[DBG] deferring start (24393 us)
[DBG] deferring start (24256 us)
[DBG] deferring start (24120 us)
[DBG] deferring start (23988 us)
[DBG] deferring start (23861 us)
[DBG] deferring start (23719 us)
[DBG] deferring start (23596 us)
[DBG] deferring start (23475 us)
[DBG] deferring start (23346 us)
[DBG] deferring start (23223 us)
[DBG] deferring start (23103 us)
[DBG] deferring start (22983 us)
[DBG] deferring start (22857 us)
[DBG] deferring start (22741 us)
[DBG] deferring start (22602 us)
[DBG] deferring start (22479 us)
[DBG] deferring start (22358 us)
[DBG] deferring start (22242 us)
[DBG] deferring start (22114 us)
[DBG] deferring start (21993 us)
[DBG] deferring start (21867 us)
[DBG] deferring start (21744 us)
[DBG] deferring start (21623 us)
[DBG] deferring start (21501 us)
[DBG] deferring start (21382 us)
[DBG] deferring start (21262 us)
[DBG] deferring start (21140 us)
[DBG] deferring start (21019 us)
[DBG] deferring start (20903 us)
[DBG] deferring start (20785 us)
[DBG] deferring start (20662 us)
[DBG] deferring start (20543 us)
[DBG] deferring start (20421 us)
[DBG] deferring start (20300 us)
[DBG] deferring start (20182 us)
[DBG] deferring start (20062 us)
[DBG] deferring start (19938 us)
[DBG] deferring start (19818 us)
[DBG] deferring start (19703 us)
[DBG] deferring start (19586 us)
[DBG] deferring start (19471 us)
[DBG] deferring start (19354 us)
[DBG] deferring start (19230 us)
[DBG] deferring start (19116 us)
[DBG] deferring start (18996 us)
[DBG] deferring start (18878 us)
[DBG] deferring start (18749 us)
[DBG] deferring start (18622 us)
[DBG] deferring start (18496 us)
[DBG] deferring start (18364 us)
[DBG] deferring start (18240 us)
[DBG] deferring start (18118 us)
[DBG] deferring start (18003 us)
[DBG] deferring start (17870 us)
[DBG] deferring start (17746 us)
[DBG] deferring start (17608 us)
[DBG] deferring start (17485 us)
[DBG] deferring start (17362 us)
[DBG] deferring start (17246 us)
[DBG] deferring start (17130 us)
[DBG] deferring start (17009 us)
[DBG] deferring start (16892 us)
[DBG] deferring start (16772 us)
[DBG] deferring start (16647 us)
[DBG] deferring start (16523 us)
[DBG] deferring start (16396 us)
[DBG] deferring start (16274 us)
[DBG] deferring start (16157 us)
[DBG] deferring start (16029 us)
[DBG] deferring start (15903 us)
[DBG] deferring start (15789 us)
[DBG] deferring start (15671 us)
[DBG] deferring start (15522 us)
[DBG] deferring start (15405 us)
[DBG] deferring start (15286 us)
[DBG] deferring start (15148 us)
[DBG] deferring start (14991 us)
[DBG] deferring start (14882 us)
[DBG] deferring start (14771 us)
[DBG] deferring start (14659 us)
[DBG] deferring start (14549 us)
[DBG] deferring start (14438 us)
[DBG] deferring start (14326 us)
[DBG] deferring start (14205 us)
[DBG] deferring start (14086 us)
[DBG] deferring start (13971 us)
[DBG] deferring start (13862 us)
[DBG] deferring start (13752 us)
[DBG] deferring start (13643 us)
[DBG] deferring start (13527 us)
[DBG] deferring start (13417 us)
[DBG] deferring start (13307 us)
[DBG] deferring start (13195 us)
[DBG] deferring start (13059 us)
[DBG] deferring start (12911 us)
[DBG] deferring start (12790 us)
[DBG] deferring start (12675 us)
[DBG] deferring start (12565 us)
[DBG] deferring start (12453 us)
[DBG] deferring start (12341 us)
[DBG] deferring start (12224 us)
[DBG] deferring start (12113 us)
[DBG] deferring start (11999 us)
[DBG] deferring start (11892 us)
[DBG] deferring start (11775 us)
[DBG] deferring start (11646 us)
[DBG] deferring start (11480 us)
[DBG] deferring start (11363 us)
[DBG] deferring start (11241 us)
[DBG] deferring start (11132 us)
[DBG] deferring start (11023 us)
[DBG] deferring start (10911 us)
[DBG] deferring start (10802 us)
[DBG] deferring start (10695 us)
[DBG] deferring start (10584 us)
[DBG] deferring start (10473 us)
[DBG] deferring start (10364 us)
[DBG] deferring start (10255 us)
[DBG] deferring start (10145 us)
[DBG] deferring start (10053 us)
[DBG] deferring start (9952 us)
[DBG] deferring start (10654 us)
[DBG] deferring start (9738 us)
[DBG] deferring start (9644 us)
[DBG] deferring start (9550 us)
[DBG] deferring start (9450 us)
[DBG] deferring start (9351 us)
[DBG] deferring start (9254 us)
[DBG] deferring start (9156 us)
[DBG] deferring start (9058 us)
[DBG] deferring start (8960 us)
[DBG] deferring start (8862 us)
[DBG] deferring start (8755 us)
[DBG] deferring start (10306 us)
[DBG] deferring start (9389 us)
[DBG] deferring start (8469 us)
[DBG] deferring start (8375 us)
[DBG] deferring start (8275 us)
[DBG] deferring start (8186 us)
[DBG] deferring start (8099 us)
[DBG] deferring start (8000 us)
[DBG] deferring start (7901 us)
[DBG] deferring start (7803 us)
[DBG] deferring start (7700 us)
[DBG] deferring start (7600 us)
[DBG] deferring start (7498 us)
[DBG] deferring start (7361 us)
[DBG] deferring start (8055 us)
[DBG] deferring start (7123 us)
[DBG] deferring start (7032 us)
[DBG] deferring start (6931 us)
[DBG] deferring start (6828 us)
[DBG] deferring start (6699 us)
[DBG] deferring start (6601 us)
[DBG] deferring start (6505 us)
[DBG] deferring start (6398 us)
[DBG] deferring start (6295 us)
[DBG] deferring start (6191 us)
[DBG] deferring start (6094 us)
[DBG] deferring start (5991 us)
[DBG] deferring start (5902 us)
[DBG] deferring start (5805 us)
[DBG] deferring start (5708 us)
[DBG] deferring start (5613 us)
[DBG] deferring start (5512 us)
[DBG] deferring start (5413 us)
[DBG] deferring start (5313 us)
[DBG] deferring start (5217 us)
[DBG] deferring start (5120 us)
[DBG] deferring start (5026 us)
[DBG] deferring start (4926 us)
[DBG] deferring start (4822 us)
[DBG] deferring start (4725 us)
[DBG] deferring start (4626 us)
[DBG] deferring start (4530 us)
[DBG] deferring start (4434 us)
[DBG] deferring start (4337 us)
[DBG] deferring start (4246 us)
[DBG] deferring start (4153 us)
[DBG] deferring start (4055 us)
[DBG] deferring start (3969 us)
[DBG] deferring start (3878 us)
[DBG] deferring start (3787 us)
[DBG] deferring start (3701 us)
[DBG] deferring start (3610 us)
[DBG] deferring start (3522 us)
[DBG] deferring start (3430 us)
[DBG] deferring start (3335 us)
[DBG] deferring start (3241 us)
[DBG] deferring start (3154 us)
[DBG] deferring start (3064 us)
[DBG] deferring start (2977 us)
[DBG] deferring start (2893 us)
[DBG] deferring start (2804 us)
[DBG] deferring start (2702 us)
[DBG] deferring start (2616 us)
[DBG] deferring start (2529 us)
[DBG] deferring start (2437 us)
[DBG] deferring start (2347 us)
[DBG] deferring start (2264 us)
[DBG] deferring start (2177 us)
[DBG] deferring start (2086 us)
[DBG] deferring start (2002 us)
[DBG] deferring start (1909 us)
[DBG] deferring start (1818 us)
[DBG] deferring start (1726 us)
[DBG] deferring start (1636 us)
[DBG] deferring start (1545 us)
[DBG] deferring start (1460 us)
[DBG] deferring start (1375 us)
[DBG] deferring start (1288 us)
[DBG] deferring start (1197 us)
[DBG] deferring start (1104 us)
[DBG] deferring start (1017 us)
[DBG] deferring start (925 us)
[DBG] deferring start (831 us)
[DBG] deferring start (744 us)
[DBG] deferring start (652 us)
[DBG] deferring start (560 us)
[DBG] deferring start (474 us)
[DBG] deferring start (383 us)
[DBG] deferring start (301 us)
[DBG] deferring start (211 us)
[DBG] deferring start (117 us)
[DBG] deferring start (1627 us)
[DBG] deferring start (716 us)
[DBG] starting late (-196 us)
[DBG] picture displayed late (missing 6 ms)
[WARN] picture is too late to be displayed (missing 42 ms)
[WARN] picture is too late to be displayed (missing 45 ms)
[DBG] ES_OUT_RESET_PCR called
10:15:20.770 AM [skip] +30 s (click) before=210644 ms target=240644 ms
10:15:20.773 AM [player] buffering 0.0
[DBG] SET_TIME to 240644000
[DBG] seek request to i_pos = 240644000
[DBG] seek: preroll{ track: 1, pts: 240574000, fpos: 1106857459 skip: 1106857459} 
[DBG] resolving 192.168.1.250 ...
[DBG] outgoing request:
GET /stream/4 HTTP/1.1
Host: 192.168.1.250:8093
Accept: */*
Accept-Language: en_US
User-Agent: VLC/4.0.0-dev LibVLC/4.0.0-dev
If-Unmodified-Since: Sat, 18 Jul 2026 03:52:34 GMT
Range: bytes=1106857459-


[DBG] incoming response:
HTTP/1.1 206 Partial Content
Accept-Ranges: bytes
Content-Length: 57376465078
Content-Range: bytes 1106857459-58483322536/58483322537
Content-Type: video/x-matroska
Last-Modified: Sat, 18 Jul 2026 03:52:34 GMT
Date: Mon, 14 Sep 2026 14:15:20 GMT


[DBG] connection failed
[DBG] seek: preroll{ req: 240644001, start-pts: 240574001, start-fpos: 1106857459} 
[DBG] Buffering 0%
10:15:20.952 AM [player] buffering 0.0
[DBG] end of audio preroll
[DBG] Buffering 3%
[DBG] Buffering 9%
[DBG] Buffering 15%
[DBG] end of video preroll
[DBG] Received first picture
[DBG] Buffering 19%
[DBG] Buffering 27%
[DBG] Buffering 35%
[DBG] Buffering 38%
[DBG] Buffering 46%
[DBG] Buffering 54%
[DBG] Buffering 58%
[DBG] Buffering 65%
[DBG] Buffering 74%
[DBG] Buffering 77%
[DBG] Buffering 83%
[DBG] Buffering 93%
[DBG] Buffering 97%
10:15:21.132 AM [player] buffering 1.0
[DBG] Stream buffering done (1100 ms in 180 ms)
[DBG] Decoder wait done in 0 ms
[DBG] deferring start (106953 us)
[DBG] deferring start (98735 us)
[DBG] deferring start (97505 us)
[DBG] deferring start (96390 us)
[DBG] deferring start (95306 us)
[DBG] deferring start (94236 us)
[DBG] deferring start (93126 us)
[DBG] deferring start (92025 us)
[DBG] deferring start (90955 us)
[DBG] deferring start (89893 us)
[DBG] deferring start (88844 us)
[DBG] deferring start (87791 us)
[DBG] deferring start (86737 us)
[DBG] deferring start (85687 us)
[DBG] deferring start (84638 us)
[DBG] deferring start (83590 us)
[DBG] deferring start (82529 us)
[DBG] deferring start (81480 us)
[DBG] deferring start (80417 us)
[DBG] deferring start (79356 us)
[DBG] deferring start (78285 us)
[DBG] deferring start (77240 us)
[DBG] deferring start (76189 us)
[DBG] deferring start (75145 us)
[DBG] deferring start (74110 us)
[DBG] deferring start (73023 us)
[DBG] deferring start (71980 us)
[DBG] deferring start (70942 us)
[DBG] deferring start (69896 us)
[DBG] deferring start (68857 us)
[DBG] deferring start (67810 us)
[DBG] deferring start (66777 us)
[DBG] deferring start (65741 us)
[DBG] deferring start (64675 us)
[DBG] deferring start (63633 us)
[DBG] deferring start (62640 us)
[DBG] deferring start (61587 us)
[DBG] deferring start (60568 us)
[DBG] deferring start (60311 us)
[DBG] deferring start (60107 us)
[DBG] deferring start (59896 us)
[DBG] deferring start (59479 us)
[DBG] deferring start (59263 us)
[DBG] deferring start (58961 us)
[DBG] deferring start (58764 us)
[DBG] deferring start (58573 us)
[DBG] deferring start (58359 us)
[DBG] deferring start (58168 us)
[DBG] deferring start (57945 us)
[DBG] deferring start (57755 us)
[DBG] deferring start (57568 us)
[DBG] deferring start (57366 us)
[DBG] deferring start (57075 us)
[DBG] deferring start (56813 us)
[DBG] deferring start (56539 us)
[DBG] deferring start (56288 us)
[DBG] deferring start (56055 us)
[DBG] deferring start (56650 us)
[DBG] deferring start (55633 us)
[DBG] deferring start (55364 us)
[DBG] deferring start (55148 us)
[DBG] deferring start (54931 us)
[DBG] deferring start (54741 us)
[DBG] deferring start (56072 us)
[DBG] deferring start (54946 us)
[DBG] deferring start (53870 us)
[DBG] deferring start (53677 us)
[DBG] deferring start (53494 us)
[DBG] deferring start (53309 us)
[DBG] deferring start (53125 us)
[DBG] deferring start (52958 us)
[DBG] deferring start (52793 us)
[DBG] deferring start (53346 us)
[DBG] deferring start (52348 us)
[DBG] deferring start (52147 us)
[DBG] deferring start (51947 us)
[DBG] deferring start (53322 us)
[DBG] deferring start (52322 us)
[DBG] deferring start (51328 us)
[DBG] deferring start (51133 us)
[DBG] deferring start (50954 us)
[DBG] deferring start (50760 us)
[DBG] deferring start (53831 us)
[DBG] deferring start (52863 us)
[DBG] deferring start (51886 us)
[DBG] deferring start (50919 us)
[DBG] deferring start (49920 us)
[DBG] deferring start (49737 us)
[DBG] deferring start (49575 us)
[DBG] deferring start (49401 us)
[DBG] deferring start (49176 us)
[DBG] deferring start (48824 us)
[DBG] deferring start (50241 us)
[DBG] deferring start (49250 us)
[DBG] deferring start (48259 us)
[DBG] deferring start (48082 us)
[DBG] deferring start (47905 us)
[DBG] deferring start (47713 us)
[DBG] deferring start (47525 us)
[DBG] deferring start (47333 us)
[DBG] deferring start (47130 us)
[DBG] deferring start (47721 us)
[DBG] deferring start (46743 us)
[DBG] deferring start (46562 us)
[DBG] deferring start (46393 us)
[DBG] deferring start (46217 us)
[DBG] deferring start (46015 us)
[DBG] deferring start (45833 us)
[DBG] deferring start (45652 us)
[DBG] deferring start (45473 us)
[DBG] deferring start (45261 us)
[DBG] deferring start (45053 us)
[DBG] deferring start (44874 us)
[DBG] deferring start (44710 us)
[DBG] deferring start (44547 us)
[DBG] deferring start (44371 us)
[DBG] deferring start (44194 us)
[DBG] deferring start (44022 us)
[DBG] deferring start (43840 us)
[DBG] deferring start (43628 us)
[DBG] deferring start (43447 us)
[DBG] deferring start (43278 us)
[DBG] deferring start (43111 us)
[DBG] deferring start (42940 us)
[DBG] deferring start (42774 us)
[DBG] deferring start (42604 us)
[DBG] deferring start (42438 us)
[DBG] deferring start (42267 us)
[DBG] deferring start (42088 us)
[DBG] deferring start (41902 us)
[DBG] deferring start (41639 us)
[DBG] deferring start (41456 us)
[DBG] deferring start (41292 us)
[DBG] deferring start (41133 us)
[DBG] deferring start (40986 us)
[DBG] deferring start (40832 us)
[DBG] deferring start (43080 us)
[DBG] deferring start (42105 us)
[DBG] deferring start (41138 us)
[DBG] deferring start (40184 us)
[DBG] deferring start (40037 us)
[DBG] deferring start (39890 us)
[DBG] deferring start (42989 us)
[DBG] deferring start (42028 us)
[DBG] deferring start (41061 us)
[DBG] deferring start (40092 us)
[DBG] deferring start (39128 us)
[DBG] deferring start (38973 us)
[DBG] deferring start (38802 us)
[DBG] deferring start (38647 us)
[DBG] deferring start (38493 us)
[DBG] deferring start (38341 us)
[DBG] deferring start (38200 us)
[DBG] deferring start (38063 us)
[DBG] deferring start (37925 us)
[DBG] deferring start (37746 us)
[DBG] deferring start (37577 us)
[DBG] deferring start (37445 us)
[DBG] deferring start (37316 us)
[DBG] deferring start (37186 us)
[DBG] deferring start (37054 us)
[DBG] deferring start (36917 us)
[DBG] deferring start (36779 us)
[DBG] deferring start (36643 us)
[DBG] deferring start (36511 us)
[DBG] deferring start (36378 us)
[DBG] deferring start (36246 us)
[DBG] deferring start (36101 us)
[DBG] deferring start (35968 us)
[DBG] deferring start (35836 us)
[DBG] deferring start (35676 us)
[DBG] deferring start (35505 us)
[DBG] deferring start (35385 us)
[DBG] deferring start (35250 us)
[DBG] deferring start (35126 us)
[DBG] deferring start (35008 us)
[DBG] deferring start (34881 us)
[DBG] deferring start (34755 us)
[DBG] deferring start (34619 us)
[DBG] deferring start (34478 us)
[DBG] deferring start (34318 us)
[DBG] deferring start (34189 us)
[DBG] deferring start (34062 us)
[DBG] deferring start (33926 us)
[DBG] deferring start (33791 us)
[DBG] deferring start (33672 us)
[DBG] deferring start (33539 us)
[DBG] deferring start (33409 us)
[DBG] deferring start (33273 us)
[DBG] deferring start (33142 us)
[DBG] deferring start (33015 us)
[DBG] deferring start (32883 us)
[DBG] deferring start (32752 us)
[DBG] deferring start (32626 us)
[DBG] deferring start (32503 us)
[DBG] deferring start (32377 us)
[DBG] deferring start (32251 us)
[DBG] deferring start (32118 us)
[DBG] deferring start (31988 us)
[DBG] deferring start (31856 us)
[DBG] deferring start (31733 us)
[DBG] deferring start (31597 us)
[DBG] deferring start (31461 us)
[DBG] deferring start (31347 us)
[DBG] deferring start (31161 us)
[DBG] deferring start (31019 us)
[DBG] deferring start (30892 us)
[DBG] deferring start (30755 us)
[DBG] deferring start (30616 us)
[DBG] deferring start (30478 us)
[DBG] deferring start (30343 us)
[DBG] deferring start (30211 us)
[DBG] deferring start (30065 us)
[DBG] deferring start (29931 us)
[DBG] deferring start (29794 us)
[DBG] deferring start (29663 us)
[DBG] deferring start (29535 us)
[DBG] deferring start (29415 us)
[DBG] deferring start (30871 us)
[DBG] deferring start (29914 us)
[DBG] deferring start (28958 us)
[DBG] deferring start (28811 us)
[DBG] deferring start (28665 us)
[DBG] deferring start (28525 us)
[DBG] deferring start (28388 us)
[DBG] deferring start (28250 us)
[DBG] deferring start (28102 us)
[DBG] deferring start (27933 us)
[DBG] deferring start (27814 us)
[DBG] deferring start (27695 us)
[DBG] deferring start (27574 us)
[DBG] deferring start (27459 us)
[DBG] deferring start (27335 us)
[DBG] deferring start (27204 us)
[DBG] deferring start (27042 us)
[DBG] deferring start (26914 us)
[DBG] deferring start (26791 us)
[DBG] deferring start (26668 us)
[DBG] deferring start (26534 us)
[DBG] deferring start (26412 us)
[DBG] deferring start (26290 us)
[DBG] deferring start (26147 us)
[DBG] deferring start (26820 us)
[DBG] deferring start (25892 us)
[DBG] deferring start (25764 us)
[DBG] deferring start (25602 us)
[DBG] deferring start (25477 us)
[DBG] deferring start (25353 us)
[DBG] deferring start (25235 us)
[DBG] deferring start (25110 us)
[DBG] deferring start (24984 us)
[DBG] deferring start (24848 us)
[DBG] deferring start (24734 us)
[DBG] deferring start (24609 us)
[DBG] deferring start (24497 us)
[DBG] deferring start (24369 us)
[DBG] deferring start (24221 us)
[DBG] deferring start (24090 us)
[DBG] deferring start (23974 us)
[DBG] deferring start (23853 us)
[DBG] deferring start (23720 us)
[DBG] deferring start (23580 us)
[DBG] deferring start (23457 us)
[DBG] deferring start (23336 us)
[DBG] deferring start (23208 us)
[DBG] deferring start (23084 us)
[DBG] deferring start (22945 us)
[DBG] deferring start (22802 us)
[DBG] deferring start (26758 us)
[DBG] deferring start (25827 us)
[DBG] deferring start (24889 us)
[DBG] deferring start (23941 us)
[DBG] deferring start (23001 us)
[DBG] deferring start (22053 us)
[DBG] deferring start (21931 us)
[DBG] deferring start (21805 us)
[DBG] deferring start (21679 us)
[DBG] deferring start (21560 us)
[DBG] deferring start (21445 us)
[DBG] deferring start (21289 us)
[DBG] deferring start (21157 us)
[DBG] deferring start (21822 us)
[DBG] deferring start (20891 us)
[DBG] deferring start (20779 us)
[DBG] deferring start (20667 us)
[DBG] deferring start (20554 us)
[DBG] deferring start (20442 us)
[DBG] deferring start (20328 us)
[DBG] deferring start (20193 us)
[DBG] deferring start (20073 us)
[DBG] deferring start (19957 us)
[DBG] deferring start (24733 us)
[DBG] deferring start (23810 us)
[DBG] deferring start (22887 us)
[DBG] deferring start (21963 us)
[DBG] deferring start (21032 us)
[DBG] deferring start (20097 us)
[DBG] deferring start (19168 us)
[DBG] deferring start (19060 us)
[DBG] deferring start (18935 us)
[DBG] deferring start (18815 us)
[DBG] deferring start (18703 us)
[DBG] deferring start (19303 us)
[DBG] deferring start (18378 us)
[DBG] deferring start (18256 us)
[DBG] deferring start (18143 us)
[DBG] deferring start (18036 us)
[DBG] deferring start (17930 us)
[DBG] deferring start (17826 us)
[DBG] deferring start (17725 us)
[DBG] deferring start (17614 us)
[DBG] deferring start (17504 us)
[DBG] deferring start (17394 us)
[DBG] deferring start (17294 us)
[DBG] deferring start (17176 us)
[DBG] deferring start (21995 us)
[DBG] deferring start (21076 us)
[DBG] deferring start (20154 us)
[DBG] deferring start (19226 us)
[DBG] deferring start (18303 us)
[DBG] deferring start (17378 us)
[DBG] deferring start (16445 us)
[DBG] deferring start (16335 us)
[DBG] deferring start (16230 us)
[DBG] deferring start (16121 us)
[DBG] deferring start (17620 us)
[DBG] deferring start (16703 us)
[DBG] deferring start (15779 us)
[DBG] deferring start (15684 us)
[DBG] deferring start (15591 us)
[DBG] deferring start (15491 us)
[DBG] deferring start (15389 us)
[DBG] deferring start (15294 us)
[DBG] deferring start (15190 us)
[DBG] deferring start (15097 us)
[DBG] deferring start (14995 us)
[DBG] deferring start (14899 us)
[DBG] deferring start (14793 us)
[DBG] deferring start (14682 us)
[DBG] deferring start (14581 us)
[DBG] deferring start (14479 us)
[DBG] deferring start (14380 us)
[DBG] deferring start (14278 us)
[DBG] deferring start (14173 us)
[DBG] deferring start (14074 us)
[DBG] deferring start (13973 us)
[DBG] deferring start (13867 us)
[DBG] deferring start (13772 us)
[DBG] deferring start (13669 us)
[DBG] deferring start (13567 us)
[DBG] deferring start (13470 us)
[DBG] deferring start (13371 us)
[DBG] deferring start (13269 us)
[DBG] deferring start (13169 us)
[DBG] deferring start (13067 us)
[DBG] deferring start (12965 us)
[DBG] deferring start (12863 us)
[DBG] deferring start (12766 us)
[DBG] deferring start (12664 us)
[DBG] deferring start (12566 us)
[DBG] deferring start (12459 us)
[DBG] deferring start (12362 us)
[DBG] deferring start (12265 us)
[DBG] deferring start (12162 us)
[DBG] deferring start (12066 us)
[DBG] deferring start (11966 us)
[DBG] deferring start (11868 us)
[DBG] deferring start (11774 us)
[DBG] deferring start (11679 us)
[DBG] deferring start (11580 us)
[DBG] deferring start (11483 us)
[DBG] deferring start (11388 us)
[DBG] deferring start (11286 us)
[DBG] deferring start (11989 us)
[DBG] deferring start (11072 us)
[DBG] deferring start (10963 us)
[DBG] deferring start (10867 us)
[DBG] deferring start (10771 us)
[DBG] deferring start (10674 us)
[DBG] deferring start (10577 us)
[DBG] deferring start (10482 us)
[DBG] deferring start (10386 us)
[DBG] deferring start (10290 us)
[DBG] deferring start (10195 us)
[DBG] deferring start (10107 us)
[DBG] deferring start (10015 us)
[DBG] deferring start (9923 us)
[DBG] deferring start (9830 us)
[DBG] deferring start (9740 us)
[DBG] deferring start (9645 us)
[DBG] deferring start (9551 us)
[DBG] deferring start (9443 us)
[DBG] deferring start (10179 us)
[DBG] deferring start (9262 us)
[DBG] deferring start (9171 us)
[DBG] deferring start (9084 us)
[DBG] deferring start (8988 us)
[DBG] deferring start (8895 us)
[DBG] deferring start (8803 us)
[DBG] deferring start (8711 us)
[DBG] deferring start (8625 us)
[DBG] deferring start (8534 us)
[DBG] deferring start (8437 us)
[DBG] deferring start (10783 us)
[DBG] deferring start (9874 us)
[DBG] deferring start (8969 us)
[DBG] deferring start (8065 us)
[DBG] deferring start (7969 us)
[DBG] deferring start (7867 us)
[DBG] deferring start (7775 us)
[DBG] deferring start (7683 us)
[DBG] deferring start (7592 us)
[DBG] deferring start (7504 us)
[DBG] deferring start (7392 us)
[DBG] deferring start (8128 us)
[DBG] deferring start (7222 us)
[DBG] deferring start (7131 us)
[DBG] deferring start (7036 us)
[DBG] deferring start (6947 us)
[DBG] deferring start (7645 us)
[DBG] deferring start (6735 us)
[DBG] deferring start (6643 us)
[DBG] deferring start (6551 us)
[DBG] deferring start (6464 us)
[DBG] deferring start (6377 us)
[DBG] deferring start (6291 us)
[DBG] deferring start (6199 us)
[DBG] deferring start (6112 us)
[DBG] deferring start (6029 us)
[DBG] deferring start (5938 us)
[DBG] deferring start (5840 us)
[DBG] deferring start (5737 us)
[DBG] deferring start (5638 us)
[DBG] deferring start (5546 us)
[DBG] deferring start (5458 us)
[DBG] deferring start (5364 us)
[DBG] deferring start (5270 us)
[DBG] deferring start (5187 us)
[DBG] deferring start (5100 us)
[DBG] deferring start (5005 us)
[DBG] deferring start (4917 us)
[DBG] deferring start (4827 us)
[DBG] deferring start (4746 us)
[DBG] deferring start (7930 us)
[DBG] deferring start (7018 us)
[DBG] deferring start (6112 us)
[DBG] deferring start (5205 us)
[DBG] deferring start (4296 us)
[DBG] deferring start (4212 us)
[DBG] deferring start (4128 us)
[DBG] deferring start (4040 us)
[DBG] deferring start (3952 us)
[DBG] deferring start (3862 us)
[DBG] deferring start (3781 us)
[DBG] deferring start (3699 us)
[DBG] deferring start (3610 us)
[DBG] deferring start (3522 us)
[DBG] deferring start (3430 us)
[DBG] deferring start (3330 us)
[DBG] deferring start (3243 us)
[DBG] deferring start (3163 us)
[DBG] deferring start (3080 us)
[DBG] deferring start (2997 us)
[DBG] deferring start (2915 us)
[DBG] deferring start (2835 us)
[DBG] deferring start (2745 us)
[DBG] deferring start (2658 us)
[DBG] deferring start (2569 us)
[DBG] deferring start (2480 us)
[DBG] deferring start (2400 us)
[DBG] deferring start (6400 us)
[DBG] deferring start (5492 us)
[DBG] deferring start (4589 us)
[DBG] deferring start (3680 us)
[DBG] deferring start (2770 us)
[DBG] deferring start (1866 us)
[DBG] deferring start (1785 us)
[DBG] deferring start (1697 us)
[DBG] deferring start (1620 us)
[DBG] deferring start (1540 us)
[DBG] deferring start (1457 us)
[DBG] deferring start (1375 us)
[DBG] deferring start (1292 us)
[DBG] deferring start (1204 us)
[DBG] deferring start (1121 us)
[DBG] deferring start (1038 us)
[DBG] deferring start (948 us)
[DBG] deferring start (860 us)
[DBG] deferring start (771 us)
[DBG] deferring start (688 us)
[DBG] deferring start (605 us)
[DBG] deferring start (525 us)
[DBG] deferring start (2055 us)
[DBG] deferring start (1148 us)
[DBG] deferring start (238 us)
[DBG] deferring start (150 us)
[DBG] deferring start (71 us)
[DBG] starting late (-19 us)
10:15:21.278 AM [skip] after=240644 ms
[WARN] picture is too late to be displayed (missing 111 ms)
[DBG] picture displayed late (missing 27 ms)
[WARN] picture is too late to be displayed (missing 48 ms)
[WARN] picture is too late to be displayed (missing 47 ms)
[WARN] picture is too late to be displayed (missing 48 ms)
[DBG] ES_OUT_RESET_PCR called
10:15:22.011 AM [skip] +30 s (click) before=240644 ms target=270644 ms
10:15:22.016 AM [player] buffering 0.0
[DBG] SET_TIME to 270644000
[DBG] seek request to i_pos = 270644000
[DBG] seek: preroll{ track: 1, pts: 269853000, fpos: 1234262196 skip: 1234262196} 
[DBG] resolving 192.168.1.250 ...
[DBG] outgoing request:
GET /stream/4 HTTP/1.1
Host: 192.168.1.250:8093
Accept: */*
Accept-Language: en_US
User-Agent: VLC/4.0.0-dev LibVLC/4.0.0-dev
If-Unmodified-Since: Sat, 18 Jul 2026 03:52:34 GMT
Range: bytes=1234262196-


[DBG] incoming response:
HTTP/1.1 206 Partial Content
Accept-Ranges: bytes
Content-Length: 57249060341
Content-Range: bytes 1234262196-58483322536/58483322537
Content-Type: video/x-matroska
Last-Modified: Sat, 18 Jul 2026 03:52:34 GMT
Date: Mon, 14 Sep 2026 14:15:22 GMT


[DBG] connection failed
[DBG] seek: preroll{ req: 270644001, start-pts: 269853001, start-fpos: 1234262196} 
[DBG] Buffering 0%
10:15:22.180 AM [player] buffering 0.0
[DBG] Buffering 2%
[DBG] Buffering 6%
[DBG] Buffering 9%
[DBG] Buffering 11%
[DBG] Buffering 17%
[DBG] Buffering 20%
[DBG] Buffering 23%
[DBG] Buffering 28%
[DBG] Buffering 32%
[DBG] Buffering 34%
[DBG] Buffering 39%
[DBG] end of audio preroll
[DBG] Buffering 41%
[DBG] Buffering 46%
[DBG] Buffering 48%
[DBG] Buffering 52%
[DBG] end of video preroll
[DBG] Received first picture
[DBG] Buffering 55%
[DBG] Buffering 58%
[DBG] Buffering 63%
[DBG] Buffering 67%
[DBG] Buffering 69%
[DBG] Buffering 74%
[DBG] Buffering 79%
[DBG] Buffering 81%
[DBG] Buffering 83%
[DBG] Buffering 88%
[DBG] Buffering 90%
10:15:22.535 AM [skip] after=270644 ms
[DBG] Buffering 93%
[DBG] Buffering 97%
10:15:22.581 AM [player] buffering 1.0
[DBG] Stream buffering done (1877 ms in 401 ms)
[DBG] Decoder wait done in 0 ms
[DBG] deferring start (109164 us)
[DBG] deferring start (101171 us)
[DBG] deferring start (99932 us)
[DBG] deferring start (98775 us)
[DBG] deferring start (96368 us)
[DBG] deferring start (94643 us)
[DBG] deferring start (93394 us)
[DBG] deferring start (92157 us)
[DBG] deferring start (90861 us)
[DBG] deferring start (89767 us)
[DBG] deferring start (88706 us)
[DBG] deferring start (87644 us)
[DBG] deferring start (86570 us)
[DBG] deferring start (85517 us)
[DBG] deferring start (84429 us)
[DBG] deferring start (83386 us)
[DBG] deferring start (82345 us)
[DBG] deferring start (81281 us)
[DBG] deferring start (80244 us)
[DBG] deferring start (79182 us)
[DBG] deferring start (78096 us)
[DBG] deferring start (77028 us)
[DBG] deferring start (75981 us)
[DBG] deferring start (74908 us)
[DBG] deferring start (73827 us)
[DBG] deferring start (72752 us)
[DBG] deferring start (71636 us)
[DBG] deferring start (70592 us)
[DBG] deferring start (69551 us)
[DBG] deferring start (68510 us)
[DBG] deferring start (67455 us)
[DBG] deferring start (66415 us)
[DBG] deferring start (65380 us)
[DBG] deferring start (64334 us)
[DBG] deferring start (63278 us)
[DBG] deferring start (62237 us)
[DBG] deferring start (61195 us)
[DBG] deferring start (60156 us)
[DBG] deferring start (59111 us)
[DBG] deferring start (58060 us)
[DBG] deferring start (57024 us)
[DBG] deferring start (55980 us)
[DBG] deferring start (54912 us)
[DBG] deferring start (54595 us)
[DBG] deferring start (54360 us)
[DBG] deferring start (54045 us)
[DBG] deferring start (53847 us)
[DBG] deferring start (53652 us)
[DBG] deferring start (53456 us)
[DBG] deferring start (53267 us)
[DBG] deferring start (53067 us)
[DBG] deferring start (52779 us)
[DBG] deferring start (52571 us)
[DBG] deferring start (52360 us)
[DBG] deferring start (52160 us)
[DBG] deferring start (51977 us)
[DBG] deferring start (51774 us)
[DBG] deferring start (51580 us)
[DBG] deferring start (52177 us)
[DBG] deferring start (51173 us)
[DBG] deferring start (50963 us)
[DBG] deferring start (50777 us)
[DBG] deferring start (50532 us)
[DBG] deferring start (50371 us)
[DBG] deferring start (50181 us)
[DBG] deferring start (49979 us)
[DBG] deferring start (49829 us)
[DBG] deferring start (49702 us)
[DBG] deferring start (49585 us)
[DBG] deferring start (50133 us)
[DBG] deferring start (49161 us)
[DBG] deferring start (49714 us)
[DBG] deferring start (48729 us)
[DBG] deferring start (48516 us)
[DBG] deferring start (48354 us)
[DBG] deferring start (48224 us)
[DBG] deferring start (49730 us)
[DBG] deferring start (48769 us)
[DBG] deferring start (47824 us)
[DBG] deferring start (47698 us)
[DBG] deferring start (47575 us)
[DBG] deferring start (47341 us)
[DBG] deferring start (47138 us)
[DBG] deferring start (46925 us)
[DBG] deferring start (46724 us)
[DBG] deferring start (46512 us)
[DBG] deferring start (46263 us)
[DBG] deferring start (46059 us)
[DBG] deferring start (45847 us)
[DBG] deferring start (45657 us)
[DBG] deferring start (45453 us)
[DBG] deferring start (45253 us)
[DBG] deferring start (45050 us)
[DBG] deferring start (44835 us)
[DBG] deferring start (44641 us)
[DBG] deferring start (44424 us)
[DBG] deferring start (44178 us)
[DBG] deferring start (43923 us)
[DBG] deferring start (43710 us)
[DBG] deferring start (43501 us)
[DBG] deferring start (43249 us)
[DBG] deferring start (43034 us)
[DBG] deferring start (42808 us)
[DBG] deferring start (42629 us)
[DBG] deferring start (42444 us)
[DBG] deferring start (42276 us)
[DBG] deferring start (42096 us)
[DBG] deferring start (41913 us)
[DBG] deferring start (41730 us)
[DBG] deferring start (41547 us)
[DBG] deferring start (42158 us)
[DBG] deferring start (41175 us)
[DBG] deferring start (40999 us)
[DBG] deferring start (40831 us)
[DBG] deferring start (40650 us)
[DBG] deferring start (40469 us)
[DBG] deferring start (40257 us)
[DBG] deferring start (40073 us)
[DBG] deferring start (39893 us)
[DBG] deferring start (39704 us)
[DBG] deferring start (39522 us)
[DBG] deferring start (39349 us)
[DBG] deferring start (39131 us)
[DBG] deferring start (38948 us)
[DBG] deferring start (38775 us)
[DBG] deferring start (38603 us)
[DBG] deferring start (38398 us)
[DBG] deferring start (38192 us)
[DBG] deferring start (38024 us)
[DBG] deferring start (37850 us)
[DBG] deferring start (37683 us)
[DBG] deferring start (37506 us)
[DBG] deferring start (37317 us)
[DBG] deferring start (37147 us)
[DBG] deferring start (36966 us)
[DBG] deferring start (36791 us)
[DBG] deferring start (36618 us)
[DBG] deferring start (36440 us)
[DBG] deferring start (36267 us)
[DBG] deferring start (36095 us)
[DBG] deferring start (35925 us)
[DBG] deferring start (35736 us)
[DBG] deferring start (35486 us)
[DBG] deferring start (35306 us)
[DBG] deferring start (35135 us)
[DBG] deferring start (34975 us)
[DBG] deferring start (34810 us)
[DBG] deferring start (34653 us)
[DBG] deferring start (35289 us)
[DBG] deferring start (34331 us)
[DBG] deferring start (34186 us)
[DBG] deferring start (33994 us)
[DBG] deferring start (33838 us)
[DBG] deferring start (33698 us)
[DBG] deferring start (33545 us)
[DBG] deferring start (33405 us)
[DBG] deferring start (33262 us)
[DBG] deferring start (33125 us)
[DBG] deferring start (32980 us)
[DBG] deferring start (32849 us)
[DBG] deferring start (32722 us)
[DBG] deferring start (32579 us)
[DBG] deferring start (32449 us)
[DBG] deferring start (32321 us)
[DBG] deferring start (32190 us)
[DBG] deferring start (32061 us)
[DBG] deferring start (31929 us)
[DBG] deferring start (31796 us)
[DBG] deferring start (31647 us)
[DBG] deferring start (31506 us)
[DBG] deferring start (31343 us)
[DBG] deferring start (31201 us)
[DBG] deferring start (31068 us)
[DBG] deferring start (30910 us)
[DBG] deferring start (30761 us)
[DBG] deferring start (30620 us)
[DBG] deferring start (30474 us)
[DBG] deferring start (30325 us)
[DBG] deferring start (30136 us)
[DBG] deferring start (29984 us)
[DBG] deferring start (29841 us)
[DBG] deferring start (29680 us)
[DBG] deferring start (29523 us)
[DBG] deferring start (29358 us)
[DBG] deferring start (29204 us)
[DBG] deferring start (29058 us)
[DBG] deferring start (28913 us)
[DBG] deferring start (28740 us)
[DBG] deferring start (28548 us)
[DBG] deferring start (28391 us)
[DBG] deferring start (28237 us)
[DBG] deferring start (28097 us)
[DBG] deferring start (27947 us)
[DBG] deferring start (27789 us)
[DBG] deferring start (27639 us)
[DBG] deferring start (27484 us)
[DBG] deferring start (27334 us)
[DBG] deferring start (27179 us)
[DBG] deferring start (27074 us)
[DBG] deferring start (26932 us)
[DBG] deferring start (27578 us)
[DBG] deferring start (26621 us)
[DBG] deferring start (26477 us)
[DBG] deferring start (26329 us)
[DBG] deferring start (26194 us)
[DBG] deferring start (26047 us)
[DBG] deferring start (25905 us)
[DBG] deferring start (25729 us)
[DBG] deferring start (25556 us)
[DBG] deferring start (25414 us)
[DBG] deferring start (25274 us)
[DBG] deferring start (25139 us)
[DBG] deferring start (24998 us)
[DBG] deferring start (24868 us)
[DBG] deferring start (24737 us)
[DBG] deferring start (24602 us)
[DBG] deferring start (24461 us)
[DBG] deferring start (24328 us)
[DBG] deferring start (24111 us)
[DBG] deferring start (23987 us)
[DBG] deferring start (23855 us)
[DBG] deferring start (23726 us)
[DBG] deferring start (23601 us)
[DBG] deferring start (23474 us)
[DBG] deferring start (23335 us)
[DBG] deferring start (23205 us)
[DBG] deferring start (23075 us)
[DBG] deferring start (22954 us)
[DBG] deferring start (22830 us)
[DBG] deferring start (22697 us)
[DBG] deferring start (22567 us)
[DBG] deferring start (22446 us)
[DBG] deferring start (22319 us)
[DBG] deferring start (22191 us)
[DBG] deferring start (22066 us)
[DBG] deferring start (21929 us)
[DBG] deferring start (21797 us)
[DBG] deferring start (21661 us)
[DBG] deferring start (21530 us)
[DBG] deferring start (21401 us)
[DBG] deferring start (21278 us)
[DBG] deferring start (21161 us)
[DBG] deferring start (21041 us)
[DBG] deferring start (20926 us)
[DBG] deferring start (20812 us)
[DBG] deferring start (20693 us)
[DBG] deferring start (20588 us)
[DBG] deferring start (20470 us)
[DBG] deferring start (20319 us)
[DBG] deferring start (20184 us)
[DBG] deferring start (20066 us)
[DBG] deferring start (19944 us)
[DBG] deferring start (19821 us)
[DBG] deferring start (19689 us)
[DBG] deferring start (19560 us)
[DBG] deferring start (19435 us)
[DBG] deferring start (19318 us)
[DBG] deferring start (19178 us)
[DBG] deferring start (19058 us)
[DBG] deferring start (18932 us)
[DBG] deferring start (18810 us)
[DBG] deferring start (18686 us)
[DBG] deferring start (18568 us)
[DBG] deferring start (18452 us)
[DBG] deferring start (18335 us)
[DBG] deferring start (18220 us)
[DBG] deferring start (18091 us)
[DBG] deferring start (17970 us)
[DBG] deferring start (17841 us)
[DBG] deferring start (19341 us)
[DBG] deferring start (18408 us)
[DBG] deferring start (17475 us)
[DBG] deferring start (17363 us)
[DBG] deferring start (17240 us)
[DBG] deferring start (17126 us)
[DBG] deferring start (16998 us)
[DBG] deferring start (16884 us)
[DBG] deferring start (16768 us)
[DBG] deferring start (16656 us)
[DBG] deferring start (16534 us)
[DBG] deferring start (16418 us)
[DBG] deferring start (16302 us)
[DBG] deferring start (16188 us)
[DBG] deferring start (16067 us)
[DBG] deferring start (15952 us)
[DBG] deferring start (15841 us)
[DBG] deferring start (16508 us)
[DBG] deferring start (15577 us)
[DBG] deferring start (15468 us)
[DBG] deferring start (15343 us)
[DBG] deferring start (15232 us)
[DBG] deferring start (15123 us)
[DBG] deferring start (15014 us)
[DBG] deferring start (14905 us)
[DBG] deferring start (14784 us)
[DBG] deferring start (14665 us)
[DBG] deferring start (14515 us)
[DBG] deferring start (14401 us)
[DBG] deferring start (14289 us)
[DBG] deferring start (14186 us)
[DBG] deferring start (14030 us)
[DBG] deferring start (16368 us)
[DBG] deferring start (15434 us)
[DBG] deferring start (14481 us)
[DBG] deferring start (13534 us)
[DBG] deferring start (13423 us)
[DBG] deferring start (13300 us)
[DBG] deferring start (17170 us)
[DBG] deferring start (16223 us)
[DBG] deferring start (15297 us)
[DBG] deferring start (14366 us)
[DBG] deferring start (13429 us)
[DBG] deferring start (12486 us)
[DBG] deferring start (12364 us)
[DBG] deferring start (12252 us)
[DBG] deferring start (12134 us)
[DBG] deferring start (12020 us)
[DBG] deferring start (11870 us)
[DBG] deferring start (11760 us)
[DBG] deferring start (11648 us)
[DBG] deferring start (11539 us)
[DBG] deferring start (11430 us)
[DBG] deferring start (11322 us)
[DBG] deferring start (11210 us)
[DBG] deferring start (11102 us)
[DBG] deferring start (10993 us)
[DBG] deferring start (10878 us)
[DBG] deferring start (10766 us)
[DBG] deferring start (10660 us)
[DBG] deferring start (10548 us)
[DBG] deferring start (10439 us)
[DBG] deferring start (10326 us)
[DBG] deferring start (10217 us)
[DBG] deferring start (10106 us)
[DBG] deferring start (9988 us)
[DBG] deferring start (9884 us)
[DBG] deferring start (9771 us)
[DBG] deferring start (9604 us)
[DBG] deferring start (9491 us)
[DBG] deferring start (9382 us)
[DBG] deferring start (9271 us)
[DBG] deferring start (9170 us)
[DBG] deferring start (9064 us)
[DBG] deferring start (8961 us)
[DBG] deferring start (8855 us)
[DBG] deferring start (8758 us)
[DBG] deferring start (8642 us)
[DBG] deferring start (8540 us)
[DBG] deferring start (8440 us)
[DBG] deferring start (8339 us)
[DBG] deferring start (8238 us)
[DBG] deferring start (8137 us)
[DBG] deferring start (8037 us)
[DBG] deferring start (7935 us)
[DBG] deferring start (7829 us)
[DBG] deferring start (7736 us)
[DBG] deferring start (7587 us)
[DBG] deferring start (7488 us)
[DBG] deferring start (7391 us)
[DBG] deferring start (7290 us)
[DBG] deferring start (7182 us)
[DBG] deferring start (7082 us)
[DBG] deferring start (6978 us)
[DBG] deferring start (6881 us)
[DBG] deferring start (6779 us)
[DBG] deferring start (6684 us)
[DBG] deferring start (6590 us)
[DBG] deferring start (6495 us)
[DBG] deferring start (6353 us)
[DBG] deferring start (6257 us)
[DBG] deferring start (6158 us)
[DBG] deferring start (6057 us)
[DBG] deferring start (5955 us)
[DBG] deferring start (5813 us)
[DBG] deferring start (5713 us)
[DBG] deferring start (5613 us)
[DBG] deferring start (5516 us)
[DBG] deferring start (5408 us)
[DBG] deferring start (5309 us)
[DBG] deferring start (5215 us)
[DBG] deferring start (5119 us)
[DBG] deferring start (5021 us)
[DBG] deferring start (4915 us)
[DBG] deferring start (4812 us)
[DBG] deferring start (4691 us)
[DBG] deferring start (4581 us)
[DBG] deferring start (4486 us)
[DBG] deferring start (4394 us)
[DBG] deferring start (4298 us)
[DBG] deferring start (4201 us)
[DBG] deferring start (4103 us)
[DBG] deferring start (3995 us)
[DBG] deferring start (3901 us)
[DBG] deferring start (3805 us)
[DBG] deferring start (3708 us)
[DBG] deferring start (3609 us)
[DBG] deferring start (3515 us)
[DBG] deferring start (3424 us)
[DBG] deferring start (3329 us)
[DBG] deferring start (3201 us)
[DBG] deferring start (3075 us)
[DBG] deferring start (2962 us)
[DBG] deferring start (2867 us)
[DBG] deferring start (2775 us)
[DBG] deferring start (2689 us)
[DBG] deferring start (2592 us)
[DBG] deferring start (2507 us)
[DBG] deferring start (2409 us)
[DBG] deferring start (2309 us)
[DBG] deferring start (2224 us)
[DBG] deferring start (2121 us)
[DBG] deferring start (2037 us)
[DBG] deferring start (1947 us)
[DBG] deferring start (1854 us)
[DBG] deferring start (1769 us)
[DBG] deferring start (5795 us)
[DBG] deferring start (4885 us)
[DBG] deferring start (3966 us)
[DBG] deferring start (3059 us)
[DBG] deferring start (2150 us)
[DBG] deferring start (1245 us)
[DBG] deferring start (1156 us)
[DBG] deferring start (1063 us)
[DBG] deferring start (965 us)
[DBG] deferring start (878 us)
[DBG] deferring start (785 us)
[DBG] deferring start (693 us)
[DBG] deferring start (602 us)
[DBG] deferring start (513 us)
[DBG] deferring start (420 us)
[DBG] deferring start (331 us)
[DBG] deferring start (244 us)
[DBG] deferring start (150 us)
[DBG] deferring start (52 us)
[DBG] starting late (-62 us)
[WARN] picture is too late to be displayed (missing 46 ms)
[WARN] picture is too late to be displayed (missing 50 ms)
[DBG] ES_OUT_RESET_PCR called
10:15:23.241 AM [skip] +30 s (click) before=270644 ms target=300644 ms
10:15:23.245 AM [player] buffering 0.0
[DBG] SET_TIME to 300644000
[DBG] seek request to i_pos = 300644000
[DBG] seek: preroll{ track: 1, pts: 299508000, fpos: 1382167592 skip: 1382167592} 
[DBG] resolving 192.168.1.250 ...
[DBG] outgoing request:
GET /stream/4 HTTP/1.1
Host: 192.168.1.250:8093
Accept: */*
Accept-Language: en_US
User-Agent: VLC/4.0.0-dev LibVLC/4.0.0-dev
If-Unmodified-Since: Sat, 18 Jul 2026 03:52:34 GMT
Range: bytes=1382167592-


[DBG] incoming response:
HTTP/1.1 206 Partial Content
Accept-Ranges: bytes
Content-Length: 57101154945
Content-Range: bytes 1382167592-58483322536/58483322537
Content-Type: video/x-matroska
Last-Modified: Sat, 18 Jul 2026 03:52:34 GMT
Date: Mon, 14 Sep 2026 14:15:23 GMT


[DBG] connection failed
[DBG] seek: preroll{ req: 300644001, start-pts: 299508001, start-fpos: 1382167592} 
[DBG] Buffering 0%
10:15:23.452 AM [player] buffering 0.0
[DBG] Buffering 1%
[DBG] Buffering 5%
[DBG] Buffering 7%
[DBG] Buffering 11%
[DBG] Buffering 13%
[DBG] Buffering 14%
[DBG] Buffering 19%
[DBG] Buffering 21%
[DBG] Buffering 23%
[DBG] Buffering 29%
[DBG] Buffering 31%
[DBG] Buffering 33%
[DBG] Buffering 39%
[DBG] Buffering 40%
[DBG] Buffering 46%
[DBG] Buffering 48%
[DBG] end of audio preroll
[DBG] Buffering 50%
[DBG] Buffering 54%
[DBG] Buffering 58%
[DBG] Buffering 60%
[DBG] Buffering 63%
[DBG] end of video preroll
[DBG] Received first picture
[DBG] Buffering 66%
[DBG] Buffering 68%
[DBG] Buffering 72%
[DBG] Buffering 76%
[DBG] Buffering 78%
[DBG] Buffering 81%
[DBG] Buffering 85%
10:15:23.763 AM [skip] after=300644 ms
[DBG] Buffering 87%
[DBG] Buffering 91%
[DBG] Buffering 95%
[DBG] Buffering 97%
[DBG] Stream buffering done (2150 ms in 364 ms)
[DBG] Decoder wait done in 0 ms
10:15:23.817 AM [player] buffering 1.0
[DBG] deferring start (90654 us)
[DBG] deferring start (82441 us)
[DBG] deferring start (81171 us)
[DBG] deferring start (80007 us)
[DBG] deferring start (78869 us)
[DBG] deferring start (77699 us)
[DBG] deferring start (76247 us)
[DBG] deferring start (75138 us)
[DBG] deferring start (74080 us)
[DBG] deferring start (73025 us)
[DBG] deferring start (71962 us)
[DBG] deferring start (70481 us)
[DBG] deferring start (69408 us)
[DBG] deferring start (68343 us)
[DBG] deferring start (67294 us)
[DBG] deferring start (66226 us)
[DBG] deferring start (65072 us)
[DBG] deferring start (79864 us)
[DBG] deferring start (78595 us)
[DBG] deferring start (77513 us)
[DBG] deferring start (76415 us)
[DBG] deferring start (75305 us)
[DBG] deferring start (74196 us)
[DBG] deferring start (73050 us)
[DBG] deferring start (71968 us)
[DBG] deferring start (70874 us)
[DBG] deferring start (69794 us)
[DBG] deferring start (68658 us)
[DBG] deferring start (67602 us)
[DBG] deferring start (66558 us)
[DBG] deferring start (65429 us)
[DBG] deferring start (64390 us)
[DBG] deferring start (63377 us)
[DBG] deferring start (62344 us)
[DBG] deferring start (61334 us)
[DBG] deferring start (60335 us)
[DBG] deferring start (59343 us)
[DBG] deferring start (59131 us)
[DBG] deferring start (58958 us)
[DBG] deferring start (58765 us)
[DBG] deferring start (58576 us)
[DBG] deferring start (58389 us)
[DBG] deferring start (58189 us)
[DBG] deferring start (58006 us)
[DBG] deferring start (57812 us)
[DBG] deferring start (57621 us)
[DBG] deferring start (57435 us)
[DBG] deferring start (57255 us)
[DBG] deferring start (57070 us)
[DBG] deferring start (56892 us)
[DBG] deferring start (56712 us)
[DBG] deferring start (56535 us)
[DBG] deferring start (56232 us)
[DBG] deferring start (55974 us)
[DBG] deferring start (55700 us)
[DBG] deferring start (55470 us)
[DBG] deferring start (55243 us)
[DBG] deferring start (55016 us)
[DBG] deferring start (54806 us)
[DBG] deferring start (54570 us)
[DBG] deferring start (55933 us)
[DBG] deferring start (54859 us)
[DBG] deferring start (53743 us)
[DBG] deferring start (53517 us)
[DBG] deferring start (53314 us)
[DBG] deferring start (53080 us)
[DBG] deferring start (52867 us)
[DBG] deferring start (52649 us)
[DBG] deferring start (52446 us)
[DBG] deferring start (52253 us)
[DBG] deferring start (52049 us)
[DBG] deferring start (51833 us)
[DBG] deferring start (51644 us)
[DBG] deferring start (51441 us)
[DBG] deferring start (51221 us)
[DBG] deferring start (51032 us)
[DBG] deferring start (50851 us)
[DBG] deferring start (50660 us)
[DBG] deferring start (50471 us)
[DBG] deferring start (50285 us)
[DBG] deferring start (50084 us)
[DBG] deferring start (49908 us)
[DBG] deferring start (49725 us)
[DBG] deferring start (49540 us)
[DBG] deferring start (49336 us)
[DBG] deferring start (50650 us)
[DBG] deferring start (49587 us)
[DBG] deferring start (48516 us)
[DBG] deferring start (48346 us)
[DBG] deferring start (48171 us)
[DBG] deferring start (48013 us)
[DBG] deferring start (47861 us)
[DBG] deferring start (47704 us)
[DBG] deferring start (47535 us)
[DBG] deferring start (47308 us)
[DBG] deferring start (47146 us)
[DBG] deferring start (46976 us)
[DBG] deferring start (46799 us)
[DBG] deferring start (46629 us)
[DBG] deferring start (46435 us)
[DBG] deferring start (46249 us)
[DBG] deferring start (46092 us)
[DBG] deferring start (46684 us)
[DBG] deferring start (45711 us)
[DBG] deferring start (45549 us)
[DBG] deferring start (45388 us)
[DBG] deferring start (45233 us)
[DBG] deferring start (45069 us)
[DBG] deferring start (44892 us)
[DBG] deferring start (44729 us)
[DBG] deferring start (44562 us)
[DBG] deferring start (44388 us)
[DBG] deferring start (44216 us)
[DBG] deferring start (44043 us)
[DBG] deferring start (43837 us)
[DBG] deferring start (43648 us)
[DBG] deferring start (43429 us)
[DBG] deferring start (43246 us)
[DBG] deferring start (43077 us)
[DBG] deferring start (42903 us)
[DBG] deferring start (42731 us)
[DBG] deferring start (42557 us)
[DBG] deferring start (42386 us)
[DBG] deferring start (42212 us)
[DBG] deferring start (42042 us)
[DBG] deferring start (41859 us)
[DBG] deferring start (44114 us)
[DBG] deferring start (43144 us)
[DBG] deferring start (42143 us)
[DBG] deferring start (41152 us)
[DBG] deferring start (40973 us)
[DBG] deferring start (40808 us)
[DBG] deferring start (40649 us)
[DBG] deferring start (40495 us)
[DBG] deferring start (40331 us)
[DBG] deferring start (40146 us)
[DBG] deferring start (39994 us)
[DBG] deferring start (39840 us)
[DBG] deferring start (39690 us)
[DBG] deferring start (39539 us)
[DBG] deferring start (39382 us)
[DBG] deferring start (39231 us)
[DBG] deferring start (39079 us)
[DBG] deferring start (38932 us)
[DBG] deferring start (38781 us)
[DBG] deferring start (38631 us)
[DBG] deferring start (38482 us)
[DBG] deferring start (38332 us)
[DBG] deferring start (38188 us)
[DBG] deferring start (38015 us)
[DBG] deferring start (38619 us)
[DBG] deferring start (37641 us)
[DBG] deferring start (37464 us)
[DBG] deferring start (37313 us)
[DBG] deferring start (37163 us)
[DBG] deferring start (37010 us)
[DBG] deferring start (36842 us)
[DBG] deferring start (36702 us)
[DBG] deferring start (36550 us)
[DBG] deferring start (36389 us)
[DBG] deferring start (36232 us)
[DBG] deferring start (36088 us)
[DBG] deferring start (35953 us)
[DBG] deferring start (35817 us)
[DBG] deferring start (35666 us)
[DBG] deferring start (35525 us)
[DBG] deferring start (35385 us)
[DBG] deferring start (35227 us)
[DBG] deferring start (35048 us)
[DBG] deferring start (34907 us)
[DBG] deferring start (34813 us)
[DBG] deferring start (34695 us)
[DBG] deferring start (34571 us)
[DBG] deferring start (36871 us)
[DBG] deferring start (35924 us)
[DBG] deferring start (34978 us)
[DBG] deferring start (34062 us)
[DBG] deferring start (33892 us)
[DBG] deferring start (35362 us)
[DBG] deferring start (34435 us)
[DBG] deferring start (33522 us)
[DBG] deferring start (33392 us)
[DBG] deferring start (35738 us)
[DBG] deferring start (34806 us)
[DBG] deferring start (33868 us)
[DBG] deferring start (32951 us)
[DBG] deferring start (32799 us)
[DBG] deferring start (32604 us)
[DBG] deferring start (37407 us)
[DBG] deferring start (36484 us)
[DBG] deferring start (35545 us)
[DBG] deferring start (34627 us)
[DBG] deferring start (33677 us)
[DBG] deferring start (32733 us)
[DBG] deferring start (31801 us)
[DBG] deferring start (33308 us)
[DBG] deferring start (32387 us)
[DBG] deferring start (31436 us)
[DBG] deferring start (31336 us)
[DBG] deferring start (31237 us)
[DBG] deferring start (31130 us)
[DBG] deferring start (31023 us)
[DBG] deferring start (30902 us)
[DBG] deferring start (30777 us)
[DBG] deferring start (30647 us)
[DBG] deferring start (30519 us)
[DBG] deferring start (30384 us)
[DBG] deferring start (30260 us)
[DBG] deferring start (30138 us)
[DBG] deferring start (30022 us)
[DBG] deferring start (29890 us)
[DBG] deferring start (29709 us)
[DBG] deferring start (29568 us)
[DBG] deferring start (29431 us)
[DBG] deferring start (29301 us)
[DBG] deferring start (29160 us)
[DBG] deferring start (29025 us)
[DBG] deferring start (28871 us)
[DBG] deferring start (28744 us)
[DBG] deferring start (28612 us)
[DBG] deferring start (28474 us)
[DBG] deferring start (28341 us)
[DBG] deferring start (28208 us)
[DBG] deferring start (28084 us)
[DBG] deferring start (31190 us)
[DBG] deferring start (30245 us)
[DBG] deferring start (29302 us)
[DBG] deferring start (28357 us)
[DBG] deferring start (27406 us)
[DBG] deferring start (27274 us)
[DBG] deferring start (27138 us)
[DBG] deferring start (27012 us)
[DBG] deferring start (26882 us)
[DBG] deferring start (26760 us)
[DBG] deferring start (26640 us)
[DBG] deferring start (26523 us)
[DBG] deferring start (28819 us)
[DBG] deferring start (27886 us)
[DBG] deferring start (26944 us)
[DBG] deferring start (26007 us)
[DBG] deferring start (25874 us)
[DBG] deferring start (25749 us)
[DBG] deferring start (25630 us)
[DBG] deferring start (27108 us)
[DBG] deferring start (26161 us)
[DBG] deferring start (25222 us)
[DBG] deferring start (25102 us)
[DBG] deferring start (24978 us)
[DBG] deferring start (24860 us)
[DBG] deferring start (24728 us)
[DBG] deferring start (24588 us)
[DBG] deferring start (24470 us)
[DBG] deferring start (24349 us)
[DBG] deferring start (24212 us)
[DBG] deferring start (28161 us)
[DBG] deferring start (27229 us)
[DBG] deferring start (26295 us)
[DBG] deferring start (25350 us)
[DBG] deferring start (24412 us)
[DBG] deferring start (23467 us)
[DBG] deferring start (23347 us)
[DBG] deferring start (23225 us)
[DBG] deferring start (23052 us)
[DBG] deferring start (22921 us)
[DBG] deferring start (22798 us)
[DBG] deferring start (22674 us)
[DBG] deferring start (22553 us)
[DBG] deferring start (22430 us)
[DBG] deferring start (22313 us)
[DBG] deferring start (22199 us)
[DBG] deferring start (22071 us)
[DBG] deferring start (21949 us)
[DBG] deferring start (21828 us)
[DBG] deferring start (21710 us)
[DBG] deferring start (21589 us)
[DBG] deferring start (21468 us)
[DBG] deferring start (21351 us)
[DBG] deferring start (21227 us)
[DBG] deferring start (21096 us)
[DBG] deferring start (20966 us)
[DBG] deferring start (20840 us)
[DBG] deferring start (20721 us)
[DBG] deferring start (20589 us)
[DBG] deferring start (20465 us)
[DBG] deferring start (20342 us)
[DBG] deferring start (20224 us)
[DBG] deferring start (20065 us)
[DBG] deferring start (19900 us)
[DBG] deferring start (19774 us)
[DBG] deferring start (19666 us)
[DBG] deferring start (19540 us)
[DBG] deferring start (19424 us)
[DBG] deferring start (19305 us)
[DBG] deferring start (19193 us)
[DBG] deferring start (19077 us)
[DBG] deferring start (18969 us)
[DBG] deferring start (18828 us)
[DBG] deferring start (18696 us)
[DBG] deferring start (18587 us)
[DBG] deferring start (18479 us)
[DBG] deferring start (18366 us)
[DBG] deferring start (18260 us)
[DBG] deferring start (18146 us)
[DBG] deferring start (18040 us)
[DBG] deferring start (17928 us)
[DBG] deferring start (17821 us)
[DBG] deferring start (17706 us)
[DBG] deferring start (17586 us)
[DBG] deferring start (17482 us)
[DBG] deferring start (17372 us)
[DBG] deferring start (17264 us)
[DBG] deferring start (17136 us)
[DBG] deferring start (16992 us)
[DBG] deferring start (16868 us)
[DBG] deferring start (16762 us)
[DBG] deferring start (16651 us)
[DBG] deferring start (16541 us)
[DBG] deferring start (16436 us)
[DBG] deferring start (16329 us)
[DBG] deferring start (16223 us)
[DBG] deferring start (16116 us)
[DBG] deferring start (16005 us)
[DBG] deferring start (15888 us)
[DBG] deferring start (15779 us)
[DBG] deferring start (15663 us)
[DBG] deferring start (15560 us)
[DBG] deferring start (15395 us)
[DBG] deferring start (15291 us)
[DBG] deferring start (15181 us)
[DBG] deferring start (15076 us)
[DBG] deferring start (14971 us)
[DBG] deferring start (14865 us)
[DBG] deferring start (14754 us)
[DBG] deferring start (14645 us)
[DBG] deferring start (14535 us)
[DBG] deferring start (14422 us)
[DBG] deferring start (14295 us)
[DBG] deferring start (15006 us)
[DBG] deferring start (14079 us)
[DBG] deferring start (13968 us)
[DBG] deferring start (13863 us)
[DBG] deferring start (13759 us)
[DBG] deferring start (13653 us)
[DBG] deferring start (13541 us)
[DBG] deferring start (13432 us)
[DBG] deferring start (13326 us)
[DBG] deferring start (13226 us)
[DBG] deferring start (13116 us)
[DBG] deferring start (13017 us)
[DBG] deferring start (12916 us)
[DBG] deferring start (12811 us)
[DBG] deferring start (12712 us)
[DBG] deferring start (12624 us)
[DBG] deferring start (13318 us)
[DBG] deferring start (12397 us)
[DBG] deferring start (12295 us)
[DBG] deferring start (12202 us)
[DBG] deferring start (12103 us)
[DBG] deferring start (12006 us)
[DBG] deferring start (11908 us)
[DBG] deferring start (11808 us)
[DBG] deferring start (11710 us)
[DBG] deferring start (11613 us)
[DBG] deferring start (11518 us)
[DBG] deferring start (11421 us)
[DBG] deferring start (11329 us)
[DBG] deferring start (11230 us)
[DBG] deferring start (11139 us)
[DBG] deferring start (11040 us)
[DBG] deferring start (10942 us)
[DBG] deferring start (10848 us)
[DBG] deferring start (10743 us)
[DBG] deferring start (10654 us)
[DBG] deferring start (10557 us)
[DBG] deferring start (10459 us)
[DBG] deferring start (10361 us)
[DBG] deferring start (10261 us)
[DBG] deferring start (10158 us)
[DBG] deferring start (10063 us)
[DBG] deferring start (11590 us)
[DBG] deferring start (10673 us)
[DBG] deferring start (9759 us)
[DBG] deferring start (9658 us)
[DBG] deferring start (9562 us)
[DBG] deferring start (9460 us)
[DBG] deferring start (9369 us)
[DBG] deferring start (9272 us)
[DBG] deferring start (9178 us)
[DBG] deferring start (9073 us)
[DBG] deferring start (8983 us)
[DBG] deferring start (8885 us)
[DBG] deferring start (8773 us)
[DBG] deferring start (8675 us)
[DBG] deferring start (8579 us)
[DBG] deferring start (8481 us)
[DBG] deferring start (8387 us)
[DBG] deferring start (8298 us)
[DBG] deferring start (11459 us)
[DBG] deferring start (10543 us)
[DBG] deferring start (9633 us)
[DBG] deferring start (8716 us)
[DBG] deferring start (7799 us)
[DBG] deferring start (7694 us)
[DBG] deferring start (7597 us)
[DBG] deferring start (7501 us)
[DBG] deferring start (7407 us)
[DBG] deferring start (7315 us)
[DBG] deferring start (7218 us)
[DBG] deferring start (7123 us)
[DBG] deferring start (7030 us)
[DBG] deferring start (6944 us)
[DBG] deferring start (6818 us)
[DBG] deferring start (8352 us)
[DBG] deferring start (7439 us)
[DBG] deferring start (6511 us)
[DBG] deferring start (6396 us)
[DBG] deferring start (6304 us)
[DBG] deferring start (6212 us)
[DBG] deferring start (6127 us)
[DBG] deferring start (6042 us)
[DBG] deferring start (5951 us)
[DBG] deferring start (5862 us)
[DBG] deferring start (5777 us)
[DBG] deferring start (5681 us)
[DBG] deferring start (5593 us)
[DBG] deferring start (5499 us)
[DBG] deferring start (5409 us)
[DBG] deferring start (5324 us)
[DBG] deferring start (5237 us)
[DBG] deferring start (5149 us)
[DBG] deferring start (5058 us)
[DBG] deferring start (4972 us)
[DBG] deferring start (4881 us)
[DBG] deferring start (4785 us)
[DBG] deferring start (4696 us)
[DBG] deferring start (4610 us)
[DBG] deferring start (4518 us)
[DBG] deferring start (4427 us)
[DBG] deferring start (4339 us)
[DBG] deferring start (4242 us)
[DBG] deferring start (4149 us)
[DBG] deferring start (4056 us)
[DBG] deferring start (3964 us)
[DBG] deferring start (3881 us)
[DBG] deferring start (3793 us)
[DBG] deferring start (3706 us)
[DBG] deferring start (3616 us)
[DBG] deferring start (4335 us)
[DBG] deferring start (3428 us)
[DBG] deferring start (3342 us)
[DBG] deferring start (3254 us)
[DBG] deferring start (3165 us)
[DBG] deferring start (3079 us)
[DBG] deferring start (3000 us)
[DBG] deferring start (2920 us)
[DBG] deferring start (2839 us)
[DBG] deferring start (2717 us)
[DBG] deferring start (2633 us)
[DBG] deferring start (2553 us)
[DBG] deferring start (2458 us)
[DBG] deferring start (2373 us)
[DBG] deferring start (2289 us)
[DBG] deferring start (2201 us)
[DBG] deferring start (2118 us)
[DBG] deferring start (2036 us)
[DBG] deferring start (1953 us)
[DBG] deferring start (1874 us)
[DBG] deferring start (3393 us)
[DBG] deferring start (2481 us)
[DBG] deferring start (1569 us)
[DBG] deferring start (1488 us)
[DBG] deferring start (1402 us)
[DBG] deferring start (1320 us)
[DBG] deferring start (1235 us)
[DBG] deferring start (1156 us)
[DBG] deferring start (1072 us)
[DBG] deferring start (992 us)
[DBG] deferring start (901 us)
[DBG] deferring start (779 us)
[DBG] deferring start (700 us)
[DBG] deferring start (614 us)
[DBG] deferring start (533 us)
[DBG] deferring start (438 us)
[DBG] deferring start (350 us)
[DBG] deferring start (262 us)
[DBG] deferring start (173 us)
[DBG] deferring start (86 us)
[DBG] starting late (-3 us)
[WARN] picture is too late to be displayed (missing 42 ms)
[WARN] picture is too late to be displayed (missing 43 ms)
[DBG] ES_OUT_RESET_PCR called
10:15:24.482 AM [skip] +30 s (click) before=300644 ms target=330644 ms
10:15:24.485 AM [player] buffering 0.0
[DBG] SET_TIME to 330644000
[DBG] seek request to i_pos = 330644000
[DBG] seek: preroll{ track: 1, pts: 329704000, fpos: 1526730057 skip: 1526730057} 
[DBG] resolving 192.168.1.250 ...
[DBG] outgoing request:
GET /stream/4 HTTP/1.1
Host: 192.168.1.250:8093
Accept: */*
Accept-Language: en_US
User-Agent: VLC/4.0.0-dev LibVLC/4.0.0-dev
If-Unmodified-Since: Sat, 18 Jul 2026 03:52:34 GMT
Range: bytes=1526730057-


[DBG] incoming response:
HTTP/1.1 206 Partial Content
Accept-Ranges: bytes
Content-Length: 56956592480
Content-Range: bytes 1526730057-58483322536/58483322537
Content-Type: video/x-matroska
Last-Modified: Sat, 18 Jul 2026 03:52:34 GMT
Date: Mon, 14 Sep 2026 14:15:24 GMT


[DBG] connection failed
[DBG] seek: preroll{ req: 330644001, start-pts: 329704001, start-fpos: 1526730057} 
[DBG] Buffering 0%
10:15:24.666 AM [player] buffering 0.0
[DBG] Buffering 2%
[DBG] Buffering 5%
[DBG] Buffering 8%
[DBG] Buffering 10%
[DBG] Buffering 15%
[DBG] Buffering 19%
[DBG] Buffering 21%
[DBG] Buffering 25%
[DBG] Buffering 30%
[DBG] Buffering 32%
[DBG] Buffering 36%
[DBG] Buffering 40%
[DBG] end of video preroll
[DBG] Received first picture
[DBG] Buffering 43%
[DBG] Buffering 46%
[DBG] end of audio preroll
[DBG] Buffering 51%
[DBG] Buffering 53%
[DBG] Buffering 56%
[DBG] Buffering 60%
[DBG] end of video preroll
[DBG] Buffering 62%
[DBG] Buffering 67%
[DBG] Buffering 70%
[DBG] Buffering 73%
[DBG] Buffering 77%
[DBG] Buffering 81%
[DBG] Buffering 83%
[DBG] Buffering 87%
[DBG] Buffering 92%
[DBG] Buffering 94%
[DBG] Buffering 97%
[DBG] Stream buffering done (2001 ms in 262 ms)
[DBG] Decoder wait done in 0 ms
10:15:24.928 AM [player] buffering 1.0
[DBG] deferring start (96404 us)
[DBG] deferring start (88686 us)
[DBG] deferring start (87406 us)
[DBG] deferring start (86242 us)
[DBG] deferring start (85114 us)
[DBG] deferring start (83934 us)
[DBG] deferring start (82798 us)
[DBG] deferring start (81719 us)
[DBG] deferring start (80667 us)
[DBG] deferring start (79615 us)
[DBG] deferring start (78570 us)
[DBG] deferring start (77522 us)
[DBG] deferring start (76481 us)
[DBG] deferring start (75398 us)
[DBG] deferring start (74321 us)
[DBG] deferring start (73257 us)
[DBG] deferring start (72205 us)
[DBG] deferring start (71144 us)
[DBG] deferring start (70029 us)
[DBG] deferring start (68940 us)
[DBG] deferring start (67881 us)
[DBG] deferring start (66823 us)
[DBG] deferring start (65767 us)
[DBG] deferring start (64714 us)
[DBG] deferring start (64479 us)
[DBG] deferring start (64224 us)
[DBG] deferring start (64000 us)
[DBG] deferring start (63770 us)
[DBG] deferring start (63542 us)
[DBG] deferring start (63312 us)
[DBG] deferring start (63058 us)
[DBG] deferring start (62808 us)
[DBG] deferring start (62570 us)
[DBG] deferring start (62371 us)
[DBG] deferring start (62191 us)
[DBG] deferring start (62001 us)
[DBG] deferring start (61817 us)
[DBG] deferring start (61632 us)
[DBG] deferring start (61450 us)
[DBG] deferring start (61269 us)
[DBG] deferring start (61009 us)
[DBG] deferring start (64858 us)
[DBG] deferring start (63838 us)
[DBG] deferring start (62830 us)
[DBG] deferring start (61826 us)
[DBG] deferring start (60831 us)
[DBG] deferring start (59830 us)
[DBG] deferring start (59630 us)
[DBG] deferring start (59419 us)
[DBG] deferring start (59230 us)
[DBG] deferring start (59039 us)
[DBG] deferring start (58859 us)
[DBG] deferring start (58580 us)
[DBG] deferring start (58296 us)
[DBG] deferring start (58046 us)
[DBG] deferring start (57784 us)
[DBG] deferring start (57539 us)
[DBG] deferring start (57323 us)
[DBG] deferring start (57106 us)
[DBG] deferring start (56909 us)
[DBG] deferring start (56698 us)
[DBG] deferring start (56467 us)
[DBG] deferring start (56264 us)
[DBG] deferring start (56009 us)
[DBG] deferring start (55798 us)
[DBG] deferring start (55590 us)
[DBG] deferring start (55379 us)
[DBG] deferring start (55175 us)
[DBG] deferring start (54968 us)
[DBG] deferring start (54745 us)
[DBG] deferring start (54512 us)
[DBG] deferring start (54298 us)
[DBG] deferring start (54102 us)
[DBG] deferring start (53894 us)
[DBG] deferring start (53689 us)
[DBG] deferring start (53495 us)
[DBG] deferring start (53289 us)
[DBG] deferring start (53077 us)
[DBG] deferring start (53627 us)
[DBG] deferring start (52615 us)
[DBG] deferring start (52419 us)
[DBG] deferring start (52206 us)
[DBG] deferring start (51991 us)
[DBG] deferring start (51794 us)
[DBG] deferring start (51572 us)
[DBG] deferring start (51349 us)
[DBG] deferring start (51140 us)
[DBG] deferring start (50952 us)
[DBG] deferring start (50774 us)
[DBG] deferring start (50573 us)
[DBG] deferring start (50361 us)
[DBG] deferring start (50192 us)
[DBG] deferring start (52438 us)
[DBG] deferring start (51444 us)
[DBG] deferring start (50475 us)
[DBG] deferring start (49512 us)
[DBG] deferring start (49352 us)
[DBG] deferring start (49185 us)
[DBG] deferring start (49011 us)
[DBG] deferring start (48842 us)
[DBG] deferring start (48682 us)
[DBG] deferring start (48513 us)
[DBG] deferring start (48352 us)
[DBG] deferring start (48191 us)
[DBG] deferring start (48032 us)
[DBG] deferring start (47877 us)
[DBG] deferring start (47720 us)
[DBG] deferring start (47558 us)
[DBG] deferring start (47396 us)
[DBG] deferring start (47237 us)
[DBG] deferring start (47073 us)
[DBG] deferring start (46907 us)
[DBG] deferring start (46726 us)
[DBG] deferring start (46555 us)
[DBG] deferring start (46387 us)
[DBG] deferring start (46210 us)
[DBG] deferring start (46053 us)
[DBG] deferring start (45838 us)
[DBG] deferring start (45679 us)
[DBG] deferring start (45491 us)
[DBG] deferring start (45318 us)
[DBG] deferring start (45100 us)
[DBG] deferring start (44922 us)
[DBG] deferring start (44754 us)
[DBG] deferring start (44576 us)
[DBG] deferring start (44405 us)
[DBG] deferring start (44232 us)
[DBG] deferring start (44058 us)
[DBG] deferring start (43877 us)
[DBG] deferring start (43690 us)
[DBG] deferring start (43477 us)
[DBG] deferring start (43307 us)
[DBG] deferring start (43135 us)
[DBG] deferring start (42972 us)
[DBG] deferring start (42814 us)
[DBG] deferring start (42662 us)
[DBG] deferring start (42514 us)
[DBG] deferring start (42349 us)
[DBG] deferring start (42949 us)
[DBG] deferring start (41979 us)
[DBG] deferring start (41824 us)
[DBG] deferring start (41654 us)
[DBG] deferring start (41506 us)
[DBG] deferring start (41353 us)
[DBG] deferring start (41199 us)
[DBG] deferring start (41047 us)
[DBG] deferring start (40897 us)
[DBG] deferring start (40713 us)
[DBG] deferring start (40524 us)
[DBG] deferring start (40374 us)
[DBG] deferring start (40224 us)
[DBG] deferring start (40058 us)
[DBG] deferring start (39900 us)
[DBG] deferring start (39742 us)
[DBG] deferring start (39587 us)
[DBG] deferring start (39429 us)
[DBG] deferring start (39274 us)
[DBG] deferring start (39122 us)
[DBG] deferring start (38978 us)
[DBG] deferring start (38770 us)
[DBG] deferring start (38614 us)
[DBG] deferring start (38454 us)
[DBG] deferring start (38308 us)
[DBG] deferring start (38150 us)
[DBG] deferring start (38000 us)
[DBG] deferring start (37836 us)
[DBG] deferring start (37678 us)
[DBG] deferring start (37525 us)
[DBG] deferring start (37369 us)
[DBG] deferring start (37224 us)
[DBG] deferring start (37081 us)
[DBG] deferring start (37683 us)
[DBG] deferring start (36718 us)
[DBG] deferring start (36564 us)
[DBG] deferring start (36398 us)
[DBG] deferring start (36244 us)
[DBG] deferring start (36084 us)
[DBG] deferring start (35930 us)
[DBG] deferring start (35779 us)
[DBG] deferring start (35625 us)
[DBG] deferring start (35474 us)
[DBG] deferring start (35325 us)
[DBG] deferring start (35179 us)
[DBG] deferring start (34996 us)
[DBG] deferring start (34848 us)
[DBG] deferring start (34711 us)
[DBG] deferring start (34560 us)
[DBG] deferring start (34413 us)
[DBG] deferring start (34269 us)
[DBG] deferring start (34124 us)
[DBG] deferring start (33992 us)
[DBG] deferring start (33819 us)
[DBG] deferring start (33678 us)
[DBG] deferring start (33540 us)
[DBG] deferring start (33410 us)
[DBG] deferring start (33268 us)
[DBG] deferring start (33128 us)
[DBG] deferring start (32990 us)
[DBG] deferring start (32856 us)
[DBG] deferring start (32718 us)
[DBG] deferring start (32583 us)
[DBG] deferring start (32443 us)
[DBG] deferring start (32317 us)
[DBG] deferring start (32135 us)
[DBG] deferring start (31989 us)
[DBG] deferring start (31815 us)
[DBG] deferring start (31615 us)
[DBG] deferring start (31474 us)
[DBG] deferring start (31336 us)
[DBG] deferring start (31199 us)
[DBG] deferring start (31056 us)
[DBG] deferring start (30914 us)
[DBG] deferring start (30780 us)
[DBG] deferring start (30650 us)
[DBG] deferring start (30522 us)
[DBG] deferring start (30372 us)
[DBG] deferring start (30237 us)
[DBG] deferring start (30093 us)
[DBG] deferring start (29960 us)
[DBG] deferring start (34695 us)
[DBG] deferring start (33741 us)
[DBG] deferring start (32792 us)
[DBG] deferring start (31840 us)
[DBG] deferring start (30885 us)
[DBG] deferring start (29929 us)
[DBG] deferring start (28976 us)
[DBG] deferring start (28853 us)
[DBG] deferring start (28714 us)
[DBG] deferring start (28578 us)
[DBG] deferring start (28444 us)
[DBG] deferring start (28317 us)
[DBG] deferring start (28193 us)
[DBG] deferring start (28065 us)
[DBG] deferring start (27934 us)
[DBG] deferring start (27808 us)
[DBG] deferring start (27686 us)
[DBG] deferring start (27562 us)
[DBG] deferring start (27440 us)
[DBG] deferring start (27324 us)
[DBG] deferring start (27211 us)
[DBG] deferring start (27094 us)
[DBG] deferring start (26981 us)
[DBG] deferring start (26869 us)
[DBG] deferring start (26753 us)
[DBG] deferring start (26641 us)
[DBG] deferring start (26512 us)
[DBG] deferring start (26395 us)
[DBG] deferring start (26277 us)
[DBG] deferring start (26158 us)
[DBG] deferring start (26043 us)
[DBG] deferring start (25935 us)
[DBG] deferring start (25836 us)
[DBG] deferring start (25731 us)
[DBG] deferring start (25621 us)
[DBG] deferring start (25511 us)
[DBG] deferring start (25406 us)
[DBG] deferring start (25298 us)
[DBG] deferring start (25167 us)
[DBG] deferring start (25059 us)
[DBG] deferring start (24953 us)
[DBG] deferring start (24848 us)
[DBG] deferring start (24740 us)
[DBG] deferring start (24629 us)
[DBG] deferring start (24521 us)
[DBG] deferring start (24402 us)
[DBG] deferring start (24292 us)
[DBG] deferring start (24183 us)
[DBG] deferring start (24067 us)
[DBG] deferring start (23948 us)
[DBG] deferring start (23837 us)
[DBG] deferring start (23732 us)
[DBG] deferring start (23631 us)
[DBG] deferring start (23517 us)
[DBG] deferring start (25043 us)
[DBG] deferring start (24119 us)
[DBG] deferring start (23193 us)
[DBG] deferring start (23087 us)
[DBG] deferring start (22979 us)
[DBG] deferring start (22871 us)
[DBG] deferring start (22756 us)
[DBG] deferring start (22645 us)
[DBG] deferring start (22530 us)
[DBG] deferring start (22415 us)
[DBG] deferring start (22302 us)
[DBG] deferring start (22188 us)
[DBG] deferring start (22049 us)
[DBG] deferring start (21939 us)
[DBG] deferring start (21815 us)
[DBG] deferring start (21668 us)
[DBG] deferring start (21546 us)
[DBG] deferring start (21427 us)
[DBG] deferring start (21312 us)
[DBG] deferring start (27723 us)
[DBG] deferring start (26791 us)
[DBG] deferring start (25857 us)
[DBG] deferring start (24926 us)
[DBG] deferring start (23993 us)
[DBG] deferring start (23065 us)
[DBG] deferring start (22137 us)
[DBG] deferring start (21210 us)
[DBG] deferring start (20277 us)
[DBG] deferring start (20168 us)
[DBG] deferring start (20042 us)
[DBG] deferring start (19928 us)
[DBG] deferring start (19816 us)
[DBG] deferring start (19708 us)
[DBG] deferring start (19596 us)
[DBG] deferring start (19478 us)
[DBG] deferring start (19364 us)
[DBG] deferring start (19255 us)
[DBG] deferring start (19141 us)
[DBG] deferring start (19020 us)
[DBG] deferring start (18912 us)
[DBG] deferring start (18783 us)
[DBG] deferring start (18660 us)
[DBG] deferring start (18550 us)
[DBG] deferring start (18439 us)
[DBG] deferring start (18324 us)
[DBG] deferring start (18210 us)
[DBG] deferring start (18107 us)
[DBG] deferring start (17981 us)
[DBG] deferring start (17867 us)
[DBG] deferring start (17756 us)
[DBG] deferring start (17642 us)
[DBG] deferring start (17453 us)
[DBG] deferring start (17341 us)
[DBG] deferring start (17227 us)
[DBG] deferring start (17120 us)
[DBG] deferring start (17009 us)
[DBG] deferring start (16892 us)
[DBG] deferring start (16777 us)
[DBG] deferring start (16665 us)
[DBG] deferring start (16556 us)
[DBG] deferring start (16437 us)
[DBG] deferring start (16330 us)
[DBG] deferring start (16217 us)
[DBG] deferring start (16105 us)
[DBG] deferring start (15999 us)
[DBG] deferring start (15888 us)
[DBG] deferring start (15779 us)
[DBG] deferring start (15666 us)
[DBG] deferring start (15561 us)
[DBG] deferring start (15455 us)
[DBG] deferring start (20258 us)
[DBG] deferring start (19329 us)
[DBG] deferring start (18408 us)
[DBG] deferring start (17491 us)
[DBG] deferring start (16564 us)
[DBG] deferring start (15649 us)
[DBG] deferring start (14730 us)
[DBG] deferring start (14622 us)
[DBG] deferring start (14521 us)
[DBG] deferring start (14424 us)
[DBG] deferring start (14320 us)
[DBG] deferring start (14212 us)
[DBG] deferring start (14112 us)
[DBG] deferring start (13977 us)
[DBG] deferring start (13868 us)
[DBG] deferring start (13767 us)
[DBG] deferring start (13665 us)
[DBG] deferring start (13556 us)
[DBG] deferring start (13457 us)
[DBG] deferring start (13354 us)
[DBG] deferring start (13250 us)
[DBG] deferring start (13156 us)
[DBG] deferring start (13058 us)
[DBG] deferring start (12958 us)
[DBG] deferring start (12855 us)
[DBG] deferring start (12746 us)
[DBG] deferring start (12645 us)
[DBG] deferring start (12548 us)
[DBG] deferring start (12447 us)
[DBG] deferring start (12350 us)
[DBG] deferring start (12249 us)
[DBG] deferring start (12155 us)
[DBG] deferring start (12051 us)
[DBG] deferring start (11934 us)
[DBG] deferring start (11837 us)
[DBG] deferring start (11699 us)
[DBG] deferring start (11602 us)
[DBG] deferring start (11508 us)
[DBG] deferring start (11413 us)
[DBG] deferring start (11320 us)
[DBG] deferring start (11228 us)
[DBG] deferring start (11139 us)
[DBG] deferring start (11042 us)
[DBG] deferring start (10937 us)
[DBG] deferring start (10844 us)
[DBG] deferring start (10742 us)
[DBG] deferring start (10643 us)
[DBG] deferring start (10552 us)
[DBG] deferring start (10441 us)
[DBG] deferring start (10346 us)
[DBG] deferring start (10232 us)
[DBG] deferring start (10129 us)
[DBG] deferring start (10030 us)
[DBG] deferring start (9926 us)
[DBG] deferring start (10625 us)
[DBG] deferring start (9712 us)
[DBG] deferring start (9624 us)
[DBG] deferring start (9533 us)
[DBG] deferring start (9446 us)
[DBG] deferring start (9353 us)
[DBG] deferring start (9269 us)
[DBG] deferring start (9175 us)
[DBG] deferring start (9084 us)
[DBG] deferring start (8991 us)
[DBG] deferring start (8894 us)
[DBG] deferring start (8800 us)
[DBG] deferring start (8713 us)
[DBG] deferring start (8624 us)
[DBG] deferring start (8498 us)
[DBG] deferring start (8396 us)
[DBG] deferring start (8303 us)
[DBG] deferring start (8219 us)
[DBG] deferring start (8116 us)
[DBG] deferring start (8018 us)
[DBG] deferring start (7933 us)
[DBG] deferring start (7844 us)
[DBG] deferring start (7756 us)
[DBG] deferring start (7670 us)
[DBG] deferring start (7586 us)
[DBG] deferring start (7500 us)
[DBG] deferring start (7404 us)
[DBG] deferring start (7312 us)
[DBG] deferring start (7222 us)
[DBG] deferring start (7134 us)
[DBG] deferring start (7044 us)
[DBG] deferring start (6952 us)
[DBG] deferring start (6860 us)
[DBG] deferring start (6769 us)
[DBG] deferring start (6675 us)
[DBG] deferring start (6583 us)
[DBG] deferring start (6497 us)
[DBG] deferring start (6401 us)
[DBG] deferring start (6284 us)
[DBG] deferring start (6193 us)
[DBG] deferring start (6098 us)
[DBG] deferring start (6004 us)
[DBG] deferring start (5912 us)
[DBG] deferring start (5820 us)
[DBG] deferring start (5732 us)
[DBG] deferring start (5641 us)
[DBG] deferring start (5552 us)
[DBG] deferring start (5458 us)
[DBG] deferring start (5364 us)
[DBG] deferring start (5265 us)
[DBG] deferring start (5172 us)
[DBG] deferring start (5077 us)
[DBG] deferring start (4984 us)
[DBG] deferring start (4864 us)
[DBG] deferring start (5556 us)
[DBG] deferring start (4631 us)
[DBG] deferring start (4547 us)
[DBG] deferring start (4464 us)
[DBG] deferring start (4380 us)
[DBG] deferring start (4295 us)
[DBG] deferring start (4212 us)
[DBG] deferring start (4120 us)
[DBG] deferring start (4027 us)
[DBG] deferring start (3943 us)
[DBG] deferring start (3851 us)
[DBG] deferring start (4566 us)
[DBG] deferring start (3656 us)
[DBG] deferring start (3573 us)
[DBG] deferring start (3484 us)
[DBG] deferring start (3397 us)
[DBG] deferring start (3307 us)
[DBG] deferring start (3214 us)
[DBG] deferring start (3131 us)
[DBG] deferring start (3048 us)
[DBG] deferring start (2960 us)
[DBG] deferring start (2874 us)
[DBG] deferring start (2794 us)
[DBG] deferring start (2705 us)
[DBG] deferring start (2625 us)
[DBG] deferring start (2533 us)
[DBG] deferring start (2451 us)
[DBG] deferring start (2369 us)
[DBG] deferring start (2272 us)
[DBG] deferring start (2190 us)
[DBG] deferring start (2069 us)
[DBG] deferring start (1985 us)
[DBG] deferring start (1898 us)
[DBG] deferring start (1811 us)
[DBG] deferring start (1722 us)
[DBG] deferring start (1634 us)
[DBG] deferring start (1547 us)
[DBG] deferring start (1464 us)
[DBG] deferring start (1376 us)
[DBG] deferring start (1290 us)
[DBG] deferring start (1200 us)
[DBG] deferring start (1111 us)
[DBG] deferring start (1020 us)
[DBG] deferring start (937 us)
[DBG] deferring start (844 us)
[DBG] deferring start (741 us)
[DBG] deferring start (651 us)
[DBG] deferring start (565 us)
[DBG] deferring start (477 us)
[DBG] deferring start (394 us)
[DBG] deferring start (306 us)
[DBG] deferring start (221 us)
[DBG] deferring start (128 us)
[DBG] deferring start (45 us)
[DBG] starting late (-45 us)
10:15:25.013 AM [skip] after=330644 ms
[WARN] picture is too late to be displayed (missing 49 ms)
[WARN] picture is too late to be displayed (missing 47 ms)
[WARN] picture is too late to be displayed (missing 46 ms)
[WARN] picture is too late to be displayed (missing 49 ms)
[WARN] picture is too late to be displayed (missing 51 ms)
[WARN] picture is too late to be displayed (missing 49 ms)
[WARN] picture is too late to be displayed (missing 47 ms)
[WARN] picture is too late to be displayed (missing 50 ms)
[WARN] picture is too late to be displayed (missing 51 ms)
[WARN] picture is too late to be displayed (missing 45 ms)
[WARN] picture is too late to be displayed (missing 49 ms)
[WARN] picture is too late to be displayed (missing 45 ms)
[WARN] picture is too late to be displayed (missing 47 ms)
[WARN] picture is too late to be displayed (missing 47 ms)
[WARN] picture is too late to be displayed (missing 47 ms)
[WARN] picture is too late to be displayed (missing 46 ms)
[WARN] picture is too late to be displayed (missing 51 ms)
[WARN] picture is too late to be displayed (missing 47 ms)
[WARN] picture is too late to be displayed (missing 50 ms)
[WARN] picture is too late to be displayed (missing 50 ms)
[WARN] picture is too late to be displayed (missing 50 ms)
[WARN] picture is too late to be displayed (missing 46 ms)
[WARN] picture is too late to be displayed (missing 47 ms)
[WARN] picture is too late to be displayed (missing 51 ms)
[WARN] picture is too late to be displayed (missing 51 ms)
[WARN] picture is too late to be displayed (missing 50 ms)
[WARN] picture is too late to be displayed (missing 46 ms)
[WARN] picture is too late to be displayed (missing 49 ms)
[WARN] picture is too late to be displayed (missing 50 ms)
[WARN] picture is too late to be displayed (missing 50 ms)
[WARN] picture is too late to be displayed (missing 50 ms)
[WARN] picture is too late to be displayed (missing 48 ms)
[WARN] picture is too late to be displayed (missing 50 ms)
[WARN] picture is too late to be displayed (missing 46 ms)
[WARN] picture is too late to be displayed (missing 49 ms)
[WARN] picture is too late to be displayed (missing 49 ms)
[WARN] picture is too late to be displayed (missing 48 ms)
[WARN] picture is too late to be displayed (missing 50 ms)
[WARN] picture is too late to be displayed (missing 48 ms)
[WARN] picture is too late to be displayed (missing 50 ms)
[WARN] picture is too late to be displayed (missing 50 ms)
[WARN] picture is too late to be displayed (missing 50 ms)
[WARN] picture is too late to be displayed (missing 47 ms)
[WARN] picture is too late to be displayed (missing 46 ms)
[WARN] picture is too late to be displayed (missing 50 ms)
[WARN] picture is too late to be displayed (missing 50 ms)
[WARN] picture is too late to be displayed (missing 49 ms)
[WARN] picture is too late to be displayed (missing 50 ms)
[WARN] picture is too late to be displayed (missing 49 ms)
[WARN] picture is too late to be displayed (missing 46 ms)
[WARN] picture is too late to be displayed (missing 48 ms)
[WARN] picture is too late to be displayed (missing 48 ms)
[WARN] picture is too late to be displayed (missing 46 ms)
[WARN] picture is too late to be displayed (missing 50 ms)
[WARN] picture is too late to be displayed (missing 51 ms)
[WARN] picture is too late to be displayed (missing 50 ms)
[WARN] picture is too late to be displayed (missing 51 ms)
[WARN] picture is too late to be displayed (missing 51 ms)
[WARN] picture is too late to be displayed (missing 51 ms)
[WARN] picture is too late to be displayed (missing 48 ms)
[WARN] picture is too late to be displayed (missing 51 ms)
[WARN] picture is too late to be displayed (missing 50 ms)
[WARN] picture is too late to be displayed (missing 48 ms)
[WARN] picture is too late to be displayed (missing 51 ms)
[WARN] picture is too late to be displayed (missing 50 ms)
[WARN] picture is too late to be displayed (missing 48 ms)
[WARN] picture is too late to be displayed (missing 49 ms)
[WARN] picture is too late to be displayed (missing 45 ms)
[WARN] picture is too late to be displayed (missing 49 ms)
[WARN] picture is too late to be displayed (missing 48 ms)
[WARN] picture is too late to be displayed (missing 48 ms)
[WARN] picture is too late to be displayed (missing 50 ms)
[WARN] picture is too late to be displayed (missing 51 ms)
[WARN] picture is too late to be displayed (missing 46 ms)
[WARN] picture is too late to be displayed (missing 51 ms)
[WARN] picture is too late to be displayed (missing 51 ms)
[WARN] picture is too late to be displayed (missing 51 ms)
[WARN] picture is too late to be displayed (missing 50 ms)
[WARN] picture is too late to be displayed (missing 51 ms)
[WARN] picture is too late to be displayed (missing 48 ms)
[WARN] picture is too late to be displayed (missing 45 ms)
[WARN] picture is too late to be displayed (missing 49 ms)
[WARN] picture is too late to be displayed (missing 51 ms)
[WARN] picture is too late to be displayed (missing 48 ms)
[WARN] picture is too late to be displayed (missing 47 ms)
[WARN] picture is too late to be displayed (missing 47 ms)
[WARN] picture is too late to be displayed (missing 46 ms)
[WARN] picture is too late to be displayed (missing 49 ms)
[WARN] picture is too late to be displayed (missing 47 ms)
[WARN] picture is too late to be displayed (missing 51 ms)
[WARN] picture is too late to be displayed (missing 51 ms)
[WARN] picture is too late to be displayed (missing 50 ms)
[WARN] picture is too late to be displayed (missing 46 ms)
[WARN] picture is too late to be displayed (missing 50 ms)
[WARN] picture is too late to be displayed (missing 46 ms)
[WARN] picture is too late to be displayed (missing 51 ms)
[WARN] picture is too late to be displayed (missing 51 ms)
[WARN] picture is too late to be displayed (missing 50 ms)
[WARN] picture is too late to be displayed (missing 51 ms)
[WARN] picture is too late to be displayed (missing 46 ms)
[WARN] picture is too late to be displayed (missing 51 ms)
[WARN] picture is too late to be displayed (missing 51 ms)
[WARN] picture is too late to be displayed (missing 51 ms)
[WARN] picture is too late to be displayed (missing 48 ms)
[WARN] picture is too late to be displayed (missing 51 ms)
[WARN] picture is too late to be displayed (missing 47 ms)
[WARN] picture is too late to be displayed (missing 48 ms)
[WARN] picture is too late to be displayed (missing 47 ms)
[WARN] picture is too late to be displayed (missing 47 ms)
[WARN] picture is too late to be displayed (missing 46 ms)
[WARN] picture is too late to be displayed (missing 48 ms)
[WARN] picture is too late to be displayed (missing 48 ms)
[WARN] picture is too late to be displayed (missing 51 ms)
[WARN] picture is too late to be displayed (missing 49 ms)
[WARN] picture is too late to be displayed (missing 47 ms)
[WARN] picture is too late to be displayed (missing 48 ms)
[WARN] picture is too late to be displayed (missing 50 ms)
[WARN] picture is too late to be displayed (missing 51 ms)
[WARN] picture is too late to be displayed (missing 47 ms)
[WARN] picture is too late to be displayed (missing 51 ms)
[WARN] picture is too late to be displayed (missing 50 ms)
[WARN] picture is too late to be displayed (missing 48 ms)
[WARN] picture is too late to be displayed (missing 48 ms)
[WARN] picture is too late to be displayed (missing 48 ms)
[WARN] picture is too late to be displayed (missing 47 ms)
[WARN] picture is too late to be displayed (missing 51 ms)
[WARN] picture is too late to be displayed (missing 51 ms)
[WARN] picture is too late to be displayed (missing 50 ms)
[WARN] picture is too late to be displayed (missing 51 ms)
[WARN] picture is too late to be displayed (missing 48 ms)
[WARN] picture is too late to be displayed (missing 51 ms)
[WARN] picture is too late to be displayed (missing 50 ms)
[WARN] picture is too late to be displayed (missing 50 ms)
[WARN] picture is too late to be displayed (missing 50 ms)
[WARN] picture is too late to be displayed (missing 49 ms)
[WARN] picture is too late to be displayed (missing 47 ms)
[WARN] picture is too late to be displayed (missing 50 ms)
[WARN] picture is too late to be displayed (missing 44 ms)
[WARN] picture is too late to be displayed (missing 50 ms)
[WARN] picture is too late to be displayed (missing 49 ms)
[WARN] picture is too late to be displayed (missing 46 ms)
[WARN] picture is too late to be displayed (missing 46 ms)
[WARN] picture is too late to be displayed (missing 49 ms)
[WARN] picture is too late to be displayed (missing 49 ms)
[WARN] picture is too late to be displayed (missing 49 ms)
[WARN] picture is too late to be displayed (missing 47 ms)
[WARN] picture is too late to be displayed (missing 50 ms)
[WARN] picture is too late to be displayed (missing 51 ms)
[WARN] picture is too late to be displayed (missing 50 ms)
[WARN] picture is too late to be displayed (missing 51 ms)
[WARN] picture is too late to be displayed (missing 49 ms)
[WARN] picture is too late to be displayed (missing 50 ms)
[WARN] picture is too late to be displayed (missing 48 ms)
[WARN] picture is too late to be displayed (missing 46 ms)
[WARN] picture is too late to be displayed (missing 50 ms)
[WARN] picture is too late to be displayed (missing 51 ms)
[WARN] picture is too late to be displayed (missing 47 ms)
[WARN] picture is too late to be displayed (missing 50 ms)
[WARN] picture is too late to be displayed (missing 48 ms)
[WARN] picture is too late to be displayed (missing 47 ms)
[WARN] picture is too late to be displayed (missing 47 ms)
[WARN] picture is too late to be displayed (missing 51 ms)
[WARN] picture is too late to be displayed (missing 46 ms)
[WARN] picture is too late to be displayed (missing 47 ms)
[WARN] picture is too late to be displayed (missing 50 ms)
[WARN] picture is too late to be displayed (missing 47 ms)
[WARN] picture is too late to be displayed (missing 46 ms)
[WARN] picture is too late to be displayed (missing 47 ms)
[WARN] picture is too late to be displayed (missing 50 ms)
[WARN] picture is too late to be displayed (missing 51 ms)
[WARN] picture is too late to be displayed (missing 45 ms)
[WARN] picture is too late to be displayed (missing 49 ms)
[WARN] picture is too late to be displayed (missing 47 ms)
[WARN] picture is too late to be displayed (missing 51 ms)
[WARN] picture is too late to be displayed (missing 46 ms)
[WARN] picture is too late to be displayed (missing 47 ms)
[WARN] picture is too late to be displayed (missing 46 ms)
[WARN] picture is too late to be displayed (missing 50 ms)
[WARN] picture is too late to be displayed (missing 49 ms)
[WARN] picture is too late to be displayed (missing 50 ms)
[WARN] picture is too late to be displayed (missing 49 ms)
[WARN] picture is too late to be displayed (missing 47 ms)
[WARN] picture is too late to be displayed (missing 50 ms)
[WARN] picture is too late to be displayed (missing 51 ms)
[WARN] picture is too late to be displayed (missing 50 ms)
[WARN] picture is too late to be displayed (missing 49 ms)
[WARN] picture is too late to be displayed (missing 50 ms)
[WARN] picture is too late to be displayed (missing 49 ms)
[WARN] picture is too late to be displayed (missing 49 ms)
[WARN] picture is too late to be displayed (missing 52 ms)
[WARN] picture is too late to be displayed (missing 47 ms)
[WARN] picture is too late to be displayed (missing 51 ms)
[WARN] picture is too late to be displayed (missing 45 ms)
[WARN] picture is too late to be displayed (missing 49 ms)
[WARN] picture is too late to be displayed (missing 49 ms)
[WARN] picture is too late to be displayed (missing 51 ms)
[WARN] picture is too late to be displayed (missing 47 ms)
[WARN] picture is too late to be displayed (missing 50 ms)
[WARN] picture is too late to be displayed (missing 48 ms)
[WARN] picture is too late to be displayed (missing 50 ms)
[WARN] picture is too late to be displayed (missing 50 ms)
[WARN] picture is too late to be displayed (missing 50 ms)
[WARN] picture is too late to be displayed (missing 47 ms)
[WARN] picture is too late to be displayed (missing 49 ms)
[WARN] picture is too late to be displayed (missing 50 ms)
[WARN] picture is too late to be displayed (missing 51 ms)
[WARN] picture is too late to be displayed (missing 51 ms)
[WARN] picture is too late to be displayed (missing 50 ms)
[WARN] picture is too late to be displayed (missing 47 ms)
[WARN] picture is too late to be displayed (missing 51 ms)
[WARN] picture is too late to be displayed (missing 50 ms)
[WARN] picture is too late to be displayed (missing 46 ms)
[WARN] picture is too late to be displayed (missing 46 ms)
[WARN] picture is too late to be displayed (missing 50 ms)
[WARN] picture is too late to be displayed (missing 48 ms)
[WARN] picture is too late to be displayed (missing 46 ms)
[WARN] picture is too late to be displayed (missing 50 ms)
[WARN] picture is too late to be displayed (missing 51 ms)
[WARN] picture is too late to be displayed (missing 47 ms)
[WARN] picture is too late to be displayed (missing 50 ms)
[WARN] picture is too late to be displayed (missing 50 ms)
[WARN] picture is too late to be displayed (missing 51 ms)
[WARN] picture is too late to be displayed (missing 47 ms)
[WARN] picture is too late to be displayed (missing 50 ms)
[WARN] picture is too late to be displayed (missing 51 ms)
[WARN] picture is too late to be displayed (missing 46 ms)
[WARN] picture is too late to be displayed (missing 47 ms)
[WARN] picture is too late to be displayed (missing 50 ms)
[WARN] picture is too late to be displayed (missing 48 ms)
[WARN] picture is too late to be displayed (missing 51 ms)
[WARN] picture is too late to be displayed (missing 50 ms)
[WARN] picture is too late to be displayed (missing 50 ms)
[WARN] picture is too late to be displayed (missing 49 ms)
[WARN] picture is too late to be displayed (missing 51 ms)
[WARN] picture is too late to be displayed (missing 46 ms)
[WARN] picture is too late to be displayed (missing 50 ms)
[WARN] picture is too late to be displayed (missing 46 ms)
[WARN] picture is too late to be displayed (missing 48 ms)
[WARN] picture is too late to be displayed (missing 47 ms)
[WARN] picture is too late to be displayed (missing 48 ms)
[WARN] picture is too late to be displayed (missing 51 ms)
[WARN] picture is too late to be displayed (missing 48 ms)
[WARN] picture is too late to be displayed (missing 51 ms)
[WARN] picture is too late to be displayed (missing 48 ms)
[WARN] picture is too late to be displayed (missing 47 ms)
[WARN] picture is too late to be displayed (missing 51 ms)
[WARN] picture is too late to be displayed (missing 47 ms)
[WARN] picture is too late to be displayed (missing 50 ms)
[WARN] picture is too late to be displayed (missing 46 ms)
[WARN] picture is too late to be displayed (missing 51 ms)
[WARN] picture is too late to be displayed (missing 51 ms)
[WARN] picture is too late to be displayed (missing 46 ms)
[WARN] picture is too late to be displayed (missing 49 ms)
[WARN] picture is too late to be displayed (missing 50 ms)
[WARN] picture is too late to be displayed (missing 50 ms)
[WARN] picture is too late to be displayed (missing 50 ms)
[WARN] picture is too late to be displayed (missing 50 ms)
[WARN] picture is too late to be displayed (missing 50 ms)
[WARN] picture is too late to be displayed (missing 50 ms)
[WARN] picture is too late to be displayed (missing 50 ms)
[WARN] picture is too late to be displayed (missing 50 ms)
[WARN] picture is too late to be displayed (missing 48 ms)
[WARN] picture is too late to be displayed (missing 50 ms)
[WARN] picture is too late to be displayed (missing 47 ms)
[WARN] picture is too late to be displayed (missing 50 ms)
[WARN] picture is too late to be displayed (missing 51 ms)
[WARN] picture is too late to be displayed (missing 47 ms)
[WARN] picture is too late to be displayed (missing 46 ms)
[WARN] picture is too late to be displayed (missing 51 ms)
[WARN] picture is too late to be displayed (missing 50 ms)
[WARN] picture is too late to be displayed (missing 49 ms)
[WARN] picture is too late to be displayed (missing 47 ms)
[WARN] picture is too late to be displayed (missing 50 ms)
[WARN] picture is too late to be displayed (missing 50 ms)
[WARN] picture is too late to be displayed (missing 48 ms)
[WARN] picture is too late to be displayed (missing 50 ms)
[WARN] picture is too late to be displayed (missing 50 ms)
[WARN] picture is too late to be displayed (missing 50 ms)
[WARN] picture is too late to be displayed (missing 50 ms)
[WARN] picture is too late to be displayed (missing 51 ms)
[WARN] picture is too late to be displayed (missing 46 ms)
[WARN] picture is too late to be displayed (missing 51 ms)
[WARN] picture is too late to be displayed (missing 48 ms)
[WARN] picture is too late to be displayed (missing 51 ms)
[WARN] picture is too late to be displayed (missing 50 ms)
[WARN] picture is too late to be displayed (missing 51 ms)
[WARN] picture is too late to be displayed (missing 46 ms)
[WARN] picture is too late to be displayed (missing 49 ms)
[WARN] picture is too late to be displayed (missing 49 ms)
[WARN] picture is too late to be displayed (missing 50 ms)
[WARN] picture is too late to be displayed (missing 50 ms)
[WARN] picture is too late to be displayed (missing 49 ms)
[WARN] picture is too late to be displayed (missing 47 ms)
[WARN] picture is too late to be displayed (missing 50 ms)
[WARN] picture is too late to be displayed (missing 50 ms)
[WARN] picture is too late to be displayed (missing 48 ms)
[WARN] picture is too late to be displayed (missing 50 ms)
[WARN] picture is too late to be displayed (missing 49 ms)
[WARN] picture is too late to be displayed (missing 48 ms)
[WARN] picture is too late to be displayed (missing 50 ms)
[WARN] picture is too late to be displayed (missing 49 ms)
[WARN] picture is too late to be displayed (missing 50 ms)
[WARN] picture is too late to be displayed (missing 49 ms)
[WARN] picture is too late to be displayed (missing 46 ms)
[WARN] picture is too late to be displayed (missing 49 ms)
[WARN] picture is too late to be displayed (missing 48 ms)
[WARN] picture is too late to be displayed (missing 50 ms)
[WARN] picture is too late to be displayed (missing 48 ms)
[WARN] picture is too late to be displayed (missing 46 ms)
[WARN] picture is too late to be displayed (missing 51 ms)
[WARN] picture is too late to be displayed (missing 48 ms)
[WARN] picture is too late to be displayed (missing 51 ms)
[WARN] picture is too late to be displayed (missing 51 ms)
[WARN] picture is too late to be displayed (missing 46 ms)
[WARN] picture is too late to be displayed (missing 48 ms)
[WARN] picture is too late to be displayed (missing 51 ms)
[WARN] picture is too late to be displayed (missing 47 ms)
[WARN] picture is too late to be displayed (missing 51 ms)
[WARN] picture is too late to be displayed (missing 46 ms)
[WARN] picture is too late to be displayed (missing 46 ms)
[WARN] picture is too late to be displayed (missing 51 ms)
[WARN] picture is too late to be displayed (missing 51 ms)
[WARN] picture is too late to be displayed (missing 46 ms)
[WARN] picture is too late to be displayed (missing 47 ms)
[WARN] picture is too late to be displayed (missing 48 ms)
[WARN] picture is too late to be displayed (missing 51 ms)
[WARN] picture is too late to be displayed (missing 46 ms)
[WARN] picture is too late to be displayed (missing 51 ms)
[WARN] picture is too late to be displayed (missing 49 ms)
[WARN] picture is too late to be displayed (missing 51 ms)
[WARN] picture is too late to be displayed (missing 50 ms)
[WARN] picture is too late to be displayed (missing 51 ms)
[WARN] picture is too late to be displayed (missing 46 ms)
[WARN] picture is too late to be displayed (missing 49 ms)
[WARN] picture is too late to be displayed (missing 51 ms)
[WARN] picture is too late to be displayed (missing 46 ms)
[WARN] picture is too late to be displayed (missing 47 ms)
[WARN] picture is too late to be displayed (missing 48 ms)
[WARN] picture is too late to be displayed (missing 51 ms)
[WARN] picture is too late to be displayed (missing 47 ms)
[WARN] picture is too late to be displayed (missing 50 ms)
[WARN] picture is too late to be displayed (missing 50 ms)
[WARN] picture is too late to be displayed (missing 46 ms)
[WARN] picture is too late to be displayed (missing 50 ms)
[WARN] picture is too late to be displayed (missing 47 ms)
[WARN] picture is too late to be displayed (missing 50 ms)
[WARN] picture is too late to be displayed (missing 50 ms)
[WARN] picture is too late to be displayed (missing 50 ms)
[WARN] picture is too late to be displayed (missing 45 ms)
[WARN] picture is too late to be displayed (missing 48 ms)
[WARN] picture is too late to be displayed (missing 50 ms)
[WARN] picture is too late to be displayed (missing 48 ms)
[WARN] picture is too late to be displayed (missing 48 ms)
[WARN] picture is too late to be displayed (missing 46 ms)
[WARN] picture is too late to be displayed (missing 51 ms)
[WARN] picture is too late to be displayed (missing 50 ms)
[WARN] picture is too late to be displayed (missing 51 ms)
[WARN] picture is too late to be displayed (missing 46 ms)
[WARN] picture is too late to be displayed (missing 49 ms)
[WARN] picture is too late to be displayed (missing 46 ms)
[WARN] picture is too late to be displayed (missing 50 ms)
[WARN] picture is too late to be displayed (missing 50 ms)
[WARN] picture is too late to be displayed (missing 50 ms)
[WARN] picture is too late to be displayed (missing 50 ms)
[WARN] picture is too late to be displayed (missing 47 ms)
[WARN] picture is too late to be displayed (missing 46 ms)
[WARN] picture is too late to be displayed (missing 51 ms)
[WARN] picture is too late to be displayed (missing 44 ms)
[WARN] picture is too late to be displayed (missing 49 ms)
[WARN] picture is too late to be displayed (missing 45 ms)
[WARN] picture is too late to be displayed (missing 50 ms)
[WARN] picture is too late to be displayed (missing 46 ms)
[WARN] picture is too late to be displayed (missing 51 ms)
[WARN] picture is too late to be displayed (missing 46 ms)
[WARN] picture is too late to be displayed (missing 50 ms)
[WARN] picture is too late to be displayed (missing 47 ms)
[WARN] picture is too late to be displayed (missing 49 ms)
[WARN] picture is too late to be displayed (missing 50 ms)
[WARN] picture is too late to be displayed (missing 50 ms)
[WARN] picture is too late to be displayed (missing 47 ms)
[WARN] picture is too late to be displayed (missing 48 ms)
[WARN] picture is too late to be displayed (missing 50 ms)
[WARN] picture is too late to be displayed (missing 51 ms)
[WARN] picture is too late to be displayed (missing 46 ms)
[WARN] picture is too late to be displayed (missing 45 ms)
[WARN] picture is too late to be displayed (missing 46 ms)
[WARN] picture is too late to be displayed (missing 51 ms)
[WARN] picture is too late to be displayed (missing 45 ms)
[WARN] picture is too late to be displayed (missing 48 ms)
[WARN] picture is too late to be displayed (missing 50 ms)
[WARN] picture is too late to be displayed (missing 50 ms)
[WARN] picture is too late to be displayed (missing 50 ms)
[WARN] picture is too late to be displayed (missing 51 ms)
[WARN] picture is too late to be displayed (missing 46 ms)
[WARN] picture is too late to be displayed (missing 46 ms)
[WARN] picture is too late to be displayed (missing 51 ms)
[WARN] picture is too late to be displayed (missing 48 ms)
[WARN] picture is too late to be displayed (missing 49 ms)
[WARN] picture is too late to be displayed (missing 49 ms)
[WARN] picture is too late to be displayed (missing 51 ms)
[WARN] picture is too late to be displayed (missing 49 ms)
[WARN] picture is too late to be displayed (missing 47 ms)
[WARN] picture is too late to be displayed (missing 50 ms)
[WARN] picture is too late to be displayed (missing 46 ms)
[WARN] picture is too late to be displayed (missing 49 ms)
[WARN] picture is too late to be displayed (missing 51 ms)
[WARN] picture is too late to be displayed (missing 48 ms)
[WARN] picture is too late to be displayed (missing 51 ms)
[WARN] picture is too late to be displayed (missing 50 ms)
[WARN] picture is too late to be displayed (missing 45 ms)
[WARN] picture is too late to be displayed (missing 50 ms)
[WARN] picture is too late to be displayed (missing 48 ms)
[WARN] picture is too late to be displayed (missing 50 ms)
[WARN] picture is too late to be displayed (missing 45 ms)
[WARN] picture is too late to be displayed (missing 50 ms)
[WARN] picture is too late to be displayed (missing 45 ms)
[WARN] picture is too late to be displayed (missing 51 ms)
[WARN] picture is too late to be displayed (missing 49 ms)
[WARN] picture is too late to be displayed (missing 47 ms)
[WARN] picture is too late to be displayed (missing 47 ms)
[WARN] picture is too late to be displayed (missing 51 ms)
[WARN] picture is too late to be displayed (missing 49 ms)
[WARN] picture is too late to be displayed (missing 50 ms)
[WARN] picture is too late to be displayed (missing 47 ms)
[WARN] picture is too late to be displayed (missing 46 ms)
[WARN] picture is too late to be displayed (missing 47 ms)
[WARN] picture is too late to be displayed (missing 50 ms)
[WARN] picture is too late to be displayed (missing 48 ms)
[WARN] picture is too late to be displayed (missing 51 ms)
[WARN] picture is too late to be displayed (missing 45 ms)
[WARN] picture is too late to be displayed (missing 49 ms)
[WARN] picture is too late to be displayed (missing 50 ms)
[WARN] picture is too late to be displayed (missing 49 ms)
[WARN] picture is too late to be displayed (missing 49 ms)
[WARN] picture is too late to be displayed (missing 50 ms)
[WARN] picture is too late to be displayed (missing 50 ms)
[WARN] picture is too late to be displayed (missing 49 ms)
[WARN] picture is too late to be displayed (missing 49 ms)
[WARN] picture is too late to be displayed (missing 50 ms)
[WARN] picture is too late to be displayed (missing 50 ms)
[WARN] picture is too late to be displayed (missing 51 ms)
[WARN] picture is too late to be displayed (missing 50 ms)
[WARN] picture is too late to be displayed (missing 48 ms)
[WARN] picture is too late to be displayed (missing 49 ms)
[WARN] picture is too late to be displayed (missing 46 ms)
[WARN] picture is too late to be displayed (missing 50 ms)
[WARN] picture is too late to be displayed (missing 50 ms)
[WARN] picture is too late to be displayed (missing 46 ms)
[WARN] picture is too late to be displayed (missing 51 ms)
[WARN] picture is too late to be displayed (missing 50 ms)
[WARN] picture is too late to be displayed (missing 50 ms)
[WARN] picture is too late to be displayed (missing 49 ms)
[WARN] picture is too late to be displayed (missing 50 ms)
[WARN] picture is too late to be displayed (missing 48 ms)
[WARN] picture is too late to be displayed (missing 48 ms)
[WARN] picture is too late to be displayed (missing 45 ms)
[WARN] picture is too late to be displayed (missing 50 ms)
[WARN] picture is too late to be displayed (missing 51 ms)
[WARN] picture is too late to be displayed (missing 51 ms)
[WARN] picture is too late to be displayed (missing 47 ms)
[WARN] picture is too late to be displayed (missing 50 ms)
[WARN] picture is too late to be displayed (missing 51 ms)
[WARN] picture is too late to be displayed (missing 49 ms)
[WARN] picture is too late to be displayed (missing 46 ms)
[WARN] picture is too late to be displayed (missing 50 ms)
[WARN] picture is too late to be displayed (missing 48 ms)
[WARN] picture is too late to be displayed (missing 46 ms)
[WARN] picture is too late to be displayed (missing 50 ms)
[WARN] picture is too late to be displayed (missing 50 ms)
[WARN] picture is too late to be displayed (missing 46 ms)
[WARN] picture is too late to be displayed (missing 51 ms)
[WARN] picture is too late to be displayed (missing 49 ms)
[WARN] picture is too late to be displayed (missing 49 ms)
[WARN] picture is too late to be displayed (missing 52 ms)
[WARN] picture is too late to be displayed (missing 47 ms)
[WARN] picture is too late to be displayed (missing 49 ms)
[WARN] picture is too late to be displayed (missing 51 ms)
[WARN] picture is too late to be displayed (missing 51 ms)
[WARN] picture is too late to be displayed (missing 51 ms)
[WARN] picture is too late to be displayed (missing 49 ms)
[WARN] picture is too late to be displayed (missing 48 ms)
[WARN] picture is too late to be displayed (missing 51 ms)
[WARN] picture is too late to be displayed (missing 51 ms)
[WARN] picture is too late to be displayed (missing 45 ms)
[WARN] picture is too late to be displayed (missing 51 ms)
[WARN] picture is too late to be displayed (missing 51 ms)
[WARN] picture is too late to be displayed (missing 49 ms)
[WARN] picture is too late to be displayed (missing 49 ms)
[WARN] picture is too late to be displayed (missing 50 ms)
[WARN] picture is too late to be displayed (missing 51 ms)
[WARN] picture is too late to be displayed (missing 51 ms)
[WARN] picture is too late to be displayed (missing 45 ms)
[WARN] picture is too late to be displayed (missing 51 ms)
[WARN] picture is too late to be displayed (missing 51 ms)
[WARN] picture is too late to be displayed (missing 48 ms)
[WARN] picture is too late to be displayed (missing 50 ms)
[WARN] picture is too late to be displayed (missing 51 ms)
[WARN] picture is too late to be displayed (missing 48 ms)
[WARN] picture is too late to be displayed (missing 48 ms)
[WARN] picture is too late to be displayed (missing 50 ms)
[WARN] picture is too late to be displayed (missing 51 ms)
[WARN] picture is too late to be displayed (missing 51 ms)
[WARN] picture is too late to be displayed (missing 49 ms)
[WARN] picture is too late to be displayed (missing 49 ms)
[WARN] picture is too late to be displayed (missing 51 ms)
[WARN] picture is too late to be displayed (missing 51 ms)
[WARN] picture is too late to be displayed (missing 51 ms)
[WARN] picture is too late to be displayed (missing 48 ms)
[WARN] picture is too late to be displayed (missing 46 ms)
[WARN] picture is too late to be displayed (missing 51 ms)
[WARN] picture is too late to be displayed (missing 49 ms)
[WARN] picture is too late to be displayed (missing 50 ms)
[WARN] picture is too late to be displayed (missing 51 ms)
[WARN] picture is too late to be displayed (missing 51 ms)
[WARN] picture is too late to be displayed (missing 51 ms)
[WARN] picture is too late to be displayed (missing 45 ms)
[WARN] picture is too late to be displayed (missing 49 ms)
[WARN] picture is too late to be displayed (missing 51 ms)
[WARN] picture is too late to be displayed (missing 51 ms)
[WARN] picture is too late to be displayed (missing 46 ms)
[WARN] picture is too late to be displayed (missing 49 ms)
[WARN] picture is too late to be displayed (missing 49 ms)
[WARN] picture is too late to be displayed (missing 49 ms)
[WARN] picture is too late to be displayed (missing 49 ms)
[WARN] picture is too late to be displayed (missing 51 ms)
[WARN] picture is too late to be displayed (missing 52 ms)
[WARN] picture is too late to be displayed (missing 52 ms)
[WARN] picture is too late to be displayed (missing 49 ms)
[WARN] picture is too late to be displayed (missing 49 ms)
[WARN] picture is too late to be displayed (missing 51 ms)
[WARN] picture is too late to be displayed (missing 50 ms)
[WARN] picture is too late to be displayed (missing 51 ms)
[WARN] picture is too late to be displayed (missing 49 ms)
[WARN] picture is too late to be displayed (missing 50 ms)
[WARN] picture is too late to be displayed (missing 51 ms)
[WARN] picture is too late to be displayed (missing 51 ms)
[WARN] picture is too late to be displayed (missing 47 ms)
[WARN] picture is too late to be displayed (missing 51 ms)
[WARN] picture is too late to be displayed (missing 51 ms)
[WARN] picture is too late to be displayed (missing 48 ms)
[WARN] picture is too late to be displayed (missing 49 ms)
[WARN] picture is too late to be displayed (missing 51 ms)
[WARN] picture is too late to be displayed (missing 51 ms)
[WARN] picture is too late to be displayed (missing 48 ms)
[WARN] picture is too late to be displayed (missing 51 ms)
[WARN] picture is too late to be displayed (missing 51 ms)
[WARN] picture is too late to be displayed (missing 49 ms)
[WARN] picture is too late to be displayed (missing 48 ms)
[WARN] picture is too late to be displayed (missing 50 ms)
[WARN] picture is too late to be displayed (missing 49 ms)
[WARN] picture is too late to be displayed (missing 51 ms)
[WARN] picture is too late to be displayed (missing 49 ms)
[WARN] picture is too late to be displayed (missing 50 ms)
[WARN] picture is too late to be displayed (missing 48 ms)
[WARN] picture is too late to be displayed (missing 47 ms)
[WARN] picture is too late to be displayed (missing 51 ms)
[WARN] picture is too late to be displayed (missing 51 ms)
[WARN] picture is too late to be displayed (missing 50 ms)
[WARN] picture is too late to be displayed (missing 51 ms)
[WARN] picture is too late to be displayed (missing 47 ms)
[WARN] picture is too late to be displayed (missing 48 ms)
[WARN] picture is too late to be displayed (missing 47 ms)
[WARN] picture is too late to be displayed (missing 51 ms)
[WARN] picture is too late to be displayed (missing 51 ms)
[WARN] picture is too late to be displayed (missing 49 ms)
[WARN] picture is too late to be displayed (missing 47 ms)
[WARN] picture is too late to be displayed (missing 51 ms)
[WARN] picture is too late to be displayed (missing 47 ms)
[WARN] picture is too late to be displayed (missing 50 ms)
[WARN] picture is too late to be displayed (missing 50 ms)
[WARN] picture is too late to be displayed (missing 51 ms)
[WARN] picture is too late to be displayed (missing 46 ms)
[WARN] picture is too late to be displayed (missing 50 ms)
[WARN] picture is too late to be displayed (missing 50 ms)
[WARN] picture is too late to be displayed (missing 51 ms)
[WARN] picture is too late to be displayed (missing 48 ms)
[WARN] picture is too late to be displayed (missing 47 ms)
[WARN] picture is too late to be displayed (missing 50 ms)
[WARN] picture is too late to be displayed (missing 50 ms)
[WARN] picture is too late to be displayed (missing 48 ms)
[WARN] picture is too late to be displayed (missing 46 ms)
[WARN] picture is too late to be displayed (missing 50 ms)
[WARN] picture is too late to be displayed (missing 47 ms)
[WARN] picture is too late to be displayed (missing 51 ms)
[WARN] picture is too late to be displayed (missing 50 ms)
[WARN] picture is too late to be displayed (missing 48 ms)
[WARN] picture is too late to be displayed (missing 51 ms)
[WARN] picture is too late to be displayed (missing 51 ms)
[WARN] picture is too late to be displayed (missing 51 ms)
[WARN] picture is too late to be displayed (missing 48 ms)
[WARN] picture is too late to be displayed (missing 48 ms)
[WARN] picture is too late to be displayed (missing 50 ms)
[WARN] picture is too late to be displayed (missing 51 ms)
[WARN] picture is too late to be displayed (missing 49 ms)
[WARN] picture is too late to be displayed (missing 51 ms)
[WARN] picture is too late to be displayed (missing 46 ms)
[WARN] picture is too late to be displayed (missing 51 ms)
[WARN] picture is too late to be displayed (missing 47 ms)
[WARN] picture is too late to be displayed (missing 46 ms)
[WARN] picture is too late to be displayed (missing 48 ms)
[WARN] picture is too late to be displayed (missing 50 ms)
[WARN] picture is too late to be displayed (missing 48 ms)
[WARN] picture is too late to be displayed (missing 47 ms)
[WARN] picture is too late to be displayed (missing 50 ms)
[WARN] picture is too late to be displayed (missing 50 ms)
[WARN] picture is too late to be displayed (missing 46 ms)
[WARN] picture is too late to be displayed (missing 48 ms)
[WARN] picture is too late to be displayed (missing 51 ms)
[WARN] picture is too late to be displayed (missing 49 ms)
[WARN] picture is too late to be displayed (missing 46 ms)
[WARN] picture is too late to be displayed (missing 51 ms)
[WARN] picture is too late to be displayed (missing 50 ms)
[WARN] picture is too late to be displayed (missing 49 ms)
[WARN] picture is too late to be displayed (missing 48 ms)
[WARN] picture is too late to be displayed (missing 48 ms)
[WARN] picture is too late to be displayed (missing 51 ms)
[WARN] picture is too late to be displayed (missing 48 ms)
[WARN] picture is too late to be displayed (missing 48 ms)
[WARN] picture is too late to be displayed (missing 50 ms)
[WARN] picture is too late to be displayed (missing 51 ms)
[WARN] picture is too late to be displayed (missing 51 ms)
[WARN] picture is too late to be displayed (missing 46 ms)
[WARN] picture is too late to be displayed (missing 47 ms)
[WARN] picture is too late to be displayed (missing 49 ms)
[WARN] picture is too late to be displayed (missing 50 ms)
[WARN] picture is too late to be displayed (missing 50 ms)
[WARN] picture is too late to be displayed (missing 51 ms)
[WARN] picture is too late to be displayed (missing 49 ms)
[WARN] picture is too late to be displayed (missing 46 ms)
[WARN] picture is too late to be displayed (missing 48 ms)
[WARN] picture is too late to be displayed (missing 51 ms)
[WARN] picture is too late to be displayed (missing 48 ms)
[WARN] picture is too late to be displayed (missing 51 ms)
[WARN] picture is too late to be displayed (missing 46 ms)
[WARN] picture is too late to be displayed (missing 51 ms)
[WARN] picture is too late to be displayed (missing 51 ms)
[WARN] picture is too late to be displayed (missing 48 ms)
[WARN] picture is too late to be displayed (missing 46 ms)
[WARN] picture is too late to be displayed (missing 51 ms)
[WARN] picture is too late to be displayed (missing 47 ms)
[WARN] picture is too late to be displayed (missing 48 ms)
[WARN] picture is too late to be displayed (missing 45 ms)
[WARN] picture is too late to be displayed (missing 47 ms)
[WARN] picture is too late to be displayed (missing 51 ms)
[WARN] picture is too late to be displayed (missing 50 ms)
[WARN] picture is too late to be displayed (missing 51 ms)
[WARN] picture is too late to be displayed (missing 51 ms)
[WARN] picture is too late to be displayed (missing 46 ms)
[WARN] picture is too late to be displayed (missing 47 ms)
[WARN] picture is too late to be displayed (missing 47 ms)
[WARN] picture is too late to be displayed (missing 48 ms)
[WARN] picture is too late to be displayed (missing 48 ms)
[WARN] picture is too late to be displayed (missing 51 ms)
[WARN] picture is too late to be displayed (missing 46 ms)
[WARN] picture is too late to be displayed (missing 51 ms)
[WARN] picture is too late to be displayed (missing 48 ms)
[WARN] picture is too late to be displayed (missing 50 ms)
[WARN] picture is too late to be displayed (missing 48 ms)
[WARN] picture is too late to be displayed (missing 50 ms)
[WARN] picture is too late to be displayed (missing 50 ms)
[WARN] picture is too late to be displayed (missing 50 ms)
[WARN] picture is too late to be displayed (missing 48 ms)
[WARN] picture is too late to be displayed (missing 50 ms)
[WARN] picture is too late to be displayed (missing 51 ms)
[WARN] picture is too late to be displayed (missing 50 ms)
[WARN] picture is too late to be displayed (missing 49 ms)
[WARN] picture is too late to be displayed (missing 50 ms)
[WARN] picture is too late to be displayed (missing 50 ms)
[WARN] picture is too late to be displayed (missing 45 ms)
[WARN] picture is too late to be displayed (missing 51 ms)
[WARN] picture is too late to be displayed (missing 48 ms)
[WARN] picture is too late to be displayed (missing 51 ms)
[WARN] picture is too late to be displayed (missing 50 ms)
[WARN] picture is too late to be displayed (missing 48 ms)
[WARN] picture is too late to be displayed (missing 50 ms)
[WARN] picture is too late to be displayed (missing 47 ms)
[WARN] picture is too late to be displayed (missing 47 ms)
[WARN] picture is too late to be displayed (missing 49 ms)
[WARN] picture is too late to be displayed (missing 48 ms)
[WARN] picture is too late to be displayed (missing 50 ms)
[WARN] picture is too late to be displayed (missing 51 ms)
[WARN] picture is too late to be displayed (missing 50 ms)
[WARN] picture is too late to be displayed (missing 52 ms)
[WARN] picture is too late to be displayed (missing 50 ms)
[WARN] picture is too late to be displayed (missing 51 ms)
[WARN] picture is too late to be displayed (missing 50 ms)
[WARN] picture is too late to be displayed (missing 49 ms)
[WARN] picture is too late to be displayed (missing 50 ms)
[WARN] picture is too late to be displayed (missing 51 ms)
[WARN] picture is too late to be displayed (missing 47 ms)
[WARN] picture is too late to be displayed (missing 49 ms)
[WARN] picture is too late to be displayed (missing 50 ms)
[WARN] picture is too late to be displayed (missing 48 ms)
[WARN] picture is too late to be displayed (missing 47 ms)
[WARN] picture is too late to be displayed (missing 51 ms)
[WARN] picture is too late to be displayed (missing 50 ms)
[WARN] picture is too late to be displayed (missing 49 ms)
[WARN] picture is too late to be displayed (missing 48 ms)
[WARN] picture is too late to be displayed (missing 50 ms)
[WARN] picture is too late to be displayed (missing 48 ms)
[WARN] picture is too late to be displayed (missing 50 ms)
[WARN] picture is too late to be displayed (missing 48 ms)
[WARN] picture is too late to be displayed (missing 49 ms)
[WARN] picture is too late to be displayed (missing 51 ms)
[WARN] picture is too late to be displayed (missing 50 ms)
[WARN] picture is too late to be displayed (missing 48 ms)
[WARN] picture is too late to be displayed (missing 50 ms)
[WARN] picture is too late to be displayed (missing 48 ms)
[WARN] picture is too late to be displayed (missing 46 ms)
[WARN] picture is too late to be displayed (missing 51 ms)
[WARN] picture is too late to be displayed (missing 48 ms)
[WARN] picture is too late to be displayed (missing 48 ms)
[WARN] picture is too late to be displayed (missing 50 ms)
[WARN] picture is too late to be displayed (missing 51 ms)
[WARN] picture is too late to be displayed (missing 48 ms)
[WARN] picture is too late to be displayed (missing 51 ms)
[WARN] picture is too late to be displayed (missing 46 ms)
[WARN] picture is too late to be displayed (missing 47 ms)
[WARN] picture is too late to be displayed (missing 50 ms)
[WARN] picture is too late to be displayed (missing 51 ms)
[WARN] picture is too late to be displayed (missing 50 ms)
[WARN] picture is too late to be displayed (missing 46 ms)
[WARN] picture is too late to be displayed (missing 50 ms)
[WARN] picture is too late to be displayed (missing 48 ms)
[WARN] picture is too late to be displayed (missing 48 ms)
[WARN] picture is too late to be displayed (missing 50 ms)
[WARN] picture is too late to be displayed (missing 49 ms)
[WARN] picture is too late to be displayed (missing 50 ms)
[WARN] picture is too late to be displayed (missing 49 ms)
[WARN] picture is too late to be displayed (missing 47 ms)
[WARN] picture is too late to be displayed (missing 46 ms)
[WARN] picture is too late to be displayed (missing 47 ms)
[WARN] picture is too late to be displayed (missing 49 ms)
[WARN] picture is too late to be displayed (missing 50 ms)
[WARN] picture is too late to be displayed (missing 50 ms)
[WARN] picture is too late to be displayed (missing 47 ms)
[WARN] picture is too late to be displayed (missing 50 ms)
[WARN] picture is too late to be displayed (missing 50 ms)
[WARN] picture is too late to be displayed (missing 50 ms)
[WARN] picture is too late to be displayed (missing 51 ms)
[WARN] picture is too late to be displayed (missing 50 ms)
[WARN] picture is too late to be displayed (missing 47 ms)
[WARN] picture is too late to be displayed (missing 50 ms)
[WARN] picture is too late to be displayed (missing 50 ms)
[WARN] picture is too late to be displayed (missing 45 ms)
[WARN] picture is too late to be displayed (missing 51 ms)
[WARN] picture is too late to be displayed (missing 50 ms)
[WARN] picture is too late to be displayed (missing 47 ms)
[WARN] picture is too late to be displayed (missing 50 ms)
[WARN] picture is too late to be displayed (missing 51 ms)
[WARN] picture is too late to be displayed (missing 51 ms)
[WARN] picture is too late to be displayed (missing 51 ms)
[WARN] picture is too late to be displayed (missing 50 ms)
[WARN] picture is too late to be displayed (missing 50 ms)
[WARN] picture is too late to be displayed (missing 49 ms)
[WARN] picture is too late to be displayed (missing 51 ms)
[WARN] picture is too late to be displayed (missing 48 ms)
[WARN] picture is too late to be displayed (missing 51 ms)
[WARN] picture is too late to be displayed (missing 50 ms)
[WARN] picture is too late to be displayed (missing 51 ms)
[WARN] picture is too late to be displayed (missing 48 ms)
[WARN] picture is too late to be displayed (missing 45 ms)
[WARN] picture is too late to be displayed (missing 46 ms)
[WARN] picture is too late to be displayed (missing 51 ms)
[WARN] picture is too late to be displayed (missing 51 ms)
[WARN] picture is too late to be displayed (missing 48 ms)
[WARN] picture is too late to be displayed (missing 46 ms)
[WARN] picture is too late to be displayed (missing 49 ms)
[WARN] picture is too late to be displayed (missing 50 ms)
[WARN] picture is too late to be displayed (missing 46 ms)
[WARN] picture is too late to be displayed (missing 51 ms)
[WARN] picture is too late to be displayed (missing 48 ms)
[WARN] picture is too late to be displayed (missing 51 ms)
[WARN] picture is too late to be displayed (missing 49 ms)
[WARN] picture is too late to be displayed (missing 50 ms)
[WARN] picture is too late to be displayed (missing 51 ms)
[WARN] picture is too late to be displayed (missing 50 ms)
[WARN] picture is too late to be displayed (missing 51 ms)
[WARN] picture is too late to be displayed (missing 49 ms)
[WARN] picture is too late to be displayed (missing 47 ms)
[WARN] picture is too late to be displayed (missing 47 ms)
[WARN] picture is too late to be displayed (missing 47 ms)
[WARN] picture is too late to be displayed (missing 51 ms)
[WARN] picture is too late to be displayed (missing 47 ms)
[WARN] picture is too late to be displayed (missing 47 ms)
[WARN] picture is too late to be displayed (missing 50 ms)
[WARN] picture is too late to be displayed (missing 51 ms)
[WARN] picture is too late to be displayed (missing 47 ms)
[WARN] picture is too late to be displayed (missing 51 ms)
[WARN] picture is too late to be displayed (missing 47 ms)
[WARN] picture is too late to be displayed (missing 51 ms)
[WARN] picture is too late to be displayed (missing 50 ms)
[WARN] picture is too late to be displayed (missing 51 ms)
[WARN] picture is too late to be displayed (missing 51 ms)
[WARN] picture is too late to be displayed (missing 51 ms)
[WARN] picture is too late to be displayed (missing 50 ms)
[WARN] picture is too late to be displayed (missing 50 ms)
[WARN] picture is too late to be displayed (missing 50 ms)
[WARN] picture is too late to be displayed (missing 51 ms)
[WARN] picture is too late to be displayed (missing 47 ms)
[WARN] picture is too late to be displayed (missing 48 ms)
[WARN] picture is too late to be displayed (missing 47 ms)
[WARN] picture is too late to be displayed (missing 47 ms)
[WARN] picture is too late to be displayed (missing 50 ms)
[WARN] picture is too late to be displayed (missing 49 ms)
[WARN] picture is too late to be displayed (missing 50 ms)
[WARN] picture is too late to be displayed (missing 47 ms)
[WARN] picture is too late to be displayed (missing 50 ms)
[WARN] picture is too late to be displayed (missing 51 ms)
[WARN] picture is too late to be displayed (missing 48 ms)
[WARN] picture is too late to be displayed (missing 51 ms)
[WARN] picture is too late to be displayed (missing 50 ms)
[WARN] picture is too late to be displayed (missing 49 ms)
[WARN] picture is too late to be displayed (missing 49 ms)
[WARN] picture is too late to be displayed (missing 50 ms)
[WARN] picture is too late to be displayed (missing 46 ms)
[WARN] picture is too late to be displayed (missing 51 ms)
[WARN] picture is too late to be displayed (missing 50 ms)
[WARN] picture is too late to be displayed (missing 50 ms)
[WARN] picture is too late to be displayed (missing 47 ms)
[WARN] picture is too late to be displayed (missing 50 ms)
[WARN] picture is too late to be displayed (missing 48 ms)
[WARN] picture is too late to be displayed (missing 48 ms)
[WARN] picture is too late to be displayed (missing 49 ms)
[WARN] picture is too late to be displayed (missing 50 ms)
[WARN] picture is too late to be displayed (missing 50 ms)
[WARN] picture is too late to be displayed (missing 46 ms)
[WARN] picture is too late to be displayed (missing 51 ms)
[WARN] picture is too late to be displayed (missing 50 ms)
[WARN] picture is too late to be displayed (missing 46 ms)
[WARN] picture is too late to be displayed (missing 50 ms)
[WARN] picture is too late to be displayed (missing 48 ms)
[WARN] picture is too late to be displayed (missing 50 ms)
[WARN] picture is too late to be displayed (missing 50 ms)
[WARN] picture is too late to be displayed (missing 49 ms)
[WARN] picture is too late to be displayed (missing 46 ms)
[WARN] picture is too late to be displayed (missing 46 ms)
[WARN] picture is too late to be displayed (missing 51 ms)
[WARN] picture is too late to be displayed (missing 46 ms)
[WARN] picture is too late to be displayed (missing 51 ms)
[WARN] picture is too late to be displayed (missing 45 ms)
[WARN] picture is too late to be displayed (missing 47 ms)
[WARN] picture is too late to be displayed (missing 45 ms)
[WARN] picture is too late to be displayed (missing 51 ms)
[WARN] picture is too late to be displayed (missing 50 ms)
[WARN] picture is too late to be displayed (missing 48 ms)
[WARN] picture is too late to be displayed (missing 48 ms)
[WARN] picture is too late to be displayed (missing 47 ms)
[WARN] picture is too late to be displayed (missing 50 ms)
[WARN] picture is too late to be displayed (missing 46 ms)
[WARN] picture is too late to be displayed (missing 49 ms)
[WARN] picture is too late to be displayed (missing 50 ms)
[WARN] picture is too late to be displayed (missing 45 ms)
[WARN] picture is too late to be displayed (missing 50 ms)
[WARN] picture is too late to be displayed (missing 50 ms)
[WARN] picture is too late to be displayed (missing 50 ms)
[WARN] picture is too late to be displayed (missing 46 ms)
[WARN] picture is too late to be displayed (missing 47 ms)
[WARN] picture is too late to be displayed (missing 50 ms)
[WARN] picture is too late to be displayed (missing 46 ms)
[WARN] picture is too late to be displayed (missing 48 ms)
[WARN] picture is too late to be displayed (missing 51 ms)
[WARN] picture is too late to be displayed (missing 46 ms)
[WARN] picture is too late to be displayed (missing 49 ms)
[WARN] picture is too late to be displayed (missing 50 ms)
[WARN] picture is too late to be displayed (missing 49 ms)
[WARN] picture is too late to be displayed (missing 48 ms)
[WARN] picture is too late to be displayed (missing 46 ms)
[WARN] picture is too late to be displayed (missing 50 ms)
[WARN] picture is too late to be displayed (missing 51 ms)
[WARN] picture is too late to be displayed (missing 48 ms)
[WARN] picture is too late to be displayed (missing 50 ms)
[WARN] picture is too late to be displayed (missing 47 ms)
10:19:23.200 AM [player] dismiss at 568537 ms, state Playing
10:19:23.201 AM [player] state Stopping at 568649 ms
[DBG] killing decoder fourcc `hevc'
[DBG] removing "video decoder" module "videotoolbox"
[DBG] saving a free vout
[DBG] ES track unselected: 'video/1' (fourcc: 'hevc')
10:19:23.210 AM [player] track selected type=1 selected= unselected=video/1
[DBG] killing decoder fourcc `mlpa'
[DBG] removing "audio decoder" module "avcodec"
[DBG] removing "audio packetizer" module "mlp"
[DBG] removing "audio resampler" module "soxr"
[DBG] removing "audio converter" module "audio_format"
[DBG] removing "audio filter" module "scaletempo"
[DBG] removing "audio volume" module "float_mixer"
[DBG] keeping audio output
[DBG] ES track unselected: 'audio/2' (fourcc: 'mlpa')
[DBG] removing "demux" module "mkv"
10:19:23.333 AM [player] track selected type=0 selected= unselected=audio/2
[DBG] ES track deleted: 'video/1' (fourcc: 'hevc')
[DBG] ES track deleted: 'audio/2' (fourcc: 'mlpa')
[DBG] ES track deleted: 'audio/3' (fourcc: 'a52 ')
[DBG] ES track deleted: 'audio/4' (fourcc: 'a52 ')
[DBG] ES track deleted: 'spu/5' (fourcc: 'bdpg')
[DBG] Program doesn't contain anymore ES
[DBG] removing "stream_filter" module "record"
[DBG] removing "stream_filter" module "prefetch"
[DBG] removing "access" module "http"
[DBG] connection failed
[DBG] stop free vout
10:19:23.334 AM [player] state Stopped at 568649 ms
