10:20:15.860 AM [player] request Wonder Woman — Wonder Woman (2017).mkv · 4K HDR · TrueHD 7.1 — http://192.168.1.250:8093/stream/4
10:20:15.860 AM [player] file Movies/Wonder Woman/Wonder Woman (2017).mkv 3840x2160 hdr=true video=hevc Main 10 audio=truehd 7.1, ac3 5.1(side), ac3 5.1(side)
[DBG] Creating an input for playback'4'
10:20:15.871 AM [player] play() called
[DBG] using timeshift granularity of 50 MiB
[DBG] using default timeshift path
[DBG] `http://192.168.1.250:8093/stream/4' gives access `http' demux `mkv_trusted' path `192.168.1.250:8093/stream/4'
[DBG] creating access: http://192.168.1.250:8093/stream/4
[DBG] looking for access module matching "http": 2 candidates
[DBG] looking for keystore module matching "any": 1 candidates
[DBG] using keystore module "keychain"
[DBG] Lookup keychain entry for server 192.168.1.250
[WARN] lookup failed (-25300: 'Item not found')
[DBG] resolving 192.168.1.250 ...
[DBG] outgoing request:
GET /stream/4 HTTP/1.1
Host: 192.168.1.250:8093
Accept: */*
Accept-Language: en_US
User-Agent: VLC/4.0.0-dev LibVLC/4.0.0-dev
Range: bytes=0-


10:20:15.884 AM [player] state Opening at 0 ms
10:20:15.884 AM [player] buffering 0.0
[DBG] incoming response:
HTTP/1.1 206 Partial Content
Accept-Ranges: bytes
Content-Length: 58483322537
Content-Range: bytes 0-58483322536/58483322537
Content-Type: video/x-matroska
Last-Modified: Sat, 18 Jul 2026 03:52:34 GMT
Date: Mon, 14 Sep 2026 14:20:15 GMT


[DBG] removing "keystore" module "keychain"
[DBG] using access module "http"
[DBG] looking for stream_filter module matching "prefetch,cache": 2 candidates
[DBG] using 16777216 bytes buffer
[DBG] using stream_filter module "prefetch"
[DBG] looking for stream_filter module matching "any": 4 candidates
[DBG] no stream_filter modules matched with name any
[DBG] looking for stream_directory module matching "any": 0 candidates
[DBG] no stream_directory modules matched with name any
[DBG] attachment of directory-extractor failed for http://192.168.1.250:8093/stream/4
[DBG] looking for stream_filter module matching "record": 1 candidates
[DBG] using stream_filter module "record"
[DBG] creating demux "mkv_trusted", URL: http://192.168.1.250:8093/stream/4, path: (null)
[DBG] looking for demux module matching "mkv_trusted": 1 candidates
[DBG] |   + Seek head
[DBG] |   - info at 1207
[DBG] |   + Information
[DBG] |   |   + TimecodeScale=1000000
[DBG] |   |   + Muxing Application=libmakemkv v1.18.4 (1.3.10/1.5.2) darwin(arm64-release)
[DBG] |   |   + Writing Application=MakeMKV v1.18.4 darwin(arm64-release)
[DBG] |   |   + Duration=8476217
[DBG] |   |   + Title=Wonder Woman
[DBG] |   |   + Date=Sat Jul 18 02:53:09 2026
[DBG] |   |   + UID=eeb254af3d3f42f7
[DBG] |   - tracks at 1370
[DBG] |   + Tracks
[DBG] |   |   + Track Entry
[DBG] |   |   |   + Track Number=1
[DBG] |   |   |   + Track UID=1
[DBG] |   |   |   + Track Type=video
[DBG] |   |   |   + Track Default=0
[DBG] |   |   |   + Track Lacing=0
[DBG] |   |   |   + Track MinCache=1
[DBG] |   |   |   + Track CodecId=V_MPEGH/ISO/HEVC
[DBG] |   |   |   + Track CodecPrivate size=140
[DBG] |   |   |   + Track Default Duration=41708
[DBG] |   |   |   + Track Video
[DBG] |   |   |   |   + width=3840
[DBG] |   |   |   |   + height=2160
[DBG] |   |   |   |   + display width=3840
[DBG] |   |   |   |   + display height=2160
[DBG] |   |   + Track Entry
[DBG] |   |   |   + Track Number=2
[DBG] |   |   |   + Track UID=2
[DBG] |   |   |   + Track Type=audio
[DBG] |   |   |   + Track Default=1
[DBG] |   |   |   + Track Lacing=1
[DBG] |   |   |   + Track CodecId=A_TRUEHD
[DBG] |   |   |   + Track Language=`eng'
[DBG] |   |   |   + Track Default Duration=833
[DBG] |   |   |   + Track Name=Surround 7.1
[DBG] |   |   |   + Track Audio
[DBG] |   |   |   |   + afreq=48000
[DBG] |   |   |   |   + achan=8
[DBG] |   |   |   |   + abits=24
[DBG] |   |   + Track Entry
[DBG] |   |   |   + Track Number=3
[DBG] |   |   |   + Track UID=3
[DBG] |   |   |   + Track Type=audio
[DBG] |   |   |   + Track Default=0
[DBG] |   |   |   + Track Lacing=1
[DBG] |   |   |   + Track CodecId=A_AC3
[DBG] |   |   |   + Track Language=`eng'
[DBG] |   |   |   + Track Default Duration=32000
[DBG] |   |   |   + Track Name=Surround 5.1
[DBG] |   |   |   + Track Audio
[DBG] |   |   |   |   + afreq=48000
[DBG] |   |   |   |   + achan=6
[DBG] |   |   + Track Entry
[DBG] |   |   |   + Track Number=4
[DBG] |   |   |   + Track UID=4
[DBG] |   |   |   + Track Type=audio
[DBG] |   |   |   + Track Default=0
[DBG] |   |   |   + Track Lacing=1
[DBG] |   |   |   + Track CodecId=A_AC3
[DBG] |   |   |   + Track Language=`eng'
[DBG] |   |   |   + Track Default Duration=32000
[DBG] |   |   |   + Track Name=Surround 5.1
[DBG] |   |   |   + Track Audio
[DBG] |   |   |   |   + afreq=48000
[DBG] |   |   |   |   + achan=6
[DBG] |   |   + Track Entry
[DBG] |   |   |   + Track Number=5
[DBG] |   |   |   + Track UID=5
[DBG] |   |   |   + Track Type=subtitle
[DBG] |   |   |   + Track Default=0
[DBG] |   |   |   + Track Lacing=0
[DBG] |   |   |   + Track CodecId=S_HDMV/PGS
[DBG] |   |   |   + Track Language=`eng'
[DBG] |   - cues at 58483154136
[DBG] resolving 192.168.1.250 ...
[DBG] outgoing request:
GET /stream/4 HTTP/1.1
Host: 192.168.1.250:8093
Accept: */*
Accept-Language: en_US
User-Agent: VLC/4.0.0-dev LibVLC/4.0.0-dev
If-Unmodified-Since: Sat, 18 Jul 2026 03:52:34 GMT
Range: bytes=58483154136-


[DBG] incoming response:
HTTP/1.1 206 Partial Content
Accept-Ranges: bytes
Content-Length: 168401
Content-Range: bytes 58483154136-58483322536/58483322537
Content-Type: video/x-matroska
Last-Modified: Sat, 18 Jul 2026 03:52:34 GMT
Date: Mon, 14 Sep 2026 14:20:15 GMT


[DBG] connection failed
[DBG] |   + Cues
[DBG] end of stream
[DBG] |   - loading cues done.
[DBG] resolving 192.168.1.250 ...
[DBG] outgoing request:
GET /stream/4 HTTP/1.1
Host: 192.168.1.250:8093
Accept: */*
Accept-Language: en_US
User-Agent: VLC/4.0.0-dev LibVLC/4.0.0-dev
If-Unmodified-Since: Sat, 18 Jul 2026 03:52:34 GMT
Range: bytes=123-


[DBG] incoming response:
HTTP/1.1 206 Partial Content
Accept-Ranges: bytes
Content-Length: 58483322414
Content-Range: bytes 123-58483322536/58483322537
Content-Type: video/x-matroska
Last-Modified: Sat, 18 Jul 2026 03:52:34 GMT
Date: Mon, 14 Sep 2026 14:20:15 GMT


[DBG] |   - chapters at 1867
[DBG] |   + Chapters
[DBG] |   |   |   + ChapterAtom (level=0)
[DBG] |   |   |   |   + ChapterUID=51a2015c4c6a68bf
[DBG] |   |   |   |   + ChapterTimeStart=0
[DBG] |   |   |   |   + ChapterFlagHidden=no
[DBG] |   |   |   |   + ChapterTimeEnd=626876250
[DBG] |   |   |   |   + ChapterDisplay
[DBG] |   |   |   |   |   + ChapterString=Chapter 01
[DBG] |   |   |   |   |   + ChapterLanguage=eng
[DBG] |   |   |   + ChapterAtom (level=0)
[DBG] |   |   |   |   + ChapterUID=c4fa5d8dea3aa499
[DBG] |   |   |   |   + ChapterTimeStart=626876250
[DBG] |   |   |   |   + ChapterFlagHidden=no
[DBG] |   |   |   |   + ChapterTimeEnd=1392182458
[DBG] |   |   |   |   + ChapterDisplay
[DBG] |   |   |   |   |   + ChapterString=Chapter 02
[DBG] |   |   |   |   |   + ChapterLanguage=eng
[DBG] |   |   |   + ChapterAtom (level=0)
[DBG] |   |   |   |   + ChapterUID=c7b4812d013bd5f5
[DBG] |   |   |   |   + ChapterTimeStart=1392182458
[DBG] |   |   |   |   + ChapterFlagHidden=no
[DBG] |   |   |   |   + ChapterTimeEnd=1990488500
[DBG] |   |   |   |   + ChapterDisplay
[DBG] |   |   |   |   |   + ChapterString=Chapter 03
[DBG] |   |   |   |   |   + ChapterLanguage=eng
[DBG] |   |   |   + ChapterAtom (level=0)
[DBG] |   |   |   |   + ChapterUID=e8e45c9bd8dc3ec3
[DBG] |   |   |   |   + ChapterTimeStart=1990488500
[DBG] |   |   |   |   + ChapterFlagHidden=no
[DBG] |   |   |   |   + ChapterTimeEnd=2635132500
[DBG] |   |   |   |   + ChapterDisplay
[DBG] |   |   |   |   |   + ChapterString=Chapter 04
[DBG] |   |   |   |   |   + ChapterLanguage=eng
[DBG] |   |   |   + ChapterAtom (level=0)
[DBG] |   |   |   |   + ChapterUID=3403ecb3e4626f89
[DBG] |   |   |   |   + ChapterTimeStart=2635132500
[DBG] |   |   |   |   + ChapterFlagHidden=no
[DBG] |   |   |   |   + ChapterTimeEnd=3265553958
[DBG] |   |   |   |   + ChapterDisplay
[DBG] |   |   |   |   |   + ChapterString=Chapter 05
[DBG] |   |   |   |   |   + ChapterLanguage=eng
[DBG] |   |   |   + ChapterAtom (level=0)
[DBG] |   |   |   |   + ChapterUID=41cdff1db36ec6c8
[DBG] |   |   |   |   + ChapterTimeStart=3265553958
[DBG] |   |   |   |   + ChapterFlagHidden=no
[DBG] |   |   |   |   + ChapterTimeEnd=4057928875
[DBG] |   |   |   |   + ChapterDisplay
[DBG] |   |   |   |   |   + ChapterString=Chapter 06
[DBG] |   |   |   |   |   + ChapterLanguage=eng
[DBG] |   |   |   + ChapterAtom (level=0)
[DBG] |   |   |   |   + ChapterUID=f3c45d12ce17a665
[DBG] |   |   |   |   + ChapterTimeStart=4057928875
[DBG] |   |   |   |   + ChapterFlagHidden=no
[DBG] |   |   |   |   + ChapterTimeEnd=4949903291
[DBG] |   |   |   |   + ChapterDisplay
[DBG] |   |   |   |   |   + ChapterString=Chapter 07
[DBG] |   |   |   |   |   + ChapterLanguage=eng
[DBG] |   |   |   + ChapterAtom (level=0)
[DBG] |   |   |   |   + ChapterUID=13535fb7c0c22a51
[DBG] |   |   |   |   + ChapterTimeStart=4949903291
[DBG] |   |   |   |   + ChapterFlagHidden=no
[DBG] |   |   |   |   + ChapterTimeEnd=5642845541
[DBG] |   |   |   |   + ChapterDisplay
[DBG] |   |   |   |   |   + ChapterString=Chapter 08
[DBG] |   |   |   |   |   + ChapterLanguage=eng
[DBG] |   |   |   + ChapterAtom (level=0)
[DBG] |   |   |   |   + ChapterUID=dd56efa8c1a99720
[DBG] |   |   |   |   + ChapterTimeStart=5642845541
[DBG] |   |   |   |   + ChapterFlagHidden=no
[DBG] |   |   |   |   + ChapterTimeEnd=6337873208
[DBG] |   |   |   |   + ChapterDisplay
[DBG] |   |   |   |   |   + ChapterString=Chapter 09
[DBG] |   |   |   |   |   + ChapterLanguage=eng
[DBG] |   |   |   + ChapterAtom (level=0)
[DBG] |   |   |   |   + ChapterUID=d8355c87bf2c7226
[DBG] |   |   |   |   + ChapterTimeStart=6337873208
[DBG] |   |   |   |   + ChapterFlagHidden=no
[DBG] |   |   |   |   + ChapterTimeEnd=7063556500
[DBG] |   |   |   |   + ChapterDisplay
[DBG] |   |   |   |   |   + ChapterString=Chapter 10
[DBG] |   |   |   |   |   + ChapterLanguage=eng
[DBG] |   |   |   + ChapterAtom (level=0)
[DBG] |   |   |   |   + ChapterUID=b9e58f4978c89894
[DBG] |   |   |   |   + ChapterTimeStart=7063556500
[DBG] |   |   |   |   + ChapterFlagHidden=no
[DBG] |   |   |   |   + ChapterTimeEnd=7841416916
[DBG] |   |   |   |   + ChapterDisplay
[DBG] |   |   |   |   |   + ChapterString=Chapter 11
[DBG] |   |   |   |   |   + ChapterLanguage=eng
[DBG] |   |   |   + ChapterAtom (level=0)
[DBG] |   |   |   |   + ChapterUID=7ec30063235a7997
[DBG] |   |   |   |   + ChapterTimeStart=7841416916
[DBG] |   |   |   |   + ChapterFlagHidden=no
[DBG] |   |   |   |   + ChapterTimeEnd=8476217750
[DBG] |   |   |   |   + ChapterDisplay
[DBG] |   |   |   |   |   + ChapterString=Chapter 12
[DBG] |   |   |   |   |   + ChapterLanguage=eng
[DBG] |   - tags at 58483320462
[DBG] resolving 192.168.1.250 ...
[DBG] outgoing request:
GET /stream/4 HTTP/1.1
Host: 192.168.1.250:8093
Accept: */*
Accept-Language: en_US
User-Agent: VLC/4.0.0-dev LibVLC/4.0.0-dev
If-Unmodified-Since: Sat, 18 Jul 2026 03:52:34 GMT
Range: bytes=58483320462-


[DBG] incoming response:
HTTP/1.1 206 Partial Content
Accept-Ranges: bytes
Content-Length: 2075
Content-Range: bytes 58483320462-58483322536/58483322537
Content-Type: video/x-matroska
Last-Modified: Sat, 18 Jul 2026 03:52:34 GMT
Date: Mon, 14 Sep 2026 14:20:16 GMT


[DBG] connection failed
[DBG] end of stream
[DBG] |   + Tags
[DBG] + Tag
[DBG] |   + Targets
[DBG] |   |   + TrackUID: 1
[DBG] |   |   + TargetType: MOVIE
[DBG] |   + Simple Tag 
[DBG] |   |   + Meta BPS: 49979184
[DBG] |   + Simple Tag 
[DBG] |   |   + Meta DURATION: 02:21:16.217750000
[DBG] |   + Simple Tag 
[DBG] |   |   + Meta NUMBER_OF_FRAMES: 203226
[DBG] |   + Simple Tag 
[DBG] |   |   + Meta NUMBER_OF_BYTES: 52954301233
[DBG] |   + Simple Tag 
[DBG] |   |   + Meta SOURCE_ID: 001011
[DBG] |   + Simple Tag 
[DBG] |   |   + Meta _STATISTICS_WRITING_APP: MakeMKV v1.18.4 darwin(arm64-release)
[DBG] |   + Simple Tag 
[DBG] |   |   + Meta _STATISTICS_WRITING_DATE_UTC: 2026-07-18 02:53:09
[DBG] |   + Simple Tag 
[DBG] |   |   + Meta _STATISTICS_TAGS: BPS DURATION NUMBER_OF_FRAMES NUMBER_OF_BYTES SOURCE_ID
[DBG] + Tag
[DBG] |   + Targets
[DBG] |   |   + TrackUID: 2
[DBG] |   |   + TargetType: MOVIE
[DBG] |   + Simple Tag 
[DBG] |   |   + Meta BPS: 4278858
[DBG] |   + Simple Tag 
[DBG] |   |   + Meta DURATION: 02:21:16.217500000
[DBG] |   + Simple Tag 
[DBG] |   |   + Meta NUMBER_OF_FRAMES: 10171461
[DBG] |   + Simple Tag 
[DBG] |   |   + Meta NUMBER_OF_BYTES: 4533566668
[DBG] |   + Simple Tag 
[DBG] |   |   + Meta SOURCE_ID: 001100
[DBG] |   + Simple Tag 
[DBG] |   |   + Meta _STATISTICS_WRITING_APP: MakeMKV v1.18.4 darwin(arm64-release)
[DBG] |   + Simple Tag 
[DBG] |   |   + Meta _STATISTICS_WRITING_DATE_UTC: 2026-07-18 02:53:09
[DBG] |   + Simple Tag 
[DBG] |   |   + Meta _STATISTICS_TAGS: BPS DURATION NUMBER_OF_FRAMES NUMBER_OF_BYTES SOURCE_ID
[DBG] + Tag
[DBG] |   + Targets
[DBG] |   |   + TrackUID: 3
[DBG] |   |   + TargetType: MOVIE
[DBG] |   + Simple Tag 
[DBG] |   |   + Meta BPS: 448000
[DBG] |   + Simple Tag 
[DBG] |   |   + Meta DURATION: 02:21:16.224000000
[DBG] |   + Simple Tag 
[DBG] |   |   + Meta NUMBER_OF_FRAMES: 264882
[DBG] |   + Simple Tag 
[DBG] |   |   + Meta NUMBER_OF_BYTES: 474668544
[DBG] |   + Simple Tag 
[DBG] |   |   + Meta SOURCE_ID: 001100
[DBG] |   + Simple Tag 
[DBG] |   |   + Meta _STATISTICS_WRITING_APP: MakeMKV v1.18.4 darwin(arm64-release)
[DBG] |   + Simple Tag 
[DBG] |   |   + Meta _STATISTICS_WRITING_DATE_UTC: 2026-07-18 02:53:09
[DBG] |   + Simple Tag 
[DBG] |   |   + Meta _STATISTICS_TAGS: BPS DURATION NUMBER_OF_FRAMES NUMBER_OF_BYTES SOURCE_ID
[DBG] + Tag
[DBG] |   + Targets
[DBG] |   |   + TrackUID: 4
[DBG] |   |   + TargetType: MOVIE
[DBG] |   + Simple Tag 
[DBG] |   |   + Meta BPS: 448000
[DBG] |   + Simple Tag 
[DBG] |   |   + Meta DURATION: 02:21:16.224000000
[DBG] |   + Simple Tag 
[DBG] |   |   + Meta NUMBER_OF_FRAMES: 264882
[DBG] |   + Simple Tag 
[DBG] |   |   + Meta NUMBER_OF_BYTES: 474668544
[DBG] |   + Simple Tag 
[DBG] |   |   + Meta SOURCE_ID: 001101
[DBG] |   + Simple Tag 
[DBG] |   |   + Meta _STATISTICS_WRITING_APP: MakeMKV v1.18.4 darwin(arm64-release)
[DBG] |   + Simple Tag 
[DBG] |   |   + Meta _STATISTICS_WRITING_DATE_UTC: 2026-07-18 02:53:09
[DBG] |   + Simple Tag 
[DBG] |   |   + Meta _STATISTICS_TAGS: BPS DURATION NUMBER_OF_FRAMES NUMBER_OF_BYTES SOURCE_ID
[DBG] + Tag
[DBG] |   + Targets
[DBG] |   |   + TrackUID: 5
[DBG] |   |   + TargetType: MOVIE
[DBG] |   + Simple Tag 
[DBG] |   |   + Meta BPS: 29579
[DBG] |   + Simple Tag 
[DBG] |   |   + Meta DURATION: 02:20:19.890645833
[DBG] |   + Simple Tag 
[DBG] |   |   + Meta NUMBER_OF_FRAMES: 3654
[DBG] |   + Simple Tag 
[DBG] |   |   + Meta NUMBER_OF_BYTES: 31131628
[DBG] |   + Simple Tag 
[DBG] |   |   + Meta SOURCE_ID: 0012A0
[DBG] |   + Simple Tag 
[DBG] |   |   + Meta _STATISTICS_WRITING_APP: MakeMKV v1.18.4 darwin(arm64-release)
[DBG] |   + Simple Tag 
[DBG] |   |   + Meta _STATISTICS_WRITING_DATE_UTC: 2026-07-18 02:53:09
[DBG] |   + Simple Tag 
[DBG] |   |   + Meta _STATISTICS_TAGS: BPS DURATION NUMBER_OF_FRAMES NUMBER_OF_BYTES SOURCE_ID
[DBG] loading tags done.
[DBG] resolving 192.168.1.250 ...
[DBG] outgoing request:
GET /stream/4 HTTP/1.1
Host: 192.168.1.250:8093
Accept: */*
Accept-Language: en_US
User-Agent: VLC/4.0.0-dev LibVLC/4.0.0-dev
If-Unmodified-Since: Sat, 18 Jul 2026 03:52:34 GMT
Range: bytes=183-


[DBG] incoming response:
HTTP/1.1 206 Partial Content
Accept-Ranges: bytes
Content-Length: 58483322354
Content-Range: bytes 183-58483322536/58483322537
Content-Type: video/x-matroska
Last-Modified: Sat, 18 Jul 2026 03:52:34 GMT
Date: Mon, 14 Sep 2026 14:20:16 GMT


[DBG] |   + Void
[DBG] |   + Information
[DBG] |   + Tracks
[DBG] |   + Chapters
[DBG] |   + Void
[DBG] |   + Cluster
[DBG] Virtual chapter  Chapter 01 from 0 to 626876250 - 
[DBG] Virtual chapter  Chapter 02 from 626876250 to 1392182458 - 
[DBG] Virtual chapter  Chapter 03 from 1392182458 to 1990488500 - 
[DBG] Virtual chapter  Chapter 04 from 1990488500 to 2635132500 - 
[DBG] Virtual chapter  Chapter 05 from 2635132500 to 3265553958 - 
[DBG] Virtual chapter  Chapter 06 from 3265553958 to 4057928875 - 
[DBG] Virtual chapter  Chapter 07 from 4057928875 to 4949903291 - 
[DBG] Virtual chapter  Chapter 08 from 4949903291 to 5642845541 - 
[DBG] Virtual chapter  Chapter 09 from 5642845541 to 6337873208 - 
[DBG] Virtual chapter  Chapter 10 from 6337873208 to 7063556500 - 
[DBG] Virtual chapter  Chapter 11 from 7063556500 to 7841416916 - 
[DBG] Virtual chapter  Chapter 12 from 7841416916 to 8476217750 - 
[DBG] Virtual chapter  from 0 to -1 - 
[DBG] NEW START CHAPTER uid=5882265559229950143
[DBG] found 5 es
[DBG] selecting program id=0
[DBG] ES track added: 'video/1' (fourcc: 'hevc')
[DBG] ES track added: 'audio/2' (fourcc: 'mlpa')
10:20:16.013 AM [player] track added video/1 type=1
[DBG] ES track added: 'audio/3' (fourcc: 'a52 ')
[DBG] ES track added: 'audio/4' (fourcc: 'a52 ')
[DBG] ES track added: 'spu/5' (fourcc: 'bdpg')
[DBG] seek: preroll{ track: 1, pts: 0, fpos: 3592 skip: 3592} 
[DBG] seek: preroll{ req: 1, start-pts: 1, start-fpos: 3592} 
10:20:16.014 AM [player] track added audio/2 type=0
[DBG] using demux module "mkv"
10:20:16.014 AM [player] track added audio/3 type=0
[DBG] looking for video decoder module matching "any": 14 candidates
10:20:16.014 AM [player] track added audio/4 type=0
10:20:16.014 AM [player] track added spu/5 type=2
10:20:16.014 AM [player] length 8476217 ms
[DBG] vout: none found
[DBG] vout change: decoder size
[DBG] vout change: visible size
[DBG] looking for text renderer module matching "freetype": 2 candidates
[DBG] using text renderer module "freetype"
[DBG] looking for video converter module matching "any": 13 candidates
[DBG] 32x32 (32x32) chroma: YUVA colorspace: Undefined -> 16x16 (16x16) chroma: RGBA colorspace: Undefined with scaling using Bicubic (good quality)
[DBG] using video converter module "swscale"
[DBG] looking for video converter module matching "any": 13 candidates
[DBG] YUVP to YUVA converter
[DBG] using video converter module "yuvp"
[DBG] Deinterlacing available
[DBG] deinterlace -1, mode auto, is_needed 0
[DBG] looking for vout window module matching "any": 2 candidates
[DBG] resized to 1920x1080
[DBG] using vout window module "uiview_window"
[DBG] looking for inhibit module matching "any": 1 candidates
[DBG] using inhibit module "uikit_inhibit"
[DBG] looking for decoder device module matching "any": 1 candidates
[DBG] using decoder device module "videotoolbox"
[DBG] new VPS parsed: 0
[DBG] new SPS parsed: 0
[DBG] new PPS parsed: 0
[WARN] forcing output chroma (kCVPixelFormatType): x420
[INF] Using Video Toolbox to decode 'hevc'
[DBG] using video decoder module "videotoolbox"
[DBG] ES track selected: 'video/1' (fourcc: 'hevc')
[DBG] looking for audio packetizer module matching "any": 11 candidates
[DBG] using audio packetizer module "mlp"
[DBG] looking for audio decoder module matching "any": 15 candidates
[DBG] reusing audio output
[ERR] too low audio sample frequency (0)
10:20:16.037 AM [player] track selected type=1 selected=video/1 unselected=
[DBG] keeping audio output
[DBG] using Lavc63.1.100
[DBG] CPU flags: 0x00062360
[DBG] codec (truehd) started
[DBG] using audio decoder module "avcodec"
[DBG] ES track selected: 'audio/2' (fourcc: 'mlpa')
[DBG] looking for meta reader module matching "any": 1 candidates
[DBG] no meta reader modules matched with name any
10:20:16.037 AM [player] track selected type=0 selected=audio/2 unselected=
[DBG] `http://192.168.1.250:8093/stream/4' successfully opened
10:20:16.037 AM [player] state Playing at 0 ms
[DBG] program(0): using clock source: 'audio'
10:20:16.037 AM [player] buffering 0.0
[DBG] Buffering 0%
[DBG] Buffering 4%
[DBG] Buffering 9%
[INF] MLP channels: 8 samplerate: 48000
[DBG] restarting module due to input format change
[DBG] 'decoder in/packetizer out' i_rate 0 / 48000
[DBG] 'decoder in/packetizer out' i_channels 0 / 8
[DBG] removing "audio decoder" module "avcodec"
[DBG] looking for audio decoder module matching "any": 15 candidates
[DBG] reusing audio output
[WARN] failed to start passthrough audio output, failing back to linear format
[DBG] keeping audio output
[DBG] using Lavc63.1.100
[DBG] CPU flags: 0x00062360
[DBG] codec (truehd) started
[DBG] using audio decoder module "avcodec"
[DBG] reusing audio output
[DBG] Buffering 16%
[DBG] Buffering 20%
[DBG] Buffering 29%
[DBG] Buffering 37%
[DBG] Buffering 41%
[DBG] Buffering 49%
[DBG] session accepted first frame 1
[DBG] Buffering 58%
[DBG] Buffering 62%
[DBG] Buffering 69%
[DBG] Buffering 79%
[DBG] Buffering 83%
[DBG] Buffering 89%
[DBG] Stream buffering done (1000 ms in 13 ms)
10:20:16.051 AM [player] buffering 1.0
[DBG] output chroma (kCVPixelFormatType): x420
[DBG] vout change: chroma
[DBG] requested window size: 3840x2160
[DBG] deinterlace -1, mode auto, is_needed 0
[DBG] Opening vout display wrapper
[DBG] looking for vout display module matching "any": 3 candidates
[DBG] using vout display module "samplebufferdisplay"
[DBG] original format sz 3840x2160, of (0,0), vsz 3840x2160, 4cc CVPP, sar 1:1, orient: normal
[DBG] removing "text renderer" module "freetype"
[DBG] looking for text renderer module matching "freetype": 2 candidates
[DBG] using text renderer module "freetype"
[DBG] requested window size: 3840x2160
[DBG] resetting projection_mode to 0
[DBG] setting projection_mode to 0
[DBG] Received first picture
[DBG] resized to 3840x2160
[DBG] Output on HDMI, channel count: 8
[DBG] swapping Surround and RearSurround channels for 7.1 Rear Surround
[DBG] VLC keeping the same input layout
[DBG] output 'f32l' 48000 Hz 3F2M2R/LFE frame=1 samples/32 bytes
[DBG] looking for audio volume module matching "any": 2 candidates
[DBG] using audio volume module "float_mixer"
[DBG] input 's32l' 48000 Hz 3F2M2R/LFE frame=1 samples/32 bytes
[DBG] looking for audio filter module matching "scaletempo": 1 candidates
[DBG] format: 48000 rate, 8 nch, 4 bps, fl32
[DBG] params: 30 stride, 0.200 overlap, 14 search
[DBG] 1.000 scale, 1440.000 stride_in, 1440 stride_out, 1152 standing, 288 overlap, 672 search, 2400 queue, fl32 mode
[DBG] using audio filter module "scaletempo"
[DBG] conversion: 's32l'->'f32l' 48000 Hz->48000 Hz 3F2M2R/LFE->3F2M2R/LFE
[DBG] looking for audio converter module matching "any": 8 candidates
[DBG] s32l->f32l, bits per sample: 32->32
[DBG] using audio converter module "audio_format"
[DBG] conversion pipeline complete
[DBG] conversion: 'f32l'->'f32l' 48000 Hz->48000 Hz 3F2M2R/LFE->3F2M2R/LFE
[DBG] conversion pipeline complete
[DBG] looking for audio resampler module matching "soxr": 2 candidates
[DBG] Using SoX Resampler with 'cr32s' engine and 'Medium 16-bit with medium roll-off' quality to convert f32l/48000Hz to f32l/48000Hz.
[DBG] using audio resampler module "soxr"
[DBG] Decoder wait done in 81 ms
[DBG] deferring start (86337 us)
[DBG] deferring start (81310 us)
[DBG] deferring start (80257 us)
[DBG] deferring start (79312 us)
[DBG] deferring start (78381 us)
[DBG] deferring start (77447 us)
[DBG] deferring start (76515 us)
[DBG] deferring start (75577 us)
[DBG] deferring start (74647 us)
[DBG] deferring start (73697 us)
[DBG] deferring start (74230 us)
[DBG] deferring start (73166 us)
[DBG] deferring start (73816 us)
[DBG] deferring start (72867 us)
[DBG] deferring start (73561 us)
[DBG] deferring start (72643 us)
[DBG] deferring start (73341 us)
[DBG] deferring start (72418 us)
[DBG] deferring start (73072 us)
[DBG] deferring start (72156 us)
[DBG] deferring start (72023 us)
[DBG] deferring start (79308 us)
[DBG] deferring start (78392 us)
[DBG] deferring start (77480 us)
[DBG] deferring start (76549 us)
[DBG] deferring start (75607 us)
[DBG] deferring start (74677 us)
[DBG] deferring start (73704 us)
[DBG] deferring start (72770 us)
[DBG] deferring start (71830 us)
[DBG] deferring start (70909 us)
[DBG] deferring start (70773 us)
[DBG] deferring start (73965 us)
[DBG] deferring start (73050 us)
[DBG] deferring start (72132 us)
[DBG] deferring start (71215 us)
[DBG] deferring start (70299 us)
[DBG] deferring start (75960 us)
[DBG] deferring start (75040 us)
[DBG] deferring start (74122 us)
[DBG] deferring start (73181 us)
[DBG] deferring start (72267 us)
[DBG] deferring start (71339 us)
[DBG] deferring start (70424 us)
[DBG] deferring start (69420 us)
[DBG] deferring start (69325 us)
[DBG] deferring start (69232 us)
[DBG] deferring start (69146 us)
[DBG] deferring start (69054 us)
[DBG] deferring start (68970 us)
[DBG] deferring start (68875 us)
[DBG] deferring start (68764 us)
[DBG] deferring start (68674 us)
[DBG] deferring start (68583 us)
[DBG] deferring start (68489 us)
[DBG] deferring start (68407 us)
[DBG] deferring start (68317 us)
[DBG] deferring start (69047 us)
[DBG] deferring start (68138 us)
[DBG] deferring start (68014 us)
[DBG] deferring start (67926 us)
[DBG] deferring start (67843 us)
[DBG] deferring start (67744 us)
[DBG] deferring start (67658 us)
[DBG] deferring start (67575 us)
[DBG] deferring start (67493 us)
[DBG] deferring start (67412 us)
[DBG] deferring start (67330 us)
[DBG] deferring start (67249 us)
[DBG] deferring start (67169 us)
[DBG] deferring start (67088 us)
[DBG] deferring start (67005 us)
[DBG] deferring start (66916 us)
[DBG] deferring start (66829 us)
[DBG] deferring start (66732 us)
[DBG] deferring start (66649 us)
[DBG] deferring start (66569 us)
[DBG] deferring start (66488 us)
[DBG] deferring start (66386 us)
[DBG] deferring start (71247 us)
[DBG] deferring start (70331 us)
[DBG] deferring start (69420 us)
[DBG] deferring start (68492 us)
[DBG] deferring start (67540 us)
[DBG] deferring start (66622 us)
[DBG] deferring start (65716 us)
[DBG] deferring start (65627 us)
[DBG] deferring start (65549 us)
[DBG] deferring start (65472 us)
[DBG] deferring start (65395 us)
[DBG] deferring start (65317 us)
[DBG] deferring start (65242 us)
[DBG] deferring start (65164 us)
[DBG] deferring start (65081 us)
[DBG] deferring start (65003 us)
[DBG] deferring start (64925 us)
[DBG] deferring start (64846 us)
[DBG] deferring start (64772 us)
[DBG] deferring start (64690 us)
[DBG] deferring start (65432 us)
[DBG] deferring start (64525 us)
[DBG] deferring start (64448 us)
[DBG] deferring start (64332 us)
[DBG] deferring start (64193 us)
[DBG] deferring start (64115 us)
[DBG] deferring start (64038 us)
[DBG] deferring start (63962 us)
[DBG] deferring start (63885 us)
[DBG] deferring start (63808 us)
[DBG] deferring start (63733 us)
[DBG] deferring start (63656 us)
[DBG] deferring start (63581 us)
[DBG] deferring start (63505 us)
[DBG] deferring start (63425 us)
[DBG] deferring start (63342 us)
[DBG] deferring start (64069 us)
[DBG] deferring start (63169 us)
[DBG] deferring start (63093 us)
[DBG] deferring start (63017 us)
[DBG] deferring start (62938 us)
[DBG] deferring start (62861 us)
[DBG] deferring start (62720 us)
[DBG] deferring start (62620 us)
[DBG] deferring start (62538 us)
[DBG] deferring start (62458 us)
[DBG] deferring start (62380 us)
[DBG] deferring start (62301 us)
[DBG] deferring start (62223 us)
[DBG] deferring start (62144 us)
[DBG] deferring start (62068 us)
[DBG] deferring start (61993 us)
[DBG] deferring start (61916 us)
[DBG] deferring start (61839 us)
[DBG] deferring start (61763 us)
[DBG] deferring start (61686 us)
[DBG] deferring start (61565 us)
[DBG] deferring start (61470 us)
[DBG] deferring start (61382 us)
[DBG] deferring start (61302 us)
[DBG] deferring start (61226 us)
[DBG] deferring start (61149 us)
[DBG] deferring start (61072 us)
[DBG] deferring start (64179 us)
[DBG] deferring start (63267 us)
[DBG] deferring start (62334 us)
[DBG] deferring start (61420 us)
[DBG] deferring start (60465 us)
[DBG] deferring start (60368 us)
[DBG] deferring start (60290 us)
[DBG] deferring start (60213 us)
[DBG] deferring start (60124 us)
[DBG] deferring start (60037 us)
[DBG] deferring start (59932 us)
[DBG] deferring start (59824 us)
[DBG] deferring start (59728 us)
[DBG] deferring start (59639 us)
[DBG] deferring start (59555 us)
[DBG] deferring start (59479 us)
[DBG] deferring start (59401 us)
[DBG] deferring start (59319 us)
[DBG] deferring start (59241 us)
[DBG] deferring start (59163 us)
[DBG] deferring start (59082 us)
[DBG] deferring start (59005 us)
[DBG] deferring start (58924 us)
[DBG] deferring start (58813 us)
[DBG] deferring start (58732 us)
[DBG] deferring start (58655 us)
[DBG] deferring start (58576 us)
[DBG] deferring start (58490 us)
[DBG] deferring start (58410 us)
[DBG] deferring start (66566 us)
[DBG] deferring start (65668 us)
[DBG] deferring start (64767 us)
[DBG] deferring start (63870 us)
[DBG] deferring start (62970 us)
[DBG] deferring start (62071 us)
[DBG] deferring start (61171 us)
[DBG] deferring start (60273 us)
[DBG] deferring start (59375 us)
[DBG] deferring start (58471 us)
[DBG] deferring start (57574 us)
[DBG] deferring start (57498 us)
[DBG] deferring start (57418 us)
[DBG] deferring start (57338 us)
[DBG] deferring start (57258 us)
[DBG] deferring start (57180 us)
[DBG] deferring start (57091 us)
[DBG] deferring start (63619 us)
[DBG] deferring start (62721 us)
[DBG] deferring start (61822 us)
[DBG] deferring start (60922 us)
[DBG] deferring start (60024 us)
[DBG] deferring start (59123 us)
[DBG] deferring start (58224 us)
[DBG] deferring start (57326 us)
[DBG] deferring start (56427 us)
[DBG] deferring start (56338 us)
[DBG] deferring start (56262 us)
[DBG] deferring start (56187 us)
[DBG] deferring start (56110 us)
[DBG] deferring start (56035 us)
[DBG] deferring start (55959 us)
[DBG] deferring start (55879 us)
[DBG] deferring start (55799 us)
[DBG] deferring start (56529 us)
[DBG] deferring start (55594 us)
[DBG] deferring start (55502 us)
[DBG] deferring start (55429 us)
[DBG] deferring start (55342 us)
[DBG] deferring start (55265 us)
[DBG] deferring start (55178 us)
[DBG] deferring start (55090 us)
[DBG] deferring start (54987 us)
[DBG] deferring start (54902 us)
[DBG] deferring start (54709 us)
[DBG] deferring start (54608 us)
[DBG] deferring start (54524 us)
[DBG] deferring start (54441 us)
[DBG] deferring start (54359 us)
[DBG] deferring start (54277 us)
[DBG] deferring start (54190 us)
[DBG] deferring start (54106 us)
[DBG] deferring start (54025 us)
[DBG] deferring start (53945 us)
[DBG] deferring start (53855 us)
[DBG] deferring start (53727 us)
[DBG] deferring start (53644 us)
[DBG] deferring start (53566 us)
[DBG] deferring start (53491 us)
[DBG] deferring start (53410 us)
[DBG] deferring start (53339 us)
[DBG] deferring start (53262 us)
[DBG] deferring start (53182 us)
[DBG] deferring start (53101 us)
[DBG] deferring start (53000 us)
[DBG] deferring start (52921 us)
[DBG] deferring start (52843 us)
[DBG] deferring start (52764 us)
[DBG] deferring start (52688 us)
[DBG] deferring start (52610 us)
[DBG] deferring start (52536 us)
[DBG] deferring start (52458 us)
[DBG] deferring start (52380 us)
[DBG] deferring start (52299 us)
[DBG] deferring start (52215 us)
[DBG] deferring start (52136 us)
[DBG] deferring start (52020 us)
[DBG] deferring start (51888 us)
[DBG] deferring start (51808 us)
[DBG] deferring start (51733 us)
[DBG] deferring start (51657 us)
[DBG] deferring start (51582 us)
[DBG] deferring start (51507 us)
[DBG] deferring start (51430 us)
[DBG] deferring start (51354 us)
[DBG] deferring start (51280 us)
[DBG] deferring start (51201 us)
[DBG] deferring start (51124 us)
[DBG] deferring start (51048 us)
[DBG] deferring start (50970 us)
[DBG] deferring start (50896 us)
[DBG] deferring start (50820 us)
[DBG] deferring start (50743 us)
[DBG] deferring start (50667 us)
[DBG] deferring start (50594 us)
[DBG] deferring start (50517 us)
[DBG] deferring start (50442 us)
[DBG] deferring start (50368 us)
[DBG] deferring start (50290 us)
[DBG] deferring start (51042 us)
[DBG] deferring start (50121 us)
[DBG] deferring start (50050 us)
[DBG] deferring start (49972 us)
[DBG] deferring start (49888 us)
[DBG] deferring start (50612 us)
[DBG] deferring start (49714 us)
[DBG] deferring start (49638 us)
[DBG] deferring start (49560 us)
[DBG] deferring start (49484 us)
[DBG] deferring start (49398 us)
[DBG] deferring start (49321 us)
[DBG] deferring start (49245 us)
[DBG] deferring start (49171 us)
[DBG] deferring start (49094 us)
[DBG] deferring start (49020 us)
[DBG] deferring start (48931 us)
[DBG] deferring start (48852 us)
[DBG] deferring start (48778 us)
[DBG] deferring start (48703 us)
[DBG] deferring start (48625 us)
[DBG] deferring start (48548 us)
[DBG] deferring start (48475 us)
[DBG] deferring start (48399 us)
[DBG] deferring start (48324 us)
[DBG] deferring start (48247 us)
[DBG] deferring start (48171 us)
[DBG] deferring start (48921 us)
[DBG] deferring start (48008 us)
[DBG] deferring start (47931 us)
[DBG] deferring start (47854 us)
[DBG] deferring start (48608 us)
[DBG] deferring start (47700 us)
[DBG] deferring start (47614 us)
[DBG] deferring start (47537 us)
[DBG] deferring start (47461 us)
[DBG] deferring start (47385 us)
[DBG] deferring start (47308 us)
[DBG] deferring start (47222 us)
[DBG] deferring start (47142 us)
[DBG] deferring start (47068 us)
[DBG] deferring start (46979 us)
[DBG] deferring start (46886 us)
[DBG] deferring start (46804 us)
[DBG] deferring start (46724 us)
[DBG] deferring start (46638 us)
[DBG] deferring start (46556 us)
[DBG] deferring start (46477 us)
[DBG] deferring start (46392 us)
[DBG] deferring start (47142 us)
[DBG] deferring start (46233 us)
[DBG] deferring start (46156 us)
[DBG] deferring start (46061 us)
[DBG] deferring start (45975 us)
[DBG] deferring start (45897 us)
[DBG] deferring start (46648 us)
[DBG] deferring start (45740 us)
[DBG] deferring start (46487 us)
[DBG] deferring start (45579 us)
[DBG] deferring start (45500 us)
[DBG] deferring start (45423 us)
[DBG] deferring start (46174 us)
[DBG] deferring start (45265 us)
[DBG] deferring start (45187 us)
[DBG] deferring start (45104 us)
[DBG] deferring start (45026 us)
[DBG] deferring start (45777 us)
[DBG] deferring start (44879 us)
[DBG] deferring start (44795 us)
[DBG] deferring start (44710 us)
[DBG] deferring start (44634 us)
[DBG] deferring start (45383 us)
[DBG] deferring start (44475 us)
[DBG] deferring start (45226 us)
[DBG] deferring start (44313 us)
[DBG] deferring start (44227 us)
[DBG] deferring start (44147 us)
[DBG] deferring start (44065 us)
[DBG] deferring start (43992 us)
[DBG] deferring start (43892 us)
[DBG] deferring start (43814 us)
[DBG] deferring start (43736 us)
[DBG] deferring start (43652 us)
[DBG] deferring start (43572 us)
[DBG] deferring start (43479 us)
[DBG] deferring start (45019 us)
[DBG] deferring start (44110 us)
[DBG] deferring start (43202 us)
[DBG] deferring start (43124 us)
[DBG] deferring start (43038 us)
[DBG] deferring start (43788 us)
[DBG] deferring start (42880 us)
[DBG] deferring start (42793 us)
[DBG] deferring start (42696 us)
[DBG] deferring start (42622 us)
[DBG] deferring start (42540 us)
[DBG] deferring start (42463 us)
[DBG] deferring start (42379 us)
[DBG] deferring start (42300 us)
[DBG] deferring start (42212 us)
[DBG] deferring start (42127 us)
[DBG] deferring start (42048 us)
[DBG] deferring start (41971 us)
[DBG] deferring start (41894 us)
[DBG] deferring start (41814 us)
[DBG] deferring start (41724 us)
[DBG] deferring start (41643 us)
[DBG] deferring start (41545 us)
[DBG] deferring start (41468 us)
[DBG] deferring start (41390 us)
[DBG] deferring start (41304 us)
[DBG] deferring start (41226 us)
[DBG] deferring start (41135 us)
[DBG] deferring start (41049 us)
[DBG] deferring start (40967 us)
[DBG] deferring start (40875 us)
[DBG] deferring start (40783 us)
[DBG] deferring start (40698 us)
[DBG] deferring start (40613 us)
[DBG] deferring start (40533 us)
[DBG] deferring start (40455 us)
[DBG] deferring start (40368 us)
[DBG] deferring start (40288 us)
[DBG] deferring start (40203 us)
[DBG] deferring start (40118 us)
[DBG] deferring start (40032 us)
[DBG] deferring start (39940 us)
[DBG] deferring start (39857 us)
[DBG] deferring start (39755 us)
[DBG] deferring start (39680 us)
[DBG] deferring start (39595 us)
[DBG] deferring start (39501 us)
[DBG] deferring start (40249 us)
[DBG] deferring start (39338 us)
[DBG] deferring start (39258 us)
[DBG] deferring start (40008 us)
[DBG] deferring start (39100 us)
[DBG] deferring start (39014 us)
[DBG] deferring start (38924 us)
[DBG] deferring start (38840 us)
[DBG] deferring start (39582 us)
[DBG] deferring start (38683 us)
[DBG] deferring start (38596 us)
[DBG] deferring start (39346 us)
[DBG] deferring start (38439 us)
[DBG] deferring start (38363 us)
[DBG] deferring start (38276 us)
[DBG] deferring start (38191 us)
[DBG] deferring start (38945 us)
[DBG] deferring start (38045 us)
[DBG] deferring start (37968 us)
[DBG] deferring start (37888 us)
[DBG] deferring start (40279 us)
[DBG] deferring start (39380 us)
[DBG] deferring start (38473 us)
[DBG] deferring start (37565 us)
[DBG] deferring start (37479 us)
[DBG] deferring start (37396 us)
[DBG] deferring start (37310 us)
[DBG] deferring start (37225 us)
[DBG] deferring start (37148 us)
[DBG] deferring start (37063 us)
[DBG] deferring start (36987 us)
[DBG] deferring start (36903 us)
[DBG] deferring start (37652 us)
[DBG] deferring start (36697 us)
[DBG] deferring start (36607 us)
[DBG] deferring start (36523 us)
[DBG] deferring start (36431 us)
[DBG] deferring start (36347 us)
[DBG] deferring start (36257 us)
[DBG] deferring start (36172 us)
[DBG] deferring start (36088 us)
[DBG] deferring start (36009 us)
[DBG] deferring start (35931 us)
[DBG] deferring start (36681 us)
[DBG] deferring start (35779 us)
[DBG] deferring start (35703 us)
[DBG] deferring start (36454 us)
[DBG] deferring start (35545 us)
[DBG] deferring start (35468 us)
[DBG] deferring start (35385 us)
[DBG] deferring start (35299 us)
[DBG] deferring start (36050 us)
[DBG] deferring start (35142 us)
[DBG] deferring start (35891 us)
[DBG] deferring start (34983 us)
[DBG] deferring start (34898 us)
[DBG] deferring start (34816 us)
[DBG] deferring start (34717 us)
[DBG] deferring start (34621 us)
[DBG] deferring start (34535 us)
[DBG] deferring start (35285 us)
[DBG] deferring start (34378 us)
[DBG] deferring start (34299 us)
[DBG] deferring start (34215 us)
[DBG] deferring start (34129 us)
[DBG] deferring start (34051 us)
[DBG] deferring start (33966 us)
[DBG] deferring start (33889 us)
[DBG] deferring start (33812 us)
[DBG] deferring start (33729 us)
[DBG] deferring start (33644 us)
[DBG] deferring start (33566 us)
[DBG] deferring start (33493 us)
[DBG] deferring start (33421 us)
[DBG] deferring start (33348 us)
[DBG] deferring start (33277 us)
[DBG] deferring start (33207 us)
[DBG] deferring start (33132 us)
[DBG] deferring start (33056 us)
[DBG] deferring start (32986 us)
[DBG] deferring start (32911 us)
[DBG] deferring start (32839 us)
[DBG] deferring start (32769 us)
[DBG] deferring start (32695 us)
[DBG] deferring start (32618 us)
[DBG] deferring start (32540 us)
[DBG] deferring start (32467 us)
[DBG] deferring start (32393 us)
[DBG] deferring start (32322 us)
[DBG] deferring start (32247 us)
[DBG] deferring start (32177 us)
[DBG] deferring start (32106 us)
[DBG] deferring start (32023 us)
[DBG] deferring start (31906 us)
[DBG] deferring start (31810 us)
[DBG] deferring start (31734 us)
[DBG] deferring start (31658 us)
[DBG] deferring start (31585 us)
[DBG] deferring start (31513 us)
[DBG] deferring start (31442 us)
[DBG] deferring start (31371 us)
[DBG] deferring start (31297 us)
[DBG] deferring start (31222 us)
[DBG] deferring start (31150 us)
[DBG] deferring start (31077 us)
[DBG] deferring start (31006 us)
[DBG] deferring start (30933 us)
[DBG] deferring start (30861 us)
[DBG] deferring start (30786 us)
[DBG] deferring start (30716 us)
[DBG] deferring start (30642 us)
[DBG] deferring start (30567 us)
[DBG] deferring start (30495 us)
[DBG] deferring start (30422 us)
[DBG] deferring start (30352 us)
[DBG] deferring start (30280 us)
[DBG] deferring start (30194 us)
[DBG] deferring start (30117 us)
[DBG] deferring start (30044 us)
[DBG] deferring start (29957 us)
[DBG] deferring start (29881 us)
[DBG] deferring start (29807 us)
[DBG] deferring start (29733 us)
[DBG] deferring start (29659 us)
[DBG] deferring start (29589 us)
[DBG] deferring start (29515 us)
[DBG] deferring start (29442 us)
[DBG] deferring start (29372 us)
[DBG] deferring start (29297 us)
[DBG] deferring start (29224 us)
[DBG] deferring start (29150 us)
[DBG] deferring start (29054 us)
[DBG] deferring start (28983 us)
[DBG] deferring start (28911 us)
[DBG] deferring start (28822 us)
[DBG] deferring start (28748 us)
[DBG] deferring start (28679 us)
[DBG] deferring start (28607 us)
[DBG] deferring start (28528 us)
[DBG] deferring start (32578 us)
[DBG] deferring start (31682 us)
[DBG] deferring start (30789 us)
[DBG] deferring start (29895 us)
[DBG] deferring start (28986 us)
[DBG] deferring start (28089 us)
[DBG] deferring start (28018 us)
[DBG] deferring start (27946 us)
[DBG] deferring start (27873 us)
[DBG] deferring start (27802 us)
[DBG] deferring start (27727 us)
[DBG] deferring start (27652 us)
[DBG] deferring start (27583 us)
[DBG] deferring start (27485 us)
[DBG] deferring start (27395 us)
[DBG] deferring start (27325 us)
[DBG] deferring start (27252 us)
[DBG] deferring start (27180 us)
[DBG] deferring start (27099 us)
[DBG] deferring start (27025 us)
[DBG] deferring start (26951 us)
[DBG] deferring start (26881 us)
[DBG] deferring start (26809 us)
[DBG] deferring start (26735 us)
[DBG] deferring start (26665 us)
[DBG] deferring start (26592 us)
[DBG] deferring start (26519 us)
[DBG] deferring start (26441 us)
[DBG] deferring start (26367 us)
[DBG] deferring start (26295 us)
[DBG] deferring start (26226 us)
[DBG] deferring start (26141 us)
[DBG] deferring start (26073 us)
[DBG] deferring start (26003 us)
[DBG] deferring start (25929 us)
[DBG] deferring start (25853 us)
[DBG] deferring start (25772 us)
[DBG] deferring start (25691 us)
[DBG] deferring start (28097 us)
[DBG] deferring start (27199 us)
[DBG] deferring start (26302 us)
[DBG] deferring start (25409 us)
[DBG] deferring start (25337 us)
[DBG] deferring start (25265 us)
[DBG] deferring start (25190 us)
[DBG] deferring start (25119 us)
[DBG] deferring start (25043 us)
[DBG] deferring start (24974 us)
[DBG] deferring start (24901 us)
[DBG] deferring start (24828 us)
[DBG] deferring start (24758 us)
[DBG] deferring start (24689 us)
[DBG] deferring start (24616 us)
[DBG] deferring start (24547 us)
[DBG] deferring start (24476 us)
[DBG] deferring start (24405 us)
[DBG] deferring start (24333 us)
[DBG] deferring start (24260 us)
[DBG] deferring start (24181 us)
[DBG] deferring start (24102 us)
[DBG] deferring start (26467 us)
[DBG] deferring start (25558 us)
[DBG] deferring start (24641 us)
[DBG] deferring start (23741 us)
[DBG] deferring start (23666 us)
[DBG] deferring start (23593 us)
[DBG] deferring start (23520 us)
[DBG] deferring start (23406 us)
[DBG] deferring start (24136 us)
[DBG] deferring start (23207 us)
[DBG] deferring start (25586 us)
[DBG] deferring start (24658 us)
[DBG] deferring start (23747 us)
[DBG] deferring start (22820 us)
[DBG] deferring start (25182 us)
[DBG] deferring start (24286 us)
[DBG] deferring start (23385 us)
[DBG] deferring start (22410 us)
[DBG] deferring start (25609 us)
[DBG] deferring start (24694 us)
[DBG] deferring start (23770 us)
[DBG] deferring start (22870 us)
[DBG] deferring start (21957 us)
[DBG] deferring start (21857 us)
[DBG] deferring start (21781 us)
[DBG] deferring start (21701 us)
[DBG] deferring start (21621 us)
[DBG] deferring start (21498 us)
[DBG] deferring start (21407 us)
[DBG] deferring start (21327 us)
[DBG] deferring start (21247 us)
[DBG] deferring start (21163 us)
[DBG] deferring start (21077 us)
[DBG] deferring start (20994 us)
[DBG] deferring start (20912 us)
[DBG] deferring start (20803 us)
[DBG] deferring start (20697 us)
[DBG] deferring start (20618 us)
[DBG] deferring start (20535 us)
[DBG] deferring start (20451 us)
[DBG] deferring start (20365 us)
[DBG] deferring start (20280 us)
[DBG] deferring start (20205 us)
[DBG] deferring start (20126 us)
[DBG] deferring start (20044 us)
[DBG] deferring start (19960 us)
[DBG] deferring start (20708 us)
[DBG] deferring start (19800 us)
[DBG] deferring start (19725 us)
[DBG] deferring start (20471 us)
[DBG] deferring start (19563 us)
[DBG] deferring start (19487 us)
[DBG] deferring start (19401 us)
[DBG] deferring start (19324 us)
[DBG] deferring start (19242 us)
[DBG] deferring start (19157 us)
[DBG] deferring start (19907 us)
[DBG] deferring start (19001 us)
[DBG] deferring start (18925 us)
[DBG] deferring start (25434 us)
[DBG] deferring start (24535 us)
[DBG] deferring start (23634 us)
[DBG] deferring start (22738 us)
[DBG] deferring start (21837 us)
[DBG] deferring start (20926 us)
[DBG] deferring start (20020 us)
[DBG] deferring start (19112 us)
[DBG] deferring start (18204 us)
[DBG] deferring start (18084 us)
[DBG] deferring start (17992 us)
[DBG] deferring start (17905 us)
[DBG] deferring start (17828 us)
[DBG] deferring start (18563 us)
[DBG] deferring start (17654 us)
[DBG] deferring start (17577 us)
[DBG] deferring start (17503 us)
[DBG] deferring start (17425 us)
[DBG] deferring start (17341 us)
[DBG] deferring start (17255 us)
[DBG] deferring start (17155 us)
[DBG] deferring start (17071 us)
[DBG] deferring start (16984 us)
[DBG] deferring start (16890 us)
[DBG] deferring start (16786 us)
[DBG] deferring start (16701 us)
[DBG] deferring start (17448 us)
[DBG] deferring start (16540 us)
[DBG] deferring start (16466 us)
[DBG] deferring start (17216 us)
[DBG] deferring start (16308 us)
[DBG] deferring start (16229 us)
[DBG] deferring start (16148 us)
[DBG] deferring start (16071 us)
[DBG] deferring start (15988 us)
[DBG] deferring start (15910 us)
[DBG] deferring start (15829 us)
[DBG] deferring start (15745 us)
[DBG] deferring start (15666 us)
[DBG] deferring start (15585 us)
[DBG] deferring start (15506 us)
[DBG] deferring start (15406 us)
[DBG] deferring start (15320 us)
[DBG] deferring start (15245 us)
[DBG] deferring start (15997 us)
[DBG] deferring start (15100 us)
[DBG] deferring start (15024 us)
[DBG] deferring start (14937 us)
[DBG] deferring start (15668 us)
[DBG] deferring start (14752 us)
[DBG] deferring start (14673 us)
[DBG] deferring start (14588 us)
[DBG] deferring start (14515 us)
[DBG] deferring start (15261 us)
[DBG] deferring start (14353 us)
[DBG] deferring start (14276 us)
[DBG] deferring start (14194 us)
[DBG] deferring start (14112 us)
[DBG] deferring start (14027 us)
[DBG] deferring start (13956 us)
[DBG] deferring start (13867 us)
[DBG] deferring start (16250 us)
[DBG] deferring start (15341 us)
[DBG] deferring start (14435 us)
[DBG] deferring start (13528 us)
[DBG] deferring start (14277 us)
[DBG] deferring start (13363 us)
[DBG] deferring start (13279 us)
[DBG] deferring start (13196 us)
[DBG] deferring start (13114 us)
[DBG] deferring start (13033 us)
[DBG] deferring start (13781 us)
[DBG] deferring start (12867 us)
[DBG] deferring start (12776 us)
[DBG] deferring start (12699 us)
[DBG] deferring start (12604 us)
[DBG] deferring start (13327 us)
[DBG] deferring start (12419 us)
[DBG] deferring start (12343 us)
[DBG] deferring start (12269 us)
[DBG] deferring start (12177 us)
[DBG] deferring start (12097 us)
[DBG] deferring start (12023 us)
[DBG] deferring start (11950 us)
[DBG] deferring start (11874 us)
[DBG] deferring start (11804 us)
[DBG] deferring start (11732 us)
[DBG] deferring start (11658 us)
[DBG] deferring start (11583 us)
[DBG] deferring start (11505 us)
[DBG] deferring start (11433 us)
[DBG] deferring start (11363 us)
[DBG] deferring start (11291 us)
[DBG] deferring start (11219 us)
[DBG] deferring start (11975 us)
[DBG] deferring start (11066 us)
[DBG] deferring start (10995 us)
[DBG] deferring start (10914 us)
[DBG] deferring start (10841 us)
[DBG] deferring start (10764 us)
[DBG] deferring start (16463 us)
[DBG] deferring start (15567 us)
[DBG] deferring start (14659 us)
[DBG] deferring start (13745 us)
[DBG] deferring start (12838 us)
[DBG] deferring start (11939 us)
[DBG] deferring start (11042 us)
[DBG] deferring start (10136 us)
[DBG] deferring start (10058 us)
[DBG] deferring start (9987 us)
[DBG] deferring start (10739 us)
[DBG] deferring start (9840 us)
[DBG] deferring start (9744 us)
[DBG] deferring start (9667 us)
[DBG] deferring start (9591 us)
[DBG] deferring start (9516 us)
[DBG] deferring start (9441 us)
[DBG] deferring start (9369 us)
[DBG] deferring start (10123 us)
[DBG] deferring start (9226 us)
[DBG] deferring start (9152 us)
[DBG] deferring start (9076 us)
[DBG] deferring start (8997 us)
[DBG] deferring start (12209 us)
[DBG] deferring start (11282 us)
[DBG] deferring start (10376 us)
[DBG] deferring start (9434 us)
[DBG] deferring start (8503 us)
[DBG] deferring start (10880 us)
[DBG] deferring start (9972 us)
[DBG] deferring start (9069 us)
[DBG] deferring start (8160 us)
[DBG] deferring start (8001 us)
[DBG] deferring start (8722 us)
[DBG] deferring start (7813 us)
[DBG] deferring start (8538 us)
[DBG] deferring start (7629 us)
[DBG] deferring start (7540 us)
[DBG] deferring start (7469 us)
[DBG] deferring start (7399 us)
[DBG] deferring start (7326 us)
[DBG] deferring start (7253 us)
[DBG] deferring start (7183 us)
[DBG] deferring start (7107 us)
[DBG] deferring start (7035 us)
[DBG] deferring start (6961 us)
[DBG] deferring start (6887 us)
[DBG] deferring start (7642 us)
[DBG] deferring start (6734 us)
[DBG] deferring start (6661 us)
[DBG] deferring start (6567 us)
[DBG] deferring start (6470 us)
[DBG] deferring start (7222 us)
[DBG] deferring start (6328 us)
[DBG] deferring start (7085 us)
[DBG] deferring start (6170 us)
[DBG] deferring start (6098 us)
[DBG] deferring start (6029 us)
[DBG] deferring start (5955 us)
[DBG] deferring start (5883 us)
[DBG] deferring start (6639 us)
[DBG] deferring start (5732 us)
[DBG] deferring start (5659 us)
[DBG] deferring start (5587 us)
[DBG] deferring start (5510 us)
[DBG] deferring start (5437 us)
[DBG] deferring start (5368 us)
[DBG] deferring start (5295 us)
[DBG] deferring start (5220 us)
[DBG] deferring start (5147 us)
[DBG] deferring start (5076 us)
[DBG] deferring start (5005 us)
[DBG] deferring start (4930 us)
[DBG] deferring start (4854 us)
[DBG] deferring start (4782 us)
[DBG] deferring start (4711 us)
[DBG] deferring start (4636 us)
[DBG] deferring start (4565 us)
[DBG] deferring start (4495 us)
[DBG] deferring start (4420 us)
[DBG] deferring start (4346 us)
[DBG] deferring start (4272 us)
[DBG] deferring start (4198 us)
[DBG] deferring start (4126 us)
[DBG] deferring start (4056 us)
[DBG] deferring start (3980 us)
[DBG] deferring start (3907 us)
[DBG] deferring start (3835 us)
[DBG] deferring start (3758 us)
[DBG] deferring start (3686 us)
[DBG] deferring start (3614 us)
[DBG] deferring start (3540 us)
[DBG] deferring start (3467 us)
[DBG] deferring start (3397 us)
[DBG] deferring start (3325 us)
[DBG] deferring start (3253 us)
[DBG] deferring start (3178 us)
[DBG] deferring start (3102 us)
[DBG] deferring start (3030 us)
[DBG] deferring start (2959 us)
[DBG] deferring start (2887 us)
[DBG] deferring start (2815 us)
[DBG] deferring start (3570 us)
[DBG] deferring start (2662 us)
[DBG] deferring start (2591 us)
[DBG] deferring start (2518 us)
[DBG] deferring start (2444 us)
[DBG] deferring start (2372 us)
[DBG] deferring start (2275 us)
[DBG] deferring start (2203 us)
[DBG] deferring start (2131 us)
[DBG] deferring start (2058 us)
[DBG] deferring start (1983 us)
[DBG] deferring start (1910 us)
[DBG] deferring start (1840 us)
[DBG] deferring start (1768 us)
[DBG] deferring start (1695 us)
[DBG] deferring start (1625 us)
[DBG] deferring start (1552 us)
[DBG] deferring start (1480 us)
[DBG] deferring start (1407 us)
[DBG] deferring start (1335 us)
[DBG] deferring start (1260 us)
[DBG] deferring start (1191 us)
[DBG] deferring start (1119 us)
[DBG] deferring start (1046 us)
[DBG] deferring start (940 us)
[DBG] deferring start (860 us)
[DBG] deferring start (775 us)
[DBG] deferring start (697 us)
[DBG] deferring start (618 us)
[DBG] deferring start (539 us)
[DBG] deferring start (455 us)
[DBG] deferring start (378 us)
[DBG] deferring start (1130 us)
[DBG] deferring start (214 us)
[DBG] deferring start (122 us)
[DBG] deferring start (36 us)
[DBG] starting late (-47 us)
[WARN] picture is too late to be displayed (missing 43 ms)
[WARN] picture is too late to be displayed (missing 46 ms)
[WARN] picture is too late to be displayed (missing 46 ms)
[WARN] picture is too late to be displayed (missing 47 ms)
[DBG] picture displayed late (missing 38 ms)
[WARN] picture is too late to be displayed (missing 50 ms)
[WARN] picture is too late to be displayed (missing 48 ms)
[WARN] picture is too late to be displayed (missing 50 ms)
[WARN] picture is too late to be displayed (missing 49 ms)
[WARN] picture is too late to be displayed (missing 50 ms)
[WARN] picture is too late to be displayed (missing 46 ms)
[WARN] picture is too late to be displayed (missing 51 ms)
[WARN] picture is too late to be displayed (missing 50 ms)
[WARN] picture is too late to be displayed (missing 50 ms)
[WARN] picture is too late to be displayed (missing 50 ms)
[WARN] picture is too late to be displayed (missing 47 ms)
[WARN] picture is too late to be displayed (missing 50 ms)
[WARN] picture is too late to be displayed (missing 48 ms)
[WARN] picture is too late to be displayed (missing 50 ms)
[WARN] picture is too late to be displayed (missing 47 ms)
[WARN] picture is too late to be displayed (missing 47 ms)
[WARN] picture is too late to be displayed (missing 47 ms)
[WARN] picture is too late to be displayed (missing 47 ms)
[WARN] picture is too late to be displayed (missing 47 ms)
[WARN] picture is too late to be displayed (missing 50 ms)
[WARN] picture is too late to be displayed (missing 47 ms)
[WARN] picture is too late to be displayed (missing 51 ms)
[WARN] picture is too late to be displayed (missing 47 ms)
[WARN] picture is too late to be displayed (missing 51 ms)
[WARN] picture is too late to be displayed (missing 49 ms)
[WARN] picture is too late to be displayed (missing 48 ms)
[WARN] picture is too late to be displayed (missing 49 ms)
[WARN] picture is too late to be displayed (missing 51 ms)
[WARN] picture is too late to be displayed (missing 51 ms)
[WARN] picture is too late to be displayed (missing 51 ms)
[WARN] picture is too late to be displayed (missing 50 ms)
[WARN] picture is too late to be displayed (missing 51 ms)
[WARN] picture is too late to be displayed (missing 49 ms)
[WARN] picture is too late to be displayed (missing 51 ms)
[WARN] picture is too late to be displayed (missing 50 ms)
[WARN] picture is too late to be displayed (missing 52 ms)
[WARN] picture is too late to be displayed (missing 48 ms)
[WARN] picture is too late to be displayed (missing 51 ms)
[WARN] picture is too late to be displayed (missing 49 ms)
[WARN] picture is too late to be displayed (missing 51 ms)
[WARN] picture is too late to be displayed (missing 46 ms)
[WARN] picture is too late to be displayed (missing 51 ms)
[WARN] picture is too late to be displayed (missing 47 ms)
[WARN] picture is too late to be displayed (missing 51 ms)
[WARN] picture is too late to be displayed (missing 51 ms)
[WARN] picture is too late to be displayed (missing 51 ms)
[WARN] picture is too late to be displayed (missing 50 ms)
[WARN] picture is too late to be displayed (missing 50 ms)
[WARN] picture is too late to be displayed (missing 51 ms)
[WARN] picture is too late to be displayed (missing 50 ms)
[WARN] picture is too late to be displayed (missing 51 ms)
[WARN] picture is too late to be displayed (missing 46 ms)
[WARN] picture is too late to be displayed (missing 49 ms)
[WARN] picture is too late to be displayed (missing 49 ms)
[WARN] picture is too late to be displayed (missing 50 ms)
[WARN] picture is too late to be displayed (missing 49 ms)
[WARN] picture is too late to be displayed (missing 48 ms)
[WARN] picture is too late to be displayed (missing 47 ms)
[WARN] picture is too late to be displayed (missing 47 ms)
[WARN] picture is too late to be displayed (missing 48 ms)
[WARN] picture is too late to be displayed (missing 46 ms)
[WARN] picture is too late to be displayed (missing 49 ms)
[WARN] picture is too late to be displayed (missing 48 ms)
[WARN] picture is too late to be displayed (missing 48 ms)
[WARN] picture is too late to be displayed (missing 49 ms)
[WARN] picture is too late to be displayed (missing 45 ms)
[WARN] picture is too late to be displayed (missing 46 ms)
[WARN] picture is too late to be displayed (missing 48 ms)
[WARN] picture is too late to be displayed (missing 49 ms)
[WARN] picture is too late to be displayed (missing 50 ms)
[WARN] picture is too late to be displayed (missing 50 ms)
[WARN] picture is too late to be displayed (missing 46 ms)
[WARN] picture is too late to be displayed (missing 50 ms)
[WARN] picture is too late to be displayed (missing 49 ms)
[WARN] picture is too late to be displayed (missing 48 ms)
[WARN] picture is too late to be displayed (missing 47 ms)
[WARN] picture is too late to be displayed (missing 44 ms)
[WARN] picture is too late to be displayed (missing 50 ms)
[WARN] picture is too late to be displayed (missing 50 ms)
[WARN] picture is too late to be displayed (missing 50 ms)
[DBG] ES_OUT_RESET_PCR called
10:20:47.249 AM [skip] +30 s (click) before=30645 ms target=60645 ms
10:20:47.258 AM [player] buffering 0.0
[DBG] SET_TIME to 60645000
[DBG] seek request to i_pos = 60645000
[DBG] seek: preroll{ track: 1, pts: 59768000, fpos: 120198951 skip: 120198951} 
[DBG] resolving 192.168.1.250 ...
[DBG] outgoing request:
GET /stream/4 HTTP/1.1
Host: 192.168.1.250:8093
Accept: */*
Accept-Language: en_US
User-Agent: VLC/4.0.0-dev LibVLC/4.0.0-dev
If-Unmodified-Since: Sat, 18 Jul 2026 03:52:34 GMT
Range: bytes=120198951-


[DBG] incoming response:
HTTP/1.1 206 Partial Content
Accept-Ranges: bytes
Content-Length: 58363123586
Content-Range: bytes 120198951-58483322536/58483322537
Content-Type: video/x-matroska
Last-Modified: Sat, 18 Jul 2026 03:52:34 GMT
Date: Mon, 14 Sep 2026 14:20:47 GMT


[DBG] connection failed
[DBG] seek: preroll{ req: 60645001, start-pts: 59768001, start-fpos: 120198951} 
[DBG] Buffering 0%
10:20:47.381 AM [player] buffering 0.0
[DBG] Buffering 2%
[DBG] Buffering 5%
[DBG] Buffering 8%
[DBG] Buffering 11%
[DBG] Buffering 15%
[DBG] Buffering 19%
[DBG] Buffering 22%
[DBG] Buffering 26%
[DBG] Buffering 31%
[DBG] Buffering 33%
[DBG] Buffering 37%
10:20:47.473 AM [skip] +30 s (click) before=60645 ms target=90645 ms
[DBG] ES_OUT_RESET_PCR called
[DBG] SET_TIME to 90645000
[DBG] seek request to i_pos = 90645000
[DBG] seek: preroll{ track: 1, pts: 90007000, fpos: 250650711 skip: 250650711} 
[DBG] resolving 192.168.1.250 ...
[DBG] outgoing request:
GET /stream/4 HTTP/1.1
Host: 192.168.1.250:8093
Accept: */*
Accept-Language: en_US
User-Agent: VLC/4.0.0-dev LibVLC/4.0.0-dev
If-Unmodified-Since: Sat, 18 Jul 2026 03:52:34 GMT
Range: bytes=250650711-


10:20:47.474 AM [player] buffering 0.0
[DBG] incoming response:
HTTP/1.1 206 Partial Content
Accept-Ranges: bytes
Content-Length: 58232671826
Content-Range: bytes 250650711-58483322536/58483322537
Content-Type: video/x-matroska
Last-Modified: Sat, 18 Jul 2026 03:52:34 GMT
Date: Mon, 14 Sep 2026 14:20:47 GMT


[DBG] connection failed
[DBG] seek: preroll{ req: 90645001, start-pts: 90007001, start-fpos: 250650711} 
[DBG] Buffering 0%
10:20:47.551 AM [player] buffering 0.0
[DBG] Buffering 2%
[DBG] Buffering 6%
[DBG] Buffering 10%
[DBG] Buffering 12%
[DBG] Buffering 18%
[DBG] Buffering 22%
[DBG] Buffering 25%
[DBG] Buffering 30%
[DBG] Buffering 35%
[DBG] end of audio preroll
[DBG] Buffering 38%
[DBG] Buffering 42%
[DBG] Buffering 48%
[DBG] end of video preroll
[DBG] Received first picture
[DBG] Buffering 50%
[DBG] Buffering 54%
[DBG] Buffering 61%
10:20:47.695 AM [skip] +30 s (click) before=90645 ms target=120645 ms
[DBG] ES_OUT_RESET_PCR called
10:20:47.697 AM [player] buffering 0.0
[DBG] SET_TIME to 120645000
[DBG] seek request to i_pos = 120645000
[DBG] seek: preroll{ track: 1, pts: 119828000, fpos: 451369990 skip: 451369990} 
[DBG] resolving 192.168.1.250 ...
[DBG] outgoing request:
GET /stream/4 HTTP/1.1
Host: 192.168.1.250:8093
Accept: */*
Accept-Language: en_US
User-Agent: VLC/4.0.0-dev LibVLC/4.0.0-dev
If-Unmodified-Since: Sat, 18 Jul 2026 03:52:34 GMT
Range: bytes=451369990-


[DBG] incoming response:
HTTP/1.1 206 Partial Content
Accept-Ranges: bytes
Content-Length: 58031952547
Content-Range: bytes 451369990-58483322536/58483322537
Content-Type: video/x-matroska
Last-Modified: Sat, 18 Jul 2026 03:52:34 GMT
Date: Mon, 14 Sep 2026 14:20:47 GMT


[DBG] connection failed
[DBG] seek: preroll{ req: 120645001, start-pts: 119828001, start-fpos: 451369990} 
[DBG] Buffering 0%
10:20:47.767 AM [player] buffering 0.0
[DBG] Buffering 2%
[DBG] Buffering 5%
[DBG] Buffering 9%
[DBG] Buffering 11%
[DBG] Buffering 16%
[DBG] Buffering 20%
[DBG] Buffering 22%
[DBG] Buffering 27%
[DBG] Buffering 32%
10:20:47.926 AM [skip] +30 s (click) before=120645 ms target=150645 ms
[DBG] Buffering 34%
[DBG] ES_OUT_RESET_PCR called
[DBG] SET_TIME to 150645000
[DBG] seek request to i_pos = 150645000
[DBG] seek: preroll{ track: 1, pts: 150359000, fpos: 630956070 skip: 630956070} 
[DBG] resolving 192.168.1.250 ...
[DBG] outgoing request:
GET /stream/4 HTTP/1.1
Host: 192.168.1.250:8093
Accept: */*
Accept-Language: en_US
User-Agent: VLC/4.0.0-dev LibVLC/4.0.0-dev
If-Unmodified-Since: Sat, 18 Jul 2026 03:52:34 GMT
Range: bytes=630956070-


10:20:47.928 AM [player] buffering 0.0
[DBG] incoming response:
HTTP/1.1 206 Partial Content
Accept-Ranges: bytes
Content-Length: 57852366467
Content-Range: bytes 630956070-58483322536/58483322537
Content-Type: video/x-matroska
Last-Modified: Sat, 18 Jul 2026 03:52:34 GMT
Date: Mon, 14 Sep 2026 14:20:47 GMT


[DBG] connection failed
[DBG] seek: preroll{ req: 150645001, start-pts: 150359001, start-fpos: 630956070} 
[DBG] Buffering 0%
10:20:48.006 AM [player] buffering 0.0
[DBG] Buffering 3%
[DBG] Buffering 7%
[DBG] Buffering 12%
[DBG] end of audio preroll
[DBG] Buffering 16%
[DBG] Buffering 23%
[DBG] Buffering 29%
[DBG] end of video preroll
[DBG] Buffering 32%
[DBG] Buffering 38%
10:20:48.161 AM [skip] +30 s (click) before=150645 ms target=180645 ms
[DBG] ES_OUT_RESET_PCR called
[DBG] SET_TIME to 180645000
[DBG] seek request to i_pos = 180645000
[DBG] seek: preroll{ track: 1, pts: 180472000, fpos: 828176139 skip: 828176139} 
10:20:48.162 AM [player] buffering 0.0
[DBG] resolving 192.168.1.250 ...
[DBG] outgoing request:
GET /stream/4 HTTP/1.1
Host: 192.168.1.250:8093
Accept: */*
Accept-Language: en_US
User-Agent: VLC/4.0.0-dev LibVLC/4.0.0-dev
If-Unmodified-Since: Sat, 18 Jul 2026 03:52:34 GMT
Range: bytes=828176139-


[DBG] incoming response:
HTTP/1.1 206 Partial Content
Accept-Ranges: bytes
Content-Length: 57655146398
Content-Range: bytes 828176139-58483322536/58483322537
Content-Type: video/x-matroska
Last-Modified: Sat, 18 Jul 2026 03:52:34 GMT
Date: Mon, 14 Sep 2026 14:20:48 GMT


[DBG] connection failed
[DBG] seek: preroll{ req: 180645001, start-pts: 180472001, start-fpos: 828176139} 
[DBG] Buffering 0%
10:20:48.224 AM [player] buffering 0.0
[DBG] Buffering 3%
[DBG] Buffering 9%
[DBG] end of audio preroll
[DBG] Buffering 14%
[DBG] end of video preroll
[DBG] Buffering 17%
[DBG] Buffering 26%
[DBG] Buffering 31%
[DBG] Buffering 35%
[DBG] Buffering 42%
[DBG] Buffering 46%
[DBG] Buffering 53%
[DBG] Buffering 56%
[DBG] Buffering 61%
[DBG] Buffering 67%
10:20:48.393 AM [skip] +30 s (click) before=180645 ms target=210645 ms
[DBG] ES_OUT_RESET_PCR called
10:20:48.399 AM [player] buffering 0.0
[DBG] SET_TIME to 210645000
[DBG] seek request to i_pos = 210645000
[DBG] seek: preroll{ track: 1, pts: 210252000, fpos: 978104091 skip: 978104091} 
[DBG] resolving 192.168.1.250 ...
[DBG] outgoing request:
GET /stream/4 HTTP/1.1
Host: 192.168.1.250:8093
Accept: */*
Accept-Language: en_US
User-Agent: VLC/4.0.0-dev LibVLC/4.0.0-dev
If-Unmodified-Since: Sat, 18 Jul 2026 03:52:34 GMT
Range: bytes=978104091-


[DBG] incoming response:
HTTP/1.1 206 Partial Content
Accept-Ranges: bytes
Content-Length: 57505218446
Content-Range: bytes 978104091-58483322536/58483322537
Content-Type: video/x-matroska
Last-Modified: Sat, 18 Jul 2026 03:52:34 GMT
Date: Mon, 14 Sep 2026 14:20:48 GMT


[DBG] connection failed
[DBG] seek: preroll{ req: 210645001, start-pts: 210252001, start-fpos: 978104091} 
[DBG] Buffering 0%
10:20:48.469 AM [player] buffering 0.0
[DBG] Buffering 2%
[DBG] Buffering 7%
[DBG] Buffering 11%
[DBG] Buffering 14%
[DBG] Buffering 21%
[DBG] end of audio preroll
[DBG] Buffering 26%
[DBG] Buffering 29%
[DBG] Buffering 35%
[DBG] Buffering 41%
[DBG] end of video preroll
[DBG] Buffering 44%
10:20:48.630 AM [skip] +30 s (click) before=210645 ms target=240645 ms
[DBG] Buffering 50%
[DBG] ES_OUT_RESET_PCR called
[DBG] SET_TIME to 240645000
[DBG] seek request to i_pos = 240645000
[DBG] seek: preroll{ track: 1, pts: 240574000, fpos: 1106857459 skip: 1106857459} 
10:20:48.631 AM [player] buffering 0.0
[DBG] resolving 192.168.1.250 ...
[DBG] outgoing request:
GET /stream/4 HTTP/1.1
Host: 192.168.1.250:8093
Accept: */*
Accept-Language: en_US
User-Agent: VLC/4.0.0-dev LibVLC/4.0.0-dev
If-Unmodified-Since: Sat, 18 Jul 2026 03:52:34 GMT
Range: bytes=1106857459-


[DBG] incoming response:
HTTP/1.1 206 Partial Content
Accept-Ranges: bytes
Content-Length: 57376465078
Content-Range: bytes 1106857459-58483322536/58483322537
Content-Type: video/x-matroska
Last-Modified: Sat, 18 Jul 2026 03:52:34 GMT
Date: Mon, 14 Sep 2026 14:20:48 GMT


[DBG] connection failed
[DBG] seek: preroll{ req: 240645001, start-pts: 240574001, start-fpos: 1106857459} 
[DBG] Buffering 0%
10:20:48.701 AM [player] buffering 0.0
[DBG] end of audio preroll
[DBG] Buffering 3%
[DBG] Buffering 9%
[DBG] Buffering 15%
[DBG] Buffering 19%
[DBG] Buffering 27%
[DBG] end of video preroll
[DBG] Buffering 35%
[DBG] Buffering 38%
[DBG] Buffering 46%
[DBG] Buffering 54%
[DBG] Buffering 58%
[DBG] Buffering 65%
[DBG] Buffering 73%
[DBG] Buffering 77%
[DBG] Buffering 83%
10:20:48.859 AM [skip] +30 s (click) before=240645 ms target=270645 ms
[DBG] Buffering 93%
[DBG] ES_OUT_RESET_PCR called
10:20:48.865 AM [player] buffering 0.0
[DBG] SET_TIME to 270645000
[DBG] seek request to i_pos = 270645000
[DBG] seek: preroll{ track: 1, pts: 269853000, fpos: 1234262196 skip: 1234262196} 
[DBG] resolving 192.168.1.250 ...
[DBG] outgoing request:
GET /stream/4 HTTP/1.1
Host: 192.168.1.250:8093
Accept: */*
Accept-Language: en_US
User-Agent: VLC/4.0.0-dev LibVLC/4.0.0-dev
If-Unmodified-Since: Sat, 18 Jul 2026 03:52:34 GMT
Range: bytes=1234262196-


[DBG] incoming response:
HTTP/1.1 206 Partial Content
Accept-Ranges: bytes
Content-Length: 57249060341
Content-Range: bytes 1234262196-58483322536/58483322537
Content-Type: video/x-matroska
Last-Modified: Sat, 18 Jul 2026 03:52:34 GMT
Date: Mon, 14 Sep 2026 14:20:48 GMT


[DBG] connection failed
[DBG] seek: preroll{ req: 270645001, start-pts: 269853001, start-fpos: 1234262196} 
[DBG] Buffering 0%
10:20:48.951 AM [player] buffering 0.0
[DBG] Buffering 2%
[DBG] Buffering 6%
[DBG] Buffering 9%
[DBG] Buffering 11%
[DBG] Buffering 17%
[DBG] Buffering 20%
10:20:49.088 AM [skip] +30 s (click) before=270645 ms target=300645 ms
[DBG] ES_OUT_RESET_PCR called
[DBG] SET_TIME to 300645000
[DBG] seek request to i_pos = 300645000
[DBG] seek: preroll{ track: 1, pts: 299508000, fpos: 1382167592 skip: 1382167592} 
10:20:49.091 AM [player] buffering 0.0
[DBG] resolving 192.168.1.250 ...
[DBG] outgoing request:
GET /stream/4 HTTP/1.1
Host: 192.168.1.250:8093
Accept: */*
Accept-Language: en_US
User-Agent: VLC/4.0.0-dev LibVLC/4.0.0-dev
If-Unmodified-Since: Sat, 18 Jul 2026 03:52:34 GMT
Range: bytes=1382167592-


[DBG] incoming response:
HTTP/1.1 206 Partial Content
Accept-Ranges: bytes
Content-Length: 57101154945
Content-Range: bytes 1382167592-58483322536/58483322537
Content-Type: video/x-matroska
Last-Modified: Sat, 18 Jul 2026 03:52:34 GMT
Date: Mon, 14 Sep 2026 14:20:49 GMT


[DBG] connection failed
[DBG] seek: preroll{ req: 300645001, start-pts: 299508001, start-fpos: 1382167592} 
[DBG] Buffering 0%
10:20:49.153 AM [player] buffering 0.0
[DBG] Buffering 1%
[DBG] Buffering 5%
[DBG] Buffering 7%
[DBG] Buffering 11%
[DBG] Buffering 13%
[DBG] Buffering 14%
[DBG] Buffering 19%
[DBG] Buffering 21%
[DBG] Buffering 23%
[DBG] Buffering 29%
[DBG] Buffering 31%
[DBG] Buffering 33%
10:20:49.321 AM [skip] +30 s (click) before=300645 ms target=330645 ms
[DBG] ES_OUT_RESET_PCR called
10:20:49.331 AM [player] buffering 0.0
[DBG] SET_TIME to 330645000
[DBG] seek request to i_pos = 330645000
[DBG] seek: preroll{ track: 1, pts: 329704000, fpos: 1526730057 skip: 1526730057} 
[DBG] resolving 192.168.1.250 ...
[DBG] outgoing request:
GET /stream/4 HTTP/1.1
Host: 192.168.1.250:8093
Accept: */*
Accept-Language: en_US
User-Agent: VLC/4.0.0-dev LibVLC/4.0.0-dev
If-Unmodified-Since: Sat, 18 Jul 2026 03:52:34 GMT
Range: bytes=1526730057-


[DBG] incoming response:
HTTP/1.1 206 Partial Content
Accept-Ranges: bytes
Content-Length: 56956592480
Content-Range: bytes 1526730057-58483322536/58483322537
Content-Type: video/x-matroska
Last-Modified: Sat, 18 Jul 2026 03:52:34 GMT
Date: Mon, 14 Sep 2026 14:20:49 GMT


[DBG] connection failed
[DBG] seek: preroll{ req: 330645001, start-pts: 329704001, start-fpos: 1526730057} 
[DBG] Buffering 0%
10:20:49.406 AM [player] buffering 0.0
[DBG] Buffering 2%
[DBG] Buffering 5%
[DBG] Buffering 8%
[DBG] Buffering 10%
[DBG] Buffering 15%
[DBG] Buffering 19%
[DBG] Buffering 21%
[DBG] Buffering 25%
[DBG] Buffering 30%
[DBG] Buffering 32%
[DBG] Buffering 36%
[DBG] Buffering 40%
[DBG] Buffering 43%
[DBG] Buffering 46%
[DBG] end of audio preroll
[DBG] Buffering 51%
[DBG] Buffering 53%
[DBG] Buffering 56%
[DBG] end of video preroll
[DBG] Buffering 60%
[DBG] Buffering 62%
[DBG] Buffering 66%
[DBG] Buffering 70%
[DBG] Buffering 73%
[DBG] Buffering 77%
[DBG] Buffering 81%
[DBG] Buffering 83%
[DBG] Buffering 87%
[DBG] Buffering 92%
[DBG] Buffering 94%
[DBG] Buffering 97%
[DBG] Stream buffering done (2001 ms in 272 ms)
10:20:49.679 AM [player] buffering 1.0
[DBG] Decoder wait done in 0 ms
[DBG] deferring start (82336 us)
[DBG] deferring start (74192 us)
[DBG] deferring start (72595 us)
[DBG] deferring start (71360 us)
[DBG] deferring start (70285 us)
[DBG] deferring start (69212 us)
[DBG] deferring start (74503 us)
[DBG] deferring start (73433 us)
[DBG] deferring start (72376 us)
[DBG] deferring start (71303 us)
[DBG] deferring start (70220 us)
[DBG] deferring start (69168 us)
[DBG] deferring start (68069 us)
[DBG] deferring start (66892 us)
[DBG] deferring start (74663 us)
[DBG] deferring start (73591 us)
[DBG] deferring start (72370 us)
[DBG] deferring start (71275 us)
[DBG] deferring start (70219 us)
[DBG] deferring start (69160 us)
[DBG] deferring start (68101 us)
[DBG] deferring start (67005 us)
[DBG] deferring start (65951 us)
[DBG] deferring start (64897 us)
[DBG] deferring start (63774 us)
[DBG] deferring start (67537 us)
[DBG] deferring start (66472 us)
[DBG] deferring start (65415 us)
[DBG] deferring start (64346 us)
[DBG] deferring start (63304 us)
[DBG] deferring start (62264 us)
[DBG] deferring start (62015 us)
[DBG] deferring start (61797 us)
[DBG] deferring start (61565 us)
[DBG] deferring start (61354 us)
[DBG] deferring start (61118 us)
[DBG] deferring start (66558 us)
[DBG] deferring start (65519 us)
[DBG] deferring start (64490 us)
[DBG] deferring start (63464 us)
[DBG] deferring start (62402 us)
[DBG] deferring start (61379 us)
[DBG] deferring start (60361 us)
[DBG] deferring start (59337 us)
[DBG] deferring start (59132 us)
[DBG] deferring start (58879 us)
[DBG] deferring start (58699 us)
[DBG] deferring start (58503 us)
[DBG] deferring start (58318 us)
[DBG] deferring start (58121 us)
[DBG] deferring start (57850 us)
[DBG] deferring start (57576 us)
[DBG] deferring start (57359 us)
[DBG] deferring start (57129 us)
[DBG] deferring start (56915 us)
[DBG] deferring start (56710 us)
[DBG] deferring start (56513 us)
[DBG] deferring start (56292 us)
[DBG] deferring start (56045 us)
[DBG] deferring start (55675 us)
[DBG] deferring start (57020 us)
[DBG] deferring start (55974 us)
[DBG] deferring start (54951 us)
[DBG] deferring start (54672 us)
[DBG] deferring start (54379 us)
[DBG] deferring start (54095 us)
[DBG] deferring start (55481 us)
[DBG] deferring start (54428 us)
[DBG] deferring start (53382 us)
[DBG] deferring start (53171 us)
[DBG] deferring start (52957 us)
[DBG] deferring start (52743 us)
[DBG] deferring start (52526 us)
[DBG] deferring start (52314 us)
[DBG] deferring start (52115 us)
[DBG] deferring start (51905 us)
[DBG] deferring start (51698 us)
[DBG] deferring start (51451 us)
[DBG] deferring start (51242 us)
[DBG] deferring start (51042 us)
[DBG] deferring start (50780 us)
[DBG] deferring start (50521 us)
[DBG] deferring start (50306 us)
[DBG] deferring start (50105 us)
[DBG] deferring start (49913 us)
[DBG] deferring start (49739 us)
[DBG] deferring start (49556 us)
[DBG] deferring start (49370 us)
[DBG] deferring start (49202 us)
[DBG] deferring start (49029 us)
[DBG] deferring start (48861 us)
[DBG] deferring start (48696 us)
[DBG] deferring start (48520 us)
[DBG] deferring start (48349 us)
[DBG] deferring start (48180 us)
[DBG] deferring start (47976 us)
[DBG] deferring start (47812 us)
[DBG] deferring start (47638 us)
[DBG] deferring start (47468 us)
[DBG] deferring start (47297 us)
[DBG] deferring start (47123 us)
[DBG] deferring start (46949 us)
[DBG] deferring start (46779 us)
[DBG] deferring start (46614 us)
[DBG] deferring start (46438 us)
[DBG] deferring start (46279 us)
[DBG] deferring start (46126 us)
[DBG] deferring start (45964 us)
[DBG] deferring start (45790 us)
[DBG] deferring start (45591 us)
[DBG] deferring start (45385 us)
[DBG] deferring start (45217 us)
[DBG] deferring start (45008 us)
[DBG] deferring start (44826 us)
[DBG] deferring start (44666 us)
[DBG] deferring start (44501 us)
[DBG] deferring start (44305 us)
[DBG] deferring start (44123 us)
[DBG] deferring start (43958 us)
[DBG] deferring start (43762 us)
[DBG] deferring start (43597 us)
[DBG] deferring start (43420 us)
[DBG] deferring start (43231 us)
[DBG] deferring start (43078 us)
[DBG] deferring start (42916 us)
[DBG] deferring start (42745 us)
[DBG] deferring start (42577 us)
[DBG] deferring start (42407 us)
[DBG] deferring start (42230 us)
[DBG] deferring start (42076 us)
[DBG] deferring start (41920 us)
[DBG] deferring start (41780 us)
[DBG] deferring start (41619 us)
[DBG] deferring start (41473 us)
[DBG] deferring start (41318 us)
[DBG] deferring start (41184 us)
[DBG] deferring start (41009 us)
[DBG] deferring start (40854 us)
[DBG] deferring start (40717 us)
[DBG] deferring start (40580 us)
[DBG] deferring start (40426 us)
[DBG] deferring start (40966 us)
[DBG] deferring start (39994 us)
[DBG] deferring start (39825 us)
[DBG] deferring start (39671 us)
[DBG] deferring start (39518 us)
[DBG] deferring start (39364 us)
[DBG] deferring start (39224 us)
[DBG] deferring start (39056 us)
[DBG] deferring start (38904 us)
[DBG] deferring start (38745 us)
[DBG] deferring start (38579 us)
[DBG] deferring start (38427 us)
[DBG] deferring start (38273 us)
[DBG] deferring start (38123 us)
[DBG] deferring start (37968 us)
[DBG] deferring start (37811 us)
[DBG] deferring start (37624 us)
[DBG] deferring start (37472 us)
[DBG] deferring start (37310 us)
[DBG] deferring start (37152 us)
[DBG] deferring start (36993 us)
[DBG] deferring start (36838 us)
[DBG] deferring start (36680 us)
[DBG] deferring start (36526 us)
[DBG] deferring start (36373 us)
[DBG] deferring start (36218 us)
[DBG] deferring start (36062 us)
[DBG] deferring start (35909 us)
[DBG] deferring start (35764 us)
[DBG] deferring start (35612 us)
[DBG] deferring start (35457 us)
[DBG] deferring start (35293 us)
[DBG] deferring start (35135 us)
[DBG] deferring start (34986 us)
[DBG] deferring start (34840 us)
[DBG] deferring start (34678 us)
[DBG] deferring start (34532 us)
[DBG] deferring start (34376 us)
[DBG] deferring start (34229 us)
[DBG] deferring start (34093 us)
[DBG] deferring start (33957 us)
[DBG] deferring start (33760 us)
[DBG] deferring start (33610 us)
[DBG] deferring start (33475 us)
[DBG] deferring start (33330 us)
[DBG] deferring start (33190 us)
[DBG] deferring start (33054 us)
[DBG] deferring start (32910 us)
[DBG] deferring start (32765 us)
[DBG] deferring start (32627 us)
[DBG] deferring start (32491 us)
[DBG] deferring start (32360 us)
[DBG] deferring start (32170 us)
[DBG] deferring start (32775 us)
[DBG] deferring start (31821 us)
[DBG] deferring start (31696 us)
[DBG] deferring start (31550 us)
[DBG] deferring start (31424 us)
[DBG] deferring start (31287 us)
[DBG] deferring start (31067 us)
[DBG] deferring start (30926 us)
[DBG] deferring start (30785 us)
[DBG] deferring start (33856 us)
[DBG] deferring start (32901 us)
[DBG] deferring start (31954 us)
[DBG] deferring start (30994 us)
[DBG] deferring start (30038 us)
[DBG] deferring start (29905 us)
[DBG] deferring start (29771 us)
[DBG] deferring start (29620 us)
[DBG] deferring start (29487 us)
[DBG] deferring start (29346 us)
[DBG] deferring start (29210 us)
[DBG] deferring start (29084 us)
[DBG] deferring start (28926 us)
[DBG] deferring start (28799 us)
[DBG] deferring start (28653 us)
[DBG] deferring start (28517 us)
[DBG] deferring start (28389 us)
[DBG] deferring start (28256 us)
[DBG] deferring start (28109 us)
[DBG] deferring start (27975 us)
[DBG] deferring start (27842 us)
[DBG] deferring start (27707 us)
[DBG] deferring start (27573 us)
[DBG] deferring start (27440 us)
[DBG] deferring start (27296 us)
[DBG] deferring start (27152 us)
[DBG] deferring start (27014 us)
[DBG] deferring start (26856 us)
[DBG] deferring start (27508 us)
[DBG] deferring start (26564 us)
[DBG] deferring start (26430 us)
[DBG] deferring start (26294 us)
[DBG] deferring start (26170 us)
[DBG] deferring start (26043 us)
[DBG] deferring start (25909 us)
[DBG] deferring start (27370 us)
[DBG] deferring start (26421 us)
[DBG] deferring start (25481 us)
[DBG] deferring start (25358 us)
[DBG] deferring start (25238 us)
[DBG] deferring start (25120 us)
[DBG] deferring start (24989 us)
[DBG] deferring start (24862 us)
[DBG] deferring start (24744 us)
[DBG] deferring start (24620 us)
[DBG] deferring start (24489 us)
[DBG] deferring start (24370 us)
[DBG] deferring start (24233 us)
[DBG] deferring start (24099 us)
[DBG] deferring start (23979 us)
[DBG] deferring start (23852 us)
[DBG] deferring start (23729 us)
[DBG] deferring start (23612 us)
[DBG] deferring start (23487 us)
[DBG] deferring start (23349 us)
[DBG] deferring start (23226 us)
[DBG] deferring start (23097 us)
[DBG] deferring start (22976 us)
[DBG] deferring start (22780 us)
[DBG] deferring start (22656 us)
[DBG] deferring start (22534 us)
[DBG] deferring start (22417 us)
[DBG] deferring start (22297 us)
[DBG] deferring start (22176 us)
[DBG] deferring start (22056 us)
[DBG] deferring start (21942 us)
[DBG] deferring start (21825 us)
[DBG] deferring start (21639 us)
[DBG] deferring start (21407 us)
[DBG] deferring start (21168 us)
[DBG] deferring start (21054 us)
[DBG] deferring start (20950 us)
[DBG] deferring start (20844 us)
[DBG] deferring start (20729 us)
[DBG] deferring start (20615 us)
[DBG] deferring start (20499 us)
[DBG] deferring start (20380 us)
[DBG] deferring start (20272 us)
[DBG] deferring start (20162 us)
[DBG] deferring start (20056 us)
[DBG] deferring start (19947 us)
[DBG] deferring start (19837 us)
[DBG] deferring start (19729 us)
[DBG] deferring start (19611 us)
[DBG] deferring start (19500 us)
[DBG] deferring start (19394 us)
[DBG] deferring start (19287 us)
[DBG] deferring start (19181 us)
[DBG] deferring start (19056 us)
[DBG] deferring start (18951 us)
[DBG] deferring start (18842 us)
[DBG] deferring start (18710 us)
[DBG] deferring start (18590 us)
[DBG] deferring start (18480 us)
[DBG] deferring start (18377 us)
[DBG] deferring start (18262 us)
[DBG] deferring start (18158 us)
[DBG] deferring start (18063 us)
[DBG] deferring start (17966 us)
[DBG] deferring start (17866 us)
[DBG] deferring start (17769 us)
[DBG] deferring start (17653 us)
[DBG] deferring start (17554 us)
[DBG] deferring start (17455 us)
[DBG] deferring start (17357 us)
[DBG] deferring start (17259 us)
[DBG] deferring start (17165 us)
[DBG] deferring start (17065 us)
[DBG] deferring start (16957 us)
[DBG] deferring start (16851 us)
[DBG] deferring start (16749 us)
[DBG] deferring start (16649 us)
[DBG] deferring start (16554 us)
[DBG] deferring start (16447 us)
[DBG] deferring start (16352 us)
[DBG] deferring start (16238 us)
[DBG] deferring start (16134 us)
[DBG] deferring start (16038 us)
[DBG] deferring start (15939 us)
[DBG] deferring start (15841 us)
[DBG] deferring start (15739 us)
[DBG] deferring start (15644 us)
[DBG] deferring start (15548 us)
[DBG] deferring start (15446 us)
[DBG] deferring start (15349 us)
[DBG] deferring start (15257 us)
[DBG] deferring start (15154 us)
[DBG] deferring start (15058 us)
[DBG] deferring start (14954 us)
[DBG] deferring start (14846 us)
[DBG] deferring start (14741 us)
[DBG] deferring start (14635 us)
[DBG] deferring start (14517 us)
[DBG] deferring start (14413 us)
[DBG] deferring start (15059 us)
[DBG] deferring start (14136 us)
[DBG] deferring start (14042 us)
[DBG] deferring start (13948 us)
[DBG] deferring start (13849 us)
[DBG] deferring start (13751 us)
[DBG] deferring start (13645 us)
[DBG] deferring start (13541 us)
[DBG] deferring start (13446 us)
[DBG] deferring start (13354 us)
[DBG] deferring start (13256 us)
[DBG] deferring start (13159 us)
[DBG] deferring start (13064 us)
[DBG] deferring start (12967 us)
[DBG] deferring start (12871 us)
[DBG] deferring start (12777 us)
[DBG] deferring start (12678 us)
[DBG] deferring start (12579 us)
[DBG] deferring start (12482 us)
[DBG] deferring start (12385 us)
[DBG] deferring start (12291 us)
[DBG] deferring start (12193 us)
[DBG] deferring start (12085 us)
[DBG] deferring start (11981 us)
[DBG] deferring start (11885 us)
[DBG] deferring start (11789 us)
[DBG] deferring start (11693 us)
[DBG] deferring start (11600 us)
[DBG] deferring start (11505 us)
[DBG] deferring start (11331 us)
[DBG] deferring start (11234 us)
[DBG] deferring start (11133 us)
[DBG] deferring start (11032 us)
[DBG] deferring start (10935 us)
[DBG] deferring start (10800 us)
[DBG] deferring start (10648 us)
[DBG] deferring start (10412 us)
[DBG] deferring start (11918 us)
[DBG] deferring start (10987 us)
[DBG] deferring start (10061 us)
[DBG] deferring start (9955 us)
[DBG] deferring start (9839 us)
[DBG] deferring start (9746 us)
[DBG] deferring start (9643 us)
[DBG] deferring start (9553 us)
[DBG] deferring start (10247 us)
[DBG] deferring start (9328 us)
[DBG] deferring start (9221 us)
[DBG] deferring start (9122 us)
[DBG] deferring start (9024 us)
[DBG] deferring start (8931 us)
[DBG] deferring start (8835 us)
[DBG] deferring start (8739 us)
[DBG] deferring start (8643 us)
[DBG] deferring start (8532 us)
[DBG] deferring start (8440 us)
[DBG] deferring start (8349 us)
[DBG] deferring start (8255 us)
[DBG] deferring start (8161 us)
[DBG] deferring start (8074 us)
[DBG] deferring start (7979 us)
[DBG] deferring start (7886 us)
[DBG] deferring start (7798 us)
[DBG] deferring start (8504 us)
[DBG] deferring start (7591 us)
[DBG] deferring start (7498 us)
[DBG] deferring start (7404 us)
[DBG] deferring start (7311 us)
[DBG] deferring start (7220 us)
[DBG] deferring start (7125 us)
[DBG] deferring start (7030 us)
[DBG] deferring start (6937 us)
[DBG] deferring start (6849 us)
[DBG] deferring start (6755 us)
[DBG] deferring start (6663 us)
[DBG] deferring start (6572 us)
[DBG] deferring start (6477 us)
[DBG] deferring start (6386 us)
[DBG] deferring start (6297 us)
[DBG] deferring start (6161 us)
[DBG] deferring start (6075 us)
[DBG] deferring start (5989 us)
[DBG] deferring start (5901 us)
[DBG] deferring start (5814 us)
[DBG] deferring start (5730 us)
[DBG] deferring start (5644 us)
[DBG] deferring start (5555 us)
[DBG] deferring start (5468 us)
[DBG] deferring start (5383 us)
[DBG] deferring start (5290 us)
[DBG] deferring start (5202 us)
[DBG] deferring start (6729 us)
[DBG] deferring start (5819 us)
[DBG] deferring start (4913 us)
[DBG] deferring start (4826 us)
[DBG] deferring start (4741 us)
[DBG] deferring start (4651 us)
[DBG] deferring start (4566 us)
[DBG] deferring start (4488 us)
[DBG] deferring start (4402 us)
[DBG] deferring start (4298 us)
[DBG] deferring start (4209 us)
[DBG] deferring start (4114 us)
[DBG] deferring start (4023 us)
[DBG] deferring start (3943 us)
[DBG] deferring start (3864 us)
[DBG] deferring start (3779 us)
[DBG] deferring start (3696 us)
[DBG] deferring start (3607 us)
[DBG] deferring start (3518 us)
[DBG] deferring start (3437 us)
[DBG] deferring start (3357 us)
[DBG] deferring start (3267 us)
[DBG] deferring start (3180 us)
[DBG] deferring start (3091 us)
[DBG] deferring start (3002 us)
[DBG] deferring start (2905 us)
[DBG] deferring start (2823 us)
[DBG] deferring start (2741 us)
[DBG] deferring start (2659 us)
[DBG] deferring start (2578 us)
[DBG] deferring start (2488 us)
[DBG] deferring start (2414 us)
[DBG] deferring start (2286 us)
[DBG] deferring start (2199 us)
[DBG] deferring start (2110 us)
[DBG] deferring start (2021 us)
[DBG] deferring start (1931 us)
[DBG] deferring start (1844 us)
[DBG] deferring start (1755 us)
[DBG] deferring start (1661 us)
[DBG] deferring start (1573 us)
[DBG] deferring start (1486 us)
[DBG] deferring start (1398 us)
[DBG] deferring start (1306 us)
[DBG] deferring start (1223 us)
[DBG] deferring start (1132 us)
[DBG] deferring start (1049 us)
[DBG] deferring start (960 us)
[DBG] deferring start (875 us)
[DBG] deferring start (789 us)
[DBG] deferring start (708 us)
[DBG] deferring start (619 us)
[DBG] deferring start (538 us)
[DBG] deferring start (408 us)
[DBG] deferring start (318 us)
[DBG] deferring start (229 us)
[DBG] deferring start (140 us)
[DBG] deferring start (56 us)
[DBG] starting late (-31 us)
10:20:49.838 AM [skip] after=330645 ms
[WARN] picture is too late to be displayed (missing 50 ms)
[WARN] picture is too late to be displayed (missing 46 ms)
[WARN] picture is too late to be displayed (missing 49 ms)
[WARN] picture is too late to be displayed (missing 51 ms)
[WARN] picture is too late to be displayed (missing 47 ms)
[WARN] picture is too late to be displayed (missing 46 ms)
[WARN] picture is too late to be displayed (missing 47 ms)
[WARN] picture is too late to be displayed (missing 49 ms)
[WARN] picture is too late to be displayed (missing 47 ms)
[WARN] picture is too late to be displayed (missing 48 ms)
[WARN] picture is too late to be displayed (missing 50 ms)
[WARN] picture is too late to be displayed (missing 49 ms)
[WARN] picture is too late to be displayed (missing 51 ms)
[WARN] picture is too late to be displayed (missing 48 ms)
[WARN] picture is too late to be displayed (missing 48 ms)
[WARN] picture is too late to be displayed (missing 48 ms)
[WARN] picture is too late to be displayed (missing 50 ms)
[WARN] picture is too late to be displayed (missing 50 ms)
[WARN] picture is too late to be displayed (missing 46 ms)
[WARN] picture is too late to be displayed (missing 50 ms)
[WARN] picture is too late to be displayed (missing 51 ms)
[WARN] picture is too late to be displayed (missing 50 ms)
[WARN] picture is too late to be displayed (missing 49 ms)
[WARN] picture is too late to be displayed (missing 52 ms)
[WARN] picture is too late to be displayed (missing 52 ms)
[WARN] picture is too late to be displayed (missing 50 ms)
[WARN] picture is too late to be displayed (missing 48 ms)
[WARN] picture is too late to be displayed (missing 51 ms)
[WARN] picture is too late to be displayed (missing 46 ms)
[WARN] picture is too late to be displayed (missing 49 ms)
[WARN] picture is too late to be displayed (missing 45 ms)
[WARN] picture is too late to be displayed (missing 48 ms)
[WARN] picture is too late to be displayed (missing 50 ms)
[WARN] picture is too late to be displayed (missing 50 ms)
[WARN] picture is too late to be displayed (missing 50 ms)
[WARN] picture is too late to be displayed (missing 50 ms)
[WARN] picture is too late to be displayed (missing 51 ms)
[WARN] picture is too late to be displayed (missing 50 ms)
[WARN] picture is too late to be displayed (missing 48 ms)
[WARN] picture is too late to be displayed (missing 47 ms)
[WARN] picture is too late to be displayed (missing 51 ms)
[WARN] picture is too late to be displayed (missing 51 ms)
[WARN] picture is too late to be displayed (missing 49 ms)
[WARN] picture is too late to be displayed (missing 47 ms)
[WARN] picture is too late to be displayed (missing 48 ms)
[WARN] picture is too late to be displayed (missing 50 ms)
[WARN] picture is too late to be displayed (missing 49 ms)
[WARN] picture is too late to be displayed (missing 48 ms)
[WARN] picture is too late to be displayed (missing 51 ms)
[WARN] picture is too late to be displayed (missing 49 ms)
[WARN] picture is too late to be displayed (missing 52 ms)
[WARN] picture is too late to be displayed (missing 51 ms)
[WARN] picture is too late to be displayed (missing 49 ms)
[WARN] picture is too late to be displayed (missing 50 ms)
[WARN] picture is too late to be displayed (missing 49 ms)
[WARN] picture is too late to be displayed (missing 51 ms)
[WARN] picture is too late to be displayed (missing 49 ms)
[WARN] picture is too late to be displayed (missing 50 ms)
[WARN] picture is too late to be displayed (missing 51 ms)
[WARN] picture is too late to be displayed (missing 50 ms)
[WARN] picture is too late to be displayed (missing 50 ms)
[WARN] picture is too late to be displayed (missing 47 ms)
[WARN] picture is too late to be displayed (missing 49 ms)
[WARN] picture is too late to be displayed (missing 51 ms)
[WARN] picture is too late to be displayed (missing 50 ms)
[WARN] picture is too late to be displayed (missing 47 ms)
[WARN] picture is too late to be displayed (missing 51 ms)
[WARN] picture is too late to be displayed (missing 49 ms)
[WARN] picture is too late to be displayed (missing 49 ms)
[WARN] picture is too late to be displayed (missing 52 ms)
[WARN] picture is too late to be displayed (missing 52 ms)
[WARN] picture is too late to be displayed (missing 52 ms)
[WARN] picture is too late to be displayed (missing 52 ms)
[WARN] picture is too late to be displayed (missing 48 ms)
[WARN] picture is too late to be displayed (missing 52 ms)
[WARN] picture is too late to be displayed (missing 51 ms)
[WARN] picture is too late to be displayed (missing 51 ms)
[WARN] picture is too late to be displayed (missing 51 ms)
[WARN] picture is too late to be displayed (missing 48 ms)
[WARN] picture is too late to be displayed (missing 50 ms)
[WARN] picture is too late to be displayed (missing 47 ms)
[WARN] picture is too late to be displayed (missing 51 ms)
[WARN] picture is too late to be displayed (missing 48 ms)
[WARN] picture is too late to be displayed (missing 51 ms)
[WARN] picture is too late to be displayed (missing 47 ms)
[WARN] picture is too late to be displayed (missing 48 ms)
[WARN] picture is too late to be displayed (missing 51 ms)
[WARN] picture is too late to be displayed (missing 50 ms)
[WARN] picture is too late to be displayed (missing 51 ms)
[WARN] picture is too late to be displayed (missing 51 ms)
[WARN] picture is too late to be displayed (missing 47 ms)
[WARN] picture is too late to be displayed (missing 51 ms)
[WARN] picture is too late to be displayed (missing 46 ms)
[WARN] picture is too late to be displayed (missing 50 ms)
[WARN] picture is too late to be displayed (missing 47 ms)
[WARN] picture is too late to be displayed (missing 48 ms)
[WARN] picture is too late to be displayed (missing 51 ms)
[WARN] picture is too late to be displayed (missing 49 ms)
[WARN] picture is too late to be displayed (missing 49 ms)
[WARN] picture is too late to be displayed (missing 51 ms)
[WARN] picture is too late to be displayed (missing 51 ms)
[WARN] picture is too late to be displayed (missing 51 ms)
[WARN] picture is too late to be displayed (missing 50 ms)
[WARN] picture is too late to be displayed (missing 51 ms)
[WARN] picture is too late to be displayed (missing 50 ms)
[WARN] picture is too late to be displayed (missing 48 ms)
[WARN] picture is too late to be displayed (missing 51 ms)
[WARN] picture is too late to be displayed (missing 51 ms)
[WARN] picture is too late to be displayed (missing 50 ms)
[WARN] picture is too late to be displayed (missing 47 ms)
[WARN] picture is too late to be displayed (missing 46 ms)
[WARN] picture is too late to be displayed (missing 51 ms)
[WARN] picture is too late to be displayed (missing 51 ms)
[WARN] picture is too late to be displayed (missing 47 ms)
[WARN] picture is too late to be displayed (missing 45 ms)
[WARN] picture is too late to be displayed (missing 50 ms)
[WARN] picture is too late to be displayed (missing 49 ms)
[WARN] picture is too late to be displayed (missing 47 ms)
[WARN] picture is too late to be displayed (missing 51 ms)
[WARN] picture is too late to be displayed (missing 50 ms)
[WARN] picture is too late to be displayed (missing 49 ms)
[WARN] picture is too late to be displayed (missing 48 ms)
[WARN] picture is too late to be displayed (missing 51 ms)
[WARN] picture is too late to be displayed (missing 47 ms)
[WARN] picture is too late to be displayed (missing 48 ms)
[WARN] picture is too late to be displayed (missing 49 ms)
[WARN] picture is too late to be displayed (missing 51 ms)
[WARN] picture is too late to be displayed (missing 47 ms)
[WARN] picture is too late to be displayed (missing 47 ms)
[WARN] picture is too late to be displayed (missing 48 ms)
[WARN] picture is too late to be displayed (missing 51 ms)
[WARN] picture is too late to be displayed (missing 47 ms)
[WARN] picture is too late to be displayed (missing 50 ms)
[WARN] picture is too late to be displayed (missing 46 ms)
[WARN] picture is too late to be displayed (missing 45 ms)
[WARN] picture is too late to be displayed (missing 51 ms)
[WARN] picture is too late to be displayed (missing 49 ms)
[WARN] picture is too late to be displayed (missing 47 ms)
[WARN] picture is too late to be displayed (missing 48 ms)
[WARN] picture is too late to be displayed (missing 50 ms)
[WARN] picture is too late to be displayed (missing 47 ms)
[WARN] picture is too late to be displayed (missing 51 ms)
[WARN] picture is too late to be displayed (missing 50 ms)
[WARN] picture is too late to be displayed (missing 50 ms)
[WARN] picture is too late to be displayed (missing 51 ms)
[WARN] picture is too late to be displayed (missing 51 ms)
[WARN] picture is too late to be displayed (missing 46 ms)
[WARN] picture is too late to be displayed (missing 51 ms)
[WARN] picture is too late to be displayed (missing 50 ms)
[WARN] picture is too late to be displayed (missing 50 ms)
[WARN] picture is too late to be displayed (missing 45 ms)
[WARN] picture is too late to be displayed (missing 51 ms)
[WARN] picture is too late to be displayed (missing 48 ms)
[WARN] picture is too late to be displayed (missing 51 ms)
[WARN] picture is too late to be displayed (missing 48 ms)
[WARN] picture is too late to be displayed (missing 51 ms)
[WARN] picture is too late to be displayed (missing 52 ms)
[WARN] picture is too late to be displayed (missing 50 ms)
[WARN] picture is too late to be displayed (missing 51 ms)
[WARN] picture is too late to be displayed (missing 51 ms)
[WARN] picture is too late to be displayed (missing 51 ms)
[WARN] picture is too late to be displayed (missing 51 ms)
[WARN] picture is too late to be displayed (missing 50 ms)
[WARN] picture is too late to be displayed (missing 50 ms)
[WARN] picture is too late to be displayed (missing 49 ms)
[WARN] picture is too late to be displayed (missing 49 ms)
[WARN] picture is too late to be displayed (missing 46 ms)
[WARN] picture is too late to be displayed (missing 48 ms)
[WARN] picture is too late to be displayed (missing 50 ms)
[WARN] picture is too late to be displayed (missing 47 ms)
[WARN] picture is too late to be displayed (missing 48 ms)
[WARN] picture is too late to be displayed (missing 48 ms)
[WARN] picture is too late to be displayed (missing 50 ms)
[WARN] picture is too late to be displayed (missing 51 ms)
[WARN] picture is too late to be displayed (missing 50 ms)
[WARN] picture is too late to be displayed (missing 51 ms)
[WARN] picture is too late to be displayed (missing 50 ms)
[WARN] picture is too late to be displayed (missing 49 ms)
[WARN] picture is too late to be displayed (missing 50 ms)
[WARN] picture is too late to be displayed (missing 51 ms)
[WARN] picture is too late to be displayed (missing 50 ms)
[WARN] picture is too late to be displayed (missing 47 ms)
[WARN] picture is too late to be displayed (missing 50 ms)
[WARN] picture is too late to be displayed (missing 49 ms)
[WARN] picture is too late to be displayed (missing 45 ms)
[WARN] picture is too late to be displayed (missing 52 ms)
[WARN] picture is too late to be displayed (missing 50 ms)
[WARN] picture is too late to be displayed (missing 50 ms)
[WARN] picture is too late to be displayed (missing 50 ms)
[WARN] picture is too late to be displayed (missing 51 ms)
[WARN] picture is too late to be displayed (missing 47 ms)
[WARN] picture is too late to be displayed (missing 52 ms)
[WARN] picture is too late to be displayed (missing 49 ms)
[WARN] picture is too late to be displayed (missing 50 ms)
[WARN] picture is too late to be displayed (missing 51 ms)
[WARN] picture is too late to be displayed (missing 51 ms)
[WARN] picture is too late to be displayed (missing 51 ms)
[WARN] picture is too late to be displayed (missing 51 ms)
[WARN] picture is too late to be displayed (missing 51 ms)
[WARN] picture is too late to be displayed (missing 45 ms)
[WARN] picture is too late to be displayed (missing 49 ms)
[WARN] picture is too late to be displayed (missing 51 ms)
[WARN] picture is too late to be displayed (missing 51 ms)
[WARN] picture is too late to be displayed (missing 50 ms)
[WARN] picture is too late to be displayed (missing 51 ms)
[WARN] picture is too late to be displayed (missing 51 ms)
[WARN] picture is too late to be displayed (missing 52 ms)
[WARN] picture is too late to be displayed (missing 50 ms)
[WARN] picture is too late to be displayed (missing 47 ms)
[WARN] picture is too late to be displayed (missing 47 ms)
[WARN] picture is too late to be displayed (missing 48 ms)
[WARN] picture is too late to be displayed (missing 50 ms)
[WARN] picture is too late to be displayed (missing 47 ms)
[WARN] picture is too late to be displayed (missing 50 ms)
[WARN] picture is too late to be displayed (missing 48 ms)
[WARN] picture is too late to be displayed (missing 46 ms)
[WARN] picture is too late to be displayed (missing 48 ms)
[WARN] picture is too late to be displayed (missing 51 ms)
[WARN] picture is too late to be displayed (missing 47 ms)
[WARN] picture is too late to be displayed (missing 46 ms)
[WARN] picture is too late to be displayed (missing 51 ms)
[WARN] picture is too late to be displayed (missing 51 ms)
[WARN] picture is too late to be displayed (missing 50 ms)
[WARN] picture is too late to be displayed (missing 50 ms)
[WARN] picture is too late to be displayed (missing 50 ms)
[WARN] picture is too late to be displayed (missing 51 ms)
[WARN] picture is too late to be displayed (missing 51 ms)
[WARN] picture is too late to be displayed (missing 50 ms)
[WARN] picture is too late to be displayed (missing 51 ms)
[WARN] picture is too late to be displayed (missing 46 ms)
[WARN] picture is too late to be displayed (missing 46 ms)
[WARN] picture is too late to be displayed (missing 50 ms)
[WARN] picture is too late to be displayed (missing 51 ms)
[WARN] picture is too late to be displayed (missing 51 ms)
[WARN] picture is too late to be displayed (missing 49 ms)
[WARN] picture is too late to be displayed (missing 48 ms)
[WARN] picture is too late to be displayed (missing 47 ms)
[WARN] picture is too late to be displayed (missing 51 ms)
[WARN] picture is too late to be displayed (missing 51 ms)
[WARN] picture is too late to be displayed (missing 50 ms)
[WARN] picture is too late to be displayed (missing 51 ms)
[WARN] picture is too late to be displayed (missing 51 ms)
[WARN] picture is too late to be displayed (missing 48 ms)
[WARN] picture is too late to be displayed (missing 50 ms)
[WARN] picture is too late to be displayed (missing 48 ms)
[WARN] picture is too late to be displayed (missing 46 ms)
[WARN] picture is too late to be displayed (missing 50 ms)
[WARN] picture is too late to be displayed (missing 50 ms)
[WARN] picture is too late to be displayed (missing 50 ms)
[WARN] picture is too late to be displayed (missing 51 ms)
[WARN] picture is too late to be displayed (missing 51 ms)
[WARN] picture is too late to be displayed (missing 49 ms)
[WARN] picture is too late to be displayed (missing 47 ms)
[WARN] picture is too late to be displayed (missing 46 ms)
[WARN] picture is too late to be displayed (missing 47 ms)
[WARN] picture is too late to be displayed (missing 51 ms)
[WARN] picture is too late to be displayed (missing 50 ms)
[WARN] picture is too late to be displayed (missing 51 ms)
[WARN] picture is too late to be displayed (missing 50 ms)
[WARN] picture is too late to be displayed (missing 47 ms)
[WARN] picture is too late to be displayed (missing 46 ms)
[WARN] picture is too late to be displayed (missing 51 ms)
[WARN] picture is too late to be displayed (missing 48 ms)
[WARN] picture is too late to be displayed (missing 51 ms)
[WARN] picture is too late to be displayed (missing 51 ms)
[WARN] picture is too late to be displayed (missing 52 ms)
[WARN] picture is too late to be displayed (missing 51 ms)
[WARN] picture is too late to be displayed (missing 48 ms)
[WARN] picture is too late to be displayed (missing 48 ms)
[WARN] picture is too late to be displayed (missing 51 ms)
[WARN] picture is too late to be displayed (missing 47 ms)
[WARN] picture is too late to be displayed (missing 45 ms)
[WARN] picture is too late to be displayed (missing 50 ms)
[WARN] picture is too late to be displayed (missing 47 ms)
[WARN] picture is too late to be displayed (missing 50 ms)
[WARN] picture is too late to be displayed (missing 47 ms)
[WARN] picture is too late to be displayed (missing 48 ms)
[WARN] picture is too late to be displayed (missing 48 ms)
[WARN] picture is too late to be displayed (missing 50 ms)
[WARN] picture is too late to be displayed (missing 48 ms)
[WARN] picture is too late to be displayed (missing 48 ms)
[WARN] picture is too late to be displayed (missing 47 ms)
[WARN] picture is too late to be displayed (missing 50 ms)
[WARN] picture is too late to be displayed (missing 50 ms)
[WARN] picture is too late to be displayed (missing 51 ms)
[WARN] picture is too late to be displayed (missing 47 ms)
[WARN] picture is too late to be displayed (missing 47 ms)
[WARN] picture is too late to be displayed (missing 50 ms)
[WARN] picture is too late to be displayed (missing 49 ms)
[WARN] picture is too late to be displayed (missing 51 ms)
[WARN] picture is too late to be displayed (missing 50 ms)
[WARN] picture is too late to be displayed (missing 51 ms)
[WARN] picture is too late to be displayed (missing 51 ms)
[WARN] picture is too late to be displayed (missing 50 ms)
[WARN] picture is too late to be displayed (missing 50 ms)
[WARN] picture is too late to be displayed (missing 49 ms)
[WARN] picture is too late to be displayed (missing 50 ms)
[WARN] picture is too late to be displayed (missing 50 ms)
[WARN] picture is too late to be displayed (missing 50 ms)
[WARN] picture is too late to be displayed (missing 51 ms)
[WARN] picture is too late to be displayed (missing 50 ms)
[WARN] picture is too late to be displayed (missing 51 ms)
[WARN] picture is too late to be displayed (missing 45 ms)
[WARN] picture is too late to be displayed (missing 47 ms)
[WARN] picture is too late to be displayed (missing 45 ms)
[WARN] picture is too late to be displayed (missing 51 ms)
[WARN] picture is too late to be displayed (missing 47 ms)
[WARN] picture is too late to be displayed (missing 46 ms)
[WARN] picture is too late to be displayed (missing 51 ms)
[WARN] picture is too late to be displayed (missing 47 ms)
[WARN] picture is too late to be displayed (missing 47 ms)
[WARN] picture is too late to be displayed (missing 49 ms)
[WARN] picture is too late to be displayed (missing 48 ms)
[WARN] picture is too late to be displayed (missing 50 ms)
[WARN] picture is too late to be displayed (missing 50 ms)
[WARN] picture is too late to be displayed (missing 50 ms)
[WARN] picture is too late to be displayed (missing 51 ms)
[WARN] picture is too late to be displayed (missing 51 ms)
[WARN] picture is too late to be displayed (missing 51 ms)
[WARN] picture is too late to be displayed (missing 50 ms)
[WARN] picture is too late to be displayed (missing 50 ms)
[WARN] picture is too late to be displayed (missing 47 ms)
[WARN] picture is too late to be displayed (missing 47 ms)
[WARN] picture is too late to be displayed (missing 48 ms)
[WARN] picture is too late to be displayed (missing 51 ms)
[WARN] picture is too late to be displayed (missing 51 ms)
[WARN] picture is too late to be displayed (missing 46 ms)
[WARN] picture is too late to be displayed (missing 51 ms)
[WARN] picture is too late to be displayed (missing 49 ms)
[WARN] picture is too late to be displayed (missing 46 ms)
[WARN] picture is too late to be displayed (missing 47 ms)
[WARN] picture is too late to be displayed (missing 51 ms)
[WARN] picture is too late to be displayed (missing 51 ms)
[WARN] picture is too late to be displayed (missing 50 ms)
[WARN] picture is too late to be displayed (missing 50 ms)
[WARN] picture is too late to be displayed (missing 49 ms)
[WARN] picture is too late to be displayed (missing 46 ms)
[WARN] picture is too late to be displayed (missing 46 ms)
[WARN] picture is too late to be displayed (missing 46 ms)
[WARN] picture is too late to be displayed (missing 51 ms)
[WARN] picture is too late to be displayed (missing 50 ms)
[WARN] picture is too late to be displayed (missing 43 ms)
[WARN] picture is too late to be displayed (missing 48 ms)
[WARN] picture is too late to be displayed (missing 48 ms)
[WARN] picture is too late to be displayed (missing 47 ms)
[WARN] picture is too late to be displayed (missing 50 ms)
[WARN] picture is too late to be displayed (missing 51 ms)
[WARN] picture is too late to be displayed (missing 50 ms)
[WARN] picture is too late to be displayed (missing 51 ms)
[WARN] picture is too late to be displayed (missing 50 ms)
[WARN] picture is too late to be displayed (missing 48 ms)
[WARN] picture is too late to be displayed (missing 49 ms)
[WARN] picture is too late to be displayed (missing 50 ms)
[WARN] picture is too late to be displayed (missing 51 ms)
[WARN] picture is too late to be displayed (missing 49 ms)
[WARN] picture is too late to be displayed (missing 50 ms)
[WARN] picture is too late to be displayed (missing 51 ms)
[WARN] picture is too late to be displayed (missing 50 ms)
[WARN] picture is too late to be displayed (missing 51 ms)
[WARN] picture is too late to be displayed (missing 47 ms)
[WARN] picture is too late to be displayed (missing 47 ms)
[WARN] picture is too late to be displayed (missing 51 ms)
[WARN] picture is too late to be displayed (missing 49 ms)
[WARN] picture is too late to be displayed (missing 50 ms)
[WARN] picture is too late to be displayed (missing 48 ms)
[WARN] picture is too late to be displayed (missing 50 ms)
[WARN] picture is too late to be displayed (missing 50 ms)
[WARN] picture is too late to be displayed (missing 49 ms)
[WARN] picture is too late to be displayed (missing 51 ms)
[WARN] picture is too late to be displayed (missing 48 ms)
[WARN] picture is too late to be displayed (missing 50 ms)
[WARN] picture is too late to be displayed (missing 50 ms)
[WARN] picture is too late to be displayed (missing 47 ms)
[WARN] picture is too late to be displayed (missing 47 ms)
[WARN] picture is too late to be displayed (missing 51 ms)
[WARN] picture is too late to be displayed (missing 50 ms)
[WARN] picture is too late to be displayed (missing 51 ms)
[WARN] picture is too late to be displayed (missing 46 ms)
[WARN] picture is too late to be displayed (missing 51 ms)
[WARN] picture is too late to be displayed (missing 50 ms)
[WARN] picture is too late to be displayed (missing 46 ms)
[WARN] picture is too late to be displayed (missing 50 ms)
[WARN] picture is too late to be displayed (missing 51 ms)
[WARN] picture is too late to be displayed (missing 50 ms)
[WARN] picture is too late to be displayed (missing 51 ms)
[WARN] picture is too late to be displayed (missing 47 ms)
[WARN] picture is too late to be displayed (missing 48 ms)
[WARN] picture is too late to be displayed (missing 50 ms)
[WARN] picture is too late to be displayed (missing 48 ms)
[WARN] picture is too late to be displayed (missing 46 ms)
[WARN] picture is too late to be displayed (missing 51 ms)
[WARN] picture is too late to be displayed (missing 50 ms)
[WARN] picture is too late to be displayed (missing 50 ms)
[WARN] picture is too late to be displayed (missing 49 ms)
[WARN] picture is too late to be displayed (missing 50 ms)
[WARN] picture is too late to be displayed (missing 50 ms)
[WARN] picture is too late to be displayed (missing 46 ms)
[WARN] picture is too late to be displayed (missing 50 ms)
[WARN] picture is too late to be displayed (missing 46 ms)
[WARN] picture is too late to be displayed (missing 47 ms)
[WARN] picture is too late to be displayed (missing 46 ms)
[WARN] picture is too late to be displayed (missing 50 ms)
[WARN] picture is too late to be displayed (missing 50 ms)
[WARN] picture is too late to be displayed (missing 49 ms)
[WARN] picture is too late to be displayed (missing 50 ms)
[WARN] picture is too late to be displayed (missing 49 ms)
[WARN] picture is too late to be displayed (missing 47 ms)
[WARN] picture is too late to be displayed (missing 49 ms)
[WARN] picture is too late to be displayed (missing 49 ms)
[WARN] picture is too late to be displayed (missing 50 ms)
[WARN] picture is too late to be displayed (missing 50 ms)
[WARN] picture is too late to be displayed (missing 49 ms)
[WARN] picture is too late to be displayed (missing 51 ms)
[WARN] picture is too late to be displayed (missing 49 ms)
[WARN] picture is too late to be displayed (missing 51 ms)
[WARN] picture is too late to be displayed (missing 49 ms)
[WARN] picture is too late to be displayed (missing 47 ms)
[WARN] picture is too late to be displayed (missing 47 ms)
[WARN] picture is too late to be displayed (missing 51 ms)
[WARN] picture is too late to be displayed (missing 48 ms)
[WARN] picture is too late to be displayed (missing 51 ms)
[WARN] picture is too late to be displayed (missing 47 ms)
[WARN] picture is too late to be displayed (missing 47 ms)
[WARN] picture is too late to be displayed (missing 46 ms)
[WARN] picture is too late to be displayed (missing 48 ms)
[WARN] picture is too late to be displayed (missing 47 ms)
[WARN] picture is too late to be displayed (missing 47 ms)
[WARN] picture is too late to be displayed (missing 47 ms)
[WARN] picture is too late to be displayed (missing 51 ms)
[WARN] picture is too late to be displayed (missing 46 ms)
[WARN] picture is too late to be displayed (missing 46 ms)
[WARN] picture is too late to be displayed (missing 51 ms)
[WARN] picture is too late to be displayed (missing 49 ms)
[WARN] picture is too late to be displayed (missing 47 ms)
[WARN] picture is too late to be displayed (missing 50 ms)
[WARN] picture is too late to be displayed (missing 50 ms)
[WARN] picture is too late to be displayed (missing 51 ms)
[WARN] picture is too late to be displayed (missing 49 ms)
[WARN] picture is too late to be displayed (missing 46 ms)
[WARN] picture is too late to be displayed (missing 45 ms)
[WARN] picture is too late to be displayed (missing 50 ms)
[WARN] picture is too late to be displayed (missing 48 ms)
[WARN] picture is too late to be displayed (missing 49 ms)
[WARN] picture is too late to be displayed (missing 47 ms)
[WARN] picture is too late to be displayed (missing 50 ms)
[WARN] picture is too late to be displayed (missing 51 ms)
[WARN] picture is too late to be displayed (missing 50 ms)
[WARN] picture is too late to be displayed (missing 50 ms)
[WARN] picture is too late to be displayed (missing 50 ms)
[WARN] picture is too late to be displayed (missing 50 ms)
[WARN] picture is too late to be displayed (missing 50 ms)
[WARN] picture is too late to be displayed (missing 45 ms)
[WARN] picture is too late to be displayed (missing 49 ms)
[WARN] picture is too late to be displayed (missing 47 ms)
[WARN] picture is too late to be displayed (missing 50 ms)
[WARN] picture is too late to be displayed (missing 49 ms)
[WARN] picture is too late to be displayed (missing 51 ms)
[WARN] picture is too late to be displayed (missing 51 ms)
[WARN] picture is too late to be displayed (missing 45 ms)
[WARN] picture is too late to be displayed (missing 49 ms)
[WARN] picture is too late to be displayed (missing 49 ms)
[WARN] picture is too late to be displayed (missing 50 ms)
[WARN] picture is too late to be displayed (missing 50 ms)
[WARN] picture is too late to be displayed (missing 49 ms)
[WARN] picture is too late to be displayed (missing 50 ms)
[WARN] picture is too late to be displayed (missing 50 ms)
[WARN] picture is too late to be displayed (missing 46 ms)
[WARN] picture is too late to be displayed (missing 49 ms)
[WARN] picture is too late to be displayed (missing 50 ms)
[WARN] picture is too late to be displayed (missing 50 ms)
[WARN] picture is too late to be displayed (missing 50 ms)
[WARN] picture is too late to be displayed (missing 50 ms)
[WARN] picture is too late to be displayed (missing 50 ms)
[WARN] picture is too late to be displayed (missing 51 ms)
[WARN] picture is too late to be displayed (missing 51 ms)
[WARN] picture is too late to be displayed (missing 48 ms)
[WARN] picture is too late to be displayed (missing 46 ms)
[WARN] picture is too late to be displayed (missing 50 ms)
[WARN] picture is too late to be displayed (missing 48 ms)
[WARN] picture is too late to be displayed (missing 44 ms)
[WARN] picture is too late to be displayed (missing 50 ms)
[WARN] picture is too late to be displayed (missing 50 ms)
[WARN] picture is too late to be displayed (missing 50 ms)
[WARN] picture is too late to be displayed (missing 46 ms)
[WARN] picture is too late to be displayed (missing 51 ms)
[WARN] picture is too late to be displayed (missing 51 ms)
[WARN] picture is too late to be displayed (missing 51 ms)
[WARN] picture is too late to be displayed (missing 50 ms)
[WARN] picture is too late to be displayed (missing 49 ms)
[WARN] picture is too late to be displayed (missing 51 ms)
[WARN] picture is too late to be displayed (missing 51 ms)
[WARN] picture is too late to be displayed (missing 45 ms)
[WARN] picture is too late to be displayed (missing 50 ms)
[WARN] picture is too late to be displayed (missing 50 ms)
[WARN] picture is too late to be displayed (missing 50 ms)
[WARN] picture is too late to be displayed (missing 49 ms)
[WARN] picture is too late to be displayed (missing 51 ms)
[WARN] picture is too late to be displayed (missing 49 ms)
[WARN] picture is too late to be displayed (missing 46 ms)
[WARN] picture is too late to be displayed (missing 48 ms)
[WARN] picture is too late to be displayed (missing 51 ms)
[WARN] picture is too late to be displayed (missing 51 ms)
[WARN] picture is too late to be displayed (missing 48 ms)
[WARN] picture is too late to be displayed (missing 50 ms)
[WARN] picture is too late to be displayed (missing 46 ms)
[WARN] picture is too late to be displayed (missing 51 ms)
[WARN] picture is too late to be displayed (missing 50 ms)
[WARN] picture is too late to be displayed (missing 50 ms)
[WARN] picture is too late to be displayed (missing 49 ms)
[WARN] picture is too late to be displayed (missing 51 ms)
[WARN] picture is too late to be displayed (missing 50 ms)
[WARN] picture is too late to be displayed (missing 50 ms)
[WARN] picture is too late to be displayed (missing 46 ms)
[WARN] picture is too late to be displayed (missing 46 ms)
[WARN] picture is too late to be displayed (missing 50 ms)
[WARN] picture is too late to be displayed (missing 49 ms)
[WARN] picture is too late to be displayed (missing 48 ms)
[WARN] picture is too late to be displayed (missing 51 ms)
[WARN] picture is too late to be displayed (missing 51 ms)
[WARN] picture is too late to be displayed (missing 47 ms)
[WARN] picture is too late to be displayed (missing 50 ms)
[WARN] picture is too late to be displayed (missing 47 ms)
[WARN] picture is too late to be displayed (missing 47 ms)
[WARN] picture is too late to be displayed (missing 51 ms)
[WARN] picture is too late to be displayed (missing 48 ms)
[WARN] picture is too late to be displayed (missing 47 ms)
[WARN] picture is too late to be displayed (missing 51 ms)
[WARN] picture is too late to be displayed (missing 51 ms)
[WARN] picture is too late to be displayed (missing 47 ms)
[WARN] picture is too late to be displayed (missing 50 ms)
[WARN] picture is too late to be displayed (missing 51 ms)
[WARN] picture is too late to be displayed (missing 51 ms)
[WARN] picture is too late to be displayed (missing 51 ms)
[WARN] picture is too late to be displayed (missing 49 ms)
[WARN] picture is too late to be displayed (missing 48 ms)
[WARN] picture is too late to be displayed (missing 51 ms)
[WARN] picture is too late to be displayed (missing 51 ms)
[WARN] picture is too late to be displayed (missing 51 ms)
[WARN] picture is too late to be displayed (missing 51 ms)
[WARN] picture is too late to be displayed (missing 48 ms)
[WARN] picture is too late to be displayed (missing 51 ms)
[WARN] picture is too late to be displayed (missing 47 ms)
[WARN] picture is too late to be displayed (missing 50 ms)
[WARN] picture is too late to be displayed (missing 46 ms)
[WARN] picture is too late to be displayed (missing 50 ms)
[WARN] picture is too late to be displayed (missing 50 ms)
[WARN] picture is too late to be displayed (missing 48 ms)
[WARN] picture is too late to be displayed (missing 51 ms)
[WARN] picture is too late to be displayed (missing 51 ms)
[WARN] picture is too late to be displayed (missing 51 ms)
[WARN] picture is too late to be displayed (missing 49 ms)
[WARN] picture is too late to be displayed (missing 51 ms)
[WARN] picture is too late to be displayed (missing 47 ms)
[WARN] picture is too late to be displayed (missing 51 ms)
[WARN] picture is too late to be displayed (missing 51 ms)
[WARN] picture is too late to be displayed (missing 51 ms)
[WARN] picture is too late to be displayed (missing 49 ms)
[WARN] picture is too late to be displayed (missing 46 ms)
[WARN] picture is too late to be displayed (missing 50 ms)
[WARN] picture is too late to be displayed (missing 49 ms)
[WARN] picture is too late to be displayed (missing 46 ms)
[WARN] picture is too late to be displayed (missing 46 ms)
[WARN] picture is too late to be displayed (missing 51 ms)
[WARN] picture is too late to be displayed (missing 47 ms)
[WARN] picture is too late to be displayed (missing 51 ms)
[WARN] picture is too late to be displayed (missing 49 ms)
[WARN] picture is too late to be displayed (missing 47 ms)
[WARN] picture is too late to be displayed (missing 51 ms)
[WARN] picture is too late to be displayed (missing 47 ms)
[WARN] picture is too late to be displayed (missing 46 ms)
[WARN] picture is too late to be displayed (missing 49 ms)
[WARN] picture is too late to be displayed (missing 50 ms)
[WARN] picture is too late to be displayed (missing 49 ms)
[WARN] picture is too late to be displayed (missing 46 ms)
[WARN] picture is too late to be displayed (missing 49 ms)
[WARN] picture is too late to be displayed (missing 51 ms)
[WARN] picture is too late to be displayed (missing 49 ms)
[WARN] picture is too late to be displayed (missing 46 ms)
[WARN] picture is too late to be displayed (missing 46 ms)
[WARN] picture is too late to be displayed (missing 49 ms)
[WARN] picture is too late to be displayed (missing 49 ms)
[WARN] picture is too late to be displayed (missing 46 ms)
[WARN] picture is too late to be displayed (missing 49 ms)
[WARN] picture is too late to be displayed (missing 50 ms)
[WARN] picture is too late to be displayed (missing 50 ms)
[WARN] picture is too late to be displayed (missing 50 ms)
[WARN] picture is too late to be displayed (missing 47 ms)
[WARN] picture is too late to be displayed (missing 50 ms)
[WARN] picture is too late to be displayed (missing 46 ms)
[WARN] picture is too late to be displayed (missing 46 ms)
[WARN] picture is too late to be displayed (missing 50 ms)
[WARN] picture is too late to be displayed (missing 46 ms)
[WARN] picture is too late to be displayed (missing 51 ms)
[WARN] picture is too late to be displayed (missing 45 ms)
[WARN] picture is too late to be displayed (missing 51 ms)
[WARN] picture is too late to be displayed (missing 48 ms)
[WARN] picture is too late to be displayed (missing 49 ms)
[WARN] picture is too late to be displayed (missing 50 ms)
[WARN] picture is too late to be displayed (missing 51 ms)
[WARN] picture is too late to be displayed (missing 50 ms)
[WARN] picture is too late to be displayed (missing 51 ms)
[WARN] picture is too late to be displayed (missing 49 ms)
[WARN] picture is too late to be displayed (missing 51 ms)
[WARN] picture is too late to be displayed (missing 49 ms)
[WARN] picture is too late to be displayed (missing 51 ms)
[WARN] picture is too late to be displayed (missing 49 ms)
[WARN] picture is too late to be displayed (missing 46 ms)
[WARN] picture is too late to be displayed (missing 48 ms)
[WARN] picture is too late to be displayed (missing 51 ms)
[WARN] picture is too late to be displayed (missing 46 ms)
[WARN] picture is too late to be displayed (missing 51 ms)
[WARN] picture is too late to be displayed (missing 49 ms)
[WARN] picture is too late to be displayed (missing 51 ms)
[WARN] picture is too late to be displayed (missing 47 ms)
[WARN] picture is too late to be displayed (missing 51 ms)
[WARN] picture is too late to be displayed (missing 46 ms)
[WARN] picture is too late to be displayed (missing 51 ms)
[WARN] picture is too late to be displayed (missing 50 ms)
[WARN] picture is too late to be displayed (missing 46 ms)
[WARN] picture is too late to be displayed (missing 48 ms)
[WARN] picture is too late to be displayed (missing 49 ms)
[WARN] picture is too late to be displayed (missing 47 ms)
[WARN] picture is too late to be displayed (missing 48 ms)
[WARN] picture is too late to be displayed (missing 49 ms)
[WARN] picture is too late to be displayed (missing 49 ms)
[WARN] picture is too late to be displayed (missing 50 ms)
[WARN] picture is too late to be displayed (missing 47 ms)
[WARN] picture is too late to be displayed (missing 48 ms)
[WARN] picture is too late to be displayed (missing 47 ms)
[WARN] picture is too late to be displayed (missing 51 ms)
[WARN] picture is too late to be displayed (missing 47 ms)
[WARN] picture is too late to be displayed (missing 47 ms)
[WARN] picture is too late to be displayed (missing 48 ms)
[WARN] picture is too late to be displayed (missing 51 ms)
[WARN] picture is too late to be displayed (missing 49 ms)
[WARN] picture is too late to be displayed (missing 49 ms)
[WARN] picture is too late to be displayed (missing 49 ms)
[WARN] picture is too late to be displayed (missing 50 ms)
[WARN] picture is too late to be displayed (missing 51 ms)
[WARN] picture is too late to be displayed (missing 49 ms)
[WARN] picture is too late to be displayed (missing 50 ms)
[WARN] picture is too late to be displayed (missing 44 ms)
[WARN] picture is too late to be displayed (missing 48 ms)
[WARN] picture is too late to be displayed (missing 51 ms)
[WARN] picture is too late to be displayed (missing 50 ms)
[WARN] picture is too late to be displayed (missing 51 ms)
[WARN] picture is too late to be displayed (missing 50 ms)
[WARN] picture is too late to be displayed (missing 50 ms)
[WARN] picture is too late to be displayed (missing 49 ms)
[WARN] picture is too late to be displayed (missing 50 ms)
[WARN] picture is too late to be displayed (missing 46 ms)
[WARN] picture is too late to be displayed (missing 47 ms)
[WARN] picture is too late to be displayed (missing 49 ms)
[WARN] picture is too late to be displayed (missing 48 ms)
[WARN] picture is too late to be displayed (missing 51 ms)
[WARN] picture is too late to be displayed (missing 46 ms)
[WARN] picture is too late to be displayed (missing 51 ms)
[WARN] picture is too late to be displayed (missing 50 ms)
[WARN] picture is too late to be displayed (missing 48 ms)
[WARN] picture is too late to be displayed (missing 47 ms)
[WARN] picture is too late to be displayed (missing 47 ms)
[WARN] picture is too late to be displayed (missing 51 ms)
[WARN] picture is too late to be displayed (missing 49 ms)
[WARN] picture is too late to be displayed (missing 46 ms)
[WARN] picture is too late to be displayed (missing 50 ms)
[WARN] picture is too late to be displayed (missing 51 ms)
[WARN] picture is too late to be displayed (missing 48 ms)
[WARN] picture is too late to be displayed (missing 51 ms)
[WARN] picture is too late to be displayed (missing 46 ms)
[WARN] picture is too late to be displayed (missing 46 ms)
[WARN] picture is too late to be displayed (missing 50 ms)
[WARN] picture is too late to be displayed (missing 51 ms)
[WARN] picture is too late to be displayed (missing 49 ms)
[WARN] picture is too late to be displayed (missing 47 ms)
[WARN] picture is too late to be displayed (missing 49 ms)
[WARN] picture is too late to be displayed (missing 48 ms)
[WARN] picture is too late to be displayed (missing 50 ms)
[WARN] picture is too late to be displayed (missing 50 ms)
[WARN] picture is too late to be displayed (missing 51 ms)
[WARN] picture is too late to be displayed (missing 48 ms)
[WARN] picture is too late to be displayed (missing 51 ms)
[WARN] picture is too late to be displayed (missing 47 ms)
[WARN] picture is too late to be displayed (missing 50 ms)
[WARN] picture is too late to be displayed (missing 46 ms)
[WARN] picture is too late to be displayed (missing 47 ms)
[WARN] picture is too late to be displayed (missing 50 ms)
[WARN] picture is too late to be displayed (missing 49 ms)
[WARN] picture is too late to be displayed (missing 49 ms)
[WARN] picture is too late to be displayed (missing 50 ms)
[WARN] picture is too late to be displayed (missing 47 ms)
[WARN] picture is too late to be displayed (missing 51 ms)
[WARN] picture is too late to be displayed (missing 47 ms)
[WARN] picture is too late to be displayed (missing 49 ms)
[WARN] picture is too late to be displayed (missing 48 ms)
[WARN] picture is too late to be displayed (missing 49 ms)
[WARN] picture is too late to be displayed (missing 48 ms)
[WARN] picture is too late to be displayed (missing 50 ms)
[WARN] picture is too late to be displayed (missing 49 ms)
[WARN] picture is too late to be displayed (missing 50 ms)
[WARN] picture is too late to be displayed (missing 46 ms)
[WARN] picture is too late to be displayed (missing 50 ms)
[WARN] picture is too late to be displayed (missing 50 ms)
[WARN] picture is too late to be displayed (missing 48 ms)
[WARN] picture is too late to be displayed (missing 47 ms)
[WARN] picture is too late to be displayed (missing 46 ms)
[WARN] picture is too late to be displayed (missing 50 ms)
[WARN] picture is too late to be displayed (missing 50 ms)
[WARN] picture is too late to be displayed (missing 51 ms)
[WARN] picture is too late to be displayed (missing 50 ms)
[WARN] picture is too late to be displayed (missing 50 ms)
[WARN] picture is too late to be displayed (missing 48 ms)
[WARN] picture is too late to be displayed (missing 51 ms)
[WARN] picture is too late to be displayed (missing 50 ms)
[WARN] picture is too late to be displayed (missing 50 ms)
[WARN] picture is too late to be displayed (missing 50 ms)
[WARN] picture is too late to be displayed (missing 48 ms)
[WARN] picture is too late to be displayed (missing 49 ms)
[WARN] picture is too late to be displayed (missing 48 ms)
[WARN] picture is too late to be displayed (missing 46 ms)
[WARN] picture is too late to be displayed (missing 51 ms)
[WARN] picture is too late to be displayed (missing 48 ms)
[WARN] picture is too late to be displayed (missing 47 ms)
[WARN] picture is too late to be displayed (missing 49 ms)
[WARN] picture is too late to be displayed (missing 52 ms)
[WARN] picture is too late to be displayed (missing 46 ms)
[WARN] picture is too late to be displayed (missing 51 ms)
[WARN] picture is too late to be displayed (missing 51 ms)
[WARN] picture is too late to be displayed (missing 49 ms)
[WARN] picture is too late to be displayed (missing 47 ms)
[WARN] picture is too late to be displayed (missing 48 ms)
[WARN] picture is too late to be displayed (missing 48 ms)
[WARN] picture is too late to be displayed (missing 48 ms)
[WARN] picture is too late to be displayed (missing 50 ms)
[WARN] picture is too late to be displayed (missing 50 ms)
[WARN] picture is too late to be displayed (missing 48 ms)
[WARN] picture is too late to be displayed (missing 50 ms)
[WARN] picture is too late to be displayed (missing 47 ms)
[WARN] picture is too late to be displayed (missing 46 ms)
[WARN] picture is too late to be displayed (missing 50 ms)
[WARN] picture is too late to be displayed (missing 51 ms)
[WARN] picture is too late to be displayed (missing 48 ms)
[WARN] picture is too late to be displayed (missing 46 ms)
[WARN] picture is too late to be displayed (missing 48 ms)
[WARN] picture is too late to be displayed (missing 51 ms)
[WARN] picture is too late to be displayed (missing 50 ms)
[WARN] picture is too late to be displayed (missing 50 ms)
[WARN] picture is too late to be displayed (missing 50 ms)
[WARN] picture is too late to be displayed (missing 47 ms)
[WARN] picture is too late to be displayed (missing 48 ms)
[WARN] picture is too late to be displayed (missing 46 ms)
[WARN] picture is too late to be displayed (missing 51 ms)
[WARN] picture is too late to be displayed (missing 48 ms)
[WARN] picture is too late to be displayed (missing 48 ms)
[WARN] picture is too late to be displayed (missing 51 ms)
[WARN] picture is too late to be displayed (missing 49 ms)
[WARN] picture is too late to be displayed (missing 50 ms)
[WARN] picture is too late to be displayed (missing 50 ms)
[WARN] picture is too late to be displayed (missing 48 ms)
[WARN] picture is too late to be displayed (missing 50 ms)
[WARN] picture is too late to be displayed (missing 51 ms)
[WARN] picture is too late to be displayed (missing 48 ms)
[WARN] picture is too late to be displayed (missing 51 ms)
[WARN] picture is too late to be displayed (missing 47 ms)
[WARN] picture is too late to be displayed (missing 48 ms)
[WARN] picture is too late to be displayed (missing 51 ms)
[WARN] picture is too late to be displayed (missing 48 ms)
[WARN] picture is too late to be displayed (missing 51 ms)
[WARN] picture is too late to be displayed (missing 47 ms)
[WARN] picture is too late to be displayed (missing 50 ms)
[WARN] picture is too late to be displayed (missing 47 ms)
[WARN] picture is too late to be displayed (missing 47 ms)
[WARN] picture is too late to be displayed (missing 47 ms)
[WARN] picture is too late to be displayed (missing 49 ms)
[WARN] picture is too late to be displayed (missing 50 ms)
[WARN] picture is too late to be displayed (missing 50 ms)
[WARN] picture is too late to be displayed (missing 51 ms)
[WARN] picture is too late to be displayed (missing 51 ms)
[WARN] picture is too late to be displayed (missing 46 ms)
[WARN] picture is too late to be displayed (missing 47 ms)
[WARN] picture is too late to be displayed (missing 47 ms)
[WARN] picture is too late to be displayed (missing 49 ms)
[WARN] picture is too late to be displayed (missing 49 ms)
[WARN] picture is too late to be displayed (missing 48 ms)
[WARN] picture is too late to be displayed (missing 47 ms)
[WARN] picture is too late to be displayed (missing 48 ms)
[WARN] picture is too late to be displayed (missing 51 ms)
[WARN] picture is too late to be displayed (missing 49 ms)
[WARN] picture is too late to be displayed (missing 47 ms)
[WARN] picture is too late to be displayed (missing 51 ms)
[WARN] picture is too late to be displayed (missing 47 ms)
[WARN] picture is too late to be displayed (missing 51 ms)
[WARN] picture is too late to be displayed (missing 50 ms)
[WARN] picture is too late to be displayed (missing 48 ms)
[WARN] picture is too late to be displayed (missing 50 ms)
[WARN] picture is too late to be displayed (missing 47 ms)
[WARN] picture is too late to be displayed (missing 50 ms)
[WARN] picture is too late to be displayed (missing 50 ms)
[WARN] picture is too late to be displayed (missing 52 ms)
[WARN] picture is too late to be displayed (missing 48 ms)
[WARN] picture is too late to be displayed (missing 46 ms)
[WARN] picture is too late to be displayed (missing 51 ms)
[WARN] picture is too late to be displayed (missing 47 ms)
[WARN] picture is too late to be displayed (missing 49 ms)
[WARN] picture is too late to be displayed (missing 47 ms)
[WARN] picture is too late to be displayed (missing 49 ms)
[WARN] picture is too late to be displayed (missing 47 ms)
[WARN] picture is too late to be displayed (missing 50 ms)
[WARN] picture is too late to be displayed (missing 50 ms)
[WARN] picture is too late to be displayed (missing 49 ms)
[WARN] picture is too late to be displayed (missing 48 ms)
[WARN] picture is too late to be displayed (missing 48 ms)
[WARN] picture is too late to be displayed (missing 50 ms)
[WARN] picture is too late to be displayed (missing 50 ms)
[WARN] picture is too late to be displayed (missing 46 ms)
[WARN] picture is too late to be displayed (missing 47 ms)
[WARN] picture is too late to be displayed (missing 47 ms)
[WARN] picture is too late to be displayed (missing 51 ms)
[WARN] picture is too late to be displayed (missing 47 ms)
[WARN] picture is too late to be displayed (missing 48 ms)
[WARN] picture is too late to be displayed (missing 49 ms)
[WARN] picture is too late to be displayed (missing 52 ms)
[WARN] picture is too late to be displayed (missing 47 ms)
[WARN] picture is too late to be displayed (missing 46 ms)
[WARN] picture is too late to be displayed (missing 48 ms)
[WARN] picture is too late to be displayed (missing 50 ms)
[WARN] picture is too late to be displayed (missing 46 ms)
[WARN] picture is too late to be displayed (missing 53 ms)
[WARN] picture is too late to be displayed (missing 51 ms)
[WARN] picture is too late to be displayed (missing 48 ms)
[WARN] picture is too late to be displayed (missing 51 ms)
[WARN] picture is too late to be displayed (missing 48 ms)
[WARN] picture is too late to be displayed (missing 52 ms)
[WARN] picture is too late to be displayed (missing 52 ms)
[WARN] picture is too late to be displayed (missing 47 ms)
[WARN] picture is too late to be displayed (missing 49 ms)
[WARN] picture is too late to be displayed (missing 49 ms)
[WARN] picture is too late to be displayed (missing 50 ms)
[WARN] picture is too late to be displayed (missing 50 ms)
[WARN] picture is too late to be displayed (missing 49 ms)
[WARN] picture is too late to be displayed (missing 47 ms)
[WARN] picture is too late to be displayed (missing 50 ms)
[WARN] picture is too late to be displayed (missing 47 ms)
[WARN] picture is too late to be displayed (missing 49 ms)
[WARN] picture is too late to be displayed (missing 48 ms)
[WARN] picture is too late to be displayed (missing 50 ms)
[WARN] picture is too late to be displayed (missing 51 ms)
[WARN] picture is too late to be displayed (missing 46 ms)
[WARN] picture is too late to be displayed (missing 48 ms)
[WARN] picture is too late to be displayed (missing 46 ms)
[WARN] picture is too late to be displayed (missing 48 ms)
[WARN] picture is too late to be displayed (missing 50 ms)
[WARN] picture is too late to be displayed (missing 51 ms)
[WARN] picture is too late to be displayed (missing 45 ms)
[WARN] picture is too late to be displayed (missing 51 ms)
[WARN] picture is too late to be displayed (missing 51 ms)
[WARN] picture is too late to be displayed (missing 47 ms)
[WARN] picture is too late to be displayed (missing 50 ms)
[WARN] picture is too late to be displayed (missing 47 ms)
[WARN] picture is too late to be displayed (missing 49 ms)
[WARN] picture is too late to be displayed (missing 50 ms)
[WARN] picture is too late to be displayed (missing 49 ms)
[WARN] picture is too late to be displayed (missing 47 ms)
[WARN] picture is too late to be displayed (missing 45 ms)
[WARN] picture is too late to be displayed (missing 48 ms)
[WARN] picture is too late to be displayed (missing 46 ms)
[WARN] picture is too late to be displayed (missing 50 ms)
[WARN] picture is too late to be displayed (missing 50 ms)
[WARN] picture is too late to be displayed (missing 49 ms)
[WARN] picture is too late to be displayed (missing 47 ms)
10:24:47.092 AM [player] dismiss at 567612 ms, state Playing
10:24:47.093 AM [player] state Stopping at 567653 ms
[DBG] killing decoder fourcc `hevc'
[DBG] removing "video decoder" module "videotoolbox"
[DBG] saving a free vout
[DBG] ES track unselected: 'video/1' (fourcc: 'hevc')
10:24:47.184 AM [player] track selected type=1 selected= unselected=video/1
[DBG] killing decoder fourcc `mlpa'
[DBG] removing "audio decoder" module "avcodec"
[DBG] removing "audio packetizer" module "mlp"
[DBG] removing "audio resampler" module "soxr"
[DBG] removing "audio converter" module "audio_format"
[DBG] removing "audio filter" module "scaletempo"
[DBG] removing "audio volume" module "float_mixer"
[DBG] keeping audio output
[DBG] ES track unselected: 'audio/2' (fourcc: 'mlpa')
[DBG] removing "demux" module "mkv"
10:24:47.328 AM [player] track selected type=0 selected= unselected=audio/2
[DBG] ES track deleted: 'video/1' (fourcc: 'hevc')
[DBG] ES track deleted: 'audio/2' (fourcc: 'mlpa')
[DBG] ES track deleted: 'audio/3' (fourcc: 'a52 ')
[DBG] ES track deleted: 'audio/4' (fourcc: 'a52 ')
[DBG] ES track deleted: 'spu/5' (fourcc: 'bdpg')
[DBG] Program doesn't contain anymore ES
[DBG] removing "stream_filter" module "record"
[DBG] removing "stream_filter" module "prefetch"
[DBG] removing "access" module "http"
[DBG] connection failed
[DBG] stop free vout
10:24:47.329 AM [player] state Stopped at 567653 ms
