8:53:03.669 PM [log] started 2026-09-15 00:53:03 +0000 VLCKit 4.0.0-dev Otto Chriek
[DBG] VLC media player - 4.0.0-dev Otto Chriek
[DBG] Copyright © 1996-2026 the VideoLAN team
[DBG] revision 4.0.0-dev-38818-ge50d9ac36a
[DBG] configured with /Users/marlin1111/vlckit-build/VLCKit/libvlc/vlc/configure  '--host=aarch64-apple-darwin' '--build=aarch64-apple-darwin25.6.0' '--prefix=/Users/marlin1111/vlckit-build/VLCKit/libvlc/vlc/build-appletvos-arm64/vlc-appletvos27.0-arm64' '--with-contrib=/Users/marlin1111/vlckit-build/VLCKit/libvlc/vlc/contrib/arm64-appletvos27.0' '--disable-sse' '--disable-vcd' '--disable-macosx' '--disable-macosx-avfoundation' '--disable-lua' '--disable-qt' '--disable-skins2' '--disable-vlc' '--disable-vlm' '--disable-nls' '--disable-notify' '--disable-projectm' '--disable-goom' '--disable-dvdread' '--disable-dvdnav' '--disable-bluray' '--disable-linsys' '--disable-libva' '--disable-gme' '--disable-tremor' '--disable-fluidsynth' '--disable-jack' '--disable-pulse' '--disable-mtp' '--disable-screen' '--disable-sparkle' '--disable-addonmanagermodules' '--disable-mad' '--disable-upnp-server' '--disable-debug' '--disable-shared' '--enable-static' 'CFLAGS=-mtvos-version-min=11.0 -arch arm64 -isysroot /Applications/Xcode.app/Contents/Developer/Platforms/AppleTVOS.platform/Developer/SDKs/AppleTVOS27.0.sdk -g' 'OBJCFLAGS=-mtvos-version-min=11.0 -arch arm64 -isysroot /Applications/Xcode.app/Contents/Developer/Platforms/AppleTVOS.platform/Developer/SDKs/AppleTVOS27.0.sdk -g' 'CXXFLAGS=-mtvos-version-min=11.0 -arch arm64 -isysroot /Applications/Xcode.app/Contents/Developer/Platforms/AppleTVOS.platform/Developer/SDKs/AppleTVOS27.0.sdk -g' 'OBJCXXFLAGS=-mtvos-version-min=11.0 -arch arm64 -isysroot /Applications/Xcode.app/Contents/Developer/Platforms/AppleTVOS.platform/Developer/SDKs/AppleTVOS27.0.sdk -g' 'ac_cv_prog_cc_c23=no' 'ac_cv_func_basename_r=no' 'ac_cv_func_clock_getres=no' 'ac_cv_func_clock_gettime=no' 'ac_cv_func_clock_settime=no' 'ac_cv_func_dirname_r=no' 'ac_cv_func_getentropy=no' 'ac_cv_func_mkostemp=no' 'ac_cv_func_mkostemps=no' 'ac_cv_func_timingsafe_bcmp=no' 'ac_cv_func_open_wmemstream=no' 'ac_cv_func_fmemopen=no' 'ac_cv_func_open_memstream=no' 'ac_cv_func_futimens=no' 'ac_cv_func_utimensat=no' 'ac_cv_func_dup3=no' 'ac_cv_func_pipe2=no' 'ac_cv_func_thread_get_register_pointer_values=no' 'ac_cv_func_aligned_alloc=no' 'ac_cv_func_timespec_get=no' 'build_alias=aarch64-apple-darwin25.6.0' 'host_alias=aarch64-apple-darwin' 'CC=/Applications/Xcode.app/Contents/Developer/Toolchains/XcodeDefault.xctoolchain/usr/bin/clang' 'LDFLAGS=-mtvos-version-min=11.0 -mtvos-version-min=11.0 -arch arm64 -isysroot /Applications/Xcode.app/Contents/Developer/Platforms/AppleTVOS.platform/Developer/SDKs/AppleTVOS27.0.sdk ' 'CPPFLAGS=-arch arm64 -isysroot /Applications/Xcode.app/Contents/Developer/Platforms/AppleTVOS.platform/Developer/SDKs/AppleTVOS27.0.sdk' 'CXX=/Applications/Xcode.app/Contents/Developer/Toolchains/XcodeDefault.xctoolchain/usr/bin/clang++' 'CPP=/Applications/Xcode.app/Contents/Developer/Toolchains/XcodeDefault.xctoolchain/usr/bin/clang -E' 'OBJC=/Applications/Xcode.app/Contents/Developer/Toolchains/XcodeDefault.xctoolchain/usr/bin/clang' 'OBJCXX=/Applications/Xcode.app/Contents/Developer/Toolchains/XcodeDefault.xctoolchain/usr/bin/clang++' 'PKG_CONFIG_LIBDIR='
[DBG] creating audio output
[DBG] looking for audio output module matching "any": 2 candidates
[DBG] using audio output module "avsamplebuffer"
[DBG] keeping audio output
8:53:03.676 PM [player] request Stargate — Extended · SD · AC-3 5.1 — http://192.168.1.250:8093/stream/2
8:53:03.676 PM [player] file Movies/Stargate (1994)/Stargate (1994) {edition-Extended}.mkv 720x480 hdr=false video=mpeg2video Main audio=ac3 5.1(side), ac3 stereo
8:53:03.698 PM [display] before: maxFPS=60 edrHeadroom=1.00/1.00 gamut=1 matchingEnabled=true switchInProgress=false criteria=nil
[DBG] Creating an input for preparsing '2'
8:53:03.820 PM [display] parse finished with status 6
8:53:03.820 PM [display] request (from parsed media) refresh=29.971 range=SDR (BT.709) codec=MPEG-1/2 Video 720x480 — after set: maxFPS=60 edrHeadroom=1.00/1.00 gamut=1 matchingEnabled=true switchInProgress=false criteria=set
[DBG] Creating an input for playback'2'
8:53:03.820 PM [player] play() called
[DBG] using timeshift granularity of 50 MiB
[DBG] using default timeshift path
[DBG] `http://192.168.1.250:8093/stream/2' gives access `http' demux `mkv_trusted' path `192.168.1.250:8093/stream/2'
[DBG] creating access: http://192.168.1.250:8093/stream/2
[DBG] looking for access module matching "http": 2 candidates
8:53:03.821 PM [player] state Opening at 0 ms
8:53:03.821 PM [player] buffering 0.0
[DBG] looking for keystore module matching "any": 1 candidates
[DBG] using keystore module "keychain"
[DBG] Lookup keychain entry for server 192.168.1.250
[WARN] lookup failed (-25300: 'Item not found')
[DBG] resolving 192.168.1.250 ...
[DBG] outgoing request:
GET /stream/2 HTTP/1.1
Host: 192.168.1.250:8093
Accept: */*
Accept-Language: en_US
User-Agent: VLC/4.0.0-dev LibVLC/4.0.0-dev
Range: bytes=0-


8:53:03.821 PM [display] mode switch start: maxFPS=60 edrHeadroom=1.00/1.00 gamut=1 matchingEnabled=true switchInProgress=true criteria=set
[DBG] incoming response:
HTTP/1.1 206 Partial Content
Accept-Ranges: bytes
Content-Length: 5722251076
Content-Range: bytes 0-5722251075/5722251076
Content-Type: video/x-matroska
Last-Modified: Fri, 17 Jul 2026 19:22:43 GMT
Date: Tue, 15 Sep 2026 00:53:03 GMT


[DBG] removing "keystore" module "keychain"
[DBG] using access module "http"
[DBG] looking for stream_filter module matching "prefetch,cache": 2 candidates
[DBG] using 16777216 bytes buffer
[DBG] using stream_filter module "prefetch"
[DBG] looking for stream_filter module matching "any": 4 candidates
[DBG] no stream_filter modules matched with name any
[DBG] looking for stream_directory module matching "any": 0 candidates
[DBG] no stream_directory modules matched with name any
[DBG] attachment of directory-extractor failed for http://192.168.1.250:8093/stream/2
[DBG] looking for stream_filter module matching "record": 1 candidates
[DBG] using stream_filter module "record"
[DBG] creating demux "mkv_trusted", URL: http://192.168.1.250:8093/stream/2, path: (null)
[DBG] looking for demux module matching "mkv_trusted": 1 candidates
[DBG] |   + Seek head
[DBG] |   - info at 1207
[DBG] |   + Information
[DBG] |   |   + TimecodeScale=1000000
[DBG] |   |   + Muxing Application=libmakemkv v1.18.4 (1.3.10/1.5.2) darwin(arm64-release)
[DBG] |   |   + Writing Application=MakeMKV v1.18.4 darwin(arm64-release)
[DBG] |   |   + Duration=7798056
[DBG] |   |   + Date=Fri Jul 17 19:10:16 2026
[DBG] |   |   + UID=fc59c1d6626f549
[DBG] |   - tracks at 1355
[DBG] |   + Tracks
[DBG] |   |   + Track Entry
[DBG] |   |   |   + Track Number=1
[DBG] |   |   |   + Track UID=1
[DBG] |   |   |   + Track Type=video
[DBG] |   |   |   + Track Default=0
[DBG] |   |   |   + Track Lacing=0
[DBG] |   |   |   + Track MinCache=2
[DBG] |   |   |   + Track CodecId=V_MPEG2
[DBG] |   |   |   + Track CodecPrivate size=150
[DBG] |   |   |   + Track Default Duration=33366
[DBG] |   |   |   + Track Video
[DBG] |   |   |   |   + width=720
[DBG] |   |   |   |   + height=480
[DBG] |   |   |   |   + display width=640
[DBG] |   |   |   |   + display height=480
[DBG] |   |   + Track Entry
[DBG] |   |   |   + Track Number=2
[DBG] |   |   |   + Track UID=2
[DBG] |   |   |   + Track Type=audio
[DBG] |   |   |   + Track Default=1
[DBG] |   |   |   + Track Lacing=1
[DBG] |   |   |   + Track CodecId=A_AC3
[DBG] |   |   |   + Track Language=`eng'
[DBG] |   |   |   + Track Default Duration=32000
[DBG] |   |   |   + Track Name=Surround 5.1
[DBG] |   |   |   + Track Audio
[DBG] |   |   |   |   + afreq=48000
[DBG] |   |   |   |   + achan=6
[DBG] |   |   + Track Entry
[DBG] |   |   |   + Track Number=3
[DBG] |   |   |   + Track UID=3
[DBG] |   |   |   + Track Type=audio
[DBG] |   |   |   + Track Default=0
[DBG] |   |   |   + Track Lacing=1
[DBG] |   |   |   + Track CodecId=A_AC3
[DBG] |   |   |   + Track Language=`eng'
[DBG] |   |   |   + Track Default Duration=32000
[DBG] |   |   |   + Track Name=Stereo
[DBG] |   |   |   + Track Audio
[DBG] |   |   |   |   + afreq=48000
[DBG] |   |   |   |   + achan=2
[DBG] |   |   + Track Entry
[DBG] |   |   |   + Track Number=4
[DBG] |   |   |   + Track UID=4
[DBG] |   |   |   + Track Type=subtitle
[DBG] |   |   |   + Track Default=1
[DBG] |   |   |   + Track Lacing=0
[DBG] |   |   |   + Track CodecId=S_TEXT/UTF8
[DBG] |   |   |   + Track Language=`eng'
[DBG] |   - cues at 5721968431
[DBG] resolving 192.168.1.250 ...
[DBG] outgoing request:
GET /stream/2 HTTP/1.1
Host: 192.168.1.250:8093
Accept: */*
Accept-Language: en_US
User-Agent: VLC/4.0.0-dev LibVLC/4.0.0-dev
If-Unmodified-Since: Fri, 17 Jul 2026 19:22:43 GMT
Range: bytes=5721968431-


[DBG] incoming response:
HTTP/1.1 206 Partial Content
Accept-Ranges: bytes
Content-Length: 282645
Content-Range: bytes 5721968431-5722251075/5722251076
Content-Type: video/x-matroska
Last-Modified: Fri, 17 Jul 2026 19:22:43 GMT
Date: Tue, 15 Sep 2026 00:53:03 GMT


[DBG] connection failed
[DBG] |   + Cues
[DBG] end of stream
[DBG] |   - loading cues done.
[DBG] resolving 192.168.1.250 ...
[DBG] outgoing request:
GET /stream/2 HTTP/1.1
Host: 192.168.1.250:8093
Accept: */*
Accept-Language: en_US
User-Agent: VLC/4.0.0-dev LibVLC/4.0.0-dev
If-Unmodified-Since: Fri, 17 Jul 2026 19:22:43 GMT
Range: bytes=123-


[DBG] incoming response:
HTTP/1.1 206 Partial Content
Accept-Ranges: bytes
Content-Length: 5722250953
Content-Range: bytes 123-5722251075/5722251076
Content-Type: video/x-matroska
Last-Modified: Fri, 17 Jul 2026 19:22:43 GMT
Date: Tue, 15 Sep 2026 00:53:03 GMT


[DBG] |   - chapters at 1739
[DBG] |   + Chapters
[DBG] |   |   |   + ChapterAtom (level=0)
[DBG] |   |   |   |   + ChapterUID=50de48b1df9e4024
[DBG] |   |   |   |   + ChapterTimeStart=0
[DBG] |   |   |   |   + ChapterFlagHidden=no
[DBG] |   |   |   |   + ChapterTimeEnd=165965800
[DBG] |   |   |   |   + ChapterDisplay
[DBG] |   |   |   |   |   + ChapterString=Chapter 01
[DBG] |   |   |   |   |   + ChapterLanguage=eng
[DBG] |   |   |   + ChapterAtom (level=0)
[DBG] |   |   |   |   + ChapterUID=b251f80f695e59d
[DBG] |   |   |   |   + ChapterTimeStart=165965800
[DBG] |   |   |   |   + ChapterFlagHidden=no
[DBG] |   |   |   |   + ChapterTimeEnd=252885966
[DBG] |   |   |   |   + ChapterDisplay
[DBG] |   |   |   |   |   + ChapterString=Chapter 02
[DBG] |   |   |   |   |   + ChapterLanguage=eng
[DBG] |   |   |   + ChapterAtom (level=0)
[DBG] |   |   |   |   + ChapterUID=40433953fbf569a4
[DBG] |   |   |   |   + ChapterTimeStart=252885966
[DBG] |   |   |   |   + ChapterFlagHidden=no
[DBG] |   |   |   |   + ChapterTimeEnd=413713300
[DBG] |   |   |   |   + ChapterDisplay
[DBG] |   |   |   |   |   + ChapterString=Chapter 03
[DBG] |   |   |   |   |   + ChapterLanguage=eng
[DBG] |   |   |   + ChapterAtom (level=0)
[DBG] |   |   |   |   + ChapterUID=b89ed893dc66ba40
[DBG] |   |   |   |   + ChapterTimeStart=413713300
[DBG] |   |   |   |   + ChapterFlagHidden=no
[DBG] |   |   |   |   + ChapterTimeEnd=519519000
[DBG] |   |   |   |   + ChapterDisplay
[DBG] |   |   |   |   |   + ChapterString=Chapter 04
[DBG] |   |   |   |   |   + ChapterLanguage=eng
[DBG] |   |   |   + ChapterAtom (level=0)
[DBG] |   |   |   |   + ChapterUID=7a58650322ca6859
[DBG] |   |   |   |   + ChapterTimeStart=519519000
[DBG] |   |   |   |   + ChapterFlagHidden=no
[DBG] |   |   |   |   + ChapterTimeEnd=636602633
[DBG] |   |   |   |   + ChapterDisplay
[DBG] |   |   |   |   |   + ChapterString=Chapter 05
[DBG] |   |   |   |   |   + ChapterLanguage=eng
[DBG] |   |   |   + ChapterAtom (level=0)
[DBG] |   |   |   |   + ChapterUID=d74529bb9f0e192d
[DBG] |   |   |   |   + ChapterTimeStart=636602633
[DBG] |   |   |   |   + ChapterFlagHidden=no
[DBG] |   |   |   |   + ChapterTimeEnd=740406333
[DBG] |   |   |   |   + ChapterDisplay
[DBG] |   |   |   |   |   + ChapterString=Chapter 06
[DBG] |   |   |   |   |   + ChapterLanguage=eng
[DBG] |   |   |   + ChapterAtom (level=0)
[DBG] |   |   |   |   + ChapterUID=be252a366387da7c
[DBG] |   |   |   |   + ChapterTimeStart=740406333
[DBG] |   |   |   |   + ChapterFlagHidden=no
[DBG] |   |   |   |   + ChapterTimeEnd=984450133
[DBG] |   |   |   |   + ChapterDisplay
[DBG] |   |   |   |   |   + ChapterString=Chapter 07
[DBG] |   |   |   |   |   + ChapterLanguage=eng
[DBG] |   |   |   + ChapterAtom (level=0)
[DBG] |   |   |   |   + ChapterUID=e039bee087e39a08
[DBG] |   |   |   |   + ChapterTimeStart=984450133
[DBG] |   |   |   |   + ChapterFlagHidden=no
[DBG] |   |   |   |   + ChapterTimeEnd=1242457883
[DBG] |   |   |   |   + ChapterDisplay
[DBG] |   |   |   |   |   + ChapterString=Chapter 08
[DBG] |   |   |   |   |   + ChapterLanguage=eng
[DBG] |   |   |   + ChapterAtom (level=0)
[DBG] |   |   |   |   + ChapterUID=2e14321a7ae6499e
[DBG] |   |   |   |   + ChapterTimeStart=1242457883
[DBG] |   |   |   |   + ChapterFlagHidden=no
[DBG] |   |   |   |   + ChapterTimeEnd=1362694666
[DBG] |   |   |   |   + ChapterDisplay
[DBG] |   |   |   |   |   + ChapterString=Chapter 09
[DBG] |   |   |   |   |   + ChapterLanguage=eng
[DBG] |   |   |   + ChapterAtom (level=0)
[DBG] |   |   |   |   + ChapterUID=c1ff6ea92dd0aebb
[DBG] |   |   |   |   + ChapterTimeStart=1362694666
[DBG] |   |   |   |   + ChapterFlagHidden=no
[DBG] |   |   |   |   + ChapterTimeEnd=1476975500
[DBG] |   |   |   |   + ChapterDisplay
[DBG] |   |   |   |   |   + ChapterString=Chapter 10
[DBG] |   |   |   |   |   + ChapterLanguage=eng
[DBG] |   |   |   + ChapterAtom (level=0)
[DBG] |   |   |   |   + ChapterUID=4668a4a0af3a5ed9
[DBG] |   |   |   |   + ChapterTimeStart=1476975500
[DBG] |   |   |   |   + ChapterFlagHidden=no
[DBG] |   |   |   |   + ChapterTimeEnd=1599064133
[DBG] |   |   |   |   + ChapterDisplay
[DBG] |   |   |   |   |   + ChapterString=Chapter 11
[DBG] |   |   |   |   |   + ChapterLanguage=eng
[DBG] |   |   |   + ChapterAtom (level=0)
[DBG] |   |   |   |   + ChapterUID=d66537ff7abd16a2
[DBG] |   |   |   |   + ChapterTimeStart=1599064133
[DBG] |   |   |   |   + ChapterFlagHidden=no
[DBG] |   |   |   |   + ChapterTimeEnd=1681713366
[DBG] |   |   |   |   + ChapterDisplay
[DBG] |   |   |   |   |   + ChapterString=Chapter 12
[DBG] |   |   |   |   |   + ChapterLanguage=eng
[DBG] |   |   |   + ChapterAtom (level=0)
[DBG] |   |   |   |   + ChapterUID=d2de87b93a67228b
[DBG] |   |   |   |   + ChapterTimeStart=1681713366
[DBG] |   |   |   |   + ChapterFlagHidden=no
[DBG] |   |   |   |   + ChapterTimeEnd=1742340600
[DBG] |   |   |   |   + ChapterDisplay
[DBG] |   |   |   |   |   + ChapterString=Chapter 13
[DBG] |   |   |   |   |   + ChapterLanguage=eng
[DBG] |   |   |   + ChapterAtom (level=0)
[DBG] |   |   |   |   + ChapterUID=464d37faebd093e1
[DBG] |   |   |   |   + ChapterTimeStart=1742340600
[DBG] |   |   |   |   + ChapterFlagHidden=no
[DBG] |   |   |   |   + ChapterTimeEnd=1780879100
[DBG] |   |   |   |   + ChapterDisplay
[DBG] |   |   |   |   |   + ChapterString=Chapter 14
[DBG] |   |   |   |   |   + ChapterLanguage=eng
[DBG] |   |   |   + ChapterAtom (level=0)
[DBG] |   |   |   |   + ChapterUID=a125349874b0d96a
[DBG] |   |   |   |   + ChapterTimeStart=1780879100
[DBG] |   |   |   |   + ChapterFlagHidden=no
[DBG] |   |   |   |   + ChapterTimeEnd=1954919633
[DBG] |   |   |   |   + ChapterDisplay
[DBG] |   |   |   |   |   + ChapterString=Chapter 15
[DBG] |   |   |   |   |   + ChapterLanguage=eng
[DBG] |   |   |   + ChapterAtom (level=0)
[DBG] |   |   |   |   + ChapterUID=fbebd1c60c0ba734
[DBG] |   |   |   |   + ChapterTimeStart=1954919633
[DBG] |   |   |   |   + ChapterFlagHidden=no
[DBG] |   |   |   |   + ChapterTimeEnd=2014979633
[DBG] |   |   |   |   + ChapterDisplay
[DBG] |   |   |   |   |   + ChapterString=Chapter 16
[DBG] |   |   |   |   |   + ChapterLanguage=eng
[DBG] |   |   |   + ChapterAtom (level=0)
[DBG] |   |   |   |   + ChapterUID=654a3a83d8754d72
[DBG] |   |   |   |   + ChapterTimeStart=2014979633
[DBG] |   |   |   |   + ChapterFlagHidden=no
[DBG] |   |   |   |   + ChapterTimeEnd=2177775600
[DBG] |   |   |   |   + ChapterDisplay
[DBG] |   |   |   |   |   + ChapterString=Chapter 17
[DBG] |   |   |   |   |   + ChapterLanguage=eng
[DBG] |   |   |   + ChapterAtom (level=0)
[DBG] |   |   |   |   + ChapterUID=a4d015e21eccc97a
[DBG] |   |   |   |   + ChapterTimeStart=2177775600
[DBG] |   |   |   |   + ChapterFlagHidden=no
[DBG] |   |   |   |   + ChapterTimeEnd=2286384100
[DBG] |   |   |   |   + ChapterDisplay
[DBG] |   |   |   |   |   + ChapterString=Chapter 18
[DBG] |   |   |   |   |   + ChapterLanguage=eng
[DBG] |   |   |   + ChapterAtom (level=0)
[DBG] |   |   |   |   + ChapterUID=8b098101acdd224c
[DBG] |   |   |   |   + ChapterTimeStart=2286384100
[DBG] |   |   |   |   + ChapterFlagHidden=no
[DBG] |   |   |   |   + ChapterTimeEnd=2423354266
[DBG] |   |   |   |   + ChapterDisplay
[DBG] |   |   |   |   |   + ChapterString=Chapter 19
[DBG] |   |   |   |   |   + ChapterLanguage=eng
[DBG] |   |   |   + ChapterAtom (level=0)
[DBG] |   |   |   |   + ChapterUID=40282ff203e979d2
[DBG] |   |   |   |   + ChapterTimeStart=2423354266
[DBG] |   |   |   |   + ChapterFlagHidden=no
[DBG] |   |   |   |   + ChapterTimeEnd=2618248966
[DBG] |   |   |   |   + ChapterDisplay
[DBG] |   |   |   |   |   + ChapterString=Chapter 20
[DBG] |   |   |   |   |   + ChapterLanguage=eng
[DBG] |   |   |   + ChapterAtom (level=0)
[DBG] |   |   |   |   + ChapterUID=4a5f3350e39b1c08
[DBG] |   |   |   |   + ChapterTimeStart=2618248966
[DBG] |   |   |   |   + ChapterFlagHidden=no
[DBG] |   |   |   |   + ChapterTimeEnd=2829092933
[DBG] |   |   |   |   + ChapterDisplay
[DBG] |   |   |   |   |   + ChapterString=Chapter 21
[DBG] |   |   |   |   |   + ChapterLanguage=eng
[DBG] |   |   |   + ChapterAtom (level=0)
[DBG] |   |   |   |   + ChapterUID=5bb4e22f83d84ba1
[DBG] |   |   |   |   + ChapterTimeStart=2829092933
[DBG] |   |   |   |   + ChapterFlagHidden=no
[DBG] |   |   |   |   + ChapterTimeEnd=3011808800
[DBG] |   |   |   |   + ChapterDisplay
[DBG] |   |   |   |   |   + ChapterString=Chapter 22
[DBG] |   |   |   |   |   + ChapterLanguage=eng
[DBG] |   |   |   + ChapterAtom (level=0)
[DBG] |   |   |   |   + ChapterUID=37e0f048324dc121
[DBG] |   |   |   |   + ChapterTimeStart=3011808800
[DBG] |   |   |   |   + ChapterFlagHidden=no
[DBG] |   |   |   |   + ChapterTimeEnd=3169966800
[DBG] |   |   |   |   + ChapterDisplay
[DBG] |   |   |   |   |   + ChapterString=Chapter 23
[DBG] |   |   |   |   |   + ChapterLanguage=eng
[DBG] |   |   |   + ChapterAtom (level=0)
[DBG] |   |   |   |   + ChapterUID=41d861a6b16a148e
[DBG] |   |   |   |   + ChapterTimeStart=3169966800
[DBG] |   |   |   |   + ChapterFlagHidden=no
[DBG] |   |   |   |   + ChapterTimeEnd=3348011333
[DBG] |   |   |   |   + ChapterDisplay
[DBG] |   |   |   |   |   + ChapterString=Chapter 24
[DBG] |   |   |   |   |   + ChapterLanguage=eng
[DBG] |   |   |   + ChapterAtom (level=0)
[DBG] |   |   |   |   + ChapterUID=a2673baf2275b708
[DBG] |   |   |   |   + ChapterTimeStart=3348011333
[DBG] |   |   |   |   + ChapterFlagHidden=no
[DBG] |   |   |   |   + ChapterTimeEnd=3495658833
[DBG] |   |   |   |   + ChapterDisplay
[DBG] |   |   |   |   |   + ChapterString=Chapter 25
[DBG] |   |   |   |   |   + ChapterLanguage=eng
[DBG] |   |   |   + ChapterAtom (level=0)
[DBG] |   |   |   |   + ChapterUID=2d99e5effdb5e6ac
[DBG] |   |   |   |   + ChapterTimeStart=3495658833
[DBG] |   |   |   |   + ChapterFlagHidden=no
[DBG] |   |   |   |   + ChapterTimeEnd=3698728366
[DBG] |   |   |   |   + ChapterDisplay
[DBG] |   |   |   |   |   + ChapterString=Chapter 26
[DBG] |   |   |   |   |   + ChapterLanguage=eng
[DBG] |   |   |   + ChapterAtom (level=0)
[DBG] |   |   |   |   + ChapterUID=6b3a9620e95ca6bb
[DBG] |   |   |   |   + ChapterTimeStart=3698728366
[DBG] |   |   |   |   + ChapterFlagHidden=no
[DBG] |   |   |   |   + ChapterTimeEnd=3746776366
[DBG] |   |   |   |   + ChapterDisplay
[DBG] |   |   |   |   |   + ChapterString=Chapter 27
[DBG] |   |   |   |   |   + ChapterLanguage=eng
[DBG] |   |   |   + ChapterAtom (level=0)
[DBG] |   |   |   |   + ChapterUID=a9644330c8c36ee3
[DBG] |   |   |   |   + ChapterTimeStart=3746776366
[DBG] |   |   |   |   + ChapterFlagHidden=no
[DBG] |   |   |   |   + ChapterTimeEnd=3869031833
[DBG] |   |   |   |   + ChapterDisplay
[DBG] |   |   |   |   |   + ChapterString=Chapter 28
[DBG] |   |   |   |   |   + ChapterLanguage=eng
[DBG] |   |   |   + ChapterAtom (level=0)
[DBG] |   |   |   |   + ChapterUID=6d2b0a40e8a3d11
[DBG] |   |   |   |   + ChapterTimeStart=3869031833
[DBG] |   |   |   |   + ChapterFlagHidden=no
[DBG] |   |   |   |   + ChapterTimeEnd=3973235933
[DBG] |   |   |   |   + ChapterDisplay
[DBG] |   |   |   |   |   + ChapterString=Chapter 29
[DBG] |   |   |   |   |   + ChapterLanguage=eng
[DBG] |   |   |   + ChapterAtom (level=0)
[DBG] |   |   |   |   + ChapterUID=47505874b84b2ba3
[DBG] |   |   |   |   + ChapterTimeStart=3973235933
[DBG] |   |   |   |   + ChapterFlagHidden=no
[DBG] |   |   |   |   + ChapterTimeEnd=4111674233
[DBG] |   |   |   |   + ChapterDisplay
[DBG] |   |   |   |   |   + ChapterString=Chapter 30
[DBG] |   |   |   |   |   + ChapterLanguage=eng
[DBG] |   |   |   + ChapterAtom (level=0)
[DBG] |   |   |   |   + ChapterUID=abddf345b707ca73
[DBG] |   |   |   |   + ChapterTimeStart=4111674233
[DBG] |   |   |   |   + ChapterFlagHidden=no
[DBG] |   |   |   |   + ChapterTimeEnd=4188450933
[DBG] |   |   |   |   + ChapterDisplay
[DBG] |   |   |   |   |   + ChapterString=Chapter 31
[DBG] |   |   |   |   |   + ChapterLanguage=eng
[DBG] |   |   |   + ChapterAtom (level=0)
[DBG] |   |   |   |   + ChapterUID=d95478de34104a87
[DBG] |   |   |   |   + ChapterTimeStart=4188450933
[DBG] |   |   |   |   + ChapterFlagHidden=no
[DBG] |   |   |   |   + ChapterTimeEnd=4258821233
[DBG] |   |   |   |   + ChapterDisplay
[DBG] |   |   |   |   |   + ChapterString=Chapter 32
[DBG] |   |   |   |   |   + ChapterLanguage=eng
[DBG] |   |   |   + ChapterAtom (level=0)
[DBG] |   |   |   |   + ChapterUID=5f11f754bfcf6f2d
[DBG] |   |   |   |   + ChapterTimeStart=4258821233
[DBG] |   |   |   |   + ChapterFlagHidden=no
[DBG] |   |   |   |   + ChapterTimeEnd=4403799400
[DBG] |   |   |   |   + ChapterDisplay
[DBG] |   |   |   |   |   + ChapterString=Chapter 33
[DBG] |   |   |   |   |   + ChapterLanguage=eng
[DBG] |   |   |   + ChapterAtom (level=0)
[DBG] |   |   |   |   + ChapterUID=6c419a3e7a3240d0
[DBG] |   |   |   |   + ChapterTimeStart=4403799400
[DBG] |   |   |   |   + ChapterFlagHidden=no
[DBG] |   |   |   |   + ChapterTimeEnd=4600996400
[DBG] |   |   |   |   + ChapterDisplay
[DBG] |   |   |   |   |   + ChapterString=Chapter 34
[DBG] |   |   |   |   |   + ChapterLanguage=eng
[DBG] |   |   |   + ChapterAtom (level=0)
[DBG] |   |   |   |   + ChapterUID=37aa8d43ffcd41f3
[DBG] |   |   |   |   + ChapterTimeStart=4600996400
[DBG] |   |   |   |   + ChapterFlagHidden=no
[DBG] |   |   |   |   + ChapterTimeEnd=4759654900
[DBG] |   |   |   |   + ChapterDisplay
[DBG] |   |   |   |   |   + ChapterString=Chapter 35
[DBG] |   |   |   |   |   + ChapterLanguage=eng
[DBG] |   |   |   + ChapterAtom (level=0)
[DBG] |   |   |   |   + ChapterUID=f33c1902bb9caa88
[DBG] |   |   |   |   + ChapterTimeStart=4759654900
[DBG] |   |   |   |   + ChapterFlagHidden=no
[DBG] |   |   |   |   + ChapterTimeEnd=4869297766
[DBG] |   |   |   |   + ChapterDisplay
[DBG] |   |   |   |   |   + ChapterString=Chapter 36
[DBG] |   |   |   |   |   + ChapterLanguage=eng
[DBG] |   |   |   + ChapterAtom (level=0)
[DBG] |   |   |   |   + ChapterUID=dfcda5e040fe96a2
[DBG] |   |   |   |   + ChapterTimeStart=4869297766
[DBG] |   |   |   |   + ChapterFlagHidden=no
[DBG] |   |   |   |   + ChapterTimeEnd=5076471400
[DBG] |   |   |   |   + ChapterDisplay
[DBG] |   |   |   |   |   + ChapterString=Chapter 37
[DBG] |   |   |   |   |   + ChapterLanguage=eng
[DBG] |   |   |   + ChapterAtom (level=0)
[DBG] |   |   |   |   + ChapterUID=6bb6f2a2ec05811c
[DBG] |   |   |   |   + ChapterTimeStart=5076471400
[DBG] |   |   |   |   + ChapterFlagHidden=no
[DBG] |   |   |   |   + ChapterTimeEnd=5239634400
[DBG] |   |   |   |   + ChapterDisplay
[DBG] |   |   |   |   |   + ChapterString=Chapter 38
[DBG] |   |   |   |   |   + ChapterLanguage=eng
[DBG] |   |   |   + ChapterAtom (level=0)
[DBG] |   |   |   |   + ChapterUID=4a07321a8090ed99
[DBG] |   |   |   |   + ChapterTimeStart=5239634400
[DBG] |   |   |   |   + ChapterFlagHidden=no
[DBG] |   |   |   |   + ChapterTimeEnd=5523451266
[DBG] |   |   |   |   + ChapterDisplay
[DBG] |   |   |   |   |   + ChapterString=Chapter 39
[DBG] |   |   |   |   |   + ChapterLanguage=eng
[DBG] |   |   |   + ChapterAtom (level=0)
[DBG] |   |   |   |   + ChapterUID=79b868e77e2d252d
[DBG] |   |   |   |   + ChapterTimeStart=5523451266
[DBG] |   |   |   |   + ChapterFlagHidden=no
[DBG] |   |   |   |   + ChapterTimeEnd=5654081766
[DBG] |   |   |   |   + ChapterDisplay
[DBG] |   |   |   |   |   + ChapterString=Chapter 40
[DBG] |   |   |   |   |   + ChapterLanguage=eng
[DBG] |   |   |   + ChapterAtom (level=0)
[DBG] |   |   |   |   + ChapterUID=f2dd5daa22ce163c
[DBG] |   |   |   |   + ChapterTimeStart=5654081766
[DBG] |   |   |   |   + ChapterFlagHidden=no
[DBG] |   |   |   |   + ChapterTimeEnd=5797558433
[DBG] |   |   |   |   + ChapterDisplay
[DBG] |   |   |   |   |   + ChapterString=Chapter 41
[DBG] |   |   |   |   |   + ChapterLanguage=eng
[DBG] |   |   |   + ChapterAtom (level=0)
[DBG] |   |   |   |   + ChapterUID=9223f8103fe61fed
[DBG] |   |   |   |   + ChapterTimeStart=5797558433
[DBG] |   |   |   |   + ChapterFlagHidden=no
[DBG] |   |   |   |   + ChapterTimeEnd=5966794166
[DBG] |   |   |   |   + ChapterDisplay
[DBG] |   |   |   |   |   + ChapterString=Chapter 42
[DBG] |   |   |   |   |   + ChapterLanguage=eng
[DBG] |   |   |   + ChapterAtom (level=0)
[DBG] |   |   |   |   + ChapterUID=6fd784f48e8b0ce1
[DBG] |   |   |   |   + ChapterTimeStart=5966794166
[DBG] |   |   |   |   + ChapterFlagHidden=no
[DBG] |   |   |   |   + ChapterTimeEnd=6045272566
[DBG] |   |   |   |   + ChapterDisplay
[DBG] |   |   |   |   |   + ChapterString=Chapter 43
[DBG] |   |   |   |   |   + ChapterLanguage=eng
[DBG] |   |   |   + ChapterAtom (level=0)
[DBG] |   |   |   |   + ChapterUID=daed9a45b3ae7103
[DBG] |   |   |   |   + ChapterTimeStart=6045272566
[DBG] |   |   |   |   + ChapterFlagHidden=no
[DBG] |   |   |   |   + ChapterTimeEnd=6119346566
[DBG] |   |   |   |   + ChapterDisplay
[DBG] |   |   |   |   |   + ChapterString=Chapter 44
[DBG] |   |   |   |   |   + ChapterLanguage=eng
[DBG] |   |   |   + ChapterAtom (level=0)
[DBG] |   |   |   |   + ChapterUID=370657b48d0591bd
[DBG] |   |   |   |   + ChapterTimeStart=6119346566
[DBG] |   |   |   |   + ChapterFlagHidden=no
[DBG] |   |   |   |   + ChapterTimeEnd=6279673400
[DBG] |   |   |   |   + ChapterDisplay
[DBG] |   |   |   |   |   + ChapterString=Chapter 45
[DBG] |   |   |   |   |   + ChapterLanguage=eng
[DBG] |   |   |   + ChapterAtom (level=0)
[DBG] |   |   |   |   + ChapterUID=bf7f1baee783a980
[DBG] |   |   |   |   + ChapterTimeStart=6279673400
[DBG] |   |   |   |   + ChapterFlagHidden=no
[DBG] |   |   |   |   + ChapterTimeEnd=6353413733
[DBG] |   |   |   |   + ChapterDisplay
[DBG] |   |   |   |   |   + ChapterString=Chapter 46
[DBG] |   |   |   |   |   + ChapterLanguage=eng
[DBG] |   |   |   + ChapterAtom (level=0)
[DBG] |   |   |   |   + ChapterUID=541f50dcdbecb94d
[DBG] |   |   |   |   + ChapterTimeStart=6353413733
[DBG] |   |   |   |   + ChapterFlagHidden=no
[DBG] |   |   |   |   + ChapterTimeEnd=6509769933
[DBG] |   |   |   |   + ChapterDisplay
[DBG] |   |   |   |   |   + ChapterString=Chapter 47
[DBG] |   |   |   |   |   + ChapterLanguage=eng
[DBG] |   |   |   + ChapterAtom (level=0)
[DBG] |   |   |   |   + ChapterUID=ae49985ff1c3db8b
[DBG] |   |   |   |   + ChapterTimeStart=6509769933
[DBG] |   |   |   |   + ChapterFlagHidden=no
[DBG] |   |   |   |   + ChapterTimeEnd=6585145233
[DBG] |   |   |   |   + ChapterDisplay
[DBG] |   |   |   |   |   + ChapterString=Chapter 48
[DBG] |   |   |   |   |   + ChapterLanguage=eng
[DBG] |   |   |   + ChapterAtom (level=0)
[DBG] |   |   |   |   + ChapterUID=bf470052d461b475
[DBG] |   |   |   |   + ChapterTimeStart=6585145233
[DBG] |   |   |   |   + ChapterFlagHidden=no
[DBG] |   |   |   |   + ChapterTimeEnd=6750477066
[DBG] |   |   |   |   + ChapterDisplay
[DBG] |   |   |   |   |   + ChapterString=Chapter 49
[DBG] |   |   |   |   |   + ChapterLanguage=eng
[DBG] |   |   |   + ChapterAtom (level=0)
[DBG] |   |   |   |   + ChapterUID=aef66dc46edbd2a
[DBG] |   |   |   |   + ChapterTimeStart=6750477066
[DBG] |   |   |   |   + ChapterFlagHidden=no
[DBG] |   |   |   |   + ChapterTimeEnd=7015775433
[DBG] |   |   |   |   + ChapterDisplay
[DBG] |   |   |   |   |   + ChapterString=Chapter 50
[DBG] |   |   |   |   |   + ChapterLanguage=eng
[DBG] |   |   |   + ChapterAtom (level=0)
[DBG] |   |   |   |   + ChapterUID=6e047737a1549823
[DBG] |   |   |   |   + ChapterTimeStart=7015775433
[DBG] |   |   |   |   + ChapterFlagHidden=no
[DBG] |   |   |   |   + ChapterTimeEnd=7116676233
[DBG] |   |   |   |   + ChapterDisplay
[DBG] |   |   |   |   |   + ChapterString=Chapter 51
[DBG] |   |   |   |   |   + ChapterLanguage=eng
[DBG] |   |   |   + ChapterAtom (level=0)
[DBG] |   |   |   |   + ChapterUID=838cd6b05e54aa13
[DBG] |   |   |   |   + ChapterTimeStart=7116676233
[DBG] |   |   |   |   + ChapterFlagHidden=no
[DBG] |   |   |   |   + ChapterTimeEnd=7304530566
[DBG] |   |   |   |   + ChapterDisplay
[DBG] |   |   |   |   |   + ChapterString=Chapter 52
[DBG] |   |   |   |   |   + ChapterLanguage=eng
[DBG] |   |   |   + ChapterAtom (level=0)
[DBG] |   |   |   |   + ChapterUID=1dfb1a73753829e2
[DBG] |   |   |   |   + ChapterTimeStart=7304530566
[DBG] |   |   |   |   + ChapterFlagHidden=no
[DBG] |   |   |   |   + ChapterTimeEnd=7417476733
[DBG] |   |   |   |   + ChapterDisplay
[DBG] |   |   |   |   |   + ChapterString=Chapter 53
[DBG] |   |   |   |   |   + ChapterLanguage=eng
[DBG] |   |   |   + ChapterAtom (level=0)
[DBG] |   |   |   |   + ChapterUID=e9f35f4150876621
[DBG] |   |   |   |   + ChapterTimeStart=7417476733
[DBG] |   |   |   |   + ChapterFlagHidden=no
[DBG] |   |   |   |   + ChapterTimeEnd=7798056933
[DBG] |   |   |   |   + ChapterDisplay
[DBG] |   |   |   |   |   + ChapterString=Chapter 54
[DBG] |   |   |   |   |   + ChapterLanguage=eng
[DBG] |   - tags at 5722249427
[DBG] resolving 192.168.1.250 ...
[DBG] outgoing request:
GET /stream/2 HTTP/1.1
Host: 192.168.1.250:8093
Accept: */*
Accept-Language: en_US
User-Agent: VLC/4.0.0-dev LibVLC/4.0.0-dev
If-Unmodified-Since: Fri, 17 Jul 2026 19:22:43 GMT
Range: bytes=5722249427-


[DBG] incoming response:
HTTP/1.1 206 Partial Content
Accept-Ranges: bytes
Content-Length: 1649
Content-Range: bytes 5722249427-5722251075/5722251076
Content-Type: video/x-matroska
Last-Modified: Fri, 17 Jul 2026 19:22:43 GMT
Date: Tue, 15 Sep 2026 00:53:03 GMT


[DBG] connection failed
[DBG] end of stream
[DBG] |   + Tags
[DBG] + Tag
[DBG] |   + Targets
[DBG] |   |   + TrackUID: 1
[DBG] |   |   + TargetType: MOVIE
[DBG] |   + Simple Tag 
[DBG] |   |   + Meta BPS: 5224535
[DBG] |   + Simple Tag 
[DBG] |   |   + Meta DURATION: 02:09:58.056933333
[DBG] |   + Simple Tag 
[DBG] |   |   + Meta NUMBER_OF_FRAMES: 193614
[DBG] |   + Simple Tag 
[DBG] |   |   + Meta NUMBER_OF_BYTES: 5092652986
[DBG] |   + Simple Tag 
[DBG] |   |   + Meta SOURCE_ID: 0100E0
[DBG] |   + Simple Tag 
[DBG] |   |   + Meta _STATISTICS_WRITING_APP: MakeMKV v1.18.4 darwin(arm64-release)
[DBG] |   + Simple Tag 
[DBG] |   |   + Meta _STATISTICS_WRITING_DATE_UTC: 2026-07-17 19:10:16
[DBG] |   + Simple Tag 
[DBG] |   |   + Meta _STATISTICS_TAGS: BPS DURATION NUMBER_OF_FRAMES NUMBER_OF_BYTES SOURCE_ID
[DBG] + Tag
[DBG] |   + Targets
[DBG] |   |   + TrackUID: 2
[DBG] |   |   + TargetType: MOVIE
[DBG] |   + Simple Tag 
[DBG] |   |   + Meta BPS: 448000
[DBG] |   + Simple Tag 
[DBG] |   |   + Meta DURATION: 02:09:58.048000000
[DBG] |   + Simple Tag 
[DBG] |   |   + Meta NUMBER_OF_FRAMES: 243689
[DBG] |   + Simple Tag 
[DBG] |   |   + Meta NUMBER_OF_BYTES: 436690688
[DBG] |   + Simple Tag 
[DBG] |   |   + Meta SOURCE_ID: 0180BD
[DBG] |   + Simple Tag 
[DBG] |   |   + Meta _STATISTICS_WRITING_APP: MakeMKV v1.18.4 darwin(arm64-release)
[DBG] |   + Simple Tag 
[DBG] |   |   + Meta _STATISTICS_WRITING_DATE_UTC: 2026-07-17 19:10:16
[DBG] |   + Simple Tag 
[DBG] |   |   + Meta _STATISTICS_TAGS: BPS DURATION NUMBER_OF_FRAMES NUMBER_OF_BYTES SOURCE_ID
[DBG] + Tag
[DBG] |   + Targets
[DBG] |   |   + TrackUID: 3
[DBG] |   |   + TargetType: MOVIE
[DBG] |   + Simple Tag 
[DBG] |   |   + Meta BPS: 192000
[DBG] |   + Simple Tag 
[DBG] |   |   + Meta DURATION: 02:09:58.048000000
[DBG] |   + Simple Tag 
[DBG] |   |   + Meta NUMBER_OF_FRAMES: 243689
[DBG] |   + Simple Tag 
[DBG] |   |   + Meta NUMBER_OF_BYTES: 187153152
[DBG] |   + Simple Tag 
[DBG] |   |   + Meta SOURCE_ID: 0181BD
[DBG] |   + Simple Tag 
[DBG] |   |   + Meta _STATISTICS_WRITING_APP: MakeMKV v1.18.4 darwin(arm64-release)
[DBG] |   + Simple Tag 
[DBG] |   |   + Meta _STATISTICS_WRITING_DATE_UTC: 2026-07-17 19:10:16
[DBG] |   + Simple Tag 
[DBG] |   |   + Meta _STATISTICS_TAGS: BPS DURATION NUMBER_OF_FRAMES NUMBER_OF_BYTES SOURCE_ID
[DBG] + Tag
[DBG] |   + Targets
[DBG] |   |   + TrackUID: 4
[DBG] |   |   + TargetType: MOVIE
[DBG] |   + Simple Tag 
[DBG] |   |   + Meta BPS: 52
[DBG] |   + Simple Tag 
[DBG] |   |   + Meta DURATION: 02:01:11.127566666
[DBG] |   + Simple Tag 
[DBG] |   |   + Meta NUMBER_OF_FRAMES: 947
[DBG] |   + Simple Tag 
[DBG] |   |   + Meta NUMBER_OF_BYTES: 47304
[DBG] |   + Simple Tag 
[DBG] |   |   + Meta SOURCE_ID: 0100E0
[DBG] |   + Simple Tag 
[DBG] |   |   + Meta _STATISTICS_WRITING_APP: MakeMKV v1.18.4 darwin(arm64-release)
[DBG] |   + Simple Tag 
[DBG] |   |   + Meta _STATISTICS_WRITING_DATE_UTC: 2026-07-17 19:10:16
[DBG] |   + Simple Tag 
[DBG] |   |   + Meta _STATISTICS_TAGS: BPS DURATION NUMBER_OF_FRAMES NUMBER_OF_BYTES SOURCE_ID
[DBG] loading tags done.
[DBG] resolving 192.168.1.250 ...
[DBG] outgoing request:
GET /stream/2 HTTP/1.1
Host: 192.168.1.250:8093
Accept: */*
Accept-Language: en_US
User-Agent: VLC/4.0.0-dev LibVLC/4.0.0-dev
If-Unmodified-Since: Fri, 17 Jul 2026 19:22:43 GMT
Range: bytes=183-


[DBG] incoming response:
HTTP/1.1 206 Partial Content
Accept-Ranges: bytes
Content-Length: 5722250893
Content-Range: bytes 183-5722251075/5722251076
Content-Type: video/x-matroska
Last-Modified: Fri, 17 Jul 2026 19:22:43 GMT
Date: Tue, 15 Sep 2026 00:53:03 GMT


[DBG] |   + Void
[DBG] |   + Information
[DBG] |   + Tracks
[DBG] |   + Chapters
[DBG] |   + Void
[DBG] |   + Cluster
[DBG] Virtual chapter  Chapter 01 from 0 to 165965800 - 
[DBG] Virtual chapter  Chapter 02 from 165965800 to 252885966 - 
[DBG] Virtual chapter  Chapter 03 from 252885966 to 413713300 - 
[DBG] Virtual chapter  Chapter 04 from 413713300 to 519519000 - 
[DBG] Virtual chapter  Chapter 05 from 519519000 to 636602633 - 
[DBG] Virtual chapter  Chapter 06 from 636602633 to 740406333 - 
[DBG] Virtual chapter  Chapter 07 from 740406333 to 984450133 - 
[DBG] Virtual chapter  Chapter 08 from 984450133 to 1242457883 - 
[DBG] Virtual chapter  Chapter 09 from 1242457883 to 1362694666 - 
[DBG] Virtual chapter  Chapter 10 from 1362694666 to 1476975500 - 
[DBG] Virtual chapter  Chapter 11 from 1476975500 to 1599064133 - 
[DBG] Virtual chapter  Chapter 12 from 1599064133 to 1681713366 - 
[DBG] Virtual chapter  Chapter 13 from 1681713366 to 1742340600 - 
[DBG] Virtual chapter  Chapter 14 from 1742340600 to 1780879100 - 
[DBG] Virtual chapter  Chapter 15 from 1780879100 to 1954919633 - 
[DBG] Virtual chapter  Chapter 16 from 1954919633 to 2014979633 - 
[DBG] Virtual chapter  Chapter 17 from 2014979633 to 2177775600 - 
[DBG] Virtual chapter  Chapter 18 from 2177775600 to 2286384100 - 
[DBG] Virtual chapter  Chapter 19 from 2286384100 to 2423354266 - 
[DBG] Virtual chapter  Chapter 20 from 2423354266 to 2618248966 - 
[DBG] Virtual chapter  Chapter 21 from 2618248966 to 2829092933 - 
[DBG] Virtual chapter  Chapter 22 from 2829092933 to 3011808800 - 
[DBG] Virtual chapter  Chapter 23 from 3011808800 to 3169966800 - 
[DBG] Virtual chapter  Chapter 24 from 3169966800 to 3348011333 - 
[DBG] Virtual chapter  Chapter 25 from 3348011333 to 3495658833 - 
[DBG] Virtual chapter  Chapter 26 from 3495658833 to 3698728366 - 
[DBG] Virtual chapter  Chapter 27 from 3698728366 to 3746776366 - 
[DBG] Virtual chapter  Chapter 28 from 3746776366 to 3869031833 - 
[DBG] Virtual chapter  Chapter 29 from 3869031833 to 3973235933 - 
[DBG] Virtual chapter  Chapter 30 from 3973235933 to 4111674233 - 
[DBG] Virtual chapter  Chapter 31 from 4111674233 to 4188450933 - 
[DBG] Virtual chapter  Chapter 32 from 4188450933 to 4258821233 - 
[DBG] Virtual chapter  Chapter 33 from 4258821233 to 4403799400 - 
[DBG] Virtual chapter  Chapter 34 from 4403799400 to 4600996400 - 
[DBG] Virtual chapter  Chapter 35 from 4600996400 to 4759654900 - 
[DBG] Virtual chapter  Chapter 36 from 4759654900 to 4869297766 - 
[DBG] Virtual chapter  Chapter 37 from 4869297766 to 5076471400 - 
[DBG] Virtual chapter  Chapter 38 from 5076471400 to 5239634400 - 
[DBG] Virtual chapter  Chapter 39 from 5239634400 to 5523451266 - 
[DBG] Virtual chapter  Chapter 40 from 5523451266 to 5654081766 - 
[DBG] Virtual chapter  Chapter 41 from 5654081766 to 5797558433 - 
[DBG] Virtual chapter  Chapter 42 from 5797558433 to 5966794166 - 
[DBG] Virtual chapter  Chapter 43 from 5966794166 to 6045272566 - 
[DBG] Virtual chapter  Chapter 44 from 6045272566 to 6119346566 - 
[DBG] Virtual chapter  Chapter 45 from 6119346566 to 6279673400 - 
[DBG] Virtual chapter  Chapter 46 from 6279673400 to 6353413733 - 
[DBG] Virtual chapter  Chapter 47 from 6353413733 to 6509769933 - 
[DBG] Virtual chapter  Chapter 48 from 6509769933 to 6585145233 - 
[DBG] Virtual chapter  Chapter 49 from 6585145233 to 6750477066 - 
[DBG] Virtual chapter  Chapter 50 from 6750477066 to 7015775433 - 
[DBG] Virtual chapter  Chapter 51 from 7015775433 to 7116676233 - 
[DBG] Virtual chapter  Chapter 52 from 7116676233 to 7304530566 - 
[DBG] Virtual chapter  Chapter 53 from 7304530566 to 7417476733 - 
[DBG] Virtual chapter  Chapter 54 from 7417476733 to 7798056933 - 
[DBG] Virtual chapter  from 0 to -1 - 
[DBG] NEW START CHAPTER uid=5827174896662102052
[DBG] found 4 es
[DBG] selecting program id=0
[DBG] ES track added: 'video/1' (fourcc: 'mpgv')
[DBG] ES track added: 'audio/2' (fourcc: 'a52 ')
8:53:03.938 PM [player] track added video/1 type=1
[DBG] ES track added: 'audio/3' (fourcc: 'a52 ')
[DBG] ES track added: 'spu/4' (fourcc: 'subt')
[DBG] seek: preroll{ track: 1, pts: 0, fpos: 5816 skip: 5816} 
[DBG] seek: preroll{ req: 1, start-pts: 1, start-fpos: 5816} 
[DBG] using demux module "mkv"
8:53:03.938 PM [player] track added audio/2 type=0
8:53:03.938 PM [player] track added audio/3 type=0
[DBG] looking for video packetizer module matching "any": 13 candidates
8:53:03.938 PM [player] track added spu/4 type=2
[DBG] using video packetizer module "mpegvideo"
[DBG] looking for video decoder module matching "any": 14 candidates
[DBG] vout: none found
8:53:03.938 PM [player] length 7798056 ms
[DBG] looking for text renderer module matching "freetype": 2 candidates
[DBG] using text renderer module "freetype"
[DBG] looking for video converter module matching "any": 13 candidates
[DBG] 32x32 (32x32) chroma: YUVA colorspace: Undefined -> 16x16 (16x16) chroma: RGBA colorspace: Undefined with scaling using Bicubic (good quality)
[DBG] using video converter module "swscale"
[DBG] looking for video converter module matching "any": 13 candidates
[DBG] YUVP to YUVA converter
[DBG] using video converter module "yuvp"
[DBG] Deinterlacing available
[DBG] deinterlace -1, mode auto, is_needed 0
[DBG] looking for vout window module matching "any": 2 candidates
[DBG] resized to 1920x1080
[DBG] using vout window module "uiview_window"
[DBG] looking for inhibit module matching "any": 1 candidates
[DBG] using inhibit module "uikit_inhibit"
[DBG] looking for decoder device module matching "any": 1 candidates
[DBG] using decoder device module "videotoolbox"
[WARN] vt session error: 'kVTCouldNotFindVideoDecoderErr'
[DBG] using Lavc63.1.100
[DBG] CPU flags: 0x00062360
[DBG] allowing 6 thread(s) for decoding
[DBG] codec (mpeg2video) started
[DBG] using video decoder module "avcodec"
[DBG] ES track selected: 'video/1' (fourcc: 'mpgv')
[DBG] looking for audio packetizer module matching "any": 11 candidates
[DBG] using audio packetizer module "a52"
[DBG] looking for audio decoder module matching "any": 15 candidates
[DBG] reusing audio output
8:53:03.946 PM [player] track selected type=1 selected=video/1 unselected=
[ERR] too low audio sample frequency (0)
[DBG] keeping audio output
[DBG] using Lavc63.1.100
[DBG] CPU flags: 0x00062360
[DBG] codec (ac3) started
[DBG] using audio decoder module "avcodec"
[DBG] ES track selected: 'audio/2' (fourcc: 'a52 ')
[DBG] looking for spu decoder module matching "any": 19 candidates
[DBG] using Lavc63.1.100
[DBG] CPU flags: 0x00062360
[WARN] refusing to decode non validated subtitle codec
8:53:03.946 PM [player] track selected type=0 selected=audio/2 unselected=
[DBG] trying demuxer-specified character encoding: UTF-8
[DBG] using spu decoder module "subsdec"
[DBG] ES track selected: 'spu/4' (fourcc: 'subt')
[DBG] `http://192.168.1.250:8093/stream/2' successfully opened
8:53:03.947 PM [player] track selected type=2 selected=spu/4 unselected=
8:53:03.947 PM [player] state Playing at 0 ms
[DBG] program(0): using clock source: 'audio'
[DBG] Buffering 0%
[DBG] A/52 channels:6 samplerate:48000 bitrate:448000
[DBG] restarting module due to input format change
[DBG] 'decoder in/packetizer out' i_rate 0 / 48000
[DBG] 'decoder in/packetizer out' i_physical_channels 0 / 4199
8:53:03.949 PM [player] buffering 0.0
[DBG] removing "audio decoder" module "avcodec"
[DBG] looking for audio decoder module matching "any": 15 candidates
[DBG] reusing audio output
[WARN] failed to start passthrough audio output, failing back to linear format
[DBG] keeping audio output
[DBG] using Lavc63.1.100
[DBG] CPU flags: 0x00062360
[DBG] size 720x480/720x480 fps 500000:16683
[DBG] codec (ac3) started
[DBG] restarting module due to input format change
[DBG] using audio decoder module "avcodec"
[DBG] 'decoder in/packetizer out' profile -1 / 4
[DBG] 'decoder in/packetizer out' i_width 0 / 720
[DBG] 'decoder in/packetizer out' i_height 0 / 480
[DBG] 'decoder in/packetizer out' i_visible_width 0 / 720
[DBG] 'decoder in/packetizer out' i_visible_height 0 / 480
[DBG] removing "video decoder" module "avcodec"
[DBG] looking for video decoder module matching "any": 14 candidates
[DBG] vout change: decoder size
[DBG] vout change: visible size
[DBG] Buffering 3%
[DBG] reusing audio output
[WARN] vt session error: 'kVTCouldNotFindVideoDecoderErr'
[DBG] using Lavc63.1.100
[DBG] CPU flags: 0x00062360
[DBG] allowing 6 thread(s) for decoding
[DBG] Buffering 6%
[DBG] codec (mpeg2video) started
[DBG] using video decoder module "avcodec"
[DBG] Buffering 10%
[DBG] available hardware decoder output format 157 (videotoolbox_vld)
[DBG] available software decoder output format 0 (yuv420p)
[DBG] Buffering 13%
[DBG] vout change: chroma
[DBG] vout change: SAR
[DBG] requested window size: 640x480
[DBG] deinterlace -1, mode auto, is_needed 0
[DBG] Opening vout display wrapper
[DBG] looking for vout display module matching "any": 3 candidates
[DBG] looking for video converter module matching "any": 13 candidates
[DBG] Buffering 16%
[DBG] Buffering 20%
[DBG] Buffering 23%
[DBG] Buffering 26%
[DBG] Buffering 30%
[DBG] Buffering 33%
[DBG] Buffering 44%
[DBG] Buffering 46%
[DBG] Buffering 50%
[DBG] Buffering 53%
[DBG] Buffering 56%
[DBG] Buffering 60%
[DBG] Buffering 63%
[INF] Trying to use chroma_chain: [c=18|q=100] I420 -> CVPN -> CVPB...
[DBG] looking for video converter module matching "any": 13 candidates
[DBG] Buffering 66%
[DBG] looking for decoder device module matching "any": 1 candidates
[DBG] using decoder device module "videotoolbox"
[DBG] Buffering 70%
[DBG] Buffering 73%
[DBG] Buffering 86%
[DBG] using video converter module "cvpx"
[DBG] Filter 'cvpx' (0x10e745e00) appended to chain (0x10e745b00)
[DBG] looking for video converter module matching "any": 13 candidates
[DBG] no video converter modules matched with name any
[ERR] Failed to create video converter
[INF] Trying to use chroma_chain: [c=18|q=100] I420 -> CVPI -> CVPB...
[DBG] removing "video converter" module "cvpx"
[DBG] Filter 0x10e745e00 removed from chain
[DBG] looking for video converter module matching "any": 13 candidates
[DBG] looking for decoder device module matching "any": 1 candidates
[DBG] using decoder device module "videotoolbox"
[DBG] Buffering 90%
[DBG] using video converter module "cvpx"
[DBG] Filter 'cvpx' (0x10e745e00) appended to chain (0x10e745b00)
[DBG] looking for video converter module matching "any": 13 candidates
[DBG] no video converter modules matched with name any
[ERR] Failed to create video converter
[INF] Trying to use chroma_chain: [c=118|q=90] I420 -> BGRA -> CVPB...
[DBG] removing "video converter" module "cvpx"
[DBG] Filter 0x10e745e00 removed from chain
[DBG] looking for video converter module matching "any": 13 candidates
[DBG] 720x480 (720x480) chroma: I420 colorspace: BT601 -> 720x480 (720x480) chroma: BGRA colorspace: BT601 with scaling using Bicubic (good quality)
[DBG] using video converter module "swscale"
[DBG] Filter 'Swscale' (0x10e745e00) appended to chain (0x10e745b00)
[DBG] looking for video converter module matching "any": 13 candidates
[DBG] looking for decoder device module matching "any": 1 candidates
[DBG] using decoder device module "videotoolbox"
[DBG] Buffering 93%
[DBG] Buffering 96%
[DBG] using video converter module "cvpx"
[DBG] Filter 'cvpx' (0x10e746100) appended to chain (0x10e745b00)
[INF] success
[DBG] using video converter module "chain"
8:53:03.957 PM [player] buffering 1.0
[DBG] Stream buffering done (1001 ms in 8 ms)
[DBG] using vout display module "samplebufferdisplay"
[DBG] original format sz 720x480, of (0,0), vsz 720x480, 4cc I420, sar 8:9, orient: normal
[DBG] removing "text renderer" module "freetype"
[DBG] looking for text renderer module matching "freetype": 2 candidates
[DBG] using text renderer module "freetype"
[DBG] requested window size: 640x480
[DBG] resetting projection_mode to 0
[DBG] setting projection_mode to 0
[DBG] Received first picture
[DBG] Detected interlaced video
[DBG] deinterlace -1, mode auto, is_needed 1
[DBG] resized to 3840x2160
[DBG] Output on HDMI, channel count: 6
[DBG] VLC keeping the same input layout
[DBG] output 'f32l' 48000 Hz 3F2M/LFE frame=1 samples/24 bytes
[DBG] looking for audio volume module matching "any": 2 candidates
[DBG] using audio volume module "float_mixer"
[DBG] input 'f32l' 48000 Hz 3F2M/LFE frame=1 samples/24 bytes
[DBG] looking for audio filter module matching "scaletempo": 1 candidates
[DBG] format: 48000 rate, 6 nch, 4 bps, fl32
[DBG] params: 30 stride, 0.200 overlap, 14 search
[DBG] 1.000 scale, 1440.000 stride_in, 1440 stride_out, 1152 standing, 288 overlap, 672 search, 2400 queue, fl32 mode
[DBG] using audio filter module "scaletempo"
[DBG] conversion: 'f32l'->'f32l' 48000 Hz->48000 Hz 3F2M/LFE->3F2M/LFE
[DBG] conversion pipeline complete
[DBG] conversion: 'f32l'->'f32l' 48000 Hz->48000 Hz 3F2M/LFE->3F2M/LFE
[DBG] conversion pipeline complete
[DBG] looking for audio resampler module matching "soxr": 2 candidates
[DBG] Using SoX Resampler with 'cr32s' engine and 'Medium 16-bit with medium roll-off' quality to convert f32l/48000Hz to f32l/48000Hz.
[DBG] using audio resampler module "soxr"
[DBG] Decoder wait done in 40 ms
[DBG] Adding 'deinterlace' as static
[DBG] looking for video filter module matching "deinterlace,chain": 2 candidates
[DBG] using x deinterlace method
[DBG] deinterlacing
[DBG] using video filter module "deinterlace"
[DBG] Filter 'deinterlace' (0x10e746d00) appended to chain (0x10e745200)
[DBG] deferring start (79824 us)
[DBG] deferring start (44706 us)
[DBG] deferring start (44581 us)
[DBG] deferring start (44412 us)
[DBG] deferring start (44276 us)
[DBG] deferring start (44118 us)
[DBG] deferring start (44025 us)
[DBG] deferring start (43889 us)
[DBG] deferring start (43813 us)
[DBG] deferring start (43703 us)
[DBG] deferring start (43537 us)
[DBG] deferring start (43429 us)
[DBG] deferring start (43323 us)
[DBG] deferring start (43218 us)
[DBG] deferring start (43126 us)
[DBG] deferring start (43034 us)
[DBG] deferring start (42937 us)
[DBG] deferring start (42830 us)
[DBG] deferring start (42733 us)
[DBG] deferring start (42633 us)
[DBG] deferring start (42542 us)
[DBG] deferring start (42446 us)
[DBG] deferring start (42354 us)
[DBG] deferring start (42281 us)
[DBG] deferring start (42202 us)
[DBG] deferring start (42104 us)
[DBG] deferring start (42003 us)
[DBG] deferring start (41900 us)
[DBG] deferring start (41820 us)
[DBG] deferring start (41728 us)
[DBG] deferring start (41631 us)
[DBG] deferring start (41550 us)
[DBG] deferring start (41449 us)
[DBG] deferring start (41350 us)
[DBG] deferring start (41249 us)
[DBG] deferring start (41157 us)
[DBG] deferring start (41066 us)
[DBG] deferring start (40971 us)
[DBG] deferring start (40880 us)
[DBG] deferring start (40800 us)
[DBG] started
[DBG] picture displayed late (missing 5 ms)
[WARN] picture is too late to be displayed (missing 81 ms)
[WARN] picture is too late to be displayed (missing 49 ms)
[DBG] picture displayed late (missing 15 ms)
8:53:06.686 PM [display] mode switch end: maxFPS=60 edrHeadroom=1.00/1.00 gamut=1 matchingEnabled=true switchInProgress=false criteria=set
8:53:07.888 PM [display] 4 s after request: maxFPS=60 edrHeadroom=1.00/1.00 gamut=1 matchingEnabled=true switchInProgress=false criteria=set
[DBG] Detected progressive video
[DBG] deinterlace -1, mode auto, is_needed 0
[DBG] removing "video filter" module "deinterlace"
[DBG] Filter 0x10e746d00 removed from chain
[DBG] picture displayed late (missing 6 ms)
8:54:08.230 PM [player] pause (select) at 63682 ms
[DBG] pausing
[DBG] not really pausing SPU
[DBG] pausing audio
8:54:08.241 PM [player] state Paused at 63970 ms
[DBG] pausing video
[DBG] picture displayed late (missing 15 ms)
8:54:11.840 PM [framestep] −1 gotoPreviousFrame before=63970 ms
8:54:11.844 PM [player] buffering 0.0
[DBG] SET_TIME to 63997667
[DBG] seek request to i_pos = 63997667
[DBG] seek: preroll{ track: 1, pts: 63647000, fpos: 33669207 skip: 33669207} 
[DBG] seek: preroll{ track: 2, pts: 63936000, fpos: 33869764 skip: 33869764} 
[ERR] reading while paused (buggy demux?)
[DBG] resuming
[DBG] resolving 192.168.1.250 ...
[DBG] outgoing request:
GET /stream/2 HTTP/1.1
Host: 192.168.1.250:8093
Accept: */*
Accept-Language: en_US
User-Agent: VLC/4.0.0-dev LibVLC/4.0.0-dev
If-Unmodified-Since: Fri, 17 Jul 2026 19:22:43 GMT
Range: bytes=33669207-


[DBG] incoming response:
HTTP/1.1 206 Partial Content
Accept-Ranges: bytes
Content-Length: 5688581869
Content-Range: bytes 33669207-5722251075/5722251076
Content-Type: video/x-matroska
Last-Modified: Fri, 17 Jul 2026 19:22:43 GMT
Date: Tue, 15 Sep 2026 00:54:11 GMT


[DBG] connection failed
[DBG] seek: preroll{ req: 63997668, start-pts: 63647001, start-fpos: 33669207} 
[DBG] Buffering 0%
8:54:12.015 PM [player] buffering 0.0
[DBG] Buffering 3%
[DBG] Buffering 6%
[DBG] Buffering 8%
[DBG] Buffering 12%
[DBG] Buffering 16%
[DBG] Buffering 18%
[DBG] Buffering 22%
[DBG] Buffering 24%
[DBG] Buffering 35%
[DBG] Buffering 40%
[DBG] Buffering 42%
[DBG] end of video preroll
[DBG] Buffering 43%
[DBG] Buffering 45%
[DBG] Buffering 49%
8:54:12.043 PM [framestep] previousFrameStepped result=0 time=63970 ms
[DBG] Buffering 53%
[DBG] Buffering 55%
[DBG] Buffering 56%
[DBG] Buffering 59%
[DBG] Buffering 61%
[DBG] Buffering 73%
[DBG] Buffering 77%
[DBG] Buffering 80%
[DBG] Buffering 82%
[DBG] Buffering 86%
[DBG] Buffering 90%
[DBG] Buffering 92%
[DBG] Buffering 94%
[DBG] Buffering 96%
[DBG] Buffering 98%
[DBG] Stream buffering done (1473 ms in 48 ms)
[DBG] Decoder wait done in 0 ms
8:54:12.063 PM [player] buffering 1.0
8:54:12.268 PM [framestep] −1 after(400 ms)=63981 ms
8:54:15.454 PM [framestep] −1 gotoPreviousFrame before=63981 ms
[DBG] SET_TIME to 63947667
[DBG] seek request to i_pos = 63947667
[DBG] seek: preroll{ track: 1, pts: 63647000, fpos: 33669207 skip: 33669207} 
[DBG] seek: preroll{ track: 2, pts: 63936000, fpos: 33869764 skip: 33869764} 
[DBG] resolving 192.168.1.250 ...
[DBG] outgoing request:
GET /stream/2 HTTP/1.1
Host: 192.168.1.250:8093
Accept: */*
Accept-Language: en_US
User-Agent: VLC/4.0.0-dev LibVLC/4.0.0-dev
If-Unmodified-Since: Fri, 17 Jul 2026 19:22:43 GMT
Range: bytes=33669207-


8:54:15.457 PM [player] buffering 0.0
[DBG] incoming response:
HTTP/1.1 206 Partial Content
Accept-Ranges: bytes
Content-Length: 5688581869
Content-Range: bytes 33669207-5722251075/5722251076
Content-Type: video/x-matroska
Last-Modified: Fri, 17 Jul 2026 19:22:43 GMT
Date: Tue, 15 Sep 2026 00:54:15 GMT


[DBG] connection failed
[DBG] seek: preroll{ req: 63947668, start-pts: 63647001, start-fpos: 33669207} 
[DBG] Buffering 0%
8:54:15.585 PM [player] buffering 0.0
[DBG] Buffering 3%
[DBG] Buffering 6%
[DBG] Buffering 8%
[DBG] Buffering 12%
[DBG] Buffering 16%
[DBG] Buffering 19%
[DBG] Buffering 23%
[DBG] Buffering 25%
[DBG] Buffering 36%
[DBG] end of video preroll
8:54:15.635 PM [framestep] previousFrameStepped result=0 time=63981 ms
[DBG] Buffering 37%
[DBG] Buffering 42%
[DBG] Buffering 44%
[DBG] Buffering 47%
[DBG] Buffering 51%
[DBG] Buffering 55%
[DBG] Buffering 57%
[DBG] Buffering 59%
[DBG] Buffering 61%
[DBG] Buffering 64%
[DBG] Buffering 76%
[DBG] Buffering 80%
[DBG] Buffering 83%
[DBG] Buffering 85%
[DBG] Buffering 89%
[DBG] Buffering 93%
[DBG] Buffering 96%
[DBG] Buffering 98%
[DBG] Stream buffering done (1301 ms in 66 ms)
[DBG] Decoder wait done in 0 ms
8:54:15.651 PM [player] buffering 1.0
8:54:15.874 PM [framestep] −1 after(400 ms)=63947 ms
8:54:19.058 PM [framestep] −1 gotoPreviousFrame before=63947 ms
[DBG] SET_TIME to 63913667
[DBG] seek request to i_pos = 63913667
[DBG] seek: preroll{ track: 1, pts: 63647000, fpos: 33669207 skip: 33669207} 
[DBG] seek: preroll{ track: 2, pts: 63840000, fpos: 33850296 skip: 33850296} 
[DBG] resolving 192.168.1.250 ...
[DBG] outgoing request:
GET /stream/2 HTTP/1.1
Host: 192.168.1.250:8093
Accept: */*
Accept-Language: en_US
User-Agent: VLC/4.0.0-dev LibVLC/4.0.0-dev
If-Unmodified-Since: Fri, 17 Jul 2026 19:22:43 GMT
Range: bytes=33669207-


8:54:19.063 PM [player] buffering 0.0
[DBG] incoming response:
HTTP/1.1 206 Partial Content
Accept-Ranges: bytes
Content-Length: 5688581869
Content-Range: bytes 33669207-5722251075/5722251076
Content-Type: video/x-matroska
Last-Modified: Fri, 17 Jul 2026 19:22:43 GMT
Date: Tue, 15 Sep 2026 00:54:19 GMT


[DBG] connection failed
[DBG] seek: preroll{ req: 63913668, start-pts: 63647001, start-fpos: 33669207} 
[DBG] Buffering 0%
8:54:19.228 PM [player] buffering 0.0
[DBG] Buffering 3%
[DBG] Buffering 6%
[DBG] Buffering 9%
[DBG] Buffering 13%
[DBG] Buffering 17%
[DBG] Buffering 19%
[DBG] Buffering 23%
[DBG] Buffering 26%
[DBG] end of video preroll
8:54:19.253 PM [player] buffering 0.0
[DBG] SET_TIME to 63847001
[DBG] seek request to i_pos = 63847001
[DBG] seek: preroll{ track: 1, pts: 63647000, fpos: 33669207 skip: 33669207} 
[DBG] seek: preroll{ track: 2, pts: 63840000, fpos: 33850296 skip: 33850296} 
[DBG] seek: preroll{ req: 63847002, start-pts: 63647001, start-fpos: 33669207} 
[DBG] Buffering 0%
8:54:19.254 PM [player] buffering 0.0
[DBG] Buffering 4%
[DBG] Buffering 6%
[DBG] Buffering 9%
[DBG] Buffering 13%
[DBG] Buffering 18%
[DBG] Buffering 20%
[DBG] Buffering 25%
[DBG] Buffering 27%
[DBG] Buffering 40%
[DBG] Buffering 45%
[DBG] Buffering 48%
[DBG] Buffering 51%
[DBG] Buffering 55%
[DBG] Buffering 59%
[DBG] Buffering 62%
[DBG] Buffering 64%
[DBG] Buffering 66%
[DBG] Buffering 69%
[DBG] end of video preroll
[DBG] Buffering 82%
[DBG] Buffering 87%
8:54:19.268 PM [framestep] previousFrameStepped result=0 time=63947 ms
[DBG] Buffering 90%
[DBG] Buffering 93%
[DBG] Buffering 97%
8:54:19.272 PM [player] buffering 1.0
[DBG] Stream buffering done (1218 ms in 18 ms)
[DBG] Decoder wait done in 0 ms
8:54:19.475 PM [framestep] −1 after(400 ms)=63897 ms
8:54:22.659 PM [framestep] −1 gotoPreviousFrame before=63897 ms
[DBG] SET_TIME to 63797001
[DBG] seek request to i_pos = 63797001
[DBG] seek: preroll{ track: 1, pts: 63647000, fpos: 33669207 skip: 33669207} 
[DBG] seek: preroll{ track: 2, pts: 63744000, fpos: 33814171 skip: 33814171} 
[DBG] resolving 192.168.1.250 ...
[DBG] outgoing request:
GET /stream/2 HTTP/1.1
Host: 192.168.1.250:8093
Accept: */*
Accept-Language: en_US
User-Agent: VLC/4.0.0-dev LibVLC/4.0.0-dev
If-Unmodified-Since: Fri, 17 Jul 2026 19:22:43 GMT
Range: bytes=33669207-


8:54:22.662 PM [player] buffering 0.0
[DBG] incoming response:
HTTP/1.1 206 Partial Content
Accept-Ranges: bytes
Content-Length: 5688581869
Content-Range: bytes 33669207-5722251075/5722251076
Content-Type: video/x-matroska
Last-Modified: Fri, 17 Jul 2026 19:22:43 GMT
Date: Tue, 15 Sep 2026 00:54:22 GMT


[DBG] connection failed
[DBG] seek: preroll{ req: 63797002, start-pts: 63647001, start-fpos: 33669207} 
8:54:22.819 PM [player] buffering 0.0
[DBG] Buffering 0%
[DBG] Buffering 4%
[DBG] Buffering 7%
[DBG] Buffering 10%
[DBG] Buffering 14%
[DBG] Buffering 18%
[DBG] Buffering 21%
[DBG] Buffering 26%
[DBG] Buffering 29%
[DBG] end of video preroll
[DBG] Buffering 41%
[DBG] Buffering 42%
[DBG] Buffering 47%
[DBG] Buffering 50%
[DBG] Buffering 53%
[DBG] Buffering 57%
8:54:22.838 PM [framestep] previousFrameStepped result=0 time=63897 ms
[DBG] Buffering 62%
[DBG] Buffering 65%
[DBG] Buffering 66%
[DBG] Buffering 69%
[DBG] Buffering 72%
[DBG] Buffering 86%
[DBG] Buffering 91%
[DBG] Buffering 94%
[DBG] Buffering 97%
[DBG] Stream buffering done (1168 ms in 34 ms)
8:54:22.853 PM [player] buffering 1.0
[DBG] Decoder wait done in 0 ms
8:54:23.074 PM [framestep] −1 after(400 ms)=63864 ms
8:54:26.269 PM [framestep] −1 gotoPreviousFrame before=63864 ms
8:54:26.273 PM [player] buffering 0.0
[DBG] SET_TIME to 63764001
[DBG] seek request to i_pos = 63764001
[DBG] seek: preroll{ track: 1, pts: 63647000, fpos: 33669207 skip: 33669207} 
[DBG] seek: preroll{ track: 2, pts: 63744000, fpos: 33814171 skip: 33814171} 
[DBG] resolving 192.168.1.250 ...
[DBG] outgoing request:
GET /stream/2 HTTP/1.1
Host: 192.168.1.250:8093
Accept: */*
Accept-Language: en_US
User-Agent: VLC/4.0.0-dev LibVLC/4.0.0-dev
If-Unmodified-Since: Fri, 17 Jul 2026 19:22:43 GMT
Range: bytes=33669207-


[DBG] incoming response:
HTTP/1.1 206 Partial Content
Accept-Ranges: bytes
Content-Length: 5688581869
Content-Range: bytes 33669207-5722251075/5722251076
Content-Type: video/x-matroska
Last-Modified: Fri, 17 Jul 2026 19:22:43 GMT
Date: Tue, 15 Sep 2026 00:54:26 GMT


[DBG] connection failed
[DBG] seek: preroll{ req: 63764002, start-pts: 63647001, start-fpos: 33669207} 
[DBG] Buffering 0%
8:54:26.366 PM [player] buffering 0.0
[DBG] Buffering 4%
[DBG] Buffering 7%
[DBG] Buffering 10%
[DBG] end of video preroll
[DBG] Buffering 14%
[DBG] Buffering 19%
[DBG] Buffering 22%
[DBG] Buffering 26%
[DBG] Buffering 29%
8:54:26.400 PM [framestep] previousFrameStepped result=0 time=63864 ms
[DBG] Buffering 43%
[DBG] Buffering 49%
[DBG] Buffering 51%
[DBG] Buffering 52%
[DBG] Buffering 55%
[DBG] Buffering 59%
[DBG] Buffering 64%
[DBG] Buffering 67%
[DBG] Buffering 68%
[DBG] Buffering 71%
[DBG] Buffering 74%
[DBG] Buffering 88%
[DBG] Buffering 94%
[DBG] Buffering 97%
[DBG] Stream buffering done (1117 ms in 60 ms)
[DBG] Decoder wait done in 0 ms
8:54:26.427 PM [player] buffering 1.0
8:54:26.681 PM [framestep] −1 after(400 ms)=63814 ms
8:54:29.886 PM [framestep] +1 gotoNextFrame before=63814 ms
8:54:29.889 PM [framestep] nextFrameStepped result=0 time=63864 ms
8:54:30.297 PM [framestep] +1 after(400 ms)=63864 ms
8:54:33.486 PM [framestep] +1 gotoNextFrame before=63864 ms
8:54:33.496 PM [framestep] nextFrameStepped result=0 time=63897 ms
8:54:33.907 PM [framestep] +1 after(400 ms)=63897 ms
8:54:37.091 PM [framestep] +1 gotoNextFrame before=63897 ms
8:54:37.094 PM [framestep] nextFrameStepped result=0 time=63897 ms
8:54:37.521 PM [framestep] +1 after(400 ms)=63947 ms
8:54:40.689 PM [framestep] +1 gotoNextFrame before=63947 ms
8:54:40.700 PM [framestep] nextFrameStepped result=0 time=63981 ms
8:54:41.109 PM [framestep] +1 after(400 ms)=63981 ms
8:54:44.304 PM [framestep] +1 gotoNextFrame before=63981 ms
8:54:44.309 PM [framestep] nextFrameStepped result=0 time=63981 ms
8:54:44.733 PM [framestep] +1 after(400 ms)=64031 ms
8:54:47.901 PM [framestep] −1 gotoPreviousFrame before=64031 ms
[DBG] SET_TIME to 63997667
[DBG] seek request to i_pos = 63997667
[DBG] seek: preroll{ track: 1, pts: 63647000, fpos: 33669207 skip: 33669207} 
[DBG] seek: preroll{ track: 2, pts: 63936000, fpos: 33869764 skip: 33869764} 
8:54:47.904 PM [player] buffering 0.0
[DBG] resolving 192.168.1.250 ...
[DBG] outgoing request:
GET /stream/2 HTTP/1.1
Host: 192.168.1.250:8093
Accept: */*
Accept-Language: en_US
User-Agent: VLC/4.0.0-dev LibVLC/4.0.0-dev
If-Unmodified-Since: Fri, 17 Jul 2026 19:22:43 GMT
Range: bytes=33669207-


[DBG] incoming response:
HTTP/1.1 206 Partial Content
Accept-Ranges: bytes
Content-Length: 5688581869
Content-Range: bytes 33669207-5722251075/5722251076
Content-Type: video/x-matroska
Last-Modified: Fri, 17 Jul 2026 19:22:43 GMT
Date: Tue, 15 Sep 2026 00:54:47 GMT


[DBG] connection failed
[DBG] seek: preroll{ req: 63997668, start-pts: 63647001, start-fpos: 33669207} 
[DBG] Buffering 0%
8:54:48.043 PM [player] buffering 0.0
[DBG] Buffering 3%
[DBG] Buffering 6%
[DBG] Buffering 8%
[DBG] Buffering 12%
[DBG] Buffering 16%
[DBG] Buffering 18%
[DBG] Buffering 22%
[DBG] Buffering 24%
[DBG] Buffering 35%
[DBG] end of video preroll
8:54:48.083 PM [framestep] previousFrameStepped result=0 time=64031 ms
[DBG] Buffering 40%
[DBG] Buffering 42%
[DBG] Buffering 43%
[DBG] Buffering 45%
[DBG] Buffering 49%
[DBG] Buffering 53%
[DBG] Buffering 55%
[DBG] Buffering 56%
[DBG] Buffering 59%
[DBG] Buffering 61%
[DBG] Buffering 73%
[DBG] Buffering 77%
[DBG] Buffering 80%
[DBG] Buffering 82%
[DBG] Buffering 86%
[DBG] Buffering 90%
[DBG] Buffering 92%
[DBG] Buffering 94%
[DBG] Buffering 96%
[DBG] Buffering 98%
[DBG] Stream buffering done (1473 ms in 63 ms)
[DBG] Decoder wait done in 0 ms
8:54:48.107 PM [player] buffering 1.0
8:54:48.307 PM [framestep] −1 after(400 ms)=63981 ms
8:54:51.505 PM [framestep] −1 gotoPreviousFrame before=63981 ms
8:54:51.508 PM [player] buffering 0.0
[DBG] SET_TIME to 63947667
[DBG] seek request to i_pos = 63947667
[DBG] seek: preroll{ track: 1, pts: 63647000, fpos: 33669207 skip: 33669207} 
[DBG] seek: preroll{ track: 2, pts: 63936000, fpos: 33869764 skip: 33869764} 
[DBG] resolving 192.168.1.250 ...
[DBG] outgoing request:
GET /stream/2 HTTP/1.1
Host: 192.168.1.250:8093
Accept: */*
Accept-Language: en_US
User-Agent: VLC/4.0.0-dev LibVLC/4.0.0-dev
If-Unmodified-Since: Fri, 17 Jul 2026 19:22:43 GMT
Range: bytes=33669207-


[DBG] incoming response:
HTTP/1.1 206 Partial Content
Accept-Ranges: bytes
Content-Length: 5688581869
Content-Range: bytes 33669207-5722251075/5722251076
Content-Type: video/x-matroska
Last-Modified: Fri, 17 Jul 2026 19:22:43 GMT
Date: Tue, 15 Sep 2026 00:54:51 GMT


[DBG] connection failed
[DBG] seek: preroll{ req: 63947668, start-pts: 63647001, start-fpos: 33669207} 
[DBG] Buffering 0%
8:54:51.635 PM [player] buffering 0.0
[DBG] Buffering 3%
[DBG] Buffering 6%
[DBG] Buffering 8%
[DBG] Buffering 12%
[DBG] Buffering 16%
[DBG] Buffering 19%
[DBG] Buffering 23%
[DBG] Buffering 25%
[DBG] end of video preroll
8:54:51.739 PM [framestep] previousFrameStepped result=0 time=63981 ms
[DBG] Buffering 36%
[DBG] Buffering 37%
[DBG] Buffering 42%
[DBG] Buffering 44%
[DBG] Buffering 47%
[DBG] Buffering 51%
[DBG] Buffering 55%
[DBG] Buffering 57%
[DBG] Buffering 59%
[DBG] Buffering 61%
[DBG] Buffering 64%
[DBG] Buffering 76%
[DBG] Buffering 80%
[DBG] Buffering 83%
[DBG] Buffering 85%
[DBG] Buffering 89%
[DBG] Buffering 93%
[DBG] Buffering 96%
[DBG] Buffering 98%
[DBG] Stream buffering done (1301 ms in 213 ms)
8:54:51.849 PM [player] buffering 1.0
[DBG] Decoder wait done in 0 ms
8:54:51.924 PM [framestep] −1 after(400 ms)=63947 ms
8:54:55.113 PM [framestep] −1 gotoPreviousFrame before=63947 ms
8:54:55.126 PM [player] buffering 0.0
[DBG] SET_TIME to 63913667
[DBG] seek request to i_pos = 63913667
[DBG] seek: preroll{ track: 1, pts: 63647000, fpos: 33669207 skip: 33669207} 
[DBG] seek: preroll{ track: 2, pts: 63840000, fpos: 33850296 skip: 33850296} 
[DBG] resolving 192.168.1.250 ...
[DBG] outgoing request:
GET /stream/2 HTTP/1.1
Host: 192.168.1.250:8093
Accept: */*
Accept-Language: en_US
User-Agent: VLC/4.0.0-dev LibVLC/4.0.0-dev
If-Unmodified-Since: Fri, 17 Jul 2026 19:22:43 GMT
Range: bytes=33669207-


[DBG] incoming response:
HTTP/1.1 206 Partial Content
Accept-Ranges: bytes
Content-Length: 5688581869
Content-Range: bytes 33669207-5722251075/5722251076
Content-Type: video/x-matroska
Last-Modified: Fri, 17 Jul 2026 19:22:43 GMT
Date: Tue, 15 Sep 2026 00:54:55 GMT


[DBG] connection failed
[DBG] seek: preroll{ req: 63913668, start-pts: 63647001, start-fpos: 33669207} 
[DBG] Buffering 0%
8:54:55.257 PM [player] buffering 0.0
[DBG] Buffering 3%
[DBG] Buffering 6%
[DBG] Buffering 9%
[DBG] Buffering 13%
[DBG] Buffering 17%
[DBG] Buffering 19%
[DBG] Buffering 23%
[DBG] Buffering 26%
[DBG] Buffering 37%
[DBG] end of video preroll
8:54:55.289 PM [player] buffering 0.0
[DBG] SET_TIME to 63847001
[DBG] seek request to i_pos = 63847001
[DBG] seek: preroll{ track: 1, pts: 63647000, fpos: 33669207 skip: 33669207} 
[DBG] seek: preroll{ track: 2, pts: 63840000, fpos: 33850296 skip: 33850296} 
[DBG] seek: preroll{ req: 63847002, start-pts: 63647001, start-fpos: 33669207} 
[DBG] Buffering 0%
8:54:55.290 PM [player] buffering 0.0
[DBG] Buffering 4%
[DBG] Buffering 6%
[DBG] Buffering 9%
[DBG] Buffering 13%
[DBG] Buffering 18%
[DBG] Buffering 20%
[DBG] Buffering 25%
[DBG] Buffering 27%
[DBG] Buffering 40%
[DBG] Buffering 45%
[DBG] Buffering 48%
[DBG] Buffering 51%
[DBG] Buffering 55%
[DBG] Buffering 59%
[DBG] Buffering 62%
[DBG] Buffering 64%
[DBG] Buffering 66%
[DBG] Buffering 69%
[DBG] end of video preroll
8:54:55.302 PM [framestep] previousFrameStepped result=0 time=63947 ms
[DBG] Buffering 82%
[DBG] Buffering 87%
[DBG] Buffering 90%
[DBG] Buffering 93%
[DBG] Buffering 97%
8:54:55.306 PM [player] buffering 1.0
[DBG] Stream buffering done (1218 ms in 16 ms)
[DBG] Decoder wait done in 0 ms
8:54:55.527 PM [framestep] −1 after(400 ms)=63897 ms
8:54:58.726 PM [framestep] −1 gotoPreviousFrame before=63897 ms
8:54:58.730 PM [player] buffering 0.0
[DBG] SET_TIME to 63797001
[DBG] seek request to i_pos = 63797001
[DBG] seek: preroll{ track: 1, pts: 63647000, fpos: 33669207 skip: 33669207} 
[DBG] seek: preroll{ track: 2, pts: 63744000, fpos: 33814171 skip: 33814171} 
[DBG] resolving 192.168.1.250 ...
[DBG] outgoing request:
GET /stream/2 HTTP/1.1
Host: 192.168.1.250:8093
Accept: */*
Accept-Language: en_US
User-Agent: VLC/4.0.0-dev LibVLC/4.0.0-dev
If-Unmodified-Since: Fri, 17 Jul 2026 19:22:43 GMT
Range: bytes=33669207-


[DBG] incoming response:
HTTP/1.1 206 Partial Content
Accept-Ranges: bytes
Content-Length: 5688581869
Content-Range: bytes 33669207-5722251075/5722251076
Content-Type: video/x-matroska
Last-Modified: Fri, 17 Jul 2026 19:22:43 GMT
Date: Tue, 15 Sep 2026 00:54:58 GMT


[DBG] connection failed
[DBG] seek: preroll{ req: 63797002, start-pts: 63647001, start-fpos: 33669207} 
[DBG] Buffering 0%
8:54:58.836 PM [player] buffering 0.0
[DBG] Buffering 4%
[DBG] Buffering 7%
[DBG] Buffering 10%
[DBG] Buffering 14%
[DBG] Buffering 18%
[DBG] Buffering 21%
[DBG] Buffering 26%
[DBG] Buffering 29%
[DBG] end of video preroll
[DBG] Buffering 41%
[DBG] Buffering 42%
[DBG] Buffering 47%
8:54:58.851 PM [framestep] previousFrameStepped result=0 time=63897 ms
[DBG] Buffering 50%
[DBG] Buffering 53%
[DBG] Buffering 57%
[DBG] Buffering 62%
[DBG] Buffering 65%
[DBG] Buffering 66%
[DBG] Buffering 69%
[DBG] Buffering 72%
[DBG] Buffering 86%
[DBG] Buffering 91%
[DBG] Buffering 94%
[DBG] Buffering 97%
[DBG] Stream buffering done (1168 ms in 32 ms)
[DBG] Decoder wait done in 0 ms
8:54:58.869 PM [player] buffering 1.0
8:54:59.143 PM [framestep] −1 after(400 ms)=63864 ms
8:55:02.331 PM [framestep] −1 gotoPreviousFrame before=63864 ms
8:55:02.334 PM [player] buffering 0.0
[DBG] SET_TIME to 63764001
[DBG] seek request to i_pos = 63764001
[DBG] seek: preroll{ track: 1, pts: 63647000, fpos: 33669207 skip: 33669207} 
[DBG] seek: preroll{ track: 2, pts: 63744000, fpos: 33814171 skip: 33814171} 
[DBG] resolving 192.168.1.250 ...
[DBG] outgoing request:
GET /stream/2 HTTP/1.1
Host: 192.168.1.250:8093
Accept: */*
Accept-Language: en_US
User-Agent: VLC/4.0.0-dev LibVLC/4.0.0-dev
If-Unmodified-Since: Fri, 17 Jul 2026 19:22:43 GMT
Range: bytes=33669207-


[DBG] incoming response:
HTTP/1.1 206 Partial Content
Accept-Ranges: bytes
Content-Length: 5688581869
Content-Range: bytes 33669207-5722251075/5722251076
Content-Type: video/x-matroska
Last-Modified: Fri, 17 Jul 2026 19:22:43 GMT
Date: Tue, 15 Sep 2026 00:55:02 GMT


[DBG] connection failed
[DBG] seek: preroll{ req: 63764002, start-pts: 63647001, start-fpos: 33669207} 
[DBG] Buffering 0%
8:55:02.447 PM [player] buffering 0.0
[DBG] Buffering 4%
[DBG] Buffering 7%
[DBG] Buffering 10%
[DBG] Buffering 14%
[DBG] end of video preroll
[DBG] Buffering 19%
[DBG] Buffering 22%
[DBG] Buffering 26%
[DBG] Buffering 29%
8:55:02.471 PM [framestep] previousFrameStepped result=0 time=63864 ms
[DBG] Buffering 43%
[DBG] Buffering 49%
[DBG] Buffering 51%
[DBG] Buffering 52%
[DBG] Buffering 55%
[DBG] Buffering 59%
[DBG] Buffering 64%
[DBG] Buffering 67%
[DBG] Buffering 68%
[DBG] Buffering 71%
[DBG] Buffering 74%
[DBG] Buffering 88%
[DBG] Buffering 94%
[DBG] Buffering 97%
[DBG] Stream buffering done (1117 ms in 37 ms)
8:55:02.485 PM [player] buffering 1.0
[DBG] Decoder wait done in 0 ms
8:55:02.735 PM [framestep] −1 after(400 ms)=63814 ms
8:55:05.930 PM [player] play (select) at 63814 ms
8:55:05.931 PM [player] state Playing at 63814 ms
8:55:05.931 PM [player] buffering 0.0
[DBG] not really resuming SPU
[DBG] resuming audio
[DBG] Received first picture
[DBG] resuming video
[DBG] Buffering 0%
[DBG] Buffering 6%
[DBG] Buffering 9%
[DBG] Buffering 13%
[DBG] Buffering 18%
[DBG] Buffering 23%
[DBG] Buffering 26%
[DBG] picture displayed late (missing 57580 ms)
[DBG] Buffering 28%
[DBG] Buffering 31%
[DBG] Buffering 35%
8:55:05.942 PM [player] buffering 0.0
[DBG] Buffering 51%
[DBG] Buffering 56%
[DBG] Buffering 60%
[DBG] Buffering 63%
[DBG] Buffering 68%
[DBG] Buffering 70%
[DBG] Buffering 73%
[DBG] Buffering 76%
[DBG] Buffering 79%
[DBG] Buffering 81%
[DBG] Buffering 85%
[DBG] Buffering 99%
8:55:05.945 PM [player] buffering 1.0
[DBG] Stream buffering done (1001 ms in 7 ms)
[DBG] Decoder wait done in 0 ms
[WARN] picture is too late to be displayed (missing 58799 ms)
[DBG] deferring start (125973 us)
[WARN] picture is too late to be displayed (missing 58750 ms)
[WARN] picture is too late to be displayed (missing 58716 ms)
[WARN] picture is too late to be displayed (missing 58668 ms)
[WARN] picture is too late to be displayed (missing 58636 ms)
[DBG] deferring start (90186 us)
[DBG] deferring start (89930 us)
[DBG] deferring start (89750 us)
[WARN] picture is too late to be displayed (missing 58587 ms)
[DBG] deferring start (89516 us)
[DBG] deferring start (89224 us)
[DBG] deferring start (89034 us)
[DBG] deferring start (88835 us)
[DBG] deferring start (88634 us)
[WARN] picture is too late to be displayed (missing 58555 ms)
[DBG] deferring start (88370 us)
[DBG] deferring start (88178 us)
[DBG] deferring start (87974 us)
[WARN] picture is too late to be displayed (missing 58505 ms)
[DBG] deferring start (87750 us)
[DBG] deferring start (87543 us)
[DBG] deferring start (87328 us)
[WARN] picture is too late to be displayed (missing 58472 ms)
[DBG] deferring start (87157 us)
[DBG] deferring start (86925 us)
[DBG] deferring start (86759 us)
[WARN] picture is too late to be displayed (missing 58423 ms)
[DBG] deferring start (86525 us)
[DBG] deferring start (86321 us)
[DBG] deferring start (86125 us)
[DBG] deferring start (85948 us)
[WARN] picture is too late to be displayed (missing 58390 ms)
[DBG] deferring start (85726 us)
[DBG] deferring start (85491 us)
[WARN] picture is too late to be displayed (missing 58341 ms)
[DBG] deferring start (85258 us)
[DBG] deferring start (85096 us)
[DBG] deferring start (84875 us)
[DBG] deferring start (84699 us)
[WARN] picture is too late to be displayed (missing 58308 ms)
[DBG] deferring start (84427 us)
[DBG] deferring start (84169 us)
[DBG] deferring start (84008 us)
[WARN] picture is too late to be displayed (missing 58258 ms)
[WARN] picture is too late to be displayed (missing 58226 ms)
[WARN] picture is too late to be displayed (missing 58178 ms)
[WARN] picture is too late to be displayed (missing 58144 ms)
[WARN] picture is too late to be displayed (missing 58095 ms)
[WARN] picture is too late to be displayed (missing 58062 ms)
[WARN] picture is too late to be displayed (missing 58013 ms)
[WARN] picture is too late to be displayed (missing 57980 ms)
[ERR] more than 25 frames of late video -> dropping frame (computer too slow ?)
[WARN] picture is too late to be displayed (missing 57931 ms)
[ERR] more than 25 frames of late video -> dropping frame (computer too slow ?)
[ERR] more than 25 frames of late video -> dropping frame (computer too slow ?)
[ERR] more than 25 frames of late video -> dropping frame (computer too slow ?)
[ERR] more than 25 frames of late video -> dropping frame (computer too slow ?)
[ERR] more than 26 frames of late video -> dropping frame (computer too slow ?)
[WARN] picture is too late to be displayed (missing 57816 ms)
[ERR] more than 26 frames of late video -> dropping frame (computer too slow ?)
[ERR] more than 26 frames of late video -> dropping frame (computer too slow ?)
[ERR] more than 26 frames of late video -> dropping frame (computer too slow ?)
[ERR] more than 26 frames of late video -> dropping frame (computer too slow ?)
[ERR] more than 26 frames of late video -> dropping frame (computer too slow ?)
[ERR] more than 26 frames of late video -> dropping frame (computer too slow ?)
[ERR] more than 26 frames of late video -> dropping frame (computer too slow ?)
[ERR] more than 26 frames of late video -> dropping frame (computer too slow ?)
[ERR] more than 26 frames of late video -> dropping frame (computer too slow ?)
[ERR] more than 26 frames of late video -> dropping frame (computer too slow ?)
[ERR] more than 27 frames of late video -> dropping frame (computer too slow ?)
[WARN] picture is too late to be displayed (missing 57569 ms)
[ERR] more than 27 frames of late video -> dropping frame (computer too slow ?)
[ERR] more than 27 frames of late video -> dropping frame (computer too slow ?)
[ERR] more than 27 frames of late video -> dropping frame (computer too slow ?)
[ERR] more than 27 frames of late video -> dropping frame (computer too slow ?)
[ERR] more than 27 frames of late video -> dropping frame (computer too slow ?)
[ERR] more than 27 frames of late video -> dropping frame (computer too slow ?)
[WARN] picture is too late to be displayed (missing 56851 ms)
[WARN] picture is too late to be displayed (missing 57069 ms)
[WARN] picture is too late to be displayed (missing 56770 ms)
[WARN] picture is too late to be displayed (missing 56736 ms)
[WARN] picture is too late to be displayed (missing 56689 ms)
[WARN] picture is too late to be displayed (missing 56656 ms)
[WARN] picture is too late to be displayed (missing 56607 ms)
[WARN] picture is too late to be displayed (missing 56574 ms)
[WARN] picture is too late to be displayed (missing 56525 ms)
[WARN] picture is too late to be displayed (missing 56492 ms)
[ERR] more than 38 frames of late video -> dropping frame (computer too slow ?)
[WARN] picture is too late to be displayed (missing 56443 ms)
[ERR] more than 38 frames of late video -> dropping frame (computer too slow ?)
[ERR] more than 38 frames of late video -> dropping frame (computer too slow ?)
[ERR] more than 38 frames of late video -> dropping frame (computer too slow ?)
[ERR] more than 38 frames of late video -> dropping frame (computer too slow ?)
[ERR] more than 39 frames of late video -> dropping frame (computer too slow ?)
[WARN] picture is too late to be displayed (missing 56329 ms)
[ERR] more than 39 frames of late video -> dropping frame (computer too slow ?)
[ERR] more than 39 frames of late video -> dropping frame (computer too slow ?)
[ERR] more than 39 frames of late video -> dropping frame (computer too slow ?)
[ERR] more than 39 frames of late video -> dropping frame (computer too slow ?)
[ERR] more than 39 frames of late video -> dropping frame (computer too slow ?)
[ERR] more than 39 frames of late video -> dropping frame (computer too slow ?)
[WARN] picture is too late to be displayed (missing 55863 ms)
[WARN] picture is too late to be displayed (missing 56081 ms)
[WARN] picture is too late to be displayed (missing 55782 ms)
[WARN] picture is too late to be displayed (missing 55749 ms)
[WARN] picture is too late to be displayed (missing 55701 ms)
[WARN] picture is too late to be displayed (missing 55669 ms)
[WARN] picture is too late to be displayed (missing 55619 ms)
[WARN] picture is too late to be displayed (missing 55587 ms)
[WARN] picture is too late to be displayed (missing 55538 ms)
[WARN] picture is too late to be displayed (missing 55504 ms)
[ERR] more than 50 frames of late video -> dropping frame (computer too slow ?)
[WARN] picture is too late to be displayed (missing 55455 ms)
[ERR] more than 50 frames of late video -> dropping frame (computer too slow ?)
[ERR] more than 50 frames of late video -> dropping frame (computer too slow ?)
[ERR] more than 50 frames of late video -> dropping frame (computer too slow ?)
[ERR] more than 50 frames of late video -> dropping frame (computer too slow ?)
[ERR] more than 51 frames of late video -> dropping frame (computer too slow ?)
[WARN] picture is too late to be displayed (missing 55341 ms)
[ERR] more than 51 frames of late video -> dropping frame (computer too slow ?)
[ERR] more than 51 frames of late video -> dropping frame (computer too slow ?)
[ERR] more than 51 frames of late video -> dropping frame (computer too slow ?)
[ERR] more than 51 frames of late video -> dropping frame (computer too slow ?)
[ERR] more than 51 frames of late video -> dropping frame (computer too slow ?)
[ERR] more than 51 frames of late video -> dropping frame (computer too slow ?)
[WARN] picture is too late to be displayed (missing 54875 ms)
[WARN] picture is too late to be displayed (missing 55093 ms)
[WARN] picture is too late to be displayed (missing 54793 ms)
[WARN] picture is too late to be displayed (missing 54760 ms)
[WARN] picture is too late to be displayed (missing 54712 ms)
[WARN] picture is too late to be displayed (missing 54679 ms)
[WARN] picture is too late to be displayed (missing 54630 ms)
[WARN] picture is too late to be displayed (missing 54597 ms)
[WARN] picture is too late to be displayed (missing 54548 ms)
[WARN] picture is too late to be displayed (missing 54514 ms)
[ERR] more than 62 frames of late video -> dropping frame (computer too slow ?)
[WARN] picture is too late to be displayed (missing 54465 ms)
[ERR] more than 62 frames of late video -> dropping frame (computer too slow ?)
[ERR] more than 62 frames of late video -> dropping frame (computer too slow ?)
[ERR] more than 62 frames of late video -> dropping frame (computer too slow ?)
[ERR] more than 62 frames of late video -> dropping frame (computer too slow ?)
[ERR] more than 63 frames of late video -> dropping frame (computer too slow ?)
[WARN] picture is too late to be displayed (missing 54350 ms)
[ERR] more than 63 frames of late video -> dropping frame (computer too slow ?)
[ERR] more than 63 frames of late video -> dropping frame (computer too slow ?)
[ERR] more than 63 frames of late video -> dropping frame (computer too slow ?)
[ERR] more than 63 frames of late video -> dropping frame (computer too slow ?)
[ERR] more than 63 frames of late video -> dropping frame (computer too slow ?)
[ERR] more than 63 frames of late video -> dropping frame (computer too slow ?)
[WARN] picture is too late to be displayed (missing 53884 ms)
[WARN] picture is too late to be displayed (missing 54102 ms)
[WARN] picture is too late to be displayed (missing 53802 ms)
[WARN] picture is too late to be displayed (missing 53769 ms)
[WARN] picture is too late to be displayed (missing 53721 ms)
[WARN] picture is too late to be displayed (missing 53688 ms)
[WARN] picture is too late to be displayed (missing 53639 ms)
[WARN] picture is too late to be displayed (missing 53606 ms)
[WARN] picture is too late to be displayed (missing 53557 ms)
[WARN] picture is too late to be displayed (missing 53523 ms)
[ERR] more than 74 frames of late video -> dropping frame (computer too slow ?)
[WARN] picture is too late to be displayed (missing 53474 ms)
[ERR] more than 74 frames of late video -> dropping frame (computer too slow ?)
[ERR] more than 74 frames of late video -> dropping frame (computer too slow ?)
[ERR] more than 74 frames of late video -> dropping frame (computer too slow ?)
[ERR] more than 74 frames of late video -> dropping frame (computer too slow ?)
[ERR] more than 75 frames of late video -> dropping frame (computer too slow ?)
[WARN] picture is too late to be displayed (missing 53359 ms)
[ERR] more than 75 frames of late video -> dropping frame (computer too slow ?)
[ERR] more than 75 frames of late video -> dropping frame (computer too slow ?)
[ERR] more than 75 frames of late video -> dropping frame (computer too slow ?)
[ERR] more than 75 frames of late video -> dropping frame (computer too slow ?)
[ERR] more than 75 frames of late video -> dropping frame (computer too slow ?)
[ERR] more than 75 frames of late video -> dropping frame (computer too slow ?)
[WARN] picture is too late to be displayed (missing 52893 ms)
[WARN] picture is too late to be displayed (missing 53110 ms)
[WARN] picture is too late to be displayed (missing 52811 ms)
[WARN] picture is too late to be displayed (missing 52777 ms)
[WARN] picture is too late to be displayed (missing 52729 ms)
[WARN] picture is too late to be displayed (missing 52696 ms)
[WARN] picture is too late to be displayed (missing 52647 ms)
[WARN] picture is too late to be displayed (missing 52614 ms)
[WARN] picture is too late to be displayed (missing 52565 ms)
[WARN] picture is too late to be displayed (missing 52531 ms)
[ERR] more than 86 frames of late video -> dropping frame (computer too slow ?)
[DBG] deferring start (21532 us)
[WARN] picture is too late to be displayed (missing 52482 ms)
[ERR] more than 86 frames of late video -> dropping frame (computer too slow ?)
[DBG] deferring start (21409 us)
[ERR] more than 86 frames of late video -> dropping frame (computer too slow ?)
[ERR] more than 86 frames of late video -> dropping frame (computer too slow ?)
[ERR] more than 86 frames of late video -> dropping frame (computer too slow ?)
[DBG] deferring start (21196 us)
[WARN] picture is too late to be displayed (missing 52366 ms)
[ERR] more than 87 frames of late video -> dropping frame (computer too slow ?)
[ERR] more than 87 frames of late video -> dropping frame (computer too slow ?)
[ERR] more than 87 frames of late video -> dropping frame (computer too slow ?)
[ERR] more than 87 frames of late video -> dropping frame (computer too slow ?)
[ERR] more than 87 frames of late video -> dropping frame (computer too slow ?)
[ERR] more than 87 frames of late video -> dropping frame (computer too slow ?)
[ERR] more than 87 frames of late video -> dropping frame (computer too slow ?)
[WARN] picture is too late to be displayed (missing 51900 ms)
[WARN] picture is too late to be displayed (missing 52118 ms)
[WARN] picture is too late to be displayed (missing 51818 ms)
[WARN] picture is too late to be displayed (missing 51784 ms)
[WARN] picture is too late to be displayed (missing 51736 ms)
[WARN] picture is too late to be displayed (missing 51703 ms)
[WARN] picture is too late to be displayed (missing 51654 ms)
[WARN] picture is too late to be displayed (missing 51621 ms)
[WARN] picture is too late to be displayed (missing 51571 ms)
[WARN] picture is too late to be displayed (missing 51538 ms)
[ERR] more than 98 frames of late video -> dropping frame (computer too slow ?)
[WARN] picture is too late to be displayed (missing 51488 ms)
[ERR] more than 98 frames of late video -> dropping frame (computer too slow ?)
[ERR] more than 98 frames of late video -> dropping frame (computer too slow ?)
[ERR] more than 98 frames of late video -> dropping frame (computer too slow ?)
[ERR] more than 98 frames of late video -> dropping frame (computer too slow ?)
[ERR] more than 99 frames of late video -> dropping frame (computer too slow ?)
[WARN] picture is too late to be displayed (missing 51373 ms)
[ERR] more than 99 frames of late video -> dropping frame (computer too slow ?)
[ERR] more than 99 frames of late video -> dropping frame (computer too slow ?)
[ERR] more than 99 frames of late video -> dropping frame (computer too slow ?)
[ERR] more than 99 frames of late video -> dropping frame (computer too slow ?)
[ERR] more than 99 frames of late video -> dropping frame (computer too slow ?)
[ERR] more than 99 frames of late video -> dropping frame (computer too slow ?)
[WARN] picture is too late to be displayed (missing 50906 ms)
[WARN] picture is too late to be displayed (missing 51124 ms)
[WARN] picture is too late to be displayed (missing 50824 ms)
[WARN] picture is too late to be displayed (missing 50791 ms)
[WARN] picture is too late to be displayed (missing 50742 ms)
[WARN] picture is too late to be displayed (missing 50709 ms)
[WARN] picture is too late to be displayed (missing 50660 ms)
[WARN] picture is too late to be displayed (missing 50627 ms)
[WARN] picture is too late to be displayed (missing 50577 ms)
[WARN] picture is too late to be displayed (missing 50544 ms)
[ERR] more than 110 frames of late video -> dropping frame (computer too slow ?)
[WARN] picture is too late to be displayed (missing 50494 ms)
[ERR] more than 110 frames of late video -> dropping frame (computer too slow ?)
[ERR] more than 110 frames of late video -> dropping frame (computer too slow ?)
[ERR] more than 110 frames of late video -> dropping frame (computer too slow ?)
[ERR] more than 110 frames of late video -> dropping frame (computer too slow ?)
[WARN] picture is too late to be displayed (missing 50379 ms)
[ERR] more than 111 frames of late video -> dropping frame (computer too slow ?)
[ERR] more than 111 frames of late video -> dropping frame (computer too slow ?)
[ERR] more than 111 frames of late video -> dropping frame (computer too slow ?)
[ERR] more than 111 frames of late video -> dropping frame (computer too slow ?)
[ERR] more than 111 frames of late video -> dropping frame (computer too slow ?)
[ERR] more than 111 frames of late video -> dropping frame (computer too slow ?)
[ERR] more than 111 frames of late video -> dropping frame (computer too slow ?)
[WARN] picture is too late to be displayed (missing 49921 ms)
[WARN] picture is too late to be displayed (missing 50139 ms)
[WARN] picture is too late to be displayed (missing 49839 ms)
[DBG] started
[WARN] picture is too late to be displayed (missing 49805 ms)
[WARN] picture is too late to be displayed (missing 49757 ms)
[WARN] picture is too late to be displayed (missing 49724 ms)
[WARN] picture is too late to be displayed (missing 49674 ms)
[WARN] picture is too late to be displayed (missing 49642 ms)
[WARN] picture is too late to be displayed (missing 49592 ms)
[WARN] picture is too late to be displayed (missing 49559 ms)
[WARN] picture is too late to be displayed (missing 49509 ms)
[ERR] more than 122 frames of late video -> dropping frame (computer too slow ?)
[ERR] more than 122 frames of late video -> dropping frame (computer too slow ?)
[ERR] more than 122 frames of late video -> dropping frame (computer too slow ?)
[ERR] more than 122 frames of late video -> dropping frame (computer too slow ?)
[ERR] more than 122 frames of late video -> dropping frame (computer too slow ?)
[ERR] more than 123 frames of late video -> dropping frame (computer too slow ?)
[WARN] picture is too late to be displayed (missing 49394 ms)
[ERR] more than 123 frames of late video -> dropping frame (computer too slow ?)
[ERR] more than 123 frames of late video -> dropping frame (computer too slow ?)
[ERR] more than 123 frames of late video -> dropping frame (computer too slow ?)
[ERR] more than 123 frames of late video -> dropping frame (computer too slow ?)
[ERR] more than 123 frames of late video -> dropping frame (computer too slow ?)
[ERR] more than 123 frames of late video -> dropping frame (computer too slow ?)
[WARN] picture is too late to be displayed (missing 48927 ms)
[WARN] picture is too late to be displayed (missing 49145 ms)
[WARN] picture is too late to be displayed (missing 48845 ms)
[WARN] picture is too late to be displayed (missing 48812 ms)
[WARN] picture is too late to be displayed (missing 48763 ms)
[WARN] picture is too late to be displayed (missing 48730 ms)
[WARN] picture is too late to be displayed (missing 48680 ms)
[WARN] picture is too late to be displayed (missing 48648 ms)
[WARN] picture is too late to be displayed (missing 48598 ms)
[WARN] picture is too late to be displayed (missing 48565 ms)
[WARN] picture is too late to be displayed (missing 48515 ms)
[ERR] more than 134 frames of late video -> dropping frame (computer too slow ?)
[ERR] more than 134 frames of late video -> dropping frame (computer too slow ?)
[ERR] more than 134 frames of late video -> dropping frame (computer too slow ?)
[ERR] more than 134 frames of late video -> dropping frame (computer too slow ?)
[ERR] more than 134 frames of late video -> dropping frame (computer too slow ?)
[ERR] more than 135 frames of late video -> dropping frame (computer too slow ?)
[ERR] more than 135 frames of late video -> dropping frame (computer too slow ?)
[ERR] more than 135 frames of late video -> dropping frame (computer too slow ?)
[ERR] more than 135 frames of late video -> dropping frame (computer too slow ?)
[ERR] more than 135 frames of late video -> dropping frame (computer too slow ?)
[ERR] more than 135 frames of late video -> dropping frame (computer too slow ?)
[ERR] more than 135 frames of late video -> dropping frame (computer too slow ?)
[WARN] picture is too late to be displayed (missing 48400 ms)
[WARN] picture is too late to be displayed (missing 47933 ms)
[WARN] picture is too late to be displayed (missing 48151 ms)
[WARN] picture is too late to be displayed (missing 47851 ms)
[WARN] picture is too late to be displayed (missing 47818 ms)
[WARN] picture is too late to be displayed (missing 47769 ms)
[WARN] picture is too late to be displayed (missing 47736 ms)
[WARN] picture is too late to be displayed (missing 47686 ms)
[WARN] picture is too late to be displayed (missing 47654 ms)
[WARN] picture is too late to be displayed (missing 47605 ms)
[WARN] picture is too late to be displayed (missing 47571 ms)
[ERR] more than 146 frames of late video -> dropping frame (computer too slow ?)
[WARN] picture is too late to be displayed (missing 47522 ms)
[ERR] more than 146 frames of late video -> dropping frame (computer too slow ?)
[ERR] more than 146 frames of late video -> dropping frame (computer too slow ?)
[ERR] more than 146 frames of late video -> dropping frame (computer too slow ?)
[ERR] more than 146 frames of late video -> dropping frame (computer too slow ?)
[ERR] more than 147 frames of late video -> dropping frame (computer too slow ?)
[ERR] more than 147 frames of late video -> dropping frame (computer too slow ?)
[WARN] picture is too late to be displayed (missing 47408 ms)
[ERR] more than 147 frames of late video -> dropping frame (computer too slow ?)
[ERR] more than 147 frames of late video -> dropping frame (computer too slow ?)
[ERR] more than 147 frames of late video -> dropping frame (computer too slow ?)
[ERR] more than 147 frames of late video -> dropping frame (computer too slow ?)
[ERR] more than 147 frames of late video -> dropping frame (computer too slow ?)
[WARN] picture is too late to be displayed (missing 46942 ms)
[WARN] picture is too late to be displayed (missing 47160 ms)
[WARN] picture is too late to be displayed (missing 46861 ms)
[WARN] picture is too late to be displayed (missing 46827 ms)
[WARN] picture is too late to be displayed (missing 46780 ms)
[WARN] picture is too late to be displayed (missing 46747 ms)
[WARN] picture is too late to be displayed (missing 46698 ms)
[WARN] picture is too late to be displayed (missing 46665 ms)
[WARN] picture is too late to be displayed (missing 46616 ms)
[WARN] picture is too late to be displayed (missing 46582 ms)
[ERR] more than 158 frames of late video -> dropping frame (computer too slow ?)
[WARN] picture is too late to be displayed (missing 46533 ms)
[ERR] more than 158 frames of late video -> dropping frame (computer too slow ?)
[ERR] more than 158 frames of late video -> dropping frame (computer too slow ?)
[ERR] more than 158 frames of late video -> dropping frame (computer too slow ?)
[ERR] more than 158 frames of late video -> dropping frame (computer too slow ?)
[ERR] more than 159 frames of late video -> dropping frame (computer too slow ?)
[WARN] picture is too late to be displayed (missing 46418 ms)
[ERR] more than 159 frames of late video -> dropping frame (computer too slow ?)
[ERR] more than 159 frames of late video -> dropping frame (computer too slow ?)
[ERR] more than 159 frames of late video -> dropping frame (computer too slow ?)
[ERR] more than 159 frames of late video -> dropping frame (computer too slow ?)
[ERR] more than 159 frames of late video -> dropping frame (computer too slow ?)
[ERR] more than 159 frames of late video -> dropping frame (computer too slow ?)
[WARN] picture is too late to be displayed (missing 45952 ms)
[WARN] picture is too late to be displayed (missing 46170 ms)
[WARN] picture is too late to be displayed (missing 45870 ms)
[WARN] picture is too late to be displayed (missing 45837 ms)
[WARN] picture is too late to be displayed (missing 45788 ms)
[WARN] picture is too late to be displayed (missing 45756 ms)
[WARN] picture is too late to be displayed (missing 45707 ms)
[WARN] picture is too late to be displayed (missing 45674 ms)
[WARN] picture is too late to be displayed (missing 45624 ms)
[WARN] picture is too late to be displayed (missing 45591 ms)
[ERR] more than 170 frames of late video -> dropping frame (computer too slow ?)
[WARN] picture is too late to be displayed (missing 45542 ms)
[ERR] more than 170 frames of late video -> dropping frame (computer too slow ?)
[ERR] more than 170 frames of late video -> dropping frame (computer too slow ?)
[ERR] more than 170 frames of late video -> dropping frame (computer too slow ?)
[ERR] more than 170 frames of late video -> dropping frame (computer too slow ?)
[ERR] more than 171 frames of late video -> dropping frame (computer too slow ?)
[WARN] picture is too late to be displayed (missing 45426 ms)
[ERR] more than 171 frames of late video -> dropping frame (computer too slow ?)
[ERR] more than 171 frames of late video -> dropping frame (computer too slow ?)
[ERR] more than 171 frames of late video -> dropping frame (computer too slow ?)
[ERR] more than 171 frames of late video -> dropping frame (computer too slow ?)
[ERR] more than 171 frames of late video -> dropping frame (computer too slow ?)
[ERR] more than 171 frames of late video -> dropping frame (computer too slow ?)
[WARN] picture is too late to be displayed (missing 44960 ms)
[WARN] picture is too late to be displayed (missing 45177 ms)
[WARN] picture is too late to be displayed (missing 44878 ms)
[WARN] picture is too late to be displayed (missing 44844 ms)
[WARN] picture is too late to be displayed (missing 44795 ms)
[WARN] picture is too late to be displayed (missing 44763 ms)
[WARN] picture is too late to be displayed (missing 44713 ms)
[WARN] picture is too late to be displayed (missing 44681 ms)
[WARN] picture is too late to be displayed (missing 44631 ms)
[WARN] picture is too late to be displayed (missing 44598 ms)
[ERR] more than 182 frames of late video -> dropping frame (computer too slow ?)
[WARN] picture is too late to be displayed (missing 44549 ms)
[ERR] more than 182 frames of late video -> dropping frame (computer too slow ?)
[ERR] more than 182 frames of late video -> dropping frame (computer too slow ?)
[ERR] more than 182 frames of late video -> dropping frame (computer too slow ?)
[ERR] more than 182 frames of late video -> dropping frame (computer too slow ?)
[ERR] more than 183 frames of late video -> dropping frame (computer too slow ?)
[WARN] picture is too late to be displayed (missing 44433 ms)
[ERR] more than 183 frames of late video -> dropping frame (computer too slow ?)
[ERR] more than 183 frames of late video -> dropping frame (computer too slow ?)
[ERR] more than 183 frames of late video -> dropping frame (computer too slow ?)
[ERR] more than 183 frames of late video -> dropping frame (computer too slow ?)
[ERR] more than 183 frames of late video -> dropping frame (computer too slow ?)
[ERR] more than 183 frames of late video -> dropping frame (computer too slow ?)
[WARN] picture is too late to be displayed (missing 43967 ms)
[WARN] picture is too late to be displayed (missing 44184 ms)
[WARN] picture is too late to be displayed (missing 43885 ms)
[WARN] picture is too late to be displayed (missing 43851 ms)
[WARN] picture is too late to be displayed (missing 43803 ms)
[WARN] picture is too late to be displayed (missing 43770 ms)
[WARN] picture is too late to be displayed (missing 43720 ms)
[WARN] picture is too late to be displayed (missing 43688 ms)
[WARN] picture is too late to be displayed (missing 43638 ms)
[WARN] picture is too late to be displayed (missing 43605 ms)
[ERR] more than 194 frames of late video -> dropping frame (computer too slow ?)
[WARN] picture is too late to be displayed (missing 43555 ms)
[ERR] more than 194 frames of late video -> dropping frame (computer too slow ?)
[ERR] more than 194 frames of late video -> dropping frame (computer too slow ?)
[ERR] more than 194 frames of late video -> dropping frame (computer too slow ?)
[ERR] more than 194 frames of late video -> dropping frame (computer too slow ?)
[ERR] more than 195 frames of late video -> dropping frame (computer too slow ?)
[WARN] picture is too late to be displayed (missing 43440 ms)
[ERR] more than 195 frames of late video -> dropping frame (computer too slow ?)
[ERR] more than 195 frames of late video -> dropping frame (computer too slow ?)
[ERR] more than 195 frames of late video -> dropping frame (computer too slow ?)
[ERR] more than 195 frames of late video -> dropping frame (computer too slow ?)
[ERR] more than 195 frames of late video -> dropping frame (computer too slow ?)
[ERR] more than 195 frames of late video -> dropping frame (computer too slow ?)
[WARN] picture is too late to be displayed (missing 42974 ms)
[WARN] picture is too late to be displayed (missing 43191 ms)
[WARN] picture is too late to be displayed (missing 42892 ms)
[WARN] picture is too late to be displayed (missing 42858 ms)
[WARN] picture is too late to be displayed (missing 42809 ms)
[WARN] picture is too late to be displayed (missing 42777 ms)
[WARN] picture is too late to be displayed (missing 42727 ms)
[WARN] picture is too late to be displayed (missing 42695 ms)
[WARN] picture is too late to be displayed (missing 42645 ms)
[WARN] picture is too late to be displayed (missing 42611 ms)
[ERR] more than 206 frames of late video -> dropping frame (computer too slow ?)
[WARN] picture is too late to be displayed (missing 42562 ms)
[ERR] more than 206 frames of late video -> dropping frame (computer too slow ?)
[ERR] more than 206 frames of late video -> dropping frame (computer too slow ?)
[ERR] more than 206 frames of late video -> dropping frame (computer too slow ?)
[ERR] more than 206 frames of late video -> dropping frame (computer too slow ?)
[ERR] more than 207 frames of late video -> dropping frame (computer too slow ?)
[WARN] picture is too late to be displayed (missing 42446 ms)
[ERR] more than 207 frames of late video -> dropping frame (computer too slow ?)
[ERR] more than 207 frames of late video -> dropping frame (computer too slow ?)
[ERR] more than 207 frames of late video -> dropping frame (computer too slow ?)
[ERR] more than 207 frames of late video -> dropping frame (computer too slow ?)
[ERR] more than 207 frames of late video -> dropping frame (computer too slow ?)
[ERR] more than 207 frames of late video -> dropping frame (computer too slow ?)
[WARN] picture is too late to be displayed (missing 41980 ms)
[WARN] picture is too late to be displayed (missing 42198 ms)
[WARN] picture is too late to be displayed (missing 41898 ms)
[WARN] picture is too late to be displayed (missing 41864 ms)
[WARN] picture is too late to be displayed (missing 41816 ms)
[WARN] picture is too late to be displayed (missing 41783 ms)
[WARN] picture is too late to be displayed (missing 41733 ms)
[WARN] picture is too late to be displayed (missing 41701 ms)
[WARN] picture is too late to be displayed (missing 41651 ms)
[WARN] picture is too late to be displayed (missing 41618 ms)
[ERR] more than 218 frames of late video -> dropping frame (computer too slow ?)
[WARN] picture is too late to be displayed (missing 41568 ms)
[ERR] more than 218 frames of late video -> dropping frame (computer too slow ?)
[ERR] more than 218 frames of late video -> dropping frame (computer too slow ?)
[ERR] more than 218 frames of late video -> dropping frame (computer too slow ?)
[ERR] more than 218 frames of late video -> dropping frame (computer too slow ?)
[ERR] more than 219 frames of late video -> dropping frame (computer too slow ?)
[WARN] picture is too late to be displayed (missing 41452 ms)
[ERR] more than 219 frames of late video -> dropping frame (computer too slow ?)
[ERR] more than 219 frames of late video -> dropping frame (computer too slow ?)
[ERR] more than 219 frames of late video -> dropping frame (computer too slow ?)
[ERR] more than 219 frames of late video -> dropping frame (computer too slow ?)
[ERR] more than 219 frames of late video -> dropping frame (computer too slow ?)
[ERR] more than 219 frames of late video -> dropping frame (computer too slow ?)
[WARN] picture is too late to be displayed (missing 40986 ms)
[WARN] picture is too late to be displayed (missing 41203 ms)
[WARN] picture is too late to be displayed (missing 40904 ms)
[WARN] picture is too late to be displayed (missing 40870 ms)
[WARN] picture is too late to be displayed (missing 40821 ms)
[WARN] picture is too late to be displayed (missing 40789 ms)
[WARN] picture is too late to be displayed (missing 40739 ms)
[WARN] picture is too late to be displayed (missing 40706 ms)
[WARN] picture is too late to be displayed (missing 40657 ms)
[WARN] picture is too late to be displayed (missing 40623 ms)
[ERR] more than 230 frames of late video -> dropping frame (computer too slow ?)
[WARN] picture is too late to be displayed (missing 40574 ms)
[ERR] more than 230 frames of late video -> dropping frame (computer too slow ?)
[ERR] more than 230 frames of late video -> dropping frame (computer too slow ?)
[ERR] more than 230 frames of late video -> dropping frame (computer too slow ?)
[ERR] more than 230 frames of late video -> dropping frame (computer too slow ?)
[ERR] more than 231 frames of late video -> dropping frame (computer too slow ?)
[WARN] picture is too late to be displayed (missing 40458 ms)
[ERR] more than 231 frames of late video -> dropping frame (computer too slow ?)
[ERR] more than 231 frames of late video -> dropping frame (computer too slow ?)
[ERR] more than 231 frames of late video -> dropping frame (computer too slow ?)
[ERR] more than 231 frames of late video -> dropping frame (computer too slow ?)
[ERR] more than 231 frames of late video -> dropping frame (computer too slow ?)
[ERR] more than 231 frames of late video -> dropping frame (computer too slow ?)
[WARN] picture is too late to be displayed (missing 39991 ms)
[WARN] picture is too late to be displayed (missing 40209 ms)
[WARN] picture is too late to be displayed (missing 39909 ms)
[WARN] picture is too late to be displayed (missing 39875 ms)
[WARN] picture is too late to be displayed (missing 39826 ms)
[WARN] picture is too late to be displayed (missing 39793 ms)
[WARN] picture is too late to be displayed (missing 39744 ms)
[WARN] picture is too late to be displayed (missing 39711 ms)
[WARN] picture is too late to be displayed (missing 39662 ms)
[WARN] picture is too late to be displayed (missing 39628 ms)
[WARN] picture is too late to be displayed (missing 39579 ms)
[ERR] more than 242 frames of late video -> dropping frame (computer too slow ?)
[ERR] more than 242 frames of late video -> dropping frame (computer too slow ?)
[ERR] more than 242 frames of late video -> dropping frame (computer too slow ?)
[ERR] more than 242 frames of late video -> dropping frame (computer too slow ?)
[ERR] more than 242 frames of late video -> dropping frame (computer too slow ?)
[ERR] more than 243 frames of late video -> dropping frame (computer too slow ?)
[WARN] picture is too late to be displayed (missing 39463 ms)
[ERR] more than 243 frames of late video -> dropping frame (computer too slow ?)
[ERR] more than 243 frames of late video -> dropping frame (computer too slow ?)
[ERR] more than 243 frames of late video -> dropping frame (computer too slow ?)
[ERR] more than 243 frames of late video -> dropping frame (computer too slow ?)
[ERR] more than 243 frames of late video -> dropping frame (computer too slow ?)
[ERR] more than 243 frames of late video -> dropping frame (computer too slow ?)
[WARN] picture is too late to be displayed (missing 38996 ms)
[WARN] picture is too late to be displayed (missing 39214 ms)
[WARN] picture is too late to be displayed (missing 38914 ms)
[WARN] picture is too late to be displayed (missing 38880 ms)
[WARN] picture is too late to be displayed (missing 38832 ms)
[WARN] picture is too late to be displayed (missing 38799 ms)
[WARN] picture is too late to be displayed (missing 38749 ms)
[WARN] picture is too late to be displayed (missing 38717 ms)
[WARN] picture is too late to be displayed (missing 38667 ms)
[WARN] picture is too late to be displayed (missing 38634 ms)
[WARN] picture is too late to be displayed (missing 38584 ms)
[ERR] more than 254 frames of late video -> dropping frame (computer too slow ?)
[ERR] more than 254 frames of late video -> dropping frame (computer too slow ?)
[ERR] more than 254 frames of late video -> dropping frame (computer too slow ?)
[ERR] more than 254 frames of late video -> dropping frame (computer too slow ?)
[ERR] more than 254 frames of late video -> dropping frame (computer too slow ?)
[WARN] picture is too late to be displayed (missing 38469 ms)
[ERR] more than 255 frames of late video -> dropping frame (computer too slow ?)
[ERR] more than 255 frames of late video -> dropping frame (computer too slow ?)
[ERR] more than 255 frames of late video -> dropping frame (computer too slow ?)
[ERR] more than 255 frames of late video -> dropping frame (computer too slow ?)
[ERR] more than 255 frames of late video -> dropping frame (computer too slow ?)
[ERR] more than 255 frames of late video -> dropping frame (computer too slow ?)
[ERR] more than 255 frames of late video -> dropping frame (computer too slow ?)
[WARN] picture is too late to be displayed (missing 38002 ms)
[WARN] picture is too late to be displayed (missing 38220 ms)
[WARN] picture is too late to be displayed (missing 37920 ms)
[WARN] picture is too late to be displayed (missing 37886 ms)
[WARN] picture is too late to be displayed (missing 37838 ms)
[WARN] picture is too late to be displayed (missing 37805 ms)
[WARN] picture is too late to be displayed (missing 37755 ms)
[WARN] picture is too late to be displayed (missing 37723 ms)
[WARN] picture is too late to be displayed (missing 37673 ms)
[WARN] picture is too late to be displayed (missing 37640 ms)
[WARN] picture is too late to be displayed (missing 37590 ms)
[ERR] more than 266 frames of late video -> dropping frame (computer too slow ?)
[ERR] more than 266 frames of late video -> dropping frame (computer too slow ?)
[ERR] more than 266 frames of late video -> dropping frame (computer too slow ?)
[ERR] more than 266 frames of late video -> dropping frame (computer too slow ?)
[ERR] more than 266 frames of late video -> dropping frame (computer too slow ?)
[WARN] picture is too late to be displayed (missing 37474 ms)
[ERR] more than 267 frames of late video -> dropping frame (computer too slow ?)
[ERR] more than 267 frames of late video -> dropping frame (computer too slow ?)
[ERR] more than 267 frames of late video -> dropping frame (computer too slow ?)
[ERR] more than 267 frames of late video -> dropping frame (computer too slow ?)
[ERR] more than 267 frames of late video -> dropping frame (computer too slow ?)
[ERR] more than 267 frames of late video -> dropping frame (computer too slow ?)
[ERR] more than 267 frames of late video -> dropping frame (computer too slow ?)
[WARN] picture is too late to be displayed (missing 37008 ms)
[WARN] picture is too late to be displayed (missing 37225 ms)
[WARN] picture is too late to be displayed (missing 36926 ms)
[WARN] picture is too late to be displayed (missing 36892 ms)
[WARN] picture is too late to be displayed (missing 36843 ms)
[WARN] picture is too late to be displayed (missing 36811 ms)
[WARN] picture is too late to be displayed (missing 36761 ms)
[WARN] picture is too late to be displayed (missing 36729 ms)
[WARN] picture is too late to be displayed (missing 36679 ms)
[WARN] picture is too late to be displayed (missing 36645 ms)
[WARN] picture is too late to be displayed (missing 36596 ms)
[ERR] more than 278 frames of late video -> dropping frame (computer too slow ?)
[ERR] more than 278 frames of late video -> dropping frame (computer too slow ?)
[ERR] more than 278 frames of late video -> dropping frame (computer too slow ?)
[ERR] more than 278 frames of late video -> dropping frame (computer too slow ?)
[ERR] more than 278 frames of late video -> dropping frame (computer too slow ?)
[WARN] picture is too late to be displayed (missing 36480 ms)
[ERR] more than 279 frames of late video -> dropping frame (computer too slow ?)
[ERR] more than 279 frames of late video -> dropping frame (computer too slow ?)
[ERR] more than 279 frames of late video -> dropping frame (computer too slow ?)
[ERR] more than 279 frames of late video -> dropping frame (computer too slow ?)
[ERR] more than 279 frames of late video -> dropping frame (computer too slow ?)
[ERR] more than 279 frames of late video -> dropping frame (computer too slow ?)
[ERR] more than 279 frames of late video -> dropping frame (computer too slow ?)
[WARN] picture is too late to be displayed (missing 36014 ms)
[WARN] picture is too late to be displayed (missing 36232 ms)
[WARN] picture is too late to be displayed (missing 35932 ms)
[WARN] picture is too late to be displayed (missing 35898 ms)
[WARN] picture is too late to be displayed (missing 35850 ms)
[WARN] picture is too late to be displayed (missing 35817 ms)
[WARN] picture is too late to be displayed (missing 35767 ms)
[WARN] picture is too late to be displayed (missing 35735 ms)
[WARN] picture is too late to be displayed (missing 35685 ms)
[WARN] picture is too late to be displayed (missing 35651 ms)
[WARN] picture is too late to be displayed (missing 35602 ms)
[ERR] more than 290 frames of late video -> dropping frame (computer too slow ?)
[ERR] more than 290 frames of late video -> dropping frame (computer too slow ?)
[ERR] more than 290 frames of late video -> dropping frame (computer too slow ?)
[ERR] more than 290 frames of late video -> dropping frame (computer too slow ?)
[ERR] more than 290 frames of late video -> dropping frame (computer too slow ?)
[WARN] picture is too late to be displayed (missing 35486 ms)
[ERR] more than 291 frames of late video -> dropping frame (computer too slow ?)
[ERR] more than 291 frames of late video -> dropping frame (computer too slow ?)
[ERR] more than 291 frames of late video -> dropping frame (computer too slow ?)
[ERR] more than 291 frames of late video -> dropping frame (computer too slow ?)
[ERR] more than 291 frames of late video -> dropping frame (computer too slow ?)
[ERR] more than 291 frames of late video -> dropping frame (computer too slow ?)
[ERR] more than 291 frames of late video -> dropping frame (computer too slow ?)
[WARN] picture is too late to be displayed (missing 35020 ms)
[WARN] picture is too late to be displayed (missing 35237 ms)
[WARN] picture is too late to be displayed (missing 34938 ms)
[WARN] picture is too late to be displayed (missing 34904 ms)
[WARN] picture is too late to be displayed (missing 34855 ms)
[WARN] picture is too late to be displayed (missing 34823 ms)
[WARN] picture is too late to be displayed (missing 34773 ms)
[WARN] picture is too late to be displayed (missing 34740 ms)
[WARN] picture is too late to be displayed (missing 34691 ms)
[WARN] picture is too late to be displayed (missing 34657 ms)
[WARN] picture is too late to be displayed (missing 34608 ms)
[ERR] more than 302 frames of late video -> dropping frame (computer too slow ?)
[ERR] more than 302 frames of late video -> dropping frame (computer too slow ?)
[ERR] more than 302 frames of late video -> dropping frame (computer too slow ?)
[ERR] more than 302 frames of late video -> dropping frame (computer too slow ?)
[ERR] more than 302 frames of late video -> dropping frame (computer too slow ?)
[WARN] picture is too late to be displayed (missing 34492 ms)
[ERR] more than 303 frames of late video -> dropping frame (computer too slow ?)
[ERR] more than 303 frames of late video -> dropping frame (computer too slow ?)
[ERR] more than 303 frames of late video -> dropping frame (computer too slow ?)
[ERR] more than 303 frames of late video -> dropping frame (computer too slow ?)
[ERR] more than 303 frames of late video -> dropping frame (computer too slow ?)
[ERR] more than 303 frames of late video -> dropping frame (computer too slow ?)
[ERR] more than 303 frames of late video -> dropping frame (computer too slow ?)
[WARN] picture is too late to be displayed (missing 34026 ms)
[WARN] picture is too late to be displayed (missing 34243 ms)
[WARN] picture is too late to be displayed (missing 33943 ms)
[WARN] picture is too late to be displayed (missing 33910 ms)
[WARN] picture is too late to be displayed (missing 33861 ms)
[WARN] picture is too late to be displayed (missing 33828 ms)
[WARN] picture is too late to be displayed (missing 33778 ms)
[WARN] picture is too late to be displayed (missing 33745 ms)
[WARN] picture is too late to be displayed (missing 33696 ms)
[WARN] picture is too late to be displayed (missing 33662 ms)
[ERR] more than 314 frames of late video -> dropping frame (computer too slow ?)
[WARN] picture is too late to be displayed (missing 33612 ms)
[ERR] more than 314 frames of late video -> dropping frame (computer too slow ?)
[ERR] more than 314 frames of late video -> dropping frame (computer too slow ?)
[ERR] more than 314 frames of late video -> dropping frame (computer too slow ?)
[ERR] more than 314 frames of late video -> dropping frame (computer too slow ?)
[WARN] picture is too late to be displayed (missing 33497 ms)
[ERR] more than 315 frames of late video -> dropping frame (computer too slow ?)
[ERR] more than 315 frames of late video -> dropping frame (computer too slow ?)
[ERR] more than 315 frames of late video -> dropping frame (computer too slow ?)
[ERR] more than 315 frames of late video -> dropping frame (computer too slow ?)
[ERR] more than 315 frames of late video -> dropping frame (computer too slow ?)
[ERR] more than 315 frames of late video -> dropping frame (computer too slow ?)
[ERR] more than 315 frames of late video -> dropping frame (computer too slow ?)
[WARN] picture is too late to be displayed (missing 33030 ms)
[WARN] picture is too late to be displayed (missing 33247 ms)
[WARN] picture is too late to be displayed (missing 32948 ms)
[WARN] picture is too late to be displayed (missing 32914 ms)
[WARN] picture is too late to be displayed (missing 32865 ms)
[WARN] picture is too late to be displayed (missing 32832 ms)
[WARN] picture is too late to be displayed (missing 32783 ms)
[WARN] picture is too late to be displayed (missing 32750 ms)
[WARN] picture is too late to be displayed (missing 32701 ms)
[WARN] picture is too late to be displayed (missing 32667 ms)
[WARN] picture is too late to be displayed (missing 32617 ms)
[ERR] more than 326 frames of late video -> dropping frame (computer too slow ?)
[ERR] more than 326 frames of late video -> dropping frame (computer too slow ?)
[ERR] more than 326 frames of late video -> dropping frame (computer too slow ?)
[ERR] more than 326 frames of late video -> dropping frame (computer too slow ?)
[ERR] more than 326 frames of late video -> dropping frame (computer too slow ?)
[WARN] picture is too late to be displayed (missing 32502 ms)
[ERR] more than 327 frames of late video -> dropping frame (computer too slow ?)
[ERR] more than 327 frames of late video -> dropping frame (computer too slow ?)
[ERR] more than 327 frames of late video -> dropping frame (computer too slow ?)
[ERR] more than 327 frames of late video -> dropping frame (computer too slow ?)
[ERR] more than 327 frames of late video -> dropping frame (computer too slow ?)
[ERR] more than 327 frames of late video -> dropping frame (computer too slow ?)
[ERR] more than 327 frames of late video -> dropping frame (computer too slow ?)
[WARN] picture is too late to be displayed (missing 32035 ms)
[WARN] picture is too late to be displayed (missing 32253 ms)
[WARN] picture is too late to be displayed (missing 31953 ms)
[WARN] picture is too late to be displayed (missing 31919 ms)
[WARN] picture is too late to be displayed (missing 31871 ms)
[WARN] picture is too late to be displayed (missing 31838 ms)
[WARN] picture is too late to be displayed (missing 31788 ms)
[WARN] picture is too late to be displayed (missing 31756 ms)
[WARN] picture is too late to be displayed (missing 31706 ms)
[WARN] picture is too late to be displayed (missing 31672 ms)
[WARN] picture is too late to be displayed (missing 31623 ms)
[ERR] more than 338 frames of late video -> dropping frame (computer too slow ?)
[ERR] more than 338 frames of late video -> dropping frame (computer too slow ?)
[ERR] more than 338 frames of late video -> dropping frame (computer too slow ?)
[ERR] more than 338 frames of late video -> dropping frame (computer too slow ?)
[ERR] more than 338 frames of late video -> dropping frame (computer too slow ?)
[ERR] more than 339 frames of late video -> dropping frame (computer too slow ?)
[WARN] picture is too late to be displayed (missing 31507 ms)
[ERR] more than 339 frames of late video -> dropping frame (computer too slow ?)
[ERR] more than 339 frames of late video -> dropping frame (computer too slow ?)
[ERR] more than 339 frames of late video -> dropping frame (computer too slow ?)
[ERR] more than 339 frames of late video -> dropping frame (computer too slow ?)
[ERR] more than 339 frames of late video -> dropping frame (computer too slow ?)
[ERR] more than 339 frames of late video -> dropping frame (computer too slow ?)
[WARN] picture is too late to be displayed (missing 31041 ms)
[WARN] picture is too late to be displayed (missing 31258 ms)
[WARN] picture is too late to be displayed (missing 30958 ms)
[WARN] picture is too late to be displayed (missing 30925 ms)
[WARN] picture is too late to be displayed (missing 30876 ms)
[WARN] picture is too late to be displayed (missing 30843 ms)
[WARN] picture is too late to be displayed (missing 30794 ms)
[WARN] picture is too late to be displayed (missing 30761 ms)
[WARN] picture is too late to be displayed (missing 30711 ms)
[WARN] picture is too late to be displayed (missing 30678 ms)
[WARN] picture is too late to be displayed (missing 30628 ms)
[ERR] more than 350 frames of late video -> dropping frame (computer too slow ?)
[ERR] more than 350 frames of late video -> dropping frame (computer too slow ?)
[ERR] more than 350 frames of late video -> dropping frame (computer too slow ?)
[ERR] more than 350 frames of late video -> dropping frame (computer too slow ?)
[ERR] more than 350 frames of late video -> dropping frame (computer too slow ?)
[WARN] picture is too late to be displayed (missing 30512 ms)
[ERR] more than 351 frames of late video -> dropping frame (computer too slow ?)
[ERR] more than 351 frames of late video -> dropping frame (computer too slow ?)
[ERR] more than 351 frames of late video -> dropping frame (computer too slow ?)
[ERR] more than 351 frames of late video -> dropping frame (computer too slow ?)
[ERR] more than 351 frames of late video -> dropping frame (computer too slow ?)
[ERR] more than 351 frames of late video -> dropping frame (computer too slow ?)
[ERR] more than 351 frames of late video -> dropping frame (computer too slow ?)
[WARN] picture is too late to be displayed (missing 30046 ms)
[WARN] picture is too late to be displayed (missing 30264 ms)
[WARN] picture is too late to be displayed (missing 29964 ms)
[WARN] picture is too late to be displayed (missing 29930 ms)
[WARN] picture is too late to be displayed (missing 29881 ms)
[WARN] picture is too late to be displayed (missing 29849 ms)
[WARN] picture is too late to be displayed (missing 29799 ms)
[WARN] picture is too late to be displayed (missing 29767 ms)
[WARN] picture is too late to be displayed (missing 29717 ms)
[WARN] picture is too late to be displayed (missing 29683 ms)
[WARN] picture is too late to be displayed (missing 29634 ms)
[ERR] more than 362 frames of late video -> dropping frame (computer too slow ?)
[ERR] more than 362 frames of late video -> dropping frame (computer too slow ?)
[ERR] more than 362 frames of late video -> dropping frame (computer too slow ?)
[ERR] more than 362 frames of late video -> dropping frame (computer too slow ?)
[ERR] more than 362 frames of late video -> dropping frame (computer too slow ?)
[ERR] more than 363 frames of late video -> dropping frame (computer too slow ?)
[WARN] picture is too late to be displayed (missing 29518 ms)
[ERR] more than 363 frames of late video -> dropping frame (computer too slow ?)
[ERR] more than 363 frames of late video -> dropping frame (computer too slow ?)
[ERR] more than 363 frames of late video -> dropping frame (computer too slow ?)
[ERR] more than 363 frames of late video -> dropping frame (computer too slow ?)
[ERR] more than 363 frames of late video -> dropping frame (computer too slow ?)
[ERR] more than 363 frames of late video -> dropping frame (computer too slow ?)
[WARN] picture is too late to be displayed (missing 29052 ms)
[WARN] picture is too late to be displayed (missing 29269 ms)
[WARN] picture is too late to be displayed (missing 28969 ms)
[WARN] picture is too late to be displayed (missing 28936 ms)
[WARN] picture is too late to be displayed (missing 28887 ms)
[WARN] picture is too late to be displayed (missing 28854 ms)
[WARN] picture is too late to be displayed (missing 28804 ms)
[WARN] picture is too late to be displayed (missing 28772 ms)
[WARN] picture is too late to be displayed (missing 28722 ms)
[WARN] picture is too late to be displayed (missing 28688 ms)
[ERR] more than 374 frames of late video -> dropping frame (computer too slow ?)
[WARN] picture is too late to be displayed (missing 28639 ms)
[ERR] more than 374 frames of late video -> dropping frame (computer too slow ?)
[ERR] more than 374 frames of late video -> dropping frame (computer too slow ?)
[ERR] more than 374 frames of late video -> dropping frame (computer too slow ?)
[ERR] more than 374 frames of late video -> dropping frame (computer too slow ?)
[WARN] picture is too late to be displayed (missing 28523 ms)
[ERR] more than 375 frames of late video -> dropping frame (computer too slow ?)
[ERR] more than 375 frames of late video -> dropping frame (computer too slow ?)
[ERR] more than 375 frames of late video -> dropping frame (computer too slow ?)
[ERR] more than 375 frames of late video -> dropping frame (computer too slow ?)
[ERR] more than 375 frames of late video -> dropping frame (computer too slow ?)
[ERR] more than 375 frames of late video -> dropping frame (computer too slow ?)
[ERR] more than 375 frames of late video -> dropping frame (computer too slow ?)
[WARN] picture is too late to be displayed (missing 28056 ms)
[WARN] picture is too late to be displayed (missing 28274 ms)
[WARN] picture is too late to be displayed (missing 27974 ms)
[WARN] picture is too late to be displayed (missing 27940 ms)
[WARN] picture is too late to be displayed (missing 27892 ms)
[WARN] picture is too late to be displayed (missing 27859 ms)
[WARN] picture is too late to be displayed (missing 27809 ms)
[WARN] picture is too late to be displayed (missing 27777 ms)
[WARN] picture is too late to be displayed (missing 27727 ms)
[WARN] picture is too late to be displayed (missing 27693 ms)
[ERR] more than 386 frames of late video -> dropping frame (computer too slow ?)
[WARN] picture is too late to be displayed (missing 27644 ms)
[ERR] more than 386 frames of late video -> dropping frame (computer too slow ?)
[ERR] more than 386 frames of late video -> dropping frame (computer too slow ?)
[ERR] more than 386 frames of late video -> dropping frame (computer too slow ?)
[ERR] more than 386 frames of late video -> dropping frame (computer too slow ?)
[WARN] picture is too late to be displayed (missing 27528 ms)
[ERR] more than 387 frames of late video -> dropping frame (computer too slow ?)
[ERR] more than 387 frames of late video -> dropping frame (computer too slow ?)
[ERR] more than 387 frames of late video -> dropping frame (computer too slow ?)
[ERR] more than 387 frames of late video -> dropping frame (computer too slow ?)
[ERR] more than 387 frames of late video -> dropping frame (computer too slow ?)
[ERR] more than 387 frames of late video -> dropping frame (computer too slow ?)
[ERR] more than 387 frames of late video -> dropping frame (computer too slow ?)
[WARN] picture is too late to be displayed (missing 27062 ms)
[WARN] picture is too late to be displayed (missing 27279 ms)
[WARN] picture is too late to be displayed (missing 26980 ms)
[WARN] picture is too late to be displayed (missing 26946 ms)
[WARN] picture is too late to be displayed (missing 26897 ms)
[WARN] picture is too late to be displayed (missing 26864 ms)
[WARN] picture is too late to be displayed (missing 26815 ms)
[WARN] picture is too late to be displayed (missing 26782 ms)
[WARN] picture is too late to be displayed (missing 26733 ms)
[WARN] picture is too late to be displayed (missing 26699 ms)
[WARN] picture is too late to be displayed (missing 26649 ms)
[ERR] more than 398 frames of late video -> dropping frame (computer too slow ?)
[ERR] more than 398 frames of late video -> dropping frame (computer too slow ?)
[ERR] more than 398 frames of late video -> dropping frame (computer too slow ?)
[ERR] more than 398 frames of late video -> dropping frame (computer too slow ?)
[ERR] more than 398 frames of late video -> dropping frame (computer too slow ?)
[WARN] picture is too late to be displayed (missing 26534 ms)
[ERR] more than 399 frames of late video -> dropping frame (computer too slow ?)
[ERR] more than 399 frames of late video -> dropping frame (computer too slow ?)
[ERR] more than 399 frames of late video -> dropping frame (computer too slow ?)
[ERR] more than 399 frames of late video -> dropping frame (computer too slow ?)
[ERR] more than 399 frames of late video -> dropping frame (computer too slow ?)
[ERR] more than 399 frames of late video -> dropping frame (computer too slow ?)
[ERR] more than 399 frames of late video -> dropping frame (computer too slow ?)
[WARN] picture is too late to be displayed (missing 26067 ms)
[WARN] picture is too late to be displayed (missing 26285 ms)
[WARN] picture is too late to be displayed (missing 25985 ms)
[WARN] picture is too late to be displayed (missing 25951 ms)
[WARN] picture is too late to be displayed (missing 25903 ms)
[WARN] picture is too late to be displayed (missing 25870 ms)
[WARN] picture is too late to be displayed (missing 25820 ms)
[WARN] picture is too late to be displayed (missing 25788 ms)
[WARN] picture is too late to be displayed (missing 25738 ms)
[WARN] picture is too late to be displayed (missing 25704 ms)
[WARN] picture is too late to be displayed (missing 25655 ms)
[ERR] more than 410 frames of late video -> dropping frame (computer too slow ?)
[ERR] more than 410 frames of late video -> dropping frame (computer too slow ?)
[ERR] more than 410 frames of late video -> dropping frame (computer too slow ?)
[ERR] more than 410 frames of late video -> dropping frame (computer too slow ?)
[ERR] more than 410 frames of late video -> dropping frame (computer too slow ?)
[ERR] more than 411 frames of late video -> dropping frame (computer too slow ?)
[WARN] picture is too late to be displayed (missing 25539 ms)
[ERR] more than 411 frames of late video -> dropping frame (computer too slow ?)
[ERR] more than 411 frames of late video -> dropping frame (computer too slow ?)
[ERR] more than 411 frames of late video -> dropping frame (computer too slow ?)
[ERR] more than 411 frames of late video -> dropping frame (computer too slow ?)
[ERR] more than 411 frames of late video -> dropping frame (computer too slow ?)
[ERR] more than 411 frames of late video -> dropping frame (computer too slow ?)
[WARN] picture is too late to be displayed (missing 25073 ms)
[WARN] picture is too late to be displayed (missing 25290 ms)
[WARN] picture is too late to be displayed (missing 24991 ms)
[WARN] picture is too late to be displayed (missing 24957 ms)
[WARN] picture is too late to be displayed (missing 24908 ms)
[WARN] picture is too late to be displayed (missing 24875 ms)
[WARN] picture is too late to be displayed (missing 24826 ms)
[WARN] picture is too late to be displayed (missing 24794 ms)
[WARN] picture is too late to be displayed (missing 24744 ms)
[WARN] picture is too late to be displayed (missing 24710 ms)
[WARN] picture is too late to be displayed (missing 24660 ms)
[ERR] more than 422 frames of late video -> dropping frame (computer too slow ?)
[ERR] more than 422 frames of late video -> dropping frame (computer too slow ?)
[ERR] more than 422 frames of late video -> dropping frame (computer too slow ?)
[ERR] more than 422 frames of late video -> dropping frame (computer too slow ?)
[ERR] more than 422 frames of late video -> dropping frame (computer too slow ?)
[ERR] more than 423 frames of late video -> dropping frame (computer too slow ?)
[WARN] picture is too late to be displayed (missing 24545 ms)
[ERR] more than 423 frames of late video -> dropping frame (computer too slow ?)
[ERR] more than 423 frames of late video -> dropping frame (computer too slow ?)
[ERR] more than 423 frames of late video -> dropping frame (computer too slow ?)
[ERR] more than 423 frames of late video -> dropping frame (computer too slow ?)
[ERR] more than 423 frames of late video -> dropping frame (computer too slow ?)
[ERR] more than 423 frames of late video -> dropping frame (computer too slow ?)
[WARN] picture is too late to be displayed (missing 24078 ms)
[WARN] picture is too late to be displayed (missing 24296 ms)
[WARN] picture is too late to be displayed (missing 23996 ms)
[WARN] picture is too late to be displayed (missing 23962 ms)
[WARN] picture is too late to be displayed (missing 23913 ms)
[WARN] picture is too late to be displayed (missing 23881 ms)
[WARN] picture is too late to be displayed (missing 23831 ms)
[WARN] picture is too late to be displayed (missing 23798 ms)
[WARN] picture is too late to be displayed (missing 23749 ms)
[WARN] picture is too late to be displayed (missing 23715 ms)
[ERR] more than 434 frames of late video -> dropping frame (computer too slow ?)
[WARN] picture is too late to be displayed (missing 23665 ms)
[ERR] more than 434 frames of late video -> dropping frame (computer too slow ?)
[ERR] more than 434 frames of late video -> dropping frame (computer too slow ?)
[ERR] more than 434 frames of late video -> dropping frame (computer too slow ?)
[ERR] more than 434 frames of late video -> dropping frame (computer too slow ?)
[ERR] more than 435 frames of late video -> dropping frame (computer too slow ?)
[ERR] more than 435 frames of late video -> dropping frame (computer too slow ?)
[ERR] more than 435 frames of late video -> dropping frame (computer too slow ?)
[WARN] picture is too late to be displayed (missing 23550 ms)
[ERR] more than 435 frames of late video -> dropping frame (computer too slow ?)
[ERR] more than 435 frames of late video -> dropping frame (computer too slow ?)
[ERR] more than 435 frames of late video -> dropping frame (computer too slow ?)
[ERR] more than 435 frames of late video -> dropping frame (computer too slow ?)
[WARN] picture is too late to be displayed (missing 23083 ms)
[WARN] picture is too late to be displayed (missing 23301 ms)
[WARN] picture is too late to be displayed (missing 23001 ms)
[WARN] picture is too late to be displayed (missing 22967 ms)
[WARN] picture is too late to be displayed (missing 22918 ms)
[WARN] picture is too late to be displayed (missing 22886 ms)
[WARN] picture is too late to be displayed (missing 22836 ms)
[WARN] picture is too late to be displayed (missing 22804 ms)
[WARN] picture is too late to be displayed (missing 22754 ms)
[WARN] picture is too late to be displayed (missing 22720 ms)
[ERR] more than 446 frames of late video -> dropping frame (computer too slow ?)
[WARN] picture is too late to be displayed (missing 22671 ms)
[ERR] more than 446 frames of late video -> dropping frame (computer too slow ?)
[ERR] more than 446 frames of late video -> dropping frame (computer too slow ?)
[ERR] more than 446 frames of late video -> dropping frame (computer too slow ?)
[ERR] more than 446 frames of late video -> dropping frame (computer too slow ?)
[ERR] more than 447 frames of late video -> dropping frame (computer too slow ?)
[WARN] picture is too late to be displayed (missing 22555 ms)
[ERR] more than 447 frames of late video -> dropping frame (computer too slow ?)
[ERR] more than 447 frames of late video -> dropping frame (computer too slow ?)
[ERR] more than 447 frames of late video -> dropping frame (computer too slow ?)
[ERR] more than 447 frames of late video -> dropping frame (computer too slow ?)
[ERR] more than 447 frames of late video -> dropping frame (computer too slow ?)
[ERR] more than 447 frames of late video -> dropping frame (computer too slow ?)
[WARN] picture is too late to be displayed (missing 22089 ms)
[WARN] picture is too late to be displayed (missing 22306 ms)
[WARN] picture is too late to be displayed (missing 22006 ms)
[WARN] picture is too late to be displayed (missing 21973 ms)
[WARN] picture is too late to be displayed (missing 21924 ms)
[WARN] picture is too late to be displayed (missing 21891 ms)
[WARN] picture is too late to be displayed (missing 21841 ms)
[WARN] picture is too late to be displayed (missing 21809 ms)
[WARN] picture is too late to be displayed (missing 21759 ms)
[WARN] picture is too late to be displayed (missing 21725 ms)
[ERR] more than 458 frames of late video -> dropping frame (computer too slow ?)
[WARN] picture is too late to be displayed (missing 21676 ms)
[ERR] more than 458 frames of late video -> dropping frame (computer too slow ?)
[ERR] more than 458 frames of late video -> dropping frame (computer too slow ?)
[ERR] more than 458 frames of late video -> dropping frame (computer too slow ?)
[ERR] more than 458 frames of late video -> dropping frame (computer too slow ?)
[WARN] picture is too late to be displayed (missing 21560 ms)
[ERR] more than 459 frames of late video -> dropping frame (computer too slow ?)
[ERR] more than 459 frames of late video -> dropping frame (computer too slow ?)
[ERR] more than 459 frames of late video -> dropping frame (computer too slow ?)
[ERR] more than 459 frames of late video -> dropping frame (computer too slow ?)
[ERR] more than 459 frames of late video -> dropping frame (computer too slow ?)
[ERR] more than 459 frames of late video -> dropping frame (computer too slow ?)
[ERR] more than 459 frames of late video -> dropping frame (computer too slow ?)
[WARN] picture is too late to be displayed (missing 21094 ms)
[WARN] picture is too late to be displayed (missing 21311 ms)
[WARN] picture is too late to be displayed (missing 21011 ms)
[WARN] picture is too late to be displayed (missing 20978 ms)
[WARN] picture is too late to be displayed (missing 20929 ms)
[WARN] picture is too late to be displayed (missing 20896 ms)
[WARN] picture is too late to be displayed (missing 20847 ms)
[WARN] picture is too late to be displayed (missing 20814 ms)
[WARN] picture is too late to be displayed (missing 20764 ms)
[WARN] picture is too late to be displayed (missing 20731 ms)
[ERR] more than 470 frames of late video -> dropping frame (computer too slow ?)
[WARN] picture is too late to be displayed (missing 20681 ms)
[ERR] more than 470 frames of late video -> dropping frame (computer too slow ?)
[ERR] more than 470 frames of late video -> dropping frame (computer too slow ?)
[ERR] more than 470 frames of late video -> dropping frame (computer too slow ?)
[ERR] more than 470 frames of late video -> dropping frame (computer too slow ?)
[ERR] more than 471 frames of late video -> dropping frame (computer too slow ?)
[ERR] more than 471 frames of late video -> dropping frame (computer too slow ?)
[WARN] picture is too late to be displayed (missing 20565 ms)
[ERR] more than 471 frames of late video -> dropping frame (computer too slow ?)
[ERR] more than 471 frames of late video -> dropping frame (computer too slow ?)
[ERR] more than 471 frames of late video -> dropping frame (computer too slow ?)
[ERR] more than 471 frames of late video -> dropping frame (computer too slow ?)
[ERR] more than 471 frames of late video -> dropping frame (computer too slow ?)
[WARN] picture is too late to be displayed (missing 20099 ms)
[WARN] picture is too late to be displayed (missing 20316 ms)
[WARN] picture is too late to be displayed (missing 20017 ms)
[WARN] picture is too late to be displayed (missing 19983 ms)
[WARN] picture is too late to be displayed (missing 19934 ms)
[WARN] picture is too late to be displayed (missing 19901 ms)
[WARN] picture is too late to be displayed (missing 19852 ms)
[WARN] picture is too late to be displayed (missing 19819 ms)
[WARN] picture is too late to be displayed (missing 19769 ms)
[WARN] picture is too late to be displayed (missing 19736 ms)
[ERR] more than 482 frames of late video -> dropping frame (computer too slow ?)
[WARN] picture is too late to be displayed (missing 19686 ms)
[ERR] more than 482 frames of late video -> dropping frame (computer too slow ?)
[ERR] more than 482 frames of late video -> dropping frame (computer too slow ?)
[ERR] more than 482 frames of late video -> dropping frame (computer too slow ?)
[ERR] more than 482 frames of late video -> dropping frame (computer too slow ?)
[ERR] more than 483 frames of late video -> dropping frame (computer too slow ?)
[ERR] more than 483 frames of late video -> dropping frame (computer too slow ?)
[WARN] picture is too late to be displayed (missing 19570 ms)
[ERR] more than 483 frames of late video -> dropping frame (computer too slow ?)
[ERR] more than 483 frames of late video -> dropping frame (computer too slow ?)
[ERR] more than 483 frames of late video -> dropping frame (computer too slow ?)
[ERR] more than 483 frames of late video -> dropping frame (computer too slow ?)
[ERR] more than 483 frames of late video -> dropping frame (computer too slow ?)
[WARN] picture is too late to be displayed (missing 19104 ms)
[WARN] picture is too late to be displayed (missing 19321 ms)
[WARN] picture is too late to be displayed (missing 19022 ms)
[WARN] picture is too late to be displayed (missing 18988 ms)
[WARN] picture is too late to be displayed (missing 18938 ms)
[WARN] picture is too late to be displayed (missing 18906 ms)
[WARN] picture is too late to be displayed (missing 18856 ms)
[WARN] picture is too late to be displayed (missing 18824 ms)
[WARN] picture is too late to be displayed (missing 18774 ms)
[WARN] picture is too late to be displayed (missing 18740 ms)
[ERR] more than 494 frames of late video -> dropping frame (computer too slow ?)
[WARN] picture is too late to be displayed (missing 18691 ms)
[ERR] more than 494 frames of late video -> dropping frame (computer too slow ?)
[ERR] more than 494 frames of late video -> dropping frame (computer too slow ?)
[ERR] more than 494 frames of late video -> dropping frame (computer too slow ?)
[ERR] more than 494 frames of late video -> dropping frame (computer too slow ?)
[ERR] more than 495 frames of late video -> dropping frame (computer too slow ?)
[WARN] picture is too late to be displayed (missing 18575 ms)
[ERR] more than 495 frames of late video -> dropping frame (computer too slow ?)
[ERR] more than 495 frames of late video -> dropping frame (computer too slow ?)
[ERR] more than 495 frames of late video -> dropping frame (computer too slow ?)
[ERR] more than 495 frames of late video -> dropping frame (computer too slow ?)
[ERR] more than 495 frames of late video -> dropping frame (computer too slow ?)
[ERR] more than 495 frames of late video -> dropping frame (computer too slow ?)
[WARN] picture is too late to be displayed (missing 18108 ms)
[WARN] picture is too late to be displayed (missing 18326 ms)
[WARN] picture is too late to be displayed (missing 18026 ms)
[WARN] picture is too late to be displayed (missing 17992 ms)
[WARN] picture is too late to be displayed (missing 17943 ms)
[WARN] picture is too late to be displayed (missing 17911 ms)
[WARN] picture is too late to be displayed (missing 17861 ms)
[WARN] picture is too late to be displayed (missing 17829 ms)
[WARN] picture is too late to be displayed (missing 17779 ms)
[WARN] picture is too late to be displayed (missing 17745 ms)
[ERR] more than 506 frames of late video -> dropping frame (computer too slow ?)
[WARN] picture is too late to be displayed (missing 17696 ms)
[ERR] more than 506 frames of late video -> dropping frame (computer too slow ?)
[ERR] more than 506 frames of late video -> dropping frame (computer too slow ?)
[ERR] more than 506 frames of late video -> dropping frame (computer too slow ?)
[ERR] more than 506 frames of late video -> dropping frame (computer too slow ?)
[ERR] more than 507 frames of late video -> dropping frame (computer too slow ?)
[WARN] picture is too late to be displayed (missing 17580 ms)
[ERR] more than 507 frames of late video -> dropping frame (computer too slow ?)
[ERR] more than 507 frames of late video -> dropping frame (computer too slow ?)
[ERR] more than 507 frames of late video -> dropping frame (computer too slow ?)
[ERR] more than 507 frames of late video -> dropping frame (computer too slow ?)
[ERR] more than 507 frames of late video -> dropping frame (computer too slow ?)
[ERR] more than 507 frames of late video -> dropping frame (computer too slow ?)
[WARN] picture is too late to be displayed (missing 17114 ms)
[WARN] picture is too late to be displayed (missing 17331 ms)
[WARN] picture is too late to be displayed (missing 17031 ms)
[WARN] picture is too late to be displayed (missing 16998 ms)
[WARN] picture is too late to be displayed (missing 16949 ms)
[WARN] picture is too late to be displayed (missing 16916 ms)
[WARN] picture is too late to be displayed (missing 16866 ms)
[WARN] picture is too late to be displayed (missing 16834 ms)
[WARN] picture is too late to be displayed (missing 16784 ms)
[WARN] picture is too late to be displayed (missing 16750 ms)
[ERR] more than 518 frames of late video -> dropping frame (computer too slow ?)
[WARN] picture is too late to be displayed (missing 16701 ms)
[ERR] more than 518 frames of late video -> dropping frame (computer too slow ?)
[ERR] more than 518 frames of late video -> dropping frame (computer too slow ?)
[ERR] more than 518 frames of late video -> dropping frame (computer too slow ?)
[ERR] more than 518 frames of late video -> dropping frame (computer too slow ?)
[ERR] more than 519 frames of late video -> dropping frame (computer too slow ?)
[WARN] picture is too late to be displayed (missing 16585 ms)
[ERR] more than 519 frames of late video -> dropping frame (computer too slow ?)
[ERR] more than 519 frames of late video -> dropping frame (computer too slow ?)
[ERR] more than 519 frames of late video -> dropping frame (computer too slow ?)
[ERR] more than 519 frames of late video -> dropping frame (computer too slow ?)
[ERR] more than 519 frames of late video -> dropping frame (computer too slow ?)
[ERR] more than 519 frames of late video -> dropping frame (computer too slow ?)
[WARN] picture is too late to be displayed (missing 16119 ms)
[WARN] picture is too late to be displayed (missing 16336 ms)
[WARN] picture is too late to be displayed (missing 16037 ms)
[WARN] picture is too late to be displayed (missing 16003 ms)
[WARN] picture is too late to be displayed (missing 15954 ms)
[WARN] picture is too late to be displayed (missing 15921 ms)
[WARN] picture is too late to be displayed (missing 15872 ms)
[WARN] picture is too late to be displayed (missing 15839 ms)
[WARN] picture is too late to be displayed (missing 15789 ms)
[WARN] picture is too late to be displayed (missing 15756 ms)
[ERR] more than 530 frames of late video -> dropping frame (computer too slow ?)
[WARN] picture is too late to be displayed (missing 15706 ms)
[ERR] more than 530 frames of late video -> dropping frame (computer too slow ?)
[ERR] more than 530 frames of late video -> dropping frame (computer too slow ?)
[ERR] more than 530 frames of late video -> dropping frame (computer too slow ?)
[ERR] more than 530 frames of late video -> dropping frame (computer too slow ?)
[ERR] more than 531 frames of late video -> dropping frame (computer too slow ?)
[WARN] picture is too late to be displayed (missing 15591 ms)
[ERR] more than 531 frames of late video -> dropping frame (computer too slow ?)
[ERR] more than 531 frames of late video -> dropping frame (computer too slow ?)
[ERR] more than 531 frames of late video -> dropping frame (computer too slow ?)
[ERR] more than 531 frames of late video -> dropping frame (computer too slow ?)
[ERR] more than 531 frames of late video -> dropping frame (computer too slow ?)
[ERR] more than 531 frames of late video -> dropping frame (computer too slow ?)
[WARN] picture is too late to be displayed (missing 15124 ms)
[WARN] picture is too late to be displayed (missing 15342 ms)
[WARN] picture is too late to be displayed (missing 15042 ms)
[WARN] picture is too late to be displayed (missing 15008 ms)
[WARN] picture is too late to be displayed (missing 14959 ms)
[WARN] picture is too late to be displayed (missing 14927 ms)
[WARN] picture is too late to be displayed (missing 14877 ms)
[WARN] picture is too late to be displayed (missing 14844 ms)
[WARN] picture is too late to be displayed (missing 14795 ms)
[WARN] picture is too late to be displayed (missing 14761 ms)
[ERR] more than 542 frames of late video -> dropping frame (computer too slow ?)
[WARN] picture is too late to be displayed (missing 14712 ms)
[ERR] more than 542 frames of late video -> dropping frame (computer too slow ?)
[ERR] more than 542 frames of late video -> dropping frame (computer too slow ?)
[ERR] more than 542 frames of late video -> dropping frame (computer too slow ?)
[ERR] more than 542 frames of late video -> dropping frame (computer too slow ?)
[ERR] more than 543 frames of late video -> dropping frame (computer too slow ?)
[ERR] more than 543 frames of late video -> dropping frame (computer too slow ?)
[WARN] picture is too late to be displayed (missing 14596 ms)
[ERR] more than 543 frames of late video -> dropping frame (computer too slow ?)
[ERR] more than 543 frames of late video -> dropping frame (computer too slow ?)
[ERR] more than 543 frames of late video -> dropping frame (computer too slow ?)
[ERR] more than 543 frames of late video -> dropping frame (computer too slow ?)
[ERR] more than 543 frames of late video -> dropping frame (computer too slow ?)
[WARN] picture is too late to be displayed (missing 14129 ms)
[WARN] picture is too late to be displayed (missing 14347 ms)
[WARN] picture is too late to be displayed (missing 14047 ms)
[WARN] picture is too late to be displayed (missing 14013 ms)
[WARN] picture is too late to be displayed (missing 13964 ms)
[WARN] picture is too late to be displayed (missing 13932 ms)
[WARN] picture is too late to be displayed (missing 13882 ms)
[WARN] picture is too late to be displayed (missing 13849 ms)
[WARN] picture is too late to be displayed (missing 13799 ms)
[WARN] picture is too late to be displayed (missing 13766 ms)
[ERR] more than 554 frames of late video -> dropping frame (computer too slow ?)
[WARN] picture is too late to be displayed (missing 13716 ms)
[ERR] more than 554 frames of late video -> dropping frame (computer too slow ?)
[ERR] more than 554 frames of late video -> dropping frame (computer too slow ?)
[ERR] more than 554 frames of late video -> dropping frame (computer too slow ?)
[ERR] more than 554 frames of late video -> dropping frame (computer too slow ?)
[ERR] more than 555 frames of late video -> dropping frame (computer too slow ?)
[WARN] picture is too late to be displayed (missing 13600 ms)
[ERR] more than 555 frames of late video -> dropping frame (computer too slow ?)
[ERR] more than 555 frames of late video -> dropping frame (computer too slow ?)
[ERR] more than 555 frames of late video -> dropping frame (computer too slow ?)
[ERR] more than 555 frames of late video -> dropping frame (computer too slow ?)
[ERR] more than 555 frames of late video -> dropping frame (computer too slow ?)
[ERR] more than 555 frames of late video -> dropping frame (computer too slow ?)
[WARN] picture is too late to be displayed (missing 13134 ms)
[WARN] picture is too late to be displayed (missing 13351 ms)
[WARN] picture is too late to be displayed (missing 13052 ms)
[WARN] picture is too late to be displayed (missing 13018 ms)
[WARN] picture is too late to be displayed (missing 12969 ms)
[WARN] picture is too late to be displayed (missing 12936 ms)
[WARN] picture is too late to be displayed (missing 12886 ms)
[WARN] picture is too late to be displayed (missing 12854 ms)
[WARN] picture is too late to be displayed (missing 12804 ms)
[WARN] picture is too late to be displayed (missing 12771 ms)
[WARN] picture is too late to be displayed (missing 12721 ms)
[ERR] more than 566 frames of late video -> dropping frame (computer too slow ?)
[ERR] more than 566 frames of late video -> dropping frame (computer too slow ?)
[ERR] more than 566 frames of late video -> dropping frame (computer too slow ?)
[ERR] more than 566 frames of late video -> dropping frame (computer too slow ?)
[ERR] more than 566 frames of late video -> dropping frame (computer too slow ?)
[WARN] picture is too late to be displayed (missing 12605 ms)
[ERR] more than 567 frames of late video -> dropping frame (computer too slow ?)
[ERR] more than 567 frames of late video -> dropping frame (computer too slow ?)
[ERR] more than 567 frames of late video -> dropping frame (computer too slow ?)
[ERR] more than 567 frames of late video -> dropping frame (computer too slow ?)
[ERR] more than 567 frames of late video -> dropping frame (computer too slow ?)
[ERR] more than 567 frames of late video -> dropping frame (computer too slow ?)
[ERR] more than 567 frames of late video -> dropping frame (computer too slow ?)
[WARN] picture is too late to be displayed (missing 12139 ms)
[WARN] picture is too late to be displayed (missing 12356 ms)
[WARN] picture is too late to be displayed (missing 12057 ms)
[WARN] picture is too late to be displayed (missing 12023 ms)
[WARN] picture is too late to be displayed (missing 11974 ms)
[WARN] picture is too late to be displayed (missing 11942 ms)
[WARN] picture is too late to be displayed (missing 11892 ms)
[WARN] picture is too late to be displayed (missing 11859 ms)
[WARN] picture is too late to be displayed (missing 11810 ms)
[WARN] picture is too late to be displayed (missing 11776 ms)
[WARN] picture is too late to be displayed (missing 11727 ms)
[ERR] more than 578 frames of late video -> dropping frame (computer too slow ?)
[ERR] more than 578 frames of late video -> dropping frame (computer too slow ?)
[ERR] more than 578 frames of late video -> dropping frame (computer too slow ?)
[ERR] more than 578 frames of late video -> dropping frame (computer too slow ?)
[ERR] more than 578 frames of late video -> dropping frame (computer too slow ?)
[ERR] more than 579 frames of late video -> dropping frame (computer too slow ?)
[ERR] more than 579 frames of late video -> dropping frame (computer too slow ?)
[WARN] picture is too late to be displayed (missing 11611 ms)
[ERR] more than 579 frames of late video -> dropping frame (computer too slow ?)
[ERR] more than 579 frames of late video -> dropping frame (computer too slow ?)
[ERR] more than 579 frames of late video -> dropping frame (computer too slow ?)
[ERR] more than 579 frames of late video -> dropping frame (computer too slow ?)
[ERR] more than 579 frames of late video -> dropping frame (computer too slow ?)
[WARN] picture is too late to be displayed (missing 11145 ms)
[WARN] picture is too late to be displayed (missing 11362 ms)
[WARN] picture is too late to be displayed (missing 11063 ms)
[WARN] picture is too late to be displayed (missing 11029 ms)
[WARN] picture is too late to be displayed (missing 10981 ms)
[WARN] picture is too late to be displayed (missing 10949 ms)
[WARN] picture is too late to be displayed (missing 10899 ms)
[WARN] picture is too late to be displayed (missing 10867 ms)
[WARN] picture is too late to be displayed (missing 10818 ms)
[WARN] picture is too late to be displayed (missing 10785 ms)
[WARN] picture is too late to be displayed (missing 10736 ms)
[ERR] more than 590 frames of late video -> dropping frame (computer too slow ?)
[ERR] more than 590 frames of late video -> dropping frame (computer too slow ?)
[ERR] more than 590 frames of late video -> dropping frame (computer too slow ?)
[ERR] more than 590 frames of late video -> dropping frame (computer too slow ?)
[ERR] more than 590 frames of late video -> dropping frame (computer too slow ?)
[WARN] picture is too late to be displayed (missing 10621 ms)
[ERR] more than 591 frames of late video -> dropping frame (computer too slow ?)
[ERR] more than 591 frames of late video -> dropping frame (computer too slow ?)
[ERR] more than 591 frames of late video -> dropping frame (computer too slow ?)
[ERR] more than 591 frames of late video -> dropping frame (computer too slow ?)
[ERR] more than 591 frames of late video -> dropping frame (computer too slow ?)
[ERR] more than 591 frames of late video -> dropping frame (computer too slow ?)
[ERR] more than 591 frames of late video -> dropping frame (computer too slow ?)
[WARN] picture is too late to be displayed (missing 10156 ms)
[WARN] picture is too late to be displayed (missing 10374 ms)
[WARN] picture is too late to be displayed (missing 10074 ms)
[WARN] picture is too late to be displayed (missing 10041 ms)
[WARN] picture is too late to be displayed (missing 9992 ms)
[WARN] picture is too late to be displayed (missing 9960 ms)
[WARN] picture is too late to be displayed (missing 9911 ms)
[WARN] picture is too late to be displayed (missing 9878 ms)
[WARN] picture is too late to be displayed (missing 9829 ms)
[WARN] picture is too late to be displayed (missing 9795 ms)
[ERR] more than 602 frames of late video -> dropping frame (computer too slow ?)
[WARN] picture is too late to be displayed (missing 9746 ms)
[ERR] more than 602 frames of late video -> dropping frame (computer too slow ?)
[ERR] more than 602 frames of late video -> dropping frame (computer too slow ?)
[ERR] more than 602 frames of late video -> dropping frame (computer too slow ?)
[ERR] more than 602 frames of late video -> dropping frame (computer too slow ?)
[ERR] more than 603 frames of late video -> dropping frame (computer too slow ?)
[WARN] picture is too late to be displayed (missing 9631 ms)
[ERR] more than 603 frames of late video -> dropping frame (computer too slow ?)
[ERR] more than 603 frames of late video -> dropping frame (computer too slow ?)
[ERR] more than 603 frames of late video -> dropping frame (computer too slow ?)
[ERR] more than 603 frames of late video -> dropping frame (computer too slow ?)
[ERR] more than 603 frames of late video -> dropping frame (computer too slow ?)
[ERR] more than 603 frames of late video -> dropping frame (computer too slow ?)
[WARN] picture is too late to be displayed (missing 9165 ms)
[WARN] picture is too late to be displayed (missing 9383 ms)
[WARN] picture is too late to be displayed (missing 9083 ms)
[WARN] picture is too late to be displayed (missing 9050 ms)
[WARN] picture is too late to be displayed (missing 9001 ms)
[WARN] picture is too late to be displayed (missing 8969 ms)
[WARN] picture is too late to be displayed (missing 8919 ms)
[WARN] picture is too late to be displayed (missing 8887 ms)
[WARN] picture is too late to be displayed (missing 8837 ms)
[WARN] picture is too late to be displayed (missing 8803 ms)
[ERR] more than 614 frames of late video -> dropping frame (computer too slow ?)
[WARN] picture is too late to be displayed (missing 8754 ms)
[ERR] more than 614 frames of late video -> dropping frame (computer too slow ?)
[ERR] more than 614 frames of late video -> dropping frame (computer too slow ?)
[ERR] more than 614 frames of late video -> dropping frame (computer too slow ?)
[ERR] more than 614 frames of late video -> dropping frame (computer too slow ?)
[ERR] more than 615 frames of late video -> dropping frame (computer too slow ?)
[WARN] picture is too late to be displayed (missing 8638 ms)
[ERR] more than 615 frames of late video -> dropping frame (computer too slow ?)
[ERR] more than 615 frames of late video -> dropping frame (computer too slow ?)
[ERR] more than 615 frames of late video -> dropping frame (computer too slow ?)
[ERR] more than 615 frames of late video -> dropping frame (computer too slow ?)
[ERR] more than 615 frames of late video -> dropping frame (computer too slow ?)
[ERR] more than 615 frames of late video -> dropping frame (computer too slow ?)
[WARN] picture is too late to be displayed (missing 8172 ms)
[WARN] picture is too late to be displayed (missing 8389 ms)
[WARN] picture is too late to be displayed (missing 8090 ms)
[WARN] picture is too late to be displayed (missing 8056 ms)
[WARN] picture is too late to be displayed (missing 8008 ms)
[WARN] picture is too late to be displayed (missing 7975 ms)
[WARN] picture is too late to be displayed (missing 7926 ms)
[WARN] picture is too late to be displayed (missing 7894 ms)
[WARN] picture is too late to be displayed (missing 7844 ms)
[WARN] picture is too late to be displayed (missing 7810 ms)
[ERR] more than 626 frames of late video -> dropping frame (computer too slow ?)
[WARN] picture is too late to be displayed (missing 7761 ms)
[ERR] more than 626 frames of late video -> dropping frame (computer too slow ?)
[ERR] more than 626 frames of late video -> dropping frame (computer too slow ?)
[ERR] more than 626 frames of late video -> dropping frame (computer too slow ?)
[ERR] more than 626 frames of late video -> dropping frame (computer too slow ?)
[ERR] more than 627 frames of late video -> dropping frame (computer too slow ?)
[WARN] picture is too late to be displayed (missing 7645 ms)
[ERR] more than 627 frames of late video -> dropping frame (computer too slow ?)
[ERR] more than 627 frames of late video -> dropping frame (computer too slow ?)
[ERR] more than 627 frames of late video -> dropping frame (computer too slow ?)
[ERR] more than 627 frames of late video -> dropping frame (computer too slow ?)
[ERR] more than 627 frames of late video -> dropping frame (computer too slow ?)
[ERR] more than 627 frames of late video -> dropping frame (computer too slow ?)
[WARN] picture is too late to be displayed (missing 7179 ms)
[WARN] picture is too late to be displayed (missing 7397 ms)
[WARN] picture is too late to be displayed (missing 7097 ms)
[WARN] picture is too late to be displayed (missing 7063 ms)
[WARN] picture is too late to be displayed (missing 7015 ms)
[WARN] picture is too late to be displayed (missing 6982 ms)
[WARN] picture is too late to be displayed (missing 6932 ms)
[WARN] picture is too late to be displayed (missing 6900 ms)
[WARN] picture is too late to be displayed (missing 6850 ms)
[WARN] picture is too late to be displayed (missing 6817 ms)
[ERR] more than 638 frames of late video -> dropping frame (computer too slow ?)
[WARN] picture is too late to be displayed (missing 6767 ms)
[ERR] more than 638 frames of late video -> dropping frame (computer too slow ?)
[ERR] more than 638 frames of late video -> dropping frame (computer too slow ?)
[ERR] more than 638 frames of late video -> dropping frame (computer too slow ?)
[ERR] more than 638 frames of late video -> dropping frame (computer too slow ?)
[ERR] more than 639 frames of late video -> dropping frame (computer too slow ?)
[WARN] picture is too late to be displayed (missing 6652 ms)
[ERR] more than 639 frames of late video -> dropping frame (computer too slow ?)
[ERR] more than 639 frames of late video -> dropping frame (computer too slow ?)
[ERR] more than 639 frames of late video -> dropping frame (computer too slow ?)
[ERR] more than 639 frames of late video -> dropping frame (computer too slow ?)
[ERR] more than 639 frames of late video -> dropping frame (computer too slow ?)
[ERR] more than 639 frames of late video -> dropping frame (computer too slow ?)
[WARN] picture is too late to be displayed (missing 6186 ms)
[WARN] picture is too late to be displayed (missing 6403 ms)
[WARN] picture is too late to be displayed (missing 6104 ms)
[WARN] picture is too late to be displayed (missing 6070 ms)
[WARN] picture is too late to be displayed (missing 6021 ms)
[WARN] picture is too late to be displayed (missing 5989 ms)
[WARN] picture is too late to be displayed (missing 5939 ms)
[WARN] picture is too late to be displayed (missing 5906 ms)
[WARN] picture is too late to be displayed (missing 5857 ms)
[WARN] picture is too late to be displayed (missing 5823 ms)
[ERR] more than 650 frames of late video -> dropping frame (computer too slow ?)
[WARN] picture is too late to be displayed (missing 5774 ms)
[ERR] more than 650 frames of late video -> dropping frame (computer too slow ?)
[ERR] more than 650 frames of late video -> dropping frame (computer too slow ?)
[ERR] more than 650 frames of late video -> dropping frame (computer too slow ?)
[ERR] more than 650 frames of late video -> dropping frame (computer too slow ?)
[ERR] more than 651 frames of late video -> dropping frame (computer too slow ?)
[WARN] picture is too late to be displayed (missing 5658 ms)
[ERR] more than 651 frames of late video -> dropping frame (computer too slow ?)
[ERR] more than 651 frames of late video -> dropping frame (computer too slow ?)
[ERR] more than 651 frames of late video -> dropping frame (computer too slow ?)
[ERR] more than 651 frames of late video -> dropping frame (computer too slow ?)
[ERR] more than 651 frames of late video -> dropping frame (computer too slow ?)
[ERR] more than 651 frames of late video -> dropping frame (computer too slow ?)
[WARN] picture is too late to be displayed (missing 5192 ms)
[WARN] picture is too late to be displayed (missing 5409 ms)
[WARN] picture is too late to be displayed (missing 5110 ms)
[WARN] picture is too late to be displayed (missing 5076 ms)
[WARN] picture is too late to be displayed (missing 5027 ms)
[WARN] picture is too late to be displayed (missing 4995 ms)
[WARN] picture is too late to be displayed (missing 4945 ms)
[WARN] picture is too late to be displayed (missing 4913 ms)
[WARN] picture is too late to be displayed (missing 4863 ms)
[WARN] picture is too late to be displayed (missing 4829 ms)
[ERR] more than 662 frames of late video -> dropping frame (computer too slow ?)
[ERR] more than 662 frames of late video -> dropping frame (computer too slow ?)
[ERR] more than 662 frames of late video -> dropping frame (computer too slow ?)
[ERR] more than 662 frames of late video -> dropping frame (computer too slow ?)
[ERR] more than 662 frames of late video -> dropping frame (computer too slow ?)
[WARN] picture is too late to be displayed (missing 4780 ms)
[ERR] more than 663 frames of late video -> dropping frame (computer too slow ?)
[WARN] picture is too late to be displayed (missing 4664 ms)
[ERR] more than 663 frames of late video -> dropping frame (computer too slow ?)
[ERR] more than 663 frames of late video -> dropping frame (computer too slow ?)
[ERR] more than 663 frames of late video -> dropping frame (computer too slow ?)
[ERR] more than 663 frames of late video -> dropping frame (computer too slow ?)
[ERR] more than 663 frames of late video -> dropping frame (computer too slow ?)
[ERR] more than 663 frames of late video -> dropping frame (computer too slow ?)
[WARN] picture is too late to be displayed (missing 4198 ms)
[WARN] picture is too late to be displayed (missing 4415 ms)
[WARN] picture is too late to be displayed (missing 4115 ms)
[WARN] picture is too late to be displayed (missing 4082 ms)
[WARN] picture is too late to be displayed (missing 4033 ms)
[WARN] picture is too late to be displayed (missing 4000 ms)
[WARN] picture is too late to be displayed (missing 3951 ms)
[WARN] picture is too late to be displayed (missing 3918 ms)
[WARN] picture is too late to be displayed (missing 3868 ms)
[WARN] picture is too late to be displayed (missing 3835 ms)
[ERR] more than 674 frames of late video -> dropping frame (computer too slow ?)
[WARN] picture is too late to be displayed (missing 3785 ms)
[ERR] more than 674 frames of late video -> dropping frame (computer too slow ?)
[ERR] more than 674 frames of late video -> dropping frame (computer too slow ?)
[ERR] more than 674 frames of late video -> dropping frame (computer too slow ?)
[ERR] more than 674 frames of late video -> dropping frame (computer too slow ?)
[ERR] more than 675 frames of late video -> dropping frame (computer too slow ?)
[WARN] picture is too late to be displayed (missing 3669 ms)
[ERR] more than 675 frames of late video -> dropping frame (computer too slow ?)
[ERR] more than 675 frames of late video -> dropping frame (computer too slow ?)
[ERR] more than 675 frames of late video -> dropping frame (computer too slow ?)
[ERR] more than 675 frames of late video -> dropping frame (computer too slow ?)
[ERR] more than 675 frames of late video -> dropping frame (computer too slow ?)
[ERR] more than 675 frames of late video -> dropping frame (computer too slow ?)
[WARN] picture is too late to be displayed (missing 3203 ms)
[WARN] picture is too late to be displayed (missing 3420 ms)
[WARN] picture is too late to be displayed (missing 3121 ms)
[WARN] picture is too late to be displayed (missing 3087 ms)
[WARN] picture is too late to be displayed (missing 3038 ms)
[WARN] picture is too late to be displayed (missing 3005 ms)
[WARN] picture is too late to be displayed (missing 2956 ms)
[WARN] picture is too late to be displayed (missing 2923 ms)
[WARN] picture is too late to be displayed (missing 2874 ms)
[WARN] picture is too late to be displayed (missing 2840 ms)
[ERR] more than 686 frames of late video -> dropping frame (computer too slow ?)
[WARN] picture is too late to be displayed (missing 2791 ms)
[ERR] more than 686 frames of late video -> dropping frame (computer too slow ?)
[ERR] more than 686 frames of late video -> dropping frame (computer too slow ?)
[ERR] more than 686 frames of late video -> dropping frame (computer too slow ?)
[ERR] more than 686 frames of late video -> dropping frame (computer too slow ?)
[ERR] more than 687 frames of late video -> dropping frame (computer too slow ?)
[WARN] picture is too late to be displayed (missing 2675 ms)
[ERR] more than 687 frames of late video -> dropping frame (computer too slow ?)
[ERR] more than 687 frames of late video -> dropping frame (computer too slow ?)
[ERR] more than 687 frames of late video -> dropping frame (computer too slow ?)
[ERR] more than 687 frames of late video -> dropping frame (computer too slow ?)
[ERR] more than 687 frames of late video -> dropping frame (computer too slow ?)
[ERR] more than 687 frames of late video -> dropping frame (computer too slow ?)
[WARN] picture is too late to be displayed (missing 2209 ms)
[WARN] picture is too late to be displayed (missing 2426 ms)
[WARN] picture is too late to be displayed (missing 2126 ms)
[WARN] picture is too late to be displayed (missing 2093 ms)
[WARN] picture is too late to be displayed (missing 2044 ms)
[WARN] picture is too late to be displayed (missing 2011 ms)
[WARN] picture is too late to be displayed (missing 1962 ms)
[WARN] picture is too late to be displayed (missing 1929 ms)
[WARN] picture is too late to be displayed (missing 1880 ms)
[WARN] picture is too late to be displayed (missing 1846 ms)
[WARN] picture is too late to be displayed (missing 1797 ms)
[ERR] more than 698 frames of late video -> dropping frame (computer too slow ?)
[ERR] more than 698 frames of late video -> dropping frame (computer too slow ?)
[ERR] more than 698 frames of late video -> dropping frame (computer too slow ?)
[ERR] more than 698 frames of late video -> dropping frame (computer too slow ?)
[ERR] more than 698 frames of late video -> dropping frame (computer too slow ?)
[WARN] picture is too late to be displayed (missing 1681 ms)
[ERR] more than 699 frames of late video -> dropping frame (computer too slow ?)
[ERR] more than 699 frames of late video -> dropping frame (computer too slow ?)
[ERR] more than 699 frames of late video -> dropping frame (computer too slow ?)
[ERR] more than 699 frames of late video -> dropping frame (computer too slow ?)
[ERR] more than 699 frames of late video -> dropping frame (computer too slow ?)
[ERR] more than 699 frames of late video -> dropping frame (computer too slow ?)
[ERR] more than 699 frames of late video -> dropping frame (computer too slow ?)
[WARN] picture is too late to be displayed (missing 1215 ms)
[WARN] picture is too late to be displayed (missing 1432 ms)
[WARN] picture is too late to be displayed (missing 1132 ms)
[WARN] picture is too late to be displayed (missing 1099 ms)
[WARN] picture is too late to be displayed (missing 1050 ms)
[WARN] picture is too late to be displayed (missing 1017 ms)
[WARN] picture is too late to be displayed (missing 968 ms)
[WARN] picture is too late to be displayed (missing 935 ms)
[WARN] picture is too late to be displayed (missing 886 ms)
[WARN] picture is too late to be displayed (missing 852 ms)
[ERR] more than 710 frames of late video -> dropping frame (computer too slow ?)
[WARN] picture is too late to be displayed (missing 802 ms)
[ERR] more than 710 frames of late video -> dropping frame (computer too slow ?)
[ERR] more than 710 frames of late video -> dropping frame (computer too slow ?)
[ERR] more than 710 frames of late video -> dropping frame (computer too slow ?)
[ERR] more than 710 frames of late video -> dropping frame (computer too slow ?)
[ERR] more than 711 frames of late video -> dropping frame (computer too slow ?)
[WARN] picture is too late to be displayed (missing 687 ms)
[ERR] more than 711 frames of late video -> dropping frame (computer too slow ?)
[ERR] more than 711 frames of late video -> dropping frame (computer too slow ?)
[ERR] more than 711 frames of late video -> dropping frame (computer too slow ?)
[ERR] more than 711 frames of late video -> dropping frame (computer too slow ?)
[ERR] more than 711 frames of late video -> dropping frame (computer too slow ?)
[ERR] more than 711 frames of late video -> dropping frame (computer too slow ?)
[WARN] picture is too late to be displayed (missing 220 ms)
[WARN] picture is too late to be displayed (missing 438 ms)
[WARN] picture is too late to be displayed (missing 138 ms)
[WARN] picture is too late to be displayed (missing 105 ms)
[WARN] picture is too late to be displayed (missing 56 ms)
[DBG] picture displayed late (missing 17 ms)
8:55:29.504 PM [player] dismiss at 145370 ms, state Playing
8:55:29.505 PM [display] cleared: maxFPS=60 edrHeadroom=1.00/1.00 gamut=1 matchingEnabled=true switchInProgress=false criteria=nil
8:55:29.507 PM [player] state Stopping at 145943 ms
[DBG] killing decoder fourcc `mpgv'
[DBG] removing "video decoder" module "avcodec"
[DBG] removing "video packetizer" module "mpegvideo"
[DBG] removing "video converter" module "swscale"
[DBG] Filter 0x10e745e00 removed from chain
[DBG] removing "video converter" module "cvpx"
[DBG] Filter 0x10e746100 removed from chain
[DBG] removing "video converter" module "chain"
[DBG] saving a free vout
[DBG] ES track unselected: 'video/1' (fourcc: 'mpgv')
8:55:29.513 PM [player] track selected type=1 selected= unselected=video/1
[DBG] killing decoder fourcc `a52 '
[DBG] removing "audio decoder" module "avcodec"
[DBG] removing "audio packetizer" module "a52"
[DBG] removing "audio resampler" module "soxr"
[DBG] removing "audio filter" module "scaletempo"
[DBG] removing "audio volume" module "float_mixer"
[DBG] keeping audio output
[DBG] ES track unselected: 'audio/2' (fourcc: 'a52 ')
8:55:29.597 PM [player] track selected type=0 selected= unselected=audio/2
[DBG] killing decoder fourcc `subt'
[DBG] removing "spu decoder" module "subsdec"
[DBG] ES track unselected: 'spu/4' (fourcc: 'subt')
8:55:29.598 PM [player] track selected type=2 selected= unselected=spu/4
[DBG] removing "demux" module "mkv"
[DBG] ES track deleted: 'video/1' (fourcc: 'mpgv')
[DBG] ES track deleted: 'audio/2' (fourcc: 'a52 ')
[DBG] ES track deleted: 'audio/3' (fourcc: 'a52 ')
[DBG] ES track deleted: 'spu/4' (fourcc: 'subt')
[DBG] Program doesn't contain anymore ES
[DBG] removing "stream_filter" module "record"
[DBG] removing "stream_filter" module "prefetch"
[DBG] removing "access" module "http"
[DBG] connection failed
8:55:29.599 PM [player] state Stopped at 145943 ms
[DBG] stop free vout
