9:14:31.509 PM [log] started 2026-09-15 01:14:31 +0000 VLCKit 4.0.0-dev Otto Chriek
[DBG] VLC media player - 4.0.0-dev Otto Chriek
[DBG] Copyright © 1996-2026 the VideoLAN team
[DBG] revision 4.0.0-dev-38818-ge50d9ac36a
[DBG] configured with /Users/marlin1111/vlckit-build/VLCKit/libvlc/vlc/configure  '--host=aarch64-apple-darwin' '--build=aarch64-apple-darwin25.6.0' '--prefix=/Users/marlin1111/vlckit-build/VLCKit/libvlc/vlc/build-appletvos-arm64/vlc-appletvos27.0-arm64' '--with-contrib=/Users/marlin1111/vlckit-build/VLCKit/libvlc/vlc/contrib/arm64-appletvos27.0' '--disable-sse' '--disable-vcd' '--disable-macosx' '--disable-macosx-avfoundation' '--disable-lua' '--disable-qt' '--disable-skins2' '--disable-vlc' '--disable-vlm' '--disable-nls' '--disable-notify' '--disable-projectm' '--disable-goom' '--disable-dvdread' '--disable-dvdnav' '--disable-bluray' '--disable-linsys' '--disable-libva' '--disable-gme' '--disable-tremor' '--disable-fluidsynth' '--disable-jack' '--disable-pulse' '--disable-mtp' '--disable-screen' '--disable-sparkle' '--disable-addonmanagermodules' '--disable-mad' '--disable-upnp-server' '--disable-debug' '--disable-shared' '--enable-static' 'CFLAGS=-mtvos-version-min=11.0 -arch arm64 -isysroot /Applications/Xcode.app/Contents/Developer/Platforms/AppleTVOS.platform/Developer/SDKs/AppleTVOS27.0.sdk -g' 'OBJCFLAGS=-mtvos-version-min=11.0 -arch arm64 -isysroot /Applications/Xcode.app/Contents/Developer/Platforms/AppleTVOS.platform/Developer/SDKs/AppleTVOS27.0.sdk -g' 'CXXFLAGS=-mtvos-version-min=11.0 -arch arm64 -isysroot /Applications/Xcode.app/Contents/Developer/Platforms/AppleTVOS.platform/Developer/SDKs/AppleTVOS27.0.sdk -g' 'OBJCXXFLAGS=-mtvos-version-min=11.0 -arch arm64 -isysroot /Applications/Xcode.app/Contents/Developer/Platforms/AppleTVOS.platform/Developer/SDKs/AppleTVOS27.0.sdk -g' 'ac_cv_prog_cc_c23=no' 'ac_cv_func_basename_r=no' 'ac_cv_func_clock_getres=no' 'ac_cv_func_clock_gettime=no' 'ac_cv_func_clock_settime=no' 'ac_cv_func_dirname_r=no' 'ac_cv_func_getentropy=no' 'ac_cv_func_mkostemp=no' 'ac_cv_func_mkostemps=no' 'ac_cv_func_timingsafe_bcmp=no' 'ac_cv_func_open_wmemstream=no' 'ac_cv_func_fmemopen=no' 'ac_cv_func_open_memstream=no' 'ac_cv_func_futimens=no' 'ac_cv_func_utimensat=no' 'ac_cv_func_dup3=no' 'ac_cv_func_pipe2=no' 'ac_cv_func_thread_get_register_pointer_values=no' 'ac_cv_func_aligned_alloc=no' 'ac_cv_func_timespec_get=no' 'build_alias=aarch64-apple-darwin25.6.0' 'host_alias=aarch64-apple-darwin' 'CC=/Applications/Xcode.app/Contents/Developer/Toolchains/XcodeDefault.xctoolchain/usr/bin/clang' 'LDFLAGS=-mtvos-version-min=11.0 -mtvos-version-min=11.0 -arch arm64 -isysroot /Applications/Xcode.app/Contents/Developer/Platforms/AppleTVOS.platform/Developer/SDKs/AppleTVOS27.0.sdk ' 'CPPFLAGS=-arch arm64 -isysroot /Applications/Xcode.app/Contents/Developer/Platforms/AppleTVOS.platform/Developer/SDKs/AppleTVOS27.0.sdk' 'CXX=/Applications/Xcode.app/Contents/Developer/Toolchains/XcodeDefault.xctoolchain/usr/bin/clang++' 'CPP=/Applications/Xcode.app/Contents/Developer/Toolchains/XcodeDefault.xctoolchain/usr/bin/clang -E' 'OBJC=/Applications/Xcode.app/Contents/Developer/Toolchains/XcodeDefault.xctoolchain/usr/bin/clang' 'OBJCXX=/Applications/Xcode.app/Contents/Developer/Toolchains/XcodeDefault.xctoolchain/usr/bin/clang++' 'PKG_CONFIG_LIBDIR='
[DBG] creating audio output
[DBG] looking for audio output module matching "any": 2 candidates
[DBG] using audio output module "avsamplebuffer"
[DBG] keeping audio output
9:14:31.516 PM [player] request Stargate — Extended · SD · AC-3 5.1 — http://192.168.1.250:8093/stream/2
9:14:31.516 PM [player] file Movies/Stargate (1994)/Stargate (1994) {edition-Extended}.mkv 720x480 hdr=false video=mpeg2video Main audio=ac3 5.1(side), ac3 stereo
9:14:31.537 PM [display] before: maxFPS=60 edrHeadroom=1.00/1.00 gamut=1 matchingEnabled=true switchInProgress=false criteria=nil
[DBG] Creating an input for preparsing '2'
9:14:31.651 PM [display] parse finished with status 6
9:14:31.652 PM [display] request (from parsed media) refresh=29.971 range=SDR (BT.709) codec=MPEG-1/2 Video 720x480 — after set: maxFPS=60 edrHeadroom=1.00/1.00 gamut=1 matchingEnabled=true switchInProgress=false criteria=set
[DBG] Creating an input for playback'2'
9:14:31.652 PM [player] play() called
[DBG] using timeshift granularity of 50 MiB
[DBG] using default timeshift path
[DBG] `http://192.168.1.250:8093/stream/2' gives access `http' demux `mkv_trusted' path `192.168.1.250:8093/stream/2'
[DBG] creating access: http://192.168.1.250:8093/stream/2
[DBG] looking for access module matching "http": 2 candidates
[DBG] looking for keystore module matching "any": 1 candidates
[DBG] using keystore module "keychain"
[DBG] Lookup keychain entry for server 192.168.1.250
9:14:31.652 PM [player] state Opening at 0 ms
9:14:31.652 PM [player] buffering 0.0
[WARN] lookup failed (-25300: 'Item not found')
[DBG] resolving 192.168.1.250 ...
[DBG] outgoing request:
GET /stream/2 HTTP/1.1
Host: 192.168.1.250:8093
Accept: */*
Accept-Language: en_US
User-Agent: VLC/4.0.0-dev LibVLC/4.0.0-dev
Range: bytes=0-


9:14:31.653 PM [display] mode switch start: maxFPS=60 edrHeadroom=1.00/1.00 gamut=1 matchingEnabled=true switchInProgress=true criteria=set
[DBG] incoming response:
HTTP/1.1 206 Partial Content
Accept-Ranges: bytes
Content-Length: 5722251076
Content-Range: bytes 0-5722251075/5722251076
Content-Type: video/x-matroska
Last-Modified: Fri, 17 Jul 2026 19:22:43 GMT
Date: Tue, 15 Sep 2026 01:14:31 GMT


[DBG] removing "keystore" module "keychain"
[DBG] using access module "http"
[DBG] looking for stream_filter module matching "prefetch,cache": 2 candidates
[DBG] using 16777216 bytes buffer
[DBG] using stream_filter module "prefetch"
[DBG] looking for stream_filter module matching "any": 4 candidates
[DBG] no stream_filter modules matched with name any
[DBG] looking for stream_directory module matching "any": 0 candidates
[DBG] no stream_directory modules matched with name any
[DBG] attachment of directory-extractor failed for http://192.168.1.250:8093/stream/2
[DBG] looking for stream_filter module matching "record": 1 candidates
[DBG] using stream_filter module "record"
[DBG] creating demux "mkv_trusted", URL: http://192.168.1.250:8093/stream/2, path: (null)
[DBG] looking for demux module matching "mkv_trusted": 1 candidates
[DBG] |   + Seek head
[DBG] |   - info at 1207
[DBG] |   + Information
[DBG] |   |   + TimecodeScale=1000000
[DBG] |   |   + Muxing Application=libmakemkv v1.18.4 (1.3.10/1.5.2) darwin(arm64-release)
[DBG] |   |   + Writing Application=MakeMKV v1.18.4 darwin(arm64-release)
[DBG] |   |   + Duration=7798056
[DBG] |   |   + Date=Fri Jul 17 19:10:16 2026
[DBG] |   |   + UID=fc59c1d6626f549
[DBG] |   - tracks at 1355
[DBG] |   + Tracks
[DBG] |   |   + Track Entry
[DBG] |   |   |   + Track Number=1
[DBG] |   |   |   + Track UID=1
[DBG] |   |   |   + Track Type=video
[DBG] |   |   |   + Track Default=0
[DBG] |   |   |   + Track Lacing=0
[DBG] |   |   |   + Track MinCache=2
[DBG] |   |   |   + Track CodecId=V_MPEG2
[DBG] |   |   |   + Track CodecPrivate size=150
[DBG] |   |   |   + Track Default Duration=33366
[DBG] |   |   |   + Track Video
[DBG] |   |   |   |   + width=720
[DBG] |   |   |   |   + height=480
[DBG] |   |   |   |   + display width=640
[DBG] |   |   |   |   + display height=480
[DBG] |   |   + Track Entry
[DBG] |   |   |   + Track Number=2
[DBG] |   |   |   + Track UID=2
[DBG] |   |   |   + Track Type=audio
[DBG] |   |   |   + Track Default=1
[DBG] |   |   |   + Track Lacing=1
[DBG] |   |   |   + Track CodecId=A_AC3
[DBG] |   |   |   + Track Language=`eng'
[DBG] |   |   |   + Track Default Duration=32000
[DBG] |   |   |   + Track Name=Surround 5.1
[DBG] |   |   |   + Track Audio
[DBG] |   |   |   |   + afreq=48000
[DBG] |   |   |   |   + achan=6
[DBG] |   |   + Track Entry
[DBG] |   |   |   + Track Number=3
[DBG] |   |   |   + Track UID=3
[DBG] |   |   |   + Track Type=audio
[DBG] |   |   |   + Track Default=0
[DBG] |   |   |   + Track Lacing=1
[DBG] |   |   |   + Track CodecId=A_AC3
[DBG] |   |   |   + Track Language=`eng'
[DBG] |   |   |   + Track Default Duration=32000
[DBG] |   |   |   + Track Name=Stereo
[DBG] |   |   |   + Track Audio
[DBG] |   |   |   |   + afreq=48000
[DBG] |   |   |   |   + achan=2
[DBG] |   |   + Track Entry
[DBG] |   |   |   + Track Number=4
[DBG] |   |   |   + Track UID=4
[DBG] |   |   |   + Track Type=subtitle
[DBG] |   |   |   + Track Default=1
[DBG] |   |   |   + Track Lacing=0
[DBG] |   |   |   + Track CodecId=S_TEXT/UTF8
[DBG] |   |   |   + Track Language=`eng'
[DBG] |   - cues at 5721968431
[DBG] resolving 192.168.1.250 ...
[DBG] outgoing request:
GET /stream/2 HTTP/1.1
Host: 192.168.1.250:8093
Accept: */*
Accept-Language: en_US
User-Agent: VLC/4.0.0-dev LibVLC/4.0.0-dev
If-Unmodified-Since: Fri, 17 Jul 2026 19:22:43 GMT
Range: bytes=5721968431-


[DBG] incoming response:
HTTP/1.1 206 Partial Content
Accept-Ranges: bytes
Content-Length: 282645
Content-Range: bytes 5721968431-5722251075/5722251076
Content-Type: video/x-matroska
Last-Modified: Fri, 17 Jul 2026 19:22:43 GMT
Date: Tue, 15 Sep 2026 01:14:31 GMT


[DBG] connection failed
[DBG] |   + Cues
[DBG] end of stream
[DBG] |   - loading cues done.
[DBG] resolving 192.168.1.250 ...
[DBG] outgoing request:
GET /stream/2 HTTP/1.1
Host: 192.168.1.250:8093
Accept: */*
Accept-Language: en_US
User-Agent: VLC/4.0.0-dev LibVLC/4.0.0-dev
If-Unmodified-Since: Fri, 17 Jul 2026 19:22:43 GMT
Range: bytes=123-


[DBG] incoming response:
HTTP/1.1 206 Partial Content
Accept-Ranges: bytes
Content-Length: 5722250953
Content-Range: bytes 123-5722251075/5722251076
Content-Type: video/x-matroska
Last-Modified: Fri, 17 Jul 2026 19:22:43 GMT
Date: Tue, 15 Sep 2026 01:14:31 GMT


[DBG] |   - chapters at 1739
[DBG] |   + Chapters
[DBG] |   |   |   + ChapterAtom (level=0)
[DBG] |   |   |   |   + ChapterUID=50de48b1df9e4024
[DBG] |   |   |   |   + ChapterTimeStart=0
[DBG] |   |   |   |   + ChapterFlagHidden=no
[DBG] |   |   |   |   + ChapterTimeEnd=165965800
[DBG] |   |   |   |   + ChapterDisplay
[DBG] |   |   |   |   |   + ChapterString=Chapter 01
[DBG] |   |   |   |   |   + ChapterLanguage=eng
[DBG] |   |   |   + ChapterAtom (level=0)
[DBG] |   |   |   |   + ChapterUID=b251f80f695e59d
[DBG] |   |   |   |   + ChapterTimeStart=165965800
[DBG] |   |   |   |   + ChapterFlagHidden=no
[DBG] |   |   |   |   + ChapterTimeEnd=252885966
[DBG] |   |   |   |   + ChapterDisplay
[DBG] |   |   |   |   |   + ChapterString=Chapter 02
[DBG] |   |   |   |   |   + ChapterLanguage=eng
[DBG] |   |   |   + ChapterAtom (level=0)
[DBG] |   |   |   |   + ChapterUID=40433953fbf569a4
[DBG] |   |   |   |   + ChapterTimeStart=252885966
[DBG] |   |   |   |   + ChapterFlagHidden=no
[DBG] |   |   |   |   + ChapterTimeEnd=413713300
[DBG] |   |   |   |   + ChapterDisplay
[DBG] |   |   |   |   |   + ChapterString=Chapter 03
[DBG] |   |   |   |   |   + ChapterLanguage=eng
[DBG] |   |   |   + ChapterAtom (level=0)
[DBG] |   |   |   |   + ChapterUID=b89ed893dc66ba40
[DBG] |   |   |   |   + ChapterTimeStart=413713300
[DBG] |   |   |   |   + ChapterFlagHidden=no
[DBG] |   |   |   |   + ChapterTimeEnd=519519000
[DBG] |   |   |   |   + ChapterDisplay
[DBG] |   |   |   |   |   + ChapterString=Chapter 04
[DBG] |   |   |   |   |   + ChapterLanguage=eng
[DBG] |   |   |   + ChapterAtom (level=0)
[DBG] |   |   |   |   + ChapterUID=7a58650322ca6859
[DBG] |   |   |   |   + ChapterTimeStart=519519000
[DBG] |   |   |   |   + ChapterFlagHidden=no
[DBG] |   |   |   |   + ChapterTimeEnd=636602633
[DBG] |   |   |   |   + ChapterDisplay
[DBG] |   |   |   |   |   + ChapterString=Chapter 05
[DBG] |   |   |   |   |   + ChapterLanguage=eng
[DBG] |   |   |   + ChapterAtom (level=0)
[DBG] |   |   |   |   + ChapterUID=d74529bb9f0e192d
[DBG] |   |   |   |   + ChapterTimeStart=636602633
[DBG] |   |   |   |   + ChapterFlagHidden=no
[DBG] |   |   |   |   + ChapterTimeEnd=740406333
[DBG] |   |   |   |   + ChapterDisplay
[DBG] |   |   |   |   |   + ChapterString=Chapter 06
[DBG] |   |   |   |   |   + ChapterLanguage=eng
[DBG] |   |   |   + ChapterAtom (level=0)
[DBG] |   |   |   |   + ChapterUID=be252a366387da7c
[DBG] |   |   |   |   + ChapterTimeStart=740406333
[DBG] |   |   |   |   + ChapterFlagHidden=no
[DBG] |   |   |   |   + ChapterTimeEnd=984450133
[DBG] |   |   |   |   + ChapterDisplay
[DBG] |   |   |   |   |   + ChapterString=Chapter 07
[DBG] |   |   |   |   |   + ChapterLanguage=eng
[DBG] |   |   |   + ChapterAtom (level=0)
[DBG] |   |   |   |   + ChapterUID=e039bee087e39a08
[DBG] |   |   |   |   + ChapterTimeStart=984450133
[DBG] |   |   |   |   + ChapterFlagHidden=no
[DBG] |   |   |   |   + ChapterTimeEnd=1242457883
[DBG] |   |   |   |   + ChapterDisplay
[DBG] |   |   |   |   |   + ChapterString=Chapter 08
[DBG] |   |   |   |   |   + ChapterLanguage=eng
[DBG] |   |   |   + ChapterAtom (level=0)
[DBG] |   |   |   |   + ChapterUID=2e14321a7ae6499e
[DBG] |   |   |   |   + ChapterTimeStart=1242457883
[DBG] |   |   |   |   + ChapterFlagHidden=no
[DBG] |   |   |   |   + ChapterTimeEnd=1362694666
[DBG] |   |   |   |   + ChapterDisplay
[DBG] |   |   |   |   |   + ChapterString=Chapter 09
[DBG] |   |   |   |   |   + ChapterLanguage=eng
[DBG] |   |   |   + ChapterAtom (level=0)
[DBG] |   |   |   |   + ChapterUID=c1ff6ea92dd0aebb
[DBG] |   |   |   |   + ChapterTimeStart=1362694666
[DBG] |   |   |   |   + ChapterFlagHidden=no
[DBG] |   |   |   |   + ChapterTimeEnd=1476975500
[DBG] |   |   |   |   + ChapterDisplay
[DBG] |   |   |   |   |   + ChapterString=Chapter 10
[DBG] |   |   |   |   |   + ChapterLanguage=eng
[DBG] |   |   |   + ChapterAtom (level=0)
[DBG] |   |   |   |   + ChapterUID=4668a4a0af3a5ed9
[DBG] |   |   |   |   + ChapterTimeStart=1476975500
[DBG] |   |   |   |   + ChapterFlagHidden=no
[DBG] |   |   |   |   + ChapterTimeEnd=1599064133
[DBG] |   |   |   |   + ChapterDisplay
[DBG] |   |   |   |   |   + ChapterString=Chapter 11
[DBG] |   |   |   |   |   + ChapterLanguage=eng
[DBG] |   |   |   + ChapterAtom (level=0)
[DBG] |   |   |   |   + ChapterUID=d66537ff7abd16a2
[DBG] |   |   |   |   + ChapterTimeStart=1599064133
[DBG] |   |   |   |   + ChapterFlagHidden=no
[DBG] |   |   |   |   + ChapterTimeEnd=1681713366
[DBG] |   |   |   |   + ChapterDisplay
[DBG] |   |   |   |   |   + ChapterString=Chapter 12
[DBG] |   |   |   |   |   + ChapterLanguage=eng
[DBG] |   |   |   + ChapterAtom (level=0)
[DBG] |   |   |   |   + ChapterUID=d2de87b93a67228b
[DBG] |   |   |   |   + ChapterTimeStart=1681713366
[DBG] |   |   |   |   + ChapterFlagHidden=no
[DBG] |   |   |   |   + ChapterTimeEnd=1742340600
[DBG] |   |   |   |   + ChapterDisplay
[DBG] |   |   |   |   |   + ChapterString=Chapter 13
[DBG] |   |   |   |   |   + ChapterLanguage=eng
[DBG] |   |   |   + ChapterAtom (level=0)
[DBG] |   |   |   |   + ChapterUID=464d37faebd093e1
[DBG] |   |   |   |   + ChapterTimeStart=1742340600
[DBG] |   |   |   |   + ChapterFlagHidden=no
[DBG] |   |   |   |   + ChapterTimeEnd=1780879100
[DBG] |   |   |   |   + ChapterDisplay
[DBG] |   |   |   |   |   + ChapterString=Chapter 14
[DBG] |   |   |   |   |   + ChapterLanguage=eng
[DBG] |   |   |   + ChapterAtom (level=0)
[DBG] |   |   |   |   + ChapterUID=a125349874b0d96a
[DBG] |   |   |   |   + ChapterTimeStart=1780879100
[DBG] |   |   |   |   + ChapterFlagHidden=no
[DBG] |   |   |   |   + ChapterTimeEnd=1954919633
[DBG] |   |   |   |   + ChapterDisplay
[DBG] |   |   |   |   |   + ChapterString=Chapter 15
[DBG] |   |   |   |   |   + ChapterLanguage=eng
[DBG] |   |   |   + ChapterAtom (level=0)
[DBG] |   |   |   |   + ChapterUID=fbebd1c60c0ba734
[DBG] |   |   |   |   + ChapterTimeStart=1954919633
[DBG] |   |   |   |   + ChapterFlagHidden=no
[DBG] |   |   |   |   + ChapterTimeEnd=2014979633
[DBG] |   |   |   |   + ChapterDisplay
[DBG] |   |   |   |   |   + ChapterString=Chapter 16
[DBG] |   |   |   |   |   + ChapterLanguage=eng
[DBG] |   |   |   + ChapterAtom (level=0)
[DBG] |   |   |   |   + ChapterUID=654a3a83d8754d72
[DBG] |   |   |   |   + ChapterTimeStart=2014979633
[DBG] |   |   |   |   + ChapterFlagHidden=no
[DBG] |   |   |   |   + ChapterTimeEnd=2177775600
[DBG] |   |   |   |   + ChapterDisplay
[DBG] |   |   |   |   |   + ChapterString=Chapter 17
[DBG] |   |   |   |   |   + ChapterLanguage=eng
[DBG] |   |   |   + ChapterAtom (level=0)
[DBG] |   |   |   |   + ChapterUID=a4d015e21eccc97a
[DBG] |   |   |   |   + ChapterTimeStart=2177775600
[DBG] |   |   |   |   + ChapterFlagHidden=no
[DBG] |   |   |   |   + ChapterTimeEnd=2286384100
[DBG] |   |   |   |   + ChapterDisplay
[DBG] |   |   |   |   |   + ChapterString=Chapter 18
[DBG] |   |   |   |   |   + ChapterLanguage=eng
[DBG] |   |   |   + ChapterAtom (level=0)
[DBG] |   |   |   |   + ChapterUID=8b098101acdd224c
[DBG] |   |   |   |   + ChapterTimeStart=2286384100
[DBG] |   |   |   |   + ChapterFlagHidden=no
[DBG] |   |   |   |   + ChapterTimeEnd=2423354266
[DBG] |   |   |   |   + ChapterDisplay
[DBG] |   |   |   |   |   + ChapterString=Chapter 19
[DBG] |   |   |   |   |   + ChapterLanguage=eng
[DBG] |   |   |   + ChapterAtom (level=0)
[DBG] |   |   |   |   + ChapterUID=40282ff203e979d2
[DBG] |   |   |   |   + ChapterTimeStart=2423354266
[DBG] |   |   |   |   + ChapterFlagHidden=no
[DBG] |   |   |   |   + ChapterTimeEnd=2618248966
[DBG] |   |   |   |   + ChapterDisplay
[DBG] |   |   |   |   |   + ChapterString=Chapter 20
[DBG] |   |   |   |   |   + ChapterLanguage=eng
[DBG] |   |   |   + ChapterAtom (level=0)
[DBG] |   |   |   |   + ChapterUID=4a5f3350e39b1c08
[DBG] |   |   |   |   + ChapterTimeStart=2618248966
[DBG] |   |   |   |   + ChapterFlagHidden=no
[DBG] |   |   |   |   + ChapterTimeEnd=2829092933
[DBG] |   |   |   |   + ChapterDisplay
[DBG] |   |   |   |   |   + ChapterString=Chapter 21
[DBG] |   |   |   |   |   + ChapterLanguage=eng
[DBG] |   |   |   + ChapterAtom (level=0)
[DBG] |   |   |   |   + ChapterUID=5bb4e22f83d84ba1
[DBG] |   |   |   |   + ChapterTimeStart=2829092933
[DBG] |   |   |   |   + ChapterFlagHidden=no
[DBG] |   |   |   |   + ChapterTimeEnd=3011808800
[DBG] |   |   |   |   + ChapterDisplay
[DBG] |   |   |   |   |   + ChapterString=Chapter 22
[DBG] |   |   |   |   |   + ChapterLanguage=eng
[DBG] |   |   |   + ChapterAtom (level=0)
[DBG] |   |   |   |   + ChapterUID=37e0f048324dc121
[DBG] |   |   |   |   + ChapterTimeStart=3011808800
[DBG] |   |   |   |   + ChapterFlagHidden=no
[DBG] |   |   |   |   + ChapterTimeEnd=3169966800
[DBG] |   |   |   |   + ChapterDisplay
[DBG] |   |   |   |   |   + ChapterString=Chapter 23
[DBG] |   |   |   |   |   + ChapterLanguage=eng
[DBG] |   |   |   + ChapterAtom (level=0)
[DBG] |   |   |   |   + ChapterUID=41d861a6b16a148e
[DBG] |   |   |   |   + ChapterTimeStart=3169966800
[DBG] |   |   |   |   + ChapterFlagHidden=no
[DBG] |   |   |   |   + ChapterTimeEnd=3348011333
[DBG] |   |   |   |   + ChapterDisplay
[DBG] |   |   |   |   |   + ChapterString=Chapter 24
[DBG] |   |   |   |   |   + ChapterLanguage=eng
[DBG] |   |   |   + ChapterAtom (level=0)
[DBG] |   |   |   |   + ChapterUID=a2673baf2275b708
[DBG] |   |   |   |   + ChapterTimeStart=3348011333
[DBG] |   |   |   |   + ChapterFlagHidden=no
[DBG] |   |   |   |   + ChapterTimeEnd=3495658833
[DBG] |   |   |   |   + ChapterDisplay
[DBG] |   |   |   |   |   + ChapterString=Chapter 25
[DBG] |   |   |   |   |   + ChapterLanguage=eng
[DBG] |   |   |   + ChapterAtom (level=0)
[DBG] |   |   |   |   + ChapterUID=2d99e5effdb5e6ac
[DBG] |   |   |   |   + ChapterTimeStart=3495658833
[DBG] |   |   |   |   + ChapterFlagHidden=no
[DBG] |   |   |   |   + ChapterTimeEnd=3698728366
[DBG] |   |   |   |   + ChapterDisplay
[DBG] |   |   |   |   |   + ChapterString=Chapter 26
[DBG] |   |   |   |   |   + ChapterLanguage=eng
[DBG] |   |   |   + ChapterAtom (level=0)
[DBG] |   |   |   |   + ChapterUID=6b3a9620e95ca6bb
[DBG] |   |   |   |   + ChapterTimeStart=3698728366
[DBG] |   |   |   |   + ChapterFlagHidden=no
[DBG] |   |   |   |   + ChapterTimeEnd=3746776366
[DBG] |   |   |   |   + ChapterDisplay
[DBG] |   |   |   |   |   + ChapterString=Chapter 27
[DBG] |   |   |   |   |   + ChapterLanguage=eng
[DBG] |   |   |   + ChapterAtom (level=0)
[DBG] |   |   |   |   + ChapterUID=a9644330c8c36ee3
[DBG] |   |   |   |   + ChapterTimeStart=3746776366
[DBG] |   |   |   |   + ChapterFlagHidden=no
[DBG] |   |   |   |   + ChapterTimeEnd=3869031833
[DBG] |   |   |   |   + ChapterDisplay
[DBG] |   |   |   |   |   + ChapterString=Chapter 28
[DBG] |   |   |   |   |   + ChapterLanguage=eng
[DBG] |   |   |   + ChapterAtom (level=0)
[DBG] |   |   |   |   + ChapterUID=6d2b0a40e8a3d11
[DBG] |   |   |   |   + ChapterTimeStart=3869031833
[DBG] |   |   |   |   + ChapterFlagHidden=no
[DBG] |   |   |   |   + ChapterTimeEnd=3973235933
[DBG] |   |   |   |   + ChapterDisplay
[DBG] |   |   |   |   |   + ChapterString=Chapter 29
[DBG] |   |   |   |   |   + ChapterLanguage=eng
[DBG] |   |   |   + ChapterAtom (level=0)
[DBG] |   |   |   |   + ChapterUID=47505874b84b2ba3
[DBG] |   |   |   |   + ChapterTimeStart=3973235933
[DBG] |   |   |   |   + ChapterFlagHidden=no
[DBG] |   |   |   |   + ChapterTimeEnd=4111674233
[DBG] |   |   |   |   + ChapterDisplay
[DBG] |   |   |   |   |   + ChapterString=Chapter 30
[DBG] |   |   |   |   |   + ChapterLanguage=eng
[DBG] |   |   |   + ChapterAtom (level=0)
[DBG] |   |   |   |   + ChapterUID=abddf345b707ca73
[DBG] |   |   |   |   + ChapterTimeStart=4111674233
[DBG] |   |   |   |   + ChapterFlagHidden=no
[DBG] |   |   |   |   + ChapterTimeEnd=4188450933
[DBG] |   |   |   |   + ChapterDisplay
[DBG] |   |   |   |   |   + ChapterString=Chapter 31
[DBG] |   |   |   |   |   + ChapterLanguage=eng
[DBG] |   |   |   + ChapterAtom (level=0)
[DBG] |   |   |   |   + ChapterUID=d95478de34104a87
[DBG] |   |   |   |   + ChapterTimeStart=4188450933
[DBG] |   |   |   |   + ChapterFlagHidden=no
[DBG] |   |   |   |   + ChapterTimeEnd=4258821233
[DBG] |   |   |   |   + ChapterDisplay
[DBG] |   |   |   |   |   + ChapterString=Chapter 32
[DBG] |   |   |   |   |   + ChapterLanguage=eng
[DBG] |   |   |   + ChapterAtom (level=0)
[DBG] |   |   |   |   + ChapterUID=5f11f754bfcf6f2d
[DBG] |   |   |   |   + ChapterTimeStart=4258821233
[DBG] |   |   |   |   + ChapterFlagHidden=no
[DBG] |   |   |   |   + ChapterTimeEnd=4403799400
[DBG] |   |   |   |   + ChapterDisplay
[DBG] |   |   |   |   |   + ChapterString=Chapter 33
[DBG] |   |   |   |   |   + ChapterLanguage=eng
[DBG] |   |   |   + ChapterAtom (level=0)
[DBG] |   |   |   |   + ChapterUID=6c419a3e7a3240d0
[DBG] |   |   |   |   + ChapterTimeStart=4403799400
[DBG] |   |   |   |   + ChapterFlagHidden=no
[DBG] |   |   |   |   + ChapterTimeEnd=4600996400
[DBG] |   |   |   |   + ChapterDisplay
[DBG] |   |   |   |   |   + ChapterString=Chapter 34
[DBG] |   |   |   |   |   + ChapterLanguage=eng
[DBG] |   |   |   + ChapterAtom (level=0)
[DBG] |   |   |   |   + ChapterUID=37aa8d43ffcd41f3
[DBG] |   |   |   |   + ChapterTimeStart=4600996400
[DBG] |   |   |   |   + ChapterFlagHidden=no
[DBG] |   |   |   |   + ChapterTimeEnd=4759654900
[DBG] |   |   |   |   + ChapterDisplay
[DBG] |   |   |   |   |   + ChapterString=Chapter 35
[DBG] |   |   |   |   |   + ChapterLanguage=eng
[DBG] |   |   |   + ChapterAtom (level=0)
[DBG] |   |   |   |   + ChapterUID=f33c1902bb9caa88
[DBG] |   |   |   |   + ChapterTimeStart=4759654900
[DBG] |   |   |   |   + ChapterFlagHidden=no
[DBG] |   |   |   |   + ChapterTimeEnd=4869297766
[DBG] |   |   |   |   + ChapterDisplay
[DBG] |   |   |   |   |   + ChapterString=Chapter 36
[DBG] |   |   |   |   |   + ChapterLanguage=eng
[DBG] |   |   |   + ChapterAtom (level=0)
[DBG] |   |   |   |   + ChapterUID=dfcda5e040fe96a2
[DBG] |   |   |   |   + ChapterTimeStart=4869297766
[DBG] |   |   |   |   + ChapterFlagHidden=no
[DBG] |   |   |   |   + ChapterTimeEnd=5076471400
[DBG] |   |   |   |   + ChapterDisplay
[DBG] |   |   |   |   |   + ChapterString=Chapter 37
[DBG] |   |   |   |   |   + ChapterLanguage=eng
[DBG] |   |   |   + ChapterAtom (level=0)
[DBG] |   |   |   |   + ChapterUID=6bb6f2a2ec05811c
[DBG] |   |   |   |   + ChapterTimeStart=5076471400
[DBG] |   |   |   |   + ChapterFlagHidden=no
[DBG] |   |   |   |   + ChapterTimeEnd=5239634400
[DBG] |   |   |   |   + ChapterDisplay
[DBG] |   |   |   |   |   + ChapterString=Chapter 38
[DBG] |   |   |   |   |   + ChapterLanguage=eng
[DBG] |   |   |   + ChapterAtom (level=0)
[DBG] |   |   |   |   + ChapterUID=4a07321a8090ed99
[DBG] |   |   |   |   + ChapterTimeStart=5239634400
[DBG] |   |   |   |   + ChapterFlagHidden=no
[DBG] |   |   |   |   + ChapterTimeEnd=5523451266
[DBG] |   |   |   |   + ChapterDisplay
[DBG] |   |   |   |   |   + ChapterString=Chapter 39
[DBG] |   |   |   |   |   + ChapterLanguage=eng
[DBG] |   |   |   + ChapterAtom (level=0)
[DBG] |   |   |   |   + ChapterUID=79b868e77e2d252d
[DBG] |   |   |   |   + ChapterTimeStart=5523451266
[DBG] |   |   |   |   + ChapterFlagHidden=no
[DBG] |   |   |   |   + ChapterTimeEnd=5654081766
[DBG] |   |   |   |   + ChapterDisplay
[DBG] |   |   |   |   |   + ChapterString=Chapter 40
[DBG] |   |   |   |   |   + ChapterLanguage=eng
[DBG] |   |   |   + ChapterAtom (level=0)
[DBG] |   |   |   |   + ChapterUID=f2dd5daa22ce163c
[DBG] |   |   |   |   + ChapterTimeStart=5654081766
[DBG] |   |   |   |   + ChapterFlagHidden=no
[DBG] |   |   |   |   + ChapterTimeEnd=5797558433
[DBG] |   |   |   |   + ChapterDisplay
[DBG] |   |   |   |   |   + ChapterString=Chapter 41
[DBG] |   |   |   |   |   + ChapterLanguage=eng
[DBG] |   |   |   + ChapterAtom (level=0)
[DBG] |   |   |   |   + ChapterUID=9223f8103fe61fed
[DBG] |   |   |   |   + ChapterTimeStart=5797558433
[DBG] |   |   |   |   + ChapterFlagHidden=no
[DBG] |   |   |   |   + ChapterTimeEnd=5966794166
[DBG] |   |   |   |   + ChapterDisplay
[DBG] |   |   |   |   |   + ChapterString=Chapter 42
[DBG] |   |   |   |   |   + ChapterLanguage=eng
[DBG] |   |   |   + ChapterAtom (level=0)
[DBG] |   |   |   |   + ChapterUID=6fd784f48e8b0ce1
[DBG] |   |   |   |   + ChapterTimeStart=5966794166
[DBG] |   |   |   |   + ChapterFlagHidden=no
[DBG] |   |   |   |   + ChapterTimeEnd=6045272566
[DBG] |   |   |   |   + ChapterDisplay
[DBG] |   |   |   |   |   + ChapterString=Chapter 43
[DBG] |   |   |   |   |   + ChapterLanguage=eng
[DBG] |   |   |   + ChapterAtom (level=0)
[DBG] |   |   |   |   + ChapterUID=daed9a45b3ae7103
[DBG] |   |   |   |   + ChapterTimeStart=6045272566
[DBG] |   |   |   |   + ChapterFlagHidden=no
[DBG] |   |   |   |   + ChapterTimeEnd=6119346566
[DBG] |   |   |   |   + ChapterDisplay
[DBG] |   |   |   |   |   + ChapterString=Chapter 44
[DBG] |   |   |   |   |   + ChapterLanguage=eng
[DBG] |   |   |   + ChapterAtom (level=0)
[DBG] |   |   |   |   + ChapterUID=370657b48d0591bd
[DBG] |   |   |   |   + ChapterTimeStart=6119346566
[DBG] |   |   |   |   + ChapterFlagHidden=no
[DBG] |   |   |   |   + ChapterTimeEnd=6279673400
[DBG] |   |   |   |   + ChapterDisplay
[DBG] |   |   |   |   |   + ChapterString=Chapter 45
[DBG] |   |   |   |   |   + ChapterLanguage=eng
[DBG] |   |   |   + ChapterAtom (level=0)
[DBG] |   |   |   |   + ChapterUID=bf7f1baee783a980
[DBG] |   |   |   |   + ChapterTimeStart=6279673400
[DBG] |   |   |   |   + ChapterFlagHidden=no
[DBG] |   |   |   |   + ChapterTimeEnd=6353413733
[DBG] |   |   |   |   + ChapterDisplay
[DBG] |   |   |   |   |   + ChapterString=Chapter 46
[DBG] |   |   |   |   |   + ChapterLanguage=eng
[DBG] |   |   |   + ChapterAtom (level=0)
[DBG] |   |   |   |   + ChapterUID=541f50dcdbecb94d
[DBG] |   |   |   |   + ChapterTimeStart=6353413733
[DBG] |   |   |   |   + ChapterFlagHidden=no
[DBG] |   |   |   |   + ChapterTimeEnd=6509769933
[DBG] |   |   |   |   + ChapterDisplay
[DBG] |   |   |   |   |   + ChapterString=Chapter 47
[DBG] |   |   |   |   |   + ChapterLanguage=eng
[DBG] |   |   |   + ChapterAtom (level=0)
[DBG] |   |   |   |   + ChapterUID=ae49985ff1c3db8b
[DBG] |   |   |   |   + ChapterTimeStart=6509769933
[DBG] |   |   |   |   + ChapterFlagHidden=no
[DBG] |   |   |   |   + ChapterTimeEnd=6585145233
[DBG] |   |   |   |   + ChapterDisplay
[DBG] |   |   |   |   |   + ChapterString=Chapter 48
[DBG] |   |   |   |   |   + ChapterLanguage=eng
[DBG] |   |   |   + ChapterAtom (level=0)
[DBG] |   |   |   |   + ChapterUID=bf470052d461b475
[DBG] |   |   |   |   + ChapterTimeStart=6585145233
[DBG] |   |   |   |   + ChapterFlagHidden=no
[DBG] |   |   |   |   + ChapterTimeEnd=6750477066
[DBG] |   |   |   |   + ChapterDisplay
[DBG] |   |   |   |   |   + ChapterString=Chapter 49
[DBG] |   |   |   |   |   + ChapterLanguage=eng
[DBG] |   |   |   + ChapterAtom (level=0)
[DBG] |   |   |   |   + ChapterUID=aef66dc46edbd2a
[DBG] |   |   |   |   + ChapterTimeStart=6750477066
[DBG] |   |   |   |   + ChapterFlagHidden=no
[DBG] |   |   |   |   + ChapterTimeEnd=7015775433
[DBG] |   |   |   |   + ChapterDisplay
[DBG] |   |   |   |   |   + ChapterString=Chapter 50
[DBG] |   |   |   |   |   + ChapterLanguage=eng
[DBG] |   |   |   + ChapterAtom (level=0)
[DBG] |   |   |   |   + ChapterUID=6e047737a1549823
[DBG] |   |   |   |   + ChapterTimeStart=7015775433
[DBG] |   |   |   |   + ChapterFlagHidden=no
[DBG] |   |   |   |   + ChapterTimeEnd=7116676233
[DBG] |   |   |   |   + ChapterDisplay
[DBG] |   |   |   |   |   + ChapterString=Chapter 51
[DBG] |   |   |   |   |   + ChapterLanguage=eng
[DBG] |   |   |   + ChapterAtom (level=0)
[DBG] |   |   |   |   + ChapterUID=838cd6b05e54aa13
[DBG] |   |   |   |   + ChapterTimeStart=7116676233
[DBG] |   |   |   |   + ChapterFlagHidden=no
[DBG] |   |   |   |   + ChapterTimeEnd=7304530566
[DBG] |   |   |   |   + ChapterDisplay
[DBG] |   |   |   |   |   + ChapterString=Chapter 52
[DBG] |   |   |   |   |   + ChapterLanguage=eng
[DBG] |   |   |   + ChapterAtom (level=0)
[DBG] |   |   |   |   + ChapterUID=1dfb1a73753829e2
[DBG] |   |   |   |   + ChapterTimeStart=7304530566
[DBG] |   |   |   |   + ChapterFlagHidden=no
[DBG] |   |   |   |   + ChapterTimeEnd=7417476733
[DBG] |   |   |   |   + ChapterDisplay
[DBG] |   |   |   |   |   + ChapterString=Chapter 53
[DBG] |   |   |   |   |   + ChapterLanguage=eng
[DBG] |   |   |   + ChapterAtom (level=0)
[DBG] |   |   |   |   + ChapterUID=e9f35f4150876621
[DBG] |   |   |   |   + ChapterTimeStart=7417476733
[DBG] |   |   |   |   + ChapterFlagHidden=no
[DBG] |   |   |   |   + ChapterTimeEnd=7798056933
[DBG] |   |   |   |   + ChapterDisplay
[DBG] |   |   |   |   |   + ChapterString=Chapter 54
[DBG] |   |   |   |   |   + ChapterLanguage=eng
[DBG] |   - tags at 5722249427
[DBG] resolving 192.168.1.250 ...
[DBG] outgoing request:
GET /stream/2 HTTP/1.1
Host: 192.168.1.250:8093
Accept: */*
Accept-Language: en_US
User-Agent: VLC/4.0.0-dev LibVLC/4.0.0-dev
If-Unmodified-Since: Fri, 17 Jul 2026 19:22:43 GMT
Range: bytes=5722249427-


[DBG] incoming response:
HTTP/1.1 206 Partial Content
Accept-Ranges: bytes
Content-Length: 1649
Content-Range: bytes 5722249427-5722251075/5722251076
Content-Type: video/x-matroska
Last-Modified: Fri, 17 Jul 2026 19:22:43 GMT
Date: Tue, 15 Sep 2026 01:14:31 GMT


[DBG] connection failed
[DBG] end of stream
[DBG] |   + Tags
[DBG] + Tag
[DBG] |   + Targets
[DBG] |   |   + TrackUID: 1
[DBG] |   |   + TargetType: MOVIE
[DBG] |   + Simple Tag 
[DBG] |   |   + Meta BPS: 5224535
[DBG] |   + Simple Tag 
[DBG] |   |   + Meta DURATION: 02:09:58.056933333
[DBG] |   + Simple Tag 
[DBG] |   |   + Meta NUMBER_OF_FRAMES: 193614
[DBG] |   + Simple Tag 
[DBG] |   |   + Meta NUMBER_OF_BYTES: 5092652986
[DBG] |   + Simple Tag 
[DBG] |   |   + Meta SOURCE_ID: 0100E0
[DBG] |   + Simple Tag 
[DBG] |   |   + Meta _STATISTICS_WRITING_APP: MakeMKV v1.18.4 darwin(arm64-release)
[DBG] |   + Simple Tag 
[DBG] |   |   + Meta _STATISTICS_WRITING_DATE_UTC: 2026-07-17 19:10:16
[DBG] |   + Simple Tag 
[DBG] |   |   + Meta _STATISTICS_TAGS: BPS DURATION NUMBER_OF_FRAMES NUMBER_OF_BYTES SOURCE_ID
[DBG] + Tag
[DBG] |   + Targets
[DBG] |   |   + TrackUID: 2
[DBG] |   |   + TargetType: MOVIE
[DBG] |   + Simple Tag 
[DBG] |   |   + Meta BPS: 448000
[DBG] |   + Simple Tag 
[DBG] |   |   + Meta DURATION: 02:09:58.048000000
[DBG] |   + Simple Tag 
[DBG] |   |   + Meta NUMBER_OF_FRAMES: 243689
[DBG] |   + Simple Tag 
[DBG] |   |   + Meta NUMBER_OF_BYTES: 436690688
[DBG] |   + Simple Tag 
[DBG] |   |   + Meta SOURCE_ID: 0180BD
[DBG] |   + Simple Tag 
[DBG] |   |   + Meta _STATISTICS_WRITING_APP: MakeMKV v1.18.4 darwin(arm64-release)
[DBG] |   + Simple Tag 
[DBG] |   |   + Meta _STATISTICS_WRITING_DATE_UTC: 2026-07-17 19:10:16
[DBG] |   + Simple Tag 
[DBG] |   |   + Meta _STATISTICS_TAGS: BPS DURATION NUMBER_OF_FRAMES NUMBER_OF_BYTES SOURCE_ID
[DBG] + Tag
[DBG] |   + Targets
[DBG] |   |   + TrackUID: 3
[DBG] |   |   + TargetType: MOVIE
[DBG] |   + Simple Tag 
[DBG] |   |   + Meta BPS: 192000
[DBG] |   + Simple Tag 
[DBG] |   |   + Meta DURATION: 02:09:58.048000000
[DBG] |   + Simple Tag 
[DBG] |   |   + Meta NUMBER_OF_FRAMES: 243689
[DBG] |   + Simple Tag 
[DBG] |   |   + Meta NUMBER_OF_BYTES: 187153152
[DBG] |   + Simple Tag 
[DBG] |   |   + Meta SOURCE_ID: 0181BD
[DBG] |   + Simple Tag 
[DBG] |   |   + Meta _STATISTICS_WRITING_APP: MakeMKV v1.18.4 darwin(arm64-release)
[DBG] |   + Simple Tag 
[DBG] |   |   + Meta _STATISTICS_WRITING_DATE_UTC: 2026-07-17 19:10:16
[DBG] |   + Simple Tag 
[DBG] |   |   + Meta _STATISTICS_TAGS: BPS DURATION NUMBER_OF_FRAMES NUMBER_OF_BYTES SOURCE_ID
[DBG] + Tag
[DBG] |   + Targets
[DBG] |   |   + TrackUID: 4
[DBG] |   |   + TargetType: MOVIE
[DBG] |   + Simple Tag 
[DBG] |   |   + Meta BPS: 52
[DBG] |   + Simple Tag 
[DBG] |   |   + Meta DURATION: 02:01:11.127566666
[DBG] |   + Simple Tag 
[DBG] |   |   + Meta NUMBER_OF_FRAMES: 947
[DBG] |   + Simple Tag 
[DBG] |   |   + Meta NUMBER_OF_BYTES: 47304
[DBG] |   + Simple Tag 
[DBG] |   |   + Meta SOURCE_ID: 0100E0
[DBG] |   + Simple Tag 
[DBG] |   |   + Meta _STATISTICS_WRITING_APP: MakeMKV v1.18.4 darwin(arm64-release)
[DBG] |   + Simple Tag 
[DBG] |   |   + Meta _STATISTICS_WRITING_DATE_UTC: 2026-07-17 19:10:16
[DBG] |   + Simple Tag 
[DBG] |   |   + Meta _STATISTICS_TAGS: BPS DURATION NUMBER_OF_FRAMES NUMBER_OF_BYTES SOURCE_ID
[DBG] loading tags done.
[DBG] resolving 192.168.1.250 ...
[DBG] outgoing request:
GET /stream/2 HTTP/1.1
Host: 192.168.1.250:8093
Accept: */*
Accept-Language: en_US
User-Agent: VLC/4.0.0-dev LibVLC/4.0.0-dev
If-Unmodified-Since: Fri, 17 Jul 2026 19:22:43 GMT
Range: bytes=183-


[DBG] incoming response:
HTTP/1.1 206 Partial Content
Accept-Ranges: bytes
Content-Length: 5722250893
Content-Range: bytes 183-5722251075/5722251076
Content-Type: video/x-matroska
Last-Modified: Fri, 17 Jul 2026 19:22:43 GMT
Date: Tue, 15 Sep 2026 01:14:31 GMT


[DBG] |   + Void
[DBG] |   + Information
[DBG] |   + Tracks
[DBG] |   + Chapters
[DBG] |   + Void
[DBG] |   + Cluster
[DBG] Virtual chapter  Chapter 01 from 0 to 165965800 - 
[DBG] Virtual chapter  Chapter 02 from 165965800 to 252885966 - 
[DBG] Virtual chapter  Chapter 03 from 252885966 to 413713300 - 
[DBG] Virtual chapter  Chapter 04 from 413713300 to 519519000 - 
[DBG] Virtual chapter  Chapter 05 from 519519000 to 636602633 - 
[DBG] Virtual chapter  Chapter 06 from 636602633 to 740406333 - 
[DBG] Virtual chapter  Chapter 07 from 740406333 to 984450133 - 
[DBG] Virtual chapter  Chapter 08 from 984450133 to 1242457883 - 
[DBG] Virtual chapter  Chapter 09 from 1242457883 to 1362694666 - 
[DBG] Virtual chapter  Chapter 10 from 1362694666 to 1476975500 - 
[DBG] Virtual chapter  Chapter 11 from 1476975500 to 1599064133 - 
[DBG] Virtual chapter  Chapter 12 from 1599064133 to 1681713366 - 
[DBG] Virtual chapter  Chapter 13 from 1681713366 to 1742340600 - 
[DBG] Virtual chapter  Chapter 14 from 1742340600 to 1780879100 - 
[DBG] Virtual chapter  Chapter 15 from 1780879100 to 1954919633 - 
[DBG] Virtual chapter  Chapter 16 from 1954919633 to 2014979633 - 
[DBG] Virtual chapter  Chapter 17 from 2014979633 to 2177775600 - 
[DBG] Virtual chapter  Chapter 18 from 2177775600 to 2286384100 - 
[DBG] Virtual chapter  Chapter 19 from 2286384100 to 2423354266 - 
[DBG] Virtual chapter  Chapter 20 from 2423354266 to 2618248966 - 
[DBG] Virtual chapter  Chapter 21 from 2618248966 to 2829092933 - 
[DBG] Virtual chapter  Chapter 22 from 2829092933 to 3011808800 - 
[DBG] Virtual chapter  Chapter 23 from 3011808800 to 3169966800 - 
[DBG] Virtual chapter  Chapter 24 from 3169966800 to 3348011333 - 
[DBG] Virtual chapter  Chapter 25 from 3348011333 to 3495658833 - 
[DBG] Virtual chapter  Chapter 26 from 3495658833 to 3698728366 - 
[DBG] Virtual chapter  Chapter 27 from 3698728366 to 3746776366 - 
[DBG] Virtual chapter  Chapter 28 from 3746776366 to 3869031833 - 
[DBG] Virtual chapter  Chapter 29 from 3869031833 to 3973235933 - 
[DBG] Virtual chapter  Chapter 30 from 3973235933 to 4111674233 - 
[DBG] Virtual chapter  Chapter 31 from 4111674233 to 4188450933 - 
[DBG] Virtual chapter  Chapter 32 from 4188450933 to 4258821233 - 
[DBG] Virtual chapter  Chapter 33 from 4258821233 to 4403799400 - 
[DBG] Virtual chapter  Chapter 34 from 4403799400 to 4600996400 - 
[DBG] Virtual chapter  Chapter 35 from 4600996400 to 4759654900 - 
[DBG] Virtual chapter  Chapter 36 from 4759654900 to 4869297766 - 
[DBG] Virtual chapter  Chapter 37 from 4869297766 to 5076471400 - 
[DBG] Virtual chapter  Chapter 38 from 5076471400 to 5239634400 - 
[DBG] Virtual chapter  Chapter 39 from 5239634400 to 5523451266 - 
[DBG] Virtual chapter  Chapter 40 from 5523451266 to 5654081766 - 
[DBG] Virtual chapter  Chapter 41 from 5654081766 to 5797558433 - 
[DBG] Virtual chapter  Chapter 42 from 5797558433 to 5966794166 - 
[DBG] Virtual chapter  Chapter 43 from 5966794166 to 6045272566 - 
[DBG] Virtual chapter  Chapter 44 from 6045272566 to 6119346566 - 
[DBG] Virtual chapter  Chapter 45 from 6119346566 to 6279673400 - 
[DBG] Virtual chapter  Chapter 46 from 6279673400 to 6353413733 - 
[DBG] Virtual chapter  Chapter 47 from 6353413733 to 6509769933 - 
[DBG] Virtual chapter  Chapter 48 from 6509769933 to 6585145233 - 
[DBG] Virtual chapter  Chapter 49 from 6585145233 to 6750477066 - 
[DBG] Virtual chapter  Chapter 50 from 6750477066 to 7015775433 - 
[DBG] Virtual chapter  Chapter 51 from 7015775433 to 7116676233 - 
[DBG] Virtual chapter  Chapter 52 from 7116676233 to 7304530566 - 
[DBG] Virtual chapter  Chapter 53 from 7304530566 to 7417476733 - 
[DBG] Virtual chapter  Chapter 54 from 7417476733 to 7798056933 - 
[DBG] Virtual chapter  from 0 to -1 - 
[DBG] NEW START CHAPTER uid=5827174896662102052
[DBG] found 4 es
[DBG] selecting program id=0
[DBG] ES track added: 'video/1' (fourcc: 'mpgv')
[DBG] ES track added: 'audio/2' (fourcc: 'a52 ')
9:14:31.775 PM [player] track added video/1 type=1
[DBG] ES track added: 'audio/3' (fourcc: 'a52 ')
[DBG] ES track added: 'spu/4' (fourcc: 'subt')
[DBG] seek: preroll{ track: 1, pts: 0, fpos: 5816 skip: 5816} 
9:14:31.776 PM [player] track added audio/2 type=0
[DBG] seek: preroll{ req: 1, start-pts: 1, start-fpos: 5816} 
[DBG] using demux module "mkv"
9:14:31.776 PM [player] track added audio/3 type=0
9:14:31.776 PM [player] track added spu/4 type=2
[DBG] looking for video packetizer module matching "any": 13 candidates
9:14:31.776 PM [player] length 7798056 ms
[DBG] using video packetizer module "mpegvideo"
[DBG] looking for video decoder module matching "any": 14 candidates
[DBG] vout: none found
[DBG] looking for text renderer module matching "freetype": 2 candidates
[DBG] using text renderer module "freetype"
[DBG] looking for video converter module matching "any": 13 candidates
[DBG] 32x32 (32x32) chroma: YUVA colorspace: Undefined -> 16x16 (16x16) chroma: RGBA colorspace: Undefined with scaling using Bicubic (good quality)
[DBG] using video converter module "swscale"
[DBG] looking for video converter module matching "any": 13 candidates
[DBG] YUVP to YUVA converter
[DBG] using video converter module "yuvp"
[DBG] Deinterlacing available
[DBG] deinterlace -1, mode auto, is_needed 0
[DBG] looking for vout window module matching "any": 2 candidates
[DBG] resized to 1920x1080
[DBG] using vout window module "uiview_window"
[DBG] looking for inhibit module matching "any": 1 candidates
[DBG] using inhibit module "uikit_inhibit"
[DBG] looking for decoder device module matching "any": 1 candidates
[DBG] using decoder device module "videotoolbox"
[WARN] vt session error: 'kVTCouldNotFindVideoDecoderErr'
[DBG] using Lavc63.1.100
[DBG] CPU flags: 0x00062360
[DBG] allowing 6 thread(s) for decoding
[DBG] codec (mpeg2video) started
[DBG] using video decoder module "avcodec"
[DBG] ES track selected: 'video/1' (fourcc: 'mpgv')
[DBG] looking for audio packetizer module matching "any": 11 candidates
[DBG] using audio packetizer module "a52"
[DBG] looking for audio decoder module matching "any": 15 candidates
[DBG] reusing audio output
9:14:31.784 PM [player] track selected type=1 selected=video/1 unselected=
[ERR] too low audio sample frequency (0)
[DBG] keeping audio output
[DBG] using Lavc63.1.100
[DBG] CPU flags: 0x00062360
[DBG] codec (ac3) started
[DBG] using audio decoder module "avcodec"
[DBG] ES track selected: 'audio/2' (fourcc: 'a52 ')
[DBG] looking for spu decoder module matching "any": 19 candidates
[DBG] using Lavc63.1.100
[DBG] CPU flags: 0x00062360
[WARN] refusing to decode non validated subtitle codec
9:14:31.785 PM [player] track selected type=0 selected=audio/2 unselected=
[DBG] trying demuxer-specified character encoding: UTF-8
[DBG] using spu decoder module "subsdec"
[DBG] ES track selected: 'spu/4' (fourcc: 'subt')
[DBG] `http://192.168.1.250:8093/stream/2' successfully opened
9:14:31.785 PM [player] track selected type=2 selected=spu/4 unselected=
[DBG] program(0): using clock source: 'audio'
9:14:31.785 PM [player] state Playing at 0 ms
[DBG] Buffering 0%
9:14:31.791 PM [player] buffering 0.0
[DBG] A/52 channels:6 samplerate:48000 bitrate:448000
[DBG] restarting module due to input format change
[DBG] 'decoder in/packetizer out' i_rate 0 / 48000
[DBG] 'decoder in/packetizer out' i_physical_channels 0 / 4199
[DBG] removing "audio decoder" module "avcodec"
[DBG] looking for audio decoder module matching "any": 15 candidates
[DBG] reusing audio output
[WARN] failed to start passthrough audio output, failing back to linear format
[DBG] keeping audio output
[DBG] using Lavc63.1.100
[DBG] size 720x480/720x480 fps 500000:16683
[DBG] CPU flags: 0x00062360
[DBG] restarting module due to input format change
[DBG] 'decoder in/packetizer out' profile -1 / 4
[DBG] 'decoder in/packetizer out' i_width 0 / 720
[DBG] 'decoder in/packetizer out' i_height 0 / 480
[DBG] 'decoder in/packetizer out' i_visible_width 0 / 720
[DBG] 'decoder in/packetizer out' i_visible_height 0 / 480
[DBG] codec (ac3) started
[DBG] using audio decoder module "avcodec"
[DBG] removing "video decoder" module "avcodec"
[DBG] looking for video decoder module matching "any": 14 candidates
[DBG] vout change: decoder size
[DBG] vout change: visible size
[DBG] Buffering 3%
[DBG] reusing audio output
[DBG] Buffering 6%
[WARN] vt session error: 'kVTCouldNotFindVideoDecoderErr'
[DBG] using Lavc63.1.100
[DBG] CPU flags: 0x00062360
[DBG] allowing 6 thread(s) for decoding
[DBG] codec (mpeg2video) started
[DBG] using video decoder module "avcodec"
[DBG] Buffering 10%
[DBG] available hardware decoder output format 157 (videotoolbox_vld)
[DBG] available software decoder output format 0 (yuv420p)
[DBG] Buffering 13%
[DBG] vout change: chroma
[DBG] vout change: SAR
[DBG] requested window size: 640x480
[DBG] deinterlace -1, mode auto, is_needed 0
[DBG] Opening vout display wrapper
[DBG] looking for vout display module matching "any": 3 candidates
[DBG] looking for video converter module matching "any": 13 candidates
[DBG] Buffering 16%
[DBG] Buffering 20%
[DBG] Buffering 23%
[DBG] Buffering 26%
[DBG] Buffering 30%
[DBG] Buffering 33%
[DBG] Buffering 44%
[INF] Trying to use chroma_chain: [c=18|q=100] I420 -> CVPN -> CVPB...
[DBG] looking for video converter module matching "any": 13 candidates
[DBG] looking for decoder device module matching "any": 1 candidates
[DBG] Buffering 46%
[DBG] using decoder device module "videotoolbox"
[DBG] Buffering 50%
[DBG] Buffering 53%
[DBG] Buffering 56%
[DBG] using video converter module "cvpx"
[DBG] Filter 'cvpx' (0x10c33c900) appended to chain (0x10bfd7900)
[DBG] Buffering 60%
[DBG] looking for video converter module matching "any": 13 candidates
[DBG] no video converter modules matched with name any
[ERR] Failed to create video converter
[DBG] Buffering 63%
[INF] Trying to use chroma_chain: [c=18|q=100] I420 -> CVPI -> CVPB...
[DBG] Buffering 66%
[DBG] removing "video converter" module "cvpx"
[DBG] Filter 0x10c33c900 removed from chain
[DBG] looking for video converter module matching "any": 13 candidates
[DBG] Buffering 70%
[DBG] looking for decoder device module matching "any": 1 candidates
[DBG] using decoder device module "videotoolbox"
[DBG] Buffering 73%
[DBG] Buffering 86%
[DBG] using video converter module "cvpx"
[DBG] Filter 'cvpx' (0x10c33c900) appended to chain (0x10bfd7900)
[DBG] looking for video converter module matching "any": 13 candidates
[DBG] no video converter modules matched with name any
[ERR] Failed to create video converter
[INF] Trying to use chroma_chain: [c=118|q=90] I420 -> BGRA -> CVPB...
[DBG] removing "video converter" module "cvpx"
[DBG] Filter 0x10c33c900 removed from chain
[DBG] looking for video converter module matching "any": 13 candidates
[DBG] Buffering 90%
[DBG] 720x480 (720x480) chroma: I420 colorspace: BT601 -> 720x480 (720x480) chroma: BGRA colorspace: BT601 with scaling using Bicubic (good quality)
[DBG] using video converter module "swscale"
[DBG] Filter 'Swscale' (0x10c33c900) appended to chain (0x10bfd7900)
[DBG] looking for video converter module matching "any": 13 candidates
[DBG] looking for decoder device module matching "any": 1 candidates
[DBG] using decoder device module "videotoolbox"
[DBG] Buffering 93%
[DBG] Buffering 96%
9:14:31.800 PM [player] buffering 1.0
[DBG] Stream buffering done (1001 ms in 9 ms)
[DBG] using video converter module "cvpx"
[DBG] Filter 'cvpx' (0x10c33cc00) appended to chain (0x10bfd7900)
[INF] success
[DBG] using video converter module "chain"
[DBG] using vout display module "samplebufferdisplay"
[DBG] original format sz 720x480, of (0,0), vsz 720x480, 4cc I420, sar 8:9, orient: normal
[DBG] removing "text renderer" module "freetype"
[DBG] looking for text renderer module matching "freetype": 2 candidates
[DBG] using text renderer module "freetype"
[DBG] requested window size: 640x480
[DBG] resetting projection_mode to 0
[DBG] setting projection_mode to 0
[DBG] Received first picture
[DBG] Detected interlaced video
[DBG] deinterlace -1, mode auto, is_needed 1
[DBG] resized to 3840x2160
[DBG] Output on HDMI, channel count: 6
[DBG] VLC keeping the same input layout
[DBG] output 'f32l' 48000 Hz 3F2M/LFE frame=1 samples/24 bytes
[DBG] looking for audio volume module matching "any": 2 candidates
[DBG] using audio volume module "float_mixer"
[DBG] input 'f32l' 48000 Hz 3F2M/LFE frame=1 samples/24 bytes
[DBG] looking for audio filter module matching "scaletempo": 1 candidates
[DBG] format: 48000 rate, 6 nch, 4 bps, fl32
[DBG] params: 30 stride, 0.200 overlap, 14 search
[DBG] 1.000 scale, 1440.000 stride_in, 1440 stride_out, 1152 standing, 288 overlap, 672 search, 2400 queue, fl32 mode
[DBG] using audio filter module "scaletempo"
[DBG] conversion: 'f32l'->'f32l' 48000 Hz->48000 Hz 3F2M/LFE->3F2M/LFE
[DBG] conversion pipeline complete
[DBG] conversion: 'f32l'->'f32l' 48000 Hz->48000 Hz 3F2M/LFE->3F2M/LFE
[DBG] conversion pipeline complete
[DBG] looking for audio resampler module matching "soxr": 2 candidates
[DBG] Using SoX Resampler with 'cr32s' engine and 'Medium 16-bit with medium roll-off' quality to convert f32l/48000Hz to f32l/48000Hz.
[DBG] using audio resampler module "soxr"
[DBG] Decoder wait done in 42 ms
[DBG] 1g: es_out stop_buffering now=476230413569 paused=0 pause_date=-1 current_date=476230413567 buffering_duration=1000000 update=476229413567 stream_start=1
[WARN] 1g: main_reset now=476230413589 paused=0 pause_date=0 first_pcr.system=0 last.system=0
[WARN] 1g: main_reset now=476230413618 paused=0 pause_date=0 first_pcr.system=0 last.system=0
[WARN] 1g: set_first_pcr now=476230413635 system=476229413567 ts=1 paused=0 pause_date=0
[DBG] Adding 'deinterlace' as static
[DBG] looking for video filter module matching "deinterlace,chain": 2 candidates
[DBG] using x deinterlace method
[DBG] deinterlacing
[DBG] using video filter module "deinterlace"
[DBG] Filter 'deinterlace' (0x10c33d800) appended to chain (0x107244000)
[DBG] deferring start (79903 us)
[DBG] deferring start (45049 us)
[DBG] deferring start (44807 us)
[DBG] deferring start (44641 us)
[DBG] deferring start (44414 us)
[DBG] deferring start (44204 us)
[DBG] deferring start (44108 us)
[DBG] deferring start (44005 us)
[DBG] deferring start (43869 us)
[DBG] deferring start (43788 us)
[DBG] deferring start (43712 us)
[DBG] deferring start (43582 us)
[DBG] deferring start (43482 us)
[DBG] deferring start (43394 us)
[DBG] deferring start (43308 us)
[DBG] deferring start (43220 us)
[DBG] deferring start (43128 us)
[DBG] deferring start (43051 us)
[DBG] deferring start (42957 us)
[DBG] deferring start (42863 us)
[DBG] deferring start (42760 us)
[DBG] deferring start (42659 us)
[DBG] deferring start (42576 us)
[DBG] deferring start (42480 us)
[DBG] deferring start (42386 us)
[DBG] deferring start (42291 us)
[DBG] deferring start (42201 us)
[DBG] deferring start (42107 us)
[DBG] deferring start (42012 us)
[DBG] deferring start (41918 us)
[DBG] deferring start (41840 us)
[DBG] deferring start (41741 us)
[DBG] deferring start (41642 us)
[DBG] deferring start (41552 us)
[DBG] deferring start (41423 us)
[DBG] deferring start (41341 us)
[DBG] deferring start (41247 us)
[DBG] deferring start (41151 us)
[DBG] deferring start (41071 us)
[DBG] deferring start (40987 us)
[DBG] started
[DBG] picture displayed late (missing 6 ms)
[WARN] picture is too late to be displayed (missing 81 ms)
[WARN] picture is too late to be displayed (missing 48 ms)
[DBG] picture displayed late (missing 11 ms)
9:14:34.530 PM [display] mode switch end: maxFPS=60 edrHeadroom=1.00/1.00 gamut=1 matchingEnabled=true switchInProgress=false criteria=set
9:14:35.661 PM [display] 4 s after request: maxFPS=60 edrHeadroom=1.00/1.00 gamut=1 matchingEnabled=true switchInProgress=false criteria=set
[DBG] Detected progressive video
[DBG] deinterlace -1, mode auto, is_needed 0
[DBG] removing "video filter" module "deinterlace"
[DBG] Filter 0x10c33d800 removed from chain
[DBG] picture displayed late (missing 8 ms)
9:15:06.070 PM [player] pause (select) at 33203 ms
[DBG] 1g: input control_pause date=476264641449 now=476264641463
[DBG] 1g: es_out change_pause paused=1 date=476264641449 now=476264641577 was_paused=0 old_pause_date=-1 buffering=0 extra_initial=0
[DBG] pausing
[WARN] 1g: main_change_pause paused=1 date=476264641449 now=476264641797 pause_date=0 last.system=476264153740 first_pcr.system=476229413567 start_time.system=0 wait_sync_ref.system=0
[DBG] not really pausing SPU
[DBG] pausing audio
9:15:06.086 PM [player] state Paused at 33489 ms
[DBG] pausing video
[DBG] picture displayed late (missing 4 ms)
[DBG] 1g: vout change_pause paused=1 date=476264641449 now=476264699392
9:16:06.716 PM [framestep] −1 gotoPreviousFrame before=33489 ms
[DBG] 1g: input seek_frame_previous now=476325287727 pts=33534001 steps=1 failed=0 enabled=1
[DBG] 1g: es_out RESET_PCR_FRAME_PREV duration=199998 now=476325287786 paused=1 pause_date=476264641449
[DBG] 1g: es_out change_position now=476325287815 paused=1 pause_date=476264641449 buffering=0 next_frame_es=0
[DBG] SET_TIME to 33500667
[DBG] seek request to i_pos = 33500667
[DBG] seek: preroll{ track: 1, pts: 33116000, fpos: 17716506 skip: 17716506} 
[DBG] seek: preroll{ track: 2, pts: 33408000, fpos: 17967726 skip: 17967726} 
[ERR] reading while paused (buggy demux?)
[DBG] resuming
[DBG] resolving 192.168.1.250 ...
[DBG] outgoing request:
GET /stream/2 HTTP/1.1
Host: 192.168.1.250:8093
Accept: */*
Accept-Language: en_US
User-Agent: VLC/4.0.0-dev LibVLC/4.0.0-dev
If-Unmodified-Since: Fri, 17 Jul 2026 19:22:43 GMT
Range: bytes=17716506-


9:16:06.723 PM [player] buffering 0.0
[DBG] incoming response:
HTTP/1.1 206 Partial Content
Accept-Ranges: bytes
Content-Length: 5704534570
Content-Range: bytes 17716506-5722251075/5722251076
Content-Type: video/x-matroska
Last-Modified: Fri, 17 Jul 2026 19:22:43 GMT
Date: Tue, 15 Sep 2026 01:16:06 GMT


[DBG] connection failed
[DBG] seek: preroll{ req: 33500668, start-pts: 33116001, start-fpos: 17716506} 
[DBG] Buffering 0%
9:16:06.763 PM [player] buffering 0.0
[DBG] Buffering 3%
[DBG] Buffering 6%
[DBG] Buffering 8%
[DBG] Buffering 12%
[DBG] Buffering 15%
[DBG] Buffering 18%
[DBG] Buffering 21%
[DBG] Buffering 24%
[DBG] Buffering 34%
[DBG] Buffering 35%
[DBG] Buffering 39%
[DBG] Buffering 41%
[DBG] Buffering 42%
[DBG] Buffering 44%
[DBG] Buffering 48%
[DBG] Buffering 51%
[DBG] end of video preroll
[DBG] Buffering 54%
[DBG] 1g: input seek_frame_previous now=476325380922 pts=33534001 steps=3 failed=1 enabled=1
[DBG] 1g: es_out RESET_PCR_FRAME_PREV duration=266664 now=476325380956 paused=1 pause_date=476264641449
[DBG] 1g: es_out change_position now=476325381017 paused=1 pause_date=476264641449 buffering=1 next_frame_es=0
[DBG] SET_TIME to 33434001
9:16:06.810 PM [player] buffering 0.0
[DBG] seek request to i_pos = 33434001
[DBG] seek: preroll{ track: 1, pts: 33116000, fpos: 17716506 skip: 17716506} 
[DBG] seek: preroll{ track: 2, pts: 33408000, fpos: 17967726 skip: 17967726} 
[DBG] seek: preroll{ req: 33434002, start-pts: 33116001, start-fpos: 17716506} 
[DBG] Buffering 0%
9:16:06.810 PM [player] buffering 0.0
[DBG] Buffering 3%
[DBG] Buffering 6%
[DBG] Buffering 8%
[DBG] Buffering 12%
[DBG] Buffering 16%
[DBG] Buffering 18%
[DBG] Buffering 22%
[DBG] Buffering 25%
[DBG] Buffering 36%
[DBG] Buffering 41%
[DBG] Buffering 44%
[DBG] Buffering 46%
[DBG] Buffering 50%
[DBG] Buffering 54%
[DBG] Buffering 57%
[DBG] Buffering 58%
[DBG] Buffering 60%
[DBG] Buffering 63%
[DBG] Buffering 75%
[DBG] Buffering 79%
[DBG] Buffering 82%
[DBG] Buffering 84%
[DBG] Buffering 88%
[DBG] Buffering 90%
[DBG] Buffering 92%
[DBG] Buffering 94%
[DBG] Buffering 97%
[DBG] Buffering 98%
9:16:06.821 PM [player] buffering 1.0
[DBG] Stream buffering done (1335 ms in 11 ms)
[DBG] Decoder wait done in 0 ms
[DBG] 1g: es_out stop_buffering now=476325392774 paused=1 pause_date=476264641449 current_date=476264641449 buffering_duration=1318002 update=476263323447 stream_start=33116000
[WARN] 1g: main_reset now=476325392814 paused=1 pause_date=476264641449 first_pcr.system=476229413567 last.system=476264650060
[WARN] 1g: main_reset now=476325392883 paused=1 pause_date=0 first_pcr.system=0 last.system=0
[WARN] 1g: set_first_pcr now=476325392918 system=476263323447 ts=33116000 paused=1 pause_date=0
[DBG] end of video preroll
9:16:06.833 PM [framestep] previousFrameStepped result=0 time=33489 ms
9:16:07.132 PM [framestep] −1 after(400 ms)=33500 ms
9:16:10.962 PM [framestep] −1 gotoPreviousFrame before=33500 ms
[DBG] 1g: input seek_frame_previous now=476329540072 pts=33500001 steps=3 failed=0 enabled=1
[DBG] 1g: es_out RESET_PCR_FRAME_PREV duration=266664 now=476329540181 paused=1 pause_date=476264641449
[DBG] 1g: es_out change_position now=476329540222 paused=1 pause_date=476264641449 buffering=0 next_frame_es=0
9:16:10.971 PM [player] buffering 0.0
[DBG] SET_TIME to 33400001
[DBG] seek request to i_pos = 33400001
[DBG] seek: preroll{ track: 1, pts: 33116000, fpos: 17716506 skip: 17716506} 
[DBG] seek: preroll{ track: 2, pts: 33312000, fpos: 17945171 skip: 17945171} 
[DBG] resolving 192.168.1.250 ...
[DBG] outgoing request:
GET /stream/2 HTTP/1.1
Host: 192.168.1.250:8093
Accept: */*
Accept-Language: en_US
User-Agent: VLC/4.0.0-dev LibVLC/4.0.0-dev
If-Unmodified-Since: Fri, 17 Jul 2026 19:22:43 GMT
Range: bytes=17716506-


[DBG] incoming response:
HTTP/1.1 206 Partial Content
Accept-Ranges: bytes
Content-Length: 5704534570
Content-Range: bytes 17716506-5722251075/5722251076
Content-Type: video/x-matroska
Last-Modified: Fri, 17 Jul 2026 19:22:43 GMT
Date: Tue, 15 Sep 2026 01:16:10 GMT


[DBG] connection failed
[DBG] seek: preroll{ req: 33400002, start-pts: 33116001, start-fpos: 17716506} 
[DBG] Buffering 0%
9:16:11.004 PM [player] buffering 0.0
[DBG] Buffering 3%
[DBG] Buffering 6%
[DBG] Buffering 9%
[DBG] Buffering 13%
[DBG] Buffering 16%
[DBG] Buffering 19%
[DBG] Buffering 23%
[DBG] Buffering 26%
[DBG] Buffering 37%
[DBG] end of video preroll
[DBG] Buffering 42%
9:16:11.032 PM [framestep] previousFrameStepped result=0 time=33500 ms
[DBG] Buffering 45%
[DBG] Buffering 48%
[DBG] Buffering 52%
[DBG] Buffering 55%
[DBG] Buffering 58%
[DBG] Buffering 60%
[DBG] Buffering 62%
[DBG] Buffering 65%
[DBG] Buffering 77%
[DBG] Buffering 81%
[DBG] Buffering 84%
[DBG] Buffering 87%
[DBG] Buffering 90%
[DBG] Buffering 92%
[DBG] Buffering 94%
[DBG] Buffering 97%
[DBG] Buffering 99%
[DBG] Stream buffering done (1302 ms in 48 ms)
9:16:11.052 PM [player] buffering 1.0
[DBG] Decoder wait done in 0 ms
[DBG] 1g: es_out stop_buffering now=476329623809 paused=1 pause_date=476264641449 current_date=476264641449 buffering_duration=1284002 update=476263357447 stream_start=33116000
[WARN] 1g: main_reset now=476329623881 paused=1 pause_date=0 first_pcr.system=476263323447 last.system=0
[WARN] 1g: main_reset now=476329623975 paused=1 pause_date=0 first_pcr.system=0 last.system=0
[WARN] 1g: set_first_pcr now=476329624017 system=476263357447 ts=33116000 paused=1 pause_date=0
9:16:11.384 PM [framestep] −1 after(400 ms)=33450 ms
9:16:15.197 PM [framestep] −1 gotoPreviousFrame before=33450 ms
[DBG] 1g: input seek_frame_previous now=476333768705 pts=33450001 steps=3 failed=0 enabled=1
[DBG] 1g: es_out RESET_PCR_FRAME_PREV duration=266664 now=476333768743 paused=1 pause_date=476264641449
[DBG] 1g: es_out change_position now=476333768762 paused=1 pause_date=476264641449 buffering=0 next_frame_es=0
9:16:15.201 PM [player] buffering 0.0
[DBG] SET_TIME to 33350001
[DBG] seek request to i_pos = 33350001
[DBG] seek: preroll{ track: 1, pts: 33116000, fpos: 17716506 skip: 17716506} 
[DBG] seek: preroll{ track: 2, pts: 33312000, fpos: 17945171 skip: 17945171} 
[DBG] resolving 192.168.1.250 ...
[DBG] outgoing request:
GET /stream/2 HTTP/1.1
Host: 192.168.1.250:8093
Accept: */*
Accept-Language: en_US
User-Agent: VLC/4.0.0-dev LibVLC/4.0.0-dev
If-Unmodified-Since: Fri, 17 Jul 2026 19:22:43 GMT
Range: bytes=17716506-


[DBG] incoming response:
HTTP/1.1 206 Partial Content
Accept-Ranges: bytes
Content-Length: 5704534570
Content-Range: bytes 17716506-5722251075/5722251076
Content-Type: video/x-matroska
Last-Modified: Fri, 17 Jul 2026 19:22:43 GMT
Date: Tue, 15 Sep 2026 01:16:15 GMT


[DBG] connection failed
[DBG] seek: preroll{ req: 33350002, start-pts: 33116001, start-fpos: 17716506} 
[DBG] Buffering 0%
9:16:15.228 PM [player] buffering 0.0
[DBG] Buffering 4%
[DBG] Buffering 6%
[DBG] Buffering 9%
[DBG] Buffering 13%
[DBG] Buffering 17%
[DBG] Buffering 20%
[DBG] Buffering 24%
[DBG] Buffering 27%
[DBG] Buffering 39%
[DBG] Buffering 44%
[DBG] Buffering 47%
[DBG] Buffering 50%
[DBG] Buffering 54%
[DBG] Buffering 58%
[DBG] end of video preroll
[DBG] Buffering 60%
[DBG] Buffering 62%
[DBG] Buffering 64%
[DBG] Buffering 67%
9:16:15.255 PM [framestep] previousFrameStepped result=0 time=33450 ms
[DBG] Buffering 80%
[DBG] Buffering 85%
[DBG] Buffering 87%
[DBG] Buffering 90%
[DBG] Buffering 94%
[DBG] Buffering 96%
[DBG] Buffering 98%
[DBG] Stream buffering done (1251 ms in 34 ms)
[DBG] Decoder wait done in 0 ms
9:16:15.263 PM [player] buffering 1.0
[DBG] 1g: es_out stop_buffering now=476333834203 paused=1 pause_date=476264641449 current_date=476264641449 buffering_duration=1234002 update=476263407447 stream_start=33116000
[WARN] 1g: main_reset now=476333834365 paused=1 pause_date=0 first_pcr.system=476263357447 last.system=0
[WARN] 1g: main_reset now=476333834518 paused=1 pause_date=0 first_pcr.system=0 last.system=0
[WARN] 1g: set_first_pcr now=476333834919 system=476263407447 ts=33116000 paused=1 pause_date=0
9:16:15.603 PM [framestep] −1 after(400 ms)=33417 ms
9:16:19.441 PM [framestep] −1 gotoPreviousFrame before=33417 ms
[DBG] 1g: input seek_frame_previous now=476338012423 pts=33417001 steps=3 failed=0 enabled=1
[DBG] 1g: es_out RESET_PCR_FRAME_PREV duration=266664 now=476338012532 paused=1 pause_date=476264641449
[DBG] 1g: es_out change_position now=476338012575 paused=1 pause_date=476264641449 buffering=0 next_frame_es=0
9:16:19.449 PM [player] buffering 0.0
[DBG] SET_TIME to 33317001
[DBG] seek request to i_pos = 33317001
[DBG] seek: preroll{ track: 1, pts: 33116000, fpos: 17716506 skip: 17716506} 
[DBG] seek: preroll{ track: 2, pts: 33312000, fpos: 17945171 skip: 17945171} 
[DBG] resolving 192.168.1.250 ...
[DBG] outgoing request:
GET /stream/2 HTTP/1.1
Host: 192.168.1.250:8093
Accept: */*
Accept-Language: en_US
User-Agent: VLC/4.0.0-dev LibVLC/4.0.0-dev
If-Unmodified-Since: Fri, 17 Jul 2026 19:22:43 GMT
Range: bytes=17716506-


[DBG] incoming response:
HTTP/1.1 206 Partial Content
Accept-Ranges: bytes
Content-Length: 5704534570
Content-Range: bytes 17716506-5722251075/5722251076
Content-Type: video/x-matroska
Last-Modified: Fri, 17 Jul 2026 19:22:43 GMT
Date: Tue, 15 Sep 2026 01:16:19 GMT


[DBG] connection failed
[DBG] seek: preroll{ req: 33317002, start-pts: 33116001, start-fpos: 17716506} 
9:16:19.479 PM [player] buffering 0.0
[DBG] Buffering 0%
[DBG] Buffering 4%
[DBG] Buffering 6%
[DBG] Buffering 9%
[DBG] Buffering 13%
[DBG] Buffering 18%
[DBG] Buffering 20%
[DBG] Buffering 25%
[DBG] end of video preroll
[DBG] Buffering 27%
9:16:19.500 PM [framestep] previousFrameStepped result=0 time=33417 ms
[DBG] Buffering 40%
[DBG] Buffering 45%
[DBG] Buffering 48%
[DBG] Buffering 51%
[DBG] Buffering 55%
[DBG] Buffering 59%
[DBG] Buffering 62%
[DBG] Buffering 64%
[DBG] Buffering 66%
[DBG] Buffering 69%
[DBG] Buffering 82%
[DBG] Buffering 87%
[DBG] Buffering 90%
[DBG] Buffering 93%
[DBG] Buffering 97%
[DBG] Buffering 98%
[DBG] Stream buffering done (1218 ms in 43 ms)
[DBG] Decoder wait done in 0 ms
9:16:19.523 PM [player] buffering 1.0
[DBG] 1g: es_out stop_buffering now=476338094183 paused=1 pause_date=476264641449 current_date=476264641449 buffering_duration=1201002 update=476263440447 stream_start=33116000
[WARN] 1g: main_reset now=476338094293 paused=1 pause_date=0 first_pcr.system=476263407447 last.system=0
[WARN] 1g: main_reset now=476338094428 paused=1 pause_date=0 first_pcr.system=0 last.system=0
[WARN] 1g: set_first_pcr now=476338094501 system=476263440447 ts=33116000 paused=1 pause_date=0
9:16:19.864 PM [framestep] −1 after(400 ms)=33367 ms
9:16:23.679 PM [framestep] −1 gotoPreviousFrame before=33367 ms
[DBG] 1g: input seek_frame_previous now=476342251015 pts=33367001 steps=3 failed=0 enabled=1
[DBG] 1g: es_out RESET_PCR_FRAME_PREV duration=266664 now=476342251052 paused=1 pause_date=476264641449
[DBG] 1g: es_out change_position now=476342251069 paused=1 pause_date=476264641449 buffering=0 next_frame_es=0
9:16:23.682 PM [player] buffering 0.0
[DBG] SET_TIME to 33267001
[DBG] seek request to i_pos = 33267001
[DBG] seek: preroll{ track: 1, pts: 33116000, fpos: 17716506 skip: 17716506} 
[DBG] seek: preroll{ track: 2, pts: 33216000, fpos: 17895974 skip: 17895974} 
[DBG] resolving 192.168.1.250 ...
[DBG] outgoing request:
GET /stream/2 HTTP/1.1
Host: 192.168.1.250:8093
Accept: */*
Accept-Language: en_US
User-Agent: VLC/4.0.0-dev LibVLC/4.0.0-dev
If-Unmodified-Since: Fri, 17 Jul 2026 19:22:43 GMT
Range: bytes=17716506-


[DBG] incoming response:
HTTP/1.1 206 Partial Content
Accept-Ranges: bytes
Content-Length: 5704534570
Content-Range: bytes 17716506-5722251075/5722251076
Content-Type: video/x-matroska
Last-Modified: Fri, 17 Jul 2026 19:22:43 GMT
Date: Tue, 15 Sep 2026 01:16:23 GMT


[DBG] connection failed
[DBG] seek: preroll{ req: 33267002, start-pts: 33116001, start-fpos: 17716506} 
[DBG] Buffering 0%
9:16:23.714 PM [player] buffering 0.0
[DBG] Buffering 4%
[DBG] Buffering 7%
[DBG] Buffering 10%
[DBG] Buffering 14%
[DBG] Buffering 18%
[DBG] Buffering 21%
[DBG] Buffering 26%
[DBG] Buffering 29%
[DBG] Buffering 42%
[DBG] end of video preroll
[DBG] Buffering 47%
[DBG] Buffering 50%
9:16:23.739 PM [framestep] previousFrameStepped result=0 time=33367 ms
[DBG] Buffering 53%
[DBG] Buffering 58%
[DBG] Buffering 62%
[DBG] Buffering 65%
[DBG] Buffering 67%
[DBG] Buffering 69%
[DBG] Buffering 72%
[DBG] Buffering 86%
[DBG] Buffering 91%
[DBG] Buffering 94%
[DBG] Buffering 97%
[DBG] Stream buffering done (1168 ms in 38 ms)
9:16:23.752 PM [player] buffering 1.0
[DBG] Decoder wait done in 0 ms
[DBG] 1g: es_out stop_buffering now=476342323870 paused=1 pause_date=476264641449 current_date=476264641449 buffering_duration=1151002 update=476263490447 stream_start=33116000
[WARN] 1g: main_reset now=476342323935 paused=1 pause_date=0 first_pcr.system=476263440447 last.system=0
[WARN] 1g: main_reset now=476342324061 paused=1 pause_date=0 first_pcr.system=0 last.system=0
[WARN] 1g: set_first_pcr now=476342324120 system=476263490447 ts=33116000 paused=1 pause_date=0
9:16:24.086 PM [framestep] −1 after(400 ms)=33333 ms
9:16:27.923 PM [player] play (select) at 33333 ms
[DBG] 1g: input control_unpause date=476346495288 now=476346495297
9:16:27.925 PM [player] state Playing at 33333 ms
[DBG] 1g: es_out change_pause paused=0 date=476346495288 now=476346496253 was_paused=1 old_pause_date=476264641449 buffering=0 extra_initial=0
[DBG] 1g: es_out change_position now=476346496418 paused=1 pause_date=476264641449 buffering=0 next_frame_es=1
[WARN] 1g: main_change_pause paused=0 date=476346495288 now=476346496585 pause_date=0 last.system=0 first_pcr.system=476263490447 start_time.system=0 wait_sync_ref.system=476265758448
[WARN] 1g: main_change_pause resume: pause_date INVALID, no delay applied
[DBG] not really resuming SPU
[DBG] resuming audio
[DBG] Buffering 0%
[DBG] Received first picture
[DBG] resuming video
[DBG] 1g: vout change_pause paused=0 date=476346495288 now=476346497408
[DBG] Buffering 4%
9:16:27.929 PM [player] buffering 0.0
9:16:27.929 PM [player] buffering 0.0
[DBG] Buffering 6%
[DBG] Buffering 9%
[DBG] picture displayed late (missing 81715 ms)
[DBG] Buffering 13%
[DBG] Buffering 16%
[DBG] Buffering 18%
[DBG] Buffering 21%
[DBG] Buffering 35%
[DBG] Buffering 36%
[DBG] Buffering 43%
[DBG] Buffering 45%
[DBG] Buffering 46%
[DBG] Buffering 50%
[DBG] Buffering 54%
[DBG] Buffering 55%
[DBG] Buffering 60%
[DBG] Buffering 63%
[DBG] Buffering 68%
[DBG] Buffering 71%
[DBG] Buffering 86%
[DBG] Buffering 93%
[DBG] Buffering 96%
[DBG] Stream buffering done (1001 ms in 16 ms)
9:16:27.942 PM [player] buffering 1.0
[DBG] Decoder wait done in 0 ms
[DBG] 1g: es_out stop_buffering now=476346513582 paused=0 pause_date=476346495288 current_date=476346513578 buffering_duration=1000000 update=476345513578 stream_start=116316367
[WARN] 1g: main_reset now=476346513677 paused=0 pause_date=0 first_pcr.system=476263490447 last.system=0
[WARN] 1g: main_reset now=476346513829 paused=0 pause_date=0 first_pcr.system=0 last.system=0
[WARN] 1g: set_first_pcr now=476346513880 system=476345513578 ts=116316367 paused=0 pause_date=0
[WARN] picture is too late to be displayed (missing 82907 ms)
[DBG] deferring start (97240 us)
[WARN] picture is too late to be displayed (missing 82875 ms)
[WARN] picture is too late to be displayed (missing 82828 ms)
[WARN] picture is too late to be displayed (missing 82796 ms)
[DBG] deferring start (59553 us)
[DBG] deferring start (59207 us)
[WARN] picture is too late to be displayed (missing 82747 ms)
[DBG] deferring start (58756 us)
[DBG] deferring start (58537 us)
[DBG] deferring start (58349 us)
[DBG] deferring start (58175 us)
[WARN] picture is too late to be displayed (missing 82715 ms)
[DBG] deferring start (57864 us)
[DBG] deferring start (57526 us)
[DBG] deferring start (57267 us)
[DBG] deferring start (57012 us)
[DBG] deferring start (56715 us)
[WARN] picture is too late to be displayed (missing 82666 ms)
[DBG] deferring start (56295 us)
[DBG] deferring start (56009 us)
[DBG] deferring start (55695 us)
[WARN] picture is too late to be displayed (missing 82634 ms)
[DBG] deferring start (55413 us)
[DBG] deferring start (55129 us)
[DBG] deferring start (54805 us)
[DBG] deferring start (54487 us)
[DBG] deferring start (54214 us)
[DBG] deferring start (53978 us)
[WARN] picture is too late to be displayed (missing 82586 ms)
[DBG] deferring start (53638 us)
[DBG] deferring start (53304 us)
[DBG] deferring start (53046 us)
[DBG] deferring start (52765 us)
[DBG] deferring start (52485 us)
[WARN] picture is too late to be displayed (missing 82553 ms)
[DBG] deferring start (52145 us)
[DBG] deferring start (51845 us)
[DBG] deferring start (51587 us)
[DBG] deferring start (51341 us)
[WARN] picture is too late to be displayed (missing 82505 ms)
[DBG] deferring start (51077 us)
[DBG] deferring start (50814 us)
[DBG] deferring start (50563 us)
[DBG] deferring start (50274 us)
[WARN] picture is too late to be displayed (missing 82473 ms)
[WARN] picture is too late to be displayed (missing 82424 ms)
[WARN] picture is too late to be displayed (missing 82391 ms)
[WARN] picture is too late to be displayed (missing 82343 ms)
[WARN] picture is too late to be displayed (missing 82311 ms)
[WARN] picture is too late to be displayed (missing 82262 ms)
[WARN] picture is too late to be displayed (missing 82230 ms)
[WARN] picture is too late to be displayed (missing 82181 ms)
[WARN] picture is too late to be displayed (missing 82148 ms)
[WARN] picture is too late to be displayed (missing 82099 ms)
[WARN] picture is too late to be displayed (missing 82066 ms)
[WARN] picture is too late to be displayed (missing 82017 ms)
[WARN] picture is too late to be displayed (missing 81984 ms)
[ERR] more than 25 frames of late video -> dropping frame (computer too slow ?)
[WARN] picture is too late to be displayed (missing 81935 ms)
[WARN] picture is too late to be displayed (missing 81854 ms)
[ERR] more than 26 frames of late video -> dropping frame (computer too slow ?)
[ERR] more than 26 frames of late video -> dropping frame (computer too slow ?)
[ERR] more than 26 frames of late video -> dropping frame (computer too slow ?)
[ERR] more than 26 frames of late video -> dropping frame (computer too slow ?)
[ERR] more than 26 frames of late video -> dropping frame (computer too slow ?)
[ERR] more than 26 frames of late video -> dropping frame (computer too slow ?)
[ERR] more than 26 frames of late video -> dropping frame (computer too slow ?)
[ERR] more than 26 frames of late video -> dropping frame (computer too slow ?)
[ERR] more than 26 frames of late video -> dropping frame (computer too slow ?)
[ERR] more than 26 frames of late video -> dropping frame (computer too slow ?)
[ERR] more than 26 frames of late video -> dropping frame (computer too slow ?)
[ERR] more than 27 frames of late video -> dropping frame (computer too slow ?)
[WARN] picture is too late to be displayed (missing 81740 ms)
[ERR] more than 27 frames of late video -> dropping frame (computer too slow ?)
[ERR] more than 27 frames of late video -> dropping frame (computer too slow ?)
[ERR] more than 27 frames of late video -> dropping frame (computer too slow ?)
[ERR] more than 27 frames of late video -> dropping frame (computer too slow ?)
[ERR] more than 27 frames of late video -> dropping frame (computer too slow ?)
[ERR] more than 27 frames of late video -> dropping frame (computer too slow ?)
[ERR] more than 27 frames of late video -> dropping frame (computer too slow ?)
[ERR] more than 27 frames of late video -> dropping frame (computer too slow ?)
[ERR] more than 27 frames of late video -> dropping frame (computer too slow ?)
[ERR] more than 27 frames of late video -> dropping frame (computer too slow ?)
[WARN] picture is too late to be displayed (missing 81243 ms)
[ERR] more than 28 frames of late video -> dropping frame (computer too slow ?)
[ERR] more than 28 frames of late video -> dropping frame (computer too slow ?)
[ERR] more than 28 frames of late video -> dropping frame (computer too slow ?)
[ERR] more than 28 frames of late video -> dropping frame (computer too slow ?)
[WARN] picture is too late to be displayed (missing 80660 ms)
[WARN] picture is too late to be displayed (missing 80743 ms)
[WARN] picture is too late to be displayed (missing 80577 ms)
[WARN] picture is too late to be displayed (missing 80528 ms)
[WARN] picture is too late to be displayed (missing 80496 ms)
[WARN] picture is too late to be displayed (missing 80446 ms)
[WARN] picture is too late to be displayed (missing 80413 ms)
[WARN] picture is too late to be displayed (missing 80365 ms)
[WARN] picture is too late to be displayed (missing 80332 ms)
[WARN] picture is too late to be displayed (missing 80283 ms)
[ERR] more than 39 frames of late video -> dropping frame (computer too slow ?)
[WARN] picture is too late to be displayed (missing 80251 ms)
[ERR] more than 39 frames of late video -> dropping frame (computer too slow ?)
[ERR] more than 39 frames of late video -> dropping frame (computer too slow ?)
[ERR] more than 39 frames of late video -> dropping frame (computer too slow ?)
[ERR] more than 39 frames of late video -> dropping frame (computer too slow ?)
[ERR] more than 39 frames of late video -> dropping frame (computer too slow ?)
[ERR] more than 39 frames of late video -> dropping frame (computer too slow ?)
[ERR] more than 39 frames of late video -> dropping frame (computer too slow ?)
[ERR] more than 40 frames of late video -> dropping frame (computer too slow ?)
[WARN] picture is too late to be displayed (missing 80119 ms)
[ERR] more than 40 frames of late video -> dropping frame (computer too slow ?)
[ERR] more than 40 frames of late video -> dropping frame (computer too slow ?)
[ERR] more than 40 frames of late video -> dropping frame (computer too slow ?)
[WARN] picture is too late to be displayed (missing 79669 ms)
[WARN] picture is too late to be displayed (missing 79753 ms)
[WARN] picture is too late to be displayed (missing 79587 ms)
[WARN] picture is too late to be displayed (missing 79537 ms)
[WARN] picture is too late to be displayed (missing 79505 ms)
[WARN] picture is too late to be displayed (missing 79455 ms)
[WARN] picture is too late to be displayed (missing 79422 ms)
[WARN] picture is too late to be displayed (missing 79374 ms)
[WARN] picture is too late to be displayed (missing 79341 ms)
[WARN] picture is too late to be displayed (missing 79291 ms)
[WARN] picture is too late to be displayed (missing 79259 ms)
[ERR] more than 51 frames of late video -> dropping frame (computer too slow ?)
[ERR] more than 51 frames of late video -> dropping frame (computer too slow ?)
[ERR] more than 51 frames of late video -> dropping frame (computer too slow ?)
[ERR] more than 51 frames of late video -> dropping frame (computer too slow ?)
[ERR] more than 51 frames of late video -> dropping frame (computer too slow ?)
[ERR] more than 51 frames of late video -> dropping frame (computer too slow ?)
[ERR] more than 51 frames of late video -> dropping frame (computer too slow ?)
[ERR] more than 51 frames of late video -> dropping frame (computer too slow ?)
[ERR] more than 52 frames of late video -> dropping frame (computer too slow ?)
[WARN] picture is too late to be displayed (missing 79127 ms)
[ERR] more than 52 frames of late video -> dropping frame (computer too slow ?)
[ERR] more than 52 frames of late video -> dropping frame (computer too slow ?)
[ERR] more than 52 frames of late video -> dropping frame (computer too slow ?)
[WARN] picture is too late to be displayed (missing 78678 ms)
[WARN] picture is too late to be displayed (missing 78761 ms)
[WARN] picture is too late to be displayed (missing 78595 ms)
[WARN] picture is too late to be displayed (missing 78545 ms)
[WARN] picture is too late to be displayed (missing 78513 ms)
[WARN] picture is too late to be displayed (missing 78464 ms)
[WARN] picture is too late to be displayed (missing 78430 ms)
[WARN] picture is too late to be displayed (missing 78381 ms)
[WARN] picture is too late to be displayed (missing 78348 ms)
[WARN] picture is too late to be displayed (missing 78299 ms)
[ERR] more than 63 frames of late video -> dropping frame (computer too slow ?)
[WARN] picture is too late to be displayed (missing 78266 ms)
[ERR] more than 63 frames of late video -> dropping frame (computer too slow ?)
[ERR] more than 63 frames of late video -> dropping frame (computer too slow ?)
[ERR] more than 63 frames of late video -> dropping frame (computer too slow ?)
[ERR] more than 63 frames of late video -> dropping frame (computer too slow ?)
[ERR] more than 63 frames of late video -> dropping frame (computer too slow ?)
[ERR] more than 63 frames of late video -> dropping frame (computer too slow ?)
[ERR] more than 63 frames of late video -> dropping frame (computer too slow ?)
[ERR] more than 64 frames of late video -> dropping frame (computer too slow ?)
[WARN] picture is too late to be displayed (missing 78134 ms)
[ERR] more than 64 frames of late video -> dropping frame (computer too slow ?)
[ERR] more than 64 frames of late video -> dropping frame (computer too slow ?)
[ERR] more than 64 frames of late video -> dropping frame (computer too slow ?)
[WARN] picture is too late to be displayed (missing 77685 ms)
[WARN] picture is too late to be displayed (missing 77768 ms)
[WARN] picture is too late to be displayed (missing 77601 ms)
[WARN] picture is too late to be displayed (missing 77552 ms)
[WARN] picture is too late to be displayed (missing 77519 ms)
[WARN] picture is too late to be displayed (missing 77470 ms)
[WARN] picture is too late to be displayed (missing 77436 ms)
[WARN] picture is too late to be displayed (missing 77387 ms)
[WARN] picture is too late to be displayed (missing 77355 ms)
[WARN] picture is too late to be displayed (missing 77305 ms)
[ERR] more than 75 frames of late video -> dropping frame (computer too slow ?)
[WARN] picture is too late to be displayed (missing 77273 ms)
[ERR] more than 75 frames of late video -> dropping frame (computer too slow ?)
[ERR] more than 75 frames of late video -> dropping frame (computer too slow ?)
[ERR] more than 75 frames of late video -> dropping frame (computer too slow ?)
[ERR] more than 75 frames of late video -> dropping frame (computer too slow ?)
[ERR] more than 75 frames of late video -> dropping frame (computer too slow ?)
[ERR] more than 75 frames of late video -> dropping frame (computer too slow ?)
[ERR] more than 75 frames of late video -> dropping frame (computer too slow ?)
[DBG] started
[ERR] more than 76 frames of late video -> dropping frame (computer too slow ?)
[ERR] more than 76 frames of late video -> dropping frame (computer too slow ?)
[WARN] picture is too late to be displayed (missing 77140 ms)
[ERR] more than 76 frames of late video -> dropping frame (computer too slow ?)
[ERR] more than 76 frames of late video -> dropping frame (computer too slow ?)
[WARN] picture is too late to be displayed (missing 76691 ms)
[WARN] picture is too late to be displayed (missing 76774 ms)
[WARN] picture is too late to be displayed (missing 76607 ms)
[WARN] picture is too late to be displayed (missing 76558 ms)
[WARN] picture is too late to be displayed (missing 76525 ms)
[WARN] picture is too late to be displayed (missing 76476 ms)
[WARN] picture is too late to be displayed (missing 76442 ms)
[WARN] picture is too late to be displayed (missing 76393 ms)
[WARN] picture is too late to be displayed (missing 76361 ms)
[WARN] picture is too late to be displayed (missing 76311 ms)
[ERR] more than 87 frames of late video -> dropping frame (computer too slow ?)
[WARN] picture is too late to be displayed (missing 76278 ms)
[ERR] more than 87 frames of late video -> dropping frame (computer too slow ?)
[ERR] more than 87 frames of late video -> dropping frame (computer too slow ?)
[ERR] more than 87 frames of late video -> dropping frame (computer too slow ?)
[ERR] more than 87 frames of late video -> dropping frame (computer too slow ?)
[ERR] more than 87 frames of late video -> dropping frame (computer too slow ?)
[ERR] more than 87 frames of late video -> dropping frame (computer too slow ?)
[ERR] more than 87 frames of late video -> dropping frame (computer too slow ?)
[ERR] more than 88 frames of late video -> dropping frame (computer too slow ?)
[WARN] picture is too late to be displayed (missing 76146 ms)
[ERR] more than 88 frames of late video -> dropping frame (computer too slow ?)
[ERR] more than 88 frames of late video -> dropping frame (computer too slow ?)
[ERR] more than 88 frames of late video -> dropping frame (computer too slow ?)
[WARN] picture is too late to be displayed (missing 75696 ms)
[WARN] picture is too late to be displayed (missing 75779 ms)
[WARN] picture is too late to be displayed (missing 75613 ms)
[WARN] picture is too late to be displayed (missing 75563 ms)
[WARN] picture is too late to be displayed (missing 75530 ms)
[WARN] picture is too late to be displayed (missing 75481 ms)
[WARN] picture is too late to be displayed (missing 75447 ms)
[WARN] picture is too late to be displayed (missing 75398 ms)
[WARN] picture is too late to be displayed (missing 75365 ms)
[WARN] picture is too late to be displayed (missing 75316 ms)
[ERR] more than 99 frames of late video -> dropping frame (computer too slow ?)
[WARN] picture is too late to be displayed (missing 75283 ms)
[ERR] more than 99 frames of late video -> dropping frame (computer too slow ?)
[ERR] more than 99 frames of late video -> dropping frame (computer too slow ?)
[ERR] more than 99 frames of late video -> dropping frame (computer too slow ?)
[ERR] more than 99 frames of late video -> dropping frame (computer too slow ?)
[ERR] more than 99 frames of late video -> dropping frame (computer too slow ?)
[ERR] more than 99 frames of late video -> dropping frame (computer too slow ?)
[ERR] more than 99 frames of late video -> dropping frame (computer too slow ?)
[ERR] more than 100 frames of late video -> dropping frame (computer too slow ?)
[ERR] more than 100 frames of late video -> dropping frame (computer too slow ?)
[ERR] more than 100 frames of late video -> dropping frame (computer too slow ?)
[ERR] more than 100 frames of late video -> dropping frame (computer too slow ?)
[WARN] picture is too late to be displayed (missing 75161 ms)
[WARN] picture is too late to be displayed (missing 74711 ms)
[WARN] picture is too late to be displayed (missing 74794 ms)
[WARN] picture is too late to be displayed (missing 74628 ms)
[WARN] picture is too late to be displayed (missing 74578 ms)
[WARN] picture is too late to be displayed (missing 74546 ms)
[WARN] picture is too late to be displayed (missing 74496 ms)
[WARN] picture is too late to be displayed (missing 74462 ms)
[WARN] picture is too late to be displayed (missing 74414 ms)
[WARN] picture is too late to be displayed (missing 74382 ms)
[WARN] picture is too late to be displayed (missing 74332 ms)
[ERR] more than 111 frames of late video -> dropping frame (computer too slow ?)
[WARN] picture is too late to be displayed (missing 74300 ms)
[ERR] more than 111 frames of late video -> dropping frame (computer too slow ?)
[ERR] more than 111 frames of late video -> dropping frame (computer too slow ?)
[ERR] more than 111 frames of late video -> dropping frame (computer too slow ?)
[ERR] more than 111 frames of late video -> dropping frame (computer too slow ?)
[ERR] more than 111 frames of late video -> dropping frame (computer too slow ?)
[ERR] more than 111 frames of late video -> dropping frame (computer too slow ?)
[ERR] more than 111 frames of late video -> dropping frame (computer too slow ?)
[ERR] more than 112 frames of late video -> dropping frame (computer too slow ?)
[WARN] picture is too late to be displayed (missing 74169 ms)
[ERR] more than 112 frames of late video -> dropping frame (computer too slow ?)
[ERR] more than 112 frames of late video -> dropping frame (computer too slow ?)
[ERR] more than 112 frames of late video -> dropping frame (computer too slow ?)
[WARN] picture is too late to be displayed (missing 73720 ms)
[WARN] picture is too late to be displayed (missing 73803 ms)
[WARN] picture is too late to be displayed (missing 73637 ms)
[WARN] picture is too late to be displayed (missing 73587 ms)
[WARN] picture is too late to be displayed (missing 73555 ms)
[WARN] picture is too late to be displayed (missing 73506 ms)
[WARN] picture is too late to be displayed (missing 73472 ms)
[WARN] picture is too late to be displayed (missing 73424 ms)
[WARN] picture is too late to be displayed (missing 73391 ms)
[WARN] picture is too late to be displayed (missing 73342 ms)
[WARN] picture is too late to be displayed (missing 73309 ms)
[ERR] more than 123 frames of late video -> dropping frame (computer too slow ?)
[ERR] more than 123 frames of late video -> dropping frame (computer too slow ?)
[ERR] more than 123 frames of late video -> dropping frame (computer too slow ?)
[ERR] more than 123 frames of late video -> dropping frame (computer too slow ?)
[ERR] more than 123 frames of late video -> dropping frame (computer too slow ?)
[ERR] more than 123 frames of late video -> dropping frame (computer too slow ?)
[ERR] more than 123 frames of late video -> dropping frame (computer too slow ?)
[ERR] more than 123 frames of late video -> dropping frame (computer too slow ?)
[ERR] more than 124 frames of late video -> dropping frame (computer too slow ?)
[WARN] picture is too late to be displayed (missing 73177 ms)
[ERR] more than 124 frames of late video -> dropping frame (computer too slow ?)
[ERR] more than 124 frames of late video -> dropping frame (computer too slow ?)
[ERR] more than 124 frames of late video -> dropping frame (computer too slow ?)
[WARN] picture is too late to be displayed (missing 72728 ms)
[WARN] picture is too late to be displayed (missing 72811 ms)
[WARN] picture is too late to be displayed (missing 72645 ms)
[WARN] picture is too late to be displayed (missing 72595 ms)
[WARN] picture is too late to be displayed (missing 72563 ms)
[WARN] picture is too late to be displayed (missing 72513 ms)
[WARN] picture is too late to be displayed (missing 72480 ms)
[WARN] picture is too late to be displayed (missing 72431 ms)
[WARN] picture is too late to be displayed (missing 72399 ms)
[WARN] picture is too late to be displayed (missing 72349 ms)
[WARN] picture is too late to be displayed (missing 72316 ms)
[ERR] more than 135 frames of late video -> dropping frame (computer too slow ?)
[ERR] more than 135 frames of late video -> dropping frame (computer too slow ?)
[ERR] more than 135 frames of late video -> dropping frame (computer too slow ?)
[ERR] more than 135 frames of late video -> dropping frame (computer too slow ?)
[ERR] more than 135 frames of late video -> dropping frame (computer too slow ?)
[ERR] more than 135 frames of late video -> dropping frame (computer too slow ?)
[ERR] more than 135 frames of late video -> dropping frame (computer too slow ?)
[ERR] more than 135 frames of late video -> dropping frame (computer too slow ?)
[ERR] more than 136 frames of late video -> dropping frame (computer too slow ?)
[WARN] picture is too late to be displayed (missing 72184 ms)
[ERR] more than 136 frames of late video -> dropping frame (computer too slow ?)
[ERR] more than 136 frames of late video -> dropping frame (computer too slow ?)
[ERR] more than 136 frames of late video -> dropping frame (computer too slow ?)
[WARN] picture is too late to be displayed (missing 71735 ms)
[WARN] picture is too late to be displayed (missing 71818 ms)
[WARN] picture is too late to be displayed (missing 71651 ms)
[WARN] picture is too late to be displayed (missing 71602 ms)
[WARN] picture is too late to be displayed (missing 71569 ms)
[WARN] picture is too late to be displayed (missing 71520 ms)
[WARN] picture is too late to be displayed (missing 71486 ms)
[WARN] picture is too late to be displayed (missing 71437 ms)
[WARN] picture is too late to be displayed (missing 71405 ms)
[WARN] picture is too late to be displayed (missing 71355 ms)
[ERR] more than 147 frames of late video -> dropping frame (computer too slow ?)
[WARN] picture is too late to be displayed (missing 71322 ms)
[ERR] more than 147 frames of late video -> dropping frame (computer too slow ?)
[ERR] more than 147 frames of late video -> dropping frame (computer too slow ?)
[ERR] more than 147 frames of late video -> dropping frame (computer too slow ?)
[ERR] more than 147 frames of late video -> dropping frame (computer too slow ?)
[ERR] more than 147 frames of late video -> dropping frame (computer too slow ?)
[ERR] more than 147 frames of late video -> dropping frame (computer too slow ?)
[ERR] more than 147 frames of late video -> dropping frame (computer too slow ?)
[ERR] more than 148 frames of late video -> dropping frame (computer too slow ?)
[WARN] picture is too late to be displayed (missing 71190 ms)
[ERR] more than 148 frames of late video -> dropping frame (computer too slow ?)
[ERR] more than 148 frames of late video -> dropping frame (computer too slow ?)
[ERR] more than 148 frames of late video -> dropping frame (computer too slow ?)
[WARN] picture is too late to be displayed (missing 70741 ms)
[WARN] picture is too late to be displayed (missing 70824 ms)
[WARN] picture is too late to be displayed (missing 70657 ms)
[WARN] picture is too late to be displayed (missing 70608 ms)
[WARN] picture is too late to be displayed (missing 70575 ms)
[WARN] picture is too late to be displayed (missing 70526 ms)
[WARN] picture is too late to be displayed (missing 70492 ms)
[WARN] picture is too late to be displayed (missing 70443 ms)
[WARN] picture is too late to be displayed (missing 70411 ms)
[WARN] picture is too late to be displayed (missing 70361 ms)
[ERR] more than 159 frames of late video -> dropping frame (computer too slow ?)
[WARN] picture is too late to be displayed (missing 70328 ms)
[ERR] more than 159 frames of late video -> dropping frame (computer too slow ?)
[ERR] more than 159 frames of late video -> dropping frame (computer too slow ?)
[ERR] more than 159 frames of late video -> dropping frame (computer too slow ?)
[ERR] more than 159 frames of late video -> dropping frame (computer too slow ?)
[ERR] more than 159 frames of late video -> dropping frame (computer too slow ?)
[ERR] more than 159 frames of late video -> dropping frame (computer too slow ?)
[ERR] more than 159 frames of late video -> dropping frame (computer too slow ?)
[ERR] more than 160 frames of late video -> dropping frame (computer too slow ?)
[WARN] picture is too late to be displayed (missing 70196 ms)
[ERR] more than 160 frames of late video -> dropping frame (computer too slow ?)
[ERR] more than 160 frames of late video -> dropping frame (computer too slow ?)
[ERR] more than 160 frames of late video -> dropping frame (computer too slow ?)
[WARN] picture is too late to be displayed (missing 69746 ms)
[WARN] picture is too late to be displayed (missing 69830 ms)
[WARN] picture is too late to be displayed (missing 69663 ms)
[WARN] picture is too late to be displayed (missing 69613 ms)
[WARN] picture is too late to be displayed (missing 69581 ms)
[WARN] picture is too late to be displayed (missing 69531 ms)
[WARN] picture is too late to be displayed (missing 69497 ms)
[WARN] picture is too late to be displayed (missing 69449 ms)
[WARN] picture is too late to be displayed (missing 69416 ms)
[WARN] picture is too late to be displayed (missing 69366 ms)
[ERR] more than 171 frames of late video -> dropping frame (computer too slow ?)
[WARN] picture is too late to be displayed (missing 69334 ms)
[ERR] more than 171 frames of late video -> dropping frame (computer too slow ?)
[ERR] more than 171 frames of late video -> dropping frame (computer too slow ?)
[ERR] more than 171 frames of late video -> dropping frame (computer too slow ?)
[ERR] more than 171 frames of late video -> dropping frame (computer too slow ?)
[ERR] more than 171 frames of late video -> dropping frame (computer too slow ?)
[ERR] more than 171 frames of late video -> dropping frame (computer too slow ?)
[ERR] more than 171 frames of late video -> dropping frame (computer too slow ?)
[ERR] more than 172 frames of late video -> dropping frame (computer too slow ?)
[WARN] picture is too late to be displayed (missing 69201 ms)
[ERR] more than 172 frames of late video -> dropping frame (computer too slow ?)
[ERR] more than 172 frames of late video -> dropping frame (computer too slow ?)
[ERR] more than 172 frames of late video -> dropping frame (computer too slow ?)
[WARN] picture is too late to be displayed (missing 68752 ms)
[WARN] picture is too late to be displayed (missing 68835 ms)
[WARN] picture is too late to be displayed (missing 68668 ms)
[WARN] picture is too late to be displayed (missing 68619 ms)
[WARN] picture is too late to be displayed (missing 68586 ms)
[WARN] picture is too late to be displayed (missing 68536 ms)
[WARN] picture is too late to be displayed (missing 68503 ms)
[WARN] picture is too late to be displayed (missing 68454 ms)
[WARN] picture is too late to be displayed (missing 68421 ms)
[WARN] picture is too late to be displayed (missing 68371 ms)
[ERR] more than 183 frames of late video -> dropping frame (computer too slow ?)
[WARN] picture is too late to be displayed (missing 68338 ms)
[ERR] more than 183 frames of late video -> dropping frame (computer too slow ?)
[ERR] more than 183 frames of late video -> dropping frame (computer too slow ?)
[ERR] more than 183 frames of late video -> dropping frame (computer too slow ?)
[ERR] more than 183 frames of late video -> dropping frame (computer too slow ?)
[ERR] more than 183 frames of late video -> dropping frame (computer too slow ?)
[ERR] more than 183 frames of late video -> dropping frame (computer too slow ?)
[ERR] more than 183 frames of late video -> dropping frame (computer too slow ?)
[ERR] more than 184 frames of late video -> dropping frame (computer too slow ?)
[WARN] picture is too late to be displayed (missing 68206 ms)
[ERR] more than 184 frames of late video -> dropping frame (computer too slow ?)
[ERR] more than 184 frames of late video -> dropping frame (computer too slow ?)
[ERR] more than 184 frames of late video -> dropping frame (computer too slow ?)
[WARN] picture is too late to be displayed (missing 67756 ms)
[WARN] picture is too late to be displayed (missing 67839 ms)
[WARN] picture is too late to be displayed (missing 67673 ms)
[WARN] picture is too late to be displayed (missing 67623 ms)
[WARN] picture is too late to be displayed (missing 67590 ms)
[WARN] picture is too late to be displayed (missing 67541 ms)
[WARN] picture is too late to be displayed (missing 67507 ms)
[WARN] picture is too late to be displayed (missing 67458 ms)
[WARN] picture is too late to be displayed (missing 67425 ms)
[WARN] picture is too late to be displayed (missing 67375 ms)
[ERR] more than 195 frames of late video -> dropping frame (computer too slow ?)
[WARN] picture is too late to be displayed (missing 67343 ms)
[ERR] more than 195 frames of late video -> dropping frame (computer too slow ?)
[ERR] more than 195 frames of late video -> dropping frame (computer too slow ?)
[ERR] more than 195 frames of late video -> dropping frame (computer too slow ?)
[ERR] more than 195 frames of late video -> dropping frame (computer too slow ?)
[ERR] more than 195 frames of late video -> dropping frame (computer too slow ?)
[ERR] more than 195 frames of late video -> dropping frame (computer too slow ?)
[ERR] more than 195 frames of late video -> dropping frame (computer too slow ?)
[WARN] picture is too late to be displayed (missing 67210 ms)
[ERR] more than 196 frames of late video -> dropping frame (computer too slow ?)
[ERR] more than 196 frames of late video -> dropping frame (computer too slow ?)
[ERR] more than 196 frames of late video -> dropping frame (computer too slow ?)
[ERR] more than 196 frames of late video -> dropping frame (computer too slow ?)
[WARN] picture is too late to be displayed (missing 66760 ms)
[WARN] picture is too late to be displayed (missing 66844 ms)
[WARN] picture is too late to be displayed (missing 66677 ms)
[WARN] picture is too late to be displayed (missing 66627 ms)
[WARN] picture is too late to be displayed (missing 66595 ms)
[WARN] picture is too late to be displayed (missing 66545 ms)
[WARN] picture is too late to be displayed (missing 66511 ms)
[WARN] picture is too late to be displayed (missing 66462 ms)
[WARN] picture is too late to be displayed (missing 66430 ms)
[WARN] picture is too late to be displayed (missing 66380 ms)
[ERR] more than 207 frames of late video -> dropping frame (computer too slow ?)
[WARN] picture is too late to be displayed (missing 66347 ms)
[ERR] more than 207 frames of late video -> dropping frame (computer too slow ?)
[ERR] more than 207 frames of late video -> dropping frame (computer too slow ?)
[ERR] more than 207 frames of late video -> dropping frame (computer too slow ?)
[ERR] more than 207 frames of late video -> dropping frame (computer too slow ?)
[ERR] more than 207 frames of late video -> dropping frame (computer too slow ?)
[ERR] more than 207 frames of late video -> dropping frame (computer too slow ?)
[ERR] more than 207 frames of late video -> dropping frame (computer too slow ?)
[WARN] picture is too late to be displayed (missing 66215 ms)
[ERR] more than 208 frames of late video -> dropping frame (computer too slow ?)
[ERR] more than 208 frames of late video -> dropping frame (computer too slow ?)
[ERR] more than 208 frames of late video -> dropping frame (computer too slow ?)
[ERR] more than 208 frames of late video -> dropping frame (computer too slow ?)
[WARN] picture is too late to be displayed (missing 65765 ms)
[WARN] picture is too late to be displayed (missing 65848 ms)
[WARN] picture is too late to be displayed (missing 65682 ms)
[WARN] picture is too late to be displayed (missing 65632 ms)
[WARN] picture is too late to be displayed (missing 65599 ms)
[WARN] picture is too late to be displayed (missing 65549 ms)
[WARN] picture is too late to be displayed (missing 65516 ms)
[WARN] picture is too late to be displayed (missing 65467 ms)
[WARN] picture is too late to be displayed (missing 65434 ms)
[WARN] picture is too late to be displayed (missing 65384 ms)
[ERR] more than 219 frames of late video -> dropping frame (computer too slow ?)
[WARN] picture is too late to be displayed (missing 65352 ms)
[ERR] more than 219 frames of late video -> dropping frame (computer too slow ?)
[ERR] more than 219 frames of late video -> dropping frame (computer too slow ?)
[ERR] more than 219 frames of late video -> dropping frame (computer too slow ?)
[ERR] more than 219 frames of late video -> dropping frame (computer too slow ?)
[ERR] more than 219 frames of late video -> dropping frame (computer too slow ?)
[ERR] more than 219 frames of late video -> dropping frame (computer too slow ?)
[ERR] more than 219 frames of late video -> dropping frame (computer too slow ?)
[WARN] picture is too late to be displayed (missing 65219 ms)
[ERR] more than 220 frames of late video -> dropping frame (computer too slow ?)
[ERR] more than 220 frames of late video -> dropping frame (computer too slow ?)
[ERR] more than 220 frames of late video -> dropping frame (computer too slow ?)
[ERR] more than 220 frames of late video -> dropping frame (computer too slow ?)
[WARN] picture is too late to be displayed (missing 64769 ms)
[WARN] picture is too late to be displayed (missing 64853 ms)
[WARN] picture is too late to be displayed (missing 64686 ms)
[WARN] picture is too late to be displayed (missing 64637 ms)
[WARN] picture is too late to be displayed (missing 64604 ms)
[WARN] picture is too late to be displayed (missing 64555 ms)
[WARN] picture is too late to be displayed (missing 64521 ms)
[WARN] picture is too late to be displayed (missing 64472 ms)
[WARN] picture is too late to be displayed (missing 64439 ms)
[WARN] picture is too late to be displayed (missing 64389 ms)
[ERR] more than 231 frames of late video -> dropping frame (computer too slow ?)
[WARN] picture is too late to be displayed (missing 64357 ms)
[ERR] more than 231 frames of late video -> dropping frame (computer too slow ?)
[ERR] more than 231 frames of late video -> dropping frame (computer too slow ?)
[ERR] more than 231 frames of late video -> dropping frame (computer too slow ?)
[ERR] more than 231 frames of late video -> dropping frame (computer too slow ?)
[ERR] more than 231 frames of late video -> dropping frame (computer too slow ?)
[ERR] more than 231 frames of late video -> dropping frame (computer too slow ?)
[ERR] more than 231 frames of late video -> dropping frame (computer too slow ?)
[WARN] picture is too late to be displayed (missing 64224 ms)
[ERR] more than 232 frames of late video -> dropping frame (computer too slow ?)
[ERR] more than 232 frames of late video -> dropping frame (computer too slow ?)
[ERR] more than 232 frames of late video -> dropping frame (computer too slow ?)
[ERR] more than 232 frames of late video -> dropping frame (computer too slow ?)
[WARN] picture is too late to be displayed (missing 63774 ms)
[WARN] picture is too late to be displayed (missing 63858 ms)
[WARN] picture is too late to be displayed (missing 63691 ms)
[WARN] picture is too late to be displayed (missing 63641 ms)
[WARN] picture is too late to be displayed (missing 63608 ms)
[WARN] picture is too late to be displayed (missing 63559 ms)
[WARN] picture is too late to be displayed (missing 63525 ms)
[WARN] picture is too late to be displayed (missing 63476 ms)
[WARN] picture is too late to be displayed (missing 63443 ms)
[WARN] picture is too late to be displayed (missing 63393 ms)
[ERR] more than 243 frames of late video -> dropping frame (computer too slow ?)
[WARN] picture is too late to be displayed (missing 63360 ms)
[ERR] more than 243 frames of late video -> dropping frame (computer too slow ?)
[ERR] more than 243 frames of late video -> dropping frame (computer too slow ?)
[ERR] more than 243 frames of late video -> dropping frame (computer too slow ?)
[ERR] more than 243 frames of late video -> dropping frame (computer too slow ?)
[ERR] more than 243 frames of late video -> dropping frame (computer too slow ?)
[ERR] more than 243 frames of late video -> dropping frame (computer too slow ?)
[ERR] more than 243 frames of late video -> dropping frame (computer too slow ?)
[ERR] more than 244 frames of late video -> dropping frame (computer too slow ?)
[WARN] picture is too late to be displayed (missing 63228 ms)
[ERR] more than 244 frames of late video -> dropping frame (computer too slow ?)
[ERR] more than 244 frames of late video -> dropping frame (computer too slow ?)
[ERR] more than 244 frames of late video -> dropping frame (computer too slow ?)
[WARN] picture is too late to be displayed (missing 62778 ms)
[WARN] picture is too late to be displayed (missing 62861 ms)
[WARN] picture is too late to be displayed (missing 62695 ms)
[WARN] picture is too late to be displayed (missing 62645 ms)
[WARN] picture is too late to be displayed (missing 62612 ms)
[WARN] picture is too late to be displayed (missing 62563 ms)
[WARN] picture is too late to be displayed (missing 62529 ms)
[WARN] picture is too late to be displayed (missing 62480 ms)
[WARN] picture is too late to be displayed (missing 62447 ms)
[WARN] picture is too late to be displayed (missing 62398 ms)
[ERR] more than 255 frames of late video -> dropping frame (computer too slow ?)
[WARN] picture is too late to be displayed (missing 62365 ms)
[ERR] more than 255 frames of late video -> dropping frame (computer too slow ?)
[ERR] more than 255 frames of late video -> dropping frame (computer too slow ?)
[ERR] more than 255 frames of late video -> dropping frame (computer too slow ?)
[ERR] more than 255 frames of late video -> dropping frame (computer too slow ?)
[ERR] more than 255 frames of late video -> dropping frame (computer too slow ?)
[ERR] more than 255 frames of late video -> dropping frame (computer too slow ?)
[ERR] more than 255 frames of late video -> dropping frame (computer too slow ?)
[WARN] picture is too late to be displayed (missing 62233 ms)
[ERR] more than 256 frames of late video -> dropping frame (computer too slow ?)
[ERR] more than 256 frames of late video -> dropping frame (computer too slow ?)
[ERR] more than 256 frames of late video -> dropping frame (computer too slow ?)
[ERR] more than 256 frames of late video -> dropping frame (computer too slow ?)
[WARN] picture is too late to be displayed (missing 61783 ms)
[WARN] picture is too late to be displayed (missing 61867 ms)
[WARN] picture is too late to be displayed (missing 61700 ms)
[WARN] picture is too late to be displayed (missing 61650 ms)
[WARN] picture is too late to be displayed (missing 61618 ms)
[WARN] picture is too late to be displayed (missing 61568 ms)
[WARN] picture is too late to be displayed (missing 61534 ms)
[WARN] picture is too late to be displayed (missing 61485 ms)
[WARN] picture is too late to be displayed (missing 61453 ms)
[WARN] picture is too late to be displayed (missing 61403 ms)
[ERR] more than 267 frames of late video -> dropping frame (computer too slow ?)
[WARN] picture is too late to be displayed (missing 61370 ms)
[ERR] more than 267 frames of late video -> dropping frame (computer too slow ?)
[ERR] more than 267 frames of late video -> dropping frame (computer too slow ?)
[ERR] more than 267 frames of late video -> dropping frame (computer too slow ?)
[ERR] more than 267 frames of late video -> dropping frame (computer too slow ?)
[ERR] more than 267 frames of late video -> dropping frame (computer too slow ?)
[ERR] more than 267 frames of late video -> dropping frame (computer too slow ?)
[ERR] more than 267 frames of late video -> dropping frame (computer too slow ?)
[ERR] more than 268 frames of late video -> dropping frame (computer too slow ?)
[WARN] picture is too late to be displayed (missing 61238 ms)
[ERR] more than 268 frames of late video -> dropping frame (computer too slow ?)
[ERR] more than 268 frames of late video -> dropping frame (computer too slow ?)
[ERR] more than 268 frames of late video -> dropping frame (computer too slow ?)
[WARN] picture is too late to be displayed (missing 60788 ms)
[WARN] picture is too late to be displayed (missing 60871 ms)
[WARN] picture is too late to be displayed (missing 60705 ms)
[WARN] picture is too late to be displayed (missing 60655 ms)
[WARN] picture is too late to be displayed (missing 60623 ms)
[WARN] picture is too late to be displayed (missing 60573 ms)
[WARN] picture is too late to be displayed (missing 60539 ms)
[WARN] picture is too late to be displayed (missing 60490 ms)
[WARN] picture is too late to be displayed (missing 60458 ms)
[WARN] picture is too late to be displayed (missing 60408 ms)
[ERR] more than 279 frames of late video -> dropping frame (computer too slow ?)
[WARN] picture is too late to be displayed (missing 60375 ms)
[ERR] more than 279 frames of late video -> dropping frame (computer too slow ?)
[ERR] more than 279 frames of late video -> dropping frame (computer too slow ?)
[ERR] more than 279 frames of late video -> dropping frame (computer too slow ?)
[ERR] more than 279 frames of late video -> dropping frame (computer too slow ?)
[ERR] more than 279 frames of late video -> dropping frame (computer too slow ?)
[ERR] more than 279 frames of late video -> dropping frame (computer too slow ?)
[ERR] more than 279 frames of late video -> dropping frame (computer too slow ?)
[ERR] more than 280 frames of late video -> dropping frame (computer too slow ?)
[WARN] picture is too late to be displayed (missing 60243 ms)
[ERR] more than 280 frames of late video -> dropping frame (computer too slow ?)
[ERR] more than 280 frames of late video -> dropping frame (computer too slow ?)
[ERR] more than 280 frames of late video -> dropping frame (computer too slow ?)
[WARN] picture is too late to be displayed (missing 59793 ms)
[WARN] picture is too late to be displayed (missing 59877 ms)
[WARN] picture is too late to be displayed (missing 59710 ms)
[WARN] picture is too late to be displayed (missing 59660 ms)
[WARN] picture is too late to be displayed (missing 59628 ms)
[WARN] picture is too late to be displayed (missing 59578 ms)
[WARN] picture is too late to be displayed (missing 59544 ms)
[WARN] picture is too late to be displayed (missing 59495 ms)
[WARN] picture is too late to be displayed (missing 59463 ms)
[WARN] picture is too late to be displayed (missing 59413 ms)
[WARN] picture is too late to be displayed (missing 59380 ms)
[ERR] more than 291 frames of late video -> dropping frame (computer too slow ?)
[ERR] more than 291 frames of late video -> dropping frame (computer too slow ?)
[ERR] more than 291 frames of late video -> dropping frame (computer too slow ?)
[ERR] more than 291 frames of late video -> dropping frame (computer too slow ?)
[ERR] more than 291 frames of late video -> dropping frame (computer too slow ?)
[ERR] more than 291 frames of late video -> dropping frame (computer too slow ?)
[ERR] more than 291 frames of late video -> dropping frame (computer too slow ?)
[ERR] more than 291 frames of late video -> dropping frame (computer too slow ?)
[ERR] more than 292 frames of late video -> dropping frame (computer too slow ?)
[WARN] picture is too late to be displayed (missing 59248 ms)
[ERR] more than 292 frames of late video -> dropping frame (computer too slow ?)
[ERR] more than 292 frames of late video -> dropping frame (computer too slow ?)
[ERR] more than 292 frames of late video -> dropping frame (computer too slow ?)
[WARN] picture is too late to be displayed (missing 58798 ms)
[WARN] picture is too late to be displayed (missing 58882 ms)
[WARN] picture is too late to be displayed (missing 58715 ms)
[WARN] picture is too late to be displayed (missing 58665 ms)
[WARN] picture is too late to be displayed (missing 58633 ms)
[WARN] picture is too late to be displayed (missing 58583 ms)
[WARN] picture is too late to be displayed (missing 58549 ms)
[WARN] picture is too late to be displayed (missing 58500 ms)
[WARN] picture is too late to be displayed (missing 58468 ms)
[WARN] picture is too late to be displayed (missing 58418 ms)
[ERR] more than 303 frames of late video -> dropping frame (computer too slow ?)
[WARN] picture is too late to be displayed (missing 58385 ms)
[ERR] more than 303 frames of late video -> dropping frame (computer too slow ?)
[ERR] more than 303 frames of late video -> dropping frame (computer too slow ?)
[ERR] more than 303 frames of late video -> dropping frame (computer too slow ?)
[ERR] more than 303 frames of late video -> dropping frame (computer too slow ?)
[ERR] more than 303 frames of late video -> dropping frame (computer too slow ?)
[ERR] more than 303 frames of late video -> dropping frame (computer too slow ?)
[ERR] more than 303 frames of late video -> dropping frame (computer too slow ?)
[ERR] more than 304 frames of late video -> dropping frame (computer too slow ?)
[WARN] picture is too late to be displayed (missing 58252 ms)
[ERR] more than 304 frames of late video -> dropping frame (computer too slow ?)
[ERR] more than 304 frames of late video -> dropping frame (computer too slow ?)
[ERR] more than 304 frames of late video -> dropping frame (computer too slow ?)
[WARN] picture is too late to be displayed (missing 57803 ms)
[WARN] picture is too late to be displayed (missing 57886 ms)
[WARN] picture is too late to be displayed (missing 57719 ms)
[WARN] picture is too late to be displayed (missing 57670 ms)
[WARN] picture is too late to be displayed (missing 57637 ms)
[WARN] picture is too late to be displayed (missing 57587 ms)
[WARN] picture is too late to be displayed (missing 57554 ms)
[WARN] picture is too late to be displayed (missing 57505 ms)
[WARN] picture is too late to be displayed (missing 57472 ms)
[WARN] picture is too late to be displayed (missing 57422 ms)
[WARN] picture is too late to be displayed (missing 57390 ms)
[ERR] more than 315 frames of late video -> dropping frame (computer too slow ?)
[ERR] more than 315 frames of late video -> dropping frame (computer too slow ?)
[ERR] more than 315 frames of late video -> dropping frame (computer too slow ?)
[ERR] more than 315 frames of late video -> dropping frame (computer too slow ?)
[ERR] more than 315 frames of late video -> dropping frame (computer too slow ?)
[ERR] more than 315 frames of late video -> dropping frame (computer too slow ?)
[ERR] more than 315 frames of late video -> dropping frame (computer too slow ?)
[ERR] more than 315 frames of late video -> dropping frame (computer too slow ?)
[WARN] picture is too late to be displayed (missing 57257 ms)
[ERR] more than 316 frames of late video -> dropping frame (computer too slow ?)
[ERR] more than 316 frames of late video -> dropping frame (computer too slow ?)
[ERR] more than 316 frames of late video -> dropping frame (computer too slow ?)
[ERR] more than 316 frames of late video -> dropping frame (computer too slow ?)
[WARN] picture is too late to be displayed (missing 56808 ms)
[WARN] picture is too late to be displayed (missing 56891 ms)
[WARN] picture is too late to be displayed (missing 56724 ms)
[WARN] picture is too late to be displayed (missing 56675 ms)
[WARN] picture is too late to be displayed (missing 56642 ms)
[WARN] picture is too late to be displayed (missing 56592 ms)
[WARN] picture is too late to be displayed (missing 56559 ms)
[WARN] picture is too late to be displayed (missing 56510 ms)
[WARN] picture is too late to be displayed (missing 56477 ms)
[WARN] picture is too late to be displayed (missing 56428 ms)
[WARN] picture is too late to be displayed (missing 56395 ms)
[ERR] more than 327 frames of late video -> dropping frame (computer too slow ?)
[ERR] more than 327 frames of late video -> dropping frame (computer too slow ?)
[ERR] more than 327 frames of late video -> dropping frame (computer too slow ?)
[ERR] more than 327 frames of late video -> dropping frame (computer too slow ?)
[ERR] more than 327 frames of late video -> dropping frame (computer too slow ?)
[ERR] more than 327 frames of late video -> dropping frame (computer too slow ?)
[ERR] more than 327 frames of late video -> dropping frame (computer too slow ?)
[ERR] more than 327 frames of late video -> dropping frame (computer too slow ?)
[WARN] picture is too late to be displayed (missing 56262 ms)
[ERR] more than 328 frames of late video -> dropping frame (computer too slow ?)
[ERR] more than 328 frames of late video -> dropping frame (computer too slow ?)
[ERR] more than 328 frames of late video -> dropping frame (computer too slow ?)
[ERR] more than 328 frames of late video -> dropping frame (computer too slow ?)
[WARN] picture is too late to be displayed (missing 55813 ms)
[WARN] picture is too late to be displayed (missing 55896 ms)
[WARN] picture is too late to be displayed (missing 55729 ms)
[WARN] picture is too late to be displayed (missing 55680 ms)
[WARN] picture is too late to be displayed (missing 55647 ms)
[WARN] picture is too late to be displayed (missing 55598 ms)
[WARN] picture is too late to be displayed (missing 55564 ms)
[WARN] picture is too late to be displayed (missing 55515 ms)
[WARN] picture is too late to be displayed (missing 55482 ms)
[WARN] picture is too late to be displayed (missing 55433 ms)
[ERR] more than 339 frames of late video -> dropping frame (computer too slow ?)
[WARN] picture is too late to be displayed (missing 55400 ms)
[ERR] more than 339 frames of late video -> dropping frame (computer too slow ?)
[ERR] more than 339 frames of late video -> dropping frame (computer too slow ?)
[ERR] more than 339 frames of late video -> dropping frame (computer too slow ?)
[ERR] more than 339 frames of late video -> dropping frame (computer too slow ?)
[ERR] more than 339 frames of late video -> dropping frame (computer too slow ?)
[ERR] more than 339 frames of late video -> dropping frame (computer too slow ?)
[ERR] more than 339 frames of late video -> dropping frame (computer too slow ?)
[WARN] picture is too late to be displayed (missing 55267 ms)
[ERR] more than 340 frames of late video -> dropping frame (computer too slow ?)
[ERR] more than 340 frames of late video -> dropping frame (computer too slow ?)
[ERR] more than 340 frames of late video -> dropping frame (computer too slow ?)
[ERR] more than 340 frames of late video -> dropping frame (computer too slow ?)
[WARN] picture is too late to be displayed (missing 54818 ms)
[WARN] picture is too late to be displayed (missing 54901 ms)
[WARN] picture is too late to be displayed (missing 54735 ms)
[WARN] picture is too late to be displayed (missing 54685 ms)
[WARN] picture is too late to be displayed (missing 54652 ms)
[WARN] picture is too late to be displayed (missing 54603 ms)
[WARN] picture is too late to be displayed (missing 54569 ms)
[WARN] picture is too late to be displayed (missing 54520 ms)
[WARN] picture is too late to be displayed (missing 54487 ms)
[WARN] picture is too late to be displayed (missing 54438 ms)
[WARN] picture is too late to be displayed (missing 54405 ms)
[ERR] more than 351 frames of late video -> dropping frame (computer too slow ?)
[ERR] more than 351 frames of late video -> dropping frame (computer too slow ?)
[ERR] more than 351 frames of late video -> dropping frame (computer too slow ?)
[ERR] more than 351 frames of late video -> dropping frame (computer too slow ?)
[ERR] more than 351 frames of late video -> dropping frame (computer too slow ?)
[ERR] more than 351 frames of late video -> dropping frame (computer too slow ?)
[ERR] more than 351 frames of late video -> dropping frame (computer too slow ?)
[ERR] more than 351 frames of late video -> dropping frame (computer too slow ?)
[WARN] picture is too late to be displayed (missing 54272 ms)
[ERR] more than 352 frames of late video -> dropping frame (computer too slow ?)
[ERR] more than 352 frames of late video -> dropping frame (computer too slow ?)
[ERR] more than 352 frames of late video -> dropping frame (computer too slow ?)
[ERR] more than 352 frames of late video -> dropping frame (computer too slow ?)
[WARN] picture is too late to be displayed (missing 53823 ms)
[WARN] picture is too late to be displayed (missing 53906 ms)
[WARN] picture is too late to be displayed (missing 53740 ms)
[WARN] picture is too late to be displayed (missing 53690 ms)
[WARN] picture is too late to be displayed (missing 53657 ms)
[WARN] picture is too late to be displayed (missing 53608 ms)
[WARN] picture is too late to be displayed (missing 53574 ms)
[WARN] picture is too late to be displayed (missing 53525 ms)
[WARN] picture is too late to be displayed (missing 53492 ms)
[WARN] picture is too late to be displayed (missing 53443 ms)
[ERR] more than 363 frames of late video -> dropping frame (computer too slow ?)
[WARN] picture is too late to be displayed (missing 53410 ms)
[ERR] more than 363 frames of late video -> dropping frame (computer too slow ?)
[ERR] more than 363 frames of late video -> dropping frame (computer too slow ?)
[ERR] more than 363 frames of late video -> dropping frame (computer too slow ?)
[ERR] more than 363 frames of late video -> dropping frame (computer too slow ?)
[ERR] more than 363 frames of late video -> dropping frame (computer too slow ?)
[ERR] more than 363 frames of late video -> dropping frame (computer too slow ?)
[ERR] more than 363 frames of late video -> dropping frame (computer too slow ?)
[ERR] more than 364 frames of late video -> dropping frame (computer too slow ?)
[WARN] picture is too late to be displayed (missing 53277 ms)
[ERR] more than 364 frames of late video -> dropping frame (computer too slow ?)
[ERR] more than 364 frames of late video -> dropping frame (computer too slow ?)
[ERR] more than 364 frames of late video -> dropping frame (computer too slow ?)
[WARN] picture is too late to be displayed (missing 52828 ms)
[WARN] picture is too late to be displayed (missing 52911 ms)
[WARN] picture is too late to be displayed (missing 52745 ms)
[WARN] picture is too late to be displayed (missing 52695 ms)
[WARN] picture is too late to be displayed (missing 52662 ms)
[WARN] picture is too late to be displayed (missing 52613 ms)
[WARN] picture is too late to be displayed (missing 52579 ms)
[WARN] picture is too late to be displayed (missing 52530 ms)
[WARN] picture is too late to be displayed (missing 52497 ms)
[WARN] picture is too late to be displayed (missing 52448 ms)
[WARN] picture is too late to be displayed (missing 52415 ms)
[ERR] more than 375 frames of late video -> dropping frame (computer too slow ?)
[ERR] more than 375 frames of late video -> dropping frame (computer too slow ?)
[ERR] more than 375 frames of late video -> dropping frame (computer too slow ?)
[ERR] more than 375 frames of late video -> dropping frame (computer too slow ?)
[ERR] more than 375 frames of late video -> dropping frame (computer too slow ?)
[ERR] more than 375 frames of late video -> dropping frame (computer too slow ?)
[ERR] more than 375 frames of late video -> dropping frame (computer too slow ?)
[ERR] more than 375 frames of late video -> dropping frame (computer too slow ?)
[WARN] picture is too late to be displayed (missing 52282 ms)
[ERR] more than 376 frames of late video -> dropping frame (computer too slow ?)
[ERR] more than 376 frames of late video -> dropping frame (computer too slow ?)
[ERR] more than 376 frames of late video -> dropping frame (computer too slow ?)
[ERR] more than 376 frames of late video -> dropping frame (computer too slow ?)
[WARN] picture is too late to be displayed (missing 51833 ms)
[WARN] picture is too late to be displayed (missing 51916 ms)
[WARN] picture is too late to be displayed (missing 51750 ms)
[WARN] picture is too late to be displayed (missing 51700 ms)
[WARN] picture is too late to be displayed (missing 51667 ms)
[WARN] picture is too late to be displayed (missing 51618 ms)
[WARN] picture is too late to be displayed (missing 51584 ms)
[WARN] picture is too late to be displayed (missing 51535 ms)
[WARN] picture is too late to be displayed (missing 51503 ms)
[WARN] picture is too late to be displayed (missing 51453 ms)
[ERR] more than 387 frames of late video -> dropping frame (computer too slow ?)
[WARN] picture is too late to be displayed (missing 51420 ms)
[ERR] more than 387 frames of late video -> dropping frame (computer too slow ?)
[ERR] more than 387 frames of late video -> dropping frame (computer too slow ?)
[ERR] more than 387 frames of late video -> dropping frame (computer too slow ?)
[ERR] more than 387 frames of late video -> dropping frame (computer too slow ?)
[ERR] more than 387 frames of late video -> dropping frame (computer too slow ?)
[ERR] more than 387 frames of late video -> dropping frame (computer too slow ?)
[ERR] more than 387 frames of late video -> dropping frame (computer too slow ?)
[WARN] picture is too late to be displayed (missing 51288 ms)
[ERR] more than 388 frames of late video -> dropping frame (computer too slow ?)
[ERR] more than 388 frames of late video -> dropping frame (computer too slow ?)
[ERR] more than 388 frames of late video -> dropping frame (computer too slow ?)
[ERR] more than 388 frames of late video -> dropping frame (computer too slow ?)
[WARN] picture is too late to be displayed (missing 50838 ms)
[WARN] picture is too late to be displayed (missing 50922 ms)
[WARN] picture is too late to be displayed (missing 50755 ms)
[WARN] picture is too late to be displayed (missing 50705 ms)
[WARN] picture is too late to be displayed (missing 50673 ms)
[WARN] picture is too late to be displayed (missing 50623 ms)
[WARN] picture is too late to be displayed (missing 50589 ms)
[WARN] picture is too late to be displayed (missing 50541 ms)
[WARN] picture is too late to be displayed (missing 50508 ms)
[WARN] picture is too late to be displayed (missing 50458 ms)
[ERR] more than 399 frames of late video -> dropping frame (computer too slow ?)
[WARN] picture is too late to be displayed (missing 50426 ms)
[ERR] more than 399 frames of late video -> dropping frame (computer too slow ?)
[ERR] more than 399 frames of late video -> dropping frame (computer too slow ?)
[ERR] more than 399 frames of late video -> dropping frame (computer too slow ?)
[ERR] more than 399 frames of late video -> dropping frame (computer too slow ?)
[ERR] more than 399 frames of late video -> dropping frame (computer too slow ?)
[ERR] more than 399 frames of late video -> dropping frame (computer too slow ?)
[ERR] more than 399 frames of late video -> dropping frame (computer too slow ?)
[ERR] more than 400 frames of late video -> dropping frame (computer too slow ?)
[WARN] picture is too late to be displayed (missing 50293 ms)
[ERR] more than 400 frames of late video -> dropping frame (computer too slow ?)
[ERR] more than 400 frames of late video -> dropping frame (computer too slow ?)
[ERR] more than 400 frames of late video -> dropping frame (computer too slow ?)
[WARN] picture is too late to be displayed (missing 49844 ms)
[WARN] picture is too late to be displayed (missing 49927 ms)
[WARN] picture is too late to be displayed (missing 49761 ms)
[WARN] picture is too late to be displayed (missing 49711 ms)
[WARN] picture is too late to be displayed (missing 49679 ms)
[WARN] picture is too late to be displayed (missing 49629 ms)
[WARN] picture is too late to be displayed (missing 49595 ms)
[WARN] picture is too late to be displayed (missing 49546 ms)
[WARN] picture is too late to be displayed (missing 49514 ms)
[WARN] picture is too late to be displayed (missing 49464 ms)
[ERR] more than 411 frames of late video -> dropping frame (computer too slow ?)
[WARN] picture is too late to be displayed (missing 49432 ms)
[ERR] more than 411 frames of late video -> dropping frame (computer too slow ?)
[ERR] more than 411 frames of late video -> dropping frame (computer too slow ?)
[ERR] more than 411 frames of late video -> dropping frame (computer too slow ?)
[ERR] more than 411 frames of late video -> dropping frame (computer too slow ?)
[ERR] more than 411 frames of late video -> dropping frame (computer too slow ?)
[ERR] more than 411 frames of late video -> dropping frame (computer too slow ?)
[ERR] more than 411 frames of late video -> dropping frame (computer too slow ?)
[ERR] more than 412 frames of late video -> dropping frame (computer too slow ?)
[WARN] picture is too late to be displayed (missing 49299 ms)
[ERR] more than 412 frames of late video -> dropping frame (computer too slow ?)
[ERR] more than 412 frames of late video -> dropping frame (computer too slow ?)
[ERR] more than 412 frames of late video -> dropping frame (computer too slow ?)
[WARN] picture is too late to be displayed (missing 48849 ms)
[WARN] picture is too late to be displayed (missing 48933 ms)
[WARN] picture is too late to be displayed (missing 48766 ms)
[WARN] picture is too late to be displayed (missing 48716 ms)
[WARN] picture is too late to be displayed (missing 48684 ms)
[WARN] picture is too late to be displayed (missing 48634 ms)
[WARN] picture is too late to be displayed (missing 48601 ms)
[WARN] picture is too late to be displayed (missing 48552 ms)
[WARN] picture is too late to be displayed (missing 48519 ms)
[WARN] picture is too late to be displayed (missing 48469 ms)
[ERR] more than 423 frames of late video -> dropping frame (computer too slow ?)
[WARN] picture is too late to be displayed (missing 48437 ms)
[ERR] more than 423 frames of late video -> dropping frame (computer too slow ?)
[ERR] more than 423 frames of late video -> dropping frame (computer too slow ?)
[ERR] more than 423 frames of late video -> dropping frame (computer too slow ?)
[ERR] more than 423 frames of late video -> dropping frame (computer too slow ?)
[ERR] more than 423 frames of late video -> dropping frame (computer too slow ?)
[ERR] more than 423 frames of late video -> dropping frame (computer too slow ?)
[ERR] more than 423 frames of late video -> dropping frame (computer too slow ?)
[WARN] picture is too late to be displayed (missing 48304 ms)
[ERR] more than 424 frames of late video -> dropping frame (computer too slow ?)
[ERR] more than 424 frames of late video -> dropping frame (computer too slow ?)
[ERR] more than 424 frames of late video -> dropping frame (computer too slow ?)
[ERR] more than 424 frames of late video -> dropping frame (computer too slow ?)
[WARN] picture is too late to be displayed (missing 47855 ms)
[WARN] picture is too late to be displayed (missing 47938 ms)
[WARN] picture is too late to be displayed (missing 47771 ms)
[WARN] picture is too late to be displayed (missing 47722 ms)
[WARN] picture is too late to be displayed (missing 47689 ms)
[WARN] picture is too late to be displayed (missing 47639 ms)
[WARN] picture is too late to be displayed (missing 47606 ms)
[WARN] picture is too late to be displayed (missing 47557 ms)
[WARN] picture is too late to be displayed (missing 47524 ms)
[WARN] picture is too late to be displayed (missing 47475 ms)
[WARN] picture is too late to be displayed (missing 47442 ms)
[ERR] more than 435 frames of late video -> dropping frame (computer too slow ?)
[ERR] more than 435 frames of late video -> dropping frame (computer too slow ?)
[ERR] more than 435 frames of late video -> dropping frame (computer too slow ?)
[ERR] more than 435 frames of late video -> dropping frame (computer too slow ?)
[ERR] more than 435 frames of late video -> dropping frame (computer too slow ?)
[ERR] more than 435 frames of late video -> dropping frame (computer too slow ?)
[ERR] more than 435 frames of late video -> dropping frame (computer too slow ?)
[ERR] more than 435 frames of late video -> dropping frame (computer too slow ?)
[WARN] picture is too late to be displayed (missing 47309 ms)
[ERR] more than 436 frames of late video -> dropping frame (computer too slow ?)
[ERR] more than 436 frames of late video -> dropping frame (computer too slow ?)
[ERR] more than 436 frames of late video -> dropping frame (computer too slow ?)
[ERR] more than 436 frames of late video -> dropping frame (computer too slow ?)
[WARN] picture is too late to be displayed (missing 46861 ms)
[WARN] picture is too late to be displayed (missing 46944 ms)
[WARN] picture is too late to be displayed (missing 46777 ms)
[WARN] picture is too late to be displayed (missing 46727 ms)
[WARN] picture is too late to be displayed (missing 46695 ms)
[WARN] picture is too late to be displayed (missing 46645 ms)
[WARN] picture is too late to be displayed (missing 46611 ms)
[WARN] picture is too late to be displayed (missing 46563 ms)
[WARN] picture is too late to be displayed (missing 46530 ms)
[WARN] picture is too late to be displayed (missing 46480 ms)
[ERR] more than 447 frames of late video -> dropping frame (computer too slow ?)
[WARN] picture is too late to be displayed (missing 46448 ms)
[ERR] more than 447 frames of late video -> dropping frame (computer too slow ?)
[ERR] more than 447 frames of late video -> dropping frame (computer too slow ?)
[ERR] more than 447 frames of late video -> dropping frame (computer too slow ?)
[ERR] more than 447 frames of late video -> dropping frame (computer too slow ?)
[ERR] more than 447 frames of late video -> dropping frame (computer too slow ?)
[ERR] more than 447 frames of late video -> dropping frame (computer too slow ?)
[ERR] more than 447 frames of late video -> dropping frame (computer too slow ?)
[ERR] more than 448 frames of late video -> dropping frame (computer too slow ?)
[WARN] picture is too late to be displayed (missing 46315 ms)
[ERR] more than 448 frames of late video -> dropping frame (computer too slow ?)
[ERR] more than 448 frames of late video -> dropping frame (computer too slow ?)
[ERR] more than 448 frames of late video -> dropping frame (computer too slow ?)
[WARN] picture is too late to be displayed (missing 45866 ms)
[WARN] picture is too late to be displayed (missing 45949 ms)
[WARN] picture is too late to be displayed (missing 45782 ms)
[WARN] picture is too late to be displayed (missing 45733 ms)
[WARN] picture is too late to be displayed (missing 45700 ms)
[WARN] picture is too late to be displayed (missing 45650 ms)
[WARN] picture is too late to be displayed (missing 45617 ms)
[WARN] picture is too late to be displayed (missing 45568 ms)
[WARN] picture is too late to be displayed (missing 45535 ms)
[WARN] picture is too late to be displayed (missing 45486 ms)
[ERR] more than 459 frames of late video -> dropping frame (computer too slow ?)
[WARN] picture is too late to be displayed (missing 45453 ms)
[ERR] more than 459 frames of late video -> dropping frame (computer too slow ?)
[ERR] more than 459 frames of late video -> dropping frame (computer too slow ?)
[ERR] more than 459 frames of late video -> dropping frame (computer too slow ?)
[ERR] more than 459 frames of late video -> dropping frame (computer too slow ?)
[ERR] more than 459 frames of late video -> dropping frame (computer too slow ?)
[ERR] more than 459 frames of late video -> dropping frame (computer too slow ?)
[ERR] more than 459 frames of late video -> dropping frame (computer too slow ?)
[ERR] more than 460 frames of late video -> dropping frame (computer too slow ?)
[WARN] picture is too late to be displayed (missing 45320 ms)
[ERR] more than 460 frames of late video -> dropping frame (computer too slow ?)
[ERR] more than 460 frames of late video -> dropping frame (computer too slow ?)
[ERR] more than 460 frames of late video -> dropping frame (computer too slow ?)
[WARN] picture is too late to be displayed (missing 44871 ms)
[WARN] picture is too late to be displayed (missing 44954 ms)
[WARN] picture is too late to be displayed (missing 44788 ms)
[WARN] picture is too late to be displayed (missing 44738 ms)
[WARN] picture is too late to be displayed (missing 44705 ms)
[WARN] picture is too late to be displayed (missing 44656 ms)
[WARN] picture is too late to be displayed (missing 44622 ms)
[WARN] picture is too late to be displayed (missing 44573 ms)
[WARN] picture is too late to be displayed (missing 44541 ms)
[WARN] picture is too late to be displayed (missing 44491 ms)
[ERR] more than 471 frames of late video -> dropping frame (computer too slow ?)
[WARN] picture is too late to be displayed (missing 44458 ms)
[ERR] more than 471 frames of late video -> dropping frame (computer too slow ?)
[ERR] more than 471 frames of late video -> dropping frame (computer too slow ?)
[ERR] more than 471 frames of late video -> dropping frame (computer too slow ?)
[ERR] more than 471 frames of late video -> dropping frame (computer too slow ?)
[ERR] more than 471 frames of late video -> dropping frame (computer too slow ?)
[ERR] more than 471 frames of late video -> dropping frame (computer too slow ?)
[ERR] more than 471 frames of late video -> dropping frame (computer too slow ?)
[ERR] more than 472 frames of late video -> dropping frame (computer too slow ?)
[WARN] picture is too late to be displayed (missing 44326 ms)
[ERR] more than 472 frames of late video -> dropping frame (computer too slow ?)
[ERR] more than 472 frames of late video -> dropping frame (computer too slow ?)
[ERR] more than 472 frames of late video -> dropping frame (computer too slow ?)
[WARN] picture is too late to be displayed (missing 43876 ms)
[WARN] picture is too late to be displayed (missing 43960 ms)
[WARN] picture is too late to be displayed (missing 43793 ms)
[WARN] picture is too late to be displayed (missing 43743 ms)
[WARN] picture is too late to be displayed (missing 43711 ms)
[WARN] picture is too late to be displayed (missing 43661 ms)
[WARN] picture is too late to be displayed (missing 43627 ms)
[WARN] picture is too late to be displayed (missing 43579 ms)
[WARN] picture is too late to be displayed (missing 43546 ms)
[WARN] picture is too late to be displayed (missing 43496 ms)
[ERR] more than 483 frames of late video -> dropping frame (computer too slow ?)
[WARN] picture is too late to be displayed (missing 43464 ms)
[ERR] more than 483 frames of late video -> dropping frame (computer too slow ?)
[ERR] more than 483 frames of late video -> dropping frame (computer too slow ?)
[ERR] more than 483 frames of late video -> dropping frame (computer too slow ?)
[ERR] more than 483 frames of late video -> dropping frame (computer too slow ?)
[ERR] more than 483 frames of late video -> dropping frame (computer too slow ?)
[ERR] more than 483 frames of late video -> dropping frame (computer too slow ?)
[ERR] more than 483 frames of late video -> dropping frame (computer too slow ?)
[ERR] more than 484 frames of late video -> dropping frame (computer too slow ?)
[ERR] more than 484 frames of late video -> dropping frame (computer too slow ?)
[WARN] picture is too late to be displayed (missing 43331 ms)
[ERR] more than 484 frames of late video -> dropping frame (computer too slow ?)
[ERR] more than 484 frames of late video -> dropping frame (computer too slow ?)
[WARN] picture is too late to be displayed (missing 42881 ms)
[WARN] picture is too late to be displayed (missing 42965 ms)
[WARN] picture is too late to be displayed (missing 42798 ms)
[WARN] picture is too late to be displayed (missing 42748 ms)
[WARN] picture is too late to be displayed (missing 42716 ms)
[WARN] picture is too late to be displayed (missing 42666 ms)
[WARN] picture is too late to be displayed (missing 42632 ms)
[WARN] picture is too late to be displayed (missing 42584 ms)
[WARN] picture is too late to be displayed (missing 42551 ms)
[WARN] picture is too late to be displayed (missing 42501 ms)
[ERR] more than 495 frames of late video -> dropping frame (computer too slow ?)
[WARN] picture is too late to be displayed (missing 42469 ms)
[ERR] more than 495 frames of late video -> dropping frame (computer too slow ?)
[ERR] more than 495 frames of late video -> dropping frame (computer too slow ?)
[ERR] more than 495 frames of late video -> dropping frame (computer too slow ?)
[ERR] more than 495 frames of late video -> dropping frame (computer too slow ?)
[ERR] more than 495 frames of late video -> dropping frame (computer too slow ?)
[ERR] more than 495 frames of late video -> dropping frame (computer too slow ?)
[ERR] more than 495 frames of late video -> dropping frame (computer too slow ?)
[ERR] more than 496 frames of late video -> dropping frame (computer too slow ?)
[WARN] picture is too late to be displayed (missing 42336 ms)
[ERR] more than 496 frames of late video -> dropping frame (computer too slow ?)
[ERR] more than 496 frames of late video -> dropping frame (computer too slow ?)
[ERR] more than 496 frames of late video -> dropping frame (computer too slow ?)
[WARN] picture is too late to be displayed (missing 41886 ms)
[WARN] picture is too late to be displayed (missing 41970 ms)
[WARN] picture is too late to be displayed (missing 41803 ms)
[WARN] picture is too late to be displayed (missing 41754 ms)
[WARN] picture is too late to be displayed (missing 41721 ms)
[WARN] picture is too late to be displayed (missing 41671 ms)
[WARN] picture is too late to be displayed (missing 41638 ms)
[WARN] picture is too late to be displayed (missing 41589 ms)
[WARN] picture is too late to be displayed (missing 41556 ms)
[WARN] picture is too late to be displayed (missing 41506 ms)
[ERR] more than 507 frames of late video -> dropping frame (computer too slow ?)
[WARN] picture is too late to be displayed (missing 41474 ms)
[ERR] more than 507 frames of late video -> dropping frame (computer too slow ?)
[ERR] more than 507 frames of late video -> dropping frame (computer too slow ?)
[ERR] more than 507 frames of late video -> dropping frame (computer too slow ?)
[ERR] more than 507 frames of late video -> dropping frame (computer too slow ?)
[ERR] more than 507 frames of late video -> dropping frame (computer too slow ?)
[ERR] more than 507 frames of late video -> dropping frame (computer too slow ?)
[ERR] more than 507 frames of late video -> dropping frame (computer too slow ?)
[ERR] more than 508 frames of late video -> dropping frame (computer too slow ?)
[WARN] picture is too late to be displayed (missing 41341 ms)
[ERR] more than 508 frames of late video -> dropping frame (computer too slow ?)
[ERR] more than 508 frames of late video -> dropping frame (computer too slow ?)
[ERR] more than 508 frames of late video -> dropping frame (computer too slow ?)
[WARN] picture is too late to be displayed (missing 40892 ms)
[WARN] picture is too late to be displayed (missing 40975 ms)
[WARN] picture is too late to be displayed (missing 40808 ms)
[WARN] picture is too late to be displayed (missing 40759 ms)
[WARN] picture is too late to be displayed (missing 40726 ms)
[WARN] picture is too late to be displayed (missing 40677 ms)
[WARN] picture is too late to be displayed (missing 40643 ms)
[WARN] picture is too late to be displayed (missing 40594 ms)
[WARN] picture is too late to be displayed (missing 40561 ms)
[WARN] picture is too late to be displayed (missing 40512 ms)
[ERR] more than 519 frames of late video -> dropping frame (computer too slow ?)
[WARN] picture is too late to be displayed (missing 40479 ms)
[ERR] more than 519 frames of late video -> dropping frame (computer too slow ?)
[ERR] more than 519 frames of late video -> dropping frame (computer too slow ?)
[ERR] more than 519 frames of late video -> dropping frame (computer too slow ?)
[ERR] more than 519 frames of late video -> dropping frame (computer too slow ?)
[ERR] more than 519 frames of late video -> dropping frame (computer too slow ?)
[ERR] more than 519 frames of late video -> dropping frame (computer too slow ?)
[ERR] more than 519 frames of late video -> dropping frame (computer too slow ?)
[ERR] more than 520 frames of late video -> dropping frame (computer too slow ?)
[WARN] picture is too late to be displayed (missing 40346 ms)
[ERR] more than 520 frames of late video -> dropping frame (computer too slow ?)
[ERR] more than 520 frames of late video -> dropping frame (computer too slow ?)
[ERR] more than 520 frames of late video -> dropping frame (computer too slow ?)
[WARN] picture is too late to be displayed (missing 39897 ms)
[WARN] picture is too late to be displayed (missing 39980 ms)
[WARN] picture is too late to be displayed (missing 39814 ms)
[WARN] picture is too late to be displayed (missing 39764 ms)
[WARN] picture is too late to be displayed (missing 39731 ms)
[WARN] picture is too late to be displayed (missing 39682 ms)
[WARN] picture is too late to be displayed (missing 39648 ms)
[WARN] picture is too late to be displayed (missing 39599 ms)
[WARN] picture is too late to be displayed (missing 39566 ms)
[WARN] picture is too late to be displayed (missing 39517 ms)
[ERR] more than 531 frames of late video -> dropping frame (computer too slow ?)
[WARN] picture is too late to be displayed (missing 39484 ms)
[ERR] more than 531 frames of late video -> dropping frame (computer too slow ?)
[ERR] more than 531 frames of late video -> dropping frame (computer too slow ?)
[ERR] more than 531 frames of late video -> dropping frame (computer too slow ?)
[ERR] more than 531 frames of late video -> dropping frame (computer too slow ?)
[ERR] more than 531 frames of late video -> dropping frame (computer too slow ?)
[ERR] more than 531 frames of late video -> dropping frame (computer too slow ?)
[ERR] more than 531 frames of late video -> dropping frame (computer too slow ?)
[ERR] more than 532 frames of late video -> dropping frame (computer too slow ?)
[WARN] picture is too late to be displayed (missing 39351 ms)
[ERR] more than 532 frames of late video -> dropping frame (computer too slow ?)
[ERR] more than 532 frames of late video -> dropping frame (computer too slow ?)
[ERR] more than 532 frames of late video -> dropping frame (computer too slow ?)
[WARN] picture is too late to be displayed (missing 38902 ms)
[WARN] picture is too late to be displayed (missing 38985 ms)
[WARN] picture is too late to be displayed (missing 38818 ms)
[WARN] picture is too late to be displayed (missing 38769 ms)
[WARN] picture is too late to be displayed (missing 38736 ms)
[WARN] picture is too late to be displayed (missing 38686 ms)
[WARN] picture is too late to be displayed (missing 38653 ms)
[WARN] picture is too late to be displayed (missing 38603 ms)
[WARN] picture is too late to be displayed (missing 38571 ms)
[WARN] picture is too late to be displayed (missing 38521 ms)
[WARN] picture is too late to be displayed (missing 38489 ms)
[ERR] more than 543 frames of late video -> dropping frame (computer too slow ?)
[ERR] more than 543 frames of late video -> dropping frame (computer too slow ?)
[ERR] more than 543 frames of late video -> dropping frame (computer too slow ?)
[ERR] more than 543 frames of late video -> dropping frame (computer too slow ?)
[ERR] more than 543 frames of late video -> dropping frame (computer too slow ?)
[ERR] more than 543 frames of late video -> dropping frame (computer too slow ?)
[ERR] more than 543 frames of late video -> dropping frame (computer too slow ?)
[ERR] more than 543 frames of late video -> dropping frame (computer too slow ?)
[ERR] more than 544 frames of late video -> dropping frame (computer too slow ?)
[WARN] picture is too late to be displayed (missing 38356 ms)
[ERR] more than 544 frames of late video -> dropping frame (computer too slow ?)
[ERR] more than 544 frames of late video -> dropping frame (computer too slow ?)
[ERR] more than 544 frames of late video -> dropping frame (computer too slow ?)
[WARN] picture is too late to be displayed (missing 37906 ms)
[WARN] picture is too late to be displayed (missing 37990 ms)
[WARN] picture is too late to be displayed (missing 37823 ms)
[WARN] picture is too late to be displayed (missing 37773 ms)
[WARN] picture is too late to be displayed (missing 37741 ms)
[WARN] picture is too late to be displayed (missing 37691 ms)
[WARN] picture is too late to be displayed (missing 37657 ms)
[WARN] picture is too late to be displayed (missing 37608 ms)
[WARN] picture is too late to be displayed (missing 37576 ms)
[WARN] picture is too late to be displayed (missing 37526 ms)
[ERR] more than 555 frames of late video -> dropping frame (computer too slow ?)
[WARN] picture is too late to be displayed (missing 37494 ms)
[ERR] more than 555 frames of late video -> dropping frame (computer too slow ?)
[ERR] more than 555 frames of late video -> dropping frame (computer too slow ?)
[ERR] more than 555 frames of late video -> dropping frame (computer too slow ?)
[ERR] more than 555 frames of late video -> dropping frame (computer too slow ?)
[ERR] more than 555 frames of late video -> dropping frame (computer too slow ?)
[ERR] more than 555 frames of late video -> dropping frame (computer too slow ?)
[ERR] more than 555 frames of late video -> dropping frame (computer too slow ?)
[ERR] more than 556 frames of late video -> dropping frame (computer too slow ?)
[WARN] picture is too late to be displayed (missing 37361 ms)
[ERR] more than 556 frames of late video -> dropping frame (computer too slow ?)
[ERR] more than 556 frames of late video -> dropping frame (computer too slow ?)
[ERR] more than 556 frames of late video -> dropping frame (computer too slow ?)
[WARN] picture is too late to be displayed (missing 36911 ms)
[WARN] picture is too late to be displayed (missing 36995 ms)
[WARN] picture is too late to be displayed (missing 36828 ms)
[WARN] picture is too late to be displayed (missing 36778 ms)
[WARN] picture is too late to be displayed (missing 36746 ms)
[WARN] picture is too late to be displayed (missing 36696 ms)
[WARN] picture is too late to be displayed (missing 36663 ms)
[WARN] picture is too late to be displayed (missing 36614 ms)
[WARN] picture is too late to be displayed (missing 36581 ms)
[WARN] picture is too late to be displayed (missing 36531 ms)
[WARN] picture is too late to be displayed (missing 36499 ms)
[ERR] more than 567 frames of late video -> dropping frame (computer too slow ?)
[ERR] more than 567 frames of late video -> dropping frame (computer too slow ?)
[ERR] more than 567 frames of late video -> dropping frame (computer too slow ?)
[ERR] more than 567 frames of late video -> dropping frame (computer too slow ?)
[ERR] more than 567 frames of late video -> dropping frame (computer too slow ?)
[ERR] more than 567 frames of late video -> dropping frame (computer too slow ?)
[ERR] more than 567 frames of late video -> dropping frame (computer too slow ?)
[ERR] more than 567 frames of late video -> dropping frame (computer too slow ?)
[ERR] more than 568 frames of late video -> dropping frame (computer too slow ?)
[WARN] picture is too late to be displayed (missing 36366 ms)
[ERR] more than 568 frames of late video -> dropping frame (computer too slow ?)
[ERR] more than 568 frames of late video -> dropping frame (computer too slow ?)
[ERR] more than 568 frames of late video -> dropping frame (computer too slow ?)
[WARN] picture is too late to be displayed (missing 35917 ms)
[WARN] picture is too late to be displayed (missing 36000 ms)
[WARN] picture is too late to be displayed (missing 35833 ms)
[WARN] picture is too late to be displayed (missing 35784 ms)
[WARN] picture is too late to be displayed (missing 35751 ms)
[WARN] picture is too late to be displayed (missing 35701 ms)
[WARN] picture is too late to be displayed (missing 35668 ms)
[WARN] picture is too late to be displayed (missing 35619 ms)
[WARN] picture is too late to be displayed (missing 35586 ms)
[WARN] picture is too late to be displayed (missing 35537 ms)
[ERR] more than 579 frames of late video -> dropping frame (computer too slow ?)
[WARN] picture is too late to be displayed (missing 35504 ms)
[ERR] more than 579 frames of late video -> dropping frame (computer too slow ?)
[ERR] more than 579 frames of late video -> dropping frame (computer too slow ?)
[ERR] more than 579 frames of late video -> dropping frame (computer too slow ?)
[ERR] more than 579 frames of late video -> dropping frame (computer too slow ?)
[ERR] more than 579 frames of late video -> dropping frame (computer too slow ?)
[ERR] more than 579 frames of late video -> dropping frame (computer too slow ?)
[ERR] more than 579 frames of late video -> dropping frame (computer too slow ?)
[ERR] more than 580 frames of late video -> dropping frame (computer too slow ?)
[ERR] more than 580 frames of late video -> dropping frame (computer too slow ?)
[WARN] picture is too late to be displayed (missing 35371 ms)
[ERR] more than 580 frames of late video -> dropping frame (computer too slow ?)
[ERR] more than 580 frames of late video -> dropping frame (computer too slow ?)
[WARN] picture is too late to be displayed (missing 34922 ms)
[WARN] picture is too late to be displayed (missing 35005 ms)
[WARN] picture is too late to be displayed (missing 34838 ms)
[WARN] picture is too late to be displayed (missing 34789 ms)
[WARN] picture is too late to be displayed (missing 34756 ms)
[WARN] picture is too late to be displayed (missing 34707 ms)
[WARN] picture is too late to be displayed (missing 34673 ms)
[WARN] picture is too late to be displayed (missing 34624 ms)
[WARN] picture is too late to be displayed (missing 34591 ms)
[WARN] picture is too late to be displayed (missing 34542 ms)
[ERR] more than 591 frames of late video -> dropping frame (computer too slow ?)
[WARN] picture is too late to be displayed (missing 34509 ms)
[ERR] more than 591 frames of late video -> dropping frame (computer too slow ?)
[ERR] more than 591 frames of late video -> dropping frame (computer too slow ?)
[ERR] more than 591 frames of late video -> dropping frame (computer too slow ?)
[ERR] more than 591 frames of late video -> dropping frame (computer too slow ?)
[ERR] more than 591 frames of late video -> dropping frame (computer too slow ?)
[ERR] more than 591 frames of late video -> dropping frame (computer too slow ?)
[ERR] more than 591 frames of late video -> dropping frame (computer too slow ?)
[ERR] more than 592 frames of late video -> dropping frame (computer too slow ?)
[WARN] picture is too late to be displayed (missing 34376 ms)
[ERR] more than 592 frames of late video -> dropping frame (computer too slow ?)
[ERR] more than 592 frames of late video -> dropping frame (computer too slow ?)
[ERR] more than 592 frames of late video -> dropping frame (computer too slow ?)
[WARN] picture is too late to be displayed (missing 33927 ms)
[WARN] picture is too late to be displayed (missing 34010 ms)
[WARN] picture is too late to be displayed (missing 33843 ms)
[WARN] picture is too late to be displayed (missing 33794 ms)
[WARN] picture is too late to be displayed (missing 33761 ms)
[WARN] picture is too late to be displayed (missing 33711 ms)
[WARN] picture is too late to be displayed (missing 33678 ms)
[WARN] picture is too late to be displayed (missing 33628 ms)
[WARN] picture is too late to be displayed (missing 33596 ms)
[WARN] picture is too late to be displayed (missing 33546 ms)
[ERR] more than 603 frames of late video -> dropping frame (computer too slow ?)
[WARN] picture is too late to be displayed (missing 33514 ms)
[ERR] more than 603 frames of late video -> dropping frame (computer too slow ?)
[ERR] more than 603 frames of late video -> dropping frame (computer too slow ?)
[ERR] more than 603 frames of late video -> dropping frame (computer too slow ?)
[ERR] more than 603 frames of late video -> dropping frame (computer too slow ?)
[ERR] more than 603 frames of late video -> dropping frame (computer too slow ?)
[ERR] more than 603 frames of late video -> dropping frame (computer too slow ?)
[ERR] more than 603 frames of late video -> dropping frame (computer too slow ?)
[WARN] picture is too late to be displayed (missing 33381 ms)
[ERR] more than 604 frames of late video -> dropping frame (computer too slow ?)
[ERR] more than 604 frames of late video -> dropping frame (computer too slow ?)
[ERR] more than 604 frames of late video -> dropping frame (computer too slow ?)
[ERR] more than 604 frames of late video -> dropping frame (computer too slow ?)
[WARN] picture is too late to be displayed (missing 32931 ms)
[WARN] picture is too late to be displayed (missing 33015 ms)
[WARN] picture is too late to be displayed (missing 32848 ms)
[WARN] picture is too late to be displayed (missing 32798 ms)
[WARN] picture is too late to be displayed (missing 32766 ms)
[WARN] picture is too late to be displayed (missing 32716 ms)
[WARN] picture is too late to be displayed (missing 32682 ms)
[WARN] picture is too late to be displayed (missing 32633 ms)
[WARN] picture is too late to be displayed (missing 32601 ms)
[WARN] picture is too late to be displayed (missing 32551 ms)
[WARN] picture is too late to be displayed (missing 32519 ms)
[ERR] more than 615 frames of late video -> dropping frame (computer too slow ?)
[ERR] more than 615 frames of late video -> dropping frame (computer too slow ?)
[ERR] more than 615 frames of late video -> dropping frame (computer too slow ?)
[ERR] more than 615 frames of late video -> dropping frame (computer too slow ?)
[ERR] more than 615 frames of late video -> dropping frame (computer too slow ?)
[ERR] more than 615 frames of late video -> dropping frame (computer too slow ?)
[ERR] more than 615 frames of late video -> dropping frame (computer too slow ?)
[ERR] more than 615 frames of late video -> dropping frame (computer too slow ?)
[WARN] picture is too late to be displayed (missing 32386 ms)
[ERR] more than 616 frames of late video -> dropping frame (computer too slow ?)
[ERR] more than 616 frames of late video -> dropping frame (computer too slow ?)
[ERR] more than 616 frames of late video -> dropping frame (computer too slow ?)
[ERR] more than 616 frames of late video -> dropping frame (computer too slow ?)
[WARN] picture is too late to be displayed (missing 31937 ms)
[WARN] picture is too late to be displayed (missing 32020 ms)
[WARN] picture is too late to be displayed (missing 31854 ms)
[WARN] picture is too late to be displayed (missing 31804 ms)
[WARN] picture is too late to be displayed (missing 31772 ms)
[WARN] picture is too late to be displayed (missing 31722 ms)
[WARN] picture is too late to be displayed (missing 31688 ms)
[WARN] picture is too late to be displayed (missing 31639 ms)
[WARN] picture is too late to be displayed (missing 31607 ms)
[WARN] picture is too late to be displayed (missing 31557 ms)
[ERR] more than 627 frames of late video -> dropping frame (computer too slow ?)
[WARN] picture is too late to be displayed (missing 31525 ms)
[ERR] more than 627 frames of late video -> dropping frame (computer too slow ?)
[ERR] more than 627 frames of late video -> dropping frame (computer too slow ?)
[ERR] more than 627 frames of late video -> dropping frame (computer too slow ?)
[ERR] more than 627 frames of late video -> dropping frame (computer too slow ?)
[ERR] more than 627 frames of late video -> dropping frame (computer too slow ?)
[ERR] more than 627 frames of late video -> dropping frame (computer too slow ?)
[ERR] more than 627 frames of late video -> dropping frame (computer too slow ?)
[ERR] more than 628 frames of late video -> dropping frame (computer too slow ?)
[WARN] picture is too late to be displayed (missing 31392 ms)
[ERR] more than 628 frames of late video -> dropping frame (computer too slow ?)
[ERR] more than 628 frames of late video -> dropping frame (computer too slow ?)
[ERR] more than 628 frames of late video -> dropping frame (computer too slow ?)
[WARN] picture is too late to be displayed (missing 30942 ms)
[WARN] picture is too late to be displayed (missing 31026 ms)
[WARN] picture is too late to be displayed (missing 30859 ms)
[WARN] picture is too late to be displayed (missing 30810 ms)
[WARN] picture is too late to be displayed (missing 30777 ms)
[WARN] picture is too late to be displayed (missing 30727 ms)
[WARN] picture is too late to be displayed (missing 30694 ms)
[WARN] picture is too late to be displayed (missing 30645 ms)
[WARN] picture is too late to be displayed (missing 30612 ms)
[WARN] picture is too late to be displayed (missing 30563 ms)
[ERR] more than 639 frames of late video -> dropping frame (computer too slow ?)
[WARN] picture is too late to be displayed (missing 30530 ms)
[ERR] more than 639 frames of late video -> dropping frame (computer too slow ?)
[ERR] more than 639 frames of late video -> dropping frame (computer too slow ?)
[ERR] more than 639 frames of late video -> dropping frame (computer too slow ?)
[ERR] more than 639 frames of late video -> dropping frame (computer too slow ?)
[ERR] more than 639 frames of late video -> dropping frame (computer too slow ?)
[ERR] more than 639 frames of late video -> dropping frame (computer too slow ?)
[ERR] more than 639 frames of late video -> dropping frame (computer too slow ?)
[ERR] more than 640 frames of late video -> dropping frame (computer too slow ?)
[WARN] picture is too late to be displayed (missing 30397 ms)
[ERR] more than 640 frames of late video -> dropping frame (computer too slow ?)
[ERR] more than 640 frames of late video -> dropping frame (computer too slow ?)
[ERR] more than 640 frames of late video -> dropping frame (computer too slow ?)
[WARN] picture is too late to be displayed (missing 29948 ms)
[WARN] picture is too late to be displayed (missing 30031 ms)
[WARN] picture is too late to be displayed (missing 29865 ms)
[WARN] picture is too late to be displayed (missing 29815 ms)
[WARN] picture is too late to be displayed (missing 29783 ms)
[WARN] picture is too late to be displayed (missing 29733 ms)
[WARN] picture is too late to be displayed (missing 29699 ms)
[WARN] picture is too late to be displayed (missing 29651 ms)
[WARN] picture is too late to be displayed (missing 29618 ms)
[WARN] picture is too late to be displayed (missing 29568 ms)
[ERR] more than 651 frames of late video -> dropping frame (computer too slow ?)
[WARN] picture is too late to be displayed (missing 29536 ms)
[ERR] more than 651 frames of late video -> dropping frame (computer too slow ?)
[ERR] more than 651 frames of late video -> dropping frame (computer too slow ?)
[ERR] more than 651 frames of late video -> dropping frame (computer too slow ?)
[ERR] more than 651 frames of late video -> dropping frame (computer too slow ?)
[ERR] more than 651 frames of late video -> dropping frame (computer too slow ?)
[ERR] more than 651 frames of late video -> dropping frame (computer too slow ?)
[ERR] more than 651 frames of late video -> dropping frame (computer too slow ?)
[WARN] picture is too late to be displayed (missing 29403 ms)
[ERR] more than 652 frames of late video -> dropping frame (computer too slow ?)
[ERR] more than 652 frames of late video -> dropping frame (computer too slow ?)
[ERR] more than 652 frames of late video -> dropping frame (computer too slow ?)
[ERR] more than 652 frames of late video -> dropping frame (computer too slow ?)
[WARN] picture is too late to be displayed (missing 28954 ms)
[WARN] picture is too late to be displayed (missing 29037 ms)
[WARN] picture is too late to be displayed (missing 28871 ms)
[WARN] picture is too late to be displayed (missing 28821 ms)
[WARN] picture is too late to be displayed (missing 28788 ms)
[WARN] picture is too late to be displayed (missing 28739 ms)
[WARN] picture is too late to be displayed (missing 28705 ms)
[WARN] picture is too late to be displayed (missing 28656 ms)
[WARN] picture is too late to be displayed (missing 28624 ms)
[WARN] picture is too late to be displayed (missing 28574 ms)
[WARN] picture is too late to be displayed (missing 28541 ms)
[ERR] more than 663 frames of late video -> dropping frame (computer too slow ?)
[ERR] more than 663 frames of late video -> dropping frame (computer too slow ?)
[ERR] more than 663 frames of late video -> dropping frame (computer too slow ?)
[ERR] more than 663 frames of late video -> dropping frame (computer too slow ?)
[ERR] more than 663 frames of late video -> dropping frame (computer too slow ?)
[ERR] more than 663 frames of late video -> dropping frame (computer too slow ?)
[ERR] more than 663 frames of late video -> dropping frame (computer too slow ?)
[ERR] more than 663 frames of late video -> dropping frame (computer too slow ?)
[WARN] picture is too late to be displayed (missing 28409 ms)
[ERR] more than 664 frames of late video -> dropping frame (computer too slow ?)
[ERR] more than 664 frames of late video -> dropping frame (computer too slow ?)
[ERR] more than 664 frames of late video -> dropping frame (computer too slow ?)
[ERR] more than 664 frames of late video -> dropping frame (computer too slow ?)
[WARN] picture is too late to be displayed (missing 27959 ms)
[WARN] picture is too late to be displayed (missing 28043 ms)
[WARN] picture is too late to be displayed (missing 27876 ms)
[WARN] picture is too late to be displayed (missing 27826 ms)
[WARN] picture is too late to be displayed (missing 27794 ms)
[WARN] picture is too late to be displayed (missing 27744 ms)
[WARN] picture is too late to be displayed (missing 27710 ms)
[WARN] picture is too late to be displayed (missing 27661 ms)
[WARN] picture is too late to be displayed (missing 27629 ms)
[WARN] picture is too late to be displayed (missing 27579 ms)
[ERR] more than 675 frames of late video -> dropping frame (computer too slow ?)
[WARN] picture is too late to be displayed (missing 27546 ms)
[ERR] more than 675 frames of late video -> dropping frame (computer too slow ?)
[ERR] more than 675 frames of late video -> dropping frame (computer too slow ?)
[ERR] more than 675 frames of late video -> dropping frame (computer too slow ?)
[ERR] more than 675 frames of late video -> dropping frame (computer too slow ?)
[ERR] more than 675 frames of late video -> dropping frame (computer too slow ?)
[ERR] more than 675 frames of late video -> dropping frame (computer too slow ?)
[ERR] more than 675 frames of late video -> dropping frame (computer too slow ?)
[ERR] more than 676 frames of late video -> dropping frame (computer too slow ?)
[WARN] picture is too late to be displayed (missing 27414 ms)
[ERR] more than 676 frames of late video -> dropping frame (computer too slow ?)
[ERR] more than 676 frames of late video -> dropping frame (computer too slow ?)
[ERR] more than 676 frames of late video -> dropping frame (computer too slow ?)
[WARN] picture is too late to be displayed (missing 26964 ms)
[WARN] picture is too late to be displayed (missing 27047 ms)
[WARN] picture is too late to be displayed (missing 26881 ms)
[WARN] picture is too late to be displayed (missing 26831 ms)
[WARN] picture is too late to be displayed (missing 26798 ms)
[WARN] picture is too late to be displayed (missing 26749 ms)
[WARN] picture is too late to be displayed (missing 26715 ms)
[WARN] picture is too late to be displayed (missing 26666 ms)
[WARN] picture is too late to be displayed (missing 26633 ms)
[WARN] picture is too late to be displayed (missing 26584 ms)
[WARN] picture is too late to be displayed (missing 26551 ms)
[ERR] more than 687 frames of late video -> dropping frame (computer too slow ?)
[ERR] more than 687 frames of late video -> dropping frame (computer too slow ?)
[ERR] more than 687 frames of late video -> dropping frame (computer too slow ?)
[ERR] more than 687 frames of late video -> dropping frame (computer too slow ?)
[ERR] more than 687 frames of late video -> dropping frame (computer too slow ?)
[ERR] more than 687 frames of late video -> dropping frame (computer too slow ?)
[ERR] more than 687 frames of late video -> dropping frame (computer too slow ?)
[ERR] more than 687 frames of late video -> dropping frame (computer too slow ?)
[WARN] picture is too late to be displayed (missing 26419 ms)
[ERR] more than 688 frames of late video -> dropping frame (computer too slow ?)
[ERR] more than 688 frames of late video -> dropping frame (computer too slow ?)
[ERR] more than 688 frames of late video -> dropping frame (computer too slow ?)
[ERR] more than 688 frames of late video -> dropping frame (computer too slow ?)
[WARN] picture is too late to be displayed (missing 25969 ms)
[WARN] picture is too late to be displayed (missing 26052 ms)
[WARN] picture is too late to be displayed (missing 25886 ms)
[WARN] picture is too late to be displayed (missing 25836 ms)
[WARN] picture is too late to be displayed (missing 25804 ms)
[WARN] picture is too late to be displayed (missing 25754 ms)
[WARN] picture is too late to be displayed (missing 25720 ms)
[WARN] picture is too late to be displayed (missing 25671 ms)
[WARN] picture is too late to be displayed (missing 25639 ms)
[WARN] picture is too late to be displayed (missing 25589 ms)
[WARN] picture is too late to be displayed (missing 25556 ms)
[ERR] more than 699 frames of late video -> dropping frame (computer too slow ?)
[ERR] more than 699 frames of late video -> dropping frame (computer too slow ?)
[ERR] more than 699 frames of late video -> dropping frame (computer too slow ?)
[ERR] more than 699 frames of late video -> dropping frame (computer too slow ?)
[ERR] more than 699 frames of late video -> dropping frame (computer too slow ?)
[ERR] more than 699 frames of late video -> dropping frame (computer too slow ?)
[ERR] more than 699 frames of late video -> dropping frame (computer too slow ?)
[ERR] more than 699 frames of late video -> dropping frame (computer too slow ?)
[ERR] more than 700 frames of late video -> dropping frame (computer too slow ?)
[ERR] more than 700 frames of late video -> dropping frame (computer too slow ?)
[WARN] picture is too late to be displayed (missing 25424 ms)
[ERR] more than 700 frames of late video -> dropping frame (computer too slow ?)
[ERR] more than 700 frames of late video -> dropping frame (computer too slow ?)
[WARN] picture is too late to be displayed (missing 24974 ms)
[WARN] picture is too late to be displayed (missing 25058 ms)
[WARN] picture is too late to be displayed (missing 24891 ms)
[WARN] picture is too late to be displayed (missing 24842 ms)
[WARN] picture is too late to be displayed (missing 24809 ms)
[WARN] picture is too late to be displayed (missing 24759 ms)
[WARN] picture is too late to be displayed (missing 24726 ms)
[WARN] picture is too late to be displayed (missing 24677 ms)
[WARN] picture is too late to be displayed (missing 24644 ms)
[WARN] picture is too late to be displayed (missing 24595 ms)
[ERR] more than 711 frames of late video -> dropping frame (computer too slow ?)
[WARN] picture is too late to be displayed (missing 24562 ms)
[ERR] more than 711 frames of late video -> dropping frame (computer too slow ?)
[ERR] more than 711 frames of late video -> dropping frame (computer too slow ?)
[ERR] more than 711 frames of late video -> dropping frame (computer too slow ?)
[ERR] more than 711 frames of late video -> dropping frame (computer too slow ?)
[ERR] more than 711 frames of late video -> dropping frame (computer too slow ?)
[ERR] more than 711 frames of late video -> dropping frame (computer too slow ?)
[ERR] more than 711 frames of late video -> dropping frame (computer too slow ?)
[WARN] picture is too late to be displayed (missing 24429 ms)
[ERR] more than 712 frames of late video -> dropping frame (computer too slow ?)
[ERR] more than 712 frames of late video -> dropping frame (computer too slow ?)
[ERR] more than 712 frames of late video -> dropping frame (computer too slow ?)
[ERR] more than 712 frames of late video -> dropping frame (computer too slow ?)
[WARN] picture is too late to be displayed (missing 23980 ms)
[WARN] picture is too late to be displayed (missing 24063 ms)
[WARN] picture is too late to be displayed (missing 23897 ms)
[WARN] picture is too late to be displayed (missing 23847 ms)
[WARN] picture is too late to be displayed (missing 23815 ms)
[WARN] picture is too late to be displayed (missing 23765 ms)
[WARN] picture is too late to be displayed (missing 23731 ms)
[WARN] picture is too late to be displayed (missing 23682 ms)
[WARN] picture is too late to be displayed (missing 23650 ms)
[WARN] picture is too late to be displayed (missing 23600 ms)
[ERR] more than 723 frames of late video -> dropping frame (computer too slow ?)
[WARN] picture is too late to be displayed (missing 23568 ms)
[ERR] more than 723 frames of late video -> dropping frame (computer too slow ?)
[ERR] more than 723 frames of late video -> dropping frame (computer too slow ?)
[ERR] more than 723 frames of late video -> dropping frame (computer too slow ?)
[ERR] more than 723 frames of late video -> dropping frame (computer too slow ?)
[ERR] more than 723 frames of late video -> dropping frame (computer too slow ?)
[ERR] more than 723 frames of late video -> dropping frame (computer too slow ?)
[ERR] more than 723 frames of late video -> dropping frame (computer too slow ?)
[ERR] more than 724 frames of late video -> dropping frame (computer too slow ?)
[WARN] picture is too late to be displayed (missing 23435 ms)
[ERR] more than 724 frames of late video -> dropping frame (computer too slow ?)
[ERR] more than 724 frames of late video -> dropping frame (computer too slow ?)
[ERR] more than 724 frames of late video -> dropping frame (computer too slow ?)
[WARN] picture is too late to be displayed (missing 22985 ms)
[WARN] picture is too late to be displayed (missing 23069 ms)
[WARN] picture is too late to be displayed (missing 22902 ms)
[WARN] picture is too late to be displayed (missing 22852 ms)
[WARN] picture is too late to be displayed (missing 22820 ms)
[WARN] picture is too late to be displayed (missing 22770 ms)
[WARN] picture is too late to be displayed (missing 22737 ms)
[WARN] picture is too late to be displayed (missing 22688 ms)
[WARN] picture is too late to be displayed (missing 22655 ms)
[WARN] picture is too late to be displayed (missing 22605 ms)
[ERR] more than 735 frames of late video -> dropping frame (computer too slow ?)
[WARN] picture is too late to be displayed (missing 22573 ms)
[ERR] more than 735 frames of late video -> dropping frame (computer too slow ?)
[ERR] more than 735 frames of late video -> dropping frame (computer too slow ?)
[ERR] more than 735 frames of late video -> dropping frame (computer too slow ?)
[ERR] more than 735 frames of late video -> dropping frame (computer too slow ?)
[ERR] more than 735 frames of late video -> dropping frame (computer too slow ?)
[ERR] more than 735 frames of late video -> dropping frame (computer too slow ?)
[ERR] more than 735 frames of late video -> dropping frame (computer too slow ?)
[ERR] more than 736 frames of late video -> dropping frame (computer too slow ?)
[WARN] picture is too late to be displayed (missing 22440 ms)
[ERR] more than 736 frames of late video -> dropping frame (computer too slow ?)
[ERR] more than 736 frames of late video -> dropping frame (computer too slow ?)
[ERR] more than 736 frames of late video -> dropping frame (computer too slow ?)
[WARN] picture is too late to be displayed (missing 21990 ms)
[WARN] picture is too late to be displayed (missing 22074 ms)
[WARN] picture is too late to be displayed (missing 21907 ms)
[WARN] picture is too late to be displayed (missing 21857 ms)
[WARN] picture is too late to be displayed (missing 21825 ms)
[WARN] picture is too late to be displayed (missing 21775 ms)
[WARN] picture is too late to be displayed (missing 21741 ms)
[WARN] picture is too late to be displayed (missing 21692 ms)
[WARN] picture is too late to be displayed (missing 21660 ms)
[WARN] picture is too late to be displayed (missing 21610 ms)
[ERR] more than 747 frames of late video -> dropping frame (computer too slow ?)
[WARN] picture is too late to be displayed (missing 21578 ms)
[ERR] more than 747 frames of late video -> dropping frame (computer too slow ?)
[ERR] more than 747 frames of late video -> dropping frame (computer too slow ?)
[ERR] more than 747 frames of late video -> dropping frame (computer too slow ?)
[ERR] more than 747 frames of late video -> dropping frame (computer too slow ?)
[ERR] more than 747 frames of late video -> dropping frame (computer too slow ?)
[ERR] more than 747 frames of late video -> dropping frame (computer too slow ?)
[ERR] more than 747 frames of late video -> dropping frame (computer too slow ?)
[WARN] picture is too late to be displayed (missing 21445 ms)
[ERR] more than 748 frames of late video -> dropping frame (computer too slow ?)
[ERR] more than 748 frames of late video -> dropping frame (computer too slow ?)
[ERR] more than 748 frames of late video -> dropping frame (computer too slow ?)
[ERR] more than 748 frames of late video -> dropping frame (computer too slow ?)
[WARN] picture is too late to be displayed (missing 20995 ms)
[WARN] picture is too late to be displayed (missing 21079 ms)
[WARN] picture is too late to be displayed (missing 20912 ms)
[WARN] picture is too late to be displayed (missing 20863 ms)
[WARN] picture is too late to be displayed (missing 20830 ms)
[WARN] picture is too late to be displayed (missing 20780 ms)
[WARN] picture is too late to be displayed (missing 20747 ms)
[WARN] picture is too late to be displayed (missing 20698 ms)
[WARN] picture is too late to be displayed (missing 20665 ms)
[WARN] picture is too late to be displayed (missing 20616 ms)
[ERR] more than 759 frames of late video -> dropping frame (computer too slow ?)
[WARN] picture is too late to be displayed (missing 20583 ms)
[ERR] more than 759 frames of late video -> dropping frame (computer too slow ?)
[ERR] more than 759 frames of late video -> dropping frame (computer too slow ?)
[ERR] more than 759 frames of late video -> dropping frame (computer too slow ?)
[ERR] more than 759 frames of late video -> dropping frame (computer too slow ?)
[ERR] more than 759 frames of late video -> dropping frame (computer too slow ?)
[ERR] more than 759 frames of late video -> dropping frame (computer too slow ?)
[ERR] more than 759 frames of late video -> dropping frame (computer too slow ?)
[ERR] more than 760 frames of late video -> dropping frame (computer too slow ?)
[WARN] picture is too late to be displayed (missing 20450 ms)
[ERR] more than 760 frames of late video -> dropping frame (computer too slow ?)
[ERR] more than 760 frames of late video -> dropping frame (computer too slow ?)
[ERR] more than 760 frames of late video -> dropping frame (computer too slow ?)
[WARN] picture is too late to be displayed (missing 20001 ms)
[WARN] picture is too late to be displayed (missing 20084 ms)
[WARN] picture is too late to be displayed (missing 19918 ms)
[WARN] picture is too late to be displayed (missing 19868 ms)
[WARN] picture is too late to be displayed (missing 19836 ms)
[WARN] picture is too late to be displayed (missing 19786 ms)
[WARN] picture is too late to be displayed (missing 19752 ms)
[WARN] picture is too late to be displayed (missing 19703 ms)
[WARN] picture is too late to be displayed (missing 19671 ms)
[WARN] picture is too late to be displayed (missing 19621 ms)
[ERR] more than 771 frames of late video -> dropping frame (computer too slow ?)
[WARN] picture is too late to be displayed (missing 19589 ms)
[ERR] more than 771 frames of late video -> dropping frame (computer too slow ?)
[ERR] more than 771 frames of late video -> dropping frame (computer too slow ?)
[ERR] more than 771 frames of late video -> dropping frame (computer too slow ?)
[ERR] more than 771 frames of late video -> dropping frame (computer too slow ?)
[ERR] more than 771 frames of late video -> dropping frame (computer too slow ?)
[ERR] more than 771 frames of late video -> dropping frame (computer too slow ?)
[ERR] more than 771 frames of late video -> dropping frame (computer too slow ?)
[WARN] picture is too late to be displayed (missing 19456 ms)
[ERR] more than 772 frames of late video -> dropping frame (computer too slow ?)
[ERR] more than 772 frames of late video -> dropping frame (computer too slow ?)
[ERR] more than 772 frames of late video -> dropping frame (computer too slow ?)
[ERR] more than 772 frames of late video -> dropping frame (computer too slow ?)
[WARN] picture is too late to be displayed (missing 19006 ms)
[WARN] picture is too late to be displayed (missing 19090 ms)
[WARN] picture is too late to be displayed (missing 18923 ms)
[WARN] picture is too late to be displayed (missing 18874 ms)
[WARN] picture is too late to be displayed (missing 18841 ms)
[WARN] picture is too late to be displayed (missing 18791 ms)
[WARN] picture is too late to be displayed (missing 18758 ms)
[WARN] picture is too late to be displayed (missing 18709 ms)
[WARN] picture is too late to be displayed (missing 18676 ms)
[WARN] picture is too late to be displayed (missing 18627 ms)
[ERR] more than 783 frames of late video -> dropping frame (computer too slow ?)
[WARN] picture is too late to be displayed (missing 18594 ms)
[ERR] more than 783 frames of late video -> dropping frame (computer too slow ?)
[ERR] more than 783 frames of late video -> dropping frame (computer too slow ?)
[ERR] more than 783 frames of late video -> dropping frame (computer too slow ?)
[ERR] more than 783 frames of late video -> dropping frame (computer too slow ?)
[ERR] more than 783 frames of late video -> dropping frame (computer too slow ?)
[ERR] more than 783 frames of late video -> dropping frame (computer too slow ?)
[ERR] more than 783 frames of late video -> dropping frame (computer too slow ?)
[ERR] more than 784 frames of late video -> dropping frame (computer too slow ?)
[WARN] picture is too late to be displayed (missing 18461 ms)
[ERR] more than 784 frames of late video -> dropping frame (computer too slow ?)
[ERR] more than 784 frames of late video -> dropping frame (computer too slow ?)
[ERR] more than 784 frames of late video -> dropping frame (computer too slow ?)
[WARN] picture is too late to be displayed (missing 18012 ms)
[WARN] picture is too late to be displayed (missing 18095 ms)
[WARN] picture is too late to be displayed (missing 17929 ms)
[WARN] picture is too late to be displayed (missing 17879 ms)
[WARN] picture is too late to be displayed (missing 17846 ms)
[WARN] picture is too late to be displayed (missing 17797 ms)
[WARN] picture is too late to be displayed (missing 17763 ms)
[WARN] picture is too late to be displayed (missing 17714 ms)
[WARN] picture is too late to be displayed (missing 17681 ms)
[WARN] picture is too late to be displayed (missing 17632 ms)
[ERR] more than 795 frames of late video -> dropping frame (computer too slow ?)
[WARN] picture is too late to be displayed (missing 17599 ms)
[ERR] more than 795 frames of late video -> dropping frame (computer too slow ?)
[ERR] more than 795 frames of late video -> dropping frame (computer too slow ?)
[ERR] more than 795 frames of late video -> dropping frame (computer too slow ?)
[ERR] more than 795 frames of late video -> dropping frame (computer too slow ?)
[ERR] more than 795 frames of late video -> dropping frame (computer too slow ?)
[ERR] more than 795 frames of late video -> dropping frame (computer too slow ?)
[ERR] more than 795 frames of late video -> dropping frame (computer too slow ?)
[ERR] more than 796 frames of late video -> dropping frame (computer too slow ?)
[WARN] picture is too late to be displayed (missing 17466 ms)
[ERR] more than 796 frames of late video -> dropping frame (computer too slow ?)
[ERR] more than 796 frames of late video -> dropping frame (computer too slow ?)
[ERR] more than 796 frames of late video -> dropping frame (computer too slow ?)
[WARN] picture is too late to be displayed (missing 17017 ms)
[WARN] picture is too late to be displayed (missing 17100 ms)
[WARN] picture is too late to be displayed (missing 16933 ms)
[WARN] picture is too late to be displayed (missing 16884 ms)
[WARN] picture is too late to be displayed (missing 16851 ms)
[WARN] picture is too late to be displayed (missing 16801 ms)
[WARN] picture is too late to be displayed (missing 16768 ms)
[WARN] picture is too late to be displayed (missing 16719 ms)
[WARN] picture is too late to be displayed (missing 16686 ms)
[WARN] picture is too late to be displayed (missing 16636 ms)
[ERR] more than 807 frames of late video -> dropping frame (computer too slow ?)
[WARN] picture is too late to be displayed (missing 16604 ms)
[ERR] more than 807 frames of late video -> dropping frame (computer too slow ?)
[ERR] more than 807 frames of late video -> dropping frame (computer too slow ?)
[ERR] more than 807 frames of late video -> dropping frame (computer too slow ?)
[ERR] more than 807 frames of late video -> dropping frame (computer too slow ?)
[ERR] more than 807 frames of late video -> dropping frame (computer too slow ?)
[ERR] more than 807 frames of late video -> dropping frame (computer too slow ?)
[ERR] more than 807 frames of late video -> dropping frame (computer too slow ?)
[ERR] more than 808 frames of late video -> dropping frame (computer too slow ?)
[WARN] picture is too late to be displayed (missing 16471 ms)
[ERR] more than 808 frames of late video -> dropping frame (computer too slow ?)
[ERR] more than 808 frames of late video -> dropping frame (computer too slow ?)
[ERR] more than 808 frames of late video -> dropping frame (computer too slow ?)
[WARN] picture is too late to be displayed (missing 16022 ms)
[WARN] picture is too late to be displayed (missing 16105 ms)
[WARN] picture is too late to be displayed (missing 15938 ms)
[WARN] picture is too late to be displayed (missing 15889 ms)
[WARN] picture is too late to be displayed (missing 15856 ms)
[WARN] picture is too late to be displayed (missing 15806 ms)
[WARN] picture is too late to be displayed (missing 15773 ms)
[WARN] picture is too late to be displayed (missing 15724 ms)
[WARN] picture is too late to be displayed (missing 15691 ms)
[WARN] picture is too late to be displayed (missing 15641 ms)
[ERR] more than 819 frames of late video -> dropping frame (computer too slow ?)
[WARN] picture is too late to be displayed (missing 15609 ms)
[ERR] more than 819 frames of late video -> dropping frame (computer too slow ?)
[ERR] more than 819 frames of late video -> dropping frame (computer too slow ?)
[ERR] more than 819 frames of late video -> dropping frame (computer too slow ?)
[ERR] more than 819 frames of late video -> dropping frame (computer too slow ?)
[ERR] more than 819 frames of late video -> dropping frame (computer too slow ?)
[ERR] more than 819 frames of late video -> dropping frame (computer too slow ?)
[ERR] more than 819 frames of late video -> dropping frame (computer too slow ?)
[ERR] more than 820 frames of late video -> dropping frame (computer too slow ?)
[WARN] picture is too late to be displayed (missing 15476 ms)
[ERR] more than 820 frames of late video -> dropping frame (computer too slow ?)
[ERR] more than 820 frames of late video -> dropping frame (computer too slow ?)
[ERR] more than 820 frames of late video -> dropping frame (computer too slow ?)
[WARN] picture is too late to be displayed (missing 15027 ms)
[WARN] picture is too late to be displayed (missing 15110 ms)
[WARN] picture is too late to be displayed (missing 14943 ms)
[WARN] picture is too late to be displayed (missing 14894 ms)
[WARN] picture is too late to be displayed (missing 14861 ms)
[WARN] picture is too late to be displayed (missing 14811 ms)
[WARN] picture is too late to be displayed (missing 14778 ms)
[WARN] picture is too late to be displayed (missing 14729 ms)
[WARN] picture is too late to be displayed (missing 14696 ms)
[WARN] picture is too late to be displayed (missing 14647 ms)
[ERR] more than 831 frames of late video -> dropping frame (computer too slow ?)
[WARN] picture is too late to be displayed (missing 14614 ms)
[ERR] more than 831 frames of late video -> dropping frame (computer too slow ?)
[ERR] more than 831 frames of late video -> dropping frame (computer too slow ?)
[ERR] more than 831 frames of late video -> dropping frame (computer too slow ?)
[ERR] more than 831 frames of late video -> dropping frame (computer too slow ?)
[ERR] more than 831 frames of late video -> dropping frame (computer too slow ?)
[ERR] more than 831 frames of late video -> dropping frame (computer too slow ?)
[ERR] more than 831 frames of late video -> dropping frame (computer too slow ?)
[ERR] more than 832 frames of late video -> dropping frame (computer too slow ?)
[WARN] picture is too late to be displayed (missing 14481 ms)
[ERR] more than 832 frames of late video -> dropping frame (computer too slow ?)
[ERR] more than 832 frames of late video -> dropping frame (computer too slow ?)
[ERR] more than 832 frames of late video -> dropping frame (computer too slow ?)
[WARN] picture is too late to be displayed (missing 14032 ms)
[WARN] picture is too late to be displayed (missing 14115 ms)
[WARN] picture is too late to be displayed (missing 13948 ms)
[WARN] picture is too late to be displayed (missing 13899 ms)
[WARN] picture is too late to be displayed (missing 13866 ms)
[WARN] picture is too late to be displayed (missing 13817 ms)
[WARN] picture is too late to be displayed (missing 13783 ms)
[WARN] picture is too late to be displayed (missing 13734 ms)
[WARN] picture is too late to be displayed (missing 13701 ms)
[WARN] picture is too late to be displayed (missing 13652 ms)
[ERR] more than 843 frames of late video -> dropping frame (computer too slow ?)
[WARN] picture is too late to be displayed (missing 13619 ms)
[ERR] more than 843 frames of late video -> dropping frame (computer too slow ?)
[ERR] more than 843 frames of late video -> dropping frame (computer too slow ?)
[ERR] more than 843 frames of late video -> dropping frame (computer too slow ?)
[ERR] more than 843 frames of late video -> dropping frame (computer too slow ?)
[ERR] more than 843 frames of late video -> dropping frame (computer too slow ?)
[ERR] more than 843 frames of late video -> dropping frame (computer too slow ?)
[ERR] more than 843 frames of late video -> dropping frame (computer too slow ?)
[ERR] more than 844 frames of late video -> dropping frame (computer too slow ?)
[WARN] picture is too late to be displayed (missing 13486 ms)
[ERR] more than 844 frames of late video -> dropping frame (computer too slow ?)
[ERR] more than 844 frames of late video -> dropping frame (computer too slow ?)
[ERR] more than 844 frames of late video -> dropping frame (computer too slow ?)
[WARN] picture is too late to be displayed (missing 13037 ms)
[WARN] picture is too late to be displayed (missing 13120 ms)
[WARN] picture is too late to be displayed (missing 12953 ms)
[WARN] picture is too late to be displayed (missing 12904 ms)
[WARN] picture is too late to be displayed (missing 12871 ms)
[WARN] picture is too late to be displayed (missing 12822 ms)
[WARN] picture is too late to be displayed (missing 12788 ms)
[WARN] picture is too late to be displayed (missing 12738 ms)
[WARN] picture is too late to be displayed (missing 12706 ms)
[WARN] picture is too late to be displayed (missing 12656 ms)
[ERR] more than 855 frames of late video -> dropping frame (computer too slow ?)
[WARN] picture is too late to be displayed (missing 12624 ms)
[ERR] more than 855 frames of late video -> dropping frame (computer too slow ?)
[ERR] more than 855 frames of late video -> dropping frame (computer too slow ?)
[ERR] more than 855 frames of late video -> dropping frame (computer too slow ?)
[ERR] more than 855 frames of late video -> dropping frame (computer too slow ?)
[ERR] more than 855 frames of late video -> dropping frame (computer too slow ?)
[ERR] more than 855 frames of late video -> dropping frame (computer too slow ?)
[ERR] more than 855 frames of late video -> dropping frame (computer too slow ?)
[ERR] more than 856 frames of late video -> dropping frame (computer too slow ?)
[WARN] picture is too late to be displayed (missing 12490 ms)
[ERR] more than 856 frames of late video -> dropping frame (computer too slow ?)
[ERR] more than 856 frames of late video -> dropping frame (computer too slow ?)
[ERR] more than 856 frames of late video -> dropping frame (computer too slow ?)
[WARN] picture is too late to be displayed (missing 12041 ms)
[WARN] picture is too late to be displayed (missing 12124 ms)
[WARN] picture is too late to be displayed (missing 11958 ms)
[WARN] picture is too late to be displayed (missing 11908 ms)
[WARN] picture is too late to be displayed (missing 11876 ms)
[WARN] picture is too late to be displayed (missing 11826 ms)
[WARN] picture is too late to be displayed (missing 11792 ms)
[WARN] picture is too late to be displayed (missing 11743 ms)
[WARN] picture is too late to be displayed (missing 11711 ms)
[WARN] picture is too late to be displayed (missing 11661 ms)
[ERR] more than 867 frames of late video -> dropping frame (computer too slow ?)
[WARN] picture is too late to be displayed (missing 11629 ms)
[ERR] more than 867 frames of late video -> dropping frame (computer too slow ?)
[ERR] more than 867 frames of late video -> dropping frame (computer too slow ?)
[ERR] more than 867 frames of late video -> dropping frame (computer too slow ?)
[ERR] more than 867 frames of late video -> dropping frame (computer too slow ?)
[ERR] more than 867 frames of late video -> dropping frame (computer too slow ?)
[ERR] more than 867 frames of late video -> dropping frame (computer too slow ?)
[ERR] more than 867 frames of late video -> dropping frame (computer too slow ?)
[ERR] more than 868 frames of late video -> dropping frame (computer too slow ?)
[WARN] picture is too late to be displayed (missing 11496 ms)
[ERR] more than 868 frames of late video -> dropping frame (computer too slow ?)
[ERR] more than 868 frames of late video -> dropping frame (computer too slow ?)
[ERR] more than 868 frames of late video -> dropping frame (computer too slow ?)
[WARN] picture is too late to be displayed (missing 11046 ms)
[WARN] picture is too late to be displayed (missing 11130 ms)
[WARN] picture is too late to be displayed (missing 10963 ms)
[WARN] picture is too late to be displayed (missing 10914 ms)
[WARN] picture is too late to be displayed (missing 10881 ms)
[WARN] picture is too late to be displayed (missing 10831 ms)
[WARN] picture is too late to be displayed (missing 10798 ms)
[WARN] picture is too late to be displayed (missing 10749 ms)
[WARN] picture is too late to be displayed (missing 10716 ms)
[WARN] picture is too late to be displayed (missing 10666 ms)
[ERR] more than 879 frames of late video -> dropping frame (computer too slow ?)
[WARN] picture is too late to be displayed (missing 10634 ms)
[ERR] more than 879 frames of late video -> dropping frame (computer too slow ?)
[ERR] more than 879 frames of late video -> dropping frame (computer too slow ?)
[ERR] more than 879 frames of late video -> dropping frame (computer too slow ?)
[ERR] more than 879 frames of late video -> dropping frame (computer too slow ?)
[ERR] more than 879 frames of late video -> dropping frame (computer too slow ?)
[ERR] more than 879 frames of late video -> dropping frame (computer too slow ?)
[ERR] more than 879 frames of late video -> dropping frame (computer too slow ?)
[WARN] picture is too late to be displayed (missing 10501 ms)
[ERR] more than 880 frames of late video -> dropping frame (computer too slow ?)
[ERR] more than 880 frames of late video -> dropping frame (computer too slow ?)
[ERR] more than 880 frames of late video -> dropping frame (computer too slow ?)
[ERR] more than 880 frames of late video -> dropping frame (computer too slow ?)
[WARN] picture is too late to be displayed (missing 10052 ms)
[WARN] picture is too late to be displayed (missing 10135 ms)
[WARN] picture is too late to be displayed (missing 9968 ms)
[WARN] picture is too late to be displayed (missing 9919 ms)
[WARN] picture is too late to be displayed (missing 9886 ms)
[WARN] picture is too late to be displayed (missing 9837 ms)
[WARN] picture is too late to be displayed (missing 9803 ms)
[WARN] picture is too late to be displayed (missing 9754 ms)
[WARN] picture is too late to be displayed (missing 9721 ms)
[WARN] picture is too late to be displayed (missing 9672 ms)
[ERR] more than 891 frames of late video -> dropping frame (computer too slow ?)
[WARN] picture is too late to be displayed (missing 9639 ms)
[ERR] more than 891 frames of late video -> dropping frame (computer too slow ?)
[ERR] more than 891 frames of late video -> dropping frame (computer too slow ?)
[ERR] more than 891 frames of late video -> dropping frame (computer too slow ?)
[ERR] more than 891 frames of late video -> dropping frame (computer too slow ?)
[ERR] more than 891 frames of late video -> dropping frame (computer too slow ?)
[ERR] more than 891 frames of late video -> dropping frame (computer too slow ?)
[ERR] more than 891 frames of late video -> dropping frame (computer too slow ?)
[ERR] more than 892 frames of late video -> dropping frame (computer too slow ?)
[WARN] picture is too late to be displayed (missing 9506 ms)
[ERR] more than 892 frames of late video -> dropping frame (computer too slow ?)
[ERR] more than 892 frames of late video -> dropping frame (computer too slow ?)
[ERR] more than 892 frames of late video -> dropping frame (computer too slow ?)
[WARN] picture is too late to be displayed (missing 9057 ms)
[WARN] picture is too late to be displayed (missing 9140 ms)
[WARN] picture is too late to be displayed (missing 8974 ms)
[WARN] picture is too late to be displayed (missing 8924 ms)
[WARN] picture is too late to be displayed (missing 8891 ms)
[WARN] picture is too late to be displayed (missing 8842 ms)
[WARN] picture is too late to be displayed (missing 8808 ms)
[WARN] picture is too late to be displayed (missing 8759 ms)
[WARN] picture is too late to be displayed (missing 8727 ms)
[WARN] picture is too late to be displayed (missing 8677 ms)
[ERR] more than 903 frames of late video -> dropping frame (computer too slow ?)
[WARN] picture is too late to be displayed (missing 8644 ms)
[ERR] more than 903 frames of late video -> dropping frame (computer too slow ?)
[ERR] more than 903 frames of late video -> dropping frame (computer too slow ?)
[ERR] more than 903 frames of late video -> dropping frame (computer too slow ?)
[ERR] more than 903 frames of late video -> dropping frame (computer too slow ?)
[ERR] more than 903 frames of late video -> dropping frame (computer too slow ?)
[ERR] more than 903 frames of late video -> dropping frame (computer too slow ?)
[ERR] more than 903 frames of late video -> dropping frame (computer too slow ?)
[WARN] picture is too late to be displayed (missing 8512 ms)
[ERR] more than 904 frames of late video -> dropping frame (computer too slow ?)
[ERR] more than 904 frames of late video -> dropping frame (computer too slow ?)
[ERR] more than 904 frames of late video -> dropping frame (computer too slow ?)
[ERR] more than 904 frames of late video -> dropping frame (computer too slow ?)
[WARN] picture is too late to be displayed (missing 8062 ms)
[WARN] picture is too late to be displayed (missing 8146 ms)
[WARN] picture is too late to be displayed (missing 7979 ms)
[WARN] picture is too late to be displayed (missing 7929 ms)
[WARN] picture is too late to be displayed (missing 7897 ms)
[WARN] picture is too late to be displayed (missing 7847 ms)
[WARN] picture is too late to be displayed (missing 7813 ms)
[WARN] picture is too late to be displayed (missing 7764 ms)
[WARN] picture is too late to be displayed (missing 7731 ms)
[WARN] picture is too late to be displayed (missing 7682 ms)
[ERR] more than 915 frames of late video -> dropping frame (computer too slow ?)
[WARN] picture is too late to be displayed (missing 7649 ms)
[ERR] more than 915 frames of late video -> dropping frame (computer too slow ?)
[ERR] more than 915 frames of late video -> dropping frame (computer too slow ?)
[ERR] more than 915 frames of late video -> dropping frame (computer too slow ?)
[ERR] more than 915 frames of late video -> dropping frame (computer too slow ?)
[ERR] more than 915 frames of late video -> dropping frame (computer too slow ?)
[ERR] more than 915 frames of late video -> dropping frame (computer too slow ?)
[ERR] more than 915 frames of late video -> dropping frame (computer too slow ?)
[ERR] more than 916 frames of late video -> dropping frame (computer too slow ?)
[ERR] more than 916 frames of late video -> dropping frame (computer too slow ?)
[WARN] picture is too late to be displayed (missing 7516 ms)
[ERR] more than 916 frames of late video -> dropping frame (computer too slow ?)
[ERR] more than 916 frames of late video -> dropping frame (computer too slow ?)
[WARN] picture is too late to be displayed (missing 7067 ms)
[WARN] picture is too late to be displayed (missing 7150 ms)
[WARN] picture is too late to be displayed (missing 6983 ms)
[WARN] picture is too late to be displayed (missing 6933 ms)
[WARN] picture is too late to be displayed (missing 6901 ms)
[WARN] picture is too late to be displayed (missing 6851 ms)
[WARN] picture is too late to be displayed (missing 6817 ms)
[WARN] picture is too late to be displayed (missing 6768 ms)
[WARN] picture is too late to be displayed (missing 6736 ms)
[WARN] picture is too late to be displayed (missing 6686 ms)
[ERR] more than 927 frames of late video -> dropping frame (computer too slow ?)
[WARN] picture is too late to be displayed (missing 6654 ms)
[ERR] more than 927 frames of late video -> dropping frame (computer too slow ?)
[ERR] more than 927 frames of late video -> dropping frame (computer too slow ?)
[ERR] more than 927 frames of late video -> dropping frame (computer too slow ?)
[ERR] more than 927 frames of late video -> dropping frame (computer too slow ?)
[ERR] more than 927 frames of late video -> dropping frame (computer too slow ?)
[ERR] more than 927 frames of late video -> dropping frame (computer too slow ?)
[ERR] more than 927 frames of late video -> dropping frame (computer too slow ?)
[ERR] more than 928 frames of late video -> dropping frame (computer too slow ?)
[WARN] picture is too late to be displayed (missing 6521 ms)
[ERR] more than 928 frames of late video -> dropping frame (computer too slow ?)
[ERR] more than 928 frames of late video -> dropping frame (computer too slow ?)
[ERR] more than 928 frames of late video -> dropping frame (computer too slow ?)
[WARN] picture is too late to be displayed (missing 6072 ms)
[WARN] picture is too late to be displayed (missing 6155 ms)
[WARN] picture is too late to be displayed (missing 5988 ms)
[WARN] picture is too late to be displayed (missing 5939 ms)
[WARN] picture is too late to be displayed (missing 5906 ms)
[WARN] picture is too late to be displayed (missing 5857 ms)
[WARN] picture is too late to be displayed (missing 5823 ms)
[WARN] picture is too late to be displayed (missing 5774 ms)
[WARN] picture is too late to be displayed (missing 5741 ms)
[WARN] picture is too late to be displayed (missing 5692 ms)
[ERR] more than 939 frames of late video -> dropping frame (computer too slow ?)
[WARN] picture is too late to be displayed (missing 5659 ms)
[ERR] more than 939 frames of late video -> dropping frame (computer too slow ?)
[ERR] more than 939 frames of late video -> dropping frame (computer too slow ?)
[ERR] more than 939 frames of late video -> dropping frame (computer too slow ?)
[ERR] more than 939 frames of late video -> dropping frame (computer too slow ?)
[ERR] more than 939 frames of late video -> dropping frame (computer too slow ?)
[ERR] more than 939 frames of late video -> dropping frame (computer too slow ?)
[ERR] more than 939 frames of late video -> dropping frame (computer too slow ?)
[ERR] more than 940 frames of late video -> dropping frame (computer too slow ?)
[WARN] picture is too late to be displayed (missing 5527 ms)
[ERR] more than 940 frames of late video -> dropping frame (computer too slow ?)
[ERR] more than 940 frames of late video -> dropping frame (computer too slow ?)
[ERR] more than 940 frames of late video -> dropping frame (computer too slow ?)
[WARN] picture is too late to be displayed (missing 5077 ms)
[WARN] picture is too late to be displayed (missing 5160 ms)
[WARN] picture is too late to be displayed (missing 4994 ms)
[WARN] picture is too late to be displayed (missing 4944 ms)
[WARN] picture is too late to be displayed (missing 4912 ms)
[WARN] picture is too late to be displayed (missing 4862 ms)
[WARN] picture is too late to be displayed (missing 4828 ms)
[WARN] picture is too late to be displayed (missing 4779 ms)
[WARN] picture is too late to be displayed (missing 4747 ms)
[WARN] picture is too late to be displayed (missing 4697 ms)
[ERR] more than 951 frames of late video -> dropping frame (computer too slow ?)
[WARN] picture is too late to be displayed (missing 4665 ms)
[ERR] more than 951 frames of late video -> dropping frame (computer too slow ?)
[ERR] more than 951 frames of late video -> dropping frame (computer too slow ?)
[ERR] more than 951 frames of late video -> dropping frame (computer too slow ?)
[ERR] more than 951 frames of late video -> dropping frame (computer too slow ?)
[ERR] more than 951 frames of late video -> dropping frame (computer too slow ?)
[ERR] more than 951 frames of late video -> dropping frame (computer too slow ?)
[ERR] more than 951 frames of late video -> dropping frame (computer too slow ?)
[ERR] more than 952 frames of late video -> dropping frame (computer too slow ?)
[WARN] picture is too late to be displayed (missing 4532 ms)
[ERR] more than 952 frames of late video -> dropping frame (computer too slow ?)
[ERR] more than 952 frames of late video -> dropping frame (computer too slow ?)
[ERR] more than 952 frames of late video -> dropping frame (computer too slow ?)
[WARN] picture is too late to be displayed (missing 4083 ms)
[WARN] picture is too late to be displayed (missing 4166 ms)
[WARN] picture is too late to be displayed (missing 3999 ms)
[WARN] picture is too late to be displayed (missing 3950 ms)
[WARN] picture is too late to be displayed (missing 3917 ms)
[WARN] picture is too late to be displayed (missing 3868 ms)
[WARN] picture is too late to be displayed (missing 3834 ms)
[WARN] picture is too late to be displayed (missing 3785 ms)
[WARN] picture is too late to be displayed (missing 3752 ms)
[WARN] picture is too late to be displayed (missing 3703 ms)
[ERR] more than 963 frames of late video -> dropping frame (computer too slow ?)
[WARN] picture is too late to be displayed (missing 3670 ms)
[ERR] more than 963 frames of late video -> dropping frame (computer too slow ?)
[ERR] more than 963 frames of late video -> dropping frame (computer too slow ?)
[ERR] more than 963 frames of late video -> dropping frame (computer too slow ?)
[ERR] more than 963 frames of late video -> dropping frame (computer too slow ?)
[ERR] more than 963 frames of late video -> dropping frame (computer too slow ?)
[ERR] more than 963 frames of late video -> dropping frame (computer too slow ?)
[ERR] more than 963 frames of late video -> dropping frame (computer too slow ?)
[WARN] picture is too late to be displayed (missing 3538 ms)
[ERR] more than 964 frames of late video -> dropping frame (computer too slow ?)
[ERR] more than 964 frames of late video -> dropping frame (computer too slow ?)
[ERR] more than 964 frames of late video -> dropping frame (computer too slow ?)
[ERR] more than 964 frames of late video -> dropping frame (computer too slow ?)
[WARN] picture is too late to be displayed (missing 3088 ms)
[WARN] picture is too late to be displayed (missing 3172 ms)
[WARN] picture is too late to be displayed (missing 3005 ms)
[WARN] picture is too late to be displayed (missing 2955 ms)
[WARN] picture is too late to be displayed (missing 2923 ms)
[WARN] picture is too late to be displayed (missing 2873 ms)
[WARN] picture is too late to be displayed (missing 2839 ms)
[WARN] picture is too late to be displayed (missing 2790 ms)
[WARN] picture is too late to be displayed (missing 2758 ms)
[WARN] picture is too late to be displayed (missing 2708 ms)
[ERR] more than 975 frames of late video -> dropping frame (computer too slow ?)
[WARN] picture is too late to be displayed (missing 2675 ms)
[ERR] more than 975 frames of late video -> dropping frame (computer too slow ?)
[ERR] more than 975 frames of late video -> dropping frame (computer too slow ?)
[ERR] more than 975 frames of late video -> dropping frame (computer too slow ?)
[ERR] more than 975 frames of late video -> dropping frame (computer too slow ?)
[ERR] more than 975 frames of late video -> dropping frame (computer too slow ?)
[ERR] more than 975 frames of late video -> dropping frame (computer too slow ?)
[ERR] more than 975 frames of late video -> dropping frame (computer too slow ?)
[ERR] more than 976 frames of late video -> dropping frame (computer too slow ?)
[WARN] picture is too late to be displayed (missing 2542 ms)
[ERR] more than 976 frames of late video -> dropping frame (computer too slow ?)
[ERR] more than 976 frames of late video -> dropping frame (computer too slow ?)
[ERR] more than 976 frames of late video -> dropping frame (computer too slow ?)
[WARN] picture is too late to be displayed (missing 2093 ms)
[WARN] picture is too late to be displayed (missing 2176 ms)
[WARN] picture is too late to be displayed (missing 2010 ms)
[WARN] picture is too late to be displayed (missing 1960 ms)
[WARN] picture is too late to be displayed (missing 1927 ms)
[WARN] picture is too late to be displayed (missing 1878 ms)
[WARN] picture is too late to be displayed (missing 1844 ms)
[WARN] picture is too late to be displayed (missing 1795 ms)
[WARN] picture is too late to be displayed (missing 1763 ms)
[WARN] picture is too late to be displayed (missing 1713 ms)
[ERR] more than 987 frames of late video -> dropping frame (computer too slow ?)
[WARN] picture is too late to be displayed (missing 1681 ms)
[ERR] more than 987 frames of late video -> dropping frame (computer too slow ?)
[ERR] more than 987 frames of late video -> dropping frame (computer too slow ?)
[ERR] more than 987 frames of late video -> dropping frame (computer too slow ?)
[ERR] more than 987 frames of late video -> dropping frame (computer too slow ?)
[ERR] more than 987 frames of late video -> dropping frame (computer too slow ?)
[ERR] more than 987 frames of late video -> dropping frame (computer too slow ?)
[ERR] more than 987 frames of late video -> dropping frame (computer too slow ?)
[ERR] more than 988 frames of late video -> dropping frame (computer too slow ?)
[WARN] picture is too late to be displayed (missing 1548 ms)
[ERR] more than 988 frames of late video -> dropping frame (computer too slow ?)
[ERR] more than 988 frames of late video -> dropping frame (computer too slow ?)
[ERR] more than 988 frames of late video -> dropping frame (computer too slow ?)
[WARN] picture is too late to be displayed (missing 1098 ms)
[WARN] picture is too late to be displayed (missing 1182 ms)
[WARN] picture is too late to be displayed (missing 1015 ms)
[WARN] picture is too late to be displayed (missing 966 ms)
[WARN] picture is too late to be displayed (missing 933 ms)
[WARN] picture is too late to be displayed (missing 883 ms)
[WARN] picture is too late to be displayed (missing 850 ms)
[WARN] picture is too late to be displayed (missing 801 ms)
[WARN] picture is too late to be displayed (missing 768 ms)
[WARN] picture is too late to be displayed (missing 719 ms)
[ERR] more than 999 frames of late video -> dropping frame (computer too slow ?)
[WARN] picture is too late to be displayed (missing 686 ms)
[ERR] more than 999 frames of late video -> dropping frame (computer too slow ?)
[ERR] more than 999 frames of late video -> dropping frame (computer too slow ?)
[ERR] more than 999 frames of late video -> dropping frame (computer too slow ?)
[ERR] more than 999 frames of late video -> dropping frame (computer too slow ?)
[ERR] more than 999 frames of late video -> dropping frame (computer too slow ?)
[ERR] more than 999 frames of late video -> dropping frame (computer too slow ?)
[ERR] more than 999 frames of late video -> dropping frame (computer too slow ?)
[WARN] picture is too late to be displayed (missing 553 ms)
[ERR] more than 1000 frames of late video -> dropping frame (computer too slow ?)
[ERR] more than 1000 frames of late video -> dropping frame (computer too slow ?)
[ERR] more than 1000 frames of late video -> dropping frame (computer too slow ?)
[ERR] more than 1000 frames of late video -> dropping frame (computer too slow ?)
[WARN] picture is too late to be displayed (missing 104 ms)
[WARN] picture is too late to be displayed (missing 187 ms)
[DBG] picture displayed late (missing 16 ms)
[DBG] New Chapter 165966000 uid=803082747308795293
[DBG] Detected interlaced video
[DBG] deinterlace -1, mode auto, is_needed 1
[DBG] Adding 'deinterlace' as static
[DBG] looking for video filter module matching "deinterlace,chain": 2 candidates
[DBG] using x deinterlace method
[DBG] deinterlacing
[DBG] using video filter module "deinterlace"
[DBG] Filter 'deinterlace' (0x10f0c8600) appended to chain (0x107244000)
[DBG] picture displayed late (missing 10 ms)
[DBG] picture displayed late (missing 16 ms)
9:17:30.468 PM [player] dismiss at 178003 ms, state Playing
9:17:30.468 PM [display] cleared: maxFPS=60 edrHeadroom=1.00/1.00 gamut=1 matchingEnabled=true switchInProgress=false criteria=nil
9:17:30.470 PM [player] state Stopping at 178546 ms
[DBG] killing decoder fourcc `mpgv'
[DBG] removing "video decoder" module "avcodec"
[DBG] removing "video packetizer" module "mpegvideo"
[DBG] removing "video converter" module "swscale"
[DBG] Filter 0x10c33c900 removed from chain
[DBG] removing "video converter" module "cvpx"
[DBG] Filter 0x10c33cc00 removed from chain
[DBG] removing "video converter" module "chain"
[DBG] removing "video filter" module "deinterlace"
[DBG] Filter 0x10f0c8600 removed from chain
[DBG] saving a free vout
[DBG] ES track unselected: 'video/1' (fourcc: 'mpgv')
9:17:30.514 PM [player] track selected type=1 selected= unselected=video/1
[DBG] killing decoder fourcc `a52 '
[DBG] removing "audio decoder" module "avcodec"
[DBG] removing "audio packetizer" module "a52"
[DBG] removing "audio resampler" module "soxr"
[DBG] removing "audio filter" module "scaletempo"
[DBG] removing "audio volume" module "float_mixer"
[DBG] keeping audio output
[DBG] ES track unselected: 'audio/2' (fourcc: 'a52 ')
9:17:30.596 PM [player] track selected type=0 selected= unselected=audio/2
[DBG] killing decoder fourcc `subt'
[DBG] removing "spu decoder" module "subsdec"
[DBG] ES track unselected: 'spu/4' (fourcc: 'subt')
[DBG] removing "demux" module "mkv"
[DBG] ES track deleted: 'video/1' (fourcc: 'mpgv')
9:17:30.596 PM [player] track selected type=2 selected= unselected=spu/4
[DBG] ES track deleted: 'audio/2' (fourcc: 'a52 ')
[DBG] ES track deleted: 'audio/3' (fourcc: 'a52 ')
[DBG] ES track deleted: 'spu/4' (fourcc: 'subt')
[DBG] Program doesn't contain anymore ES
[DBG] removing "stream_filter" module "record"
[DBG] removing "stream_filter" module "prefetch"
[DBG] removing "access" module "http"
[DBG] connection failed
9:17:30.598 PM [player] state Stopped at 178546 ms
[DBG] stop free vout
