9:46:51.413 PM [log] started 2026-09-15 01:46:51 +0000 VLCKit 4.0.0-dev Otto Chriek
[DBG] VLC media player - 4.0.0-dev Otto Chriek
[DBG] Copyright © 1996-2026 the VideoLAN team
[DBG] revision 4.0.0-dev-38818-ge50d9ac36a
[DBG] configured with /Users/marlin1111/vlckit-build/VLCKit/libvlc/vlc/configure  '--host=aarch64-apple-darwin' '--build=aarch64-apple-darwin25.6.0' '--prefix=/Users/marlin1111/vlckit-build/VLCKit/libvlc/vlc/build-appletvos-arm64/vlc-appletvos27.0-arm64' '--with-contrib=/Users/marlin1111/vlckit-build/VLCKit/libvlc/vlc/contrib/arm64-appletvos27.0' '--disable-sse' '--disable-vcd' '--disable-macosx' '--disable-macosx-avfoundation' '--disable-lua' '--disable-qt' '--disable-skins2' '--disable-vlc' '--disable-vlm' '--disable-nls' '--disable-notify' '--disable-projectm' '--disable-goom' '--disable-dvdread' '--disable-dvdnav' '--disable-bluray' '--disable-linsys' '--disable-libva' '--disable-gme' '--disable-tremor' '--disable-fluidsynth' '--disable-jack' '--disable-pulse' '--disable-mtp' '--disable-screen' '--disable-sparkle' '--disable-addonmanagermodules' '--disable-mad' '--disable-upnp-server' '--disable-debug' '--disable-shared' '--enable-static' 'CFLAGS=-mtvos-version-min=11.0 -arch arm64 -isysroot /Applications/Xcode.app/Contents/Developer/Platforms/AppleTVOS.platform/Developer/SDKs/AppleTVOS27.0.sdk -g' 'OBJCFLAGS=-mtvos-version-min=11.0 -arch arm64 -isysroot /Applications/Xcode.app/Contents/Developer/Platforms/AppleTVOS.platform/Developer/SDKs/AppleTVOS27.0.sdk -g' 'CXXFLAGS=-mtvos-version-min=11.0 -arch arm64 -isysroot /Applications/Xcode.app/Contents/Developer/Platforms/AppleTVOS.platform/Developer/SDKs/AppleTVOS27.0.sdk -g' 'OBJCXXFLAGS=-mtvos-version-min=11.0 -arch arm64 -isysroot /Applications/Xcode.app/Contents/Developer/Platforms/AppleTVOS.platform/Developer/SDKs/AppleTVOS27.0.sdk -g' 'ac_cv_prog_cc_c23=no' 'ac_cv_func_basename_r=no' 'ac_cv_func_clock_getres=no' 'ac_cv_func_clock_gettime=no' 'ac_cv_func_clock_settime=no' 'ac_cv_func_dirname_r=no' 'ac_cv_func_getentropy=no' 'ac_cv_func_mkostemp=no' 'ac_cv_func_mkostemps=no' 'ac_cv_func_timingsafe_bcmp=no' 'ac_cv_func_open_wmemstream=no' 'ac_cv_func_fmemopen=no' 'ac_cv_func_open_memstream=no' 'ac_cv_func_futimens=no' 'ac_cv_func_utimensat=no' 'ac_cv_func_dup3=no' 'ac_cv_func_pipe2=no' 'ac_cv_func_thread_get_register_pointer_values=no' 'ac_cv_func_aligned_alloc=no' 'ac_cv_func_timespec_get=no' 'build_alias=aarch64-apple-darwin25.6.0' 'host_alias=aarch64-apple-darwin' 'CC=/Applications/Xcode.app/Contents/Developer/Toolchains/XcodeDefault.xctoolchain/usr/bin/clang' 'LDFLAGS=-mtvos-version-min=11.0 -mtvos-version-min=11.0 -arch arm64 -isysroot /Applications/Xcode.app/Contents/Developer/Platforms/AppleTVOS.platform/Developer/SDKs/AppleTVOS27.0.sdk ' 'CPPFLAGS=-arch arm64 -isysroot /Applications/Xcode.app/Contents/Developer/Platforms/AppleTVOS.platform/Developer/SDKs/AppleTVOS27.0.sdk' 'CXX=/Applications/Xcode.app/Contents/Developer/Toolchains/XcodeDefault.xctoolchain/usr/bin/clang++' 'CPP=/Applications/Xcode.app/Contents/Developer/Toolchains/XcodeDefault.xctoolchain/usr/bin/clang -E' 'OBJC=/Applications/Xcode.app/Contents/Developer/Toolchains/XcodeDefault.xctoolchain/usr/bin/clang' 'OBJCXX=/Applications/Xcode.app/Contents/Developer/Toolchains/XcodeDefault.xctoolchain/usr/bin/clang++' 'PKG_CONFIG_LIBDIR='
[DBG] creating audio output
[DBG] looking for audio output module matching "any": 2 candidates
[DBG] using audio output module "avsamplebuffer"
[DBG] keeping audio output
9:46:51.420 PM [player] request Stargate — Extended · SD · AC-3 5.1 — http://192.168.1.250:8093/stream/2
9:46:51.420 PM [player] file Movies/Stargate (1994)/Stargate (1994) {edition-Extended}.mkv 720x480 hdr=false video=mpeg2video Main audio=ac3 5.1(side), ac3 stereo
9:46:51.441 PM [display] before: maxFPS=60 edrHeadroom=1.00/1.00 gamut=1 matchingEnabled=true switchInProgress=false criteria=nil
[DBG] Creating an input for preparsing '2'
9:46:51.578 PM [display] parse finished with status 6
9:46:51.578 PM [display] request (from parsed media) refresh=29.971 range=SDR (BT.709) codec=MPEG-1/2 Video 720x480 — after set: maxFPS=60 edrHeadroom=1.00/1.00 gamut=1 matchingEnabled=true switchInProgress=false criteria=set
[DBG] Creating an input for playback'2'
9:46:51.578 PM [player] play() called
9:46:51.579 PM [player] state Opening at 0 ms
9:46:51.579 PM [player] buffering 0.0
[DBG] using timeshift granularity of 50 MiB
[DBG] using default timeshift path
[DBG] `http://192.168.1.250:8093/stream/2' gives access `http' demux `mkv_trusted' path `192.168.1.250:8093/stream/2'
[DBG] creating access: http://192.168.1.250:8093/stream/2
[DBG] looking for access module matching "http": 2 candidates
[DBG] looking for keystore module matching "any": 1 candidates
[DBG] using keystore module "keychain"
[DBG] Lookup keychain entry for server 192.168.1.250
[WARN] lookup failed (-25300: 'Item not found')
[DBG] resolving 192.168.1.250 ...
[DBG] outgoing request:
GET /stream/2 HTTP/1.1
Host: 192.168.1.250:8093
Accept: */*
Accept-Language: en_US
User-Agent: VLC/4.0.0-dev LibVLC/4.0.0-dev
Range: bytes=0-


9:46:51.580 PM [display] mode switch start: maxFPS=60 edrHeadroom=1.00/1.00 gamut=1 matchingEnabled=true switchInProgress=true criteria=set
[DBG] incoming response:
HTTP/1.1 206 Partial Content
Accept-Ranges: bytes
Content-Length: 5722251076
Content-Range: bytes 0-5722251075/5722251076
Content-Type: video/x-matroska
Last-Modified: Fri, 17 Jul 2026 19:22:43 GMT
Date: Tue, 15 Sep 2026 01:46:51 GMT


[DBG] removing "keystore" module "keychain"
[DBG] using access module "http"
[DBG] looking for stream_filter module matching "prefetch,cache": 2 candidates
[DBG] using 16777216 bytes buffer
[DBG] using stream_filter module "prefetch"
[DBG] looking for stream_filter module matching "any": 4 candidates
[DBG] no stream_filter modules matched with name any
[DBG] looking for stream_directory module matching "any": 0 candidates
[DBG] no stream_directory modules matched with name any
[DBG] attachment of directory-extractor failed for http://192.168.1.250:8093/stream/2
[DBG] looking for stream_filter module matching "record": 1 candidates
[DBG] using stream_filter module "record"
[DBG] creating demux "mkv_trusted", URL: http://192.168.1.250:8093/stream/2, path: (null)
[DBG] looking for demux module matching "mkv_trusted": 1 candidates
[DBG] |   + Seek head
[DBG] |   - info at 1207
[DBG] |   + Information
[DBG] |   |   + TimecodeScale=1000000
[DBG] |   |   + Muxing Application=libmakemkv v1.18.4 (1.3.10/1.5.2) darwin(arm64-release)
[DBG] |   |   + Writing Application=MakeMKV v1.18.4 darwin(arm64-release)
[DBG] |   |   + Duration=7798056
[DBG] |   |   + Date=Fri Jul 17 19:10:16 2026
[DBG] |   |   + UID=fc59c1d6626f549
[DBG] |   - tracks at 1355
[DBG] |   + Tracks
[DBG] |   |   + Track Entry
[DBG] |   |   |   + Track Number=1
[DBG] |   |   |   + Track UID=1
[DBG] |   |   |   + Track Type=video
[DBG] |   |   |   + Track Default=0
[DBG] |   |   |   + Track Lacing=0
[DBG] |   |   |   + Track MinCache=2
[DBG] |   |   |   + Track CodecId=V_MPEG2
[DBG] |   |   |   + Track CodecPrivate size=150
[DBG] |   |   |   + Track Default Duration=33366
[DBG] |   |   |   + Track Video
[DBG] |   |   |   |   + width=720
[DBG] |   |   |   |   + height=480
[DBG] |   |   |   |   + display width=640
[DBG] |   |   |   |   + display height=480
[DBG] |   |   + Track Entry
[DBG] |   |   |   + Track Number=2
[DBG] |   |   |   + Track UID=2
[DBG] |   |   |   + Track Type=audio
[DBG] |   |   |   + Track Default=1
[DBG] |   |   |   + Track Lacing=1
[DBG] |   |   |   + Track CodecId=A_AC3
[DBG] |   |   |   + Track Language=`eng'
[DBG] |   |   |   + Track Default Duration=32000
[DBG] |   |   |   + Track Name=Surround 5.1
[DBG] |   |   |   + Track Audio
[DBG] |   |   |   |   + afreq=48000
[DBG] |   |   |   |   + achan=6
[DBG] |   |   + Track Entry
[DBG] |   |   |   + Track Number=3
[DBG] |   |   |   + Track UID=3
[DBG] |   |   |   + Track Type=audio
[DBG] |   |   |   + Track Default=0
[DBG] |   |   |   + Track Lacing=1
[DBG] |   |   |   + Track CodecId=A_AC3
[DBG] |   |   |   + Track Language=`eng'
[DBG] |   |   |   + Track Default Duration=32000
[DBG] |   |   |   + Track Name=Stereo
[DBG] |   |   |   + Track Audio
[DBG] |   |   |   |   + afreq=48000
[DBG] |   |   |   |   + achan=2
[DBG] |   |   + Track Entry
[DBG] |   |   |   + Track Number=4
[DBG] |   |   |   + Track UID=4
[DBG] |   |   |   + Track Type=subtitle
[DBG] |   |   |   + Track Default=1
[DBG] |   |   |   + Track Lacing=0
[DBG] |   |   |   + Track CodecId=S_TEXT/UTF8
[DBG] |   |   |   + Track Language=`eng'
[DBG] |   - cues at 5721968431
[DBG] resolving 192.168.1.250 ...
[DBG] outgoing request:
GET /stream/2 HTTP/1.1
Host: 192.168.1.250:8093
Accept: */*
Accept-Language: en_US
User-Agent: VLC/4.0.0-dev LibVLC/4.0.0-dev
If-Unmodified-Since: Fri, 17 Jul 2026 19:22:43 GMT
Range: bytes=5721968431-


[DBG] incoming response:
HTTP/1.1 206 Partial Content
Accept-Ranges: bytes
Content-Length: 282645
Content-Range: bytes 5721968431-5722251075/5722251076
Content-Type: video/x-matroska
Last-Modified: Fri, 17 Jul 2026 19:22:43 GMT
Date: Tue, 15 Sep 2026 01:46:51 GMT


[DBG] connection failed
[DBG] |   + Cues
[DBG] end of stream
[DBG] |   - loading cues done.
[DBG] resolving 192.168.1.250 ...
[DBG] outgoing request:
GET /stream/2 HTTP/1.1
Host: 192.168.1.250:8093
Accept: */*
Accept-Language: en_US
User-Agent: VLC/4.0.0-dev LibVLC/4.0.0-dev
If-Unmodified-Since: Fri, 17 Jul 2026 19:22:43 GMT
Range: bytes=123-


[DBG] incoming response:
HTTP/1.1 206 Partial Content
Accept-Ranges: bytes
Content-Length: 5722250953
Content-Range: bytes 123-5722251075/5722251076
Content-Type: video/x-matroska
Last-Modified: Fri, 17 Jul 2026 19:22:43 GMT
Date: Tue, 15 Sep 2026 01:46:51 GMT


[DBG] |   - chapters at 1739
[DBG] |   + Chapters
[DBG] |   |   |   + ChapterAtom (level=0)
[DBG] |   |   |   |   + ChapterUID=50de48b1df9e4024
[DBG] |   |   |   |   + ChapterTimeStart=0
[DBG] |   |   |   |   + ChapterFlagHidden=no
[DBG] |   |   |   |   + ChapterTimeEnd=165965800
[DBG] |   |   |   |   + ChapterDisplay
[DBG] |   |   |   |   |   + ChapterString=Chapter 01
[DBG] |   |   |   |   |   + ChapterLanguage=eng
[DBG] |   |   |   + ChapterAtom (level=0)
[DBG] |   |   |   |   + ChapterUID=b251f80f695e59d
[DBG] |   |   |   |   + ChapterTimeStart=165965800
[DBG] |   |   |   |   + ChapterFlagHidden=no
[DBG] |   |   |   |   + ChapterTimeEnd=252885966
[DBG] |   |   |   |   + ChapterDisplay
[DBG] |   |   |   |   |   + ChapterString=Chapter 02
[DBG] |   |   |   |   |   + ChapterLanguage=eng
[DBG] |   |   |   + ChapterAtom (level=0)
[DBG] |   |   |   |   + ChapterUID=40433953fbf569a4
[DBG] |   |   |   |   + ChapterTimeStart=252885966
[DBG] |   |   |   |   + ChapterFlagHidden=no
[DBG] |   |   |   |   + ChapterTimeEnd=413713300
[DBG] |   |   |   |   + ChapterDisplay
[DBG] |   |   |   |   |   + ChapterString=Chapter 03
[DBG] |   |   |   |   |   + ChapterLanguage=eng
[DBG] |   |   |   + ChapterAtom (level=0)
[DBG] |   |   |   |   + ChapterUID=b89ed893dc66ba40
[DBG] |   |   |   |   + ChapterTimeStart=413713300
[DBG] |   |   |   |   + ChapterFlagHidden=no
[DBG] |   |   |   |   + ChapterTimeEnd=519519000
[DBG] |   |   |   |   + ChapterDisplay
[DBG] |   |   |   |   |   + ChapterString=Chapter 04
[DBG] |   |   |   |   |   + ChapterLanguage=eng
[DBG] |   |   |   + ChapterAtom (level=0)
[DBG] |   |   |   |   + ChapterUID=7a58650322ca6859
[DBG] |   |   |   |   + ChapterTimeStart=519519000
[DBG] |   |   |   |   + ChapterFlagHidden=no
[DBG] |   |   |   |   + ChapterTimeEnd=636602633
[DBG] |   |   |   |   + ChapterDisplay
[DBG] |   |   |   |   |   + ChapterString=Chapter 05
[DBG] |   |   |   |   |   + ChapterLanguage=eng
[DBG] |   |   |   + ChapterAtom (level=0)
[DBG] |   |   |   |   + ChapterUID=d74529bb9f0e192d
[DBG] |   |   |   |   + ChapterTimeStart=636602633
[DBG] |   |   |   |   + ChapterFlagHidden=no
[DBG] |   |   |   |   + ChapterTimeEnd=740406333
[DBG] |   |   |   |   + ChapterDisplay
[DBG] |   |   |   |   |   + ChapterString=Chapter 06
[DBG] |   |   |   |   |   + ChapterLanguage=eng
[DBG] |   |   |   + ChapterAtom (level=0)
[DBG] |   |   |   |   + ChapterUID=be252a366387da7c
[DBG] |   |   |   |   + ChapterTimeStart=740406333
[DBG] |   |   |   |   + ChapterFlagHidden=no
[DBG] |   |   |   |   + ChapterTimeEnd=984450133
[DBG] |   |   |   |   + ChapterDisplay
[DBG] |   |   |   |   |   + ChapterString=Chapter 07
[DBG] |   |   |   |   |   + ChapterLanguage=eng
[DBG] |   |   |   + ChapterAtom (level=0)
[DBG] |   |   |   |   + ChapterUID=e039bee087e39a08
[DBG] |   |   |   |   + ChapterTimeStart=984450133
[DBG] |   |   |   |   + ChapterFlagHidden=no
[DBG] |   |   |   |   + ChapterTimeEnd=1242457883
[DBG] |   |   |   |   + ChapterDisplay
[DBG] |   |   |   |   |   + ChapterString=Chapter 08
[DBG] |   |   |   |   |   + ChapterLanguage=eng
[DBG] |   |   |   + ChapterAtom (level=0)
[DBG] |   |   |   |   + ChapterUID=2e14321a7ae6499e
[DBG] |   |   |   |   + ChapterTimeStart=1242457883
[DBG] |   |   |   |   + ChapterFlagHidden=no
[DBG] |   |   |   |   + ChapterTimeEnd=1362694666
[DBG] |   |   |   |   + ChapterDisplay
[DBG] |   |   |   |   |   + ChapterString=Chapter 09
[DBG] |   |   |   |   |   + ChapterLanguage=eng
[DBG] |   |   |   + ChapterAtom (level=0)
[DBG] |   |   |   |   + ChapterUID=c1ff6ea92dd0aebb
[DBG] |   |   |   |   + ChapterTimeStart=1362694666
[DBG] |   |   |   |   + ChapterFlagHidden=no
[DBG] |   |   |   |   + ChapterTimeEnd=1476975500
[DBG] |   |   |   |   + ChapterDisplay
[DBG] |   |   |   |   |   + ChapterString=Chapter 10
[DBG] |   |   |   |   |   + ChapterLanguage=eng
[DBG] |   |   |   + ChapterAtom (level=0)
[DBG] |   |   |   |   + ChapterUID=4668a4a0af3a5ed9
[DBG] |   |   |   |   + ChapterTimeStart=1476975500
[DBG] |   |   |   |   + ChapterFlagHidden=no
[DBG] |   |   |   |   + ChapterTimeEnd=1599064133
[DBG] |   |   |   |   + ChapterDisplay
[DBG] |   |   |   |   |   + ChapterString=Chapter 11
[DBG] |   |   |   |   |   + ChapterLanguage=eng
[DBG] |   |   |   + ChapterAtom (level=0)
[DBG] |   |   |   |   + ChapterUID=d66537ff7abd16a2
[DBG] |   |   |   |   + ChapterTimeStart=1599064133
[DBG] |   |   |   |   + ChapterFlagHidden=no
[DBG] |   |   |   |   + ChapterTimeEnd=1681713366
[DBG] |   |   |   |   + ChapterDisplay
[DBG] |   |   |   |   |   + ChapterString=Chapter 12
[DBG] |   |   |   |   |   + ChapterLanguage=eng
[DBG] |   |   |   + ChapterAtom (level=0)
[DBG] |   |   |   |   + ChapterUID=d2de87b93a67228b
[DBG] |   |   |   |   + ChapterTimeStart=1681713366
[DBG] |   |   |   |   + ChapterFlagHidden=no
[DBG] |   |   |   |   + ChapterTimeEnd=1742340600
[DBG] |   |   |   |   + ChapterDisplay
[DBG] |   |   |   |   |   + ChapterString=Chapter 13
[DBG] |   |   |   |   |   + ChapterLanguage=eng
[DBG] |   |   |   + ChapterAtom (level=0)
[DBG] |   |   |   |   + ChapterUID=464d37faebd093e1
[DBG] |   |   |   |   + ChapterTimeStart=1742340600
[DBG] |   |   |   |   + ChapterFlagHidden=no
[DBG] |   |   |   |   + ChapterTimeEnd=1780879100
[DBG] |   |   |   |   + ChapterDisplay
[DBG] |   |   |   |   |   + ChapterString=Chapter 14
[DBG] |   |   |   |   |   + ChapterLanguage=eng
[DBG] |   |   |   + ChapterAtom (level=0)
[DBG] |   |   |   |   + ChapterUID=a125349874b0d96a
[DBG] |   |   |   |   + ChapterTimeStart=1780879100
[DBG] |   |   |   |   + ChapterFlagHidden=no
[DBG] |   |   |   |   + ChapterTimeEnd=1954919633
[DBG] |   |   |   |   + ChapterDisplay
[DBG] |   |   |   |   |   + ChapterString=Chapter 15
[DBG] |   |   |   |   |   + ChapterLanguage=eng
[DBG] |   |   |   + ChapterAtom (level=0)
[DBG] |   |   |   |   + ChapterUID=fbebd1c60c0ba734
[DBG] |   |   |   |   + ChapterTimeStart=1954919633
[DBG] |   |   |   |   + ChapterFlagHidden=no
[DBG] |   |   |   |   + ChapterTimeEnd=2014979633
[DBG] |   |   |   |   + ChapterDisplay
[DBG] |   |   |   |   |   + ChapterString=Chapter 16
[DBG] |   |   |   |   |   + ChapterLanguage=eng
[DBG] |   |   |   + ChapterAtom (level=0)
[DBG] |   |   |   |   + ChapterUID=654a3a83d8754d72
[DBG] |   |   |   |   + ChapterTimeStart=2014979633
[DBG] |   |   |   |   + ChapterFlagHidden=no
[DBG] |   |   |   |   + ChapterTimeEnd=2177775600
[DBG] |   |   |   |   + ChapterDisplay
[DBG] |   |   |   |   |   + ChapterString=Chapter 17
[DBG] |   |   |   |   |   + ChapterLanguage=eng
[DBG] |   |   |   + ChapterAtom (level=0)
[DBG] |   |   |   |   + ChapterUID=a4d015e21eccc97a
[DBG] |   |   |   |   + ChapterTimeStart=2177775600
[DBG] |   |   |   |   + ChapterFlagHidden=no
[DBG] |   |   |   |   + ChapterTimeEnd=2286384100
[DBG] |   |   |   |   + ChapterDisplay
[DBG] |   |   |   |   |   + ChapterString=Chapter 18
[DBG] |   |   |   |   |   + ChapterLanguage=eng
[DBG] |   |   |   + ChapterAtom (level=0)
[DBG] |   |   |   |   + ChapterUID=8b098101acdd224c
[DBG] |   |   |   |   + ChapterTimeStart=2286384100
[DBG] |   |   |   |   + ChapterFlagHidden=no
[DBG] |   |   |   |   + ChapterTimeEnd=2423354266
[DBG] |   |   |   |   + ChapterDisplay
[DBG] |   |   |   |   |   + ChapterString=Chapter 19
[DBG] |   |   |   |   |   + ChapterLanguage=eng
[DBG] |   |   |   + ChapterAtom (level=0)
[DBG] |   |   |   |   + ChapterUID=40282ff203e979d2
[DBG] |   |   |   |   + ChapterTimeStart=2423354266
[DBG] |   |   |   |   + ChapterFlagHidden=no
[DBG] |   |   |   |   + ChapterTimeEnd=2618248966
[DBG] |   |   |   |   + ChapterDisplay
[DBG] |   |   |   |   |   + ChapterString=Chapter 20
[DBG] |   |   |   |   |   + ChapterLanguage=eng
[DBG] |   |   |   + ChapterAtom (level=0)
[DBG] |   |   |   |   + ChapterUID=4a5f3350e39b1c08
[DBG] |   |   |   |   + ChapterTimeStart=2618248966
[DBG] |   |   |   |   + ChapterFlagHidden=no
[DBG] |   |   |   |   + ChapterTimeEnd=2829092933
[DBG] |   |   |   |   + ChapterDisplay
[DBG] |   |   |   |   |   + ChapterString=Chapter 21
[DBG] |   |   |   |   |   + ChapterLanguage=eng
[DBG] |   |   |   + ChapterAtom (level=0)
[DBG] |   |   |   |   + ChapterUID=5bb4e22f83d84ba1
[DBG] |   |   |   |   + ChapterTimeStart=2829092933
[DBG] |   |   |   |   + ChapterFlagHidden=no
[DBG] |   |   |   |   + ChapterTimeEnd=3011808800
[DBG] |   |   |   |   + ChapterDisplay
[DBG] |   |   |   |   |   + ChapterString=Chapter 22
[DBG] |   |   |   |   |   + ChapterLanguage=eng
[DBG] |   |   |   + ChapterAtom (level=0)
[DBG] |   |   |   |   + ChapterUID=37e0f048324dc121
[DBG] |   |   |   |   + ChapterTimeStart=3011808800
[DBG] |   |   |   |   + ChapterFlagHidden=no
[DBG] |   |   |   |   + ChapterTimeEnd=3169966800
[DBG] |   |   |   |   + ChapterDisplay
[DBG] |   |   |   |   |   + ChapterString=Chapter 23
[DBG] |   |   |   |   |   + ChapterLanguage=eng
[DBG] |   |   |   + ChapterAtom (level=0)
[DBG] |   |   |   |   + ChapterUID=41d861a6b16a148e
[DBG] |   |   |   |   + ChapterTimeStart=3169966800
[DBG] |   |   |   |   + ChapterFlagHidden=no
[DBG] |   |   |   |   + ChapterTimeEnd=3348011333
[DBG] |   |   |   |   + ChapterDisplay
[DBG] |   |   |   |   |   + ChapterString=Chapter 24
[DBG] |   |   |   |   |   + ChapterLanguage=eng
[DBG] |   |   |   + ChapterAtom (level=0)
[DBG] |   |   |   |   + ChapterUID=a2673baf2275b708
[DBG] |   |   |   |   + ChapterTimeStart=3348011333
[DBG] |   |   |   |   + ChapterFlagHidden=no
[DBG] |   |   |   |   + ChapterTimeEnd=3495658833
[DBG] |   |   |   |   + ChapterDisplay
[DBG] |   |   |   |   |   + ChapterString=Chapter 25
[DBG] |   |   |   |   |   + ChapterLanguage=eng
[DBG] |   |   |   + ChapterAtom (level=0)
[DBG] |   |   |   |   + ChapterUID=2d99e5effdb5e6ac
[DBG] |   |   |   |   + ChapterTimeStart=3495658833
[DBG] |   |   |   |   + ChapterFlagHidden=no
[DBG] |   |   |   |   + ChapterTimeEnd=3698728366
[DBG] |   |   |   |   + ChapterDisplay
[DBG] |   |   |   |   |   + ChapterString=Chapter 26
[DBG] |   |   |   |   |   + ChapterLanguage=eng
[DBG] |   |   |   + ChapterAtom (level=0)
[DBG] |   |   |   |   + ChapterUID=6b3a9620e95ca6bb
[DBG] |   |   |   |   + ChapterTimeStart=3698728366
[DBG] |   |   |   |   + ChapterFlagHidden=no
[DBG] |   |   |   |   + ChapterTimeEnd=3746776366
[DBG] |   |   |   |   + ChapterDisplay
[DBG] |   |   |   |   |   + ChapterString=Chapter 27
[DBG] |   |   |   |   |   + ChapterLanguage=eng
[DBG] |   |   |   + ChapterAtom (level=0)
[DBG] |   |   |   |   + ChapterUID=a9644330c8c36ee3
[DBG] |   |   |   |   + ChapterTimeStart=3746776366
[DBG] |   |   |   |   + ChapterFlagHidden=no
[DBG] |   |   |   |   + ChapterTimeEnd=3869031833
[DBG] |   |   |   |   + ChapterDisplay
[DBG] |   |   |   |   |   + ChapterString=Chapter 28
[DBG] |   |   |   |   |   + ChapterLanguage=eng
[DBG] |   |   |   + ChapterAtom (level=0)
[DBG] |   |   |   |   + ChapterUID=6d2b0a40e8a3d11
[DBG] |   |   |   |   + ChapterTimeStart=3869031833
[DBG] |   |   |   |   + ChapterFlagHidden=no
[DBG] |   |   |   |   + ChapterTimeEnd=3973235933
[DBG] |   |   |   |   + ChapterDisplay
[DBG] |   |   |   |   |   + ChapterString=Chapter 29
[DBG] |   |   |   |   |   + ChapterLanguage=eng
[DBG] |   |   |   + ChapterAtom (level=0)
[DBG] |   |   |   |   + ChapterUID=47505874b84b2ba3
[DBG] |   |   |   |   + ChapterTimeStart=3973235933
[DBG] |   |   |   |   + ChapterFlagHidden=no
[DBG] |   |   |   |   + ChapterTimeEnd=4111674233
[DBG] |   |   |   |   + ChapterDisplay
[DBG] |   |   |   |   |   + ChapterString=Chapter 30
[DBG] |   |   |   |   |   + ChapterLanguage=eng
[DBG] |   |   |   + ChapterAtom (level=0)
[DBG] |   |   |   |   + ChapterUID=abddf345b707ca73
[DBG] |   |   |   |   + ChapterTimeStart=4111674233
[DBG] |   |   |   |   + ChapterFlagHidden=no
[DBG] |   |   |   |   + ChapterTimeEnd=4188450933
[DBG] |   |   |   |   + ChapterDisplay
[DBG] |   |   |   |   |   + ChapterString=Chapter 31
[DBG] |   |   |   |   |   + ChapterLanguage=eng
[DBG] |   |   |   + ChapterAtom (level=0)
[DBG] |   |   |   |   + ChapterUID=d95478de34104a87
[DBG] |   |   |   |   + ChapterTimeStart=4188450933
[DBG] |   |   |   |   + ChapterFlagHidden=no
[DBG] |   |   |   |   + ChapterTimeEnd=4258821233
[DBG] |   |   |   |   + ChapterDisplay
[DBG] |   |   |   |   |   + ChapterString=Chapter 32
[DBG] |   |   |   |   |   + ChapterLanguage=eng
[DBG] |   |   |   + ChapterAtom (level=0)
[DBG] |   |   |   |   + ChapterUID=5f11f754bfcf6f2d
[DBG] |   |   |   |   + ChapterTimeStart=4258821233
[DBG] |   |   |   |   + ChapterFlagHidden=no
[DBG] |   |   |   |   + ChapterTimeEnd=4403799400
[DBG] |   |   |   |   + ChapterDisplay
[DBG] |   |   |   |   |   + ChapterString=Chapter 33
[DBG] |   |   |   |   |   + ChapterLanguage=eng
[DBG] |   |   |   + ChapterAtom (level=0)
[DBG] |   |   |   |   + ChapterUID=6c419a3e7a3240d0
[DBG] |   |   |   |   + ChapterTimeStart=4403799400
[DBG] |   |   |   |   + ChapterFlagHidden=no
[DBG] |   |   |   |   + ChapterTimeEnd=4600996400
[DBG] |   |   |   |   + ChapterDisplay
[DBG] |   |   |   |   |   + ChapterString=Chapter 34
[DBG] |   |   |   |   |   + ChapterLanguage=eng
[DBG] |   |   |   + ChapterAtom (level=0)
[DBG] |   |   |   |   + ChapterUID=37aa8d43ffcd41f3
[DBG] |   |   |   |   + ChapterTimeStart=4600996400
[DBG] |   |   |   |   + ChapterFlagHidden=no
[DBG] |   |   |   |   + ChapterTimeEnd=4759654900
[DBG] |   |   |   |   + ChapterDisplay
[DBG] |   |   |   |   |   + ChapterString=Chapter 35
[DBG] |   |   |   |   |   + ChapterLanguage=eng
[DBG] |   |   |   + ChapterAtom (level=0)
[DBG] |   |   |   |   + ChapterUID=f33c1902bb9caa88
[DBG] |   |   |   |   + ChapterTimeStart=4759654900
[DBG] |   |   |   |   + ChapterFlagHidden=no
[DBG] |   |   |   |   + ChapterTimeEnd=4869297766
[DBG] |   |   |   |   + ChapterDisplay
[DBG] |   |   |   |   |   + ChapterString=Chapter 36
[DBG] |   |   |   |   |   + ChapterLanguage=eng
[DBG] |   |   |   + ChapterAtom (level=0)
[DBG] |   |   |   |   + ChapterUID=dfcda5e040fe96a2
[DBG] |   |   |   |   + ChapterTimeStart=4869297766
[DBG] |   |   |   |   + ChapterFlagHidden=no
[DBG] |   |   |   |   + ChapterTimeEnd=5076471400
[DBG] |   |   |   |   + ChapterDisplay
[DBG] |   |   |   |   |   + ChapterString=Chapter 37
[DBG] |   |   |   |   |   + ChapterLanguage=eng
[DBG] |   |   |   + ChapterAtom (level=0)
[DBG] |   |   |   |   + ChapterUID=6bb6f2a2ec05811c
[DBG] |   |   |   |   + ChapterTimeStart=5076471400
[DBG] |   |   |   |   + ChapterFlagHidden=no
[DBG] |   |   |   |   + ChapterTimeEnd=5239634400
[DBG] |   |   |   |   + ChapterDisplay
[DBG] |   |   |   |   |   + ChapterString=Chapter 38
[DBG] |   |   |   |   |   + ChapterLanguage=eng
[DBG] |   |   |   + ChapterAtom (level=0)
[DBG] |   |   |   |   + ChapterUID=4a07321a8090ed99
[DBG] |   |   |   |   + ChapterTimeStart=5239634400
[DBG] |   |   |   |   + ChapterFlagHidden=no
[DBG] |   |   |   |   + ChapterTimeEnd=5523451266
[DBG] |   |   |   |   + ChapterDisplay
[DBG] |   |   |   |   |   + ChapterString=Chapter 39
[DBG] |   |   |   |   |   + ChapterLanguage=eng
[DBG] |   |   |   + ChapterAtom (level=0)
[DBG] |   |   |   |   + ChapterUID=79b868e77e2d252d
[DBG] |   |   |   |   + ChapterTimeStart=5523451266
[DBG] |   |   |   |   + ChapterFlagHidden=no
[DBG] |   |   |   |   + ChapterTimeEnd=5654081766
[DBG] |   |   |   |   + ChapterDisplay
[DBG] |   |   |   |   |   + ChapterString=Chapter 40
[DBG] |   |   |   |   |   + ChapterLanguage=eng
[DBG] |   |   |   + ChapterAtom (level=0)
[DBG] |   |   |   |   + ChapterUID=f2dd5daa22ce163c
[DBG] |   |   |   |   + ChapterTimeStart=5654081766
[DBG] |   |   |   |   + ChapterFlagHidden=no
[DBG] |   |   |   |   + ChapterTimeEnd=5797558433
[DBG] |   |   |   |   + ChapterDisplay
[DBG] |   |   |   |   |   + ChapterString=Chapter 41
[DBG] |   |   |   |   |   + ChapterLanguage=eng
[DBG] |   |   |   + ChapterAtom (level=0)
[DBG] |   |   |   |   + ChapterUID=9223f8103fe61fed
[DBG] |   |   |   |   + ChapterTimeStart=5797558433
[DBG] |   |   |   |   + ChapterFlagHidden=no
[DBG] |   |   |   |   + ChapterTimeEnd=5966794166
[DBG] |   |   |   |   + ChapterDisplay
[DBG] |   |   |   |   |   + ChapterString=Chapter 42
[DBG] |   |   |   |   |   + ChapterLanguage=eng
[DBG] |   |   |   + ChapterAtom (level=0)
[DBG] |   |   |   |   + ChapterUID=6fd784f48e8b0ce1
[DBG] |   |   |   |   + ChapterTimeStart=5966794166
[DBG] |   |   |   |   + ChapterFlagHidden=no
[DBG] |   |   |   |   + ChapterTimeEnd=6045272566
[DBG] |   |   |   |   + ChapterDisplay
[DBG] |   |   |   |   |   + ChapterString=Chapter 43
[DBG] |   |   |   |   |   + ChapterLanguage=eng
[DBG] |   |   |   + ChapterAtom (level=0)
[DBG] |   |   |   |   + ChapterUID=daed9a45b3ae7103
[DBG] |   |   |   |   + ChapterTimeStart=6045272566
[DBG] |   |   |   |   + ChapterFlagHidden=no
[DBG] |   |   |   |   + ChapterTimeEnd=6119346566
[DBG] |   |   |   |   + ChapterDisplay
[DBG] |   |   |   |   |   + ChapterString=Chapter 44
[DBG] |   |   |   |   |   + ChapterLanguage=eng
[DBG] |   |   |   + ChapterAtom (level=0)
[DBG] |   |   |   |   + ChapterUID=370657b48d0591bd
[DBG] |   |   |   |   + ChapterTimeStart=6119346566
[DBG] |   |   |   |   + ChapterFlagHidden=no
[DBG] |   |   |   |   + ChapterTimeEnd=6279673400
[DBG] |   |   |   |   + ChapterDisplay
[DBG] |   |   |   |   |   + ChapterString=Chapter 45
[DBG] |   |   |   |   |   + ChapterLanguage=eng
[DBG] |   |   |   + ChapterAtom (level=0)
[DBG] |   |   |   |   + ChapterUID=bf7f1baee783a980
[DBG] |   |   |   |   + ChapterTimeStart=6279673400
[DBG] |   |   |   |   + ChapterFlagHidden=no
[DBG] |   |   |   |   + ChapterTimeEnd=6353413733
[DBG] |   |   |   |   + ChapterDisplay
[DBG] |   |   |   |   |   + ChapterString=Chapter 46
[DBG] |   |   |   |   |   + ChapterLanguage=eng
[DBG] |   |   |   + ChapterAtom (level=0)
[DBG] |   |   |   |   + ChapterUID=541f50dcdbecb94d
[DBG] |   |   |   |   + ChapterTimeStart=6353413733
[DBG] |   |   |   |   + ChapterFlagHidden=no
[DBG] |   |   |   |   + ChapterTimeEnd=6509769933
[DBG] |   |   |   |   + ChapterDisplay
[DBG] |   |   |   |   |   + ChapterString=Chapter 47
[DBG] |   |   |   |   |   + ChapterLanguage=eng
[DBG] |   |   |   + ChapterAtom (level=0)
[DBG] |   |   |   |   + ChapterUID=ae49985ff1c3db8b
[DBG] |   |   |   |   + ChapterTimeStart=6509769933
[DBG] |   |   |   |   + ChapterFlagHidden=no
[DBG] |   |   |   |   + ChapterTimeEnd=6585145233
[DBG] |   |   |   |   + ChapterDisplay
[DBG] |   |   |   |   |   + ChapterString=Chapter 48
[DBG] |   |   |   |   |   + ChapterLanguage=eng
[DBG] |   |   |   + ChapterAtom (level=0)
[DBG] |   |   |   |   + ChapterUID=bf470052d461b475
[DBG] |   |   |   |   + ChapterTimeStart=6585145233
[DBG] |   |   |   |   + ChapterFlagHidden=no
[DBG] |   |   |   |   + ChapterTimeEnd=6750477066
[DBG] |   |   |   |   + ChapterDisplay
[DBG] |   |   |   |   |   + ChapterString=Chapter 49
[DBG] |   |   |   |   |   + ChapterLanguage=eng
[DBG] |   |   |   + ChapterAtom (level=0)
[DBG] |   |   |   |   + ChapterUID=aef66dc46edbd2a
[DBG] |   |   |   |   + ChapterTimeStart=6750477066
[DBG] |   |   |   |   + ChapterFlagHidden=no
[DBG] |   |   |   |   + ChapterTimeEnd=7015775433
[DBG] |   |   |   |   + ChapterDisplay
[DBG] |   |   |   |   |   + ChapterString=Chapter 50
[DBG] |   |   |   |   |   + ChapterLanguage=eng
[DBG] |   |   |   + ChapterAtom (level=0)
[DBG] |   |   |   |   + ChapterUID=6e047737a1549823
[DBG] |   |   |   |   + ChapterTimeStart=7015775433
[DBG] |   |   |   |   + ChapterFlagHidden=no
[DBG] |   |   |   |   + ChapterTimeEnd=7116676233
[DBG] |   |   |   |   + ChapterDisplay
[DBG] |   |   |   |   |   + ChapterString=Chapter 51
[DBG] |   |   |   |   |   + ChapterLanguage=eng
[DBG] |   |   |   + ChapterAtom (level=0)
[DBG] |   |   |   |   + ChapterUID=838cd6b05e54aa13
[DBG] |   |   |   |   + ChapterTimeStart=7116676233
[DBG] |   |   |   |   + ChapterFlagHidden=no
[DBG] |   |   |   |   + ChapterTimeEnd=7304530566
[DBG] |   |   |   |   + ChapterDisplay
[DBG] |   |   |   |   |   + ChapterString=Chapter 52
[DBG] |   |   |   |   |   + ChapterLanguage=eng
[DBG] |   |   |   + ChapterAtom (level=0)
[DBG] |   |   |   |   + ChapterUID=1dfb1a73753829e2
[DBG] |   |   |   |   + ChapterTimeStart=7304530566
[DBG] |   |   |   |   + ChapterFlagHidden=no
[DBG] |   |   |   |   + ChapterTimeEnd=7417476733
[DBG] |   |   |   |   + ChapterDisplay
[DBG] |   |   |   |   |   + ChapterString=Chapter 53
[DBG] |   |   |   |   |   + ChapterLanguage=eng
[DBG] |   |   |   + ChapterAtom (level=0)
[DBG] |   |   |   |   + ChapterUID=e9f35f4150876621
[DBG] |   |   |   |   + ChapterTimeStart=7417476733
[DBG] |   |   |   |   + ChapterFlagHidden=no
[DBG] |   |   |   |   + ChapterTimeEnd=7798056933
[DBG] |   |   |   |   + ChapterDisplay
[DBG] |   |   |   |   |   + ChapterString=Chapter 54
[DBG] |   |   |   |   |   + ChapterLanguage=eng
[DBG] |   - tags at 5722249427
[DBG] resolving 192.168.1.250 ...
[DBG] outgoing request:
GET /stream/2 HTTP/1.1
Host: 192.168.1.250:8093
Accept: */*
Accept-Language: en_US
User-Agent: VLC/4.0.0-dev LibVLC/4.0.0-dev
If-Unmodified-Since: Fri, 17 Jul 2026 19:22:43 GMT
Range: bytes=5722249427-


[DBG] incoming response:
HTTP/1.1 206 Partial Content
Accept-Ranges: bytes
Content-Length: 1649
Content-Range: bytes 5722249427-5722251075/5722251076
Content-Type: video/x-matroska
Last-Modified: Fri, 17 Jul 2026 19:22:43 GMT
Date: Tue, 15 Sep 2026 01:46:51 GMT


[DBG] connection failed
[DBG] end of stream
[DBG] |   + Tags
[DBG] + Tag
[DBG] |   + Targets
[DBG] |   |   + TrackUID: 1
[DBG] |   |   + TargetType: MOVIE
[DBG] |   + Simple Tag 
[DBG] |   |   + Meta BPS: 5224535
[DBG] |   + Simple Tag 
[DBG] |   |   + Meta DURATION: 02:09:58.056933333
[DBG] |   + Simple Tag 
[DBG] |   |   + Meta NUMBER_OF_FRAMES: 193614
[DBG] |   + Simple Tag 
[DBG] |   |   + Meta NUMBER_OF_BYTES: 5092652986
[DBG] |   + Simple Tag 
[DBG] |   |   + Meta SOURCE_ID: 0100E0
[DBG] |   + Simple Tag 
[DBG] |   |   + Meta _STATISTICS_WRITING_APP: MakeMKV v1.18.4 darwin(arm64-release)
[DBG] |   + Simple Tag 
[DBG] |   |   + Meta _STATISTICS_WRITING_DATE_UTC: 2026-07-17 19:10:16
[DBG] |   + Simple Tag 
[DBG] |   |   + Meta _STATISTICS_TAGS: BPS DURATION NUMBER_OF_FRAMES NUMBER_OF_BYTES SOURCE_ID
[DBG] + Tag
[DBG] |   + Targets
[DBG] |   |   + TrackUID: 2
[DBG] |   |   + TargetType: MOVIE
[DBG] |   + Simple Tag 
[DBG] |   |   + Meta BPS: 448000
[DBG] |   + Simple Tag 
[DBG] |   |   + Meta DURATION: 02:09:58.048000000
[DBG] |   + Simple Tag 
[DBG] |   |   + Meta NUMBER_OF_FRAMES: 243689
[DBG] |   + Simple Tag 
[DBG] |   |   + Meta NUMBER_OF_BYTES: 436690688
[DBG] |   + Simple Tag 
[DBG] |   |   + Meta SOURCE_ID: 0180BD
[DBG] |   + Simple Tag 
[DBG] |   |   + Meta _STATISTICS_WRITING_APP: MakeMKV v1.18.4 darwin(arm64-release)
[DBG] |   + Simple Tag 
[DBG] |   |   + Meta _STATISTICS_WRITING_DATE_UTC: 2026-07-17 19:10:16
[DBG] |   + Simple Tag 
[DBG] |   |   + Meta _STATISTICS_TAGS: BPS DURATION NUMBER_OF_FRAMES NUMBER_OF_BYTES SOURCE_ID
[DBG] + Tag
[DBG] |   + Targets
[DBG] |   |   + TrackUID: 3
[DBG] |   |   + TargetType: MOVIE
[DBG] |   + Simple Tag 
[DBG] |   |   + Meta BPS: 192000
[DBG] |   + Simple Tag 
[DBG] |   |   + Meta DURATION: 02:09:58.048000000
[DBG] |   + Simple Tag 
[DBG] |   |   + Meta NUMBER_OF_FRAMES: 243689
[DBG] |   + Simple Tag 
[DBG] |   |   + Meta NUMBER_OF_BYTES: 187153152
[DBG] |   + Simple Tag 
[DBG] |   |   + Meta SOURCE_ID: 0181BD
[DBG] |   + Simple Tag 
[DBG] |   |   + Meta _STATISTICS_WRITING_APP: MakeMKV v1.18.4 darwin(arm64-release)
[DBG] |   + Simple Tag 
[DBG] |   |   + Meta _STATISTICS_WRITING_DATE_UTC: 2026-07-17 19:10:16
[DBG] |   + Simple Tag 
[DBG] |   |   + Meta _STATISTICS_TAGS: BPS DURATION NUMBER_OF_FRAMES NUMBER_OF_BYTES SOURCE_ID
[DBG] + Tag
[DBG] |   + Targets
[DBG] |   |   + TrackUID: 4
[DBG] |   |   + TargetType: MOVIE
[DBG] |   + Simple Tag 
[DBG] |   |   + Meta BPS: 52
[DBG] |   + Simple Tag 
[DBG] |   |   + Meta DURATION: 02:01:11.127566666
[DBG] |   + Simple Tag 
[DBG] |   |   + Meta NUMBER_OF_FRAMES: 947
[DBG] |   + Simple Tag 
[DBG] |   |   + Meta NUMBER_OF_BYTES: 47304
[DBG] |   + Simple Tag 
[DBG] |   |   + Meta SOURCE_ID: 0100E0
[DBG] |   + Simple Tag 
[DBG] |   |   + Meta _STATISTICS_WRITING_APP: MakeMKV v1.18.4 darwin(arm64-release)
[DBG] |   + Simple Tag 
[DBG] |   |   + Meta _STATISTICS_WRITING_DATE_UTC: 2026-07-17 19:10:16
[DBG] |   + Simple Tag 
[DBG] |   |   + Meta _STATISTICS_TAGS: BPS DURATION NUMBER_OF_FRAMES NUMBER_OF_BYTES SOURCE_ID
[DBG] loading tags done.
[DBG] resolving 192.168.1.250 ...
[DBG] outgoing request:
GET /stream/2 HTTP/1.1
Host: 192.168.1.250:8093
Accept: */*
Accept-Language: en_US
User-Agent: VLC/4.0.0-dev LibVLC/4.0.0-dev
If-Unmodified-Since: Fri, 17 Jul 2026 19:22:43 GMT
Range: bytes=183-


[DBG] incoming response:
HTTP/1.1 206 Partial Content
Accept-Ranges: bytes
Content-Length: 5722250893
Content-Range: bytes 183-5722251075/5722251076
Content-Type: video/x-matroska
Last-Modified: Fri, 17 Jul 2026 19:22:43 GMT
Date: Tue, 15 Sep 2026 01:46:51 GMT


[DBG] |   + Void
[DBG] |   + Information
[DBG] |   + Tracks
[DBG] |   + Chapters
[DBG] |   + Void
[DBG] |   + Cluster
[DBG] Virtual chapter  Chapter 01 from 0 to 165965800 - 
[DBG] Virtual chapter  Chapter 02 from 165965800 to 252885966 - 
[DBG] Virtual chapter  Chapter 03 from 252885966 to 413713300 - 
[DBG] Virtual chapter  Chapter 04 from 413713300 to 519519000 - 
[DBG] Virtual chapter  Chapter 05 from 519519000 to 636602633 - 
[DBG] Virtual chapter  Chapter 06 from 636602633 to 740406333 - 
[DBG] Virtual chapter  Chapter 07 from 740406333 to 984450133 - 
[DBG] Virtual chapter  Chapter 08 from 984450133 to 1242457883 - 
[DBG] Virtual chapter  Chapter 09 from 1242457883 to 1362694666 - 
[DBG] Virtual chapter  Chapter 10 from 1362694666 to 1476975500 - 
[DBG] Virtual chapter  Chapter 11 from 1476975500 to 1599064133 - 
[DBG] Virtual chapter  Chapter 12 from 1599064133 to 1681713366 - 
[DBG] Virtual chapter  Chapter 13 from 1681713366 to 1742340600 - 
[DBG] Virtual chapter  Chapter 14 from 1742340600 to 1780879100 - 
[DBG] Virtual chapter  Chapter 15 from 1780879100 to 1954919633 - 
[DBG] Virtual chapter  Chapter 16 from 1954919633 to 2014979633 - 
[DBG] Virtual chapter  Chapter 17 from 2014979633 to 2177775600 - 
[DBG] Virtual chapter  Chapter 18 from 2177775600 to 2286384100 - 
[DBG] Virtual chapter  Chapter 19 from 2286384100 to 2423354266 - 
[DBG] Virtual chapter  Chapter 20 from 2423354266 to 2618248966 - 
[DBG] Virtual chapter  Chapter 21 from 2618248966 to 2829092933 - 
[DBG] Virtual chapter  Chapter 22 from 2829092933 to 3011808800 - 
[DBG] Virtual chapter  Chapter 23 from 3011808800 to 3169966800 - 
[DBG] Virtual chapter  Chapter 24 from 3169966800 to 3348011333 - 
[DBG] Virtual chapter  Chapter 25 from 3348011333 to 3495658833 - 
[DBG] Virtual chapter  Chapter 26 from 3495658833 to 3698728366 - 
[DBG] Virtual chapter  Chapter 27 from 3698728366 to 3746776366 - 
[DBG] Virtual chapter  Chapter 28 from 3746776366 to 3869031833 - 
[DBG] Virtual chapter  Chapter 29 from 3869031833 to 3973235933 - 
[DBG] Virtual chapter  Chapter 30 from 3973235933 to 4111674233 - 
[DBG] Virtual chapter  Chapter 31 from 4111674233 to 4188450933 - 
[DBG] Virtual chapter  Chapter 32 from 4188450933 to 4258821233 - 
[DBG] Virtual chapter  Chapter 33 from 4258821233 to 4403799400 - 
[DBG] Virtual chapter  Chapter 34 from 4403799400 to 4600996400 - 
[DBG] Virtual chapter  Chapter 35 from 4600996400 to 4759654900 - 
[DBG] Virtual chapter  Chapter 36 from 4759654900 to 4869297766 - 
[DBG] Virtual chapter  Chapter 37 from 4869297766 to 5076471400 - 
[DBG] Virtual chapter  Chapter 38 from 5076471400 to 5239634400 - 
[DBG] Virtual chapter  Chapter 39 from 5239634400 to 5523451266 - 
[DBG] Virtual chapter  Chapter 40 from 5523451266 to 5654081766 - 
[DBG] Virtual chapter  Chapter 41 from 5654081766 to 5797558433 - 
[DBG] Virtual chapter  Chapter 42 from 5797558433 to 5966794166 - 
[DBG] Virtual chapter  Chapter 43 from 5966794166 to 6045272566 - 
[DBG] Virtual chapter  Chapter 44 from 6045272566 to 6119346566 - 
[DBG] Virtual chapter  Chapter 45 from 6119346566 to 6279673400 - 
[DBG] Virtual chapter  Chapter 46 from 6279673400 to 6353413733 - 
[DBG] Virtual chapter  Chapter 47 from 6353413733 to 6509769933 - 
[DBG] Virtual chapter  Chapter 48 from 6509769933 to 6585145233 - 
[DBG] Virtual chapter  Chapter 49 from 6585145233 to 6750477066 - 
[DBG] Virtual chapter  Chapter 50 from 6750477066 to 7015775433 - 
[DBG] Virtual chapter  Chapter 51 from 7015775433 to 7116676233 - 
[DBG] Virtual chapter  Chapter 52 from 7116676233 to 7304530566 - 
[DBG] Virtual chapter  Chapter 53 from 7304530566 to 7417476733 - 
[DBG] Virtual chapter  Chapter 54 from 7417476733 to 7798056933 - 
[DBG] Virtual chapter  from 0 to -1 - 
[DBG] NEW START CHAPTER uid=5827174896662102052
[DBG] found 4 es
[DBG] selecting program id=0
[DBG] ES track added: 'video/1' (fourcc: 'mpgv')
[DBG] ES track added: 'audio/2' (fourcc: 'a52 ')
[DBG] ES track added: 'audio/3' (fourcc: 'a52 ')
9:46:51.710 PM [player] track added video/1 type=1
[DBG] ES track added: 'spu/4' (fourcc: 'subt')
[DBG] seek: preroll{ track: 1, pts: 0, fpos: 5816 skip: 5816} 
[DBG] seek: preroll{ req: 1, start-pts: 1, start-fpos: 5816} 
[DBG] using demux module "mkv"
9:46:51.710 PM [player] track added audio/2 type=0
[DBG] looking for video packetizer module matching "any": 13 candidates
9:46:51.710 PM [player] track added audio/3 type=0
[DBG] using video packetizer module "mpegvideo"
[DBG] looking for video decoder module matching "any": 14 candidates
9:46:51.710 PM [player] track added spu/4 type=2
[DBG] vout: none found
9:46:51.711 PM [player] length 7798056 ms
[DBG] looking for text renderer module matching "freetype": 2 candidates
[DBG] using text renderer module "freetype"
[DBG] looking for video converter module matching "any": 13 candidates
[DBG] 32x32 (32x32) chroma: YUVA colorspace: Undefined -> 16x16 (16x16) chroma: RGBA colorspace: Undefined with scaling using Bicubic (good quality)
[DBG] using video converter module "swscale"
[DBG] looking for video converter module matching "any": 13 candidates
[DBG] YUVP to YUVA converter
[DBG] using video converter module "yuvp"
[DBG] Deinterlacing available
[DBG] deinterlace -1, mode auto, is_needed 0
[DBG] looking for vout window module matching "any": 2 candidates
[DBG] resized to 1920x1080
[DBG] using vout window module "uiview_window"
[DBG] looking for inhibit module matching "any": 1 candidates
[DBG] using inhibit module "uikit_inhibit"
[DBG] looking for decoder device module matching "any": 1 candidates
[DBG] using decoder device module "videotoolbox"
[WARN] vt session error: 'kVTCouldNotFindVideoDecoderErr'
[DBG] using Lavc63.1.100
[DBG] CPU flags: 0x00062360
[DBG] allowing 6 thread(s) for decoding
[DBG] codec (mpeg2video) started
[DBG] using video decoder module "avcodec"
[DBG] ES track selected: 'video/1' (fourcc: 'mpgv')
[DBG] looking for audio packetizer module matching "any": 11 candidates
[DBG] using audio packetizer module "a52"
[DBG] looking for audio decoder module matching "any": 15 candidates
[DBG] reusing audio output
9:46:51.718 PM [player] track selected type=1 selected=video/1 unselected=
[ERR] too low audio sample frequency (0)
[DBG] keeping audio output
[DBG] using Lavc63.1.100
[DBG] CPU flags: 0x00062360
[DBG] codec (ac3) started
[DBG] using audio decoder module "avcodec"
[DBG] ES track selected: 'audio/2' (fourcc: 'a52 ')
[DBG] looking for spu decoder module matching "any": 19 candidates
[DBG] using Lavc63.1.100
[DBG] CPU flags: 0x00062360
9:46:51.719 PM [player] track selected type=0 selected=audio/2 unselected=
[WARN] refusing to decode non validated subtitle codec
[DBG] trying demuxer-specified character encoding: UTF-8
[DBG] using spu decoder module "subsdec"
[DBG] ES track selected: 'spu/4' (fourcc: 'subt')
[DBG] `http://192.168.1.250:8093/stream/2' successfully opened
9:46:51.719 PM [player] track selected type=2 selected=spu/4 unselected=
9:46:51.719 PM [player] state Playing at 0 ms
[DBG] program(0): using clock source: 'audio'
9:46:51.725 PM [player] buffering 0.0
[DBG] Buffering 0%
[DBG] A/52 channels:6 samplerate:48000 bitrate:448000
[DBG] restarting module due to input format change
[DBG] 'decoder in/packetizer out' i_rate 0 / 48000
[DBG] 'decoder in/packetizer out' i_physical_channels 0 / 4199
[DBG] removing "audio decoder" module "avcodec"
[DBG] looking for audio decoder module matching "any": 15 candidates
[DBG] reusing audio output
[WARN] failed to start passthrough audio output, failing back to linear format
[DBG] keeping audio output
[DBG] size 720x480/720x480 fps 500000:16683
[DBG] using Lavc63.1.100
[DBG] restarting module due to input format change
[DBG] CPU flags: 0x00062360
[DBG] 'decoder in/packetizer out' profile -1 / 4
[DBG] 'decoder in/packetizer out' i_width 0 / 720
[DBG] 'decoder in/packetizer out' i_height 0 / 480
[DBG] 'decoder in/packetizer out' i_visible_width 0 / 720
[DBG] 'decoder in/packetizer out' i_visible_height 0 / 480
[DBG] codec (ac3) started
[DBG] using audio decoder module "avcodec"
[DBG] removing "video decoder" module "avcodec"
[DBG] looking for video decoder module matching "any": 14 candidates
[DBG] vout change: decoder size
[DBG] vout change: visible size
[DBG] Buffering 3%
[DBG] reusing audio output
[WARN] vt session error: 'kVTCouldNotFindVideoDecoderErr'
[DBG] Buffering 6%
[DBG] using Lavc63.1.100
[DBG] CPU flags: 0x00062360
[DBG] Buffering 10%
[DBG] allowing 6 thread(s) for decoding
[DBG] codec (mpeg2video) started
[DBG] Buffering 13%
[DBG] using video decoder module "avcodec"
[DBG] available hardware decoder output format 157 (videotoolbox_vld)
[DBG] available software decoder output format 0 (yuv420p)
[DBG] vout change: chroma
[DBG] vout change: SAR
[DBG] requested window size: 640x480
[DBG] deinterlace -1, mode auto, is_needed 0
[DBG] Buffering 16%
[DBG] Opening vout display wrapper
[DBG] looking for vout display module matching "any": 3 candidates
[DBG] looking for video converter module matching "any": 13 candidates
[DBG] Buffering 20%
[DBG] Buffering 23%
[DBG] Buffering 26%
[DBG] Buffering 30%
[DBG] Buffering 33%
[DBG] Buffering 44%
[DBG] Buffering 46%
[DBG] Buffering 50%
[DBG] Buffering 53%
[DBG] Buffering 56%
[DBG] Buffering 60%
[DBG] Buffering 63%
[DBG] Buffering 66%
[INF] Trying to use chroma_chain: [c=18|q=100] I420 -> CVPN -> CVPB...
[DBG] Buffering 70%
[DBG] looking for video converter module matching "any": 13 candidates
[DBG] looking for decoder device module matching "any": 1 candidates
[DBG] Buffering 73%
[DBG] using decoder device module "videotoolbox"
[DBG] Buffering 86%
[DBG] using video converter module "cvpx"
[DBG] Filter 'cvpx' (0x10c780000) appended to chain (0x10a425200)
[DBG] looking for video converter module matching "any": 13 candidates
[DBG] no video converter modules matched with name any
[ERR] Failed to create video converter
[INF] Trying to use chroma_chain: [c=18|q=100] I420 -> CVPI -> CVPB...
[DBG] removing "video converter" module "cvpx"
[DBG] Filter 0x10c780000 removed from chain
[DBG] Buffering 90%
[DBG] looking for video converter module matching "any": 13 candidates
[DBG] looking for decoder device module matching "any": 1 candidates
[DBG] using decoder device module "videotoolbox"
[DBG] Buffering 93%
[DBG] Buffering 96%
9:46:51.733 PM [player] buffering 1.0
[DBG] Stream buffering done (1001 ms in 8 ms)
[DBG] using video converter module "cvpx"
[DBG] Filter 'cvpx' (0x10c780000) appended to chain (0x10a425200)
[DBG] looking for video converter module matching "any": 13 candidates
[DBG] no video converter modules matched with name any
[ERR] Failed to create video converter
[INF] Trying to use chroma_chain: [c=118|q=90] I420 -> BGRA -> CVPB...
[DBG] removing "video converter" module "cvpx"
[DBG] Filter 0x10c780000 removed from chain
[DBG] looking for video converter module matching "any": 13 candidates
[DBG] 720x480 (720x480) chroma: I420 colorspace: BT601 -> 720x480 (720x480) chroma: BGRA colorspace: BT601 with scaling using Bicubic (good quality)
[DBG] using video converter module "swscale"
[DBG] Filter 'Swscale' (0x10c780000) appended to chain (0x10a425200)
[DBG] looking for video converter module matching "any": 13 candidates
[DBG] looking for decoder device module matching "any": 1 candidates
[DBG] using decoder device module "videotoolbox"
[DBG] using video converter module "cvpx"
[DBG] Filter 'cvpx' (0x10c780900) appended to chain (0x10a425200)
[INF] success
[DBG] using video converter module "chain"
[DBG] using vout display module "samplebufferdisplay"
[DBG] original format sz 720x480, of (0,0), vsz 720x480, 4cc I420, sar 8:9, orient: normal
[DBG] removing "text renderer" module "freetype"
[DBG] looking for text renderer module matching "freetype": 2 candidates
[DBG] using text renderer module "freetype"
[DBG] requested window size: 640x480
[DBG] resetting projection_mode to 0
[DBG] setting projection_mode to 0
[DBG] Received first picture
[DBG] Detected interlaced video
[DBG] deinterlace -1, mode auto, is_needed 1
[DBG] resized to 3840x2160
[DBG] Output on HDMI, channel count: 6
[DBG] VLC keeping the same input layout
[DBG] output 'f32l' 48000 Hz 3F2M/LFE frame=1 samples/24 bytes
[DBG] looking for audio volume module matching "any": 2 candidates
[DBG] using audio volume module "float_mixer"
[DBG] input 'f32l' 48000 Hz 3F2M/LFE frame=1 samples/24 bytes
[DBG] looking for audio filter module matching "scaletempo": 1 candidates
[DBG] format: 48000 rate, 6 nch, 4 bps, fl32
[DBG] params: 30 stride, 0.200 overlap, 14 search
[DBG] 1.000 scale, 1440.000 stride_in, 1440 stride_out, 1152 standing, 288 overlap, 672 search, 2400 queue, fl32 mode
[DBG] using audio filter module "scaletempo"
[DBG] conversion: 'f32l'->'f32l' 48000 Hz->48000 Hz 3F2M/LFE->3F2M/LFE
[DBG] conversion pipeline complete
[DBG] conversion: 'f32l'->'f32l' 48000 Hz->48000 Hz 3F2M/LFE->3F2M/LFE
[DBG] conversion pipeline complete
[DBG] looking for audio resampler module matching "soxr": 2 candidates
[DBG] Using SoX Resampler with 'cr32s' engine and 'Medium 16-bit with medium roll-off' quality to convert f32l/48000Hz to f32l/48000Hz.
[DBG] using audio resampler module "soxr"
[DBG] Decoder wait done in 41 ms
[DBG] 1g: es_out stop_buffering now=478170345236 paused=0 pause_date=-1 current_date=478170345235 buffering_duration=1000000 update=478169345235 stream_start=1
[WARN] 1g: main_reset now=478170345254 paused=0 pause_date=0 first_pcr.system=0 last.system=0
[WARN] 1g: main_reset now=478170345282 paused=0 pause_date=0 first_pcr.system=0 last.system=0
[WARN] 1g: set_first_pcr now=478170345297 system=478169345235 ts=1 paused=0 pause_date=0
[DBG] Adding 'deinterlace' as static
[DBG] looking for video filter module matching "deinterlace,chain": 2 candidates
[DBG] using x deinterlace method
[DBG] deinterlacing
[DBG] using video filter module "deinterlace"
[DBG] deferring start (79932 us)
[DBG] Filter 'deinterlace' (0x10c781200) appended to chain (0x10c486100)
[DBG] deferring start (44926 us)
[DBG] deferring start (44737 us)
[DBG] deferring start (44538 us)
[DBG] deferring start (44380 us)
[DBG] deferring start (44227 us)
[DBG] deferring start (44122 us)
[DBG] deferring start (44045 us)
[DBG] deferring start (43910 us)
[DBG] deferring start (43816 us)
[DBG] deferring start (43723 us)
[DBG] deferring start (43626 us)
[DBG] deferring start (43526 us)
[DBG] deferring start (43431 us)
[DBG] deferring start (43341 us)
[DBG] deferring start (43244 us)
[DBG] deferring start (43148 us)
[DBG] deferring start (43062 us)
[DBG] deferring start (42957 us)
[DBG] deferring start (42838 us)
[DBG] deferring start (42738 us)
[DBG] deferring start (42655 us)
[DBG] deferring start (42577 us)
[DBG] deferring start (42494 us)
[DBG] deferring start (42421 us)
[DBG] deferring start (42317 us)
[DBG] deferring start (42226 us)
[DBG] deferring start (42136 us)
[DBG] deferring start (42044 us)
[DBG] deferring start (41953 us)
[DBG] deferring start (41875 us)
[DBG] deferring start (41787 us)
[DBG] deferring start (41691 us)
[DBG] deferring start (41599 us)
[DBG] deferring start (41507 us)
[DBG] deferring start (41420 us)
[DBG] deferring start (41334 us)
[DBG] deferring start (41244 us)
[DBG] deferring start (41151 us)
[DBG] deferring start (41073 us)
[DBG] started
[DBG] picture displayed late (missing 15 ms)
[WARN] picture is too late to be displayed (missing 82 ms)
[WARN] picture is too late to be displayed (missing 50 ms)
[DBG] picture displayed late (missing 11 ms)
9:46:54.447 PM [display] mode switch end: maxFPS=60 edrHeadroom=1.00/1.00 gamut=1 matchingEnabled=true switchInProgress=false criteria=set
9:46:55.649 PM [display] 4 s after request: maxFPS=60 edrHeadroom=1.00/1.00 gamut=1 matchingEnabled=true switchInProgress=false criteria=set
[DBG] Detected progressive video
[DBG] deinterlace -1, mode auto, is_needed 0
[DBG] removing "video filter" module "deinterlace"
[DBG] Filter 0x10c781200 removed from chain
[DBG] picture displayed late (missing 8 ms)
9:47:25.988 PM [player] pause (select) at 33211 ms
[DBG] 1g: input control_pause date=478204561297 now=478204561305
[DBG] 1g: es_out change_pause paused=1 date=478204561297 now=478204561419 was_paused=0 old_pause_date=-1 buffering=0 extra_initial=0
[WARN] 1g: main_change_pause paused=1 date=478204561297 now=478204561694 pause_date=0 last.system=478204079180 first_pcr.system=478169345235 start_time.system=0 wait_sync_ref.system=0
[DBG] pausing
[DBG] not really pausing SPU
[DBG] pausing audio
[DBG] 1h: check2 now=478204562014 control=0 state=PAUSE_S next_frame_need_data=0 old_wakeup=478204580235 -> wakeup=478204580235 wakeup-now=18221
[DBG] 1h: wait now=478204562257 state=PAUSE_S es_out_GetBuffering&&!eof(postpone)=0 wakeup=478204580235 deadline-now=17978
9:47:25.996 PM [player] state Paused at 33483 ms
[DBG] 1h: check1 now=478204584606 state=PAUSE_S es_out_GetBuffering=0 b_eof=0 next_frame_need_data=0 -> demux_allowed=0
[DBG] 1h: wait now=478204584662 state=PAUSE_S es_out_GetBuffering&&!eof(postpone)=0 wakeup=-1 deadline-now=-1
[DBG] pausing video
[DBG] picture displayed late (missing 15 ms)
[DBG] 1g: vout change_pause paused=1 date=478204561297 now=478204629067
9:48:46.634 PM [framestep] −1 gotoPreviousFrame before=33483 ms
[DBG] 1h: check2 now=478285205938 control=34 state=PAUSE_S next_frame_need_data=0 old_wakeup=-1 -> wakeup=478204580235 wakeup-now=-80625703
[DBG] 1h: wait now=478285205975 state=PAUSE_S es_out_GetBuffering&&!eof(postpone)=0 wakeup=478204580235 deadline-now=-80625740
[DBG] 1g: input seek_frame_previous now=478285205997 pts=33534001 steps=1 failed=0 enabled=1
[DBG] 1g: es_out RESET_PCR_FRAME_PREV duration=199998 now=478285206014 paused=1 pause_date=478204561297
[DBG] 1g: es_out change_position now=478285206032 paused=1 pause_date=478204561297 buffering=0 next_frame_es=0
9:48:46.638 PM [player] buffering 0.0
[DBG] 1h: decoder notify need_data=1 frames_countdown=1 now=478285214055
[DBG] SET_TIME to 33500667
[DBG] seek request to i_pos = 33500667
[DBG] seek: preroll{ track: 1, pts: 33116000, fpos: 17716506 skip: 17716506} 
[DBG] seek: preroll{ track: 2, pts: 33408000, fpos: 17967726 skip: 17967726} 
[ERR] reading while paused (buggy demux?)
[DBG] resuming
[DBG] resolving 192.168.1.250 ...
[DBG] outgoing request:
GET /stream/2 HTTP/1.1
Host: 192.168.1.250:8093
Accept: */*
Accept-Language: en_US
User-Agent: VLC/4.0.0-dev LibVLC/4.0.0-dev
If-Unmodified-Since: Fri, 17 Jul 2026 19:22:43 GMT
Range: bytes=17716506-


[DBG] incoming response:
HTTP/1.1 206 Partial Content
Accept-Ranges: bytes
Content-Length: 5704534570
Content-Range: bytes 17716506-5722251075/5722251076
Content-Type: video/x-matroska
Last-Modified: Fri, 17 Jul 2026 19:22:43 GMT
Date: Tue, 15 Sep 2026 01:48:46 GMT


[DBG] connection failed
[DBG] seek: preroll{ req: 33500668, start-pts: 33116001, start-fpos: 17716506} 
[DBG] 1h: check2 now=478285229469 control=36 state=PAUSE_S next_frame_need_data=0 old_wakeup=478204580235 -> wakeup=0 wakeup-now=0
[DBG] 1h: wait now=478285229505 state=PAUSE_S es_out_GetBuffering&&!eof(postpone)=1 wakeup=0 deadline-now=0
[DBG] 1h: INPUT_CONTROL_NEED_DATA_FRAME_NEXT 0 -> 1 now=478285229545
[DBG] 1h: check2 now=478285229577 control=35 state=PAUSE_S next_frame_need_data=1 old_wakeup=0 -> wakeup=0 wakeup-now=0
[DBG] 1h: wait now=478285229597 state=PAUSE_S es_out_GetBuffering&&!eof(postpone)=1 wakeup=0 deadline-now=0
[DBG] 1h: check1 now=478285229628 state=PAUSE_S es_out_GetBuffering=1 b_eof=0 next_frame_need_data=1 -> demux_allowed=1
[DBG] Buffering 0%
9:48:46.678 PM [player] buffering 0.0
[DBG] 1h: decoder notify need_data=1 frames_countdown=1 now=478285250036
[DBG] 1h: demuxed-while-paused now=478285250143 wakeup=0 wakeup-now=0
[DBG] 1h: wait now=478285250208 state=PAUSE_S es_out_GetBuffering&&!eof(postpone)=1 wakeup=0 deadline-now=0
[DBG] 1h: INPUT_CONTROL_NEED_DATA_FRAME_NEXT 1 -> 1 now=478285250313
[DBG] 1h: check2 now=478285250384 control=35 state=PAUSE_S next_frame_need_data=1 old_wakeup=0 -> wakeup=0 wakeup-now=0
[DBG] 1h: wait now=478285250449 state=PAUSE_S es_out_GetBuffering&&!eof(postpone)=1 wakeup=0 deadline-now=0
[DBG] 1h: check1 now=478285250547 state=PAUSE_S es_out_GetBuffering=1 b_eof=0 next_frame_need_data=1 -> demux_allowed=1
[DBG] 1h: decoder notify need_data=1 frames_countdown=1 now=478285251288
[DBG] 1h: demuxed-while-paused now=478285251329 wakeup=0 wakeup-now=0
[DBG] 1h: wait now=478285251382 state=PAUSE_S es_out_GetBuffering&&!eof(postpone)=1 wakeup=0 deadline-now=0
[DBG] 1h: INPUT_CONTROL_NEED_DATA_FRAME_NEXT 1 -> 1 now=478285251423
[DBG] 1h: check2 now=478285251452 control=35 state=PAUSE_S next_frame_need_data=1 old_wakeup=0 -> wakeup=0 wakeup-now=0
[… 9 repetitive 1h lines omitted (full log: 1h-stargate-back-full.log.gz); check1 transitions kept below …]
[DBG] 1h: check2 now=478285253143 control=35 state=PAUSE_S next_frame_need_data=1 old_wakeup=0 -> wakeup=0 wakeup-now=0
[DBG] 1h: wait now=478285253177 state=PAUSE_S es_out_GetBuffering&&!eof(postpone)=1 wakeup=0 deadline-now=0
[DBG] 1h: check1 now=478285253226 state=PAUSE_S es_out_GetBuffering=1 b_eof=0 next_frame_need_data=1 -> demux_allowed=1
[DBG] 1h: demuxed-while-paused now=478285253292 wakeup=0 wakeup-now=0
[DBG] 1h: wait now=478285253343 state=PAUSE_S es_out_GetBuffering&&!eof(postpone)=1 wakeup=0 deadline-now=0
[DBG] 1h: check1 now=478285253393 state=PAUSE_S es_out_GetBuffering=1 b_eof=0 next_frame_need_data=1 -> demux_allowed=1
[DBG] 1h: demuxed-while-paused now=478285253548 wakeup=0 wakeup-now=0
[DBG] 1h: wait now=478285253596 state=PAUSE_S es_out_GetBuffering&&!eof(postpone)=1 wakeup=0 deadline-now=0
[DBG] 1h: check1 now=478285253643 state=PAUSE_S es_out_GetBuffering=1 b_eof=0 next_frame_need_data=1 -> demux_allowed=1
[DBG] 1h: demuxed-while-paused now=478285253784 wakeup=0 wakeup-now=0
[DBG] 1h: wait now=478285253831 state=PAUSE_S es_out_GetBuffering&&!eof(postpone)=1 wakeup=0 deadline-now=0
[DBG] 1h: check1 now=478285253877 state=PAUSE_S es_out_GetBuffering=1 b_eof=0 next_frame_need_data=1 -> demux_allowed=1
[DBG] Buffering 3%
[DBG] 1h: demuxed-while-paused now=478285255655 wakeup=0 wakeup-now=0
[DBG] 1h: wait now=478285255707 state=PAUSE_S es_out_GetBuffering&&!eof(postpone)=1 wakeup=0 deadline-now=0
[DBG] 1h: check1 now=478285255755 state=PAUSE_S es_out_GetBuffering=1 b_eof=0 next_frame_need_data=1 -> demux_allowed=1
[DBG] 1h: demuxed-while-paused now=478285255814 wakeup=0 wakeup-now=0
[DBG] 1h: wait now=478285255863 state=PAUSE_S es_out_GetBuffering&&!eof(postpone)=1 wakeup=0 deadline-now=0
[DBG] 1h: check1 now=478285255908 state=PAUSE_S es_out_GetBuffering=1 b_eof=0 next_frame_need_data=1 -> demux_allowed=1
[DBG] Buffering 6%
[DBG] 1h: demuxed-while-paused now=478285256156 wakeup=0 wakeup-now=0
[DBG] 1h: wait now=478285256209 state=PAUSE_S es_out_GetBuffering&&!eof(postpone)=1 wakeup=0 deadline-now=0
[DBG] 1h: check1 now=478285256260 state=PAUSE_S es_out_GetBuffering=1 b_eof=0 next_frame_need_data=1 -> demux_allowed=1
[DBG] 1h: demuxed-while-paused now=478285257824 wakeup=0 wakeup-now=0
[DBG] 1h: wait now=478285258014 state=PAUSE_S es_out_GetBuffering&&!eof(postpone)=1 wakeup=0 deadline-now=0
[DBG] 1h: check1 now=478285258095 state=PAUSE_S es_out_GetBuffering=1 b_eof=0 next_frame_need_data=1 -> demux_allowed=1
[DBG] Buffering 8%
[DBG] 1h: demuxed-while-paused now=478285258610 wakeup=0 wakeup-now=0
[DBG] 1h: wait now=478285258686 state=PAUSE_S es_out_GetBuffering&&!eof(postpone)=1 wakeup=0 deadline-now=0
[DBG] 1h: check1 now=478285258757 state=PAUSE_S es_out_GetBuffering=1 b_eof=0 next_frame_need_data=1 -> demux_allowed=1
[DBG] 1h: demuxed-while-paused now=478285258849 wakeup=0 wakeup-now=0
[DBG] 1h: wait now=478285258919 state=PAUSE_S es_out_GetBuffering&&!eof(postpone)=1 wakeup=0 deadline-now=0
[DBG] 1h: check1 now=478285258989 state=PAUSE_S es_out_GetBuffering=1 b_eof=0 next_frame_need_data=1 -> demux_allowed=1
[DBG] Buffering 12%
[DBG] 1h: demuxed-while-paused now=478285259405 wakeup=0 wakeup-now=0
[DBG] 1h: wait now=478285259480 state=PAUSE_S es_out_GetBuffering&&!eof(postpone)=1 wakeup=0 deadline-now=0
[DBG] 1h: check1 now=478285259551 state=PAUSE_S es_out_GetBuffering=1 b_eof=0 next_frame_need_data=1 -> demux_allowed=1
[DBG] 1h: demuxed-while-paused now=478285260246 wakeup=0 wakeup-now=0
[DBG] 1h: wait now=478285260338 state=PAUSE_S es_out_GetBuffering&&!eof(postpone)=1 wakeup=0 deadline-now=0
[DBG] 1h: check1 now=478285260414 state=PAUSE_S es_out_GetBuffering=1 b_eof=0 next_frame_need_data=1 -> demux_allowed=1
[DBG] Buffering 15%
[DBG] 1h: demuxed-while-paused now=478285261014 wakeup=0 wakeup-now=0
[DBG] 1h: wait now=478285261091 state=PAUSE_S es_out_GetBuffering&&!eof(postpone)=1 wakeup=0 deadline-now=0
[DBG] 1h: check1 now=478285261196 state=PAUSE_S es_out_GetBuffering=1 b_eof=0 next_frame_need_data=1 -> demux_allowed=1
[DBG] 1h: demuxed-while-paused now=478285261336 wakeup=0 wakeup-now=0
[DBG] 1h: wait now=478285261414 state=PAUSE_S es_out_GetBuffering&&!eof(postpone)=1 wakeup=0 deadline-now=0
[DBG] 1h: check1 now=478285261486 state=PAUSE_S es_out_GetBuffering=1 b_eof=0 next_frame_need_data=1 -> demux_allowed=1
[DBG] 1h: demuxed-while-paused now=478285261723 wakeup=0 wakeup-now=0
[DBG] 1h: wait now=478285261796 state=PAUSE_S es_out_GetBuffering&&!eof(postpone)=1 wakeup=0 deadline-now=0
[DBG] 1h: check1 now=478285261866 state=PAUSE_S es_out_GetBuffering=1 b_eof=0 next_frame_need_data=1 -> demux_allowed=1
[DBG] Buffering 18%
[DBG] 1h: demuxed-while-paused now=478285262383 wakeup=0 wakeup-now=0
[DBG] 1h: wait now=478285262462 state=PAUSE_S es_out_GetBuffering&&!eof(postpone)=1 wakeup=0 deadline-now=0
[DBG] 1h: check1 now=478285262534 state=PAUSE_S es_out_GetBuffering=1 b_eof=0 next_frame_need_data=1 -> demux_allowed=1
[DBG] Buffering 21%
[DBG] 1h: demuxed-while-paused now=478285262969 wakeup=0 wakeup-now=0
[DBG] 1h: wait now=478285263046 state=PAUSE_S es_out_GetBuffering&&!eof(postpone)=1 wakeup=0 deadline-now=0
[DBG] 1h: check1 now=478285263158 state=PAUSE_S es_out_GetBuffering=1 b_eof=0 next_frame_need_data=1 -> demux_allowed=1
[DBG] Buffering 24%
[DBG] 1h: demuxed-while-paused now=478285263667 wakeup=0 wakeup-now=0
[DBG] 1h: wait now=478285263838 state=PAUSE_S es_out_GetBuffering&&!eof(postpone)=1 wakeup=0 deadline-now=0
[DBG] 1h: check1 now=478285263927 state=PAUSE_S es_out_GetBuffering=1 b_eof=0 next_frame_need_data=1 -> demux_allowed=1
[DBG] 1h: demuxed-while-paused now=478285263999 wakeup=0 wakeup-now=0
[DBG] 1h: wait now=478285264054 state=PAUSE_S es_out_GetBuffering&&!eof(postpone)=1 wakeup=0 deadline-now=0
[DBG] 1h: check1 now=478285264103 state=PAUSE_S es_out_GetBuffering=1 b_eof=0 next_frame_need_data=1 -> demux_allowed=1
[DBG] 1h: demuxed-while-paused now=478285264216 wakeup=0 wakeup-now=0
[DBG] 1h: wait now=478285264263 state=PAUSE_S es_out_GetBuffering&&!eof(postpone)=1 wakeup=0 deadline-now=0
[DBG] 1h: check1 now=478285264310 state=PAUSE_S es_out_GetBuffering=1 b_eof=0 next_frame_need_data=1 -> demux_allowed=1
[DBG] 1h: demuxed-while-paused now=478285264372 wakeup=0 wakeup-now=0
[DBG] 1h: wait now=478285264420 state=PAUSE_S es_out_GetBuffering&&!eof(postpone)=1 wakeup=0 deadline-now=0
[DBG] 1h: check1 now=478285264467 state=PAUSE_S es_out_GetBuffering=1 b_eof=0 next_frame_need_data=1 -> demux_allowed=1
[DBG] 1h: demuxed-while-paused now=478285266058 wakeup=0 wakeup-now=0
[DBG] 1h: wait now=478285266184 state=PAUSE_S es_out_GetBuffering&&!eof(postpone)=1 wakeup=0 deadline-now=0
[DBG] 1h: check1 now=478285266246 state=PAUSE_S es_out_GetBuffering=1 b_eof=0 next_frame_need_data=1 -> demux_allowed=1
[DBG] Buffering 34%
[DBG] 1h: demuxed-while-paused now=478285266558 wakeup=0 wakeup-now=0
[DBG] 1h: wait now=478285266609 state=PAUSE_S es_out_GetBuffering&&!eof(postpone)=1 wakeup=0 deadline-now=0
[DBG] 1h: check1 now=478285266656 state=PAUSE_S es_out_GetBuffering=1 b_eof=0 next_frame_need_data=1 -> demux_allowed=1
[DBG] 1h: demuxed-while-paused now=478285266797 wakeup=0 wakeup-now=0
[DBG] 1h: wait now=478285266847 state=PAUSE_S es_out_GetBuffering&&!eof(postpone)=1 wakeup=0 deadline-now=0
[DBG] 1h: check1 now=478285266895 state=PAUSE_S es_out_GetBuffering=1 b_eof=0 next_frame_need_data=1 -> demux_allowed=1
[DBG] 1h: demuxed-while-paused now=478285267131 wakeup=0 wakeup-now=0
[DBG] 1h: wait now=478285267188 state=PAUSE_S es_out_GetBuffering&&!eof(postpone)=1 wakeup=0 deadline-now=0
[DBG] 1h: check1 now=478285267237 state=PAUSE_S es_out_GetBuffering=1 b_eof=0 next_frame_need_data=1 -> demux_allowed=1
[DBG] 1h: demuxed-while-paused now=478285267300 wakeup=0 wakeup-now=0
[DBG] 1h: wait now=478285267353 state=PAUSE_S es_out_GetBuffering&&!eof(postpone)=1 wakeup=0 deadline-now=0
[DBG] 1h: check1 now=478285267401 state=PAUSE_S es_out_GetBuffering=1 b_eof=0 next_frame_need_data=1 -> demux_allowed=1
[DBG] 1h: demuxed-while-paused now=478285267586 wakeup=0 wakeup-now=0
[DBG] 1h: wait now=478285267636 state=PAUSE_S es_out_GetBuffering&&!eof(postpone)=1 wakeup=0 deadline-now=0
[DBG] 1h: check1 now=478285267693 state=PAUSE_S es_out_GetBuffering=1 b_eof=0 next_frame_need_data=1 -> demux_allowed=1
[DBG] Buffering 35%
[DBG] 1h: demuxed-while-paused now=478285269666 wakeup=0 wakeup-now=0
[DBG] 1h: wait now=478285269719 state=PAUSE_S es_out_GetBuffering&&!eof(postpone)=1 wakeup=0 deadline-now=0
[DBG] 1h: check1 now=478285269770 state=PAUSE_S es_out_GetBuffering=1 b_eof=0 next_frame_need_data=1 -> demux_allowed=1
[DBG] Buffering 39%
[DBG] 1h: demuxed-while-paused now=478285270059 wakeup=0 wakeup-now=0
[DBG] 1h: wait now=478285270109 state=PAUSE_S es_out_GetBuffering&&!eof(postpone)=1 wakeup=0 deadline-now=0
[DBG] 1h: check1 now=478285270157 state=PAUSE_S es_out_GetBuffering=1 b_eof=0 next_frame_need_data=1 -> demux_allowed=1
[DBG] Buffering 41%
[DBG] 1h: demuxed-while-paused now=478285270575 wakeup=0 wakeup-now=0
[DBG] 1h: wait now=478285270623 state=PAUSE_S es_out_GetBuffering&&!eof(postpone)=1 wakeup=0 deadline-now=0
[DBG] 1h: check1 now=478285270670 state=PAUSE_S es_out_GetBuffering=1 b_eof=0 next_frame_need_data=1 -> demux_allowed=1
[DBG] Buffering 42%
[DBG] 1h: demuxed-while-paused now=478285270894 wakeup=0 wakeup-now=0
[DBG] 1h: wait now=478285270942 state=PAUSE_S es_out_GetBuffering&&!eof(postpone)=1 wakeup=0 deadline-now=0
[DBG] 1h: check1 now=478285271014 state=PAUSE_S es_out_GetBuffering=1 b_eof=0 next_frame_need_data=1 -> demux_allowed=1
[DBG] 1h: demuxed-while-paused now=478285271944 wakeup=0 wakeup-now=0
[DBG] 1h: wait now=478285271989 state=PAUSE_S es_out_GetBuffering&&!eof(postpone)=1 wakeup=0 deadline-now=0
[DBG] 1h: check1 now=478285272025 state=PAUSE_S es_out_GetBuffering=1 b_eof=0 next_frame_need_data=1 -> demux_allowed=1
[DBG] Buffering 44%
[DBG] 1h: demuxed-while-paused now=478285272261 wakeup=0 wakeup-now=0
[DBG] 1h: wait now=478285272297 state=PAUSE_S es_out_GetBuffering&&!eof(postpone)=1 wakeup=0 deadline-now=0
[DBG] 1h: check1 now=478285272335 state=PAUSE_S es_out_GetBuffering=1 b_eof=0 next_frame_need_data=1 -> demux_allowed=1
[DBG] Buffering 48%
[DBG] 1h: demuxed-while-paused now=478285272591 wakeup=0 wakeup-now=0
[DBG] 1h: wait now=478285272627 state=PAUSE_S es_out_GetBuffering&&!eof(postpone)=1 wakeup=0 deadline-now=0
[DBG] 1h: check1 now=478285272662 state=PAUSE_S es_out_GetBuffering=1 b_eof=0 next_frame_need_data=1 -> demux_allowed=1
[DBG] 1h: demuxed-while-paused now=478285272729 wakeup=0 wakeup-now=0
[DBG] 1h: wait now=478285272779 state=PAUSE_S es_out_GetBuffering&&!eof(postpone)=1 wakeup=0 deadline-now=0
[DBG] 1h: check1 now=478285272818 state=PAUSE_S es_out_GetBuffering=1 b_eof=0 next_frame_need_data=1 -> demux_allowed=1
[DBG] 1h: demuxed-while-paused now=478285272936 wakeup=0 wakeup-now=0
[DBG] 1h: wait now=478285272975 state=PAUSE_S es_out_GetBuffering&&!eof(postpone)=1 wakeup=0 deadline-now=0
[DBG] 1h: check1 now=478285273011 state=PAUSE_S es_out_GetBuffering=1 b_eof=0 next_frame_need_data=1 -> demux_allowed=1
[DBG] Buffering 51%
[DBG] 1h: demuxed-while-paused now=478285273238 wakeup=0 wakeup-now=0
[DBG] 1h: wait now=478285273275 state=PAUSE_S es_out_GetBuffering&&!eof(postpone)=1 wakeup=0 deadline-now=0
[DBG] 1h: check1 now=478285273311 state=PAUSE_S es_out_GetBuffering=1 b_eof=0 next_frame_need_data=1 -> demux_allowed=1
[DBG] Buffering 54%
[DBG] 1h: demuxed-while-paused now=478285274184 wakeup=0 wakeup-now=0
[DBG] 1h: wait now=478285274222 state=PAUSE_S es_out_GetBuffering&&!eof(postpone)=1 wakeup=0 deadline-now=0
[DBG] 1h: check1 now=478285274258 state=PAUSE_S es_out_GetBuffering=1 b_eof=0 next_frame_need_data=1 -> demux_allowed=1
[DBG] Buffering 55%
[DBG] 1h: demuxed-while-paused now=478285274522 wakeup=0 wakeup-now=0
[DBG] 1h: wait now=478285274558 state=PAUSE_S es_out_GetBuffering&&!eof(postpone)=1 wakeup=0 deadline-now=0
[DBG] 1h: check1 now=478285274619 state=PAUSE_S es_out_GetBuffering=1 b_eof=0 next_frame_need_data=1 -> demux_allowed=1
[DBG] Buffering 57%
[DBG] 1h: demuxed-while-paused now=478285274836 wakeup=0 wakeup-now=0
[DBG] 1h: wait now=478285274876 state=PAUSE_S es_out_GetBuffering&&!eof(postpone)=1 wakeup=0 deadline-now=0
[DBG] 1h: check1 now=478285274912 state=PAUSE_S es_out_GetBuffering=1 b_eof=0 next_frame_need_data=1 -> demux_allowed=1
[DBG] 1h: demuxed-while-paused now=478285275025 wakeup=0 wakeup-now=0
[DBG] 1h: wait now=478285275062 state=PAUSE_S es_out_GetBuffering&&!eof(postpone)=1 wakeup=0 deadline-now=0
[DBG] 1h: check1 now=478285275097 state=PAUSE_S es_out_GetBuffering=1 b_eof=0 next_frame_need_data=1 -> demux_allowed=1
[DBG] Buffering 60%
[DBG] 1h: demuxed-while-paused now=478285275354 wakeup=0 wakeup-now=0
[DBG] 1h: wait now=478285275390 state=PAUSE_S es_out_GetBuffering&&!eof(postpone)=1 wakeup=0 deadline-now=0
[DBG] 1h: check1 now=478285275426 state=PAUSE_S es_out_GetBuffering=1 b_eof=0 next_frame_need_data=1 -> demux_allowed=1
[DBG] 1h: demuxed-while-paused now=478285275471 wakeup=0 wakeup-now=0
[DBG] 1h: wait now=478285275507 state=PAUSE_S es_out_GetBuffering&&!eof(postpone)=1 wakeup=0 deadline-now=0
[DBG] 1h: check1 now=478285275541 state=PAUSE_S es_out_GetBuffering=1 b_eof=0 next_frame_need_data=1 -> demux_allowed=1
[DBG] end of video preroll
[DBG] 1h: decoder notify need_data=1 frames_countdown=1 now=478285278758
[DBG] 1h: demuxed-while-paused now=478285278861 wakeup=0 wakeup-now=0
[DBG] 1h: wait now=478285278901 state=PAUSE_S es_out_GetBuffering&&!eof(postpone)=1 wakeup=0 deadline-now=0
[DBG] 1g: input seek_frame_previous now=478285278955 pts=33534001 steps=3 failed=1 enabled=1
[DBG] 1g: es_out RESET_PCR_FRAME_PREV duration=266664 now=478285278983 paused=1 pause_date=478204561297
[DBG] 1g: es_out change_position now=478285279016 paused=1 pause_date=478204561297 buffering=1 next_frame_es=0
9:48:46.708 PM [player] buffering 0.0
[DBG] 1h: decoder notify need_data=1 frames_countdown=1 now=478285279389
[DBG] SET_TIME to 33434001
[DBG] seek request to i_pos = 33434001
[DBG] seek: preroll{ track: 1, pts: 33116000, fpos: 17716506 skip: 17716506} 
[DBG] seek: preroll{ track: 2, pts: 33408000, fpos: 17967726 skip: 17967726} 
[DBG] seek: preroll{ req: 33434002, start-pts: 33116001, start-fpos: 17716506} 
[DBG] 1h: check2 now=478285279625 control=36 state=PAUSE_S next_frame_need_data=1 old_wakeup=0 -> wakeup=0 wakeup-now=0
[DBG] 1h: wait now=478285279654 state=PAUSE_S es_out_GetBuffering&&!eof(postpone)=1 wakeup=0 deadline-now=0
[DBG] 1h: INPUT_CONTROL_NEED_DATA_FRAME_NEXT 1 -> 1 now=478285279690
[DBG] 1h: check2 now=478285279714 control=35 state=PAUSE_S next_frame_need_data=1 old_wakeup=0 -> wakeup=0 wakeup-now=0
[DBG] 1h: wait now=478285279737 state=PAUSE_S es_out_GetBuffering&&!eof(postpone)=1 wakeup=0 deadline-now=0
[DBG] 1h: INPUT_CONTROL_NEED_DATA_FRAME_NEXT 1 -> 1 now=478285279763
[DBG] 1h: check2 now=478285279781 control=35 state=PAUSE_S next_frame_need_data=1 old_wakeup=0 -> wakeup=0 wakeup-now=0
[DBG] 1h: wait now=478285279799 state=PAUSE_S es_out_GetBuffering&&!eof(postpone)=1 wakeup=0 deadline-now=0
[DBG] 1h: check1 now=478285279826 state=PAUSE_S es_out_GetBuffering=1 b_eof=0 next_frame_need_data=1 -> demux_allowed=1
[DBG] Buffering 0%
9:48:46.709 PM [player] buffering 0.0
[DBG] 1h: decoder notify need_data=1 frames_countdown=1 now=478285280027
[DBG] 1h: demuxed-while-paused now=478285280071 wakeup=0 wakeup-now=0
[DBG] 1h: wait now=478285280102 state=PAUSE_S es_out_GetBuffering&&!eof(postpone)=1 wakeup=0 deadline-now=0
[DBG] 1h: INPUT_CONTROL_NEED_DATA_FRAME_NEXT 1 -> 1 now=478285280129
[DBG] 1h: check2 now=478285280150 control=35 state=PAUSE_S next_frame_need_data=1 old_wakeup=0 -> wakeup=0 wakeup-now=0
[DBG] 1h: wait now=478285280168 state=PAUSE_S es_out_GetBuffering&&!eof(postpone)=1 wakeup=0 deadline-now=0
[DBG] 1h: check1 now=478285280195 state=PAUSE_S es_out_GetBuffering=1 b_eof=0 next_frame_need_data=1 -> demux_allowed=1
[DBG] 1h: decoder notify need_data=1 frames_countdown=1 now=478285280377
[DBG] 1h: demuxed-while-paused now=478285280398 wakeup=0 wakeup-now=0
[DBG] 1h: wait now=478285280444 state=PAUSE_S es_out_GetBuffering&&!eof(postpone)=1 wakeup=0 deadline-now=0
[DBG] 1h: INPUT_CONTROL_NEED_DATA_FRAME_NEXT 1 -> 1 now=478285280472
[DBG] 1h: check2 now=478285280491 control=35 state=PAUSE_S next_frame_need_data=1 old_wakeup=0 -> wakeup=0 wakeup-now=0
[… 5 repetitive 1h lines omitted (full log: 1h-stargate-back-full.log.gz); check1 transitions kept below …]
[DBG] 1h: demuxed-while-paused now=478285280715 wakeup=0 wakeup-now=0
[DBG] 1h: wait now=478285280750 state=PAUSE_S es_out_GetBuffering&&!eof(postpone)=1 wakeup=0 deadline-now=0
[DBG] 1h: check1 now=478285280777 state=PAUSE_S es_out_GetBuffering=1 b_eof=0 next_frame_need_data=1 -> demux_allowed=1
[DBG] 1h: demuxed-while-paused now=478285280814 wakeup=0 wakeup-now=0
[DBG] 1h: wait now=478285280841 state=PAUSE_S es_out_GetBuffering&&!eof(postpone)=1 wakeup=0 deadline-now=0
[DBG] 1h: check1 now=478285280869 state=PAUSE_S es_out_GetBuffering=1 b_eof=0 next_frame_need_data=1 -> demux_allowed=1
[DBG] 1h: demuxed-while-paused now=478285280963 wakeup=0 wakeup-now=0
[DBG] 1h: wait now=478285280992 state=PAUSE_S es_out_GetBuffering&&!eof(postpone)=1 wakeup=0 deadline-now=0
[DBG] 1h: check1 now=478285281019 state=PAUSE_S es_out_GetBuffering=1 b_eof=0 next_frame_need_data=1 -> demux_allowed=1
[DBG] 1h: demuxed-while-paused now=478285281103 wakeup=0 wakeup-now=0
[DBG] 1h: wait now=478285281132 state=PAUSE_S es_out_GetBuffering&&!eof(postpone)=1 wakeup=0 deadline-now=0
[DBG] 1h: check1 now=478285281159 state=PAUSE_S es_out_GetBuffering=1 b_eof=0 next_frame_need_data=1 -> demux_allowed=1
[DBG] Buffering 3%
[DBG] 1h: demuxed-while-paused now=478285281352 wakeup=0 wakeup-now=0
[DBG] 1h: wait now=478285281381 state=PAUSE_S es_out_GetBuffering&&!eof(postpone)=1 wakeup=0 deadline-now=0
[DBG] 1h: check1 now=478285281409 state=PAUSE_S es_out_GetBuffering=1 b_eof=0 next_frame_need_data=1 -> demux_allowed=1
[DBG] 1h: demuxed-while-paused now=478285281444 wakeup=0 wakeup-now=0
[DBG] 1h: wait now=478285281471 state=PAUSE_S es_out_GetBuffering&&!eof(postpone)=1 wakeup=0 deadline-now=0
[DBG] 1h: check1 now=478285281498 state=PAUSE_S es_out_GetBuffering=1 b_eof=0 next_frame_need_data=1 -> demux_allowed=1
[DBG] Buffering 6%
[DBG] 1h: demuxed-while-paused now=478285281630 wakeup=0 wakeup-now=0
[DBG] 1h: wait now=478285281658 state=PAUSE_S es_out_GetBuffering&&!eof(postpone)=1 wakeup=0 deadline-now=0
[DBG] 1h: check1 now=478285281685 state=PAUSE_S es_out_GetBuffering=1 b_eof=0 next_frame_need_data=1 -> demux_allowed=1
[DBG] 1h: demuxed-while-paused now=478285281776 wakeup=0 wakeup-now=0
[DBG] 1h: wait now=478285281805 state=PAUSE_S es_out_GetBuffering&&!eof(postpone)=1 wakeup=0 deadline-now=0
[DBG] 1h: check1 now=478285281832 state=PAUSE_S es_out_GetBuffering=1 b_eof=0 next_frame_need_data=1 -> demux_allowed=1
[DBG] Buffering 8%
[DBG] 1h: demuxed-while-paused now=478285282013 wakeup=0 wakeup-now=0
[DBG] 1h: wait now=478285282042 state=PAUSE_S es_out_GetBuffering&&!eof(postpone)=1 wakeup=0 deadline-now=0
[DBG] 1h: check1 now=478285282070 state=PAUSE_S es_out_GetBuffering=1 b_eof=0 next_frame_need_data=1 -> demux_allowed=1
[DBG] 1h: demuxed-while-paused now=478285282108 wakeup=0 wakeup-now=0
[DBG] 1h: wait now=478285282136 state=PAUSE_S es_out_GetBuffering&&!eof(postpone)=1 wakeup=0 deadline-now=0
[DBG] 1h: check1 now=478285282164 state=PAUSE_S es_out_GetBuffering=1 b_eof=0 next_frame_need_data=1 -> demux_allowed=1
[DBG] Buffering 12%
[DBG] 1h: demuxed-while-paused now=478285282293 wakeup=0 wakeup-now=0
[DBG] 1h: wait now=478285282320 state=PAUSE_S es_out_GetBuffering&&!eof(postpone)=1 wakeup=0 deadline-now=0
[DBG] 1h: check1 now=478285282347 state=PAUSE_S es_out_GetBuffering=1 b_eof=0 next_frame_need_data=1 -> demux_allowed=1
[DBG] 1h: demuxed-while-paused now=478285282433 wakeup=0 wakeup-now=0
[DBG] 1h: wait now=478285282462 state=PAUSE_S es_out_GetBuffering&&!eof(postpone)=1 wakeup=0 deadline-now=0
[DBG] 1h: check1 now=478285282489 state=PAUSE_S es_out_GetBuffering=1 b_eof=0 next_frame_need_data=1 -> demux_allowed=1
[DBG] Buffering 16%
[DBG] 1h: demuxed-while-paused now=478285282693 wakeup=0 wakeup-now=0
[DBG] 1h: wait now=478285282721 state=PAUSE_S es_out_GetBuffering&&!eof(postpone)=1 wakeup=0 deadline-now=0
[DBG] 1h: check1 now=478285282753 state=PAUSE_S es_out_GetBuffering=1 b_eof=0 next_frame_need_data=1 -> demux_allowed=1
[DBG] 1h: demuxed-while-paused now=478285282794 wakeup=0 wakeup-now=0
[DBG] 1h: wait now=478285282841 state=PAUSE_S es_out_GetBuffering&&!eof(postpone)=1 wakeup=0 deadline-now=0
[DBG] 1h: check1 now=478285282879 state=PAUSE_S es_out_GetBuffering=1 b_eof=0 next_frame_need_data=1 -> demux_allowed=1
[DBG] 1h: demuxed-while-paused now=478285282981 wakeup=0 wakeup-now=0
[DBG] 1h: wait now=478285283011 state=PAUSE_S es_out_GetBuffering&&!eof(postpone)=1 wakeup=0 deadline-now=0
[DBG] 1h: check1 now=478285283040 state=PAUSE_S es_out_GetBuffering=1 b_eof=0 next_frame_need_data=1 -> demux_allowed=1
[DBG] Buffering 18%
[DBG] 1h: demuxed-while-paused now=478285283228 wakeup=0 wakeup-now=0
[DBG] 1h: wait now=478285283257 state=PAUSE_S es_out_GetBuffering&&!eof(postpone)=1 wakeup=0 deadline-now=0
[DBG] 1h: check1 now=478285283285 state=PAUSE_S es_out_GetBuffering=1 b_eof=0 next_frame_need_data=1 -> demux_allowed=1
[DBG] Buffering 22%
[DBG] 1h: demuxed-while-paused now=478285283468 wakeup=0 wakeup-now=0
[DBG] 1h: wait now=478285283497 state=PAUSE_S es_out_GetBuffering&&!eof(postpone)=1 wakeup=0 deadline-now=0
[DBG] 1h: check1 now=478285283525 state=PAUSE_S es_out_GetBuffering=1 b_eof=0 next_frame_need_data=1 -> demux_allowed=1
[DBG] Buffering 25%
[DBG] 1h: demuxed-while-paused now=478285283867 wakeup=0 wakeup-now=0
[DBG] 1h: wait now=478285283909 state=PAUSE_S es_out_GetBuffering&&!eof(postpone)=1 wakeup=0 deadline-now=0
[DBG] 1h: check1 now=478285283949 state=PAUSE_S es_out_GetBuffering=1 b_eof=0 next_frame_need_data=1 -> demux_allowed=1
[DBG] 1h: demuxed-while-paused now=478285284006 wakeup=0 wakeup-now=0
[DBG] 1h: wait now=478285284036 state=PAUSE_S es_out_GetBuffering&&!eof(postpone)=1 wakeup=0 deadline-now=0
[DBG] 1h: check1 now=478285284067 state=PAUSE_S es_out_GetBuffering=1 b_eof=0 next_frame_need_data=1 -> demux_allowed=1
[DBG] 1h: demuxed-while-paused now=478285284133 wakeup=0 wakeup-now=0
[DBG] 1h: wait now=478285284163 state=PAUSE_S es_out_GetBuffering&&!eof(postpone)=1 wakeup=0 deadline-now=0
[DBG] 1h: check1 now=478285284192 state=PAUSE_S es_out_GetBuffering=1 b_eof=0 next_frame_need_data=1 -> demux_allowed=1
[DBG] 1h: demuxed-while-paused now=478285284234 wakeup=0 wakeup-now=0
[DBG] 1h: wait now=478285284262 state=PAUSE_S es_out_GetBuffering&&!eof(postpone)=1 wakeup=0 deadline-now=0
[DBG] 1h: check1 now=478285284290 state=PAUSE_S es_out_GetBuffering=1 b_eof=0 next_frame_need_data=1 -> demux_allowed=1
[DBG] 1h: demuxed-while-paused now=478285284474 wakeup=0 wakeup-now=0
[DBG] 1h: wait now=478285284507 state=PAUSE_S es_out_GetBuffering&&!eof(postpone)=1 wakeup=0 deadline-now=0
[DBG] 1h: check1 now=478285284535 state=PAUSE_S es_out_GetBuffering=1 b_eof=0 next_frame_need_data=1 -> demux_allowed=1
[DBG] Buffering 36%
[DBG] 1h: demuxed-while-paused now=478285284830 wakeup=0 wakeup-now=0
[DBG] 1h: wait now=478285284924 state=PAUSE_S es_out_GetBuffering&&!eof(postpone)=1 wakeup=0 deadline-now=0
[DBG] 1h: check1 now=478285284968 state=PAUSE_S es_out_GetBuffering=1 b_eof=0 next_frame_need_data=1 -> demux_allowed=1
[DBG] 1h: demuxed-while-paused now=478285285063 wakeup=0 wakeup-now=0
[DBG] 1h: wait now=478285285093 state=PAUSE_S es_out_GetBuffering&&!eof(postpone)=1 wakeup=0 deadline-now=0
[DBG] 1h: check1 now=478285285122 state=PAUSE_S es_out_GetBuffering=1 b_eof=0 next_frame_need_data=1 -> demux_allowed=1
[DBG] 1h: demuxed-while-paused now=478285285270 wakeup=0 wakeup-now=0
[DBG] 1h: wait now=478285285308 state=PAUSE_S es_out_GetBuffering&&!eof(postpone)=1 wakeup=0 deadline-now=0
[DBG] 1h: check1 now=478285285343 state=PAUSE_S es_out_GetBuffering=1 b_eof=0 next_frame_need_data=1 -> demux_allowed=1
[DBG] 1h: demuxed-while-paused now=478285285392 wakeup=0 wakeup-now=0
[DBG] 1h: wait now=478285285430 state=PAUSE_S es_out_GetBuffering&&!eof(postpone)=1 wakeup=0 deadline-now=0
[DBG] 1h: check1 now=478285285464 state=PAUSE_S es_out_GetBuffering=1 b_eof=0 next_frame_need_data=1 -> demux_allowed=1
[DBG] 1h: demuxed-while-paused now=478285285562 wakeup=0 wakeup-now=0
[DBG] 1h: wait now=478285285591 state=PAUSE_S es_out_GetBuffering&&!eof(postpone)=1 wakeup=0 deadline-now=0
[DBG] 1h: check1 now=478285285619 state=PAUSE_S es_out_GetBuffering=1 b_eof=0 next_frame_need_data=1 -> demux_allowed=1
[DBG] 1h: demuxed-while-paused now=478285285823 wakeup=0 wakeup-now=0
[DBG] 1h: wait now=478285285853 state=PAUSE_S es_out_GetBuffering&&!eof(postpone)=1 wakeup=0 deadline-now=0
[DBG] 1h: check1 now=478285285882 state=PAUSE_S es_out_GetBuffering=1 b_eof=0 next_frame_need_data=1 -> demux_allowed=1
[DBG] Buffering 41%
[DBG] 1h: demuxed-while-paused now=478285286100 wakeup=0 wakeup-now=0
[DBG] 1h: wait now=478285286129 state=PAUSE_S es_out_GetBuffering&&!eof(postpone)=1 wakeup=0 deadline-now=0
[DBG] 1h: check1 now=478285286166 state=PAUSE_S es_out_GetBuffering=1 b_eof=0 next_frame_need_data=1 -> demux_allowed=1
[DBG] Buffering 44%
[DBG] 1h: demuxed-while-paused now=478285286412 wakeup=0 wakeup-now=0
[DBG] 1h: wait now=478285286451 state=PAUSE_S es_out_GetBuffering&&!eof(postpone)=1 wakeup=0 deadline-now=0
[DBG] 1h: check1 now=478285286480 state=PAUSE_S es_out_GetBuffering=1 b_eof=0 next_frame_need_data=1 -> demux_allowed=1
[DBG] 1h: demuxed-while-paused now=478285286631 wakeup=0 wakeup-now=0
[DBG] 1h: wait now=478285286660 state=PAUSE_S es_out_GetBuffering&&!eof(postpone)=1 wakeup=0 deadline-now=0
[DBG] 1h: check1 now=478285286688 state=PAUSE_S es_out_GetBuffering=1 b_eof=0 next_frame_need_data=1 -> demux_allowed=1
[DBG] 1h: demuxed-while-paused now=478285286783 wakeup=0 wakeup-now=0
[DBG] 1h: wait now=478285286813 state=PAUSE_S es_out_GetBuffering&&!eof(postpone)=1 wakeup=0 deadline-now=0
[DBG] 1h: check1 now=478285286840 state=PAUSE_S es_out_GetBuffering=1 b_eof=0 next_frame_need_data=1 -> demux_allowed=1
[DBG] Buffering 46%
[DBG] 1h: demuxed-while-paused now=478285287054 wakeup=0 wakeup-now=0
[DBG] 1h: wait now=478285287284 state=PAUSE_S es_out_GetBuffering&&!eof(postpone)=1 wakeup=0 deadline-now=0
[DBG] 1h: check1 now=478285287340 state=PAUSE_S es_out_GetBuffering=1 b_eof=0 next_frame_need_data=1 -> demux_allowed=1
[DBG] Buffering 50%
[DBG] 1h: demuxed-while-paused now=478285287610 wakeup=0 wakeup-now=0
[DBG] 1h: wait now=478285287644 state=PAUSE_S es_out_GetBuffering&&!eof(postpone)=1 wakeup=0 deadline-now=0
[DBG] 1h: check1 now=478285287676 state=PAUSE_S es_out_GetBuffering=1 b_eof=0 next_frame_need_data=1 -> demux_allowed=1
[DBG] 1h: demuxed-while-paused now=478285287711 wakeup=0 wakeup-now=0
[DBG] 1h: wait now=478285287739 state=PAUSE_S es_out_GetBuffering&&!eof(postpone)=1 wakeup=0 deadline-now=0
[DBG] 1h: check1 now=478285287766 state=PAUSE_S es_out_GetBuffering=1 b_eof=0 next_frame_need_data=1 -> demux_allowed=1
[DBG] 1h: demuxed-while-paused now=478285287851 wakeup=0 wakeup-now=0
[DBG] 1h: wait now=478285287880 state=PAUSE_S es_out_GetBuffering&&!eof(postpone)=1 wakeup=0 deadline-now=0
[DBG] 1h: check1 now=478285287911 state=PAUSE_S es_out_GetBuffering=1 b_eof=0 next_frame_need_data=1 -> demux_allowed=1
[DBG] Buffering 54%
[DBG] 1h: demuxed-while-paused now=478285288131 wakeup=0 wakeup-now=0
[DBG] 1h: wait now=478285288164 state=PAUSE_S es_out_GetBuffering&&!eof(postpone)=1 wakeup=0 deadline-now=0
[DBG] 1h: check1 now=478285288198 state=PAUSE_S es_out_GetBuffering=1 b_eof=0 next_frame_need_data=1 -> demux_allowed=1
[DBG] Buffering 57%
[DBG] 1h: demuxed-while-paused now=478285288422 wakeup=0 wakeup-now=0
[DBG] 1h: wait now=478285288451 state=PAUSE_S es_out_GetBuffering&&!eof(postpone)=1 wakeup=0 deadline-now=0
[DBG] 1h: check1 now=478285288479 state=PAUSE_S es_out_GetBuffering=1 b_eof=0 next_frame_need_data=1 -> demux_allowed=1
[DBG] Buffering 58%
[DBG] 1h: demuxed-while-paused now=478285288704 wakeup=0 wakeup-now=0
[DBG] 1h: wait now=478285288733 state=PAUSE_S es_out_GetBuffering&&!eof(postpone)=1 wakeup=0 deadline-now=0
[DBG] 1h: check1 now=478285288760 state=PAUSE_S es_out_GetBuffering=1 b_eof=0 next_frame_need_data=1 -> demux_allowed=1
[DBG] Buffering 60%
[DBG] 1h: demuxed-while-paused now=478285288912 wakeup=0 wakeup-now=0
[DBG] 1h: wait now=478285288941 state=PAUSE_S es_out_GetBuffering&&!eof(postpone)=1 wakeup=0 deadline-now=0
[DBG] 1h: check1 now=478285288968 state=PAUSE_S es_out_GetBuffering=1 b_eof=0 next_frame_need_data=1 -> demux_allowed=1
[DBG] 1h: demuxed-while-paused now=478285289115 wakeup=0 wakeup-now=0
[DBG] 1h: wait now=478285289146 state=PAUSE_S es_out_GetBuffering&&!eof(postpone)=1 wakeup=0 deadline-now=0
[DBG] 1h: check1 now=478285289173 state=PAUSE_S es_out_GetBuffering=1 b_eof=0 next_frame_need_data=1 -> demux_allowed=1
[DBG] Buffering 63%
[DBG] 1h: demuxed-while-paused now=478285289402 wakeup=0 wakeup-now=0
[DBG] 1h: wait now=478285289440 state=PAUSE_S es_out_GetBuffering&&!eof(postpone)=1 wakeup=0 deadline-now=0
[DBG] 1h: check1 now=478285289473 state=PAUSE_S es_out_GetBuffering=1 b_eof=0 next_frame_need_data=1 -> demux_allowed=1
[DBG] 1h: demuxed-while-paused now=478285289512 wakeup=0 wakeup-now=0
[DBG] 1h: wait now=478285289547 state=PAUSE_S es_out_GetBuffering&&!eof(postpone)=1 wakeup=0 deadline-now=0
[DBG] 1h: check1 now=478285289582 state=PAUSE_S es_out_GetBuffering=1 b_eof=0 next_frame_need_data=1 -> demux_allowed=1
[DBG] 1h: demuxed-while-paused now=478285289644 wakeup=0 wakeup-now=0
[DBG] 1h: wait now=478285289672 state=PAUSE_S es_out_GetBuffering&&!eof(postpone)=1 wakeup=0 deadline-now=0
[DBG] 1h: check1 now=478285289699 state=PAUSE_S es_out_GetBuffering=1 b_eof=0 next_frame_need_data=1 -> demux_allowed=1
[DBG] 1h: demuxed-while-paused now=478285289733 wakeup=0 wakeup-now=0
[DBG] 1h: wait now=478285289761 state=PAUSE_S es_out_GetBuffering&&!eof(postpone)=1 wakeup=0 deadline-now=0
[DBG] 1h: check1 now=478285289788 state=PAUSE_S es_out_GetBuffering=1 b_eof=0 next_frame_need_data=1 -> demux_allowed=1
[DBG] 1h: demuxed-while-paused now=478285289924 wakeup=0 wakeup-now=0
[DBG] 1h: wait now=478285289952 state=PAUSE_S es_out_GetBuffering&&!eof(postpone)=1 wakeup=0 deadline-now=0
[DBG] 1h: check1 now=478285289979 state=PAUSE_S es_out_GetBuffering=1 b_eof=0 next_frame_need_data=1 -> demux_allowed=1
[DBG] Buffering 75%
[DBG] 1h: demuxed-while-paused now=478285290253 wakeup=0 wakeup-now=0
[DBG] 1h: wait now=478285290283 state=PAUSE_S es_out_GetBuffering&&!eof(postpone)=1 wakeup=0 deadline-now=0
[DBG] 1h: check1 now=478285290317 state=PAUSE_S es_out_GetBuffering=1 b_eof=0 next_frame_need_data=1 -> demux_allowed=1
[DBG] 1h: demuxed-while-paused now=478285290400 wakeup=0 wakeup-now=0
[DBG] 1h: wait now=478285290487 state=PAUSE_S es_out_GetBuffering&&!eof(postpone)=1 wakeup=0 deadline-now=0
[DBG] 1h: check1 now=478285290548 state=PAUSE_S es_out_GetBuffering=1 b_eof=0 next_frame_need_data=1 -> demux_allowed=1
[DBG] 1h: demuxed-while-paused now=478285290703 wakeup=0 wakeup-now=0
[DBG] 1h: wait now=478285290749 state=PAUSE_S es_out_GetBuffering&&!eof(postpone)=1 wakeup=0 deadline-now=0
[DBG] 1h: check1 now=478285290784 state=PAUSE_S es_out_GetBuffering=1 b_eof=0 next_frame_need_data=1 -> demux_allowed=1
[DBG] 1h: demuxed-while-paused now=478285290829 wakeup=0 wakeup-now=0
[DBG] 1h: wait now=478285290859 state=PAUSE_S es_out_GetBuffering&&!eof(postpone)=1 wakeup=0 deadline-now=0
[DBG] 1h: check1 now=478285290886 state=PAUSE_S es_out_GetBuffering=1 b_eof=0 next_frame_need_data=1 -> demux_allowed=1
[DBG] 1h: demuxed-while-paused now=478285290987 wakeup=0 wakeup-now=0
[DBG] 1h: wait now=478285291015 state=PAUSE_S es_out_GetBuffering&&!eof(postpone)=1 wakeup=0 deadline-now=0
[DBG] 1h: check1 now=478285291042 state=PAUSE_S es_out_GetBuffering=1 b_eof=0 next_frame_need_data=1 -> demux_allowed=1
[DBG] 1h: demuxed-while-paused now=478285291125 wakeup=0 wakeup-now=0
[DBG] 1h: wait now=478285291152 state=PAUSE_S es_out_GetBuffering&&!eof(postpone)=1 wakeup=0 deadline-now=0
[DBG] 1h: check1 now=478285291179 state=PAUSE_S es_out_GetBuffering=1 b_eof=0 next_frame_need_data=1 -> demux_allowed=1
[DBG] Buffering 79%
[DBG] 1h: demuxed-while-paused now=478285291385 wakeup=0 wakeup-now=0
[DBG] 1h: wait now=478285291413 state=PAUSE_S es_out_GetBuffering&&!eof(postpone)=1 wakeup=0 deadline-now=0
[DBG] 1h: check1 now=478285291442 state=PAUSE_S es_out_GetBuffering=1 b_eof=0 next_frame_need_data=1 -> demux_allowed=1
[DBG] end of video preroll
[DBG] Buffering 82%
[DBG] 1h: demuxed-while-paused now=478285291762 wakeup=0 wakeup-now=0
[DBG] 1h: wait now=478285291853 state=PAUSE_S es_out_GetBuffering&&!eof(postpone)=1 wakeup=0 deadline-now=0
[DBG] 1h: check1 now=478285291906 state=PAUSE_S es_out_GetBuffering=1 b_eof=0 next_frame_need_data=1 -> demux_allowed=1
[DBG] 1h: demuxed-while-paused now=478285291942 wakeup=0 wakeup-now=0
[DBG] 1h: wait now=478285291970 state=PAUSE_S es_out_GetBuffering&&!eof(postpone)=1 wakeup=0 deadline-now=0
[DBG] 1h: check1 now=478285291993 state=PAUSE_S es_out_GetBuffering=1 b_eof=0 next_frame_need_data=1 -> demux_allowed=1
[DBG] 1h: demuxed-while-paused now=478285292067 wakeup=0 wakeup-now=0
[DBG] 1h: wait now=478285292091 state=PAUSE_S es_out_GetBuffering&&!eof(postpone)=1 wakeup=0 deadline-now=0
[DBG] 1h: check1 now=478285292113 state=PAUSE_S es_out_GetBuffering=1 b_eof=0 next_frame_need_data=1 -> demux_allowed=1
[DBG] Buffering 84%
[DBG] 1h: demuxed-while-paused now=478285292292 wakeup=0 wakeup-now=0
[DBG] 1h: wait now=478285292315 state=PAUSE_S es_out_GetBuffering&&!eof(postpone)=1 wakeup=0 deadline-now=0
[DBG] 1h: check1 now=478285292338 state=PAUSE_S es_out_GetBuffering=1 b_eof=0 next_frame_need_data=1 -> demux_allowed=1
[DBG] Buffering 88%
[DBG] 1h: demuxed-while-paused now=478285292573 wakeup=0 wakeup-now=0
[DBG] 1h: wait now=478285292597 state=PAUSE_S es_out_GetBuffering&&!eof(postpone)=1 wakeup=0 deadline-now=0
[DBG] 1h: check1 now=478285292620 state=PAUSE_S es_out_GetBuffering=1 b_eof=0 next_frame_need_data=1 -> demux_allowed=1
[DBG] Buffering 90%
[DBG] 1h: demuxed-while-paused now=478285292814 wakeup=0 wakeup-now=0
[DBG] 1h: wait now=478285292837 state=PAUSE_S es_out_GetBuffering&&!eof(postpone)=1 wakeup=0 deadline-now=0
[DBG] 1h: check1 now=478285292860 state=PAUSE_S es_out_GetBuffering=1 b_eof=0 next_frame_need_data=1 -> demux_allowed=1
[DBG] Buffering 92%
[DBG] 1h: demuxed-while-paused now=478285292996 wakeup=0 wakeup-now=0
[DBG] 1h: wait now=478285293019 state=PAUSE_S es_out_GetBuffering&&!eof(postpone)=1 wakeup=0 deadline-now=0
[DBG] 1h: check1 now=478285293042 state=PAUSE_S es_out_GetBuffering=1 b_eof=0 next_frame_need_data=1 -> demux_allowed=1
[DBG] 1h: demuxed-while-paused now=478285293128 wakeup=0 wakeup-now=0
[DBG] 1h: wait now=478285293151 state=PAUSE_S es_out_GetBuffering&&!eof(postpone)=1 wakeup=0 deadline-now=0
[DBG] 1h: check1 now=478285293174 state=PAUSE_S es_out_GetBuffering=1 b_eof=0 next_frame_need_data=1 -> demux_allowed=1
[DBG] Buffering 94%
[DBG] 1h: demuxed-while-paused now=478285293364 wakeup=0 wakeup-now=0
[DBG] 1h: wait now=478285293434 state=PAUSE_S es_out_GetBuffering&&!eof(postpone)=1 wakeup=0 deadline-now=0
[DBG] 1h: check1 now=478285293492 state=PAUSE_S es_out_GetBuffering=1 b_eof=0 next_frame_need_data=1 -> demux_allowed=1
[DBG] Buffering 97%
[DBG] 1h: demuxed-while-paused now=478285293768 wakeup=0 wakeup-now=0
[DBG] 1h: wait now=478285293791 state=PAUSE_S es_out_GetBuffering&&!eof(postpone)=1 wakeup=0 deadline-now=0
[DBG] 1h: check1 now=478285293814 state=PAUSE_S es_out_GetBuffering=1 b_eof=0 next_frame_need_data=1 -> demux_allowed=1
[DBG] Buffering 98%
[DBG] 1h: demuxed-while-paused now=478285293945 wakeup=0 wakeup-now=0
[DBG] 1h: wait now=478285293967 state=PAUSE_S es_out_GetBuffering&&!eof(postpone)=1 wakeup=0 deadline-now=0
[DBG] 1h: check1 now=478285293990 state=PAUSE_S es_out_GetBuffering=1 b_eof=0 next_frame_need_data=1 -> demux_allowed=1
[DBG] 1h: demuxed-while-paused now=478285294064 wakeup=0 wakeup-now=0
[DBG] 1h: wait now=478285294087 state=PAUSE_S es_out_GetBuffering&&!eof(postpone)=1 wakeup=0 deadline-now=0
[DBG] 1h: check1 now=478285294110 state=PAUSE_S es_out_GetBuffering=1 b_eof=0 next_frame_need_data=1 -> demux_allowed=1
9:48:46.723 PM [player] buffering 1.0
[DBG] Stream buffering done (1335 ms in 14 ms)
[DBG] Decoder wait done in 0 ms
[DBG] 1g: es_out stop_buffering now=478285294283 paused=1 pause_date=478204561297 current_date=478204561297 buffering_duration=1318002 update=478203243295 stream_start=33116000
[WARN] 1g: main_reset now=478285294327 paused=1 pause_date=478204561297 first_pcr.system=478169345235 last.system=478204562790
[WARN] 1g: main_reset now=478285294389 paused=1 pause_date=0 first_pcr.system=0 last.system=0
[WARN] 1g: set_first_pcr now=478285294428 system=478203243295 ts=33116000 paused=1 pause_date=0
[DBG] 1h: demuxed-while-paused now=478285294540 wakeup=478204478296 wakeup-now=-80816244
[DBG] 1h: wait now=478285294573 state=PAUSE_S es_out_GetBuffering&&!eof(postpone)=0 wakeup=478204478296 deadline-now=-80816277
[DBG] 1h: check1 now=478285294598 state=PAUSE_S es_out_GetBuffering=0 b_eof=0 next_frame_need_data=1 -> demux_allowed=1
[DBG] 1h: demuxed-while-paused now=478285294632 wakeup=478204478296 wakeup-now=-80816336
[DBG] 1h: wait now=478285294656 state=PAUSE_S es_out_GetBuffering&&!eof(postpone)=0 wakeup=478204478296 deadline-now=-80816360
[DBG] 1h: check1 now=478285294676 state=PAUSE_S es_out_GetBuffering=0 b_eof=0 next_frame_need_data=1 -> demux_allowed=1
[DBG] 1h: demuxed-while-paused now=478285294802 wakeup=478204478296 wakeup-now=-80816506
[DBG] 1h: wait now=478285294825 state=PAUSE_S es_out_GetBuffering&&!eof(postpone)=0 wakeup=478204478296 deadline-now=-80816529
[DBG] 1h: check1 now=478285294845 state=PAUSE_S es_out_GetBuffering=0 b_eof=0 next_frame_need_data=1 -> demux_allowed=1
[DBG] 1h: demuxed-while-paused now=478285294971 wakeup=478204619296 wakeup-now=-80675675
[DBG] 1h: wait now=478285294994 state=PAUSE_S es_out_GetBuffering&&!eof(postpone)=0 wakeup=478204619296 deadline-now=-80675698
[DBG] 1h: check1 now=478285295014 state=PAUSE_S es_out_GetBuffering=0 b_eof=0 next_frame_need_data=1 -> demux_allowed=1
[… 25 repetitive 1h lines omitted (full log: 1h-stargate-back-full.log.gz); check1 transitions kept below …]
[DBG] 1h: wait now=478285296529 state=PAUSE_S es_out_GetBuffering&&!eof(postpone)=0 wakeup=478204728296 deadline-now=-80568233
[DBG] 1h: check1 now=478285296548 state=PAUSE_S es_out_GetBuffering=0 b_eof=0 next_frame_need_data=1 -> demux_allowed=1
[DBG] 1h: demuxed-while-paused now=478285296679 wakeup=478204761662 wakeup-now=-80535017
[DBG] 1h: wait now=478285296706 state=PAUSE_S es_out_GetBuffering&&!eof(postpone)=0 wakeup=478204761662 deadline-now=-80535044
[DBG] 1h: check1 now=478285296726 state=PAUSE_S es_out_GetBuffering=0 b_eof=0 next_frame_need_data=1 -> demux_allowed=1
[DBG] 1h: demuxed-while-paused now=478285296873 wakeup=478204811296 wakeup-now=-80485577
[DBG] 1h: wait now=478285296899 state=PAUSE_S es_out_GetBuffering&&!eof(postpone)=0 wakeup=478204811296 deadline-now=-80485603
[DBG] 1h: check1 now=478285296919 state=PAUSE_S es_out_GetBuffering=0 b_eof=0 next_frame_need_data=1 -> demux_allowed=1
[DBG] 1h: demuxed-while-paused now=478285297001 wakeup=478204812296 wakeup-now=-80484705
[DBG] 1h: wait now=478285297023 state=PAUSE_S es_out_GetBuffering&&!eof(postpone)=0 wakeup=478204812296 deadline-now=-80484727
[DBG] 1h: check1 now=478285297043 state=PAUSE_S es_out_GetBuffering=0 b_eof=0 next_frame_need_data=1 -> demux_allowed=1
[DBG] 1h: demuxed-while-paused now=478285297148 wakeup=478204812296 wakeup-now=-80484852
9:48:46.726 PM [framestep] previousFrameStepped result=0 time=33483 ms
[DBG] 1h: wait now=478285297195 state=PAUSE_S es_out_GetBuffering&&!eof(postpone)=0 wakeup=478204812296 deadline-now=-80484899
[DBG] 1h: check1 now=478285297218 state=PAUSE_S es_out_GetBuffering=0 b_eof=0 next_frame_need_data=1 -> demux_allowed=1
[DBG] 1h: demuxed-while-paused now=478285297379 wakeup=478204862296 wakeup-now=-80435083
[DBG] 1h: wait now=478285297403 state=PAUSE_S es_out_GetBuffering&&!eof(postpone)=0 wakeup=478204862296 deadline-now=-80435107
[DBG] 1h: check1 now=478285297424 state=PAUSE_S es_out_GetBuffering=0 b_eof=0 next_frame_need_data=1 -> demux_allowed=1
[DBG] 1h: demuxed-while-paused now=478285297457 wakeup=478204862296 wakeup-now=-80435161
[DBG] 1h: wait now=478285297480 state=PAUSE_S es_out_GetBuffering&&!eof(postpone)=0 wakeup=478204862296 deadline-now=-80435184
[DBG] 1h: check1 now=478285297503 state=PAUSE_S es_out_GetBuffering=0 b_eof=0 next_frame_need_data=1 -> demux_allowed=1
[DBG] 1h: decoder notify need_data=1 frames_countdown=1 now=478285297585
[DBG] 1h: demuxed-while-paused now=478285297606 wakeup=478204862296 wakeup-now=-80435310
[DBG] 1h: wait now=478285297705 state=PAUSE_S es_out_GetBuffering&&!eof(postpone)=0 wakeup=478204862296 deadline-now=-80435409
[DBG] 1h: INPUT_CONTROL_NEED_DATA_FRAME_NEXT 1 -> 1 now=478285297724
[… 4552 repetitive 1h lines omitted (full log: 1h-stargate-back-full.log.gz); check1 transitions kept below …]
[DBG] 1h: wait now=478285624437 state=PAUSE_S es_out_GetBuffering&&!eof(postpone)=0 wakeup=0 deadline-now=0
[DBG] 1h: check1 now=478285624456 state=PAUSE_S es_out_GetBuffering=0 b_eof=0 next_frame_need_data=1 -> demux_allowed=1
[DBG] 1h: decoder notify need_data=1 frames_countdown=1 now=478285624607
[DBG] 1h: demuxed-while-paused now=478285624770 wakeup=478223851295 wakeup-now=-61773475
[DBG] 1h: wait now=478285624797 state=PAUSE_S es_out_GetBuffering&&!eof(postpone)=0 wakeup=478223851295 deadline-now=-61773502
[DBG] 1h: INPUT_CONTROL_NEED_DATA_FRAME_NEXT 1 -> 1 now=478285624815
[DBG] 1h: check2 now=478285624830 control=35 state=PAUSE_S next_frame_need_data=1 old_wakeup=478223851295 -> wakeup=0 wakeup-now=0
[DBG] 1h: wait now=478285624845 state=PAUSE_S es_out_GetBuffering&&!eof(postpone)=0 wakeup=0 deadline-now=0
[DBG] 1h: check1 now=478285624867 state=PAUSE_S es_out_GetBuffering=0 b_eof=0 next_frame_need_data=1 -> demux_allowed=1
[DBG] 1h: demuxed-while-paused now=478285624950 wakeup=478223881295 wakeup-now=-61743655
[DBG] 1h: wait now=478285625054 state=PAUSE_S es_out_GetBuffering&&!eof(postpone)=0 wakeup=478223881295 deadline-now=-61743759
[DBG] 1h: check1 now=478285625109 state=PAUSE_S es_out_GetBuffering=0 b_eof=0 next_frame_need_data=1 -> demux_allowed=1
9:48:47.054 PM [framestep] −1 after(400 ms)=33500 ms
[DBG] 1h: demuxed-while-paused now=478285625208 wakeup=478223881295 wakeup-now=-61743913
[DBG] 1h: wait now=478285625232 state=PAUSE_S es_out_GetBuffering&&!eof(postpone)=0 wakeup=478223881295 deadline-now=-61743937
[DBG] 1h: check1 now=478285625252 state=PAUSE_S es_out_GetBuffering=0 b_eof=0 next_frame_need_data=1 -> demux_allowed=1
[DBG] 1h: decoder notify need_data=1 frames_countdown=1 now=478285625263
[DBG] 1h: demuxed-while-paused now=478285625445 wakeup=478223914663 wakeup-now=-61710782
[DBG] 1h: decoder notify need_data=1 frames_countdown=1 now=478285625462
[DBG] 1h: wait now=478285625477 state=PAUSE_S es_out_GetBuffering&&!eof(postpone)=0 wakeup=478223914663 deadline-now=-61710814
[DBG] 1h: INPUT_CONTROL_NEED_DATA_FRAME_NEXT 1 -> 1 now=478285625573
[DBG] 1h: check2 now=478285625588 control=35 state=PAUSE_S next_frame_need_data=1 old_wakeup=478223914663 -> wakeup=0 wakeup-now=0
[DBG] 1h: wait now=478285625603 state=PAUSE_S es_out_GetBuffering&&!eof(postpone)=0 wakeup=0 deadline-now=0
[DBG] 1h: INPUT_CONTROL_NEED_DATA_FRAME_NEXT 1 -> 1 now=478285625621
[DBG] 1h: check2 now=478285625636 control=35 state=PAUSE_S next_frame_need_data=1 old_wakeup=0 -> wakeup=0 wakeup-now=0
[… 15693 repetitive 1h lines omitted (full log: 1h-stargate-back-full.log.gz); check1 transitions kept below …]
[DBG] 1h: demuxed-while-paused now=478289451600 wakeup=478289446295 wakeup-now=-5305
[DBG] 1h: wait now=478289451648 state=PAUSE_S es_out_GetBuffering&&!eof(postpone)=0 wakeup=478289446295 deadline-now=-5353
[DBG] 1h: check1 now=478289451681 state=PAUSE_S es_out_GetBuffering=0 b_eof=0 next_frame_need_data=1 -> demux_allowed=1
[DBG] 1h: demuxed-while-paused now=478289451846 wakeup=478289479663 wakeup-now=27817
[DBG] 1h: wait now=478289451906 state=PAUSE_S es_out_GetBuffering&&!eof(postpone)=0 wakeup=478289479663 deadline-now=27757
[DBG] 1h: decoder notify need_data=1 frames_countdown=1 now=478289452025
[DBG] 1h: INPUT_CONTROL_NEED_DATA_FRAME_NEXT 1 -> 1 now=478289452096
[DBG] 1h: check2 now=478289452128 control=35 state=PAUSE_S next_frame_need_data=1 old_wakeup=478289479663 -> wakeup=0 wakeup-now=0
[DBG] 1h: wait now=478289452168 state=PAUSE_S es_out_GetBuffering&&!eof(postpone)=0 wakeup=0 deadline-now=0
[DBG] 1h: check1 now=478289452199 state=PAUSE_S es_out_GetBuffering=0 b_eof=0 next_frame_need_data=1 -> demux_allowed=1
[DBG] 1h: demuxed-while-paused now=478289452406 wakeup=478289515295 wakeup-now=62889
[DBG] 1h: wait now=478289452449 state=PAUSE_S es_out_GetBuffering&&!eof(postpone)=0 wakeup=478289515295 deadline-now=62846
9:48:50.895 PM [framestep] −1 gotoPreviousFrame before=33500 ms
[DBG] 1h: check2 now=478289466048 control=34 state=PAUSE_S next_frame_need_data=1 old_wakeup=478289515295 -> wakeup=0 wakeup-now=0
[DBG] 1h: wait now=478289466078 state=PAUSE_S es_out_GetBuffering&&!eof(postpone)=0 wakeup=0 deadline-now=0
[DBG] 1g: input seek_frame_previous now=478289466091 pts=33500001 steps=3 failed=0 enabled=1
[DBG] 1g: es_out RESET_PCR_FRAME_PREV duration=266664 now=478289466104 paused=1 pause_date=478204561297
[DBG] 1g: es_out change_position now=478289466116 paused=1 pause_date=478204561297 buffering=0 next_frame_es=0
[DBG] 1h: decoder notify need_data=1 frames_countdown=1 now=478289466166
9:48:50.898 PM [player] buffering 0.0
[DBG] SET_TIME to 33400001
[DBG] seek request to i_pos = 33400001
[DBG] 1h: decoder notify need_data=1 frames_countdown=1 now=478289470132
[DBG] seek: preroll{ track: 1, pts: 33116000, fpos: 17716506 skip: 17716506} 
[DBG] seek: preroll{ track: 2, pts: 33312000, fpos: 17945171 skip: 17945171} 
[DBG] resolving 192.168.1.250 ...
[DBG] outgoing request:
GET /stream/2 HTTP/1.1
Host: 192.168.1.250:8093
Accept: */*
Accept-Language: en_US
User-Agent: VLC/4.0.0-dev LibVLC/4.0.0-dev
If-Unmodified-Since: Fri, 17 Jul 2026 19:22:43 GMT
Range: bytes=17716506-


[DBG] incoming response:
HTTP/1.1 206 Partial Content
Accept-Ranges: bytes
Content-Length: 5704534570
Content-Range: bytes 17716506-5722251075/5722251076
Content-Type: video/x-matroska
Last-Modified: Fri, 17 Jul 2026 19:22:43 GMT
Date: Tue, 15 Sep 2026 01:48:50 GMT


[DBG] connection failed
[DBG] seek: preroll{ req: 33400002, start-pts: 33116001, start-fpos: 17716506} 
[DBG] 1h: check2 now=478289484139 control=36 state=PAUSE_S next_frame_need_data=1 old_wakeup=0 -> wakeup=0 wakeup-now=0
[DBG] 1h: wait now=478289484149 state=PAUSE_S es_out_GetBuffering&&!eof(postpone)=1 wakeup=0 deadline-now=0
[DBG] 1h: INPUT_CONTROL_NEED_DATA_FRAME_NEXT 1 -> 1 now=478289484162
[DBG] 1h: check2 now=478289484171 control=35 state=PAUSE_S next_frame_need_data=1 old_wakeup=0 -> wakeup=0 wakeup-now=0
[DBG] 1h: wait now=478289484179 state=PAUSE_S es_out_GetBuffering&&!eof(postpone)=1 wakeup=0 deadline-now=0
[DBG] 1h: INPUT_CONTROL_NEED_DATA_FRAME_NEXT 1 -> 1 now=478289484192
[DBG] 1h: check2 now=478289484200 control=35 state=PAUSE_S next_frame_need_data=1 old_wakeup=0 -> wakeup=0 wakeup-now=0
[DBG] 1h: wait now=478289484209 state=PAUSE_S es_out_GetBuffering&&!eof(postpone)=1 wakeup=0 deadline-now=0
[DBG] 1h: check1 now=478289484222 state=PAUSE_S es_out_GetBuffering=1 b_eof=0 next_frame_need_data=1 -> demux_allowed=1
9:48:50.924 PM [player] buffering 0.0
[DBG] Buffering 0%
[DBG] 1h: decoder notify need_data=1 frames_countdown=1 now=478289495111
[DBG] 1h: demuxed-while-paused now=478289495213 wakeup=0 wakeup-now=0
[DBG] 1h: wait now=478289495242 state=PAUSE_S es_out_GetBuffering&&!eof(postpone)=1 wakeup=0 deadline-now=0
[DBG] 1h: INPUT_CONTROL_NEED_DATA_FRAME_NEXT 1 -> 1 now=478289495257
[DBG] 1h: check2 now=478289495267 control=35 state=PAUSE_S next_frame_need_data=1 old_wakeup=0 -> wakeup=0 wakeup-now=0
[DBG] 1h: wait now=478289495277 state=PAUSE_S es_out_GetBuffering&&!eof(postpone)=1 wakeup=0 deadline-now=0
[DBG] 1h: check1 now=478289495296 state=PAUSE_S es_out_GetBuffering=1 b_eof=0 next_frame_need_data=1 -> demux_allowed=1
[DBG] 1h: demuxed-while-paused now=478289497544 wakeup=0 wakeup-now=0
[DBG] 1h: wait now=478289497562 state=PAUSE_S es_out_GetBuffering&&!eof(postpone)=1 wakeup=0 deadline-now=0
[DBG] 1h: check1 now=478289497580 state=PAUSE_S es_out_GetBuffering=1 b_eof=0 next_frame_need_data=1 -> demux_allowed=1
[DBG] 1h: decoder notify need_data=1 frames_countdown=1 now=478289497579
[DBG] 1h: demuxed-while-paused now=478289497686 wakeup=0 wakeup-now=0
[… 14 repetitive 1h lines omitted (full log: 1h-stargate-back-full.log.gz); check1 transitions kept below …]
[DBG] 1h: check1 now=478289499385 state=PAUSE_S es_out_GetBuffering=1 b_eof=0 next_frame_need_data=1 -> demux_allowed=1
[DBG] 1h: demuxed-while-paused now=478289500774 wakeup=0 wakeup-now=0
[DBG] 1h: decoder notify need_data=1 frames_countdown=1 now=478289500835
[DBG] 1h: wait now=478289500838 state=PAUSE_S es_out_GetBuffering&&!eof(postpone)=1 wakeup=0 deadline-now=0
[DBG] 1h: INPUT_CONTROL_NEED_DATA_FRAME_NEXT 1 -> 1 now=478289500899
[DBG] 1h: check2 now=478289500913 control=35 state=PAUSE_S next_frame_need_data=1 old_wakeup=0 -> wakeup=0 wakeup-now=0
[DBG] 1h: wait now=478289500924 state=PAUSE_S es_out_GetBuffering&&!eof(postpone)=1 wakeup=0 deadline-now=0
[DBG] 1h: check1 now=478289500943 state=PAUSE_S es_out_GetBuffering=1 b_eof=0 next_frame_need_data=1 -> demux_allowed=1
[DBG] 1h: demuxed-while-paused now=478289501000 wakeup=0 wakeup-now=0
[DBG] 1h: wait now=478289501017 state=PAUSE_S es_out_GetBuffering&&!eof(postpone)=1 wakeup=0 deadline-now=0
[DBG] 1h: decoder notify need_data=1 frames_countdown=1 now=478289501022
[DBG] 1h: check1 now=478289501034 state=PAUSE_S es_out_GetBuffering=1 b_eof=0 next_frame_need_data=1 -> demux_allowed=1
[DBG] Buffering 3%
[DBG] 1h: demuxed-while-paused now=478289501182 wakeup=0 wakeup-now=0
[DBG] 1h: wait now=478289501200 state=PAUSE_S es_out_GetBuffering&&!eof(postpone)=1 wakeup=0 deadline-now=0
[DBG] 1h: INPUT_CONTROL_NEED_DATA_FRAME_NEXT 1 -> 1 now=478289501217
[DBG] 1h: check2 now=478289501228 control=35 state=PAUSE_S next_frame_need_data=1 old_wakeup=0 -> wakeup=0 wakeup-now=0
[DBG] 1h: wait now=478289501239 state=PAUSE_S es_out_GetBuffering&&!eof(postpone)=1 wakeup=0 deadline-now=0
[DBG] 1h: check1 now=478289501260 state=PAUSE_S es_out_GetBuffering=1 b_eof=0 next_frame_need_data=1 -> demux_allowed=1
[DBG] 1h: demuxed-while-paused now=478289501280 wakeup=0 wakeup-now=0
[DBG] 1h: wait now=478289501298 state=PAUSE_S es_out_GetBuffering&&!eof(postpone)=1 wakeup=0 deadline-now=0
[DBG] 1h: check1 now=478289501315 state=PAUSE_S es_out_GetBuffering=1 b_eof=0 next_frame_need_data=1 -> demux_allowed=1
[DBG] Buffering 6%
[DBG] 1h: demuxed-while-paused now=478289501412 wakeup=0 wakeup-now=0
[DBG] 1h: wait now=478289501429 state=PAUSE_S es_out_GetBuffering&&!eof(postpone)=1 wakeup=0 deadline-now=0
[DBG] 1h: check1 now=478289501446 state=PAUSE_S es_out_GetBuffering=1 b_eof=0 next_frame_need_data=1 -> demux_allowed=1
[DBG] 1h: demuxed-while-paused now=478289503542 wakeup=0 wakeup-now=0
[DBG] 1h: wait now=478289503567 state=PAUSE_S es_out_GetBuffering&&!eof(postpone)=1 wakeup=0 deadline-now=0
[DBG] 1h: check1 now=478289503590 state=PAUSE_S es_out_GetBuffering=1 b_eof=0 next_frame_need_data=1 -> demux_allowed=1
[DBG] 1h: decoder notify need_data=1 frames_countdown=1 now=478289503602
[DBG] Buffering 9%
[DBG] 1h: demuxed-while-paused now=478289503774 wakeup=0 wakeup-now=0
[DBG] 1h: wait now=478289503795 state=PAUSE_S es_out_GetBuffering&&!eof(postpone)=1 wakeup=0 deadline-now=0
[DBG] 1h: INPUT_CONTROL_NEED_DATA_FRAME_NEXT 1 -> 1 now=478289503814
[DBG] 1h: check2 now=478289503826 control=35 state=PAUSE_S next_frame_need_data=1 old_wakeup=0 -> wakeup=0 wakeup-now=0
[DBG] 1h: wait now=478289503839 state=PAUSE_S es_out_GetBuffering&&!eof(postpone)=1 wakeup=0 deadline-now=0
[DBG] 1h: check1 now=478289503858 state=PAUSE_S es_out_GetBuffering=1 b_eof=0 next_frame_need_data=1 -> demux_allowed=1
[DBG] Buffering 13%
[DBG] 1h: demuxed-while-paused now=478289504017 wakeup=0 wakeup-now=0
[DBG] 1h: wait now=478289504036 state=PAUSE_S es_out_GetBuffering&&!eof(postpone)=1 wakeup=0 deadline-now=0
[DBG] 1h: check1 now=478289504056 state=PAUSE_S es_out_GetBuffering=1 b_eof=0 next_frame_need_data=1 -> demux_allowed=1
[DBG] 1h: demuxed-while-paused now=478289504079 wakeup=0 wakeup-now=0
[DBG] 1h: wait now=478289504099 state=PAUSE_S es_out_GetBuffering&&!eof(postpone)=1 wakeup=0 deadline-now=0
[DBG] 1h: check1 now=478289504118 state=PAUSE_S es_out_GetBuffering=1 b_eof=0 next_frame_need_data=1 -> demux_allowed=1
[DBG] 1h: demuxed-while-paused now=478289507904 wakeup=0 wakeup-now=0
[DBG] 1h: decoder notify need_data=1 frames_countdown=1 now=478289507932
[DBG] 1h: wait now=478289507938 state=PAUSE_S es_out_GetBuffering&&!eof(postpone)=1 wakeup=0 deadline-now=0
[DBG] 1h: INPUT_CONTROL_NEED_DATA_FRAME_NEXT 1 -> 1 now=478289507987
[DBG] 1h: check2 now=478289508004 control=35 state=PAUSE_S next_frame_need_data=1 old_wakeup=0 -> wakeup=0 wakeup-now=0
[DBG] 1h: wait now=478289508019 state=PAUSE_S es_out_GetBuffering&&!eof(postpone)=1 wakeup=0 deadline-now=0
[DBG] 1h: check1 now=478289508043 state=PAUSE_S es_out_GetBuffering=1 b_eof=0 next_frame_need_data=1 -> demux_allowed=1
[DBG] Buffering 16%
[DBG] 1h: demuxed-while-paused now=478289508229 wakeup=0 wakeup-now=0
[DBG] 1h: wait now=478289508253 state=PAUSE_S es_out_GetBuffering&&!eof(postpone)=1 wakeup=0 deadline-now=0
[DBG] 1h: check1 now=478289508276 state=PAUSE_S es_out_GetBuffering=1 b_eof=0 next_frame_need_data=1 -> demux_allowed=1
[DBG] 1h: demuxed-while-paused now=478289508304 wakeup=0 wakeup-now=0
[DBG] 1h: wait now=478289508327 state=PAUSE_S es_out_GetBuffering&&!eof(postpone)=1 wakeup=0 deadline-now=0
[DBG] 1h: check1 now=478289508349 state=PAUSE_S es_out_GetBuffering=1 b_eof=0 next_frame_need_data=1 -> demux_allowed=1
[DBG] 1h: demuxed-while-paused now=478289508420 wakeup=0 wakeup-now=0
[DBG] 1h: wait now=478289508443 state=PAUSE_S es_out_GetBuffering&&!eof(postpone)=1 wakeup=0 deadline-now=0
[DBG] 1h: check1 now=478289508466 state=PAUSE_S es_out_GetBuffering=1 b_eof=0 next_frame_need_data=1 -> demux_allowed=1
[DBG] Buffering 19%
[DBG] 1h: demuxed-while-paused now=478289508647 wakeup=0 wakeup-now=0
[DBG] 1h: wait now=478289508670 state=PAUSE_S es_out_GetBuffering&&!eof(postpone)=1 wakeup=0 deadline-now=0
[DBG] 1h: check1 now=478289508693 state=PAUSE_S es_out_GetBuffering=1 b_eof=0 next_frame_need_data=1 -> demux_allowed=1
[DBG] Buffering 23%
[DBG] end of video preroll
[DBG] 1h: demuxed-while-paused now=478289510993 wakeup=0 wakeup-now=0
[DBG] 1h: decoder notify need_data=1 frames_countdown=1 now=478289510992
[DBG] 1h: wait now=478289511027 state=PAUSE_S es_out_GetBuffering&&!eof(postpone)=1 wakeup=0 deadline-now=0
[DBG] 1h: INPUT_CONTROL_NEED_DATA_FRAME_NEXT 1 -> 1 now=478289511126
[DBG] 1h: check2 now=478289511143 control=35 state=PAUSE_S next_frame_need_data=1 old_wakeup=0 -> wakeup=0 wakeup-now=0
[DBG] 1h: wait now=478289511159 state=PAUSE_S es_out_GetBuffering&&!eof(postpone)=1 wakeup=0 deadline-now=0
[DBG] 1h: check1 now=478289511183 state=PAUSE_S es_out_GetBuffering=1 b_eof=0 next_frame_need_data=1 -> demux_allowed=1
[DBG] Buffering 26%
[DBG] 1h: demuxed-while-paused now=478289511399 wakeup=0 wakeup-now=0
[DBG] 1h: wait now=478289511426 state=PAUSE_S es_out_GetBuffering&&!eof(postpone)=1 wakeup=0 deadline-now=0
[DBG] 1h: check1 now=478289511454 state=PAUSE_S es_out_GetBuffering=1 b_eof=0 next_frame_need_data=1 -> demux_allowed=1
[DBG] 1h: demuxed-while-paused now=478289511487 wakeup=0 wakeup-now=0
[DBG] 1h: wait now=478289511514 state=PAUSE_S es_out_GetBuffering&&!eof(postpone)=1 wakeup=0 deadline-now=0
[DBG] 1h: check1 now=478289511547 state=PAUSE_S es_out_GetBuffering=1 b_eof=0 next_frame_need_data=1 -> demux_allowed=1
[DBG] 1h: demuxed-while-paused now=478289511618 wakeup=0 wakeup-now=0
[DBG] 1h: wait now=478289511698 state=PAUSE_S es_out_GetBuffering&&!eof(postpone)=1 wakeup=0 deadline-now=0
[DBG] 1h: check1 now=478289511734 state=PAUSE_S es_out_GetBuffering=1 b_eof=0 next_frame_need_data=1 -> demux_allowed=1
[DBG] 1h: demuxed-while-paused now=478289511773 wakeup=0 wakeup-now=0
[DBG] 1h: wait now=478289511804 state=PAUSE_S es_out_GetBuffering&&!eof(postpone)=1 wakeup=0 deadline-now=0
[DBG] 1h: check1 now=478289511831 state=PAUSE_S es_out_GetBuffering=1 b_eof=0 next_frame_need_data=1 -> demux_allowed=1
[DBG] 1h: demuxed-while-paused now=478289511959 wakeup=0 wakeup-now=0
[DBG] 1h: wait now=478289511987 state=PAUSE_S es_out_GetBuffering&&!eof(postpone)=1 wakeup=0 deadline-now=0
[DBG] 1h: check1 now=478289512015 state=PAUSE_S es_out_GetBuffering=1 b_eof=0 next_frame_need_data=1 -> demux_allowed=1
[DBG] Buffering 37%
[DBG] 1h: demuxed-while-paused now=478289512393 wakeup=0 wakeup-now=0
[DBG] 1h: wait now=478289512424 state=PAUSE_S es_out_GetBuffering&&!eof(postpone)=1 wakeup=0 deadline-now=0
[DBG] 1h: check1 now=478289512456 state=PAUSE_S es_out_GetBuffering=1 b_eof=0 next_frame_need_data=1 -> demux_allowed=1
[DBG] 1h: demuxed-while-paused now=478289512549 wakeup=0 wakeup-now=0
[DBG] 1h: wait now=478289512581 state=PAUSE_S es_out_GetBuffering&&!eof(postpone)=1 wakeup=0 deadline-now=0
[DBG] 1h: check1 now=478289512609 state=PAUSE_S es_out_GetBuffering=1 b_eof=0 next_frame_need_data=1 -> demux_allowed=1
[DBG] 1h: demuxed-while-paused now=478289512707 wakeup=0 wakeup-now=0
[DBG] 1h: wait now=478289512735 state=PAUSE_S es_out_GetBuffering&&!eof(postpone)=1 wakeup=0 deadline-now=0
[DBG] 1h: check1 now=478289512762 state=PAUSE_S es_out_GetBuffering=1 b_eof=0 next_frame_need_data=1 -> demux_allowed=1
[DBG] 1h: demuxed-while-paused now=478289512795 wakeup=0 wakeup-now=0
[DBG] 1h: wait now=478289512823 state=PAUSE_S es_out_GetBuffering&&!eof(postpone)=1 wakeup=0 deadline-now=0
[DBG] 1h: check1 now=478289512850 state=PAUSE_S es_out_GetBuffering=1 b_eof=0 next_frame_need_data=1 -> demux_allowed=1
[DBG] 1h: demuxed-while-paused now=478289514910 wakeup=0 wakeup-now=0
[DBG] 1h: wait now=478289514973 state=PAUSE_S es_out_GetBuffering&&!eof(postpone)=1 wakeup=0 deadline-now=0
[DBG] 1h: check1 now=478289515017 state=PAUSE_S es_out_GetBuffering=1 b_eof=0 next_frame_need_data=1 -> demux_allowed=1
[DBG] 1h: demuxed-while-paused now=478289515288 wakeup=0 wakeup-now=0
[DBG] 1h: wait now=478289515335 state=PAUSE_S es_out_GetBuffering&&!eof(postpone)=1 wakeup=0 deadline-now=0
[DBG] 1h: check1 now=478289515377 state=PAUSE_S es_out_GetBuffering=1 b_eof=0 next_frame_need_data=1 -> demux_allowed=1
[DBG] Buffering 42%
[DBG] 1h: demuxed-while-paused now=478289515622 wakeup=0 wakeup-now=0
[DBG] 1h: wait now=478289515660 state=PAUSE_S es_out_GetBuffering&&!eof(postpone)=1 wakeup=0 deadline-now=0
[DBG] 1h: check1 now=478289515697 state=PAUSE_S es_out_GetBuffering=1 b_eof=0 next_frame_need_data=1 -> demux_allowed=1
[DBG] Buffering 45%
[DBG] 1h: demuxed-while-paused now=478289515960 wakeup=0 wakeup-now=0
[DBG] 1h: wait now=478289515997 state=PAUSE_S es_out_GetBuffering&&!eof(postpone)=1 wakeup=0 deadline-now=0
[DBG] 1h: check1 now=478289516032 state=PAUSE_S es_out_GetBuffering=1 b_eof=0 next_frame_need_data=1 -> demux_allowed=1
9:48:50.945 PM [framestep] previousFrameStepped result=0 time=33500 ms
[DBG] 1h: decoder notify need_data=1 frames_countdown=1 now=478289516871
[DBG] 1h: demuxed-while-paused now=478289517084 wakeup=0 wakeup-now=0
[DBG] 1h: wait now=478289517129 state=PAUSE_S es_out_GetBuffering&&!eof(postpone)=1 wakeup=0 deadline-now=0
[DBG] 1h: INPUT_CONTROL_NEED_DATA_FRAME_NEXT 1 -> 1 now=478289517166
[DBG] 1h: check2 now=478289517191 control=35 state=PAUSE_S next_frame_need_data=1 old_wakeup=0 -> wakeup=0 wakeup-now=0
[DBG] 1h: wait now=478289517219 state=PAUSE_S es_out_GetBuffering&&!eof(postpone)=1 wakeup=0 deadline-now=0
[DBG] 1h: check1 now=478289517294 state=PAUSE_S es_out_GetBuffering=1 b_eof=0 next_frame_need_data=1 -> demux_allowed=1
[DBG] 1h: demuxed-while-paused now=478289517486 wakeup=0 wakeup-now=0
[DBG] 1h: wait now=478289517530 state=PAUSE_S es_out_GetBuffering&&!eof(postpone)=1 wakeup=0 deadline-now=0
[DBG] 1h: decoder notify need_data=1 frames_countdown=1 now=478289517543
[DBG] 1h: check1 now=478289517568 state=PAUSE_S es_out_GetBuffering=1 b_eof=0 next_frame_need_data=1 -> demux_allowed=1
[DBG] Buffering 48%
[DBG] 1h: demuxed-while-paused now=478289518030 wakeup=0 wakeup-now=0
[DBG] 1h: wait now=478289518075 state=PAUSE_S es_out_GetBuffering&&!eof(postpone)=1 wakeup=0 deadline-now=0
[DBG] 1h: INPUT_CONTROL_NEED_DATA_FRAME_NEXT 1 -> 1 now=478289518111
[DBG] 1h: check2 now=478289518182 control=35 state=PAUSE_S next_frame_need_data=1 old_wakeup=0 -> wakeup=0 wakeup-now=0
[DBG] 1h: wait now=478289518208 state=PAUSE_S es_out_GetBuffering&&!eof(postpone)=1 wakeup=0 deadline-now=0
[DBG] 1h: check1 now=478289518247 state=PAUSE_S es_out_GetBuffering=1 b_eof=0 next_frame_need_data=1 -> demux_allowed=1
[DBG] Buffering 52%
[DBG] 1h: decoder notify need_data=1 frames_countdown=1 now=478289518597
[DBG] 1h: demuxed-while-paused now=478289518612 wakeup=0 wakeup-now=0
[DBG] 1h: wait now=478289518975 state=PAUSE_S es_out_GetBuffering&&!eof(postpone)=1 wakeup=0 deadline-now=0
[DBG] 1h: INPUT_CONTROL_NEED_DATA_FRAME_NEXT 1 -> 1 now=478289519014
[DBG] 1h: check2 now=478289519065 control=35 state=PAUSE_S next_frame_need_data=1 old_wakeup=0 -> wakeup=0 wakeup-now=0
[DBG] 1h: wait now=478289519389 state=PAUSE_S es_out_GetBuffering&&!eof(postpone)=1 wakeup=0 deadline-now=0
[DBG] 1h: check1 now=478289519441 state=PAUSE_S es_out_GetBuffering=1 b_eof=0 next_frame_need_data=1 -> demux_allowed=1
[DBG] 1h: demuxed-while-paused now=478289519578 wakeup=0 wakeup-now=0
[DBG] 1h: wait now=478289519619 state=PAUSE_S es_out_GetBuffering&&!eof(postpone)=1 wakeup=0 deadline-now=0
[DBG] 1h: check1 now=478289519656 state=PAUSE_S es_out_GetBuffering=1 b_eof=0 next_frame_need_data=1 -> demux_allowed=1
[DBG] 1h: demuxed-while-paused now=478289519828 wakeup=0 wakeup-now=0
[DBG] 1h: decoder notify need_data=1 frames_countdown=1 now=478289519892
[DBG] 1h: wait now=478289519906 state=PAUSE_S es_out_GetBuffering&&!eof(postpone)=1 wakeup=0 deadline-now=0
[DBG] 1h: INPUT_CONTROL_NEED_DATA_FRAME_NEXT 1 -> 1 now=478289519967
[DBG] 1h: check2 now=478289519992 control=35 state=PAUSE_S next_frame_need_data=1 old_wakeup=0 -> wakeup=0 wakeup-now=0
[DBG] 1h: wait now=478289520016 state=PAUSE_S es_out_GetBuffering&&!eof(postpone)=1 wakeup=0 deadline-now=0
[DBG] 1h: check1 now=478289520052 state=PAUSE_S es_out_GetBuffering=1 b_eof=0 next_frame_need_data=1 -> demux_allowed=1
[DBG] Buffering 55%
[DBG] 1h: decoder notify need_data=1 frames_countdown=1 now=478289520292
[DBG] 1h: demuxed-while-paused now=478289520348 wakeup=0 wakeup-now=0
[DBG] 1h: wait now=478289520416 state=PAUSE_S es_out_GetBuffering&&!eof(postpone)=1 wakeup=0 deadline-now=0
[DBG] 1h: INPUT_CONTROL_NEED_DATA_FRAME_NEXT 1 -> 1 now=478289520454
[DBG] 1h: check2 now=478289520547 control=35 state=PAUSE_S next_frame_need_data=1 old_wakeup=0 -> wakeup=0 wakeup-now=0
[DBG] 1h: wait now=478289520613 state=PAUSE_S es_out_GetBuffering&&!eof(postpone)=1 wakeup=0 deadline-now=0
[DBG] 1h: check1 now=478289520667 state=PAUSE_S es_out_GetBuffering=1 b_eof=0 next_frame_need_data=1 -> demux_allowed=1
[DBG] Buffering 58%
[DBG] 1h: demuxed-while-paused now=478289521027 wakeup=0 wakeup-now=0
[DBG] 1h: wait now=478289521078 state=PAUSE_S es_out_GetBuffering&&!eof(postpone)=1 wakeup=0 deadline-now=0
[DBG] 1h: decoder notify need_data=1 frames_countdown=1 now=478289521096
[DBG] 1h: check1 now=478289521126 state=PAUSE_S es_out_GetBuffering=1 b_eof=0 next_frame_need_data=1 -> demux_allowed=1
[DBG] Buffering 60%
[DBG] 1h: demuxed-while-paused now=478289521527 wakeup=0 wakeup-now=0
[DBG] 1h: wait now=478289521638 state=PAUSE_S es_out_GetBuffering&&!eof(postpone)=1 wakeup=0 deadline-now=0
[DBG] 1h: INPUT_CONTROL_NEED_DATA_FRAME_NEXT 1 -> 1 now=478289521691
[DBG] 1h: check2 now=478289521725 control=35 state=PAUSE_S next_frame_need_data=1 old_wakeup=0 -> wakeup=0 wakeup-now=0
[DBG] 1h: wait now=478289521759 state=PAUSE_S es_out_GetBuffering&&!eof(postpone)=1 wakeup=0 deadline-now=0
[DBG] 1h: check1 now=478289521861 state=PAUSE_S es_out_GetBuffering=1 b_eof=0 next_frame_need_data=1 -> demux_allowed=1
[DBG] Buffering 62%
[DBG] 1h: demuxed-while-paused now=478289522107 wakeup=0 wakeup-now=0
[DBG] 1h: wait now=478289522156 state=PAUSE_S es_out_GetBuffering&&!eof(postpone)=1 wakeup=0 deadline-now=0
[DBG] 1h: check1 now=478289522203 state=PAUSE_S es_out_GetBuffering=1 b_eof=0 next_frame_need_data=1 -> demux_allowed=1
[DBG] 1h: decoder notify need_data=1 frames_countdown=1 now=478289522338
[DBG] 1h: demuxed-while-paused now=478289522361 wakeup=0 wakeup-now=0
[DBG] 1h: wait now=478289522590 state=PAUSE_S es_out_GetBuffering&&!eof(postpone)=1 wakeup=0 deadline-now=0
[DBG] 1h: INPUT_CONTROL_NEED_DATA_FRAME_NEXT 1 -> 1 now=478289522646
[DBG] 1h: check2 now=478289522680 control=35 state=PAUSE_S next_frame_need_data=1 old_wakeup=0 -> wakeup=0 wakeup-now=0
[DBG] 1h: wait now=478289522713 state=PAUSE_S es_out_GetBuffering&&!eof(postpone)=1 wakeup=0 deadline-now=0
[DBG] 1h: check1 now=478289522760 state=PAUSE_S es_out_GetBuffering=1 b_eof=0 next_frame_need_data=1 -> demux_allowed=1
[DBG] Buffering 65%
[DBG] 1h: demuxed-while-paused now=478289523238 wakeup=0 wakeup-now=0
[DBG] 1h: wait now=478289523295 state=PAUSE_S es_out_GetBuffering&&!eof(postpone)=1 wakeup=0 deadline-now=0
[DBG] 1h: check1 now=478289523345 state=PAUSE_S es_out_GetBuffering=1 b_eof=0 next_frame_need_data=1 -> demux_allowed=1
[DBG] 1h: demuxed-while-paused now=478289523406 wakeup=0 wakeup-now=0
[DBG] 1h: wait now=478289523454 state=PAUSE_S es_out_GetBuffering&&!eof(postpone)=1 wakeup=0 deadline-now=0
[DBG] 1h: check1 now=478289523501 state=PAUSE_S es_out_GetBuffering=1 b_eof=0 next_frame_need_data=1 -> demux_allowed=1
[DBG] 1h: demuxed-while-paused now=478289523603 wakeup=0 wakeup-now=0
[DBG] 1h: wait now=478289523650 state=PAUSE_S es_out_GetBuffering&&!eof(postpone)=1 wakeup=0 deadline-now=0
[DBG] 1h: check1 now=478289523696 state=PAUSE_S es_out_GetBuffering=1 b_eof=0 next_frame_need_data=1 -> demux_allowed=1
[DBG] 1h: demuxed-while-paused now=478289523751 wakeup=0 wakeup-now=0
[DBG] 1h: wait now=478289523798 state=PAUSE_S es_out_GetBuffering&&!eof(postpone)=1 wakeup=0 deadline-now=0
[DBG] 1h: check1 now=478289523843 state=PAUSE_S es_out_GetBuffering=1 b_eof=0 next_frame_need_data=1 -> demux_allowed=1
[DBG] 1h: decoder notify need_data=1 frames_countdown=1 now=478289524151
[DBG] 1h: demuxed-while-paused now=478289524178 wakeup=0 wakeup-now=0
[DBG] 1h: wait now=478289524281 state=PAUSE_S es_out_GetBuffering&&!eof(postpone)=1 wakeup=0 deadline-now=0
[DBG] 1h: INPUT_CONTROL_NEED_DATA_FRAME_NEXT 1 -> 1 now=478289524359
[DBG] 1h: check2 now=478289524396 control=35 state=PAUSE_S next_frame_need_data=1 old_wakeup=0 -> wakeup=0 wakeup-now=0
[DBG] 1h: wait now=478289524431 state=PAUSE_S es_out_GetBuffering&&!eof(postpone)=1 wakeup=0 deadline-now=0
[DBG] 1h: check1 now=478289524479 state=PAUSE_S es_out_GetBuffering=1 b_eof=0 next_frame_need_data=1 -> demux_allowed=1
[DBG] Buffering 77%
[DBG] 1h: decoder notify need_data=1 frames_countdown=1 now=478289524755
[DBG] 1h: demuxed-while-paused now=478289524789 wakeup=0 wakeup-now=0
[DBG] 1h: wait now=478289524839 state=PAUSE_S es_out_GetBuffering&&!eof(postpone)=1 wakeup=0 deadline-now=0
[DBG] 1h: INPUT_CONTROL_NEED_DATA_FRAME_NEXT 1 -> 1 now=478289524884
[DBG] 1h: check2 now=478289524916 control=35 state=PAUSE_S next_frame_need_data=1 old_wakeup=0 -> wakeup=0 wakeup-now=0
[DBG] 1h: wait now=478289524946 state=PAUSE_S es_out_GetBuffering&&!eof(postpone)=1 wakeup=0 deadline-now=0
[DBG] 1h: check1 now=478289524992 state=PAUSE_S es_out_GetBuffering=1 b_eof=0 next_frame_need_data=1 -> demux_allowed=1
[DBG] 1h: decoder notify need_data=1 frames_countdown=1 now=478289525107
[DBG] 1h: demuxed-while-paused now=478289525144 wakeup=0 wakeup-now=0
[DBG] 1h: wait now=478289525212 state=PAUSE_S es_out_GetBuffering&&!eof(postpone)=1 wakeup=0 deadline-now=0
[DBG] 1h: INPUT_CONTROL_NEED_DATA_FRAME_NEXT 1 -> 1 now=478289525257
[DBG] 1h: check2 now=478289525288 control=35 state=PAUSE_S next_frame_need_data=1 old_wakeup=0 -> wakeup=0 wakeup-now=0
[… 10 repetitive 1h lines omitted (full log: 1h-stargate-back-full.log.gz); check1 transitions kept below …]
[DBG] 1h: wait now=478289525989 state=PAUSE_S es_out_GetBuffering&&!eof(postpone)=1 wakeup=0 deadline-now=0
[DBG] 1h: INPUT_CONTROL_NEED_DATA_FRAME_NEXT 1 -> 1 now=478289526033
[DBG] 1h: check2 now=478289526063 control=35 state=PAUSE_S next_frame_need_data=1 old_wakeup=0 -> wakeup=0 wakeup-now=0
[DBG] 1h: wait now=478289526093 state=PAUSE_S es_out_GetBuffering&&!eof(postpone)=1 wakeup=0 deadline-now=0
[DBG] 1h: check1 now=478289526138 state=PAUSE_S es_out_GetBuffering=1 b_eof=0 next_frame_need_data=1 -> demux_allowed=1
[DBG] 1h: decoder notify need_data=1 frames_countdown=1 now=478289526254
[DBG] 1h: demuxed-while-paused now=478289526285 wakeup=0 wakeup-now=0
[DBG] 1h: wait now=478289526337 state=PAUSE_S es_out_GetBuffering&&!eof(postpone)=1 wakeup=0 deadline-now=0
[DBG] 1h: INPUT_CONTROL_NEED_DATA_FRAME_NEXT 1 -> 1 now=478289526382
[DBG] 1h: check2 now=478289526416 control=35 state=PAUSE_S next_frame_need_data=1 old_wakeup=0 -> wakeup=0 wakeup-now=0
[DBG] 1h: wait now=478289526447 state=PAUSE_S es_out_GetBuffering&&!eof(postpone)=1 wakeup=0 deadline-now=0
[DBG] 1h: check1 now=478289526492 state=PAUSE_S es_out_GetBuffering=1 b_eof=0 next_frame_need_data=1 -> demux_allowed=1
[DBG] Buffering 81%
[DBG] 1h: decoder notify need_data=1 frames_countdown=1 now=478289530456
[DBG] 1h: demuxed-while-paused now=478289530488 wakeup=0 wakeup-now=0
[DBG] 1h: wait now=478289530563 state=PAUSE_S es_out_GetBuffering&&!eof(postpone)=1 wakeup=0 deadline-now=0
[DBG] 1h: INPUT_CONTROL_NEED_DATA_FRAME_NEXT 1 -> 1 now=478289530610
[DBG] 1h: check2 now=478289530644 control=35 state=PAUSE_S next_frame_need_data=1 old_wakeup=0 -> wakeup=0 wakeup-now=0
[DBG] 1h: wait now=478289530675 state=PAUSE_S es_out_GetBuffering&&!eof(postpone)=1 wakeup=0 deadline-now=0
[DBG] 1h: check1 now=478289530721 state=PAUSE_S es_out_GetBuffering=1 b_eof=0 next_frame_need_data=1 -> demux_allowed=1
[DBG] Buffering 84%
[DBG] 1h: demuxed-while-paused now=478289531062 wakeup=0 wakeup-now=0
[DBG] 1h: wait now=478289531116 state=PAUSE_S es_out_GetBuffering&&!eof(postpone)=1 wakeup=0 deadline-now=0
[DBG] 1h: check1 now=478289531166 state=PAUSE_S es_out_GetBuffering=1 b_eof=0 next_frame_need_data=1 -> demux_allowed=1
[DBG] 1h: demuxed-while-paused now=478289531229 wakeup=0 wakeup-now=0
[DBG] 1h: wait now=478289531278 state=PAUSE_S es_out_GetBuffering&&!eof(postpone)=1 wakeup=0 deadline-now=0
[DBG] 1h: check1 now=478289531325 state=PAUSE_S es_out_GetBuffering=1 b_eof=0 next_frame_need_data=1 -> demux_allowed=1
[DBG] 1h: decoder notify need_data=1 frames_countdown=1 now=478289540936
[DBG] 1h: demuxed-while-paused now=478289540981 wakeup=0 wakeup-now=0
[DBG] 1h: wait now=478289541110 state=PAUSE_S es_out_GetBuffering&&!eof(postpone)=1 wakeup=0 deadline-now=0
[DBG] 1h: INPUT_CONTROL_NEED_DATA_FRAME_NEXT 1 -> 1 now=478289541169
[DBG] 1h: check2 now=478289541205 control=35 state=PAUSE_S next_frame_need_data=1 old_wakeup=0 -> wakeup=0 wakeup-now=0
[DBG] 1h: wait now=478289541243 state=PAUSE_S es_out_GetBuffering&&!eof(postpone)=1 wakeup=0 deadline-now=0
[DBG] 1h: check1 now=478289541292 state=PAUSE_S es_out_GetBuffering=1 b_eof=0 next_frame_need_data=1 -> demux_allowed=1
[DBG] Buffering 87%
[DBG] 1h: demuxed-while-paused now=478289541656 wakeup=0 wakeup-now=0
[DBG] 1h: decoder notify need_data=1 frames_countdown=1 now=478289541677
[DBG] 1h: wait now=478289541708 state=PAUSE_S es_out_GetBuffering&&!eof(postpone)=1 wakeup=0 deadline-now=0
[DBG] 1h: INPUT_CONTROL_NEED_DATA_FRAME_NEXT 1 -> 1 now=478289541800
[DBG] 1h: check2 now=478289541835 control=35 state=PAUSE_S next_frame_need_data=1 old_wakeup=0 -> wakeup=0 wakeup-now=0
[DBG] 1h: wait now=478289541867 state=PAUSE_S es_out_GetBuffering&&!eof(postpone)=1 wakeup=0 deadline-now=0
[DBG] 1h: check1 now=478289541917 state=PAUSE_S es_out_GetBuffering=1 b_eof=0 next_frame_need_data=1 -> demux_allowed=1
[DBG] Buffering 90%
[DBG] 1h: decoder notify need_data=1 frames_countdown=1 now=478289542190
[DBG] 1h: demuxed-while-paused now=478289542224 wakeup=0 wakeup-now=0
[DBG] 1h: wait now=478289542316 state=PAUSE_S es_out_GetBuffering&&!eof(postpone)=1 wakeup=0 deadline-now=0
[DBG] 1h: INPUT_CONTROL_NEED_DATA_FRAME_NEXT 1 -> 1 now=478289542366
[DBG] 1h: check2 now=478289542398 control=35 state=PAUSE_S next_frame_need_data=1 old_wakeup=0 -> wakeup=0 wakeup-now=0
[DBG] 1h: wait now=478289542430 state=PAUSE_S es_out_GetBuffering&&!eof(postpone)=1 wakeup=0 deadline-now=0
[DBG] 1h: check1 now=478289542481 state=PAUSE_S es_out_GetBuffering=1 b_eof=0 next_frame_need_data=1 -> demux_allowed=1
[DBG] Buffering 92%
[DBG] 1h: demuxed-while-paused now=478289542830 wakeup=0 wakeup-now=0
[DBG] 1h: wait now=478289542879 state=PAUSE_S es_out_GetBuffering&&!eof(postpone)=1 wakeup=0 deadline-now=0
[DBG] 1h: check1 now=478289542926 state=PAUSE_S es_out_GetBuffering=1 b_eof=0 next_frame_need_data=1 -> demux_allowed=1
[DBG] Buffering 94%
[DBG] 1h: demuxed-while-paused now=478289543176 wakeup=0 wakeup-now=0
[DBG] 1h: wait now=478289543229 state=PAUSE_S es_out_GetBuffering&&!eof(postpone)=1 wakeup=0 deadline-now=0
[DBG] 1h: check1 now=478289543282 state=PAUSE_S es_out_GetBuffering=1 b_eof=0 next_frame_need_data=1 -> demux_allowed=1
[DBG] 1h: decoder notify need_data=1 frames_countdown=1 now=478289543457
[DBG] 1h: demuxed-while-paused now=478289543503 wakeup=0 wakeup-now=0
[DBG] 1h: wait now=478289543557 state=PAUSE_S es_out_GetBuffering&&!eof(postpone)=1 wakeup=0 deadline-now=0
[DBG] 1h: INPUT_CONTROL_NEED_DATA_FRAME_NEXT 1 -> 1 now=478289543604
[DBG] 1h: check2 now=478289543640 control=35 state=PAUSE_S next_frame_need_data=1 old_wakeup=0 -> wakeup=0 wakeup-now=0
[DBG] 1h: wait now=478289543672 state=PAUSE_S es_out_GetBuffering&&!eof(postpone)=1 wakeup=0 deadline-now=0
[DBG] 1h: check1 now=478289543718 state=PAUSE_S es_out_GetBuffering=1 b_eof=0 next_frame_need_data=1 -> demux_allowed=1
[DBG] Buffering 97%
[DBG] 1h: decoder notify need_data=1 frames_countdown=1 now=478289543986
[DBG] 1h: demuxed-while-paused now=478289544018 wakeup=0 wakeup-now=0
[DBG] 1h: wait now=478289544068 state=PAUSE_S es_out_GetBuffering&&!eof(postpone)=1 wakeup=0 deadline-now=0
[DBG] 1h: INPUT_CONTROL_NEED_DATA_FRAME_NEXT 1 -> 1 now=478289544113
[DBG] 1h: check2 now=478289544143 control=35 state=PAUSE_S next_frame_need_data=1 old_wakeup=0 -> wakeup=0 wakeup-now=0
[DBG] 1h: wait now=478289544174 state=PAUSE_S es_out_GetBuffering&&!eof(postpone)=1 wakeup=0 deadline-now=0
[DBG] 1h: check1 now=478289544219 state=PAUSE_S es_out_GetBuffering=1 b_eof=0 next_frame_need_data=1 -> demux_allowed=1
[DBG] Buffering 99%
[DBG] 1h: demuxed-while-paused now=478289544526 wakeup=0 wakeup-now=0
[DBG] 1h: wait now=478289544573 state=PAUSE_S es_out_GetBuffering&&!eof(postpone)=1 wakeup=0 deadline-now=0
[DBG] 1h: check1 now=478289544623 state=PAUSE_S es_out_GetBuffering=1 b_eof=0 next_frame_need_data=1 -> demux_allowed=1
[DBG] Stream buffering done (1302 ms in 49 ms)
[DBG] Decoder wait done in 0 ms
[DBG] 1g: es_out stop_buffering now=478289544836 paused=1 pause_date=478204561297 current_date=478204561297 buffering_duration=1284002 update=478203277295 stream_start=33116000
9:48:50.973 PM [player] buffering 1.0
[WARN] 1g: main_reset now=478289544982 paused=1 pause_date=0 first_pcr.system=478203243295 last.system=0
[WARN] 1g: main_reset now=478289545128 paused=1 pause_date=0 first_pcr.system=0 last.system=0
[WARN] 1g: set_first_pcr now=478289545201 system=478203277295 ts=33116000 paused=1 pause_date=0
[DBG] 1h: demuxed-while-paused now=478289545336 wakeup=478204479296 wakeup-now=-85066040
[DBG] 1h: wait now=478289545499 state=PAUSE_S es_out_GetBuffering&&!eof(postpone)=0 wakeup=478204479296 deadline-now=-85066203
[DBG] 1h: check1 now=478289545556 state=PAUSE_S es_out_GetBuffering=0 b_eof=0 next_frame_need_data=1 -> demux_allowed=1
[DBG] 1h: decoder notify need_data=1 frames_countdown=1 now=478289545681
[DBG] 1h: demuxed-while-paused now=478289545725 wakeup=478204479296 wakeup-now=-85066429
[DBG] 1h: wait now=478289545776 state=PAUSE_S es_out_GetBuffering&&!eof(postpone)=0 wakeup=478204479296 deadline-now=-85066480
[DBG] 1h: INPUT_CONTROL_NEED_DATA_FRAME_NEXT 1 -> 1 now=478289545816
[DBG] 1h: check2 now=478289545850 control=35 state=PAUSE_S next_frame_need_data=1 old_wakeup=478204479296 -> wakeup=0 wakeup-now=0
[DBG] 1h: wait now=478289545882 state=PAUSE_S es_out_GetBuffering&&!eof(postpone)=0 wakeup=0 deadline-now=0
[DBG] 1h: check1 now=478289545922 state=PAUSE_S es_out_GetBuffering=0 b_eof=0 next_frame_need_data=1 -> demux_allowed=1
[DBG] 1h: demuxed-while-paused now=478289546192 wakeup=478204512296 wakeup-now=-85033896
[DBG] 1h: wait now=478289546245 state=PAUSE_S es_out_GetBuffering&&!eof(postpone)=0 wakeup=478204512296 deadline-now=-85033949
[… 4480 repetitive 1h lines omitted (full log: 1h-stargate-back-full.log.gz); check1 transitions kept below …]
[DBG] 1h: demuxed-while-paused now=478289885140 wakeup=478223247295 wakeup-now=-66637845
[DBG] 1h: wait now=478289885183 state=PAUSE_S es_out_GetBuffering&&!eof(postpone)=0 wakeup=478223247295 deadline-now=-66637888
[DBG] 1h: INPUT_CONTROL_NEED_DATA_FRAME_NEXT 1 -> 1 now=478289885201
[DBG] 1h: check2 now=478289885215 control=35 state=PAUSE_S next_frame_need_data=1 old_wakeup=478223247295 -> wakeup=0 wakeup-now=0
[DBG] 1h: wait now=478289885230 state=PAUSE_S es_out_GetBuffering&&!eof(postpone)=0 wakeup=0 deadline-now=0
[DBG] 1h: check1 now=478289885249 state=PAUSE_S es_out_GetBuffering=0 b_eof=0 next_frame_need_data=1 -> demux_allowed=1
[DBG] 1h: demuxed-while-paused now=478289885380 wakeup=478223277295 wakeup-now=-66608085
[DBG] 1h: wait now=478289885406 state=PAUSE_S es_out_GetBuffering&&!eof(postpone)=0 wakeup=478223277295 deadline-now=-66608111
[DBG] 1h: check1 now=478289885425 state=PAUSE_S es_out_GetBuffering=0 b_eof=0 next_frame_need_data=1 -> demux_allowed=1
[DBG] 1h: demuxed-while-paused now=478289885501 wakeup=478223281295 wakeup-now=-66604206
[DBG] 1h: wait now=478289885523 state=PAUSE_S es_out_GetBuffering&&!eof(postpone)=0 wakeup=478223281295 deadline-now=-66604228
[DBG] 1h: check1 now=478289885543 state=PAUSE_S es_out_GetBuffering=0 b_eof=0 next_frame_need_data=1 -> demux_allowed=1
9:48:51.317 PM [framestep] −1 after(400 ms)=33450 ms
[DBG] 1h: decoder notify need_data=1 frames_countdown=1 now=478289888643
[DBG] 1h: demuxed-while-paused now=478289888707 wakeup=478223281295 wakeup-now=-66607412
[DBG] 1h: wait now=478289888731 state=PAUSE_S es_out_GetBuffering&&!eof(postpone)=0 wakeup=478223281295 deadline-now=-66607436
[DBG] 1h: INPUT_CONTROL_NEED_DATA_FRAME_NEXT 1 -> 1 now=478289888749
[DBG] 1h: check2 now=478289888764 control=35 state=PAUSE_S next_frame_need_data=1 old_wakeup=478223281295 -> wakeup=0 wakeup-now=0
[DBG] 1h: wait now=478289888778 state=PAUSE_S es_out_GetBuffering&&!eof(postpone)=0 wakeup=0 deadline-now=0
[DBG] 1h: check1 now=478289888797 state=PAUSE_S es_out_GetBuffering=0 b_eof=0 next_frame_need_data=1 -> demux_allowed=1
[DBG] 1h: demuxed-while-paused now=478289888934 wakeup=478223314663 wakeup-now=-66574271
[DBG] 1h: wait now=478289888962 state=PAUSE_S es_out_GetBuffering&&!eof(postpone)=0 wakeup=478223314663 deadline-now=-66574299
[DBG] 1h: decoder notify need_data=1 frames_countdown=1 now=478289888971
[DBG] 1h: check1 now=478289888983 state=PAUSE_S es_out_GetBuffering=0 b_eof=0 next_frame_need_data=1 -> demux_allowed=1
[DBG] 1h: demuxed-while-paused now=478289889162 wakeup=478223364295 wakeup-now=-66524867
[… 16850 repetitive 1h lines omitted (full log: 1h-stargate-back-full.log.gz); check1 transitions kept below …]
[DBG] 1h: check2 now=478293604717 control=35 state=PAUSE_S next_frame_need_data=1 old_wakeup=478293741295 -> wakeup=0 wakeup-now=0
[DBG] 1h: wait now=478293604787 state=PAUSE_S es_out_GetBuffering&&!eof(postpone)=0 wakeup=0 deadline-now=0
[DBG] 1h: check1 now=478293604880 state=PAUSE_S es_out_GetBuffering=0 b_eof=0 next_frame_need_data=1 -> demux_allowed=1
[DBG] 1h: decoder notify need_data=1 frames_countdown=1 now=478293605258
[DBG] 1h: demuxed-while-paused now=478293605279 wakeup=478293741295 wakeup-now=136016
[DBG] 1h: wait now=478293605500 state=PAUSE_S es_out_GetBuffering&&!eof(postpone)=0 wakeup=478293741295 deadline-now=135795
[DBG] 1h: INPUT_CONTROL_NEED_DATA_FRAME_NEXT 1 -> 1 now=478293605597
[DBG] 1h: check2 now=478293605669 control=35 state=PAUSE_S next_frame_need_data=1 old_wakeup=478293741295 -> wakeup=0 wakeup-now=0
[DBG] 1h: wait now=478293605740 state=PAUSE_S es_out_GetBuffering&&!eof(postpone)=0 wakeup=0 deadline-now=0
[DBG] 1h: check1 now=478293605826 state=PAUSE_S es_out_GetBuffering=0 b_eof=0 next_frame_need_data=1 -> demux_allowed=1
[DBG] 1h: demuxed-while-paused now=478293606216 wakeup=478293741295 wakeup-now=135079
[DBG] 1h: wait now=478293606316 state=PAUSE_S es_out_GetBuffering&&!eof(postpone)=0 wakeup=478293741295 deadline-now=134979
9:48:55.132 PM [framestep] −1 gotoPreviousFrame before=33450 ms
[DBG] 1h: check2 now=478293703099 control=34 state=PAUSE_S next_frame_need_data=1 old_wakeup=478293741295 -> wakeup=0 wakeup-now=0
[DBG] 1h: wait now=478293703152 state=PAUSE_S es_out_GetBuffering&&!eof(postpone)=0 wakeup=0 deadline-now=0
[DBG] 1g: input seek_frame_previous now=478293703181 pts=33450001 steps=3 failed=0 enabled=1
[DBG] 1g: es_out RESET_PCR_FRAME_PREV duration=266664 now=478293703204 paused=1 pause_date=478204561297
[DBG] 1g: es_out change_position now=478293703227 paused=1 pause_date=478204561297 buffering=0 next_frame_es=0
[DBG] 1h: decoder notify need_data=1 frames_countdown=1 now=478293707933
9:48:55.137 PM [player] buffering 0.0
[DBG] SET_TIME to 33350001
[DBG] 1h: decoder notify need_data=1 frames_countdown=1 now=478293712017
[DBG] seek request to i_pos = 33350001
[DBG] seek: preroll{ track: 1, pts: 33116000, fpos: 17716506 skip: 17716506} 
[DBG] seek: preroll{ track: 2, pts: 33312000, fpos: 17945171 skip: 17945171} 
[DBG] resolving 192.168.1.250 ...
[DBG] outgoing request:
GET /stream/2 HTTP/1.1
Host: 192.168.1.250:8093
Accept: */*
Accept-Language: en_US
User-Agent: VLC/4.0.0-dev LibVLC/4.0.0-dev
If-Unmodified-Since: Fri, 17 Jul 2026 19:22:43 GMT
Range: bytes=17716506-


[DBG] incoming response:
HTTP/1.1 206 Partial Content
Accept-Ranges: bytes
Content-Length: 5704534570
Content-Range: bytes 17716506-5722251075/5722251076
Content-Type: video/x-matroska
Last-Modified: Fri, 17 Jul 2026 19:22:43 GMT
Date: Tue, 15 Sep 2026 01:48:55 GMT


[DBG] connection failed
[DBG] seek: preroll{ req: 33350002, start-pts: 33116001, start-fpos: 17716506} 
[DBG] 1h: check2 now=478293727900 control=36 state=PAUSE_S next_frame_need_data=1 old_wakeup=0 -> wakeup=0 wakeup-now=0
[DBG] 1h: wait now=478293727978 state=PAUSE_S es_out_GetBuffering&&!eof(postpone)=1 wakeup=0 deadline-now=0
[DBG] 1h: INPUT_CONTROL_NEED_DATA_FRAME_NEXT 1 -> 1 now=478293728059
[DBG] 1h: check2 now=478293728115 control=35 state=PAUSE_S next_frame_need_data=1 old_wakeup=0 -> wakeup=0 wakeup-now=0
[DBG] 1h: wait now=478293728166 state=PAUSE_S es_out_GetBuffering&&!eof(postpone)=1 wakeup=0 deadline-now=0
[DBG] 1h: INPUT_CONTROL_NEED_DATA_FRAME_NEXT 1 -> 1 now=478293728235
[DBG] 1h: check2 now=478293728286 control=35 state=PAUSE_S next_frame_need_data=1 old_wakeup=0 -> wakeup=0 wakeup-now=0
[DBG] 1h: wait now=478293728334 state=PAUSE_S es_out_GetBuffering&&!eof(postpone)=1 wakeup=0 deadline-now=0
[DBG] 1h: check1 now=478293728411 state=PAUSE_S es_out_GetBuffering=1 b_eof=0 next_frame_need_data=1 -> demux_allowed=1
9:48:55.175 PM [player] buffering 0.0
[DBG] Buffering 0%
[DBG] 1h: decoder notify need_data=1 frames_countdown=1 now=478293746672
[DBG] 1h: demuxed-while-paused now=478293747333 wakeup=0 wakeup-now=0
[DBG] 1h: wait now=478293747474 state=PAUSE_S es_out_GetBuffering&&!eof(postpone)=1 wakeup=0 deadline-now=0
[DBG] 1h: INPUT_CONTROL_NEED_DATA_FRAME_NEXT 1 -> 1 now=478293747584
[DBG] 1h: check2 now=478293747656 control=35 state=PAUSE_S next_frame_need_data=1 old_wakeup=0 -> wakeup=0 wakeup-now=0
[DBG] 1h: wait now=478293747739 state=PAUSE_S es_out_GetBuffering&&!eof(postpone)=1 wakeup=0 deadline-now=0
[DBG] 1h: check1 now=478293747846 state=PAUSE_S es_out_GetBuffering=1 b_eof=0 next_frame_need_data=1 -> demux_allowed=1
[DBG] 1h: decoder notify need_data=1 frames_countdown=1 now=478293748407
[DBG] 1h: demuxed-while-paused now=478293748512 wakeup=0 wakeup-now=0
[DBG] 1h: wait now=478293748624 state=PAUSE_S es_out_GetBuffering&&!eof(postpone)=1 wakeup=0 deadline-now=0
[DBG] 1h: INPUT_CONTROL_NEED_DATA_FRAME_NEXT 1 -> 1 now=478293748723
[DBG] 1h: check2 now=478293748790 control=35 state=PAUSE_S next_frame_need_data=1 old_wakeup=0 -> wakeup=0 wakeup-now=0
[… 5 repetitive 1h lines omitted (full log: 1h-stargate-back-full.log.gz); check1 transitions kept below …]
[DBG] 1h: demuxed-while-paused now=478293750074 wakeup=0 wakeup-now=0
[DBG] 1h: wait now=478293750193 state=PAUSE_S es_out_GetBuffering&&!eof(postpone)=1 wakeup=0 deadline-now=0
[DBG] 1h: check1 now=478293750295 state=PAUSE_S es_out_GetBuffering=1 b_eof=0 next_frame_need_data=1 -> demux_allowed=1
[DBG] 1h: demuxed-while-paused now=478293750433 wakeup=0 wakeup-now=0
[DBG] 1h: wait now=478293750536 state=PAUSE_S es_out_GetBuffering&&!eof(postpone)=1 wakeup=0 deadline-now=0
[DBG] 1h: check1 now=478293750634 state=PAUSE_S es_out_GetBuffering=1 b_eof=0 next_frame_need_data=1 -> demux_allowed=1
[DBG] 1h: demuxed-while-paused now=478293751282 wakeup=0 wakeup-now=0
[DBG] 1h: wait now=478293751371 state=PAUSE_S es_out_GetBuffering&&!eof(postpone)=1 wakeup=0 deadline-now=0
[DBG] 1h: check1 now=478293751447 state=PAUSE_S es_out_GetBuffering=1 b_eof=0 next_frame_need_data=1 -> demux_allowed=1
[DBG] 1h: demuxed-while-paused now=478293752757 wakeup=0 wakeup-now=0
[DBG] 1h: wait now=478293752862 state=PAUSE_S es_out_GetBuffering&&!eof(postpone)=1 wakeup=0 deadline-now=0
[DBG] 1h: check1 now=478293752966 state=PAUSE_S es_out_GetBuffering=1 b_eof=0 next_frame_need_data=1 -> demux_allowed=1
[DBG] Buffering 4%
[DBG] 1h: demuxed-while-paused now=478293753792 wakeup=0 wakeup-now=0
[DBG] 1h: wait now=478293754222 state=PAUSE_S es_out_GetBuffering&&!eof(postpone)=1 wakeup=0 deadline-now=0
[DBG] 1h: check1 now=478293754317 state=PAUSE_S es_out_GetBuffering=1 b_eof=0 next_frame_need_data=1 -> demux_allowed=1
[DBG] 1h: demuxed-while-paused now=478293754426 wakeup=0 wakeup-now=0
[DBG] 1h: wait now=478293754973 state=PAUSE_S es_out_GetBuffering&&!eof(postpone)=1 wakeup=0 deadline-now=0
[DBG] 1h: check1 now=478293755074 state=PAUSE_S es_out_GetBuffering=1 b_eof=0 next_frame_need_data=1 -> demux_allowed=1
[DBG] Buffering 6%
[DBG] 1h: demuxed-while-paused now=478293755420 wakeup=0 wakeup-now=0
[DBG] 1h: wait now=478293755494 state=PAUSE_S es_out_GetBuffering&&!eof(postpone)=1 wakeup=0 deadline-now=0
[DBG] 1h: check1 now=478293755567 state=PAUSE_S es_out_GetBuffering=1 b_eof=0 next_frame_need_data=1 -> demux_allowed=1
[DBG] 1h: demuxed-while-paused now=478293755867 wakeup=0 wakeup-now=0
[DBG] 1h: wait now=478293755952 state=PAUSE_S es_out_GetBuffering&&!eof(postpone)=1 wakeup=0 deadline-now=0
[DBG] 1h: check1 now=478293756027 state=PAUSE_S es_out_GetBuffering=1 b_eof=0 next_frame_need_data=1 -> demux_allowed=1
[DBG] Buffering 9%
[DBG] 1h: demuxed-while-paused now=478293756499 wakeup=0 wakeup-now=0
[DBG] 1h: wait now=478293756576 state=PAUSE_S es_out_GetBuffering&&!eof(postpone)=1 wakeup=0 deadline-now=0
[DBG] 1h: check1 now=478293756647 state=PAUSE_S es_out_GetBuffering=1 b_eof=0 next_frame_need_data=1 -> demux_allowed=1
[DBG] Buffering 13%
[DBG] 1h: demuxed-while-paused now=478293757306 wakeup=0 wakeup-now=0
[DBG] 1h: wait now=478293757631 state=PAUSE_S es_out_GetBuffering&&!eof(postpone)=1 wakeup=0 deadline-now=0
[DBG] 1h: check1 now=478293757743 state=PAUSE_S es_out_GetBuffering=1 b_eof=0 next_frame_need_data=1 -> demux_allowed=1
[DBG] 1h: demuxed-while-paused now=478293757855 wakeup=0 wakeup-now=0
[DBG] 1h: wait now=478293757934 state=PAUSE_S es_out_GetBuffering&&!eof(postpone)=1 wakeup=0 deadline-now=0
[DBG] 1h: check1 now=478293758010 state=PAUSE_S es_out_GetBuffering=1 b_eof=0 next_frame_need_data=1 -> demux_allowed=1
[DBG] 1h: demuxed-while-paused now=478293758232 wakeup=0 wakeup-now=0
[DBG] 1h: wait now=478293758315 state=PAUSE_S es_out_GetBuffering&&!eof(postpone)=1 wakeup=0 deadline-now=0
[DBG] 1h: check1 now=478293758388 state=PAUSE_S es_out_GetBuffering=1 b_eof=0 next_frame_need_data=1 -> demux_allowed=1
[DBG] Buffering 17%
[DBG] 1h: demuxed-while-paused now=478293759012 wakeup=0 wakeup-now=0
[DBG] 1h: wait now=478293759066 state=PAUSE_S es_out_GetBuffering&&!eof(postpone)=1 wakeup=0 deadline-now=0
[DBG] 1h: check1 now=478293759115 state=PAUSE_S es_out_GetBuffering=1 b_eof=0 next_frame_need_data=1 -> demux_allowed=1
[DBG] 1h: demuxed-while-paused now=478293759179 wakeup=0 wakeup-now=0
[DBG] 1h: wait now=478293759227 state=PAUSE_S es_out_GetBuffering&&!eof(postpone)=1 wakeup=0 deadline-now=0
[DBG] 1h: check1 now=478293759275 state=PAUSE_S es_out_GetBuffering=1 b_eof=0 next_frame_need_data=1 -> demux_allowed=1
[DBG] 1h: demuxed-while-paused now=478293759437 wakeup=0 wakeup-now=0
[DBG] 1h: wait now=478293759487 state=PAUSE_S es_out_GetBuffering&&!eof(postpone)=1 wakeup=0 deadline-now=0
[DBG] 1h: check1 now=478293759536 state=PAUSE_S es_out_GetBuffering=1 b_eof=0 next_frame_need_data=1 -> demux_allowed=1
[DBG] Buffering 20%
[DBG] 1h: demuxed-while-paused now=478293759863 wakeup=0 wakeup-now=0
[DBG] 1h: wait now=478293759913 state=PAUSE_S es_out_GetBuffering&&!eof(postpone)=1 wakeup=0 deadline-now=0
[DBG] 1h: check1 now=478293759961 state=PAUSE_S es_out_GetBuffering=1 b_eof=0 next_frame_need_data=1 -> demux_allowed=1
[DBG] Buffering 24%
[DBG] 1h: demuxed-while-paused now=478293760303 wakeup=0 wakeup-now=0
[DBG] 1h: wait now=478293760356 state=PAUSE_S es_out_GetBuffering&&!eof(postpone)=1 wakeup=0 deadline-now=0
[DBG] 1h: check1 now=478293760410 state=PAUSE_S es_out_GetBuffering=1 b_eof=0 next_frame_need_data=1 -> demux_allowed=1
[DBG] Buffering 27%
[DBG] 1h: demuxed-while-paused now=478293760758 wakeup=0 wakeup-now=0
[DBG] 1h: wait now=478293760808 state=PAUSE_S es_out_GetBuffering&&!eof(postpone)=1 wakeup=0 deadline-now=0
[DBG] 1h: check1 now=478293760857 state=PAUSE_S es_out_GetBuffering=1 b_eof=0 next_frame_need_data=1 -> demux_allowed=1
[DBG] 1h: demuxed-while-paused now=478293760918 wakeup=0 wakeup-now=0
[DBG] 1h: wait now=478293760967 state=PAUSE_S es_out_GetBuffering&&!eof(postpone)=1 wakeup=0 deadline-now=0
[DBG] 1h: check1 now=478293761015 state=PAUSE_S es_out_GetBuffering=1 b_eof=0 next_frame_need_data=1 -> demux_allowed=1
[DBG] 1h: demuxed-while-paused now=478293761115 wakeup=0 wakeup-now=0
[DBG] 1h: wait now=478293761163 state=PAUSE_S es_out_GetBuffering&&!eof(postpone)=1 wakeup=0 deadline-now=0
[DBG] 1h: check1 now=478293761211 state=PAUSE_S es_out_GetBuffering=1 b_eof=0 next_frame_need_data=1 -> demux_allowed=1
[DBG] 1h: demuxed-while-paused now=478293761276 wakeup=0 wakeup-now=0
[DBG] 1h: wait now=478293761325 state=PAUSE_S es_out_GetBuffering&&!eof(postpone)=1 wakeup=0 deadline-now=0
[DBG] 1h: check1 now=478293761372 state=PAUSE_S es_out_GetBuffering=1 b_eof=0 next_frame_need_data=1 -> demux_allowed=1
[DBG] 1h: demuxed-while-paused now=478293761948 wakeup=0 wakeup-now=0
[DBG] 1h: wait now=478293762018 state=PAUSE_S es_out_GetBuffering&&!eof(postpone)=1 wakeup=0 deadline-now=0
[DBG] 1h: check1 now=478293762077 state=PAUSE_S es_out_GetBuffering=1 b_eof=0 next_frame_need_data=1 -> demux_allowed=1
[DBG] Buffering 39%
[DBG] 1h: demuxed-while-paused now=478293762409 wakeup=0 wakeup-now=0
[DBG] 1h: wait now=478293762462 state=PAUSE_S es_out_GetBuffering&&!eof(postpone)=1 wakeup=0 deadline-now=0
[DBG] 1h: check1 now=478293762512 state=PAUSE_S es_out_GetBuffering=1 b_eof=0 next_frame_need_data=1 -> demux_allowed=1
[DBG] 1h: demuxed-while-paused now=478293762656 wakeup=0 wakeup-now=0
[DBG] 1h: wait now=478293762707 state=PAUSE_S es_out_GetBuffering&&!eof(postpone)=1 wakeup=0 deadline-now=0
[DBG] 1h: check1 now=478293762761 state=PAUSE_S es_out_GetBuffering=1 b_eof=0 next_frame_need_data=1 -> demux_allowed=1
[DBG] 1h: decoder notify need_data=1 frames_countdown=1 now=478293765036
[DBG] 1h: demuxed-while-paused now=478293765209 wakeup=0 wakeup-now=0
[DBG] 1h: wait now=478293765252 state=PAUSE_S es_out_GetBuffering&&!eof(postpone)=1 wakeup=0 deadline-now=0
[DBG] 1h: INPUT_CONTROL_NEED_DATA_FRAME_NEXT 1 -> 1 now=478293765289
[DBG] 1h: check2 now=478293765316 control=35 state=PAUSE_S next_frame_need_data=1 old_wakeup=0 -> wakeup=0 wakeup-now=0
[DBG] 1h: wait now=478293765342 state=PAUSE_S es_out_GetBuffering&&!eof(postpone)=1 wakeup=0 deadline-now=0
[DBG] 1h: check1 now=478293765379 state=PAUSE_S es_out_GetBuffering=1 b_eof=0 next_frame_need_data=1 -> demux_allowed=1
[DBG] 1h: demuxed-while-paused now=478293765428 wakeup=0 wakeup-now=0
[DBG] 1h: wait now=478293765465 state=PAUSE_S es_out_GetBuffering&&!eof(postpone)=1 wakeup=0 deadline-now=0
[DBG] 1h: check1 now=478293765502 state=PAUSE_S es_out_GetBuffering=1 b_eof=0 next_frame_need_data=1 -> demux_allowed=1
[DBG] 1h: demuxed-while-paused now=478293765616 wakeup=0 wakeup-now=0
[DBG] 1h: wait now=478293765655 state=PAUSE_S es_out_GetBuffering&&!eof(postpone)=1 wakeup=0 deadline-now=0
[DBG] 1h: check1 now=478293765692 state=PAUSE_S es_out_GetBuffering=1 b_eof=0 next_frame_need_data=1 -> demux_allowed=1
[DBG] end of video preroll
[DBG] 1h: demuxed-while-paused now=478293767397 wakeup=0 wakeup-now=0
[DBG] 1h: wait now=478293767441 state=PAUSE_S es_out_GetBuffering&&!eof(postpone)=1 wakeup=0 deadline-now=0
[DBG] 1h: check1 now=478293767480 state=PAUSE_S es_out_GetBuffering=1 b_eof=0 next_frame_need_data=1 -> demux_allowed=1
[DBG] Buffering 44%
[DBG] 1h: demuxed-while-paused now=478293767759 wakeup=0 wakeup-now=0
[DBG] 1h: wait now=478293767799 state=PAUSE_S es_out_GetBuffering&&!eof(postpone)=1 wakeup=0 deadline-now=0
[DBG] 1h: check1 now=478293767836 state=PAUSE_S es_out_GetBuffering=1 b_eof=0 next_frame_need_data=1 -> demux_allowed=1
[DBG] Buffering 47%
[DBG] 1h: demuxed-while-paused now=478293768096 wakeup=0 wakeup-now=0
[DBG] 1h: wait now=478293768134 state=PAUSE_S es_out_GetBuffering&&!eof(postpone)=1 wakeup=0 deadline-now=0
[DBG] 1h: check1 now=478293768170 state=PAUSE_S es_out_GetBuffering=1 b_eof=0 next_frame_need_data=1 -> demux_allowed=1
[DBG] 1h: demuxed-while-paused now=478293768319 wakeup=0 wakeup-now=0
[DBG] 1h: wait now=478293768357 state=PAUSE_S es_out_GetBuffering&&!eof(postpone)=1 wakeup=0 deadline-now=0
[DBG] 1h: check1 now=478293768394 state=PAUSE_S es_out_GetBuffering=1 b_eof=0 next_frame_need_data=1 -> demux_allowed=1
9:48:55.198 PM [framestep] previousFrameStepped result=0 time=33450 ms
[DBG] 1h: demuxed-while-paused now=478293771110 wakeup=0 wakeup-now=0
[DBG] 1h: decoder notify need_data=1 frames_countdown=1 now=478293771142
[DBG] 1h: wait now=478293771161 state=PAUSE_S es_out_GetBuffering&&!eof(postpone)=1 wakeup=0 deadline-now=0
[DBG] 1h: INPUT_CONTROL_NEED_DATA_FRAME_NEXT 1 -> 1 now=478293771241
[DBG] 1h: check2 now=478293771271 control=35 state=PAUSE_S next_frame_need_data=1 old_wakeup=0 -> wakeup=0 wakeup-now=0
[DBG] 1h: wait now=478293771299 state=PAUSE_S es_out_GetBuffering&&!eof(postpone)=1 wakeup=0 deadline-now=0
[DBG] 1h: check1 now=478293771338 state=PAUSE_S es_out_GetBuffering=1 b_eof=0 next_frame_need_data=1 -> demux_allowed=1
[DBG] Buffering 50%
[DBG] 1h: demuxed-while-paused now=478293771667 wakeup=0 wakeup-now=0
[DBG] 1h: wait now=478293771713 state=PAUSE_S es_out_GetBuffering&&!eof(postpone)=1 wakeup=0 deadline-now=0
[DBG] 1h: check1 now=478293771755 state=PAUSE_S es_out_GetBuffering=1 b_eof=0 next_frame_need_data=1 -> demux_allowed=1
[DBG] 1h: decoder notify need_data=1 frames_countdown=1 now=478293771773
[DBG] Buffering 54%
[DBG] 1h: demuxed-while-paused now=478293772022 wakeup=0 wakeup-now=0
[DBG] 1h: wait now=478293772062 state=PAUSE_S es_out_GetBuffering&&!eof(postpone)=1 wakeup=0 deadline-now=0
[DBG] 1h: INPUT_CONTROL_NEED_DATA_FRAME_NEXT 1 -> 1 now=478293772098
[DBG] 1h: check2 now=478293772124 control=35 state=PAUSE_S next_frame_need_data=1 old_wakeup=0 -> wakeup=0 wakeup-now=0
[DBG] 1h: wait now=478293772149 state=PAUSE_S es_out_GetBuffering&&!eof(postpone)=1 wakeup=0 deadline-now=0
[DBG] 1h: check1 now=478293772186 state=PAUSE_S es_out_GetBuffering=1 b_eof=0 next_frame_need_data=1 -> demux_allowed=1
[DBG] 1h: demuxed-while-paused now=478293772236 wakeup=0 wakeup-now=0
[DBG] 1h: wait now=478293772274 state=PAUSE_S es_out_GetBuffering&&!eof(postpone)=1 wakeup=0 deadline-now=0
[DBG] 1h: check1 now=478293772311 state=PAUSE_S es_out_GetBuffering=1 b_eof=0 next_frame_need_data=1 -> demux_allowed=1
[DBG] 1h: demuxed-while-paused now=478293772470 wakeup=0 wakeup-now=0
[DBG] 1h: decoder notify need_data=1 frames_countdown=1 now=478293772486
[DBG] 1h: wait now=478293772512 state=PAUSE_S es_out_GetBuffering&&!eof(postpone)=1 wakeup=0 deadline-now=0
[DBG] 1h: INPUT_CONTROL_NEED_DATA_FRAME_NEXT 1 -> 1 now=478293772711
[DBG] 1h: check2 now=478293772736 control=35 state=PAUSE_S next_frame_need_data=1 old_wakeup=0 -> wakeup=0 wakeup-now=0
[DBG] 1h: wait now=478293772785 state=PAUSE_S es_out_GetBuffering&&!eof(postpone)=1 wakeup=0 deadline-now=0
[DBG] 1h: check1 now=478293772827 state=PAUSE_S es_out_GetBuffering=1 b_eof=0 next_frame_need_data=1 -> demux_allowed=1
[DBG] Buffering 58%
[DBG] 1h: decoder notify need_data=1 frames_countdown=1 now=478293773036
[DBG] 1h: demuxed-while-paused now=478293773056 wakeup=0 wakeup-now=0
[DBG] 1h: wait now=478293773134 state=PAUSE_S es_out_GetBuffering&&!eof(postpone)=1 wakeup=0 deadline-now=0
[DBG] 1h: INPUT_CONTROL_NEED_DATA_FRAME_NEXT 1 -> 1 now=478293773171
[DBG] 1h: check2 now=478293773195 control=35 state=PAUSE_S next_frame_need_data=1 old_wakeup=0 -> wakeup=0 wakeup-now=0
[DBG] 1h: wait now=478293773216 state=PAUSE_S es_out_GetBuffering&&!eof(postpone)=1 wakeup=0 deadline-now=0
[DBG] 1h: check1 now=478293773246 state=PAUSE_S es_out_GetBuffering=1 b_eof=0 next_frame_need_data=1 -> demux_allowed=1
[DBG] Buffering 60%
[DBG] 1h: decoder notify need_data=1 frames_countdown=1 now=478293773415
[DBG] 1h: demuxed-while-paused now=478293773437 wakeup=0 wakeup-now=0
[DBG] 1h: wait now=478293773468 state=PAUSE_S es_out_GetBuffering&&!eof(postpone)=1 wakeup=0 deadline-now=0
[DBG] 1h: INPUT_CONTROL_NEED_DATA_FRAME_NEXT 1 -> 1 now=478293773496
[DBG] 1h: check2 now=478293773516 control=35 state=PAUSE_S next_frame_need_data=1 old_wakeup=0 -> wakeup=0 wakeup-now=0
[DBG] 1h: wait now=478293773537 state=PAUSE_S es_out_GetBuffering&&!eof(postpone)=1 wakeup=0 deadline-now=0
[DBG] 1h: check1 now=478293773565 state=PAUSE_S es_out_GetBuffering=1 b_eof=0 next_frame_need_data=1 -> demux_allowed=1
[DBG] Buffering 62%
[DBG] 1h: demuxed-while-paused now=478293773762 wakeup=0 wakeup-now=0
[DBG] 1h: wait now=478293773793 state=PAUSE_S es_out_GetBuffering&&!eof(postpone)=1 wakeup=0 deadline-now=0
[DBG] 1h: check1 now=478293773822 state=PAUSE_S es_out_GetBuffering=1 b_eof=0 next_frame_need_data=1 -> demux_allowed=1
[DBG] Buffering 64%
[DBG] 1h: demuxed-while-paused now=478293773954 wakeup=0 wakeup-now=0
[DBG] 1h: wait now=478293774007 state=PAUSE_S es_out_GetBuffering&&!eof(postpone)=1 wakeup=0 deadline-now=0
[DBG] 1h: check1 now=478293774042 state=PAUSE_S es_out_GetBuffering=1 b_eof=0 next_frame_need_data=1 -> demux_allowed=1
[DBG] 1h: decoder notify need_data=1 frames_countdown=1 now=478293774121
[DBG] 1h: demuxed-while-paused now=478293774142 wakeup=0 wakeup-now=0
[DBG] 1h: wait now=478293774174 state=PAUSE_S es_out_GetBuffering&&!eof(postpone)=1 wakeup=0 deadline-now=0
[DBG] 1h: INPUT_CONTROL_NEED_DATA_FRAME_NEXT 1 -> 1 now=478293774203
[DBG] 1h: check2 now=478293774223 control=35 state=PAUSE_S next_frame_need_data=1 old_wakeup=0 -> wakeup=0 wakeup-now=0
[DBG] 1h: wait now=478293774243 state=PAUSE_S es_out_GetBuffering&&!eof(postpone)=1 wakeup=0 deadline-now=0
[DBG] 1h: check1 now=478293774272 state=PAUSE_S es_out_GetBuffering=1 b_eof=0 next_frame_need_data=1 -> demux_allowed=1
[DBG] Buffering 67%
[DBG] 1h: demuxed-while-paused now=478293774465 wakeup=0 wakeup-now=0
[DBG] 1h: wait now=478293774494 state=PAUSE_S es_out_GetBuffering&&!eof(postpone)=1 wakeup=0 deadline-now=0
[DBG] 1h: check1 now=478293774523 state=PAUSE_S es_out_GetBuffering=1 b_eof=0 next_frame_need_data=1 -> demux_allowed=1
[DBG] 1h: demuxed-while-paused now=478293774560 wakeup=0 wakeup-now=0
[DBG] 1h: wait now=478293774593 state=PAUSE_S es_out_GetBuffering&&!eof(postpone)=1 wakeup=0 deadline-now=0
[DBG] 1h: check1 now=478293774622 state=PAUSE_S es_out_GetBuffering=1 b_eof=0 next_frame_need_data=1 -> demux_allowed=1
[DBG] 1h: demuxed-while-paused now=478293774681 wakeup=0 wakeup-now=0
[DBG] 1h: wait now=478293774709 state=PAUSE_S es_out_GetBuffering&&!eof(postpone)=1 wakeup=0 deadline-now=0
[DBG] 1h: check1 now=478293774738 state=PAUSE_S es_out_GetBuffering=1 b_eof=0 next_frame_need_data=1 -> demux_allowed=1
[DBG] 1h: demuxed-while-paused now=478293774774 wakeup=0 wakeup-now=0
[DBG] 1h: wait now=478293774804 state=PAUSE_S es_out_GetBuffering&&!eof(postpone)=1 wakeup=0 deadline-now=0
[DBG] 1h: check1 now=478293774832 state=PAUSE_S es_out_GetBuffering=1 b_eof=0 next_frame_need_data=1 -> demux_allowed=1
[DBG] 1h: decoder notify need_data=1 frames_countdown=1 now=478293776175
[DBG] 1h: demuxed-while-paused now=478293776202 wakeup=0 wakeup-now=0
[DBG] 1h: wait now=478293776237 state=PAUSE_S es_out_GetBuffering&&!eof(postpone)=1 wakeup=0 deadline-now=0
[DBG] 1h: INPUT_CONTROL_NEED_DATA_FRAME_NEXT 1 -> 1 now=478293776266
[DBG] 1h: check2 now=478293776287 control=35 state=PAUSE_S next_frame_need_data=1 old_wakeup=0 -> wakeup=0 wakeup-now=0
[DBG] 1h: wait now=478293776308 state=PAUSE_S es_out_GetBuffering&&!eof(postpone)=1 wakeup=0 deadline-now=0
[DBG] 1h: check1 now=478293776337 state=PAUSE_S es_out_GetBuffering=1 b_eof=0 next_frame_need_data=1 -> demux_allowed=1
[DBG] Buffering 80%
[DBG] 1h: decoder notify need_data=1 frames_countdown=1 now=478293779013
[DBG] 1h: demuxed-while-paused now=478293779034 wakeup=0 wakeup-now=0
[DBG] 1h: wait now=478293779093 state=PAUSE_S es_out_GetBuffering&&!eof(postpone)=1 wakeup=0 deadline-now=0
[DBG] 1h: INPUT_CONTROL_NEED_DATA_FRAME_NEXT 1 -> 1 now=478293779124
[DBG] 1h: check2 now=478293779145 control=35 state=PAUSE_S next_frame_need_data=1 old_wakeup=0 -> wakeup=0 wakeup-now=0
[DBG] 1h: wait now=478293779166 state=PAUSE_S es_out_GetBuffering&&!eof(postpone)=1 wakeup=0 deadline-now=0
[DBG] 1h: check1 now=478293779196 state=PAUSE_S es_out_GetBuffering=1 b_eof=0 next_frame_need_data=1 -> demux_allowed=1
[DBG] 1h: decoder notify need_data=1 frames_countdown=1 now=478293785309
[DBG] 1h: demuxed-while-paused now=478293785355 wakeup=0 wakeup-now=0
[DBG] 1h: wait now=478293785401 state=PAUSE_S es_out_GetBuffering&&!eof(postpone)=1 wakeup=0 deadline-now=0
[DBG] 1h: INPUT_CONTROL_NEED_DATA_FRAME_NEXT 1 -> 1 now=478293785438
[DBG] 1h: check2 now=478293785466 control=35 state=PAUSE_S next_frame_need_data=1 old_wakeup=0 -> wakeup=0 wakeup-now=0
[… 10 repetitive 1h lines omitted (full log: 1h-stargate-back-full.log.gz); check1 transitions kept below …]
[DBG] 1h: wait now=478293786031 state=PAUSE_S es_out_GetBuffering&&!eof(postpone)=1 wakeup=0 deadline-now=0
[DBG] 1h: INPUT_CONTROL_NEED_DATA_FRAME_NEXT 1 -> 1 now=478293786066
[DBG] 1h: check2 now=478293786092 control=35 state=PAUSE_S next_frame_need_data=1 old_wakeup=0 -> wakeup=0 wakeup-now=0
[DBG] 1h: wait now=478293786117 state=PAUSE_S es_out_GetBuffering&&!eof(postpone)=1 wakeup=0 deadline-now=0
[DBG] 1h: check1 now=478293786153 state=PAUSE_S es_out_GetBuffering=1 b_eof=0 next_frame_need_data=1 -> demux_allowed=1
[DBG] 1h: decoder notify need_data=1 frames_countdown=1 now=478293786254
[DBG] 1h: demuxed-while-paused now=478293786313 wakeup=0 wakeup-now=0
[DBG] 1h: wait now=478293786354 state=PAUSE_S es_out_GetBuffering&&!eof(postpone)=1 wakeup=0 deadline-now=0
[DBG] 1h: INPUT_CONTROL_NEED_DATA_FRAME_NEXT 1 -> 1 now=478293786391
[DBG] 1h: check2 now=478293786416 control=35 state=PAUSE_S next_frame_need_data=1 old_wakeup=0 -> wakeup=0 wakeup-now=0
[DBG] 1h: wait now=478293786441 state=PAUSE_S es_out_GetBuffering&&!eof(postpone)=1 wakeup=0 deadline-now=0
[DBG] 1h: check1 now=478293786477 state=PAUSE_S es_out_GetBuffering=1 b_eof=0 next_frame_need_data=1 -> demux_allowed=1
[DBG] Buffering 85%
[DBG] 1h: decoder notify need_data=1 frames_countdown=1 now=478293786686
[DBG] 1h: demuxed-while-paused now=478293786713 wakeup=0 wakeup-now=0
[DBG] 1h: wait now=478293786768 state=PAUSE_S es_out_GetBuffering&&!eof(postpone)=1 wakeup=0 deadline-now=0
[DBG] 1h: INPUT_CONTROL_NEED_DATA_FRAME_NEXT 1 -> 1 now=478293786803
[DBG] 1h: check2 now=478293786828 control=35 state=PAUSE_S next_frame_need_data=1 old_wakeup=0 -> wakeup=0 wakeup-now=0
[DBG] 1h: wait now=478293786853 state=PAUSE_S es_out_GetBuffering&&!eof(postpone)=1 wakeup=0 deadline-now=0
[DBG] 1h: check1 now=478293786889 state=PAUSE_S es_out_GetBuffering=1 b_eof=0 next_frame_need_data=1 -> demux_allowed=1
[DBG] 1h: decoder notify need_data=1 frames_countdown=1 now=478293788212
[DBG] Buffering 87%
[DBG] 1h: demuxed-while-paused now=478293788526 wakeup=0 wakeup-now=0
[DBG] 1h: wait now=478293788587 state=PAUSE_S es_out_GetBuffering&&!eof(postpone)=1 wakeup=0 deadline-now=0
[DBG] 1h: INPUT_CONTROL_NEED_DATA_FRAME_NEXT 1 -> 1 now=478293788624
[DBG] 1h: check2 now=478293788651 control=35 state=PAUSE_S next_frame_need_data=1 old_wakeup=0 -> wakeup=0 wakeup-now=0
[DBG] 1h: wait now=478293788692 state=PAUSE_S es_out_GetBuffering&&!eof(postpone)=1 wakeup=0 deadline-now=0
[DBG] 1h: check1 now=478293788733 state=PAUSE_S es_out_GetBuffering=1 b_eof=0 next_frame_need_data=1 -> demux_allowed=1
[DBG] 1h: demuxed-while-paused now=478293788783 wakeup=0 wakeup-now=0
[DBG] 1h: wait now=478293788820 state=PAUSE_S es_out_GetBuffering&&!eof(postpone)=1 wakeup=0 deadline-now=0
[DBG] 1h: check1 now=478293788856 state=PAUSE_S es_out_GetBuffering=1 b_eof=0 next_frame_need_data=1 -> demux_allowed=1
[DBG] 1h: demuxed-while-paused now=478293789089 wakeup=0 wakeup-now=0
[DBG] 1h: wait now=478293789130 state=PAUSE_S es_out_GetBuffering&&!eof(postpone)=1 wakeup=0 deadline-now=0
[DBG] 1h: check1 now=478293789183 state=PAUSE_S es_out_GetBuffering=1 b_eof=0 next_frame_need_data=1 -> demux_allowed=1
[DBG] 1h: decoder notify need_data=1 frames_countdown=1 now=478293789414
[DBG] Buffering 90%
[DBG] 1h: demuxed-while-paused now=478293789604 wakeup=0 wakeup-now=0
[DBG] 1h: wait now=478293789648 state=PAUSE_S es_out_GetBuffering&&!eof(postpone)=1 wakeup=0 deadline-now=0
[DBG] 1h: INPUT_CONTROL_NEED_DATA_FRAME_NEXT 1 -> 1 now=478293789687
[DBG] 1h: decoder notify need_data=1 frames_countdown=1 now=478293789688
[DBG] 1h: check2 now=478293789722 control=35 state=PAUSE_S next_frame_need_data=1 old_wakeup=0 -> wakeup=0 wakeup-now=0
[DBG] 1h: wait now=478293789800 state=PAUSE_S es_out_GetBuffering&&!eof(postpone)=1 wakeup=0 deadline-now=0
[DBG] 1h: INPUT_CONTROL_NEED_DATA_FRAME_NEXT 1 -> 1 now=478293789841
[DBG] 1h: check2 now=478293789868 control=35 state=PAUSE_S next_frame_need_data=1 old_wakeup=0 -> wakeup=0 wakeup-now=0
[DBG] 1h: wait now=478293789894 state=PAUSE_S es_out_GetBuffering&&!eof(postpone)=1 wakeup=0 deadline-now=0
[DBG] 1h: check1 now=478293789940 state=PAUSE_S es_out_GetBuffering=1 b_eof=0 next_frame_need_data=1 -> demux_allowed=1
[DBG] Buffering 94%
[DBG] 1h: decoder notify need_data=1 frames_countdown=1 now=478293790246
[DBG] 1h: demuxed-while-paused now=478293790267 wakeup=0 wakeup-now=0
[DBG] 1h: wait now=478293790331 state=PAUSE_S es_out_GetBuffering&&!eof(postpone)=1 wakeup=0 deadline-now=0
[DBG] 1h: INPUT_CONTROL_NEED_DATA_FRAME_NEXT 1 -> 1 now=478293790369
[DBG] 1h: check2 now=478293790395 control=35 state=PAUSE_S next_frame_need_data=1 old_wakeup=0 -> wakeup=0 wakeup-now=0
[DBG] 1h: wait now=478293790421 state=PAUSE_S es_out_GetBuffering&&!eof(postpone)=1 wakeup=0 deadline-now=0
[DBG] 1h: check1 now=478293790458 state=PAUSE_S es_out_GetBuffering=1 b_eof=0 next_frame_need_data=1 -> demux_allowed=1
[DBG] Buffering 96%
[DBG] 1h: demuxed-while-paused now=478293790727 wakeup=0 wakeup-now=0
[DBG] 1h: wait now=478293790887 state=PAUSE_S es_out_GetBuffering&&!eof(postpone)=1 wakeup=0 deadline-now=0
[DBG] 1h: check1 now=478293790969 state=PAUSE_S es_out_GetBuffering=1 b_eof=0 next_frame_need_data=1 -> demux_allowed=1
[DBG] Buffering 98%
[DBG] 1h: demuxed-while-paused now=478293791154 wakeup=0 wakeup-now=0
[DBG] 1h: wait now=478293791194 state=PAUSE_S es_out_GetBuffering&&!eof(postpone)=1 wakeup=0 deadline-now=0
[DBG] 1h: check1 now=478293791232 state=PAUSE_S es_out_GetBuffering=1 b_eof=0 next_frame_need_data=1 -> demux_allowed=1
[DBG] 1h: decoder notify need_data=1 frames_countdown=1 now=478293791349
[DBG] 1h: demuxed-while-paused now=478293791373 wakeup=0 wakeup-now=0
[DBG] 1h: wait now=478293791449 state=PAUSE_S es_out_GetBuffering&&!eof(postpone)=1 wakeup=0 deadline-now=0
[DBG] 1h: INPUT_CONTROL_NEED_DATA_FRAME_NEXT 1 -> 1 now=478293791488
[DBG] 1h: check2 now=478293791519 control=35 state=PAUSE_S next_frame_need_data=1 old_wakeup=0 -> wakeup=0 wakeup-now=0
[DBG] 1h: wait now=478293791564 state=PAUSE_S es_out_GetBuffering&&!eof(postpone)=1 wakeup=0 deadline-now=0
[DBG] 1h: check1 now=478293791609 state=PAUSE_S es_out_GetBuffering=1 b_eof=0 next_frame_need_data=1 -> demux_allowed=1
[DBG] Stream buffering done (1251 ms in 45 ms)
9:48:55.220 PM [player] buffering 1.0
[DBG] Decoder wait done in 0 ms
[DBG] 1g: es_out stop_buffering now=478293792010 paused=1 pause_date=478204561297 current_date=478204561297 buffering_duration=1234002 update=478203327295 stream_start=33116000
[WARN] 1g: main_reset now=478293792082 paused=1 pause_date=0 first_pcr.system=478203277295 last.system=0
[WARN] 1g: main_reset now=478293792212 paused=1 pause_date=0 first_pcr.system=0 last.system=0
[WARN] 1g: set_first_pcr now=478293792693 system=478203327295 ts=33116000 paused=1 pause_date=0
[DBG] 1h: decoder notify need_data=1 frames_countdown=1 now=478293792873
[DBG] 1h: demuxed-while-paused now=478293792882 wakeup=478204478662 wakeup-now=-89314220
[DBG] 1h: wait now=478293792959 state=PAUSE_S es_out_GetBuffering&&!eof(postpone)=0 wakeup=478204478662 deadline-now=-89314297
[DBG] 1h: INPUT_CONTROL_NEED_DATA_FRAME_NEXT 1 -> 1 now=478293792987
[DBG] 1h: check2 now=478293793010 control=35 state=PAUSE_S next_frame_need_data=1 old_wakeup=478204478662 -> wakeup=0 wakeup-now=0
[DBG] 1h: wait now=478293793091 state=PAUSE_S es_out_GetBuffering&&!eof(postpone)=0 wakeup=0 deadline-now=0
[DBG] 1h: check1 now=478293793125 state=PAUSE_S es_out_GetBuffering=0 b_eof=0 next_frame_need_data=1 -> demux_allowed=1
[DBG] 1h: demuxed-while-paused now=478293793310 wakeup=478204511296 wakeup-now=-89282014
[DBG] 1h: wait now=478293793347 state=PAUSE_S es_out_GetBuffering&&!eof(postpone)=0 wakeup=478204511296 deadline-now=-89282051
[DBG] 1h: check1 now=478293793375 state=PAUSE_S es_out_GetBuffering=0 b_eof=0 next_frame_need_data=1 -> demux_allowed=1
[DBG] 1h: demuxed-while-paused now=478293793481 wakeup=478204529296 wakeup-now=-89264185
[DBG] 1h: wait now=478293793518 state=PAUSE_S es_out_GetBuffering&&!eof(postpone)=0 wakeup=478204529296 deadline-now=-89264222
[… 4375 repetitive 1h lines omitted (full log: 1h-stargate-back-full.log.gz); check1 transitions kept below …]
[DBG] 1h: wait now=478294123064 state=PAUSE_S es_out_GetBuffering&&!eof(postpone)=0 wakeup=0 deadline-now=0
[DBG] 1h: check1 now=478294123082 state=PAUSE_S es_out_GetBuffering=0 b_eof=0 next_frame_need_data=1 -> demux_allowed=1
[DBG] 1h: decoder notify need_data=1 frames_countdown=1 now=478294123173
[DBG] 1h: demuxed-while-paused now=478294123184 wakeup=478222797295 wakeup-now=-71325889
[DBG] 1h: wait now=478294123218 state=PAUSE_S es_out_GetBuffering&&!eof(postpone)=0 wakeup=478222797295 deadline-now=-71325923
[DBG] 1h: INPUT_CONTROL_NEED_DATA_FRAME_NEXT 1 -> 1 now=478294123235
[DBG] 1h: check2 now=478294123248 control=35 state=PAUSE_S next_frame_need_data=1 old_wakeup=478222797295 -> wakeup=0 wakeup-now=0
[DBG] 1h: wait now=478294123261 state=PAUSE_S es_out_GetBuffering&&!eof(postpone)=0 wakeup=0 deadline-now=0
[DBG] 1h: check1 now=478294123279 state=PAUSE_S es_out_GetBuffering=0 b_eof=0 next_frame_need_data=1 -> demux_allowed=1
[DBG] 1h: demuxed-while-paused now=478294123431 wakeup=478222815295 wakeup-now=-71308136
[DBG] 1h: wait now=478294123452 state=PAUSE_S es_out_GetBuffering&&!eof(postpone)=0 wakeup=478222815295 deadline-now=-71308157
[DBG] 1h: check1 now=478294123469 state=PAUSE_S es_out_GetBuffering=0 b_eof=0 next_frame_need_data=1 -> demux_allowed=1
9:48:55.552 PM [framestep] −1 after(400 ms)=33417 ms
[DBG] 1h: demuxed-while-paused now=478294123539 wakeup=478222830295 wakeup-now=-71293244
[DBG] 1h: wait now=478294123560 state=PAUSE_S es_out_GetBuffering&&!eof(postpone)=0 wakeup=478222830295 deadline-now=-71293265
[DBG] 1h: check1 now=478294123578 state=PAUSE_S es_out_GetBuffering=0 b_eof=0 next_frame_need_data=1 -> demux_allowed=1
[DBG] 1h: demuxed-while-paused now=478294123923 wakeup=478222830295 wakeup-now=-71293628
[DBG] 1h: wait now=478294123946 state=PAUSE_S es_out_GetBuffering&&!eof(postpone)=0 wakeup=478222830295 deadline-now=-71293651
[DBG] 1h: check1 now=478294123964 state=PAUSE_S es_out_GetBuffering=0 b_eof=0 next_frame_need_data=1 -> demux_allowed=1
[DBG] 1h: decoder notify need_data=1 frames_countdown=1 now=478294124034
[DBG] 1h: demuxed-while-paused now=478294124071 wakeup=478222863663 wakeup-now=-71260408
[DBG] 1h: wait now=478294124192 state=PAUSE_S es_out_GetBuffering&&!eof(postpone)=0 wakeup=478222863663 deadline-now=-71260529
[DBG] 1h: INPUT_CONTROL_NEED_DATA_FRAME_NEXT 1 -> 1 now=478294124211
[DBG] 1h: check2 now=478294124224 control=35 state=PAUSE_S next_frame_need_data=1 old_wakeup=478222863663 -> wakeup=0 wakeup-now=0
[DBG] 1h: wait now=478294124238 state=PAUSE_S es_out_GetBuffering&&!eof(postpone)=0 wakeup=0 deadline-now=0
[… 18006 repetitive 1h lines omitted (full log: 1h-stargate-back-full.log.gz); check1 transitions kept below …]
[DBG] 1h: demuxed-while-paused now=478297910787 wakeup=478297938663 wakeup-now=27876
[DBG] 1h: wait now=478297911167 state=PAUSE_S es_out_GetBuffering&&!eof(postpone)=0 wakeup=478297938663 deadline-now=27496
[DBG] 1h: decoder notify need_data=1 frames_countdown=1 now=478297911286
[DBG] 1h: INPUT_CONTROL_NEED_DATA_FRAME_NEXT 1 -> 1 now=478297911299
[DBG] 1h: check2 now=478297911509 control=35 state=PAUSE_S next_frame_need_data=1 old_wakeup=478297938663 -> wakeup=0 wakeup-now=0
[DBG] 1h: wait now=478297911568 state=PAUSE_S es_out_GetBuffering&&!eof(postpone)=0 wakeup=0 deadline-now=0
[DBG] 1h: INPUT_CONTROL_NEED_DATA_FRAME_NEXT 1 -> 1 now=478297911678
[DBG] 1h: check2 now=478297911781 control=35 state=PAUSE_S next_frame_need_data=1 old_wakeup=0 -> wakeup=0 wakeup-now=0
[DBG] 1h: wait now=478297911845 state=PAUSE_S es_out_GetBuffering&&!eof(postpone)=0 wakeup=0 deadline-now=0
[DBG] 1h: check1 now=478297911910 state=PAUSE_S es_out_GetBuffering=0 b_eof=0 next_frame_need_data=1 -> demux_allowed=1
[DBG] 1h: demuxed-while-paused now=478297912337 wakeup=478297983295 wakeup-now=70958
[DBG] 1h: wait now=478297912421 state=PAUSE_S es_out_GetBuffering&&!eof(postpone)=0 wakeup=478297983295 deadline-now=70874
9:48:59.369 PM [framestep] −1 gotoPreviousFrame before=33417 ms
[DBG] 1h: check2 now=478297940947 control=34 state=PAUSE_S next_frame_need_data=1 old_wakeup=478297983295 -> wakeup=0 wakeup-now=0
[DBG] 1h: wait now=478297940977 state=PAUSE_S es_out_GetBuffering&&!eof(postpone)=0 wakeup=0 deadline-now=0
[DBG] 1g: input seek_frame_previous now=478297940993 pts=33417001 steps=3 failed=0 enabled=1
[DBG] 1g: es_out RESET_PCR_FRAME_PREV duration=266664 now=478297941006 paused=1 pause_date=478204561297
[DBG] 1g: es_out change_position now=478297941019 paused=1 pause_date=478204561297 buffering=0 next_frame_es=0
[DBG] 1h: decoder notify need_data=1 frames_countdown=1 now=478297944416
9:48:59.373 PM [player] buffering 0.0
[DBG] SET_TIME to 33317001
[DBG] seek request to i_pos = 33317001
[DBG] seek: preroll{ track: 1, pts: 33116000, fpos: 17716506 skip: 17716506} 
[DBG] seek: preroll{ track: 2, pts: 33312000, fpos: 17945171 skip: 17945171} 
[DBG] 1h: decoder notify need_data=1 frames_countdown=1 now=478297945402
[DBG] resolving 192.168.1.250 ...
[DBG] outgoing request:
GET /stream/2 HTTP/1.1
Host: 192.168.1.250:8093
Accept: */*
Accept-Language: en_US
User-Agent: VLC/4.0.0-dev LibVLC/4.0.0-dev
If-Unmodified-Since: Fri, 17 Jul 2026 19:22:43 GMT
Range: bytes=17716506-


[DBG] incoming response:
HTTP/1.1 206 Partial Content
Accept-Ranges: bytes
Content-Length: 5704534570
Content-Range: bytes 17716506-5722251075/5722251076
Content-Type: video/x-matroska
Last-Modified: Fri, 17 Jul 2026 19:22:43 GMT
Date: Tue, 15 Sep 2026 01:48:59 GMT


[DBG] connection failed
[DBG] seek: preroll{ req: 33317002, start-pts: 33116001, start-fpos: 17716506} 
[DBG] 1h: check2 now=478297957863 control=36 state=PAUSE_S next_frame_need_data=1 old_wakeup=0 -> wakeup=0 wakeup-now=0
[DBG] 1h: wait now=478297957876 state=PAUSE_S es_out_GetBuffering&&!eof(postpone)=1 wakeup=0 deadline-now=0
[DBG] 1h: INPUT_CONTROL_NEED_DATA_FRAME_NEXT 1 -> 1 now=478297957893
[DBG] 1h: check2 now=478297957906 control=35 state=PAUSE_S next_frame_need_data=1 old_wakeup=0 -> wakeup=0 wakeup-now=0
[DBG] 1h: wait now=478297957917 state=PAUSE_S es_out_GetBuffering&&!eof(postpone)=1 wakeup=0 deadline-now=0
[DBG] 1h: INPUT_CONTROL_NEED_DATA_FRAME_NEXT 1 -> 1 now=478297957934
[DBG] 1h: check2 now=478297957946 control=35 state=PAUSE_S next_frame_need_data=1 old_wakeup=0 -> wakeup=0 wakeup-now=0
[DBG] 1h: wait now=478297957957 state=PAUSE_S es_out_GetBuffering&&!eof(postpone)=1 wakeup=0 deadline-now=0
[DBG] 1h: check1 now=478297957974 state=PAUSE_S es_out_GetBuffering=1 b_eof=0 next_frame_need_data=1 -> demux_allowed=1
[DBG] Buffering 0%
9:48:59.411 PM [player] buffering 0.0
[DBG] 1h: decoder notify need_data=1 frames_countdown=1 now=478297982152
[DBG] 1h: demuxed-while-paused now=478297982251 wakeup=0 wakeup-now=0
[DBG] 1h: wait now=478297982325 state=PAUSE_S es_out_GetBuffering&&!eof(postpone)=1 wakeup=0 deadline-now=0
[DBG] 1h: INPUT_CONTROL_NEED_DATA_FRAME_NEXT 1 -> 1 now=478297982381
[DBG] 1h: check2 now=478297982419 control=35 state=PAUSE_S next_frame_need_data=1 old_wakeup=0 -> wakeup=0 wakeup-now=0
[DBG] 1h: wait now=478297982452 state=PAUSE_S es_out_GetBuffering&&!eof(postpone)=1 wakeup=0 deadline-now=0
[DBG] 1h: check1 now=478297982503 state=PAUSE_S es_out_GetBuffering=1 b_eof=0 next_frame_need_data=1 -> demux_allowed=1
[DBG] 1h: decoder notify need_data=1 frames_countdown=1 now=478297983663
[DBG] 1h: demuxed-while-paused now=478297983704 wakeup=0 wakeup-now=0
[DBG] 1h: wait now=478297983777 state=PAUSE_S es_out_GetBuffering&&!eof(postpone)=1 wakeup=0 deadline-now=0
[DBG] 1h: INPUT_CONTROL_NEED_DATA_FRAME_NEXT 1 -> 1 now=478297983834
[DBG] 1h: check2 now=478297983869 control=35 state=PAUSE_S next_frame_need_data=1 old_wakeup=0 -> wakeup=0 wakeup-now=0
[… 13 repetitive 1h lines omitted (full log: 1h-stargate-back-full.log.gz); check1 transitions kept below …]
[DBG] 1h: wait now=478297986180 state=PAUSE_S es_out_GetBuffering&&!eof(postpone)=1 wakeup=0 deadline-now=0
[DBG] 1h: check1 now=478297986250 state=PAUSE_S es_out_GetBuffering=1 b_eof=0 next_frame_need_data=1 -> demux_allowed=1
[DBG] 1h: demuxed-while-paused now=478297987420 wakeup=0 wakeup-now=0
[DBG] 1h: wait now=478297987513 state=PAUSE_S es_out_GetBuffering&&!eof(postpone)=1 wakeup=0 deadline-now=0
[DBG] 1h: check1 now=478297987590 state=PAUSE_S es_out_GetBuffering=1 b_eof=0 next_frame_need_data=1 -> demux_allowed=1
[DBG] 1h: decoder notify need_data=1 frames_countdown=1 now=478297993437
[DBG] 1h: demuxed-while-paused now=478297993507 wakeup=0 wakeup-now=0
[DBG] 1h: wait now=478297994729 state=PAUSE_S es_out_GetBuffering&&!eof(postpone)=1 wakeup=0 deadline-now=0
[DBG] 1h: INPUT_CONTROL_NEED_DATA_FRAME_NEXT 1 -> 1 now=478297994846
[DBG] 1h: check2 now=478297994916 control=35 state=PAUSE_S next_frame_need_data=1 old_wakeup=0 -> wakeup=0 wakeup-now=0
[DBG] 1h: wait now=478297994980 state=PAUSE_S es_out_GetBuffering&&!eof(postpone)=1 wakeup=0 deadline-now=0
[DBG] 1h: check1 now=478297995074 state=PAUSE_S es_out_GetBuffering=1 b_eof=0 next_frame_need_data=1 -> demux_allowed=1
[DBG] Buffering 4%
[DBG] 1h: demuxed-while-paused now=478297995934 wakeup=0 wakeup-now=0
[DBG] 1h: wait now=478297996033 state=PAUSE_S es_out_GetBuffering&&!eof(postpone)=1 wakeup=0 deadline-now=0
[DBG] 1h: check1 now=478297996127 state=PAUSE_S es_out_GetBuffering=1 b_eof=0 next_frame_need_data=1 -> demux_allowed=1
[DBG] 1h: demuxed-while-paused now=478297996243 wakeup=0 wakeup-now=0
[DBG] 1h: wait now=478297996338 state=PAUSE_S es_out_GetBuffering&&!eof(postpone)=1 wakeup=0 deadline-now=0
[DBG] 1h: check1 now=478297996442 state=PAUSE_S es_out_GetBuffering=1 b_eof=0 next_frame_need_data=1 -> demux_allowed=1
[DBG] Buffering 6%
[DBG] 1h: demuxed-while-paused now=478297996845 wakeup=0 wakeup-now=0
[DBG] 1h: wait now=478297996938 state=PAUSE_S es_out_GetBuffering&&!eof(postpone)=1 wakeup=0 deadline-now=0
[DBG] 1h: check1 now=478297997031 state=PAUSE_S es_out_GetBuffering=1 b_eof=0 next_frame_need_data=1 -> demux_allowed=1
[DBG] 1h: demuxed-while-paused now=478297997504 wakeup=0 wakeup-now=0
[DBG] 1h: wait now=478297997588 state=PAUSE_S es_out_GetBuffering&&!eof(postpone)=1 wakeup=0 deadline-now=0
[DBG] 1h: check1 now=478297997660 state=PAUSE_S es_out_GetBuffering=1 b_eof=0 next_frame_need_data=1 -> demux_allowed=1
[DBG] Buffering 9%
[DBG] 1h: demuxed-while-paused now=478297998103 wakeup=0 wakeup-now=0
[DBG] 1h: wait now=478297998173 state=PAUSE_S es_out_GetBuffering&&!eof(postpone)=1 wakeup=0 deadline-now=0
[DBG] 1h: check1 now=478297998242 state=PAUSE_S es_out_GetBuffering=1 b_eof=0 next_frame_need_data=1 -> demux_allowed=1
[DBG] Buffering 13%
[DBG] 1h: demuxed-while-paused now=478297998712 wakeup=0 wakeup-now=0
[DBG] 1h: wait now=478297998782 state=PAUSE_S es_out_GetBuffering&&!eof(postpone)=1 wakeup=0 deadline-now=0
[DBG] 1h: check1 now=478297998850 state=PAUSE_S es_out_GetBuffering=1 b_eof=0 next_frame_need_data=1 -> demux_allowed=1
[DBG] 1h: demuxed-while-paused now=478297998934 wakeup=0 wakeup-now=0
[DBG] 1h: wait now=478297999002 state=PAUSE_S es_out_GetBuffering&&!eof(postpone)=1 wakeup=0 deadline-now=0
[DBG] 1h: check1 now=478297999070 state=PAUSE_S es_out_GetBuffering=1 b_eof=0 next_frame_need_data=1 -> demux_allowed=1
[DBG] 1h: demuxed-while-paused now=478297999266 wakeup=0 wakeup-now=0
[DBG] 1h: wait now=478297999338 state=PAUSE_S es_out_GetBuffering&&!eof(postpone)=1 wakeup=0 deadline-now=0
[DBG] 1h: check1 now=478297999410 state=PAUSE_S es_out_GetBuffering=1 b_eof=0 next_frame_need_data=1 -> demux_allowed=1
[DBG] Buffering 18%
[DBG] 1h: demuxed-while-paused now=478297999876 wakeup=0 wakeup-now=0
[DBG] 1h: wait now=478297999945 state=PAUSE_S es_out_GetBuffering&&!eof(postpone)=1 wakeup=0 deadline-now=0
[DBG] 1h: check1 now=478298000012 state=PAUSE_S es_out_GetBuffering=1 b_eof=0 next_frame_need_data=1 -> demux_allowed=1
[DBG] 1h: demuxed-while-paused now=478298000094 wakeup=0 wakeup-now=0
[DBG] 1h: wait now=478298000162 state=PAUSE_S es_out_GetBuffering&&!eof(postpone)=1 wakeup=0 deadline-now=0
[DBG] 1h: check1 now=478298000228 state=PAUSE_S es_out_GetBuffering=1 b_eof=0 next_frame_need_data=1 -> demux_allowed=1
[DBG] 1h: demuxed-while-paused now=478298001935 wakeup=0 wakeup-now=0
[DBG] 1h: wait now=478298002016 state=PAUSE_S es_out_GetBuffering&&!eof(postpone)=1 wakeup=0 deadline-now=0
[DBG] 1h: check1 now=478298002089 state=PAUSE_S es_out_GetBuffering=1 b_eof=0 next_frame_need_data=1 -> demux_allowed=1
[DBG] Buffering 20%
[DBG] 1h: demuxed-while-paused now=478298002533 wakeup=0 wakeup-now=0
[DBG] 1h: wait now=478298002605 state=PAUSE_S es_out_GetBuffering&&!eof(postpone)=1 wakeup=0 deadline-now=0
[DBG] 1h: check1 now=478298002673 state=PAUSE_S es_out_GetBuffering=1 b_eof=0 next_frame_need_data=1 -> demux_allowed=1
[DBG] Buffering 25%
[DBG] 1h: demuxed-while-paused now=478298003080 wakeup=0 wakeup-now=0
[DBG] 1h: wait now=478298003128 state=PAUSE_S es_out_GetBuffering&&!eof(postpone)=1 wakeup=0 deadline-now=0
[DBG] 1h: check1 now=478298003174 state=PAUSE_S es_out_GetBuffering=1 b_eof=0 next_frame_need_data=1 -> demux_allowed=1
[DBG] 1h: decoder notify need_data=1 frames_countdown=1 now=478298003771
[DBG] Buffering 27%
[DBG] end of video preroll
[DBG] 1h: demuxed-while-paused now=478298004221 wakeup=0 wakeup-now=0
[DBG] 1h: wait now=478298004281 state=PAUSE_S es_out_GetBuffering&&!eof(postpone)=1 wakeup=0 deadline-now=0
[DBG] 1h: INPUT_CONTROL_NEED_DATA_FRAME_NEXT 1 -> 1 now=478298004331
[DBG] 1h: check2 now=478298004364 control=35 state=PAUSE_S next_frame_need_data=1 old_wakeup=0 -> wakeup=0 wakeup-now=0
[DBG] 1h: wait now=478298004397 state=PAUSE_S es_out_GetBuffering&&!eof(postpone)=1 wakeup=0 deadline-now=0
[DBG] 1h: check1 now=478298004446 state=PAUSE_S es_out_GetBuffering=1 b_eof=0 next_frame_need_data=1 -> demux_allowed=1
[DBG] 1h: demuxed-while-paused now=478298004507 wakeup=0 wakeup-now=0
[DBG] 1h: wait now=478298004557 state=PAUSE_S es_out_GetBuffering&&!eof(postpone)=1 wakeup=0 deadline-now=0
[DBG] 1h: check1 now=478298004603 state=PAUSE_S es_out_GetBuffering=1 b_eof=0 next_frame_need_data=1 -> demux_allowed=1
[DBG] 1h: demuxed-while-paused now=478298004697 wakeup=0 wakeup-now=0
[DBG] 1h: wait now=478298004743 state=PAUSE_S es_out_GetBuffering&&!eof(postpone)=1 wakeup=0 deadline-now=0
[DBG] 1h: check1 now=478298004789 state=PAUSE_S es_out_GetBuffering=1 b_eof=0 next_frame_need_data=1 -> demux_allowed=1
[DBG] 1h: demuxed-while-paused now=478298004847 wakeup=0 wakeup-now=0
[DBG] 1h: wait now=478298004894 state=PAUSE_S es_out_GetBuffering&&!eof(postpone)=1 wakeup=0 deadline-now=0
[DBG] 1h: check1 now=478298004938 state=PAUSE_S es_out_GetBuffering=1 b_eof=0 next_frame_need_data=1 -> demux_allowed=1
[DBG] 1h: demuxed-while-paused now=478298005852 wakeup=0 wakeup-now=0
[DBG] 1h: wait now=478298005915 state=PAUSE_S es_out_GetBuffering&&!eof(postpone)=1 wakeup=0 deadline-now=0
[DBG] 1h: check1 now=478298005972 state=PAUSE_S es_out_GetBuffering=1 b_eof=0 next_frame_need_data=1 -> demux_allowed=1
[DBG] Buffering 40%
[DBG] 1h: demuxed-while-paused now=478298006703 wakeup=0 wakeup-now=0
[DBG] 1h: wait now=478298006757 state=PAUSE_S es_out_GetBuffering&&!eof(postpone)=1 wakeup=0 deadline-now=0
[DBG] 1h: check1 now=478298006805 state=PAUSE_S es_out_GetBuffering=1 b_eof=0 next_frame_need_data=1 -> demux_allowed=1
[DBG] 1h: demuxed-while-paused now=478298006945 wakeup=0 wakeup-now=0
[DBG] 1h: wait now=478298006999 state=PAUSE_S es_out_GetBuffering&&!eof(postpone)=1 wakeup=0 deadline-now=0
[DBG] 1h: check1 now=478298007048 state=PAUSE_S es_out_GetBuffering=1 b_eof=0 next_frame_need_data=1 -> demux_allowed=1
[DBG] 1h: decoder notify need_data=1 frames_countdown=1 now=478298007422
[DBG] 1h: demuxed-while-paused now=478298007623 wakeup=0 wakeup-now=0
[DBG] 1h: wait now=478298007675 state=PAUSE_S es_out_GetBuffering&&!eof(postpone)=1 wakeup=0 deadline-now=0
[DBG] 1h: INPUT_CONTROL_NEED_DATA_FRAME_NEXT 1 -> 1 now=478298007720
[DBG] 1h: check2 now=478298007752 control=35 state=PAUSE_S next_frame_need_data=1 old_wakeup=0 -> wakeup=0 wakeup-now=0
[DBG] 1h: wait now=478298007784 state=PAUSE_S es_out_GetBuffering&&!eof(postpone)=1 wakeup=0 deadline-now=0
[DBG] 1h: check1 now=478298007830 state=PAUSE_S es_out_GetBuffering=1 b_eof=0 next_frame_need_data=1 -> demux_allowed=1
[DBG] 1h: demuxed-while-paused now=478298007890 wakeup=0 wakeup-now=0
[DBG] 1h: wait now=478298007938 state=PAUSE_S es_out_GetBuffering&&!eof(postpone)=1 wakeup=0 deadline-now=0
[DBG] 1h: check1 now=478298007984 state=PAUSE_S es_out_GetBuffering=1 b_eof=0 next_frame_need_data=1 -> demux_allowed=1
[DBG] 1h: demuxed-while-paused now=478298008133 wakeup=0 wakeup-now=0
[DBG] 1h: wait now=478298008184 state=PAUSE_S es_out_GetBuffering&&!eof(postpone)=1 wakeup=0 deadline-now=0
[DBG] 1h: check1 now=478298008230 state=PAUSE_S es_out_GetBuffering=1 b_eof=0 next_frame_need_data=1 -> demux_allowed=1
[DBG] 1h: demuxed-while-paused now=478298008614 wakeup=0 wakeup-now=0
[DBG] 1h: wait now=478298008721 state=PAUSE_S es_out_GetBuffering&&!eof(postpone)=1 wakeup=0 deadline-now=0
[DBG] 1h: check1 now=478298008777 state=PAUSE_S es_out_GetBuffering=1 b_eof=0 next_frame_need_data=1 -> demux_allowed=1
[DBG] Buffering 45%
[DBG] 1h: demuxed-while-paused now=478298009174 wakeup=0 wakeup-now=0
[DBG] 1h: wait now=478298009230 state=PAUSE_S es_out_GetBuffering&&!eof(postpone)=1 wakeup=0 deadline-now=0
[DBG] 1h: check1 now=478298009288 state=PAUSE_S es_out_GetBuffering=1 b_eof=0 next_frame_need_data=1 -> demux_allowed=1
[DBG] Buffering 48%
[DBG] 1h: demuxed-while-paused now=478298009615 wakeup=0 wakeup-now=0
[DBG] 1h: wait now=478298009664 state=PAUSE_S es_out_GetBuffering&&!eof(postpone)=1 wakeup=0 deadline-now=0
[DBG] 1h: check1 now=478298009710 state=PAUSE_S es_out_GetBuffering=1 b_eof=0 next_frame_need_data=1 -> demux_allowed=1
[DBG] 1h: demuxed-while-paused now=478298009895 wakeup=0 wakeup-now=0
[DBG] 1h: wait now=478298009944 state=PAUSE_S es_out_GetBuffering&&!eof(postpone)=1 wakeup=0 deadline-now=0
[DBG] 1h: check1 now=478298009991 state=PAUSE_S es_out_GetBuffering=1 b_eof=0 next_frame_need_data=1 -> demux_allowed=1
9:48:59.439 PM [framestep] previousFrameStepped result=0 time=33417 ms
[DBG] 1h: demuxed-while-paused now=478298010765 wakeup=0 wakeup-now=0
[DBG] 1h: decoder notify need_data=1 frames_countdown=1 now=478298010826
[DBG] 1h: wait now=478298010833 state=PAUSE_S es_out_GetBuffering&&!eof(postpone)=1 wakeup=0 deadline-now=0
[DBG] 1h: INPUT_CONTROL_NEED_DATA_FRAME_NEXT 1 -> 1 now=478298010954
[DBG] 1h: check2 now=478298010994 control=35 state=PAUSE_S next_frame_need_data=1 old_wakeup=0 -> wakeup=0 wakeup-now=0
[DBG] 1h: wait now=478298011022 state=PAUSE_S es_out_GetBuffering&&!eof(postpone)=1 wakeup=0 deadline-now=0
[DBG] 1h: check1 now=478298011061 state=PAUSE_S es_out_GetBuffering=1 b_eof=0 next_frame_need_data=1 -> demux_allowed=1
[DBG] Buffering 51%
[DBG] 1h: decoder notify need_data=1 frames_countdown=1 now=478298011297
[DBG] 1h: demuxed-while-paused now=478298011315 wakeup=0 wakeup-now=0
[DBG] 1h: wait now=478298011374 state=PAUSE_S es_out_GetBuffering&&!eof(postpone)=1 wakeup=0 deadline-now=0
[DBG] 1h: INPUT_CONTROL_NEED_DATA_FRAME_NEXT 1 -> 1 now=478298011409
[DBG] 1h: check2 now=478298011433 control=35 state=PAUSE_S next_frame_need_data=1 old_wakeup=0 -> wakeup=0 wakeup-now=0
[DBG] 1h: wait now=478298011457 state=PAUSE_S es_out_GetBuffering&&!eof(postpone)=1 wakeup=0 deadline-now=0
[DBG] 1h: check1 now=478298011492 state=PAUSE_S es_out_GetBuffering=1 b_eof=0 next_frame_need_data=1 -> demux_allowed=1
[DBG] Buffering 55%
[DBG] 1h: demuxed-while-paused now=478298011746 wakeup=0 wakeup-now=0
[DBG] 1h: wait now=478298011785 state=PAUSE_S es_out_GetBuffering&&!eof(postpone)=1 wakeup=0 deadline-now=0
[DBG] 1h: check1 now=478298011821 state=PAUSE_S es_out_GetBuffering=1 b_eof=0 next_frame_need_data=1 -> demux_allowed=1
[DBG] 1h: demuxed-while-paused now=478298011866 wakeup=0 wakeup-now=0
[DBG] 1h: wait now=478298011901 state=PAUSE_S es_out_GetBuffering&&!eof(postpone)=1 wakeup=0 deadline-now=0
[DBG] 1h: check1 now=478298011937 state=PAUSE_S es_out_GetBuffering=1 b_eof=0 next_frame_need_data=1 -> demux_allowed=1
[DBG] 1h: demuxed-while-paused now=478298012062 wakeup=0 wakeup-now=0
[DBG] 1h: wait now=478298012101 state=PAUSE_S es_out_GetBuffering&&!eof(postpone)=1 wakeup=0 deadline-now=0
[DBG] 1h: check1 now=478298012137 state=PAUSE_S es_out_GetBuffering=1 b_eof=0 next_frame_need_data=1 -> demux_allowed=1
[DBG] 1h: decoder notify need_data=1 frames_countdown=1 now=478298012198
[DBG] Buffering 59%
[DBG] 1h: decoder notify need_data=1 frames_countdown=1 now=478298012755
[DBG] 1h: demuxed-while-paused now=478298012775 wakeup=0 wakeup-now=0
[DBG] 1h: wait now=478298012847 state=PAUSE_S es_out_GetBuffering&&!eof(postpone)=1 wakeup=0 deadline-now=0
[DBG] 1h: INPUT_CONTROL_NEED_DATA_FRAME_NEXT 1 -> 1 now=478298012884
[DBG] 1h: check2 now=478298012909 control=35 state=PAUSE_S next_frame_need_data=1 old_wakeup=0 -> wakeup=0 wakeup-now=0
[DBG] 1h: wait now=478298012933 state=PAUSE_S es_out_GetBuffering&&!eof(postpone)=1 wakeup=0 deadline-now=0
[DBG] 1h: INPUT_CONTROL_NEED_DATA_FRAME_NEXT 1 -> 1 now=478298012967
[DBG] 1h: check2 now=478298013045 control=35 state=PAUSE_S next_frame_need_data=1 old_wakeup=0 -> wakeup=0 wakeup-now=0
[DBG] 1h: wait now=478298013105 state=PAUSE_S es_out_GetBuffering&&!eof(postpone)=1 wakeup=0 deadline-now=0
[DBG] 1h: check1 now=478298013146 state=PAUSE_S es_out_GetBuffering=1 b_eof=0 next_frame_need_data=1 -> demux_allowed=1
[DBG] Buffering 62%
[DBG] 1h: decoder notify need_data=1 frames_countdown=1 now=478298013442
[DBG] 1h: demuxed-while-paused now=478298013467 wakeup=0 wakeup-now=0
[DBG] 1h: wait now=478298013508 state=PAUSE_S es_out_GetBuffering&&!eof(postpone)=1 wakeup=0 deadline-now=0
[DBG] 1h: INPUT_CONTROL_NEED_DATA_FRAME_NEXT 1 -> 1 now=478298013544
[DBG] 1h: check2 now=478298013569 control=35 state=PAUSE_S next_frame_need_data=1 old_wakeup=0 -> wakeup=0 wakeup-now=0
[DBG] 1h: wait now=478298013593 state=PAUSE_S es_out_GetBuffering&&!eof(postpone)=1 wakeup=0 deadline-now=0
[DBG] 1h: check1 now=478298013628 state=PAUSE_S es_out_GetBuffering=1 b_eof=0 next_frame_need_data=1 -> demux_allowed=1
[DBG] Buffering 64%
[DBG] 1h: demuxed-while-paused now=478298013910 wakeup=0 wakeup-now=0
[DBG] 1h: wait now=478298013990 state=PAUSE_S es_out_GetBuffering&&!eof(postpone)=1 wakeup=0 deadline-now=0
[DBG] 1h: check1 now=478298014037 state=PAUSE_S es_out_GetBuffering=1 b_eof=0 next_frame_need_data=1 -> demux_allowed=1
[DBG] Buffering 66%
[DBG] 1h: demuxed-while-paused now=478298014200 wakeup=0 wakeup-now=0
[DBG] 1h: wait now=478298014238 state=PAUSE_S es_out_GetBuffering&&!eof(postpone)=1 wakeup=0 deadline-now=0
[DBG] 1h: check1 now=478298014274 state=PAUSE_S es_out_GetBuffering=1 b_eof=0 next_frame_need_data=1 -> demux_allowed=1
[DBG] 1h: decoder notify need_data=1 frames_countdown=1 now=478298014369
[DBG] 1h: demuxed-while-paused now=478298014392 wakeup=0 wakeup-now=0
[DBG] 1h: wait now=478298014446 state=PAUSE_S es_out_GetBuffering&&!eof(postpone)=1 wakeup=0 deadline-now=0
[DBG] 1h: INPUT_CONTROL_NEED_DATA_FRAME_NEXT 1 -> 1 now=478298014480
[DBG] 1h: check2 now=478298014505 control=35 state=PAUSE_S next_frame_need_data=1 old_wakeup=0 -> wakeup=0 wakeup-now=0
[DBG] 1h: wait now=478298014528 state=PAUSE_S es_out_GetBuffering&&!eof(postpone)=1 wakeup=0 deadline-now=0
[DBG] 1h: check1 now=478298014562 state=PAUSE_S es_out_GetBuffering=1 b_eof=0 next_frame_need_data=1 -> demux_allowed=1
[DBG] Buffering 69%
[DBG] 1h: demuxed-while-paused now=478298014805 wakeup=0 wakeup-now=0
[DBG] 1h: wait now=478298014881 state=PAUSE_S es_out_GetBuffering&&!eof(postpone)=1 wakeup=0 deadline-now=0
[DBG] 1h: check1 now=478298014924 state=PAUSE_S es_out_GetBuffering=1 b_eof=0 next_frame_need_data=1 -> demux_allowed=1
[DBG] 1h: demuxed-while-paused now=478298014972 wakeup=0 wakeup-now=0
[DBG] 1h: wait now=478298015010 state=PAUSE_S es_out_GetBuffering&&!eof(postpone)=1 wakeup=0 deadline-now=0
[DBG] 1h: check1 now=478298015049 state=PAUSE_S es_out_GetBuffering=1 b_eof=0 next_frame_need_data=1 -> demux_allowed=1
[DBG] 1h: demuxed-while-paused now=478298015119 wakeup=0 wakeup-now=0
[DBG] 1h: wait now=478298015156 state=PAUSE_S es_out_GetBuffering&&!eof(postpone)=1 wakeup=0 deadline-now=0
[DBG] 1h: check1 now=478298015190 state=PAUSE_S es_out_GetBuffering=1 b_eof=0 next_frame_need_data=1 -> demux_allowed=1
[DBG] 1h: demuxed-while-paused now=478298015242 wakeup=0 wakeup-now=0
[DBG] 1h: wait now=478298015279 state=PAUSE_S es_out_GetBuffering&&!eof(postpone)=1 wakeup=0 deadline-now=0
[DBG] 1h: check1 now=478298015314 state=PAUSE_S es_out_GetBuffering=1 b_eof=0 next_frame_need_data=1 -> demux_allowed=1
[DBG] 1h: decoder notify need_data=1 frames_countdown=1 now=478298016104
[DBG] 1h: demuxed-while-paused now=478298016132 wakeup=0 wakeup-now=0
[DBG] 1h: wait now=478298016174 state=PAUSE_S es_out_GetBuffering&&!eof(postpone)=1 wakeup=0 deadline-now=0
[DBG] 1h: INPUT_CONTROL_NEED_DATA_FRAME_NEXT 1 -> 1 now=478298016209
[DBG] 1h: check2 now=478298016234 control=35 state=PAUSE_S next_frame_need_data=1 old_wakeup=0 -> wakeup=0 wakeup-now=0
[DBG] 1h: wait now=478298016258 state=PAUSE_S es_out_GetBuffering&&!eof(postpone)=1 wakeup=0 deadline-now=0
[DBG] 1h: check1 now=478298016293 state=PAUSE_S es_out_GetBuffering=1 b_eof=0 next_frame_need_data=1 -> demux_allowed=1
[DBG] Buffering 82%
[DBG] 1h: decoder notify need_data=1 frames_countdown=1 now=478298018427
[DBG] 1h: demuxed-while-paused now=478298018447 wakeup=0 wakeup-now=0
[DBG] 1h: wait now=478298018509 state=PAUSE_S es_out_GetBuffering&&!eof(postpone)=1 wakeup=0 deadline-now=0
[DBG] 1h: INPUT_CONTROL_NEED_DATA_FRAME_NEXT 1 -> 1 now=478298018545
[DBG] 1h: check2 now=478298018569 control=35 state=PAUSE_S next_frame_need_data=1 old_wakeup=0 -> wakeup=0 wakeup-now=0
[DBG] 1h: wait now=478298018593 state=PAUSE_S es_out_GetBuffering&&!eof(postpone)=1 wakeup=0 deadline-now=0
[DBG] 1h: check1 now=478298018629 state=PAUSE_S es_out_GetBuffering=1 b_eof=0 next_frame_need_data=1 -> demux_allowed=1
[DBG] 1h: decoder notify need_data=1 frames_countdown=1 now=478298018719
[DBG] 1h: demuxed-while-paused now=478298018742 wakeup=0 wakeup-now=0
[DBG] 1h: wait now=478298018782 state=PAUSE_S es_out_GetBuffering&&!eof(postpone)=1 wakeup=0 deadline-now=0
[DBG] 1h: INPUT_CONTROL_NEED_DATA_FRAME_NEXT 1 -> 1 now=478298018816
[DBG] 1h: check2 now=478298018841 control=35 state=PAUSE_S next_frame_need_data=1 old_wakeup=0 -> wakeup=0 wakeup-now=0
[… 10 repetitive 1h lines omitted (full log: 1h-stargate-back-full.log.gz); check1 transitions kept below …]
[DBG] 1h: wait now=478298019400 state=PAUSE_S es_out_GetBuffering&&!eof(postpone)=1 wakeup=0 deadline-now=0
[DBG] 1h: INPUT_CONTROL_NEED_DATA_FRAME_NEXT 1 -> 1 now=478298019434
[DBG] 1h: check2 now=478298019457 control=35 state=PAUSE_S next_frame_need_data=1 old_wakeup=0 -> wakeup=0 wakeup-now=0
[DBG] 1h: wait now=478298019480 state=PAUSE_S es_out_GetBuffering&&!eof(postpone)=1 wakeup=0 deadline-now=0
[DBG] 1h: check1 now=478298019514 state=PAUSE_S es_out_GetBuffering=1 b_eof=0 next_frame_need_data=1 -> demux_allowed=1
[DBG] 1h: decoder notify need_data=1 frames_countdown=1 now=478298021112
[DBG] 1h: demuxed-while-paused now=478298021133 wakeup=0 wakeup-now=0
[DBG] 1h: wait now=478298021228 state=PAUSE_S es_out_GetBuffering&&!eof(postpone)=1 wakeup=0 deadline-now=0
[DBG] 1h: INPUT_CONTROL_NEED_DATA_FRAME_NEXT 1 -> 1 now=478298021270
[DBG] 1h: check2 now=478298021296 control=35 state=PAUSE_S next_frame_need_data=1 old_wakeup=0 -> wakeup=0 wakeup-now=0
[DBG] 1h: wait now=478298021321 state=PAUSE_S es_out_GetBuffering&&!eof(postpone)=1 wakeup=0 deadline-now=0
[DBG] 1h: check1 now=478298021357 state=PAUSE_S es_out_GetBuffering=1 b_eof=0 next_frame_need_data=1 -> demux_allowed=1
[DBG] Buffering 87%
[DBG] 1h: decoder notify need_data=1 frames_countdown=1 now=478298021558
[DBG] 1h: demuxed-while-paused now=478298021585 wakeup=0 wakeup-now=0
[DBG] 1h: wait now=478298021622 state=PAUSE_S es_out_GetBuffering&&!eof(postpone)=1 wakeup=0 deadline-now=0
[DBG] 1h: INPUT_CONTROL_NEED_DATA_FRAME_NEXT 1 -> 1 now=478298021655
[DBG] 1h: check2 now=478298021681 control=35 state=PAUSE_S next_frame_need_data=1 old_wakeup=0 -> wakeup=0 wakeup-now=0
[DBG] 1h: wait now=478298021704 state=PAUSE_S es_out_GetBuffering&&!eof(postpone)=1 wakeup=0 deadline-now=0
[DBG] 1h: check1 now=478298021738 state=PAUSE_S es_out_GetBuffering=1 b_eof=0 next_frame_need_data=1 -> demux_allowed=1
[DBG] Buffering 90%
[DBG] 1h: demuxed-while-paused now=478298021964 wakeup=0 wakeup-now=0
[DBG] 1h: wait now=478298021999 state=PAUSE_S es_out_GetBuffering&&!eof(postpone)=1 wakeup=0 deadline-now=0
[DBG] 1h: check1 now=478298022034 state=PAUSE_S es_out_GetBuffering=1 b_eof=0 next_frame_need_data=1 -> demux_allowed=1
[DBG] 1h: demuxed-while-paused now=478298022077 wakeup=0 wakeup-now=0
[DBG] 1h: wait now=478298022118 state=PAUSE_S es_out_GetBuffering&&!eof(postpone)=1 wakeup=0 deadline-now=0
[DBG] 1h: check1 now=478298022157 state=PAUSE_S es_out_GetBuffering=1 b_eof=0 next_frame_need_data=1 -> demux_allowed=1
[DBG] 1h: decoder notify need_data=1 frames_countdown=1 now=478298022256
[DBG] 1h: demuxed-while-paused now=478298022275 wakeup=0 wakeup-now=0
[DBG] 1h: wait now=478298022345 state=PAUSE_S es_out_GetBuffering&&!eof(postpone)=1 wakeup=0 deadline-now=0
[DBG] 1h: INPUT_CONTROL_NEED_DATA_FRAME_NEXT 1 -> 1 now=478298022389
[DBG] 1h: check2 now=478298022415 control=35 state=PAUSE_S next_frame_need_data=1 old_wakeup=0 -> wakeup=0 wakeup-now=0
[DBG] 1h: wait now=478298022440 state=PAUSE_S es_out_GetBuffering&&!eof(postpone)=1 wakeup=0 deadline-now=0
[DBG] 1h: check1 now=478298022478 state=PAUSE_S es_out_GetBuffering=1 b_eof=0 next_frame_need_data=1 -> demux_allowed=1
[DBG] Buffering 93%
[DBG] 1h: decoder notify need_data=1 frames_countdown=1 now=478298022691
[DBG] 1h: demuxed-while-paused now=478298022716 wakeup=0 wakeup-now=0
[DBG] 1h: wait now=478298022754 state=PAUSE_S es_out_GetBuffering&&!eof(postpone)=1 wakeup=0 deadline-now=0
[DBG] 1h: INPUT_CONTROL_NEED_DATA_FRAME_NEXT 1 -> 1 now=478298022787
[DBG] 1h: check2 now=478298022813 control=35 state=PAUSE_S next_frame_need_data=1 old_wakeup=0 -> wakeup=0 wakeup-now=0
[DBG] 1h: wait now=478298022836 state=PAUSE_S es_out_GetBuffering&&!eof(postpone)=1 wakeup=0 deadline-now=0
[DBG] 1h: check1 now=478298022871 state=PAUSE_S es_out_GetBuffering=1 b_eof=0 next_frame_need_data=1 -> demux_allowed=1
[DBG] Buffering 97%
[DBG] 1h: decoder notify need_data=1 frames_countdown=1 now=478298023061
[DBG] 1h: demuxed-while-paused now=478298023087 wakeup=0 wakeup-now=0
[DBG] 1h: wait now=478298023124 state=PAUSE_S es_out_GetBuffering&&!eof(postpone)=1 wakeup=0 deadline-now=0
[DBG] 1h: INPUT_CONTROL_NEED_DATA_FRAME_NEXT 1 -> 1 now=478298023157
[DBG] 1h: check2 now=478298023181 control=35 state=PAUSE_S next_frame_need_data=1 old_wakeup=0 -> wakeup=0 wakeup-now=0
[DBG] 1h: wait now=478298023204 state=PAUSE_S es_out_GetBuffering&&!eof(postpone)=1 wakeup=0 deadline-now=0
[DBG] 1h: check1 now=478298023244 state=PAUSE_S es_out_GetBuffering=1 b_eof=0 next_frame_need_data=1 -> demux_allowed=1
[DBG] Buffering 98%
[DBG] 1h: demuxed-while-paused now=478298023505 wakeup=0 wakeup-now=0
[DBG] 1h: wait now=478298023575 state=PAUSE_S es_out_GetBuffering&&!eof(postpone)=1 wakeup=0 deadline-now=0
[DBG] 1h: check1 now=478298023617 state=PAUSE_S es_out_GetBuffering=1 b_eof=0 next_frame_need_data=1 -> demux_allowed=1
[DBG] Stream buffering done (1218 ms in 41 ms)
[DBG] Decoder wait done in 0 ms
9:48:59.452 PM [player] buffering 1.0
[DBG] 1g: es_out stop_buffering now=478298023813 paused=1 pause_date=478204561297 current_date=478204561297 buffering_duration=1201002 update=478203360295 stream_start=33116000
[WARN] 1g: main_reset now=478298023896 paused=1 pause_date=0 first_pcr.system=478203327295 last.system=0
[WARN] 1g: main_reset now=478298024030 paused=1 pause_date=0 first_pcr.system=0 last.system=0
[WARN] 1g: set_first_pcr now=478298024083 system=478203360295 ts=33116000 paused=1 pause_date=0
[DBG] 1h: demuxed-while-paused now=478298024161 wakeup=478204478296 wakeup-now=-93545865
[DBG] 1h: wait now=478298024206 state=PAUSE_S es_out_GetBuffering&&!eof(postpone)=0 wakeup=478204478296 deadline-now=-93545910
[DBG] 1h: check1 now=478298024241 state=PAUSE_S es_out_GetBuffering=0 b_eof=0 next_frame_need_data=1 -> demux_allowed=1
[DBG] 1h: decoder notify need_data=1 frames_countdown=1 now=478298024342
[DBG] 1h: demuxed-while-paused now=478298024376 wakeup=478204478296 wakeup-now=-93546080
[DBG] 1h: wait now=478298024413 state=PAUSE_S es_out_GetBuffering&&!eof(postpone)=0 wakeup=478204478296 deadline-now=-93546117
[DBG] 1h: INPUT_CONTROL_NEED_DATA_FRAME_NEXT 1 -> 1 now=478298024443
[DBG] 1h: check2 now=478298024466 control=35 state=PAUSE_S next_frame_need_data=1 old_wakeup=478204478296 -> wakeup=0 wakeup-now=0
[DBG] 1h: wait now=478298024496 state=PAUSE_S es_out_GetBuffering&&!eof(postpone)=0 wakeup=0 deadline-now=0
[DBG] 1h: check1 now=478298024526 state=PAUSE_S es_out_GetBuffering=0 b_eof=0 next_frame_need_data=1 -> demux_allowed=1
[DBG] 1h: decoder notify need_data=1 frames_countdown=1 now=478298024692
[DBG] 1h: demuxed-while-paused now=478298024715 wakeup=478204511662 wakeup-now=-93513053
[… 4586 repetitive 1h lines omitted (full log: 1h-stargate-back-full.log.gz); check1 transitions kept below …]
[DBG] 1h: wait now=478298368706 state=PAUSE_S es_out_GetBuffering&&!eof(postpone)=0 wakeup=0 deadline-now=0
[DBG] 1h: INPUT_CONTROL_NEED_DATA_FRAME_NEXT 1 -> 1 now=478298368724
[DBG] 1h: check2 now=478298368738 control=35 state=PAUSE_S next_frame_need_data=1 old_wakeup=0 -> wakeup=0 wakeup-now=0
[DBG] 1h: wait now=478298368752 state=PAUSE_S es_out_GetBuffering&&!eof(postpone)=0 wakeup=0 deadline-now=0
[DBG] 1h: check1 now=478298368770 state=PAUSE_S es_out_GetBuffering=0 b_eof=0 next_frame_need_data=1 -> demux_allowed=1
[DBG] 1h: demuxed-while-paused now=478298370815 wakeup=478223831295 wakeup-now=-74539520
[DBG] 1h: decoder notify need_data=1 frames_countdown=1 now=478298370823
[DBG] 1h: wait now=478298370844 state=PAUSE_S es_out_GetBuffering&&!eof(postpone)=0 wakeup=478223831295 deadline-now=-74539549
[DBG] 1h: INPUT_CONTROL_NEED_DATA_FRAME_NEXT 1 -> 1 now=478298370875
[DBG] 1h: check2 now=478298370891 control=35 state=PAUSE_S next_frame_need_data=1 old_wakeup=478223831295 -> wakeup=0 wakeup-now=0
[DBG] 1h: wait now=478298370913 state=PAUSE_S es_out_GetBuffering&&!eof(postpone)=0 wakeup=0 deadline-now=0
[DBG] 1h: check1 now=478298370953 state=PAUSE_S es_out_GetBuffering=0 b_eof=0 next_frame_need_data=1 -> demux_allowed=1
9:48:59.800 PM [framestep] −1 after(400 ms)=33367 ms
[DBG] 1h: demuxed-while-paused now=478298371090 wakeup=478223864295 wakeup-now=-74506795
[DBG] 1h: wait now=478298371127 state=PAUSE_S es_out_GetBuffering&&!eof(postpone)=0 wakeup=478223864295 deadline-now=-74506832
[DBG] 1h: check1 now=478298371147 state=PAUSE_S es_out_GetBuffering=0 b_eof=0 next_frame_need_data=1 -> demux_allowed=1
[DBG] 1h: demuxed-while-paused now=478298371244 wakeup=478223864295 wakeup-now=-74506949
[DBG] 1h: wait now=478298371267 state=PAUSE_S es_out_GetBuffering&&!eof(postpone)=0 wakeup=478223864295 deadline-now=-74506972
[DBG] 1h: check1 now=478298371286 state=PAUSE_S es_out_GetBuffering=0 b_eof=0 next_frame_need_data=1 -> demux_allowed=1
[DBG] 1h: demuxed-while-paused now=478298371376 wakeup=478223864295 wakeup-now=-74507081
[DBG] 1h: decoder notify need_data=1 frames_countdown=1 now=478298371384
[DBG] 1h: wait now=478298371400 state=PAUSE_S es_out_GetBuffering&&!eof(postpone)=0 wakeup=478223864295 deadline-now=-74507105
[DBG] 1h: INPUT_CONTROL_NEED_DATA_FRAME_NEXT 1 -> 1 now=478298371478
[DBG] 1h: check2 now=478298371493 control=35 state=PAUSE_S next_frame_need_data=1 old_wakeup=478223864295 -> wakeup=0 wakeup-now=0
[DBG] 1h: wait now=478298371510 state=PAUSE_S es_out_GetBuffering&&!eof(postpone)=0 wakeup=0 deadline-now=0
[… 18757 repetitive 1h lines omitted (full log: 1h-stargate-back-full.log.gz); check1 transitions kept below …]
[DBG] 1h: demuxed-while-paused now=478302150287 wakeup=478302159295 wakeup-now=9008
[DBG] 1h: wait now=478302150463 state=PAUSE_S es_out_GetBuffering&&!eof(postpone)=0 wakeup=478302159295 deadline-now=8832
[DBG] 1h: check1 now=478302161556 state=PAUSE_S es_out_GetBuffering=0 b_eof=0 next_frame_need_data=1 -> demux_allowed=1
[DBG] 1h: demuxed-while-paused now=478302161874 wakeup=478302159295 wakeup-now=-2579
[DBG] 1h: decoder notify need_data=1 frames_countdown=1 now=478302162283
[DBG] 1h: wait now=478302162341 state=PAUSE_S es_out_GetBuffering&&!eof(postpone)=0 wakeup=478302159295 deadline-now=-3046
[DBG] 1h: INPUT_CONTROL_NEED_DATA_FRAME_NEXT 1 -> 1 now=478302162699
[DBG] 1h: check2 now=478302162740 control=35 state=PAUSE_S next_frame_need_data=1 old_wakeup=478302159295 -> wakeup=0 wakeup-now=0
[DBG] 1h: wait now=478302162773 state=PAUSE_S es_out_GetBuffering&&!eof(postpone)=0 wakeup=0 deadline-now=0
[DBG] 1h: check1 now=478302162812 state=PAUSE_S es_out_GetBuffering=0 b_eof=0 next_frame_need_data=1 -> demux_allowed=1
[DBG] 1h: demuxed-while-paused now=478302163043 wakeup=478302193295 wakeup-now=30252
[DBG] 1h: wait now=478302163089 state=PAUSE_S es_out_GetBuffering&&!eof(postpone)=0 wakeup=478302193295 deadline-now=30206
9:49:03.608 PM [framestep] −1 gotoPreviousFrame before=33367 ms
[DBG] 1h: check2 now=478302186209 control=34 state=PAUSE_S next_frame_need_data=1 old_wakeup=478302193295 -> wakeup=0 wakeup-now=0
[DBG] 1h: wait now=478302186711 state=PAUSE_S es_out_GetBuffering&&!eof(postpone)=0 wakeup=0 deadline-now=0
[DBG] 1g: input seek_frame_previous now=478302186782 pts=33367001 steps=3 failed=0 enabled=1
[DBG] 1g: es_out RESET_PCR_FRAME_PREV duration=266664 now=478302186832 paused=1 pause_date=478204561297
[DBG] 1g: es_out change_position now=478302186882 paused=1 pause_date=478204561297 buffering=0 next_frame_es=0
9:49:03.616 PM [player] buffering 0.0
[DBG] 1h: decoder notify need_data=1 frames_countdown=1 now=478302188077
[DBG] SET_TIME to 33267001
[DBG] seek request to i_pos = 33267001
[DBG] seek: preroll{ track: 1, pts: 33116000, fpos: 17716506 skip: 17716506} 
[DBG] seek: preroll{ track: 2, pts: 33216000, fpos: 17895974 skip: 17895974} 
[DBG] 1h: decoder notify need_data=1 frames_countdown=1 now=478302197351
[DBG] resolving 192.168.1.250 ...
[DBG] outgoing request:
GET /stream/2 HTTP/1.1
Host: 192.168.1.250:8093
Accept: */*
Accept-Language: en_US
User-Agent: VLC/4.0.0-dev LibVLC/4.0.0-dev
If-Unmodified-Since: Fri, 17 Jul 2026 19:22:43 GMT
Range: bytes=17716506-


[DBG] incoming response:
HTTP/1.1 206 Partial Content
Accept-Ranges: bytes
Content-Length: 5704534570
Content-Range: bytes 17716506-5722251075/5722251076
Content-Type: video/x-matroska
Last-Modified: Fri, 17 Jul 2026 19:22:43 GMT
Date: Tue, 15 Sep 2026 01:49:03 GMT


[DBG] connection failed
[DBG] seek: preroll{ req: 33267002, start-pts: 33116001, start-fpos: 17716506} 
[DBG] 1h: check2 now=478302210901 control=36 state=PAUSE_S next_frame_need_data=1 old_wakeup=0 -> wakeup=0 wakeup-now=0
[DBG] 1h: wait now=478302210949 state=PAUSE_S es_out_GetBuffering&&!eof(postpone)=1 wakeup=0 deadline-now=0
[DBG] 1h: INPUT_CONTROL_NEED_DATA_FRAME_NEXT 1 -> 1 now=478302210991
[DBG] 1h: check2 now=478302211024 control=35 state=PAUSE_S next_frame_need_data=1 old_wakeup=0 -> wakeup=0 wakeup-now=0
[DBG] 1h: wait now=478302211051 state=PAUSE_S es_out_GetBuffering&&!eof(postpone)=1 wakeup=0 deadline-now=0
[DBG] 1h: INPUT_CONTROL_NEED_DATA_FRAME_NEXT 1 -> 1 now=478302211090
[DBG] 1h: check2 now=478302211122 control=35 state=PAUSE_S next_frame_need_data=1 old_wakeup=0 -> wakeup=0 wakeup-now=0
[DBG] 1h: wait now=478302211147 state=PAUSE_S es_out_GetBuffering&&!eof(postpone)=1 wakeup=0 deadline-now=0
[DBG] 1h: check1 now=478302211186 state=PAUSE_S es_out_GetBuffering=1 b_eof=0 next_frame_need_data=1 -> demux_allowed=1
[DBG] Buffering 0%
9:49:03.652 PM [player] buffering 0.0
[DBG] 1h: decoder notify need_data=1 frames_countdown=1 now=478302223588
[DBG] 1h: demuxed-while-paused now=478302223663 wakeup=0 wakeup-now=0
[DBG] 1h: wait now=478302223731 state=PAUSE_S es_out_GetBuffering&&!eof(postpone)=1 wakeup=0 deadline-now=0
[DBG] 1h: INPUT_CONTROL_NEED_DATA_FRAME_NEXT 1 -> 1 now=478302223789
[DBG] 1h: check2 now=478302223826 control=35 state=PAUSE_S next_frame_need_data=1 old_wakeup=0 -> wakeup=0 wakeup-now=0
[DBG] 1h: wait now=478302223862 state=PAUSE_S es_out_GetBuffering&&!eof(postpone)=1 wakeup=0 deadline-now=0
[DBG] 1h: check1 now=478302223912 state=PAUSE_S es_out_GetBuffering=1 b_eof=0 next_frame_need_data=1 -> demux_allowed=1
[DBG] 1h: decoder notify need_data=1 frames_countdown=1 now=478302224166
[DBG] 1h: demuxed-while-paused now=478302224205 wakeup=0 wakeup-now=0
[DBG] 1h: wait now=478302224321 state=PAUSE_S es_out_GetBuffering&&!eof(postpone)=1 wakeup=0 deadline-now=0
[DBG] 1h: INPUT_CONTROL_NEED_DATA_FRAME_NEXT 1 -> 1 now=478302224378
[DBG] 1h: check2 now=478302224415 control=35 state=PAUSE_S next_frame_need_data=1 old_wakeup=0 -> wakeup=0 wakeup-now=0
[… 17 repetitive 1h lines omitted (full log: 1h-stargate-back-full.log.gz); check1 transitions kept below …]
[DBG] 1h: wait now=478302232882 state=PAUSE_S es_out_GetBuffering&&!eof(postpone)=1 wakeup=0 deadline-now=0
[DBG] 1h: INPUT_CONTROL_NEED_DATA_FRAME_NEXT 1 -> 1 now=478302232934
[DBG] 1h: check2 now=478302232968 control=35 state=PAUSE_S next_frame_need_data=1 old_wakeup=0 -> wakeup=0 wakeup-now=0
[DBG] 1h: wait now=478302233003 state=PAUSE_S es_out_GetBuffering&&!eof(postpone)=1 wakeup=0 deadline-now=0
[DBG] 1h: check1 now=478302233052 state=PAUSE_S es_out_GetBuffering=1 b_eof=0 next_frame_need_data=1 -> demux_allowed=1
[DBG] 1h: decoder notify need_data=1 frames_countdown=1 now=478302233170
[DBG] 1h: demuxed-while-paused now=478302233204 wakeup=0 wakeup-now=0
[DBG] 1h: wait now=478302233303 state=PAUSE_S es_out_GetBuffering&&!eof(postpone)=1 wakeup=0 deadline-now=0
[DBG] 1h: INPUT_CONTROL_NEED_DATA_FRAME_NEXT 1 -> 1 now=478302233357
[DBG] 1h: check2 now=478302233393 control=35 state=PAUSE_S next_frame_need_data=1 old_wakeup=0 -> wakeup=0 wakeup-now=0
[DBG] 1h: wait now=478302233429 state=PAUSE_S es_out_GetBuffering&&!eof(postpone)=1 wakeup=0 deadline-now=0
[DBG] 1h: check1 now=478302233481 state=PAUSE_S es_out_GetBuffering=1 b_eof=0 next_frame_need_data=1 -> demux_allowed=1
[DBG] Buffering 4%
[DBG] 1h: demuxed-while-paused now=478302233824 wakeup=0 wakeup-now=0
[DBG] 1h: wait now=478302233952 state=PAUSE_S es_out_GetBuffering&&!eof(postpone)=1 wakeup=0 deadline-now=0
[DBG] 1h: check1 now=478302234017 state=PAUSE_S es_out_GetBuffering=1 b_eof=0 next_frame_need_data=1 -> demux_allowed=1
[DBG] Buffering 7%
[DBG] 1h: demuxed-while-paused now=478302234338 wakeup=0 wakeup-now=0
[DBG] 1h: wait now=478302234389 state=PAUSE_S es_out_GetBuffering&&!eof(postpone)=1 wakeup=0 deadline-now=0
[DBG] 1h: check1 now=478302234438 state=PAUSE_S es_out_GetBuffering=1 b_eof=0 next_frame_need_data=1 -> demux_allowed=1
[DBG] 1h: demuxed-while-paused now=478302234498 wakeup=0 wakeup-now=0
[DBG] 1h: wait now=478302234548 state=PAUSE_S es_out_GetBuffering&&!eof(postpone)=1 wakeup=0 deadline-now=0
[DBG] 1h: check1 now=478302234596 state=PAUSE_S es_out_GetBuffering=1 b_eof=0 next_frame_need_data=1 -> demux_allowed=1
[DBG] 1h: demuxed-while-paused now=478302234762 wakeup=0 wakeup-now=0
[DBG] 1h: wait now=478302234814 state=PAUSE_S es_out_GetBuffering&&!eof(postpone)=1 wakeup=0 deadline-now=0
[DBG] 1h: check1 now=478302234862 state=PAUSE_S es_out_GetBuffering=1 b_eof=0 next_frame_need_data=1 -> demux_allowed=1
[DBG] Buffering 10%
[DBG] 1h: demuxed-while-paused now=478302235215 wakeup=0 wakeup-now=0
[DBG] 1h: wait now=478302235273 state=PAUSE_S es_out_GetBuffering&&!eof(postpone)=1 wakeup=0 deadline-now=0
[DBG] 1h: check1 now=478302235324 state=PAUSE_S es_out_GetBuffering=1 b_eof=0 next_frame_need_data=1 -> demux_allowed=1
[DBG] Buffering 14%
[DBG] 1h: demuxed-while-paused now=478302235636 wakeup=0 wakeup-now=0
[DBG] 1h: wait now=478302235690 state=PAUSE_S es_out_GetBuffering&&!eof(postpone)=1 wakeup=0 deadline-now=0
[DBG] 1h: check1 now=478302235740 state=PAUSE_S es_out_GetBuffering=1 b_eof=0 next_frame_need_data=1 -> demux_allowed=1
[DBG] 1h: demuxed-while-paused now=478302235910 wakeup=0 wakeup-now=0
[DBG] 1h: wait now=478302235964 state=PAUSE_S es_out_GetBuffering&&!eof(postpone)=1 wakeup=0 deadline-now=0
[DBG] 1h: check1 now=478302236013 state=PAUSE_S es_out_GetBuffering=1 b_eof=0 next_frame_need_data=1 -> demux_allowed=1
[DBG] 1h: demuxed-while-paused now=478302237310 wakeup=0 wakeup-now=0
[DBG] 1h: wait now=478302237382 state=PAUSE_S es_out_GetBuffering&&!eof(postpone)=1 wakeup=0 deadline-now=0
[DBG] 1h: check1 now=478302237436 state=PAUSE_S es_out_GetBuffering=1 b_eof=0 next_frame_need_data=1 -> demux_allowed=1
[DBG] Buffering 18%
[DBG] 1h: demuxed-while-paused now=478302237766 wakeup=0 wakeup-now=0
[DBG] 1h: wait now=478302237848 state=PAUSE_S es_out_GetBuffering&&!eof(postpone)=1 wakeup=0 deadline-now=0
[DBG] 1h: check1 now=478302237903 state=PAUSE_S es_out_GetBuffering=1 b_eof=0 next_frame_need_data=1 -> demux_allowed=1
[DBG] 1h: demuxed-while-paused now=478302237973 wakeup=0 wakeup-now=0
[DBG] 1h: wait now=478302238025 state=PAUSE_S es_out_GetBuffering&&!eof(postpone)=1 wakeup=0 deadline-now=0
[DBG] 1h: check1 now=478302238074 state=PAUSE_S es_out_GetBuffering=1 b_eof=0 next_frame_need_data=1 -> demux_allowed=1
[DBG] 1h: demuxed-while-paused now=478302238269 wakeup=0 wakeup-now=0
[DBG] 1h: wait now=478302238335 state=PAUSE_S es_out_GetBuffering&&!eof(postpone)=1 wakeup=0 deadline-now=0
[DBG] 1h: check1 now=478302238389 state=PAUSE_S es_out_GetBuffering=1 b_eof=0 next_frame_need_data=1 -> demux_allowed=1
[DBG] Buffering 21%
[DBG] 1h: demuxed-while-paused now=478302238737 wakeup=0 wakeup-now=0
[DBG] 1h: wait now=478302238784 state=PAUSE_S es_out_GetBuffering&&!eof(postpone)=1 wakeup=0 deadline-now=0
[DBG] 1h: check1 now=478302238826 state=PAUSE_S es_out_GetBuffering=1 b_eof=0 next_frame_need_data=1 -> demux_allowed=1
[DBG] Buffering 26%
[DBG] 1h: demuxed-while-paused now=478302239081 wakeup=0 wakeup-now=0
[DBG] 1h: wait now=478302239128 state=PAUSE_S es_out_GetBuffering&&!eof(postpone)=1 wakeup=0 deadline-now=0
[DBG] 1h: check1 now=478302239167 state=PAUSE_S es_out_GetBuffering=1 b_eof=0 next_frame_need_data=1 -> demux_allowed=1
[DBG] Buffering 29%
[DBG] 1h: demuxed-while-paused now=478302239426 wakeup=0 wakeup-now=0
[DBG] 1h: wait now=478302239467 state=PAUSE_S es_out_GetBuffering&&!eof(postpone)=1 wakeup=0 deadline-now=0
[DBG] 1h: check1 now=478302239507 state=PAUSE_S es_out_GetBuffering=1 b_eof=0 next_frame_need_data=1 -> demux_allowed=1
[DBG] 1h: demuxed-while-paused now=478302239557 wakeup=0 wakeup-now=0
[DBG] 1h: wait now=478302239635 state=PAUSE_S es_out_GetBuffering&&!eof(postpone)=1 wakeup=0 deadline-now=0
[DBG] 1h: check1 now=478302239682 state=PAUSE_S es_out_GetBuffering=1 b_eof=0 next_frame_need_data=1 -> demux_allowed=1
[DBG] end of video preroll
[DBG] 1h: demuxed-while-paused now=478302239800 wakeup=0 wakeup-now=0
[DBG] 1h: wait now=478302239848 state=PAUSE_S es_out_GetBuffering&&!eof(postpone)=1 wakeup=0 deadline-now=0
[DBG] 1h: check1 now=478302239889 state=PAUSE_S es_out_GetBuffering=1 b_eof=0 next_frame_need_data=1 -> demux_allowed=1
[DBG] 1h: demuxed-while-paused now=478302239937 wakeup=0 wakeup-now=0
[DBG] 1h: wait now=478302239981 state=PAUSE_S es_out_GetBuffering&&!eof(postpone)=1 wakeup=0 deadline-now=0
[DBG] 1h: check1 now=478302240019 state=PAUSE_S es_out_GetBuffering=1 b_eof=0 next_frame_need_data=1 -> demux_allowed=1
[DBG] 1h: demuxed-while-paused now=478302242502 wakeup=0 wakeup-now=0
[DBG] 1h: wait now=478302242620 state=PAUSE_S es_out_GetBuffering&&!eof(postpone)=1 wakeup=0 deadline-now=0
[DBG] 1h: check1 now=478302242674 state=PAUSE_S es_out_GetBuffering=1 b_eof=0 next_frame_need_data=1 -> demux_allowed=1
[DBG] Buffering 42%
[DBG] 1h: demuxed-while-paused now=478302242938 wakeup=0 wakeup-now=0
[DBG] 1h: wait now=478302242979 state=PAUSE_S es_out_GetBuffering&&!eof(postpone)=1 wakeup=0 deadline-now=0
[DBG] 1h: check1 now=478302243017 state=PAUSE_S es_out_GetBuffering=1 b_eof=0 next_frame_need_data=1 -> demux_allowed=1
[DBG] 1h: demuxed-while-paused now=478302243124 wakeup=0 wakeup-now=0
[DBG] 1h: wait now=478302243165 state=PAUSE_S es_out_GetBuffering&&!eof(postpone)=1 wakeup=0 deadline-now=0
[DBG] 1h: check1 now=478302243203 state=PAUSE_S es_out_GetBuffering=1 b_eof=0 next_frame_need_data=1 -> demux_allowed=1
[DBG] 1h: demuxed-while-paused now=478302243331 wakeup=0 wakeup-now=0
[DBG] 1h: wait now=478302243369 state=PAUSE_S es_out_GetBuffering&&!eof(postpone)=1 wakeup=0 deadline-now=0
[DBG] 1h: check1 now=478302243406 state=PAUSE_S es_out_GetBuffering=1 b_eof=0 next_frame_need_data=1 -> demux_allowed=1
[DBG] 1h: demuxed-while-paused now=478302243469 wakeup=0 wakeup-now=0
9:49:03.672 PM [framestep] previousFrameStepped result=0 time=33367 ms
[DBG] 1h: wait now=478302243518 state=PAUSE_S es_out_GetBuffering&&!eof(postpone)=1 wakeup=0 deadline-now=0
[DBG] 1h: check1 now=478302243609 state=PAUSE_S es_out_GetBuffering=1 b_eof=0 next_frame_need_data=1 -> demux_allowed=1
[DBG] 1h: demuxed-while-paused now=478302243899 wakeup=0 wakeup-now=0
[DBG] 1h: wait now=478302243948 state=PAUSE_S es_out_GetBuffering&&!eof(postpone)=1 wakeup=0 deadline-now=0
[DBG] 1h: check1 now=478302243992 state=PAUSE_S es_out_GetBuffering=1 b_eof=0 next_frame_need_data=1 -> demux_allowed=1
[DBG] 1h: decoder notify need_data=1 frames_countdown=1 now=478302243991
[DBG] 1h: decoder notify need_data=1 frames_countdown=1 now=478302244235
[DBG] 1h: demuxed-while-paused now=478302244255 wakeup=0 wakeup-now=0
[DBG] 1h: wait now=478302244330 state=PAUSE_S es_out_GetBuffering&&!eof(postpone)=1 wakeup=0 deadline-now=0
[DBG] 1h: INPUT_CONTROL_NEED_DATA_FRAME_NEXT 1 -> 1 now=478302244369
[DBG] 1h: check2 now=478302244398 control=35 state=PAUSE_S next_frame_need_data=1 old_wakeup=0 -> wakeup=0 wakeup-now=0
[DBG] 1h: wait now=478302244424 state=PAUSE_S es_out_GetBuffering&&!eof(postpone)=1 wakeup=0 deadline-now=0
[DBG] 1h: INPUT_CONTROL_NEED_DATA_FRAME_NEXT 1 -> 1 now=478302244460
[DBG] 1h: check2 now=478302244487 control=35 state=PAUSE_S next_frame_need_data=1 old_wakeup=0 -> wakeup=0 wakeup-now=0
[DBG] 1h: wait now=478302244513 state=PAUSE_S es_out_GetBuffering&&!eof(postpone)=1 wakeup=0 deadline-now=0
[DBG] 1h: check1 now=478302244549 state=PAUSE_S es_out_GetBuffering=1 b_eof=0 next_frame_need_data=1 -> demux_allowed=1
[DBG] Buffering 47%
[DBG] 1h: decoder notify need_data=1 frames_countdown=1 now=478302244786
[DBG] 1h: demuxed-while-paused now=478302244804 wakeup=0 wakeup-now=0
[DBG] 1h: wait now=478302244863 state=PAUSE_S es_out_GetBuffering&&!eof(postpone)=1 wakeup=0 deadline-now=0
[DBG] 1h: INPUT_CONTROL_NEED_DATA_FRAME_NEXT 1 -> 1 now=478302244903
[DBG] 1h: check2 now=478302244931 control=35 state=PAUSE_S next_frame_need_data=1 old_wakeup=0 -> wakeup=0 wakeup-now=0
[DBG] 1h: wait now=478302244957 state=PAUSE_S es_out_GetBuffering&&!eof(postpone)=1 wakeup=0 deadline-now=0
[DBG] 1h: check1 now=478302244994 state=PAUSE_S es_out_GetBuffering=1 b_eof=0 next_frame_need_data=1 -> demux_allowed=1
[DBG] Buffering 50%
[DBG] 1h: demuxed-while-paused now=478302245278 wakeup=0 wakeup-now=0
[DBG] 1h: wait now=478302245324 state=PAUSE_S es_out_GetBuffering&&!eof(postpone)=1 wakeup=0 deadline-now=0
[DBG] 1h: check1 now=478302245369 state=PAUSE_S es_out_GetBuffering=1 b_eof=0 next_frame_need_data=1 -> demux_allowed=1
[DBG] 1h: demuxed-while-paused now=478302245532 wakeup=0 wakeup-now=0
[DBG] 1h: wait now=478302245575 state=PAUSE_S es_out_GetBuffering&&!eof(postpone)=1 wakeup=0 deadline-now=0
[DBG] 1h: check1 now=478302245614 state=PAUSE_S es_out_GetBuffering=1 b_eof=0 next_frame_need_data=1 -> demux_allowed=1
[DBG] 1h: demuxed-while-paused now=478302245749 wakeup=0 wakeup-now=0
[DBG] 1h: decoder notify need_data=1 frames_countdown=1 now=478302245860
[DBG] 1h: wait now=478302245907 state=PAUSE_S es_out_GetBuffering&&!eof(postpone)=1 wakeup=0 deadline-now=0
[DBG] 1h: INPUT_CONTROL_NEED_DATA_FRAME_NEXT 1 -> 1 now=478302245950
[DBG] 1h: check2 now=478302245979 control=35 state=PAUSE_S next_frame_need_data=1 old_wakeup=0 -> wakeup=0 wakeup-now=0
[DBG] 1h: wait now=478302246005 state=PAUSE_S es_out_GetBuffering&&!eof(postpone)=1 wakeup=0 deadline-now=0
[DBG] 1h: check1 now=478302246043 state=PAUSE_S es_out_GetBuffering=1 b_eof=0 next_frame_need_data=1 -> demux_allowed=1
[DBG] Buffering 53%
[DBG] 1h: decoder notify need_data=1 frames_countdown=1 now=478302246448
[DBG] 1h: demuxed-while-paused now=478302246478 wakeup=0 wakeup-now=0
[DBG] 1h: wait now=478302246521 state=PAUSE_S es_out_GetBuffering&&!eof(postpone)=1 wakeup=0 deadline-now=0
[DBG] 1h: INPUT_CONTROL_NEED_DATA_FRAME_NEXT 1 -> 1 now=478302246558
[DBG] 1h: check2 now=478302246580 control=35 state=PAUSE_S next_frame_need_data=1 old_wakeup=0 -> wakeup=0 wakeup-now=0
[DBG] 1h: wait now=478302246601 state=PAUSE_S es_out_GetBuffering&&!eof(postpone)=1 wakeup=0 deadline-now=0
[DBG] 1h: check1 now=478302246630 state=PAUSE_S es_out_GetBuffering=1 b_eof=0 next_frame_need_data=1 -> demux_allowed=1
[DBG] Buffering 58%
[DBG] 1h: demuxed-while-paused now=478302246837 wakeup=0 wakeup-now=0
[DBG] 1h: wait now=478302246868 state=PAUSE_S es_out_GetBuffering&&!eof(postpone)=1 wakeup=0 deadline-now=0
[DBG] 1h: check1 now=478302246899 state=PAUSE_S es_out_GetBuffering=1 b_eof=0 next_frame_need_data=1 -> demux_allowed=1
[DBG] 1h: demuxed-while-paused now=478302246937 wakeup=0 wakeup-now=0
[DBG] 1h: wait now=478302246972 state=PAUSE_S es_out_GetBuffering&&!eof(postpone)=1 wakeup=0 deadline-now=0
[DBG] 1h: check1 now=478302247003 state=PAUSE_S es_out_GetBuffering=1 b_eof=0 next_frame_need_data=1 -> demux_allowed=1
[DBG] 1h: decoder notify need_data=1 frames_countdown=1 now=478302247089
[DBG] 1h: demuxed-while-paused now=478302247102 wakeup=0 wakeup-now=0
[DBG] 1h: wait now=478302247158 state=PAUSE_S es_out_GetBuffering&&!eof(postpone)=1 wakeup=0 deadline-now=0
[DBG] 1h: INPUT_CONTROL_NEED_DATA_FRAME_NEXT 1 -> 1 now=478302247188
[DBG] 1h: check2 now=478302247209 control=35 state=PAUSE_S next_frame_need_data=1 old_wakeup=0 -> wakeup=0 wakeup-now=0
[DBG] 1h: wait now=478302247229 state=PAUSE_S es_out_GetBuffering&&!eof(postpone)=1 wakeup=0 deadline-now=0
[DBG] 1h: check1 now=478302247258 state=PAUSE_S es_out_GetBuffering=1 b_eof=0 next_frame_need_data=1 -> demux_allowed=1
[DBG] Buffering 62%
[DBG] 1h: decoder notify need_data=1 frames_countdown=1 now=478302247433
[DBG] 1h: demuxed-while-paused now=478302247451 wakeup=0 wakeup-now=0
[DBG] 1h: wait now=478302247498 state=PAUSE_S es_out_GetBuffering&&!eof(postpone)=1 wakeup=0 deadline-now=0
[DBG] 1h: INPUT_CONTROL_NEED_DATA_FRAME_NEXT 1 -> 1 now=478302247526
[DBG] 1h: check2 now=478302247547 control=35 state=PAUSE_S next_frame_need_data=1 old_wakeup=0 -> wakeup=0 wakeup-now=0
[DBG] 1h: wait now=478302247567 state=PAUSE_S es_out_GetBuffering&&!eof(postpone)=1 wakeup=0 deadline-now=0
[DBG] 1h: check1 now=478302247595 state=PAUSE_S es_out_GetBuffering=1 b_eof=0 next_frame_need_data=1 -> demux_allowed=1
[DBG] Buffering 65%
[DBG] 1h: decoder notify need_data=1 frames_countdown=1 now=478302247754
[DBG] 1h: demuxed-while-paused now=478302247772 wakeup=0 wakeup-now=0
[DBG] 1h: wait now=478302247822 state=PAUSE_S es_out_GetBuffering&&!eof(postpone)=1 wakeup=0 deadline-now=0
[DBG] 1h: INPUT_CONTROL_NEED_DATA_FRAME_NEXT 1 -> 1 now=478302247850
[DBG] 1h: check2 now=478302247870 control=35 state=PAUSE_S next_frame_need_data=1 old_wakeup=0 -> wakeup=0 wakeup-now=0
[DBG] 1h: wait now=478302247889 state=PAUSE_S es_out_GetBuffering&&!eof(postpone)=1 wakeup=0 deadline-now=0
[DBG] 1h: check1 now=478302247920 state=PAUSE_S es_out_GetBuffering=1 b_eof=0 next_frame_need_data=1 -> demux_allowed=1
[DBG] Buffering 67%
[DBG] 1h: demuxed-while-paused now=478302248107 wakeup=0 wakeup-now=0
[DBG] 1h: wait now=478302248142 state=PAUSE_S es_out_GetBuffering&&!eof(postpone)=1 wakeup=0 deadline-now=0
[DBG] 1h: check1 now=478302248171 state=PAUSE_S es_out_GetBuffering=1 b_eof=0 next_frame_need_data=1 -> demux_allowed=1
[DBG] Buffering 69%
[DBG] 1h: demuxed-while-paused now=478302248289 wakeup=0 wakeup-now=0
[DBG] 1h: wait now=478302248318 state=PAUSE_S es_out_GetBuffering&&!eof(postpone)=1 wakeup=0 deadline-now=0
[DBG] 1h: check1 now=478302248348 state=PAUSE_S es_out_GetBuffering=1 b_eof=0 next_frame_need_data=1 -> demux_allowed=1
[DBG] 1h: decoder notify need_data=1 frames_countdown=1 now=478302248428
[DBG] 1h: demuxed-while-paused now=478302248446 wakeup=0 wakeup-now=0
[DBG] 1h: wait now=478302248481 state=PAUSE_S es_out_GetBuffering&&!eof(postpone)=1 wakeup=0 deadline-now=0
[DBG] 1h: INPUT_CONTROL_NEED_DATA_FRAME_NEXT 1 -> 1 now=478302248511
[DBG] 1h: check2 now=478302248532 control=35 state=PAUSE_S next_frame_need_data=1 old_wakeup=0 -> wakeup=0 wakeup-now=0
[DBG] 1h: wait now=478302248552 state=PAUSE_S es_out_GetBuffering&&!eof(postpone)=1 wakeup=0 deadline-now=0
[DBG] 1h: check1 now=478302248581 state=PAUSE_S es_out_GetBuffering=1 b_eof=0 next_frame_need_data=1 -> demux_allowed=1
[DBG] Buffering 72%
[DBG] 1h: demuxed-while-paused now=478302248770 wakeup=0 wakeup-now=0
[DBG] 1h: wait now=478302248804 state=PAUSE_S es_out_GetBuffering&&!eof(postpone)=1 wakeup=0 deadline-now=0
[DBG] 1h: check1 now=478302248833 state=PAUSE_S es_out_GetBuffering=1 b_eof=0 next_frame_need_data=1 -> demux_allowed=1
[DBG] 1h: demuxed-while-paused now=478302248876 wakeup=0 wakeup-now=0
[DBG] 1h: wait now=478302248905 state=PAUSE_S es_out_GetBuffering&&!eof(postpone)=1 wakeup=0 deadline-now=0
[DBG] 1h: check1 now=478302248934 state=PAUSE_S es_out_GetBuffering=1 b_eof=0 next_frame_need_data=1 -> demux_allowed=1
[DBG] 1h: demuxed-while-paused now=478302248990 wakeup=0 wakeup-now=0
[DBG] 1h: wait now=478302249020 state=PAUSE_S es_out_GetBuffering&&!eof(postpone)=1 wakeup=0 deadline-now=0
[DBG] 1h: check1 now=478302249048 state=PAUSE_S es_out_GetBuffering=1 b_eof=0 next_frame_need_data=1 -> demux_allowed=1
[DBG] 1h: demuxed-while-paused now=478302249083 wakeup=0 wakeup-now=0
[DBG] 1h: wait now=478302249112 state=PAUSE_S es_out_GetBuffering&&!eof(postpone)=1 wakeup=0 deadline-now=0
[DBG] 1h: check1 now=478302249141 state=PAUSE_S es_out_GetBuffering=1 b_eof=0 next_frame_need_data=1 -> demux_allowed=1
[DBG] 1h: decoder notify need_data=1 frames_countdown=1 now=478302253635
[DBG] 1h: demuxed-while-paused now=478302253655 wakeup=0 wakeup-now=0
[DBG] 1h: wait now=478302253731 state=PAUSE_S es_out_GetBuffering&&!eof(postpone)=1 wakeup=0 deadline-now=0
[DBG] 1h: INPUT_CONTROL_NEED_DATA_FRAME_NEXT 1 -> 1 now=478302253766
[DBG] 1h: check2 now=478302253789 control=35 state=PAUSE_S next_frame_need_data=1 old_wakeup=0 -> wakeup=0 wakeup-now=0
[DBG] 1h: wait now=478302253810 state=PAUSE_S es_out_GetBuffering&&!eof(postpone)=1 wakeup=0 deadline-now=0
[DBG] 1h: check1 now=478302253839 state=PAUSE_S es_out_GetBuffering=1 b_eof=0 next_frame_need_data=1 -> demux_allowed=1
[DBG] Buffering 86%
[DBG] 1h: decoder notify need_data=1 frames_countdown=1 now=478302253998
[DBG] 1h: demuxed-while-paused now=478302254017 wakeup=0 wakeup-now=0
[DBG] 1h: wait now=478302254070 state=PAUSE_S es_out_GetBuffering&&!eof(postpone)=1 wakeup=0 deadline-now=0
[DBG] 1h: INPUT_CONTROL_NEED_DATA_FRAME_NEXT 1 -> 1 now=478302254100
[DBG] 1h: check2 now=478302254121 control=35 state=PAUSE_S next_frame_need_data=1 old_wakeup=0 -> wakeup=0 wakeup-now=0
[DBG] 1h: wait now=478302254142 state=PAUSE_S es_out_GetBuffering&&!eof(postpone)=1 wakeup=0 deadline-now=0
[DBG] 1h: check1 now=478302254172 state=PAUSE_S es_out_GetBuffering=1 b_eof=0 next_frame_need_data=1 -> demux_allowed=1
[DBG] 1h: demuxed-while-paused now=478302254271 wakeup=0 wakeup-now=0
[DBG] 1h: decoder notify need_data=1 frames_countdown=1 now=478302254257
[DBG] 1h: wait now=478302254331 state=PAUSE_S es_out_GetBuffering&&!eof(postpone)=1 wakeup=0 deadline-now=0
[DBG] 1h: INPUT_CONTROL_NEED_DATA_FRAME_NEXT 1 -> 1 now=478302254367
[DBG] 1h: check2 now=478302254389 control=35 state=PAUSE_S next_frame_need_data=1 old_wakeup=0 -> wakeup=0 wakeup-now=0
[… 10 repetitive 1h lines omitted (full log: 1h-stargate-back-full.log.gz); check1 transitions kept below …]
[DBG] 1h: wait now=478302254843 state=PAUSE_S es_out_GetBuffering&&!eof(postpone)=1 wakeup=0 deadline-now=0
[DBG] 1h: INPUT_CONTROL_NEED_DATA_FRAME_NEXT 1 -> 1 now=478302254873
[DBG] 1h: check2 now=478302254894 control=35 state=PAUSE_S next_frame_need_data=1 old_wakeup=0 -> wakeup=0 wakeup-now=0
[DBG] 1h: wait now=478302254914 state=PAUSE_S es_out_GetBuffering&&!eof(postpone)=1 wakeup=0 deadline-now=0
[DBG] 1h: check1 now=478302254944 state=PAUSE_S es_out_GetBuffering=1 b_eof=0 next_frame_need_data=1 -> demux_allowed=1
[DBG] 1h: decoder notify need_data=1 frames_countdown=1 now=478302255023
[DBG] 1h: demuxed-while-paused now=478302255053 wakeup=0 wakeup-now=0
[DBG] 1h: wait now=478302255087 state=PAUSE_S es_out_GetBuffering&&!eof(postpone)=1 wakeup=0 deadline-now=0
[DBG] 1h: INPUT_CONTROL_NEED_DATA_FRAME_NEXT 1 -> 1 now=478302255116
[DBG] 1h: check2 now=478302255137 control=35 state=PAUSE_S next_frame_need_data=1 old_wakeup=0 -> wakeup=0 wakeup-now=0
[DBG] 1h: wait now=478302255157 state=PAUSE_S es_out_GetBuffering&&!eof(postpone)=1 wakeup=0 deadline-now=0
[DBG] 1h: check1 now=478302255186 state=PAUSE_S es_out_GetBuffering=1 b_eof=0 next_frame_need_data=1 -> demux_allowed=1
[DBG] Buffering 91%
[DBG] 1h: decoder notify need_data=1 frames_countdown=1 now=478302255715
[DBG] 1h: demuxed-while-paused now=478302255728 wakeup=0 wakeup-now=0
[DBG] 1h: wait now=478302255778 state=PAUSE_S es_out_GetBuffering&&!eof(postpone)=1 wakeup=0 deadline-now=0
[DBG] 1h: INPUT_CONTROL_NEED_DATA_FRAME_NEXT 1 -> 1 now=478302255808
[DBG] 1h: check2 now=478302255830 control=35 state=PAUSE_S next_frame_need_data=1 old_wakeup=0 -> wakeup=0 wakeup-now=0
[DBG] 1h: wait now=478302255850 state=PAUSE_S es_out_GetBuffering&&!eof(postpone)=1 wakeup=0 deadline-now=0
[DBG] 1h: check1 now=478302255879 state=PAUSE_S es_out_GetBuffering=1 b_eof=0 next_frame_need_data=1 -> demux_allowed=1
[DBG] Buffering 94%
[DBG] 1h: demuxed-while-paused now=478302256102 wakeup=0 wakeup-now=0
[DBG] 1h: wait now=478302256134 state=PAUSE_S es_out_GetBuffering&&!eof(postpone)=1 wakeup=0 deadline-now=0
[DBG] 1h: check1 now=478302256163 state=PAUSE_S es_out_GetBuffering=1 b_eof=0 next_frame_need_data=1 -> demux_allowed=1
[DBG] 1h: demuxed-while-paused now=478302256201 wakeup=0 wakeup-now=0
[DBG] 1h: wait now=478302256232 state=PAUSE_S es_out_GetBuffering&&!eof(postpone)=1 wakeup=0 deadline-now=0
[DBG] 1h: check1 now=478302256261 state=PAUSE_S es_out_GetBuffering=1 b_eof=0 next_frame_need_data=1 -> demux_allowed=1
[DBG] 1h: decoder notify need_data=1 frames_countdown=1 now=478302256342
[DBG] 1h: demuxed-while-paused now=478302256359 wakeup=0 wakeup-now=0
[DBG] 1h: wait now=478302256405 state=PAUSE_S es_out_GetBuffering&&!eof(postpone)=1 wakeup=0 deadline-now=0
[DBG] 1h: INPUT_CONTROL_NEED_DATA_FRAME_NEXT 1 -> 1 now=478302256433
[DBG] 1h: check2 now=478302256480 control=35 state=PAUSE_S next_frame_need_data=1 old_wakeup=0 -> wakeup=0 wakeup-now=0
[DBG] 1h: wait now=478302256503 state=PAUSE_S es_out_GetBuffering&&!eof(postpone)=1 wakeup=0 deadline-now=0
[DBG] 1h: check1 now=478302256533 state=PAUSE_S es_out_GetBuffering=1 b_eof=0 next_frame_need_data=1 -> demux_allowed=1
[DBG] Buffering 97%
[DBG] 1h: decoder notify need_data=1 frames_countdown=1 now=478302257509
[DBG] 1h: demuxed-while-paused now=478302257527 wakeup=0 wakeup-now=0
[DBG] 1h: wait now=478302257572 state=PAUSE_S es_out_GetBuffering&&!eof(postpone)=1 wakeup=0 deadline-now=0
[DBG] 1h: INPUT_CONTROL_NEED_DATA_FRAME_NEXT 1 -> 1 now=478302257601
[DBG] 1h: check2 now=478302257624 control=35 state=PAUSE_S next_frame_need_data=1 old_wakeup=0 -> wakeup=0 wakeup-now=0
[DBG] 1h: wait now=478302257645 state=PAUSE_S es_out_GetBuffering&&!eof(postpone)=1 wakeup=0 deadline-now=0
[DBG] 1h: check1 now=478302257674 state=PAUSE_S es_out_GetBuffering=1 b_eof=0 next_frame_need_data=1 -> demux_allowed=1
[DBG] Stream buffering done (1168 ms in 34 ms)
[DBG] Decoder wait done in 0 ms
[DBG] 1g: es_out stop_buffering now=478302257815 paused=1 pause_date=478204561297 current_date=478204561297 buffering_duration=1151002 update=478203410295 stream_start=33116000
9:49:03.686 PM [player] buffering 1.0
[WARN] 1g: main_reset now=478302257864 paused=1 pause_date=0 first_pcr.system=478203360295 last.system=0
[WARN] 1g: main_reset now=478302257974 paused=1 pause_date=0 first_pcr.system=0 last.system=0
[WARN] 1g: set_first_pcr now=478302258019 system=478203410295 ts=33116000 paused=1 pause_date=0
[DBG] 1h: decoder notify need_data=1 frames_countdown=1 now=478302258152
[DBG] 1h: demuxed-while-paused now=478302258176 wakeup=478204478296 wakeup-now=-97779880
[DBG] 1h: wait now=478302258231 state=PAUSE_S es_out_GetBuffering&&!eof(postpone)=0 wakeup=478204478296 deadline-now=-97779935
[DBG] 1h: INPUT_CONTROL_NEED_DATA_FRAME_NEXT 1 -> 1 now=478302258257
[DBG] 1h: check2 now=478302258279 control=35 state=PAUSE_S next_frame_need_data=1 old_wakeup=478204478296 -> wakeup=0 wakeup-now=0
[DBG] 1h: wait now=478302258300 state=PAUSE_S es_out_GetBuffering&&!eof(postpone)=0 wakeup=0 deadline-now=0
[DBG] 1h: check1 now=478302258329 state=PAUSE_S es_out_GetBuffering=0 b_eof=0 next_frame_need_data=1 -> demux_allowed=1
[DBG] 1h: demuxed-while-paused now=478302258514 wakeup=478204498296 wakeup-now=-97760218
[DBG] 1h: wait now=478302258585 state=PAUSE_S es_out_GetBuffering&&!eof(postpone)=0 wakeup=478204498296 deadline-now=-97760289
[DBG] 1h: check1 now=478302258618 state=PAUSE_S es_out_GetBuffering=0 b_eof=0 next_frame_need_data=1 -> demux_allowed=1
[DBG] 1h: demuxed-while-paused now=478302258720 wakeup=478204528296 wakeup-now=-97730424
[DBG] 1h: wait now=478302258751 state=PAUSE_S es_out_GetBuffering&&!eof(postpone)=0 wakeup=478204528296 deadline-now=-97730455
[… 4011 repetitive 1h lines omitted (full log: 1h-stargate-back-full.log.gz); check1 transitions kept below …]
[DBG] 1h: decoder notify need_data=1 frames_countdown=1 now=478302589647
[DBG] 1h: INPUT_CONTROL_NEED_DATA_FRAME_NEXT 1 -> 1 now=478302589668
[DBG] 1h: check2 now=478302589696 control=35 state=PAUSE_S next_frame_need_data=1 old_wakeup=478221298295 -> wakeup=0 wakeup-now=0
[DBG] 1h: wait now=478302589711 state=PAUSE_S es_out_GetBuffering&&!eof(postpone)=0 wakeup=0 deadline-now=0
[DBG] 1h: INPUT_CONTROL_NEED_DATA_FRAME_NEXT 1 -> 1 now=478302589729
[DBG] 1h: check2 now=478302589744 control=35 state=PAUSE_S next_frame_need_data=1 old_wakeup=0 -> wakeup=0 wakeup-now=0
[DBG] 1h: wait now=478302589758 state=PAUSE_S es_out_GetBuffering&&!eof(postpone)=0 wakeup=0 deadline-now=0
[DBG] 1h: check1 now=478302589777 state=PAUSE_S es_out_GetBuffering=0 b_eof=0 next_frame_need_data=1 -> demux_allowed=1
[DBG] 1h: demuxed-while-paused now=478302589862 wakeup=478221298295 wakeup-now=-81291567
[DBG] 1h: wait now=478302589884 state=PAUSE_S es_out_GetBuffering&&!eof(postpone)=0 wakeup=478221298295 deadline-now=-81291589
[DBG] 1h: check1 now=478302589903 state=PAUSE_S es_out_GetBuffering=0 b_eof=0 next_frame_need_data=1 -> demux_allowed=1
[DBG] 1h: decoder notify need_data=1 frames_countdown=1 now=478302590415
9:49:04.019 PM [framestep] −1 after(400 ms)=33333 ms
[DBG] 1h: demuxed-while-paused now=478302590454 wakeup=478221298295 wakeup-now=-81292159
[DBG] 1h: wait now=478302590539 state=PAUSE_S es_out_GetBuffering&&!eof(postpone)=0 wakeup=478221298295 deadline-now=-81292244
[DBG] 1h: INPUT_CONTROL_NEED_DATA_FRAME_NEXT 1 -> 1 now=478302590558
[DBG] 1h: check2 now=478302590573 control=35 state=PAUSE_S next_frame_need_data=1 old_wakeup=478221298295 -> wakeup=0 wakeup-now=0
[DBG] 1h: wait now=478302590587 state=PAUSE_S es_out_GetBuffering&&!eof(postpone)=0 wakeup=0 deadline-now=0
[DBG] 1h: check1 now=478302590606 state=PAUSE_S es_out_GetBuffering=0 b_eof=0 next_frame_need_data=1 -> demux_allowed=1
[DBG] 1h: decoder notify need_data=1 frames_countdown=1 now=478302591360
[DBG] 1h: demuxed-while-paused now=478302591369 wakeup=478221298295 wakeup-now=-81293074
[DBG] 1h: wait now=478302591449 state=PAUSE_S es_out_GetBuffering&&!eof(postpone)=0 wakeup=478221298295 deadline-now=-81293154
[DBG] 1h: INPUT_CONTROL_NEED_DATA_FRAME_NEXT 1 -> 1 now=478302591467
[DBG] 1h: check2 now=478302591482 control=35 state=PAUSE_S next_frame_need_data=1 old_wakeup=478221298295 -> wakeup=0 wakeup-now=0
[DBG] 1h: wait now=478302591496 state=PAUSE_S es_out_GetBuffering&&!eof(postpone)=0 wakeup=0 deadline-now=0
[… 25239 repetitive 1h lines omitted (full log: 1h-stargate-back-full.log.gz); check1 transitions kept below …]
[DBG] 1h: check2 now=478326774001 control=35 state=PAUSE_S next_frame_need_data=1 old_wakeup=478326930295 -> wakeup=0 wakeup-now=0
[DBG] 1h: wait now=478326774074 state=PAUSE_S es_out_GetBuffering&&!eof(postpone)=0 wakeup=0 deadline-now=0
[DBG] 1h: check1 now=478326774103 state=PAUSE_S es_out_GetBuffering=0 b_eof=0 next_frame_need_data=1 -> demux_allowed=1
[DBG] 1h: decoder notify need_data=1 frames_countdown=1 now=478326774226
[DBG] 1h: demuxed-while-paused now=478326774249 wakeup=478326930295 wakeup-now=156046
[DBG] 1h: wait now=478326774306 state=PAUSE_S es_out_GetBuffering&&!eof(postpone)=0 wakeup=478326930295 deadline-now=155989
[DBG] 1h: INPUT_CONTROL_NEED_DATA_FRAME_NEXT 1 -> 1 now=478326774335
[DBG] 1h: check2 now=478326774358 control=35 state=PAUSE_S next_frame_need_data=1 old_wakeup=478326930295 -> wakeup=0 wakeup-now=0
[DBG] 1h: wait now=478326774385 state=PAUSE_S es_out_GetBuffering&&!eof(postpone)=0 wakeup=0 deadline-now=0
[DBG] 1h: check1 now=478326774412 state=PAUSE_S es_out_GetBuffering=0 b_eof=0 next_frame_need_data=1 -> demux_allowed=1
[DBG] 1h: demuxed-while-paused now=478326774536 wakeup=478326930295 wakeup-now=155759
[DBG] 1h: wait now=478326774567 state=PAUSE_S es_out_GetBuffering&&!eof(postpone)=0 wakeup=478326930295 deadline-now=155728
9:49:28.212 PM [player] play (select) at 33333 ms
[DBG] 1h: next_frame_need_data cleared by control 0 now=478326785202
[DBG] 1g: input control_unpause date=478326785196 now=478326785291
9:49:28.214 PM [player] state Playing at 33333 ms
[DBG] 1g: es_out change_pause paused=0 date=478326785196 now=478326791462 was_paused=1 old_pause_date=478204561297 buffering=0 extra_initial=0
[DBG] 1g: es_out change_position now=478326791527 paused=1 pause_date=478204561297 buffering=0 next_frame_es=1
[DBG] 1h: decoder notify need_data=1 frames_countdown=1 now=478326791740
[WARN] 1g: main_change_pause paused=0 date=478326785196 now=478326791928 pause_date=0 last.system=0 first_pcr.system=478203410295 start_time.system=0 wait_sync_ref.system=478205678296
[WARN] 1g: main_change_pause resume: pause_date INVALID, no delay applied
[DBG] 1h: INPUT_CONTROL_NEED_DATA_FRAME_NEXT 0 -> 1 now=478326792090
[DBG] not really resuming SPU
[DBG] resuming audio
[DBG] Buffering 0%
[DBG] resuming video
[DBG] 1g: vout change_pause paused=0 date=478326785196 now=478326794479
[DBG] Buffering 3%
[DBG] Buffering 6%
[DBG] Received first picture
[DBG] Buffering 11%
[DBG] Buffering 13%
[DBG] Buffering 16%
[DBG] Buffering 20%
[DBG] picture displayed late (missing 122089 ms)
9:49:28.225 PM [player] buffering 0.0
[DBG] Buffering 23%
9:49:28.225 PM [player] buffering 0.0
[WARN] picture is too late to be displayed (missing 122060 ms)
[DBG] Buffering 25%
[DBG] Buffering 28%
[DBG] Buffering 42%
[DBG] Buffering 43%
[DBG] Buffering 50%
[DBG] Buffering 52%
[DBG] Buffering 53%
[DBG] Buffering 56%
[DBG] Buffering 61%
[DBG] Buffering 66%
[DBG] Buffering 70%
[DBG] Buffering 75%
[DBG] Buffering 78%
[DBG] Buffering 93%
[DBG] Stream buffering done (1001 ms in 7 ms)
9:49:28.229 PM [player] buffering 1.0
[DBG] Decoder wait done in 0 ms
[DBG] 1g: es_out stop_buffering now=478326800760 paused=0 pause_date=478326785196 current_date=478326800757 buffering_duration=1000000 update=478325800757 stream_start=156790001
[WARN] 1g: main_reset now=478326800800 paused=0 pause_date=0 first_pcr.system=478203410295 last.system=0
[WARN] 1g: main_reset now=478326800855 paused=0 pause_date=0 first_pcr.system=0 last.system=0
[WARN] 1g: set_first_pcr now=478326800885 system=478325800757 ts=156790001 paused=0 pause_date=0
[DBG] deferring start (79849 us)
[WARN] picture is too late to be displayed (missing 123341 ms)
[WARN] picture is too late to be displayed (missing 123292 ms)
[WARN] picture is too late to be displayed (missing 123259 ms)
[DBG] deferring start (44031 us)
[DBG] deferring start (43588 us)
[DBG] deferring start (43325 us)
[WARN] picture is too late to be displayed (missing 123210 ms)
[DBG] deferring start (43120 us)
[DBG] deferring start (42919 us)
[DBG] deferring start (42731 us)
[DBG] deferring start (42548 us)
[WARN] picture is too late to be displayed (missing 123178 ms)
[DBG] deferring start (42346 us)
[DBG] deferring start (42094 us)
[DBG] deferring start (41902 us)
[DBG] deferring start (41708 us)
[WARN] picture is too late to be displayed (missing 123128 ms)
[DBG] deferring start (41494 us)
[DBG] deferring start (41283 us)
[DBG] deferring start (41100 us)
[WARN] picture is too late to be displayed (missing 123096 ms)
[DBG] deferring start (40951 us)
[DBG] deferring start (40696 us)
[DBG] deferring start (40450 us)
[DBG] deferring start (40260 us)
[WARN] picture is too late to be displayed (missing 123047 ms)
[DBG] deferring start (40053 us)
[DBG] deferring start (39878 us)
[DBG] deferring start (39694 us)
[DBG] deferring start (39532 us)
[WARN] picture is too late to be displayed (missing 123014 ms)
[DBG] deferring start (39375 us)
[DBG] deferring start (39155 us)
[DBG] deferring start (38958 us)
[DBG] deferring start (38796 us)
[WARN] picture is too late to be displayed (missing 122964 ms)
[DBG] deferring start (38601 us)
[DBG] deferring start (38413 us)
[DBG] deferring start (38255 us)
[DBG] deferring start (38072 us)
[WARN] picture is too late to be displayed (missing 122932 ms)
[DBG] deferring start (37898 us)
[DBG] deferring start (37654 us)
[DBG] deferring start (37530 us)
[WARN] picture is too late to be displayed (missing 122883 ms)
[WARN] picture is too late to be displayed (missing 122849 ms)
[WARN] picture is too late to be displayed (missing 122801 ms)
[WARN] picture is too late to be displayed (missing 122769 ms)
[WARN] picture is too late to be displayed (missing 122719 ms)
[WARN] picture is too late to be displayed (missing 122687 ms)
[WARN] picture is too late to be displayed (missing 122638 ms)
[WARN] picture is too late to be displayed (missing 122604 ms)
[WARN] picture is too late to be displayed (missing 122555 ms)
[WARN] picture is too late to be displayed (missing 122523 ms)
[WARN] picture is too late to be displayed (missing 122473 ms)
[WARN] picture is too late to be displayed (missing 122440 ms)
[WARN] picture is too late to be displayed (missing 122390 ms)
[WARN] picture is too late to be displayed (missing 122358 ms)
[ERR] more than 26 frames of late video -> dropping frame (computer too slow ?)
[WARN] picture is too late to be displayed (missing 122310 ms)
[ERR] more than 26 frames of late video -> dropping frame (computer too slow ?)
[ERR] more than 26 frames of late video -> dropping frame (computer too slow ?)
[ERR] more than 26 frames of late video -> dropping frame (computer too slow ?)
[ERR] more than 26 frames of late video -> dropping frame (computer too slow ?)
[ERR] more than 26 frames of late video -> dropping frame (computer too slow ?)
[ERR] more than 26 frames of late video -> dropping frame (computer too slow ?)
[ERR] more than 26 frames of late video -> dropping frame (computer too slow ?)
[ERR] more than 26 frames of late video -> dropping frame (computer too slow ?)
[ERR] more than 26 frames of late video -> dropping frame (computer too slow ?)
[ERR] more than 26 frames of late video -> dropping frame (computer too slow ?)
[ERR] more than 27 frames of late video -> dropping frame (computer too slow ?)
[WARN] picture is too late to be displayed (missing 122195 ms)
[ERR] more than 27 frames of late video -> dropping frame (computer too slow ?)
[ERR] more than 27 frames of late video -> dropping frame (computer too slow ?)
[ERR] more than 27 frames of late video -> dropping frame (computer too slow ?)
[ERR] more than 27 frames of late video -> dropping frame (computer too slow ?)
[ERR] more than 27 frames of late video -> dropping frame (computer too slow ?)
[ERR] more than 27 frames of late video -> dropping frame (computer too slow ?)
[ERR] more than 27 frames of late video -> dropping frame (computer too slow ?)
[ERR] more than 27 frames of late video -> dropping frame (computer too slow ?)
[ERR] more than 27 frames of late video -> dropping frame (computer too slow ?)
[ERR] more than 27 frames of late video -> dropping frame (computer too slow ?)
[ERR] more than 28 frames of late video -> dropping frame (computer too slow ?)
[ERR] more than 28 frames of late video -> dropping frame (computer too slow ?)
[WARN] picture is too late to be displayed (missing 121698 ms)
[ERR] more than 28 frames of late video -> dropping frame (computer too slow ?)
[ERR] more than 28 frames of late video -> dropping frame (computer too slow ?)
[ERR] more than 28 frames of late video -> dropping frame (computer too slow ?)
[WARN] picture is too late to be displayed (missing 121198 ms)
[WARN] picture is too late to be displayed (missing 121031 ms)
[WARN] picture is too late to be displayed (missing 120982 ms)
[WARN] picture is too late to be displayed (missing 120950 ms)
[WARN] picture is too late to be displayed (missing 120901 ms)
[WARN] picture is too late to be displayed (missing 120868 ms)
[WARN] picture is too late to be displayed (missing 120820 ms)
[WARN] picture is too late to be displayed (missing 120788 ms)
[WARN] picture is too late to be displayed (missing 120739 ms)
[WARN] picture is too late to be displayed (missing 120707 ms)
[WARN] picture is too late to be displayed (missing 120658 ms)
[ERR] more than 39 frames of late video -> dropping frame (computer too slow ?)
[ERR] more than 39 frames of late video -> dropping frame (computer too slow ?)
[ERR] more than 39 frames of late video -> dropping frame (computer too slow ?)
[ERR] more than 39 frames of late video -> dropping frame (computer too slow ?)
[ERR] more than 39 frames of late video -> dropping frame (computer too slow ?)
[ERR] more than 39 frames of late video -> dropping frame (computer too slow ?)
[ERR] more than 39 frames of late video -> dropping frame (computer too slow ?)
[ERR] more than 40 frames of late video -> dropping frame (computer too slow ?)
[WARN] picture is too late to be displayed (missing 120576 ms)
[ERR] more than 40 frames of late video -> dropping frame (computer too slow ?)
[ERR] more than 40 frames of late video -> dropping frame (computer too slow ?)
[ERR] more than 40 frames of late video -> dropping frame (computer too slow ?)
[ERR] more than 40 frames of late video -> dropping frame (computer too slow ?)
[WARN] picture is too late to be displayed (missing 120211 ms)
[WARN] picture is too late to be displayed (missing 120044 ms)
[WARN] picture is too late to be displayed (missing 119995 ms)
[WARN] picture is too late to be displayed (missing 119963 ms)
[WARN] picture is too late to be displayed (missing 119914 ms)
[WARN] picture is too late to be displayed (missing 119880 ms)
[WARN] picture is too late to be displayed (missing 119832 ms)
[WARN] picture is too late to be displayed (missing 119800 ms)
[WARN] picture is too late to be displayed (missing 119750 ms)
[WARN] picture is too late to be displayed (missing 119718 ms)
[ERR] more than 51 frames of late video -> dropping frame (computer too slow ?)
[WARN] picture is too late to be displayed (missing 119669 ms)
[ERR] more than 51 frames of late video -> dropping frame (computer too slow ?)
[ERR] more than 51 frames of late video -> dropping frame (computer too slow ?)
[ERR] more than 51 frames of late video -> dropping frame (computer too slow ?)
[ERR] more than 51 frames of late video -> dropping frame (computer too slow ?)
[ERR] more than 51 frames of late video -> dropping frame (computer too slow ?)
[ERR] more than 51 frames of late video -> dropping frame (computer too slow ?)
[ERR] more than 52 frames of late video -> dropping frame (computer too slow ?)
[ERR] more than 52 frames of late video -> dropping frame (computer too slow ?)
[WARN] picture is too late to be displayed (missing 119587 ms)
[ERR] more than 52 frames of late video -> dropping frame (computer too slow ?)
[ERR] more than 52 frames of late video -> dropping frame (computer too slow ?)
[ERR] more than 52 frames of late video -> dropping frame (computer too slow ?)
[WARN] picture is too late to be displayed (missing 119221 ms)
[DBG] started
[WARN] picture is too late to be displayed (missing 119055 ms)
[WARN] picture is too late to be displayed (missing 119005 ms)
[WARN] picture is too late to be displayed (missing 118973 ms)
[WARN] picture is too late to be displayed (missing 118924 ms)
[WARN] picture is too late to be displayed (missing 118890 ms)
[WARN] picture is too late to be displayed (missing 118843 ms)
[WARN] picture is too late to be displayed (missing 118810 ms)
[WARN] picture is too late to be displayed (missing 118761 ms)
[WARN] picture is too late to be displayed (missing 118728 ms)
[ERR] more than 63 frames of late video -> dropping frame (computer too slow ?)
[WARN] picture is too late to be displayed (missing 118679 ms)
[ERR] more than 63 frames of late video -> dropping frame (computer too slow ?)
[ERR] more than 63 frames of late video -> dropping frame (computer too slow ?)
[ERR] more than 63 frames of late video -> dropping frame (computer too slow ?)
[ERR] more than 63 frames of late video -> dropping frame (computer too slow ?)
[ERR] more than 63 frames of late video -> dropping frame (computer too slow ?)
[ERR] more than 63 frames of late video -> dropping frame (computer too slow ?)
[ERR] more than 64 frames of late video -> dropping frame (computer too slow ?)
[ERR] more than 64 frames of late video -> dropping frame (computer too slow ?)
[WARN] picture is too late to be displayed (missing 118597 ms)
[ERR] more than 64 frames of late video -> dropping frame (computer too slow ?)
[ERR] more than 64 frames of late video -> dropping frame (computer too slow ?)
[ERR] more than 64 frames of late video -> dropping frame (computer too slow ?)
[WARN] picture is too late to be displayed (missing 118231 ms)
[WARN] picture is too late to be displayed (missing 118064 ms)
[WARN] picture is too late to be displayed (missing 118015 ms)
[WARN] picture is too late to be displayed (missing 117982 ms)
[WARN] picture is too late to be displayed (missing 117933 ms)
[WARN] picture is too late to be displayed (missing 117899 ms)
[WARN] picture is too late to be displayed (missing 117851 ms)
[WARN] picture is too late to be displayed (missing 117818 ms)
[WARN] picture is too late to be displayed (missing 117769 ms)
[WARN] picture is too late to be displayed (missing 117736 ms)
[ERR] more than 75 frames of late video -> dropping frame (computer too slow ?)
[WARN] picture is too late to be displayed (missing 117687 ms)
[ERR] more than 75 frames of late video -> dropping frame (computer too slow ?)
[ERR] more than 75 frames of late video -> dropping frame (computer too slow ?)
[ERR] more than 75 frames of late video -> dropping frame (computer too slow ?)
[ERR] more than 75 frames of late video -> dropping frame (computer too slow ?)
[ERR] more than 75 frames of late video -> dropping frame (computer too slow ?)
[ERR] more than 75 frames of late video -> dropping frame (computer too slow ?)
[ERR] more than 76 frames of late video -> dropping frame (computer too slow ?)
[ERR] more than 76 frames of late video -> dropping frame (computer too slow ?)
[WARN] picture is too late to be displayed (missing 117605 ms)
[ERR] more than 76 frames of late video -> dropping frame (computer too slow ?)
[ERR] more than 76 frames of late video -> dropping frame (computer too slow ?)
[ERR] more than 76 frames of late video -> dropping frame (computer too slow ?)
[WARN] picture is too late to be displayed (missing 117240 ms)
[WARN] picture is too late to be displayed (missing 117073 ms)
[WARN] picture is too late to be displayed (missing 117023 ms)
[WARN] picture is too late to be displayed (missing 116990 ms)
[WARN] picture is too late to be displayed (missing 116940 ms)
[WARN] picture is too late to be displayed (missing 116906 ms)
[WARN] picture is too late to be displayed (missing 116858 ms)
[WARN] picture is too late to be displayed (missing 116825 ms)
[WARN] picture is too late to be displayed (missing 116776 ms)
[WARN] picture is too late to be displayed (missing 116743 ms)
[ERR] more than 87 frames of late video -> dropping frame (computer too slow ?)
[WARN] picture is too late to be displayed (missing 116693 ms)
[ERR] more than 87 frames of late video -> dropping frame (computer too slow ?)
[ERR] more than 87 frames of late video -> dropping frame (computer too slow ?)
[ERR] more than 87 frames of late video -> dropping frame (computer too slow ?)
[ERR] more than 87 frames of late video -> dropping frame (computer too slow ?)
[ERR] more than 87 frames of late video -> dropping frame (computer too slow ?)
[ERR] more than 87 frames of late video -> dropping frame (computer too slow ?)
[ERR] more than 88 frames of late video -> dropping frame (computer too slow ?)
[ERR] more than 88 frames of late video -> dropping frame (computer too slow ?)
[WARN] picture is too late to be displayed (missing 116611 ms)
[ERR] more than 88 frames of late video -> dropping frame (computer too slow ?)
[ERR] more than 88 frames of late video -> dropping frame (computer too slow ?)
[ERR] more than 88 frames of late video -> dropping frame (computer too slow ?)
[WARN] picture is too late to be displayed (missing 116244 ms)
[WARN] picture is too late to be displayed (missing 116078 ms)
[WARN] picture is too late to be displayed (missing 116028 ms)
[WARN] picture is too late to be displayed (missing 115995 ms)
[WARN] picture is too late to be displayed (missing 115946 ms)
[WARN] picture is too late to be displayed (missing 115912 ms)
[WARN] picture is too late to be displayed (missing 115863 ms)
[WARN] picture is too late to be displayed (missing 115830 ms)
[WARN] picture is too late to be displayed (missing 115781 ms)
[WARN] picture is too late to be displayed (missing 115748 ms)
[ERR] more than 99 frames of late video -> dropping frame (computer too slow ?)
[WARN] picture is too late to be displayed (missing 115698 ms)
[ERR] more than 99 frames of late video -> dropping frame (computer too slow ?)
[ERR] more than 99 frames of late video -> dropping frame (computer too slow ?)
[ERR] more than 99 frames of late video -> dropping frame (computer too slow ?)
[ERR] more than 99 frames of late video -> dropping frame (computer too slow ?)
[ERR] more than 99 frames of late video -> dropping frame (computer too slow ?)
[ERR] more than 99 frames of late video -> dropping frame (computer too slow ?)
[ERR] more than 100 frames of late video -> dropping frame (computer too slow ?)
[WARN] picture is too late to be displayed (missing 115616 ms)
[ERR] more than 100 frames of late video -> dropping frame (computer too slow ?)
[ERR] more than 100 frames of late video -> dropping frame (computer too slow ?)
[ERR] more than 100 frames of late video -> dropping frame (computer too slow ?)
[ERR] more than 100 frames of late video -> dropping frame (computer too slow ?)
[WARN] picture is too late to be displayed (missing 115249 ms)
[WARN] picture is too late to be displayed (missing 115082 ms)
[WARN] picture is too late to be displayed (missing 115033 ms)
[WARN] picture is too late to be displayed (missing 115000 ms)
[WARN] picture is too late to be displayed (missing 114950 ms)
[WARN] picture is too late to be displayed (missing 114917 ms)
[WARN] picture is too late to be displayed (missing 114868 ms)
[WARN] picture is too late to be displayed (missing 114835 ms)
[WARN] picture is too late to be displayed (missing 114785 ms)
[WARN] picture is too late to be displayed (missing 114752 ms)
[ERR] more than 111 frames of late video -> dropping frame (computer too slow ?)
[WARN] picture is too late to be displayed (missing 114703 ms)
[ERR] more than 111 frames of late video -> dropping frame (computer too slow ?)
[ERR] more than 111 frames of late video -> dropping frame (computer too slow ?)
[ERR] more than 111 frames of late video -> dropping frame (computer too slow ?)
[ERR] more than 111 frames of late video -> dropping frame (computer too slow ?)
[ERR] more than 111 frames of late video -> dropping frame (computer too slow ?)
[ERR] more than 111 frames of late video -> dropping frame (computer too slow ?)
[WARN] picture is too late to be displayed (missing 114628 ms)
[ERR] more than 112 frames of late video -> dropping frame (computer too slow ?)
[ERR] more than 112 frames of late video -> dropping frame (computer too slow ?)
[ERR] more than 112 frames of late video -> dropping frame (computer too slow ?)
[ERR] more than 112 frames of late video -> dropping frame (computer too slow ?)
[ERR] more than 112 frames of late video -> dropping frame (computer too slow ?)
[WARN] picture is too late to be displayed (missing 114262 ms)
[WARN] picture is too late to be displayed (missing 114096 ms)
[WARN] picture is too late to be displayed (missing 114046 ms)
[WARN] picture is too late to be displayed (missing 114013 ms)
[WARN] picture is too late to be displayed (missing 113964 ms)
[WARN] picture is too late to be displayed (missing 113930 ms)
[WARN] picture is too late to be displayed (missing 113882 ms)
[WARN] picture is too late to be displayed (missing 113850 ms)
[WARN] picture is too late to be displayed (missing 113800 ms)
[WARN] picture is too late to be displayed (missing 113768 ms)
[ERR] more than 123 frames of late video -> dropping frame (computer too slow ?)
[WARN] picture is too late to be displayed (missing 113718 ms)
[ERR] more than 123 frames of late video -> dropping frame (computer too slow ?)
[ERR] more than 123 frames of late video -> dropping frame (computer too slow ?)
[ERR] more than 123 frames of late video -> dropping frame (computer too slow ?)
[ERR] more than 123 frames of late video -> dropping frame (computer too slow ?)
[ERR] more than 123 frames of late video -> dropping frame (computer too slow ?)
[ERR] more than 123 frames of late video -> dropping frame (computer too slow ?)
[ERR] more than 124 frames of late video -> dropping frame (computer too slow ?)
[WARN] picture is too late to be displayed (missing 113637 ms)
[ERR] more than 124 frames of late video -> dropping frame (computer too slow ?)
[ERR] more than 124 frames of late video -> dropping frame (computer too slow ?)
[ERR] more than 124 frames of late video -> dropping frame (computer too slow ?)
[ERR] more than 124 frames of late video -> dropping frame (computer too slow ?)
[WARN] picture is too late to be displayed (missing 113271 ms)
[WARN] picture is too late to be displayed (missing 113104 ms)
[WARN] picture is too late to be displayed (missing 113055 ms)
[WARN] picture is too late to be displayed (missing 113023 ms)
[WARN] picture is too late to be displayed (missing 112973 ms)
[WARN] picture is too late to be displayed (missing 112940 ms)
[WARN] picture is too late to be displayed (missing 112891 ms)
[WARN] picture is too late to be displayed (missing 112859 ms)
[WARN] picture is too late to be displayed (missing 112809 ms)
[WARN] picture is too late to be displayed (missing 112777 ms)
[ERR] more than 135 frames of late video -> dropping frame (computer too slow ?)
[WARN] picture is too late to be displayed (missing 112727 ms)
[ERR] more than 135 frames of late video -> dropping frame (computer too slow ?)
[ERR] more than 135 frames of late video -> dropping frame (computer too slow ?)
[ERR] more than 135 frames of late video -> dropping frame (computer too slow ?)
[ERR] more than 135 frames of late video -> dropping frame (computer too slow ?)
[ERR] more than 135 frames of late video -> dropping frame (computer too slow ?)
[ERR] more than 135 frames of late video -> dropping frame (computer too slow ?)
[ERR] more than 136 frames of late video -> dropping frame (computer too slow ?)
[ERR] more than 136 frames of late video -> dropping frame (computer too slow ?)
[WARN] picture is too late to be displayed (missing 112645 ms)
[ERR] more than 136 frames of late video -> dropping frame (computer too slow ?)
[ERR] more than 136 frames of late video -> dropping frame (computer too slow ?)
[ERR] more than 136 frames of late video -> dropping frame (computer too slow ?)
[WARN] picture is too late to be displayed (missing 112279 ms)
[WARN] picture is too late to be displayed (missing 112112 ms)
[WARN] picture is too late to be displayed (missing 112063 ms)
[WARN] picture is too late to be displayed (missing 112030 ms)
[WARN] picture is too late to be displayed (missing 111981 ms)
[WARN] picture is too late to be displayed (missing 111947 ms)
[WARN] picture is too late to be displayed (missing 111899 ms)
[WARN] picture is too late to be displayed (missing 111866 ms)
[WARN] picture is too late to be displayed (missing 111816 ms)
[WARN] picture is too late to be displayed (missing 111784 ms)
[ERR] more than 147 frames of late video -> dropping frame (computer too slow ?)
[WARN] picture is too late to be displayed (missing 111734 ms)
[ERR] more than 147 frames of late video -> dropping frame (computer too slow ?)
[ERR] more than 147 frames of late video -> dropping frame (computer too slow ?)
[ERR] more than 147 frames of late video -> dropping frame (computer too slow ?)
[ERR] more than 147 frames of late video -> dropping frame (computer too slow ?)
[ERR] more than 147 frames of late video -> dropping frame (computer too slow ?)
[ERR] more than 147 frames of late video -> dropping frame (computer too slow ?)
[ERR] more than 148 frames of late video -> dropping frame (computer too slow ?)
[WARN] picture is too late to be displayed (missing 111652 ms)
[ERR] more than 148 frames of late video -> dropping frame (computer too slow ?)
[ERR] more than 148 frames of late video -> dropping frame (computer too slow ?)
[ERR] more than 148 frames of late video -> dropping frame (computer too slow ?)
[ERR] more than 148 frames of late video -> dropping frame (computer too slow ?)
[WARN] picture is too late to be displayed (missing 111285 ms)
[WARN] picture is too late to be displayed (missing 111119 ms)
[WARN] picture is too late to be displayed (missing 111069 ms)
[WARN] picture is too late to be displayed (missing 111037 ms)
[WARN] picture is too late to be displayed (missing 110987 ms)
[WARN] picture is too late to be displayed (missing 110953 ms)
[WARN] picture is too late to be displayed (missing 110905 ms)
[WARN] picture is too late to be displayed (missing 110872 ms)
[WARN] picture is too late to be displayed (missing 110822 ms)
[WARN] picture is too late to be displayed (missing 110790 ms)
[ERR] more than 159 frames of late video -> dropping frame (computer too slow ?)
[WARN] picture is too late to be displayed (missing 110740 ms)
[ERR] more than 159 frames of late video -> dropping frame (computer too slow ?)
[ERR] more than 159 frames of late video -> dropping frame (computer too slow ?)
[ERR] more than 159 frames of late video -> dropping frame (computer too slow ?)
[ERR] more than 159 frames of late video -> dropping frame (computer too slow ?)
[ERR] more than 159 frames of late video -> dropping frame (computer too slow ?)
[ERR] more than 159 frames of late video -> dropping frame (computer too slow ?)
[ERR] more than 160 frames of late video -> dropping frame (computer too slow ?)
[ERR] more than 160 frames of late video -> dropping frame (computer too slow ?)
[WARN] picture is too late to be displayed (missing 110658 ms)
[ERR] more than 160 frames of late video -> dropping frame (computer too slow ?)
[ERR] more than 160 frames of late video -> dropping frame (computer too slow ?)
[ERR] more than 160 frames of late video -> dropping frame (computer too slow ?)
[WARN] picture is too late to be displayed (missing 110291 ms)
[WARN] picture is too late to be displayed (missing 110125 ms)
[WARN] picture is too late to be displayed (missing 110075 ms)
[WARN] picture is too late to be displayed (missing 110042 ms)
[WARN] picture is too late to be displayed (missing 109993 ms)
[WARN] picture is too late to be displayed (missing 109959 ms)
[WARN] picture is too late to be displayed (missing 109910 ms)
[WARN] picture is too late to be displayed (missing 109877 ms)
[WARN] picture is too late to be displayed (missing 109828 ms)
[WARN] picture is too late to be displayed (missing 109795 ms)
[ERR] more than 171 frames of late video -> dropping frame (computer too slow ?)
[WARN] picture is too late to be displayed (missing 109745 ms)
[ERR] more than 171 frames of late video -> dropping frame (computer too slow ?)
[ERR] more than 171 frames of late video -> dropping frame (computer too slow ?)
[ERR] more than 171 frames of late video -> dropping frame (computer too slow ?)
[ERR] more than 171 frames of late video -> dropping frame (computer too slow ?)
[ERR] more than 171 frames of late video -> dropping frame (computer too slow ?)
[ERR] more than 171 frames of late video -> dropping frame (computer too slow ?)
[ERR] more than 172 frames of late video -> dropping frame (computer too slow ?)
[WARN] picture is too late to be displayed (missing 109663 ms)
[ERR] more than 172 frames of late video -> dropping frame (computer too slow ?)
[ERR] more than 172 frames of late video -> dropping frame (computer too slow ?)
[ERR] more than 172 frames of late video -> dropping frame (computer too slow ?)
[ERR] more than 172 frames of late video -> dropping frame (computer too slow ?)
[WARN] picture is too late to be displayed (missing 109296 ms)
[WARN] picture is too late to be displayed (missing 109130 ms)
[WARN] picture is too late to be displayed (missing 109080 ms)
[WARN] picture is too late to be displayed (missing 109047 ms)
[WARN] picture is too late to be displayed (missing 108998 ms)
[WARN] picture is too late to be displayed (missing 108964 ms)
[WARN] picture is too late to be displayed (missing 108915 ms)
[WARN] picture is too late to be displayed (missing 108882 ms)
[WARN] picture is too late to be displayed (missing 108832 ms)
[WARN] picture is too late to be displayed (missing 108800 ms)
[ERR] more than 183 frames of late video -> dropping frame (computer too slow ?)
[WARN] picture is too late to be displayed (missing 108750 ms)
[ERR] more than 183 frames of late video -> dropping frame (computer too slow ?)
[ERR] more than 183 frames of late video -> dropping frame (computer too slow ?)
[ERR] more than 183 frames of late video -> dropping frame (computer too slow ?)
[ERR] more than 183 frames of late video -> dropping frame (computer too slow ?)
[ERR] more than 183 frames of late video -> dropping frame (computer too slow ?)
[ERR] more than 183 frames of late video -> dropping frame (computer too slow ?)
[ERR] more than 184 frames of late video -> dropping frame (computer too slow ?)
[ERR] more than 184 frames of late video -> dropping frame (computer too slow ?)
[WARN] picture is too late to be displayed (missing 108668 ms)
[ERR] more than 184 frames of late video -> dropping frame (computer too slow ?)
[ERR] more than 184 frames of late video -> dropping frame (computer too slow ?)
[ERR] more than 184 frames of late video -> dropping frame (computer too slow ?)
[WARN] picture is too late to be displayed (missing 108301 ms)
[WARN] picture is too late to be displayed (missing 108135 ms)
[WARN] picture is too late to be displayed (missing 108085 ms)
[WARN] picture is too late to be displayed (missing 108052 ms)
[WARN] picture is too late to be displayed (missing 108002 ms)
[WARN] picture is too late to be displayed (missing 107968 ms)
[WARN] picture is too late to be displayed (missing 107920 ms)
[WARN] picture is too late to be displayed (missing 107887 ms)
[WARN] picture is too late to be displayed (missing 107837 ms)
[WARN] picture is too late to be displayed (missing 107804 ms)
[ERR] more than 195 frames of late video -> dropping frame (computer too slow ?)
[WARN] picture is too late to be displayed (missing 107755 ms)
[ERR] more than 195 frames of late video -> dropping frame (computer too slow ?)
[ERR] more than 195 frames of late video -> dropping frame (computer too slow ?)
[ERR] more than 195 frames of late video -> dropping frame (computer too slow ?)
[ERR] more than 195 frames of late video -> dropping frame (computer too slow ?)
[ERR] more than 195 frames of late video -> dropping frame (computer too slow ?)
[ERR] more than 195 frames of late video -> dropping frame (computer too slow ?)
[ERR] more than 196 frames of late video -> dropping frame (computer too slow ?)
[WARN] picture is too late to be displayed (missing 107672 ms)
[ERR] more than 196 frames of late video -> dropping frame (computer too slow ?)
[ERR] more than 196 frames of late video -> dropping frame (computer too slow ?)
[ERR] more than 196 frames of late video -> dropping frame (computer too slow ?)
[ERR] more than 196 frames of late video -> dropping frame (computer too slow ?)
[WARN] picture is too late to be displayed (missing 107305 ms)
[WARN] picture is too late to be displayed (missing 107139 ms)
[WARN] picture is too late to be displayed (missing 107089 ms)
[WARN] picture is too late to be displayed (missing 107056 ms)
[WARN] picture is too late to be displayed (missing 107007 ms)
[WARN] picture is too late to be displayed (missing 106973 ms)
[WARN] picture is too late to be displayed (missing 106924 ms)
[WARN] picture is too late to be displayed (missing 106891 ms)
[WARN] picture is too late to be displayed (missing 106842 ms)
[WARN] picture is too late to be displayed (missing 106809 ms)
[ERR] more than 207 frames of late video -> dropping frame (computer too slow ?)
[WARN] picture is too late to be displayed (missing 106759 ms)
[ERR] more than 207 frames of late video -> dropping frame (computer too slow ?)
[ERR] more than 207 frames of late video -> dropping frame (computer too slow ?)
[ERR] more than 207 frames of late video -> dropping frame (computer too slow ?)
[ERR] more than 207 frames of late video -> dropping frame (computer too slow ?)
[ERR] more than 207 frames of late video -> dropping frame (computer too slow ?)
[ERR] more than 207 frames of late video -> dropping frame (computer too slow ?)
[ERR] more than 208 frames of late video -> dropping frame (computer too slow ?)
[WARN] picture is too late to be displayed (missing 106676 ms)
[ERR] more than 208 frames of late video -> dropping frame (computer too slow ?)
[ERR] more than 208 frames of late video -> dropping frame (computer too slow ?)
[ERR] more than 208 frames of late video -> dropping frame (computer too slow ?)
[ERR] more than 208 frames of late video -> dropping frame (computer too slow ?)
[WARN] picture is too late to be displayed (missing 106310 ms)
[WARN] picture is too late to be displayed (missing 106143 ms)
[WARN] picture is too late to be displayed (missing 106093 ms)
[WARN] picture is too late to be displayed (missing 106061 ms)
[WARN] picture is too late to be displayed (missing 106011 ms)
[WARN] picture is too late to be displayed (missing 105977 ms)
[WARN] picture is too late to be displayed (missing 105928 ms)
[WARN] picture is too late to be displayed (missing 105896 ms)
[WARN] picture is too late to be displayed (missing 105846 ms)
[WARN] picture is too late to be displayed (missing 105814 ms)
[ERR] more than 219 frames of late video -> dropping frame (computer too slow ?)
[WARN] picture is too late to be displayed (missing 105764 ms)
[ERR] more than 219 frames of late video -> dropping frame (computer too slow ?)
[ERR] more than 219 frames of late video -> dropping frame (computer too slow ?)
[ERR] more than 219 frames of late video -> dropping frame (computer too slow ?)
[ERR] more than 219 frames of late video -> dropping frame (computer too slow ?)
[ERR] more than 219 frames of late video -> dropping frame (computer too slow ?)
[ERR] more than 219 frames of late video -> dropping frame (computer too slow ?)
[ERR] more than 220 frames of late video -> dropping frame (computer too slow ?)
[ERR] more than 220 frames of late video -> dropping frame (computer too slow ?)
[WARN] picture is too late to be displayed (missing 105681 ms)
[ERR] more than 220 frames of late video -> dropping frame (computer too slow ?)
[ERR] more than 220 frames of late video -> dropping frame (computer too slow ?)
[ERR] more than 220 frames of late video -> dropping frame (computer too slow ?)
[WARN] picture is too late to be displayed (missing 105315 ms)
[WARN] picture is too late to be displayed (missing 105148 ms)
[WARN] picture is too late to be displayed (missing 105098 ms)
[WARN] picture is too late to be displayed (missing 105066 ms)
[WARN] picture is too late to be displayed (missing 105016 ms)
[WARN] picture is too late to be displayed (missing 104983 ms)
[WARN] picture is too late to be displayed (missing 104934 ms)
[WARN] picture is too late to be displayed (missing 104901 ms)
[WARN] picture is too late to be displayed (missing 104851 ms)
[WARN] picture is too late to be displayed (missing 104819 ms)
[ERR] more than 231 frames of late video -> dropping frame (computer too slow ?)
[ERR] more than 231 frames of late video -> dropping frame (computer too slow ?)
[WARN] picture is too late to be displayed (missing 104769 ms)
[ERR] more than 231 frames of late video -> dropping frame (computer too slow ?)
[ERR] more than 231 frames of late video -> dropping frame (computer too slow ?)
[ERR] more than 231 frames of late video -> dropping frame (computer too slow ?)
[ERR] more than 231 frames of late video -> dropping frame (computer too slow ?)
[ERR] more than 231 frames of late video -> dropping frame (computer too slow ?)
[ERR] more than 232 frames of late video -> dropping frame (computer too slow ?)
[WARN] picture is too late to be displayed (missing 104686 ms)
[ERR] more than 232 frames of late video -> dropping frame (computer too slow ?)
[ERR] more than 232 frames of late video -> dropping frame (computer too slow ?)
[ERR] more than 232 frames of late video -> dropping frame (computer too slow ?)
[ERR] more than 232 frames of late video -> dropping frame (computer too slow ?)
[WARN] picture is too late to be displayed (missing 104320 ms)
[WARN] picture is too late to be displayed (missing 104153 ms)
[WARN] picture is too late to be displayed (missing 104103 ms)
[WARN] picture is too late to be displayed (missing 104070 ms)
[WARN] picture is too late to be displayed (missing 104021 ms)
[WARN] picture is too late to be displayed (missing 103987 ms)
[WARN] picture is too late to be displayed (missing 103938 ms)
[WARN] picture is too late to be displayed (missing 103905 ms)
[WARN] picture is too late to be displayed (missing 103855 ms)
[WARN] picture is too late to be displayed (missing 103822 ms)
[ERR] more than 243 frames of late video -> dropping frame (computer too slow ?)
[WARN] picture is too late to be displayed (missing 103773 ms)
[ERR] more than 243 frames of late video -> dropping frame (computer too slow ?)
[ERR] more than 243 frames of late video -> dropping frame (computer too slow ?)
[ERR] more than 243 frames of late video -> dropping frame (computer too slow ?)
[ERR] more than 243 frames of late video -> dropping frame (computer too slow ?)
[ERR] more than 243 frames of late video -> dropping frame (computer too slow ?)
[ERR] more than 243 frames of late video -> dropping frame (computer too slow ?)
[ERR] more than 244 frames of late video -> dropping frame (computer too slow ?)
[WARN] picture is too late to be displayed (missing 103690 ms)
[ERR] more than 244 frames of late video -> dropping frame (computer too slow ?)
[ERR] more than 244 frames of late video -> dropping frame (computer too slow ?)
[ERR] more than 244 frames of late video -> dropping frame (computer too slow ?)
[ERR] more than 244 frames of late video -> dropping frame (computer too slow ?)
[WARN] picture is too late to be displayed (missing 103323 ms)
[WARN] picture is too late to be displayed (missing 103157 ms)
[WARN] picture is too late to be displayed (missing 103107 ms)
[WARN] picture is too late to be displayed (missing 103075 ms)
[WARN] picture is too late to be displayed (missing 103025 ms)
[WARN] picture is too late to be displayed (missing 102991 ms)
[WARN] picture is too late to be displayed (missing 102942 ms)
[WARN] picture is too late to be displayed (missing 102910 ms)
[WARN] picture is too late to be displayed (missing 102860 ms)
[WARN] picture is too late to be displayed (missing 102827 ms)
[ERR] more than 255 frames of late video -> dropping frame (computer too slow ?)
[WARN] picture is too late to be displayed (missing 102778 ms)
[ERR] more than 255 frames of late video -> dropping frame (computer too slow ?)
[ERR] more than 255 frames of late video -> dropping frame (computer too slow ?)
[ERR] more than 255 frames of late video -> dropping frame (computer too slow ?)
[ERR] more than 255 frames of late video -> dropping frame (computer too slow ?)
[ERR] more than 255 frames of late video -> dropping frame (computer too slow ?)
[ERR] more than 255 frames of late video -> dropping frame (computer too slow ?)
[ERR] more than 256 frames of late video -> dropping frame (computer too slow ?)
[WARN] picture is too late to be displayed (missing 102695 ms)
[ERR] more than 256 frames of late video -> dropping frame (computer too slow ?)
[ERR] more than 256 frames of late video -> dropping frame (computer too slow ?)
[ERR] more than 256 frames of late video -> dropping frame (computer too slow ?)
[ERR] more than 256 frames of late video -> dropping frame (computer too slow ?)
[WARN] picture is too late to be displayed (missing 102329 ms)
[WARN] picture is too late to be displayed (missing 102162 ms)
[WARN] picture is too late to be displayed (missing 102112 ms)
[WARN] picture is too late to be displayed (missing 102080 ms)
[WARN] picture is too late to be displayed (missing 102030 ms)
[WARN] picture is too late to be displayed (missing 101996 ms)
[WARN] picture is too late to be displayed (missing 101947 ms)
[WARN] picture is too late to be displayed (missing 101915 ms)
[WARN] picture is too late to be displayed (missing 101865 ms)
[WARN] picture is too late to be displayed (missing 101833 ms)
[ERR] more than 267 frames of late video -> dropping frame (computer too slow ?)
[WARN] picture is too late to be displayed (missing 101783 ms)
[ERR] more than 267 frames of late video -> dropping frame (computer too slow ?)
[ERR] more than 267 frames of late video -> dropping frame (computer too slow ?)
[ERR] more than 267 frames of late video -> dropping frame (computer too slow ?)
[ERR] more than 267 frames of late video -> dropping frame (computer too slow ?)
[ERR] more than 267 frames of late video -> dropping frame (computer too slow ?)
[ERR] more than 267 frames of late video -> dropping frame (computer too slow ?)
[ERR] more than 268 frames of late video -> dropping frame (computer too slow ?)
[WARN] picture is too late to be displayed (missing 101700 ms)
[ERR] more than 268 frames of late video -> dropping frame (computer too slow ?)
[ERR] more than 268 frames of late video -> dropping frame (computer too slow ?)
[ERR] more than 268 frames of late video -> dropping frame (computer too slow ?)
[ERR] more than 268 frames of late video -> dropping frame (computer too slow ?)
[WARN] picture is too late to be displayed (missing 101334 ms)
[WARN] picture is too late to be displayed (missing 101167 ms)
[WARN] picture is too late to be displayed (missing 101117 ms)
[WARN] picture is too late to be displayed (missing 101085 ms)
[WARN] picture is too late to be displayed (missing 101035 ms)
[WARN] picture is too late to be displayed (missing 101002 ms)
[WARN] picture is too late to be displayed (missing 100953 ms)
[WARN] picture is too late to be displayed (missing 100920 ms)
[WARN] picture is too late to be displayed (missing 100870 ms)
[WARN] picture is too late to be displayed (missing 100838 ms)
[ERR] more than 279 frames of late video -> dropping frame (computer too slow ?)
[WARN] picture is too late to be displayed (missing 100788 ms)
[ERR] more than 279 frames of late video -> dropping frame (computer too slow ?)
[ERR] more than 279 frames of late video -> dropping frame (computer too slow ?)
[ERR] more than 279 frames of late video -> dropping frame (computer too slow ?)
[ERR] more than 279 frames of late video -> dropping frame (computer too slow ?)
[ERR] more than 279 frames of late video -> dropping frame (computer too slow ?)
[ERR] more than 279 frames of late video -> dropping frame (computer too slow ?)
[ERR] more than 280 frames of late video -> dropping frame (computer too slow ?)
[ERR] more than 280 frames of late video -> dropping frame (computer too slow ?)
[WARN] picture is too late to be displayed (missing 100705 ms)
[ERR] more than 280 frames of late video -> dropping frame (computer too slow ?)
[ERR] more than 280 frames of late video -> dropping frame (computer too slow ?)
[ERR] more than 280 frames of late video -> dropping frame (computer too slow ?)
[WARN] picture is too late to be displayed (missing 100339 ms)
[WARN] picture is too late to be displayed (missing 100172 ms)
[WARN] picture is too late to be displayed (missing 100123 ms)
[WARN] picture is too late to be displayed (missing 100090 ms)
[WARN] picture is too late to be displayed (missing 100040 ms)
[WARN] picture is too late to be displayed (missing 100007 ms)
[WARN] picture is too late to be displayed (missing 99958 ms)
[WARN] picture is too late to be displayed (missing 99925 ms)
[WARN] picture is too late to be displayed (missing 99875 ms)
[WARN] picture is too late to be displayed (missing 99843 ms)
[ERR] more than 291 frames of late video -> dropping frame (computer too slow ?)
[WARN] picture is too late to be displayed (missing 99793 ms)
[ERR] more than 291 frames of late video -> dropping frame (computer too slow ?)
[ERR] more than 291 frames of late video -> dropping frame (computer too slow ?)
[ERR] more than 291 frames of late video -> dropping frame (computer too slow ?)
[ERR] more than 291 frames of late video -> dropping frame (computer too slow ?)
[ERR] more than 291 frames of late video -> dropping frame (computer too slow ?)
[ERR] more than 291 frames of late video -> dropping frame (computer too slow ?)
[ERR] more than 292 frames of late video -> dropping frame (computer too slow ?)
[ERR] more than 292 frames of late video -> dropping frame (computer too slow ?)
[WARN] picture is too late to be displayed (missing 99710 ms)
[ERR] more than 292 frames of late video -> dropping frame (computer too slow ?)
[ERR] more than 292 frames of late video -> dropping frame (computer too slow ?)
[ERR] more than 292 frames of late video -> dropping frame (computer too slow ?)
[WARN] picture is too late to be displayed (missing 99344 ms)
[WARN] picture is too late to be displayed (missing 99177 ms)
[WARN] picture is too late to be displayed (missing 99128 ms)
[WARN] picture is too late to be displayed (missing 99095 ms)
[WARN] picture is too late to be displayed (missing 99045 ms)
[WARN] picture is too late to be displayed (missing 99011 ms)
[WARN] picture is too late to be displayed (missing 98963 ms)
[WARN] picture is too late to be displayed (missing 98930 ms)
[WARN] picture is too late to be displayed (missing 98880 ms)
[WARN] picture is too late to be displayed (missing 98847 ms)
[ERR] more than 303 frames of late video -> dropping frame (computer too slow ?)
[WARN] picture is too late to be displayed (missing 98798 ms)
[ERR] more than 303 frames of late video -> dropping frame (computer too slow ?)
[ERR] more than 303 frames of late video -> dropping frame (computer too slow ?)
[ERR] more than 303 frames of late video -> dropping frame (computer too slow ?)
[ERR] more than 303 frames of late video -> dropping frame (computer too slow ?)
[ERR] more than 303 frames of late video -> dropping frame (computer too slow ?)
[ERR] more than 303 frames of late video -> dropping frame (computer too slow ?)
[ERR] more than 304 frames of late video -> dropping frame (computer too slow ?)
[WARN] picture is too late to be displayed (missing 98715 ms)
[ERR] more than 304 frames of late video -> dropping frame (computer too slow ?)
[ERR] more than 304 frames of late video -> dropping frame (computer too slow ?)
[ERR] more than 304 frames of late video -> dropping frame (computer too slow ?)
[ERR] more than 304 frames of late video -> dropping frame (computer too slow ?)
[WARN] picture is too late to be displayed (missing 98349 ms)
[WARN] picture is too late to be displayed (missing 98182 ms)
[WARN] picture is too late to be displayed (missing 98132 ms)
[WARN] picture is too late to be displayed (missing 98100 ms)
[WARN] picture is too late to be displayed (missing 98050 ms)
[WARN] picture is too late to be displayed (missing 98016 ms)
[WARN] picture is too late to be displayed (missing 97967 ms)
[WARN] picture is too late to be displayed (missing 97935 ms)
[WARN] picture is too late to be displayed (missing 97885 ms)
[WARN] picture is too late to be displayed (missing 97852 ms)
[ERR] more than 315 frames of late video -> dropping frame (computer too slow ?)
[WARN] picture is too late to be displayed (missing 97803 ms)
[ERR] more than 315 frames of late video -> dropping frame (computer too slow ?)
[ERR] more than 315 frames of late video -> dropping frame (computer too slow ?)
[ERR] more than 315 frames of late video -> dropping frame (computer too slow ?)
[ERR] more than 315 frames of late video -> dropping frame (computer too slow ?)
[ERR] more than 315 frames of late video -> dropping frame (computer too slow ?)
[ERR] more than 315 frames of late video -> dropping frame (computer too slow ?)
[ERR] more than 316 frames of late video -> dropping frame (computer too slow ?)
[ERR] more than 316 frames of late video -> dropping frame (computer too slow ?)
[WARN] picture is too late to be displayed (missing 97720 ms)
[ERR] more than 316 frames of late video -> dropping frame (computer too slow ?)
[ERR] more than 316 frames of late video -> dropping frame (computer too slow ?)
[ERR] more than 316 frames of late video -> dropping frame (computer too slow ?)
[WARN] picture is too late to be displayed (missing 97354 ms)
[WARN] picture is too late to be displayed (missing 97187 ms)
[WARN] picture is too late to be displayed (missing 97137 ms)
[WARN] picture is too late to be displayed (missing 97105 ms)
[WARN] picture is too late to be displayed (missing 97055 ms)
[WARN] picture is too late to be displayed (missing 97021 ms)
[WARN] picture is too late to be displayed (missing 96972 ms)
[WARN] picture is too late to be displayed (missing 96940 ms)
[WARN] picture is too late to be displayed (missing 96890 ms)
[WARN] picture is too late to be displayed (missing 96857 ms)
[ERR] more than 327 frames of late video -> dropping frame (computer too slow ?)
[WARN] picture is too late to be displayed (missing 96808 ms)
[ERR] more than 327 frames of late video -> dropping frame (computer too slow ?)
[ERR] more than 327 frames of late video -> dropping frame (computer too slow ?)
[ERR] more than 327 frames of late video -> dropping frame (computer too slow ?)
[ERR] more than 327 frames of late video -> dropping frame (computer too slow ?)
[ERR] more than 327 frames of late video -> dropping frame (computer too slow ?)
[ERR] more than 327 frames of late video -> dropping frame (computer too slow ?)
[ERR] more than 328 frames of late video -> dropping frame (computer too slow ?)
[WARN] picture is too late to be displayed (missing 96725 ms)
[ERR] more than 328 frames of late video -> dropping frame (computer too slow ?)
[ERR] more than 328 frames of late video -> dropping frame (computer too slow ?)
[ERR] more than 328 frames of late video -> dropping frame (computer too slow ?)
[ERR] more than 328 frames of late video -> dropping frame (computer too slow ?)
[WARN] picture is too late to be displayed (missing 96359 ms)
[WARN] picture is too late to be displayed (missing 96192 ms)
[WARN] picture is too late to be displayed (missing 96142 ms)
[WARN] picture is too late to be displayed (missing 96110 ms)
[WARN] picture is too late to be displayed (missing 96060 ms)
[WARN] picture is too late to be displayed (missing 96026 ms)
[WARN] picture is too late to be displayed (missing 95977 ms)
[WARN] picture is too late to be displayed (missing 95945 ms)
[WARN] picture is too late to be displayed (missing 95895 ms)
[WARN] picture is too late to be displayed (missing 95863 ms)
[ERR] more than 339 frames of late video -> dropping frame (computer too slow ?)
[WARN] picture is too late to be displayed (missing 95813 ms)
[ERR] more than 339 frames of late video -> dropping frame (computer too slow ?)
[ERR] more than 339 frames of late video -> dropping frame (computer too slow ?)
[ERR] more than 339 frames of late video -> dropping frame (computer too slow ?)
[ERR] more than 339 frames of late video -> dropping frame (computer too slow ?)
[ERR] more than 339 frames of late video -> dropping frame (computer too slow ?)
[ERR] more than 339 frames of late video -> dropping frame (computer too slow ?)
[ERR] more than 340 frames of late video -> dropping frame (computer too slow ?)
[WARN] picture is too late to be displayed (missing 95730 ms)
[ERR] more than 340 frames of late video -> dropping frame (computer too slow ?)
[ERR] more than 340 frames of late video -> dropping frame (computer too slow ?)
[ERR] more than 340 frames of late video -> dropping frame (computer too slow ?)
[ERR] more than 340 frames of late video -> dropping frame (computer too slow ?)
[WARN] picture is too late to be displayed (missing 95364 ms)
[WARN] picture is too late to be displayed (missing 95197 ms)
[WARN] picture is too late to be displayed (missing 95147 ms)
[WARN] picture is too late to be displayed (missing 95115 ms)
[WARN] picture is too late to be displayed (missing 95065 ms)
[WARN] picture is too late to be displayed (missing 95031 ms)
[WARN] picture is too late to be displayed (missing 94983 ms)
[WARN] picture is too late to be displayed (missing 94950 ms)
[WARN] picture is too late to be displayed (missing 94900 ms)
[WARN] picture is too late to be displayed (missing 94868 ms)
[ERR] more than 351 frames of late video -> dropping frame (computer too slow ?)
[WARN] picture is too late to be displayed (missing 94818 ms)
[ERR] more than 351 frames of late video -> dropping frame (computer too slow ?)
[ERR] more than 351 frames of late video -> dropping frame (computer too slow ?)
[ERR] more than 351 frames of late video -> dropping frame (computer too slow ?)
[ERR] more than 351 frames of late video -> dropping frame (computer too slow ?)
[ERR] more than 351 frames of late video -> dropping frame (computer too slow ?)
[ERR] more than 351 frames of late video -> dropping frame (computer too slow ?)
[ERR] more than 352 frames of late video -> dropping frame (computer too slow ?)
[WARN] picture is too late to be displayed (missing 94735 ms)
[ERR] more than 352 frames of late video -> dropping frame (computer too slow ?)
[ERR] more than 352 frames of late video -> dropping frame (computer too slow ?)
[ERR] more than 352 frames of late video -> dropping frame (computer too slow ?)
[ERR] more than 352 frames of late video -> dropping frame (computer too slow ?)
[WARN] picture is too late to be displayed (missing 94369 ms)
[WARN] picture is too late to be displayed (missing 94202 ms)
[WARN] picture is too late to be displayed (missing 94152 ms)
[WARN] picture is too late to be displayed (missing 94120 ms)
[WARN] picture is too late to be displayed (missing 94070 ms)
[WARN] picture is too late to be displayed (missing 94037 ms)
[WARN] picture is too late to be displayed (missing 93988 ms)
[WARN] picture is too late to be displayed (missing 93955 ms)
[WARN] picture is too late to be displayed (missing 93905 ms)
[WARN] picture is too late to be displayed (missing 93873 ms)
[ERR] more than 363 frames of late video -> dropping frame (computer too slow ?)
[WARN] picture is too late to be displayed (missing 93823 ms)
[ERR] more than 363 frames of late video -> dropping frame (computer too slow ?)
[ERR] more than 363 frames of late video -> dropping frame (computer too slow ?)
[ERR] more than 363 frames of late video -> dropping frame (computer too slow ?)
[ERR] more than 363 frames of late video -> dropping frame (computer too slow ?)
[ERR] more than 363 frames of late video -> dropping frame (computer too slow ?)
[ERR] more than 363 frames of late video -> dropping frame (computer too slow ?)
[WARN] picture is too late to be displayed (missing 93740 ms)
[ERR] more than 364 frames of late video -> dropping frame (computer too slow ?)
[ERR] more than 364 frames of late video -> dropping frame (computer too slow ?)
[ERR] more than 364 frames of late video -> dropping frame (computer too slow ?)
[ERR] more than 364 frames of late video -> dropping frame (computer too slow ?)
[ERR] more than 364 frames of late video -> dropping frame (computer too slow ?)
[WARN] picture is too late to be displayed (missing 93374 ms)
[WARN] picture is too late to be displayed (missing 93207 ms)
[WARN] picture is too late to be displayed (missing 93157 ms)
[WARN] picture is too late to be displayed (missing 93125 ms)
[WARN] picture is too late to be displayed (missing 93075 ms)
[WARN] picture is too late to be displayed (missing 93041 ms)
[WARN] picture is too late to be displayed (missing 92993 ms)
[WARN] picture is too late to be displayed (missing 92960 ms)
[WARN] picture is too late to be displayed (missing 92910 ms)
[WARN] picture is too late to be displayed (missing 92878 ms)
[ERR] more than 375 frames of late video -> dropping frame (computer too slow ?)
[WARN] picture is too late to be displayed (missing 92828 ms)
[ERR] more than 375 frames of late video -> dropping frame (computer too slow ?)
[ERR] more than 375 frames of late video -> dropping frame (computer too slow ?)
[ERR] more than 375 frames of late video -> dropping frame (computer too slow ?)
[ERR] more than 375 frames of late video -> dropping frame (computer too slow ?)
[ERR] more than 375 frames of late video -> dropping frame (computer too slow ?)
[ERR] more than 375 frames of late video -> dropping frame (computer too slow ?)
[ERR] more than 376 frames of late video -> dropping frame (computer too slow ?)
[ERR] more than 376 frames of late video -> dropping frame (computer too slow ?)
[WARN] picture is too late to be displayed (missing 92745 ms)
[ERR] more than 376 frames of late video -> dropping frame (computer too slow ?)
[ERR] more than 376 frames of late video -> dropping frame (computer too slow ?)
[ERR] more than 376 frames of late video -> dropping frame (computer too slow ?)
[WARN] picture is too late to be displayed (missing 92379 ms)
[WARN] picture is too late to be displayed (missing 92212 ms)
[WARN] picture is too late to be displayed (missing 92163 ms)
[WARN] picture is too late to be displayed (missing 92130 ms)
[WARN] picture is too late to be displayed (missing 92080 ms)
[WARN] picture is too late to be displayed (missing 92047 ms)
[WARN] picture is too late to be displayed (missing 91998 ms)
[WARN] picture is too late to be displayed (missing 91965 ms)
[WARN] picture is too late to be displayed (missing 91915 ms)
[WARN] picture is too late to be displayed (missing 91883 ms)
[ERR] more than 387 frames of late video -> dropping frame (computer too slow ?)
[WARN] picture is too late to be displayed (missing 91833 ms)
[ERR] more than 387 frames of late video -> dropping frame (computer too slow ?)
[ERR] more than 387 frames of late video -> dropping frame (computer too slow ?)
[ERR] more than 387 frames of late video -> dropping frame (computer too slow ?)
[ERR] more than 387 frames of late video -> dropping frame (computer too slow ?)
[ERR] more than 387 frames of late video -> dropping frame (computer too slow ?)
[ERR] more than 387 frames of late video -> dropping frame (computer too slow ?)
[ERR] more than 388 frames of late video -> dropping frame (computer too slow ?)
[WARN] picture is too late to be displayed (missing 91751 ms)
[ERR] more than 388 frames of late video -> dropping frame (computer too slow ?)
[ERR] more than 388 frames of late video -> dropping frame (computer too slow ?)
[ERR] more than 388 frames of late video -> dropping frame (computer too slow ?)
[ERR] more than 388 frames of late video -> dropping frame (computer too slow ?)
[WARN] picture is too late to be displayed (missing 91384 ms)
[WARN] picture is too late to be displayed (missing 91218 ms)
[WARN] picture is too late to be displayed (missing 91168 ms)
[WARN] picture is too late to be displayed (missing 91135 ms)
[WARN] picture is too late to be displayed (missing 91086 ms)
[WARN] picture is too late to be displayed (missing 91052 ms)
[WARN] picture is too late to be displayed (missing 91003 ms)
[WARN] picture is too late to be displayed (missing 90970 ms)
[WARN] picture is too late to be displayed (missing 90921 ms)
[WARN] picture is too late to be displayed (missing 90888 ms)
[ERR] more than 399 frames of late video -> dropping frame (computer too slow ?)
[WARN] picture is too late to be displayed (missing 90838 ms)
[ERR] more than 399 frames of late video -> dropping frame (computer too slow ?)
[ERR] more than 399 frames of late video -> dropping frame (computer too slow ?)
[ERR] more than 399 frames of late video -> dropping frame (computer too slow ?)
[ERR] more than 399 frames of late video -> dropping frame (computer too slow ?)
[ERR] more than 399 frames of late video -> dropping frame (computer too slow ?)
[ERR] more than 399 frames of late video -> dropping frame (computer too slow ?)
[ERR] more than 400 frames of late video -> dropping frame (computer too slow ?)
[WARN] picture is too late to be displayed (missing 90756 ms)
[ERR] more than 400 frames of late video -> dropping frame (computer too slow ?)
[ERR] more than 400 frames of late video -> dropping frame (computer too slow ?)
[ERR] more than 400 frames of late video -> dropping frame (computer too slow ?)
[ERR] more than 400 frames of late video -> dropping frame (computer too slow ?)
[WARN] picture is too late to be displayed (missing 90389 ms)
[WARN] picture is too late to be displayed (missing 90223 ms)
[WARN] picture is too late to be displayed (missing 90173 ms)
[WARN] picture is too late to be displayed (missing 90141 ms)
[WARN] picture is too late to be displayed (missing 90091 ms)
[WARN] picture is too late to be displayed (missing 90057 ms)
[WARN] picture is too late to be displayed (missing 90009 ms)
[WARN] picture is too late to be displayed (missing 89976 ms)
[WARN] picture is too late to be displayed (missing 89926 ms)
[WARN] picture is too late to be displayed (missing 89894 ms)
[ERR] more than 411 frames of late video -> dropping frame (computer too slow ?)
[WARN] picture is too late to be displayed (missing 89844 ms)
[ERR] more than 411 frames of late video -> dropping frame (computer too slow ?)
[ERR] more than 411 frames of late video -> dropping frame (computer too slow ?)
[ERR] more than 411 frames of late video -> dropping frame (computer too slow ?)
[ERR] more than 411 frames of late video -> dropping frame (computer too slow ?)
[ERR] more than 411 frames of late video -> dropping frame (computer too slow ?)
[ERR] more than 411 frames of late video -> dropping frame (computer too slow ?)
[ERR] more than 412 frames of late video -> dropping frame (computer too slow ?)
[ERR] more than 412 frames of late video -> dropping frame (computer too slow ?)
[WARN] picture is too late to be displayed (missing 89761 ms)
[ERR] more than 412 frames of late video -> dropping frame (computer too slow ?)
[ERR] more than 412 frames of late video -> dropping frame (computer too slow ?)
[ERR] more than 412 frames of late video -> dropping frame (computer too slow ?)
[WARN] picture is too late to be displayed (missing 89395 ms)
[WARN] picture is too late to be displayed (missing 89228 ms)
[WARN] picture is too late to be displayed (missing 89179 ms)
[WARN] picture is too late to be displayed (missing 89146 ms)
[WARN] picture is too late to be displayed (missing 89096 ms)
[WARN] picture is too late to be displayed (missing 89063 ms)
[WARN] picture is too late to be displayed (missing 89014 ms)
[WARN] picture is too late to be displayed (missing 88981 ms)
[WARN] picture is too late to be displayed (missing 88931 ms)
[WARN] picture is too late to be displayed (missing 88899 ms)
[ERR] more than 423 frames of late video -> dropping frame (computer too slow ?)
[WARN] picture is too late to be displayed (missing 88849 ms)
[ERR] more than 423 frames of late video -> dropping frame (computer too slow ?)
[ERR] more than 423 frames of late video -> dropping frame (computer too slow ?)
[ERR] more than 423 frames of late video -> dropping frame (computer too slow ?)
[ERR] more than 423 frames of late video -> dropping frame (computer too slow ?)
[ERR] more than 423 frames of late video -> dropping frame (computer too slow ?)
[ERR] more than 423 frames of late video -> dropping frame (computer too slow ?)
[ERR] more than 424 frames of late video -> dropping frame (computer too slow ?)
[ERR] more than 424 frames of late video -> dropping frame (computer too slow ?)
[WARN] picture is too late to be displayed (missing 88767 ms)
[ERR] more than 424 frames of late video -> dropping frame (computer too slow ?)
[ERR] more than 424 frames of late video -> dropping frame (computer too slow ?)
[ERR] more than 424 frames of late video -> dropping frame (computer too slow ?)
[WARN] picture is too late to be displayed (missing 88400 ms)
[WARN] picture is too late to be displayed (missing 88233 ms)
[WARN] picture is too late to be displayed (missing 88184 ms)
[WARN] picture is too late to be displayed (missing 88151 ms)
[WARN] picture is too late to be displayed (missing 88102 ms)
[WARN] picture is too late to be displayed (missing 88068 ms)
[WARN] picture is too late to be displayed (missing 88019 ms)
[WARN] picture is too late to be displayed (missing 87986 ms)
[WARN] picture is too late to be displayed (missing 87937 ms)
[WARN] picture is too late to be displayed (missing 87904 ms)
[ERR] more than 435 frames of late video -> dropping frame (computer too slow ?)
[WARN] picture is too late to be displayed (missing 87854 ms)
[ERR] more than 435 frames of late video -> dropping frame (computer too slow ?)
[ERR] more than 435 frames of late video -> dropping frame (computer too slow ?)
[ERR] more than 435 frames of late video -> dropping frame (computer too slow ?)
[ERR] more than 435 frames of late video -> dropping frame (computer too slow ?)
[ERR] more than 435 frames of late video -> dropping frame (computer too slow ?)
[ERR] more than 435 frames of late video -> dropping frame (computer too slow ?)
[ERR] more than 436 frames of late video -> dropping frame (computer too slow ?)
[WARN] picture is too late to be displayed (missing 87772 ms)
[ERR] more than 436 frames of late video -> dropping frame (computer too slow ?)
[ERR] more than 436 frames of late video -> dropping frame (computer too slow ?)
[ERR] more than 436 frames of late video -> dropping frame (computer too slow ?)
[ERR] more than 436 frames of late video -> dropping frame (computer too slow ?)
[WARN] picture is too late to be displayed (missing 87405 ms)
[WARN] picture is too late to be displayed (missing 87239 ms)
[WARN] picture is too late to be displayed (missing 87189 ms)
[WARN] picture is too late to be displayed (missing 87157 ms)
[WARN] picture is too late to be displayed (missing 87107 ms)
[WARN] picture is too late to be displayed (missing 87073 ms)
[WARN] picture is too late to be displayed (missing 87025 ms)
[WARN] picture is too late to be displayed (missing 86992 ms)
[WARN] picture is too late to be displayed (missing 86942 ms)
[WARN] picture is too late to be displayed (missing 86910 ms)
[ERR] more than 447 frames of late video -> dropping frame (computer too slow ?)
[WARN] picture is too late to be displayed (missing 86860 ms)
[ERR] more than 447 frames of late video -> dropping frame (computer too slow ?)
[ERR] more than 447 frames of late video -> dropping frame (computer too slow ?)
[ERR] more than 447 frames of late video -> dropping frame (computer too slow ?)
[ERR] more than 447 frames of late video -> dropping frame (computer too slow ?)
[ERR] more than 447 frames of late video -> dropping frame (computer too slow ?)
[ERR] more than 447 frames of late video -> dropping frame (computer too slow ?)
[ERR] more than 448 frames of late video -> dropping frame (computer too slow ?)
[WARN] picture is too late to be displayed (missing 86777 ms)
[ERR] more than 448 frames of late video -> dropping frame (computer too slow ?)
[ERR] more than 448 frames of late video -> dropping frame (computer too slow ?)
[ERR] more than 448 frames of late video -> dropping frame (computer too slow ?)
[ERR] more than 448 frames of late video -> dropping frame (computer too slow ?)
[WARN] picture is too late to be displayed (missing 86411 ms)
[WARN] picture is too late to be displayed (missing 86244 ms)
[WARN] picture is too late to be displayed (missing 86195 ms)
[WARN] picture is too late to be displayed (missing 86162 ms)
[WARN] picture is too late to be displayed (missing 86113 ms)
[WARN] picture is too late to be displayed (missing 86079 ms)
[WARN] picture is too late to be displayed (missing 86030 ms)
[WARN] picture is too late to be displayed (missing 85997 ms)
[WARN] picture is too late to be displayed (missing 85948 ms)
[WARN] picture is too late to be displayed (missing 85915 ms)
[ERR] more than 459 frames of late video -> dropping frame (computer too slow ?)
[WARN] picture is too late to be displayed (missing 85865 ms)
[ERR] more than 459 frames of late video -> dropping frame (computer too slow ?)
[ERR] more than 459 frames of late video -> dropping frame (computer too slow ?)
[ERR] more than 459 frames of late video -> dropping frame (computer too slow ?)
[ERR] more than 459 frames of late video -> dropping frame (computer too slow ?)
[ERR] more than 459 frames of late video -> dropping frame (computer too slow ?)
[ERR] more than 459 frames of late video -> dropping frame (computer too slow ?)
[ERR] more than 460 frames of late video -> dropping frame (computer too slow ?)
[WARN] picture is too late to be displayed (missing 85783 ms)
[ERR] more than 460 frames of late video -> dropping frame (computer too slow ?)
[ERR] more than 460 frames of late video -> dropping frame (computer too slow ?)
[ERR] more than 460 frames of late video -> dropping frame (computer too slow ?)
[ERR] more than 460 frames of late video -> dropping frame (computer too slow ?)
[WARN] picture is too late to be displayed (missing 85416 ms)
[WARN] picture is too late to be displayed (missing 85250 ms)
[WARN] picture is too late to be displayed (missing 85200 ms)
[WARN] picture is too late to be displayed (missing 85168 ms)
[WARN] picture is too late to be displayed (missing 85118 ms)
[WARN] picture is too late to be displayed (missing 85084 ms)
[WARN] picture is too late to be displayed (missing 85035 ms)
[WARN] picture is too late to be displayed (missing 85003 ms)
[WARN] picture is too late to be displayed (missing 84953 ms)
[WARN] picture is too late to be displayed (missing 84920 ms)
[ERR] more than 471 frames of late video -> dropping frame (computer too slow ?)
[ERR] more than 471 frames of late video -> dropping frame (computer too slow ?)
[ERR] more than 471 frames of late video -> dropping frame (computer too slow ?)
[ERR] more than 471 frames of late video -> dropping frame (computer too slow ?)
[ERR] more than 471 frames of late video -> dropping frame (computer too slow ?)
[ERR] more than 471 frames of late video -> dropping frame (computer too slow ?)
[ERR] more than 471 frames of late video -> dropping frame (computer too slow ?)
[WARN] picture is too late to be displayed (missing 84872 ms)
[ERR] more than 472 frames of late video -> dropping frame (computer too slow ?)
[WARN] picture is too late to be displayed (missing 84788 ms)
[ERR] more than 472 frames of late video -> dropping frame (computer too slow ?)
[ERR] more than 472 frames of late video -> dropping frame (computer too slow ?)
[ERR] more than 472 frames of late video -> dropping frame (computer too slow ?)
[ERR] more than 472 frames of late video -> dropping frame (computer too slow ?)
[WARN] picture is too late to be displayed (missing 84422 ms)
[WARN] picture is too late to be displayed (missing 84255 ms)
[WARN] picture is too late to be displayed (missing 84205 ms)
[WARN] picture is too late to be displayed (missing 84173 ms)
[WARN] picture is too late to be displayed (missing 84123 ms)
[WARN] picture is too late to be displayed (missing 84090 ms)
[WARN] picture is too late to be displayed (missing 84041 ms)
[WARN] picture is too late to be displayed (missing 84008 ms)
[WARN] picture is too late to be displayed (missing 83958 ms)
[WARN] picture is too late to be displayed (missing 83926 ms)
[ERR] more than 483 frames of late video -> dropping frame (computer too slow ?)
[WARN] picture is too late to be displayed (missing 83876 ms)
[ERR] more than 483 frames of late video -> dropping frame (computer too slow ?)
[ERR] more than 483 frames of late video -> dropping frame (computer too slow ?)
[ERR] more than 483 frames of late video -> dropping frame (computer too slow ?)
[ERR] more than 483 frames of late video -> dropping frame (computer too slow ?)
[ERR] more than 483 frames of late video -> dropping frame (computer too slow ?)
[ERR] more than 483 frames of late video -> dropping frame (computer too slow ?)
[ERR] more than 484 frames of late video -> dropping frame (computer too slow ?)
[ERR] more than 484 frames of late video -> dropping frame (computer too slow ?)
[WARN] picture is too late to be displayed (missing 83793 ms)
[ERR] more than 484 frames of late video -> dropping frame (computer too slow ?)
[ERR] more than 484 frames of late video -> dropping frame (computer too slow ?)
[ERR] more than 484 frames of late video -> dropping frame (computer too slow ?)
[WARN] picture is too late to be displayed (missing 83427 ms)
[WARN] picture is too late to be displayed (missing 83260 ms)
[WARN] picture is too late to be displayed (missing 83210 ms)
[WARN] picture is too late to be displayed (missing 83178 ms)
[WARN] picture is too late to be displayed (missing 83128 ms)
[WARN] picture is too late to be displayed (missing 83095 ms)
[WARN] picture is too late to be displayed (missing 83046 ms)
[WARN] picture is too late to be displayed (missing 83013 ms)
[WARN] picture is too late to be displayed (missing 82963 ms)
[WARN] picture is too late to be displayed (missing 82931 ms)
[ERR] more than 495 frames of late video -> dropping frame (computer too slow ?)
[WARN] picture is too late to be displayed (missing 82881 ms)
[ERR] more than 495 frames of late video -> dropping frame (computer too slow ?)
[ERR] more than 495 frames of late video -> dropping frame (computer too slow ?)
[ERR] more than 495 frames of late video -> dropping frame (computer too slow ?)
[ERR] more than 495 frames of late video -> dropping frame (computer too slow ?)
[ERR] more than 495 frames of late video -> dropping frame (computer too slow ?)
[ERR] more than 495 frames of late video -> dropping frame (computer too slow ?)
[ERR] more than 496 frames of late video -> dropping frame (computer too slow ?)
[WARN] picture is too late to be displayed (missing 82798 ms)
[ERR] more than 496 frames of late video -> dropping frame (computer too slow ?)
[ERR] more than 496 frames of late video -> dropping frame (computer too slow ?)
[ERR] more than 496 frames of late video -> dropping frame (computer too slow ?)
[ERR] more than 496 frames of late video -> dropping frame (computer too slow ?)
[WARN] picture is too late to be displayed (missing 82432 ms)
[WARN] picture is too late to be displayed (missing 82265 ms)
[WARN] picture is too late to be displayed (missing 82216 ms)
[WARN] picture is too late to be displayed (missing 82183 ms)
[WARN] picture is too late to be displayed (missing 82133 ms)
[WARN] picture is too late to be displayed (missing 82100 ms)
[WARN] picture is too late to be displayed (missing 82051 ms)
[WARN] picture is too late to be displayed (missing 82018 ms)
[WARN] picture is too late to be displayed (missing 81969 ms)
[WARN] picture is too late to be displayed (missing 81936 ms)
[ERR] more than 507 frames of late video -> dropping frame (computer too slow ?)
[WARN] picture is too late to be displayed (missing 81886 ms)
[ERR] more than 507 frames of late video -> dropping frame (computer too slow ?)
[ERR] more than 507 frames of late video -> dropping frame (computer too slow ?)
[ERR] more than 507 frames of late video -> dropping frame (computer too slow ?)
[ERR] more than 507 frames of late video -> dropping frame (computer too slow ?)
[ERR] more than 507 frames of late video -> dropping frame (computer too slow ?)
[ERR] more than 507 frames of late video -> dropping frame (computer too slow ?)
[ERR] more than 508 frames of late video -> dropping frame (computer too slow ?)
[ERR] more than 508 frames of late video -> dropping frame (computer too slow ?)
[WARN] picture is too late to be displayed (missing 81804 ms)
[ERR] more than 508 frames of late video -> dropping frame (computer too slow ?)
[ERR] more than 508 frames of late video -> dropping frame (computer too slow ?)
[ERR] more than 508 frames of late video -> dropping frame (computer too slow ?)
[WARN] picture is too late to be displayed (missing 81437 ms)
[WARN] picture is too late to be displayed (missing 81271 ms)
[WARN] picture is too late to be displayed (missing 81221 ms)
[WARN] picture is too late to be displayed (missing 81188 ms)
[WARN] picture is too late to be displayed (missing 81139 ms)
[WARN] picture is too late to be displayed (missing 81105 ms)
[WARN] picture is too late to be displayed (missing 81056 ms)
[WARN] picture is too late to be displayed (missing 81023 ms)
[WARN] picture is too late to be displayed (missing 80974 ms)
[WARN] picture is too late to be displayed (missing 80941 ms)
[ERR] more than 519 frames of late video -> dropping frame (computer too slow ?)
[WARN] picture is too late to be displayed (missing 80891 ms)
[ERR] more than 519 frames of late video -> dropping frame (computer too slow ?)
[ERR] more than 519 frames of late video -> dropping frame (computer too slow ?)
[ERR] more than 519 frames of late video -> dropping frame (computer too slow ?)
[ERR] more than 519 frames of late video -> dropping frame (computer too slow ?)
[ERR] more than 519 frames of late video -> dropping frame (computer too slow ?)
[ERR] more than 519 frames of late video -> dropping frame (computer too slow ?)
[ERR] more than 520 frames of late video -> dropping frame (computer too slow ?)
[WARN] picture is too late to be displayed (missing 80809 ms)
[ERR] more than 520 frames of late video -> dropping frame (computer too slow ?)
[ERR] more than 520 frames of late video -> dropping frame (computer too slow ?)
[ERR] more than 520 frames of late video -> dropping frame (computer too slow ?)
[ERR] more than 520 frames of late video -> dropping frame (computer too slow ?)
[WARN] picture is too late to be displayed (missing 80442 ms)
[WARN] picture is too late to be displayed (missing 80276 ms)
[WARN] picture is too late to be displayed (missing 80226 ms)
[WARN] picture is too late to be displayed (missing 80193 ms)
[WARN] picture is too late to be displayed (missing 80144 ms)
[WARN] picture is too late to be displayed (missing 80110 ms)
[WARN] picture is too late to be displayed (missing 80061 ms)
[WARN] picture is too late to be displayed (missing 80029 ms)
[WARN] picture is too late to be displayed (missing 79979 ms)
[WARN] picture is too late to be displayed (missing 79946 ms)
[ERR] more than 531 frames of late video -> dropping frame (computer too slow ?)
[WARN] picture is too late to be displayed (missing 79897 ms)
[ERR] more than 531 frames of late video -> dropping frame (computer too slow ?)
[ERR] more than 531 frames of late video -> dropping frame (computer too slow ?)
[ERR] more than 531 frames of late video -> dropping frame (computer too slow ?)
[ERR] more than 531 frames of late video -> dropping frame (computer too slow ?)
[ERR] more than 531 frames of late video -> dropping frame (computer too slow ?)
[ERR] more than 531 frames of late video -> dropping frame (computer too slow ?)
[ERR] more than 532 frames of late video -> dropping frame (computer too slow ?)
[ERR] more than 532 frames of late video -> dropping frame (computer too slow ?)
[WARN] picture is too late to be displayed (missing 79814 ms)
[ERR] more than 532 frames of late video -> dropping frame (computer too slow ?)
[ERR] more than 532 frames of late video -> dropping frame (computer too slow ?)
[ERR] more than 532 frames of late video -> dropping frame (computer too slow ?)
[WARN] picture is too late to be displayed (missing 79447 ms)
[WARN] picture is too late to be displayed (missing 79281 ms)
[WARN] picture is too late to be displayed (missing 79231 ms)
[WARN] picture is too late to be displayed (missing 79198 ms)
[WARN] picture is too late to be displayed (missing 79149 ms)
[WARN] picture is too late to be displayed (missing 79115 ms)
[WARN] picture is too late to be displayed (missing 79066 ms)
[WARN] picture is too late to be displayed (missing 79033 ms)
[WARN] picture is too late to be displayed (missing 78984 ms)
[WARN] picture is too late to be displayed (missing 78951 ms)
[ERR] more than 543 frames of late video -> dropping frame (computer too slow ?)
[WARN] picture is too late to be displayed (missing 78901 ms)
[ERR] more than 543 frames of late video -> dropping frame (computer too slow ?)
[ERR] more than 543 frames of late video -> dropping frame (computer too slow ?)
[ERR] more than 543 frames of late video -> dropping frame (computer too slow ?)
[ERR] more than 543 frames of late video -> dropping frame (computer too slow ?)
[ERR] more than 543 frames of late video -> dropping frame (computer too slow ?)
[ERR] more than 543 frames of late video -> dropping frame (computer too slow ?)
[ERR] more than 544 frames of late video -> dropping frame (computer too slow ?)
[ERR] more than 544 frames of late video -> dropping frame (computer too slow ?)
[ERR] more than 544 frames of late video -> dropping frame (computer too slow ?)
[WARN] picture is too late to be displayed (missing 78819 ms)
[ERR] more than 544 frames of late video -> dropping frame (computer too slow ?)
[ERR] more than 544 frames of late video -> dropping frame (computer too slow ?)
[WARN] picture is too late to be displayed (missing 78452 ms)
[WARN] picture is too late to be displayed (missing 78285 ms)
[WARN] picture is too late to be displayed (missing 78236 ms)
[WARN] picture is too late to be displayed (missing 78203 ms)
[WARN] picture is too late to be displayed (missing 78153 ms)
[WARN] picture is too late to be displayed (missing 78120 ms)
[WARN] picture is too late to be displayed (missing 78071 ms)
[WARN] picture is too late to be displayed (missing 78038 ms)
[WARN] picture is too late to be displayed (missing 77988 ms)
[WARN] picture is too late to be displayed (missing 77956 ms)
[ERR] more than 555 frames of late video -> dropping frame (computer too slow ?)
[WARN] picture is too late to be displayed (missing 77906 ms)
[ERR] more than 555 frames of late video -> dropping frame (computer too slow ?)
[ERR] more than 555 frames of late video -> dropping frame (computer too slow ?)
[ERR] more than 555 frames of late video -> dropping frame (computer too slow ?)
[ERR] more than 555 frames of late video -> dropping frame (computer too slow ?)
[ERR] more than 555 frames of late video -> dropping frame (computer too slow ?)
[ERR] more than 555 frames of late video -> dropping frame (computer too slow ?)
[ERR] more than 556 frames of late video -> dropping frame (computer too slow ?)
[WARN] picture is too late to be displayed (missing 77824 ms)
[ERR] more than 556 frames of late video -> dropping frame (computer too slow ?)
[ERR] more than 556 frames of late video -> dropping frame (computer too slow ?)
[ERR] more than 556 frames of late video -> dropping frame (computer too slow ?)
[ERR] more than 556 frames of late video -> dropping frame (computer too slow ?)
[WARN] picture is too late to be displayed (missing 77457 ms)
[WARN] picture is too late to be displayed (missing 77291 ms)
[WARN] picture is too late to be displayed (missing 77241 ms)
[WARN] picture is too late to be displayed (missing 77208 ms)
[WARN] picture is too late to be displayed (missing 77159 ms)
[WARN] picture is too late to be displayed (missing 77125 ms)
[WARN] picture is too late to be displayed (missing 77076 ms)
[WARN] picture is too late to be displayed (missing 77044 ms)
[WARN] picture is too late to be displayed (missing 76994 ms)
[WARN] picture is too late to be displayed (missing 76962 ms)
[ERR] more than 567 frames of late video -> dropping frame (computer too slow ?)
[WARN] picture is too late to be displayed (missing 76912 ms)
[ERR] more than 567 frames of late video -> dropping frame (computer too slow ?)
[ERR] more than 567 frames of late video -> dropping frame (computer too slow ?)
[ERR] more than 567 frames of late video -> dropping frame (computer too slow ?)
[ERR] more than 567 frames of late video -> dropping frame (computer too slow ?)
[ERR] more than 567 frames of late video -> dropping frame (computer too slow ?)
[ERR] more than 567 frames of late video -> dropping frame (computer too slow ?)
[ERR] more than 568 frames of late video -> dropping frame (computer too slow ?)
[WARN] picture is too late to be displayed (missing 76829 ms)
[ERR] more than 568 frames of late video -> dropping frame (computer too slow ?)
[ERR] more than 568 frames of late video -> dropping frame (computer too slow ?)
[ERR] more than 568 frames of late video -> dropping frame (computer too slow ?)
[ERR] more than 568 frames of late video -> dropping frame (computer too slow ?)
[WARN] picture is too late to be displayed (missing 76463 ms)
[WARN] picture is too late to be displayed (missing 76296 ms)
[WARN] picture is too late to be displayed (missing 76247 ms)
[WARN] picture is too late to be displayed (missing 76214 ms)
[WARN] picture is too late to be displayed (missing 76164 ms)
[WARN] picture is too late to be displayed (missing 76131 ms)
[WARN] picture is too late to be displayed (missing 76082 ms)
[WARN] picture is too late to be displayed (missing 76049 ms)
[WARN] picture is too late to be displayed (missing 75999 ms)
[WARN] picture is too late to be displayed (missing 75967 ms)
[ERR] more than 579 frames of late video -> dropping frame (computer too slow ?)
[WARN] picture is too late to be displayed (missing 75917 ms)
[ERR] more than 579 frames of late video -> dropping frame (computer too slow ?)
[ERR] more than 579 frames of late video -> dropping frame (computer too slow ?)
[ERR] more than 579 frames of late video -> dropping frame (computer too slow ?)
[ERR] more than 579 frames of late video -> dropping frame (computer too slow ?)
[ERR] more than 579 frames of late video -> dropping frame (computer too slow ?)
[ERR] more than 579 frames of late video -> dropping frame (computer too slow ?)
[ERR] more than 580 frames of late video -> dropping frame (computer too slow ?)
[WARN] picture is too late to be displayed (missing 75834 ms)
[ERR] more than 580 frames of late video -> dropping frame (computer too slow ?)
[ERR] more than 580 frames of late video -> dropping frame (computer too slow ?)
[ERR] more than 580 frames of late video -> dropping frame (computer too slow ?)
[ERR] more than 580 frames of late video -> dropping frame (computer too slow ?)
[WARN] picture is too late to be displayed (missing 75468 ms)
[WARN] picture is too late to be displayed (missing 75301 ms)
[WARN] picture is too late to be displayed (missing 75252 ms)
[WARN] picture is too late to be displayed (missing 75219 ms)
[WARN] picture is too late to be displayed (missing 75170 ms)
[WARN] picture is too late to be displayed (missing 75136 ms)
[WARN] picture is too late to be displayed (missing 75087 ms)
[WARN] picture is too late to be displayed (missing 75054 ms)
[WARN] picture is too late to be displayed (missing 75005 ms)
[WARN] picture is too late to be displayed (missing 74972 ms)
[ERR] more than 591 frames of late video -> dropping frame (computer too slow ?)
[ERR] more than 591 frames of late video -> dropping frame (computer too slow ?)
[WARN] picture is too late to be displayed (missing 74922 ms)
[ERR] more than 591 frames of late video -> dropping frame (computer too slow ?)
[ERR] more than 591 frames of late video -> dropping frame (computer too slow ?)
[ERR] more than 591 frames of late video -> dropping frame (computer too slow ?)
[ERR] more than 591 frames of late video -> dropping frame (computer too slow ?)
[ERR] more than 591 frames of late video -> dropping frame (computer too slow ?)
[ERR] more than 592 frames of late video -> dropping frame (computer too slow ?)
[ERR] more than 592 frames of late video -> dropping frame (computer too slow ?)
[WARN] picture is too late to be displayed (missing 74840 ms)
[ERR] more than 592 frames of late video -> dropping frame (computer too slow ?)
[ERR] more than 592 frames of late video -> dropping frame (computer too slow ?)
[ERR] more than 592 frames of late video -> dropping frame (computer too slow ?)
[WARN] picture is too late to be displayed (missing 74473 ms)
[WARN] picture is too late to be displayed (missing 74306 ms)
[WARN] picture is too late to be displayed (missing 74257 ms)
[WARN] picture is too late to be displayed (missing 74224 ms)
[WARN] picture is too late to be displayed (missing 74174 ms)
[WARN] picture is too late to be displayed (missing 74141 ms)
[WARN] picture is too late to be displayed (missing 74091 ms)
[WARN] picture is too late to be displayed (missing 74059 ms)
[WARN] picture is too late to be displayed (missing 74009 ms)
[WARN] picture is too late to be displayed (missing 73977 ms)
[ERR] more than 603 frames of late video -> dropping frame (computer too slow ?)
[WARN] picture is too late to be displayed (missing 73927 ms)
[ERR] more than 603 frames of late video -> dropping frame (computer too slow ?)
[ERR] more than 603 frames of late video -> dropping frame (computer too slow ?)
[ERR] more than 603 frames of late video -> dropping frame (computer too slow ?)
[ERR] more than 603 frames of late video -> dropping frame (computer too slow ?)
[ERR] more than 603 frames of late video -> dropping frame (computer too slow ?)
[ERR] more than 603 frames of late video -> dropping frame (computer too slow ?)
[ERR] more than 604 frames of late video -> dropping frame (computer too slow ?)
[WARN] picture is too late to be displayed (missing 73844 ms)
[ERR] more than 604 frames of late video -> dropping frame (computer too slow ?)
[ERR] more than 604 frames of late video -> dropping frame (computer too slow ?)
[ERR] more than 604 frames of late video -> dropping frame (computer too slow ?)
[ERR] more than 604 frames of late video -> dropping frame (computer too slow ?)
[WARN] picture is too late to be displayed (missing 73478 ms)
[WARN] picture is too late to be displayed (missing 73311 ms)
[WARN] picture is too late to be displayed (missing 73261 ms)
[WARN] picture is too late to be displayed (missing 73229 ms)
[WARN] picture is too late to be displayed (missing 73179 ms)
[WARN] picture is too late to be displayed (missing 73145 ms)
[WARN] picture is too late to be displayed (missing 73097 ms)
[WARN] picture is too late to be displayed (missing 73064 ms)
[WARN] picture is too late to be displayed (missing 73014 ms)
[WARN] picture is too late to be displayed (missing 72982 ms)
[ERR] more than 615 frames of late video -> dropping frame (computer too slow ?)
[WARN] picture is too late to be displayed (missing 72932 ms)
[ERR] more than 615 frames of late video -> dropping frame (computer too slow ?)
[ERR] more than 615 frames of late video -> dropping frame (computer too slow ?)
[ERR] more than 615 frames of late video -> dropping frame (computer too slow ?)
[ERR] more than 615 frames of late video -> dropping frame (computer too slow ?)
[ERR] more than 615 frames of late video -> dropping frame (computer too slow ?)
[ERR] more than 615 frames of late video -> dropping frame (computer too slow ?)
[ERR] more than 616 frames of late video -> dropping frame (computer too slow ?)
[WARN] picture is too late to be displayed (missing 72850 ms)
[ERR] more than 616 frames of late video -> dropping frame (computer too slow ?)
[ERR] more than 616 frames of late video -> dropping frame (computer too slow ?)
[ERR] more than 616 frames of late video -> dropping frame (computer too slow ?)
[ERR] more than 616 frames of late video -> dropping frame (computer too slow ?)
[WARN] picture is too late to be displayed (missing 72483 ms)
[WARN] picture is too late to be displayed (missing 72317 ms)
[WARN] picture is too late to be displayed (missing 72267 ms)
[WARN] picture is too late to be displayed (missing 72234 ms)
[WARN] picture is too late to be displayed (missing 72185 ms)
[WARN] picture is too late to be displayed (missing 72151 ms)
[WARN] picture is too late to be displayed (missing 72102 ms)
[WARN] picture is too late to be displayed (missing 72070 ms)
[WARN] picture is too late to be displayed (missing 72020 ms)
[WARN] picture is too late to be displayed (missing 71987 ms)
[ERR] more than 627 frames of late video -> dropping frame (computer too slow ?)
[WARN] picture is too late to be displayed (missing 71938 ms)
[ERR] more than 627 frames of late video -> dropping frame (computer too slow ?)
[ERR] more than 627 frames of late video -> dropping frame (computer too slow ?)
[ERR] more than 627 frames of late video -> dropping frame (computer too slow ?)
[ERR] more than 627 frames of late video -> dropping frame (computer too slow ?)
[ERR] more than 627 frames of late video -> dropping frame (computer too slow ?)
[ERR] more than 627 frames of late video -> dropping frame (computer too slow ?)
[ERR] more than 628 frames of late video -> dropping frame (computer too slow ?)
[WARN] picture is too late to be displayed (missing 71855 ms)
[ERR] more than 628 frames of late video -> dropping frame (computer too slow ?)
[ERR] more than 628 frames of late video -> dropping frame (computer too slow ?)
[ERR] more than 628 frames of late video -> dropping frame (computer too slow ?)
[ERR] more than 628 frames of late video -> dropping frame (computer too slow ?)
[WARN] picture is too late to be displayed (missing 71489 ms)
[WARN] picture is too late to be displayed (missing 71322 ms)
[WARN] picture is too late to be displayed (missing 71272 ms)
[WARN] picture is too late to be displayed (missing 71240 ms)
[WARN] picture is too late to be displayed (missing 71190 ms)
[WARN] picture is too late to be displayed (missing 71157 ms)
[WARN] picture is too late to be displayed (missing 71108 ms)
[WARN] picture is too late to be displayed (missing 71075 ms)
[WARN] picture is too late to be displayed (missing 71025 ms)
[WARN] picture is too late to be displayed (missing 70993 ms)
[ERR] more than 639 frames of late video -> dropping frame (computer too slow ?)
[WARN] picture is too late to be displayed (missing 70943 ms)
[ERR] more than 639 frames of late video -> dropping frame (computer too slow ?)
[ERR] more than 639 frames of late video -> dropping frame (computer too slow ?)
[ERR] more than 639 frames of late video -> dropping frame (computer too slow ?)
[ERR] more than 639 frames of late video -> dropping frame (computer too slow ?)
[ERR] more than 639 frames of late video -> dropping frame (computer too slow ?)
[ERR] more than 639 frames of late video -> dropping frame (computer too slow ?)
[ERR] more than 640 frames of late video -> dropping frame (computer too slow ?)
[WARN] picture is too late to be displayed (missing 70861 ms)
[ERR] more than 640 frames of late video -> dropping frame (computer too slow ?)
[ERR] more than 640 frames of late video -> dropping frame (computer too slow ?)
[ERR] more than 640 frames of late video -> dropping frame (computer too slow ?)
[ERR] more than 640 frames of late video -> dropping frame (computer too slow ?)
[WARN] picture is too late to be displayed (missing 70494 ms)
[WARN] picture is too late to be displayed (missing 70328 ms)
[WARN] picture is too late to be displayed (missing 70278 ms)
[WARN] picture is too late to be displayed (missing 70246 ms)
[WARN] picture is too late to be displayed (missing 70196 ms)
[WARN] picture is too late to be displayed (missing 70162 ms)
[WARN] picture is too late to be displayed (missing 70113 ms)
[WARN] picture is too late to be displayed (missing 70081 ms)
[WARN] picture is too late to be displayed (missing 70031 ms)
[WARN] picture is too late to be displayed (missing 69999 ms)
[ERR] more than 651 frames of late video -> dropping frame (computer too slow ?)
[WARN] picture is too late to be displayed (missing 69949 ms)
[ERR] more than 651 frames of late video -> dropping frame (computer too slow ?)
[ERR] more than 651 frames of late video -> dropping frame (computer too slow ?)
[ERR] more than 651 frames of late video -> dropping frame (computer too slow ?)
[ERR] more than 651 frames of late video -> dropping frame (computer too slow ?)
[ERR] more than 651 frames of late video -> dropping frame (computer too slow ?)
[ERR] more than 651 frames of late video -> dropping frame (computer too slow ?)
[ERR] more than 652 frames of late video -> dropping frame (computer too slow ?)
[WARN] picture is too late to be displayed (missing 69866 ms)
[ERR] more than 652 frames of late video -> dropping frame (computer too slow ?)
[ERR] more than 652 frames of late video -> dropping frame (computer too slow ?)
[ERR] more than 652 frames of late video -> dropping frame (computer too slow ?)
[ERR] more than 652 frames of late video -> dropping frame (computer too slow ?)
[WARN] picture is too late to be displayed (missing 69500 ms)
[WARN] picture is too late to be displayed (missing 69333 ms)
[WARN] picture is too late to be displayed (missing 69284 ms)
[WARN] picture is too late to be displayed (missing 69251 ms)
[WARN] picture is too late to be displayed (missing 69201 ms)
[WARN] picture is too late to be displayed (missing 69168 ms)
[WARN] picture is too late to be displayed (missing 69119 ms)
[WARN] picture is too late to be displayed (missing 69086 ms)
[WARN] picture is too late to be displayed (missing 69037 ms)
[WARN] picture is too late to be displayed (missing 69004 ms)
[ERR] more than 663 frames of late video -> dropping frame (computer too slow ?)
[WARN] picture is too late to be displayed (missing 68955 ms)
[ERR] more than 663 frames of late video -> dropping frame (computer too slow ?)
[ERR] more than 663 frames of late video -> dropping frame (computer too slow ?)
[ERR] more than 663 frames of late video -> dropping frame (computer too slow ?)
[ERR] more than 663 frames of late video -> dropping frame (computer too slow ?)
[ERR] more than 663 frames of late video -> dropping frame (computer too slow ?)
[ERR] more than 663 frames of late video -> dropping frame (computer too slow ?)
[ERR] more than 664 frames of late video -> dropping frame (computer too slow ?)
[ERR] more than 664 frames of late video -> dropping frame (computer too slow ?)
[WARN] picture is too late to be displayed (missing 68872 ms)
[ERR] more than 664 frames of late video -> dropping frame (computer too slow ?)
[ERR] more than 664 frames of late video -> dropping frame (computer too slow ?)
[ERR] more than 664 frames of late video -> dropping frame (computer too slow ?)
[WARN] picture is too late to be displayed (missing 68506 ms)
[WARN] picture is too late to be displayed (missing 68339 ms)
[WARN] picture is too late to be displayed (missing 68289 ms)
[WARN] picture is too late to be displayed (missing 68256 ms)
[WARN] picture is too late to be displayed (missing 68207 ms)
[WARN] picture is too late to be displayed (missing 68173 ms)
[WARN] picture is too late to be displayed (missing 68124 ms)
[WARN] picture is too late to be displayed (missing 68091 ms)
[WARN] picture is too late to be displayed (missing 68042 ms)
[WARN] picture is too late to be displayed (missing 68009 ms)
[ERR] more than 675 frames of late video -> dropping frame (computer too slow ?)
[WARN] picture is too late to be displayed (missing 67959 ms)
[ERR] more than 675 frames of late video -> dropping frame (computer too slow ?)
[ERR] more than 675 frames of late video -> dropping frame (computer too slow ?)
[ERR] more than 675 frames of late video -> dropping frame (computer too slow ?)
[ERR] more than 675 frames of late video -> dropping frame (computer too slow ?)
[ERR] more than 675 frames of late video -> dropping frame (computer too slow ?)
[ERR] more than 675 frames of late video -> dropping frame (computer too slow ?)
[ERR] more than 676 frames of late video -> dropping frame (computer too slow ?)
[ERR] more than 676 frames of late video -> dropping frame (computer too slow ?)
[WARN] picture is too late to be displayed (missing 67877 ms)
[ERR] more than 676 frames of late video -> dropping frame (computer too slow ?)
[ERR] more than 676 frames of late video -> dropping frame (computer too slow ?)
[ERR] more than 676 frames of late video -> dropping frame (computer too slow ?)
[WARN] picture is too late to be displayed (missing 67510 ms)
[WARN] picture is too late to be displayed (missing 67343 ms)
[WARN] picture is too late to be displayed (missing 67294 ms)
[WARN] picture is too late to be displayed (missing 67261 ms)
[WARN] picture is too late to be displayed (missing 67211 ms)
[WARN] picture is too late to be displayed (missing 67178 ms)
[WARN] picture is too late to be displayed (missing 67129 ms)
[WARN] picture is too late to be displayed (missing 67096 ms)
[WARN] picture is too late to be displayed (missing 67046 ms)
[WARN] picture is too late to be displayed (missing 67014 ms)
[ERR] more than 687 frames of late video -> dropping frame (computer too slow ?)
[WARN] picture is too late to be displayed (missing 66964 ms)
[ERR] more than 687 frames of late video -> dropping frame (computer too slow ?)
[ERR] more than 687 frames of late video -> dropping frame (computer too slow ?)
[ERR] more than 687 frames of late video -> dropping frame (computer too slow ?)
[ERR] more than 687 frames of late video -> dropping frame (computer too slow ?)
[ERR] more than 687 frames of late video -> dropping frame (computer too slow ?)
[ERR] more than 687 frames of late video -> dropping frame (computer too slow ?)
[WARN] picture is too late to be displayed (missing 66882 ms)
[ERR] more than 688 frames of late video -> dropping frame (computer too slow ?)
[ERR] more than 688 frames of late video -> dropping frame (computer too slow ?)
[ERR] more than 688 frames of late video -> dropping frame (computer too slow ?)
[ERR] more than 688 frames of late video -> dropping frame (computer too slow ?)
[ERR] more than 688 frames of late video -> dropping frame (computer too slow ?)
[WARN] picture is too late to be displayed (missing 66515 ms)
[WARN] picture is too late to be displayed (missing 66348 ms)
[WARN] picture is too late to be displayed (missing 66299 ms)
[WARN] picture is too late to be displayed (missing 66266 ms)
[WARN] picture is too late to be displayed (missing 66217 ms)
[WARN] picture is too late to be displayed (missing 66183 ms)
[WARN] picture is too late to be displayed (missing 66134 ms)
[WARN] picture is too late to be displayed (missing 66101 ms)
[WARN] picture is too late to be displayed (missing 66052 ms)
[WARN] picture is too late to be displayed (missing 66019 ms)
[ERR] more than 699 frames of late video -> dropping frame (computer too slow ?)
[WARN] picture is too late to be displayed (missing 65970 ms)
[ERR] more than 699 frames of late video -> dropping frame (computer too slow ?)
[ERR] more than 699 frames of late video -> dropping frame (computer too slow ?)
[ERR] more than 699 frames of late video -> dropping frame (computer too slow ?)
[ERR] more than 699 frames of late video -> dropping frame (computer too slow ?)
[ERR] more than 699 frames of late video -> dropping frame (computer too slow ?)
[ERR] more than 699 frames of late video -> dropping frame (computer too slow ?)
[ERR] more than 700 frames of late video -> dropping frame (computer too slow ?)
[WARN] picture is too late to be displayed (missing 65888 ms)
[ERR] more than 700 frames of late video -> dropping frame (computer too slow ?)
[ERR] more than 700 frames of late video -> dropping frame (computer too slow ?)
[ERR] more than 700 frames of late video -> dropping frame (computer too slow ?)
[ERR] more than 700 frames of late video -> dropping frame (computer too slow ?)
[WARN] picture is too late to be displayed (missing 65522 ms)
[WARN] picture is too late to be displayed (missing 65356 ms)
[WARN] picture is too late to be displayed (missing 65306 ms)
[WARN] picture is too late to be displayed (missing 65273 ms)
[WARN] picture is too late to be displayed (missing 65224 ms)
[WARN] picture is too late to be displayed (missing 65190 ms)
[WARN] picture is too late to be displayed (missing 65141 ms)
[WARN] picture is too late to be displayed (missing 65109 ms)
[WARN] picture is too late to be displayed (missing 65059 ms)
[WARN] picture is too late to be displayed (missing 65026 ms)
[ERR] more than 711 frames of late video -> dropping frame (computer too slow ?)
[WARN] picture is too late to be displayed (missing 64977 ms)
[ERR] more than 711 frames of late video -> dropping frame (computer too slow ?)
[ERR] more than 711 frames of late video -> dropping frame (computer too slow ?)
[ERR] more than 711 frames of late video -> dropping frame (computer too slow ?)
[ERR] more than 711 frames of late video -> dropping frame (computer too slow ?)
[ERR] more than 711 frames of late video -> dropping frame (computer too slow ?)
[ERR] more than 711 frames of late video -> dropping frame (computer too slow ?)
[ERR] more than 712 frames of late video -> dropping frame (computer too slow ?)
[WARN] picture is too late to be displayed (missing 64894 ms)
[ERR] more than 712 frames of late video -> dropping frame (computer too slow ?)
[ERR] more than 712 frames of late video -> dropping frame (computer too slow ?)
[ERR] more than 712 frames of late video -> dropping frame (computer too slow ?)
[ERR] more than 712 frames of late video -> dropping frame (computer too slow ?)
[WARN] picture is too late to be displayed (missing 64528 ms)
[WARN] picture is too late to be displayed (missing 64361 ms)
[WARN] picture is too late to be displayed (missing 64311 ms)
[WARN] picture is too late to be displayed (missing 64279 ms)
[WARN] picture is too late to be displayed (missing 64229 ms)
[WARN] picture is too late to be displayed (missing 64196 ms)
[WARN] picture is too late to be displayed (missing 64147 ms)
[WARN] picture is too late to be displayed (missing 64114 ms)
[WARN] picture is too late to be displayed (missing 64064 ms)
[WARN] picture is too late to be displayed (missing 64032 ms)
[ERR] more than 723 frames of late video -> dropping frame (computer too slow ?)
[WARN] picture is too late to be displayed (missing 63982 ms)
[ERR] more than 723 frames of late video -> dropping frame (computer too slow ?)
[ERR] more than 723 frames of late video -> dropping frame (computer too slow ?)
[ERR] more than 723 frames of late video -> dropping frame (computer too slow ?)
[ERR] more than 723 frames of late video -> dropping frame (computer too slow ?)
[ERR] more than 723 frames of late video -> dropping frame (computer too slow ?)
[ERR] more than 723 frames of late video -> dropping frame (computer too slow ?)
[ERR] more than 724 frames of late video -> dropping frame (computer too slow ?)
[ERR] more than 724 frames of late video -> dropping frame (computer too slow ?)
[WARN] picture is too late to be displayed (missing 63900 ms)
[ERR] more than 724 frames of late video -> dropping frame (computer too slow ?)
[ERR] more than 724 frames of late video -> dropping frame (computer too slow ?)
[ERR] more than 724 frames of late video -> dropping frame (computer too slow ?)
[WARN] picture is too late to be displayed (missing 63533 ms)
[WARN] picture is too late to be displayed (missing 63367 ms)
[WARN] picture is too late to be displayed (missing 63317 ms)
[WARN] picture is too late to be displayed (missing 63284 ms)
[WARN] picture is too late to be displayed (missing 63235 ms)
[WARN] picture is too late to be displayed (missing 63201 ms)
[WARN] picture is too late to be displayed (missing 63152 ms)
[WARN] picture is too late to be displayed (missing 63119 ms)
[WARN] picture is too late to be displayed (missing 63070 ms)
[WARN] picture is too late to be displayed (missing 63037 ms)
[ERR] more than 735 frames of late video -> dropping frame (computer too slow ?)
[WARN] picture is too late to be displayed (missing 62987 ms)
[ERR] more than 735 frames of late video -> dropping frame (computer too slow ?)
[ERR] more than 735 frames of late video -> dropping frame (computer too slow ?)
[ERR] more than 735 frames of late video -> dropping frame (computer too slow ?)
[ERR] more than 735 frames of late video -> dropping frame (computer too slow ?)
[ERR] more than 735 frames of late video -> dropping frame (computer too slow ?)
[ERR] more than 735 frames of late video -> dropping frame (computer too slow ?)
[ERR] more than 736 frames of late video -> dropping frame (computer too slow ?)
[ERR] more than 736 frames of late video -> dropping frame (computer too slow ?)
[WARN] picture is too late to be displayed (missing 62905 ms)
[ERR] more than 736 frames of late video -> dropping frame (computer too slow ?)
[ERR] more than 736 frames of late video -> dropping frame (computer too slow ?)
[ERR] more than 736 frames of late video -> dropping frame (computer too slow ?)
[WARN] picture is too late to be displayed (missing 62538 ms)
[WARN] picture is too late to be displayed (missing 62371 ms)
[WARN] picture is too late to be displayed (missing 62322 ms)
[WARN] picture is too late to be displayed (missing 62289 ms)
[WARN] picture is too late to be displayed (missing 62239 ms)
[WARN] picture is too late to be displayed (missing 62206 ms)
[WARN] picture is too late to be displayed (missing 62157 ms)
[WARN] picture is too late to be displayed (missing 62124 ms)
[WARN] picture is too late to be displayed (missing 62075 ms)
[WARN] picture is too late to be displayed (missing 62042 ms)
[ERR] more than 747 frames of late video -> dropping frame (computer too slow ?)
[WARN] picture is too late to be displayed (missing 61993 ms)
[ERR] more than 747 frames of late video -> dropping frame (computer too slow ?)
[ERR] more than 747 frames of late video -> dropping frame (computer too slow ?)
[ERR] more than 747 frames of late video -> dropping frame (computer too slow ?)
[ERR] more than 747 frames of late video -> dropping frame (computer too slow ?)
[ERR] more than 747 frames of late video -> dropping frame (computer too slow ?)
[ERR] more than 747 frames of late video -> dropping frame (computer too slow ?)
[ERR] more than 748 frames of late video -> dropping frame (computer too slow ?)
[ERR] more than 748 frames of late video -> dropping frame (computer too slow ?)
[WARN] picture is too late to be displayed (missing 61910 ms)
[ERR] more than 748 frames of late video -> dropping frame (computer too slow ?)
[ERR] more than 748 frames of late video -> dropping frame (computer too slow ?)
[ERR] more than 748 frames of late video -> dropping frame (computer too slow ?)
[WARN] picture is too late to be displayed (missing 61543 ms)
[WARN] picture is too late to be displayed (missing 61377 ms)
[WARN] picture is too late to be displayed (missing 61327 ms)
[WARN] picture is too late to be displayed (missing 61295 ms)
[WARN] picture is too late to be displayed (missing 61245 ms)
[WARN] picture is too late to be displayed (missing 61211 ms)
[WARN] picture is too late to be displayed (missing 61162 ms)
[WARN] picture is too late to be displayed (missing 61130 ms)
[WARN] picture is too late to be displayed (missing 61080 ms)
[WARN] picture is too late to be displayed (missing 61048 ms)
[ERR] more than 759 frames of late video -> dropping frame (computer too slow ?)
[WARN] picture is too late to be displayed (missing 60998 ms)
[ERR] more than 759 frames of late video -> dropping frame (computer too slow ?)
[ERR] more than 759 frames of late video -> dropping frame (computer too slow ?)
[ERR] more than 759 frames of late video -> dropping frame (computer too slow ?)
[ERR] more than 759 frames of late video -> dropping frame (computer too slow ?)
[ERR] more than 759 frames of late video -> dropping frame (computer too slow ?)
[ERR] more than 759 frames of late video -> dropping frame (computer too slow ?)
[ERR] more than 760 frames of late video -> dropping frame (computer too slow ?)
[ERR] more than 760 frames of late video -> dropping frame (computer too slow ?)
[WARN] picture is too late to be displayed (missing 60915 ms)
[ERR] more than 760 frames of late video -> dropping frame (computer too slow ?)
[ERR] more than 760 frames of late video -> dropping frame (computer too slow ?)
[ERR] more than 760 frames of late video -> dropping frame (computer too slow ?)
[WARN] picture is too late to be displayed (missing 60549 ms)
[WARN] picture is too late to be displayed (missing 60382 ms)
[WARN] picture is too late to be displayed (missing 60333 ms)
[WARN] picture is too late to be displayed (missing 60300 ms)
[WARN] picture is too late to be displayed (missing 60251 ms)
[WARN] picture is too late to be displayed (missing 60217 ms)
[WARN] picture is too late to be displayed (missing 60168 ms)
[WARN] picture is too late to be displayed (missing 60135 ms)
[WARN] picture is too late to be displayed (missing 60086 ms)
[WARN] picture is too late to be displayed (missing 60053 ms)
[ERR] more than 771 frames of late video -> dropping frame (computer too slow ?)
[WARN] picture is too late to be displayed (missing 60003 ms)
[ERR] more than 771 frames of late video -> dropping frame (computer too slow ?)
[ERR] more than 771 frames of late video -> dropping frame (computer too slow ?)
[ERR] more than 771 frames of late video -> dropping frame (computer too slow ?)
[ERR] more than 771 frames of late video -> dropping frame (computer too slow ?)
[ERR] more than 771 frames of late video -> dropping frame (computer too slow ?)
[ERR] more than 771 frames of late video -> dropping frame (computer too slow ?)
[ERR] more than 772 frames of late video -> dropping frame (computer too slow ?)
[WARN] picture is too late to be displayed (missing 59921 ms)
[ERR] more than 772 frames of late video -> dropping frame (computer too slow ?)
[ERR] more than 772 frames of late video -> dropping frame (computer too slow ?)
[ERR] more than 772 frames of late video -> dropping frame (computer too slow ?)
[ERR] more than 772 frames of late video -> dropping frame (computer too slow ?)
[WARN] picture is too late to be displayed (missing 59554 ms)
[WARN] picture is too late to be displayed (missing 59388 ms)
[WARN] picture is too late to be displayed (missing 59338 ms)
[WARN] picture is too late to be displayed (missing 59306 ms)
[WARN] picture is too late to be displayed (missing 59256 ms)
[WARN] picture is too late to be displayed (missing 59222 ms)
[WARN] picture is too late to be displayed (missing 59173 ms)
[WARN] picture is too late to be displayed (missing 59141 ms)
[WARN] picture is too late to be displayed (missing 59091 ms)
[WARN] picture is too late to be displayed (missing 59059 ms)
[ERR] more than 783 frames of late video -> dropping frame (computer too slow ?)
[WARN] picture is too late to be displayed (missing 59009 ms)
[ERR] more than 783 frames of late video -> dropping frame (computer too slow ?)
[ERR] more than 783 frames of late video -> dropping frame (computer too slow ?)
[ERR] more than 783 frames of late video -> dropping frame (computer too slow ?)
[ERR] more than 783 frames of late video -> dropping frame (computer too slow ?)
[ERR] more than 783 frames of late video -> dropping frame (computer too slow ?)
[ERR] more than 783 frames of late video -> dropping frame (computer too slow ?)
[ERR] more than 784 frames of late video -> dropping frame (computer too slow ?)
[ERR] more than 784 frames of late video -> dropping frame (computer too slow ?)
[WARN] picture is too late to be displayed (missing 58926 ms)
[ERR] more than 784 frames of late video -> dropping frame (computer too slow ?)
[ERR] more than 784 frames of late video -> dropping frame (computer too slow ?)
[ERR] more than 784 frames of late video -> dropping frame (computer too slow ?)
[WARN] picture is too late to be displayed (missing 58560 ms)
[WARN] picture is too late to be displayed (missing 58393 ms)
[WARN] picture is too late to be displayed (missing 58344 ms)
[WARN] picture is too late to be displayed (missing 58311 ms)
[WARN] picture is too late to be displayed (missing 58261 ms)
[WARN] picture is too late to be displayed (missing 58228 ms)
[WARN] picture is too late to be displayed (missing 58179 ms)
[WARN] picture is too late to be displayed (missing 58146 ms)
[WARN] picture is too late to be displayed (missing 58096 ms)
[WARN] picture is too late to be displayed (missing 58064 ms)
[ERR] more than 795 frames of late video -> dropping frame (computer too slow ?)
[WARN] picture is too late to be displayed (missing 58014 ms)
[ERR] more than 795 frames of late video -> dropping frame (computer too slow ?)
[ERR] more than 795 frames of late video -> dropping frame (computer too slow ?)
[ERR] more than 795 frames of late video -> dropping frame (computer too slow ?)
[ERR] more than 795 frames of late video -> dropping frame (computer too slow ?)
[ERR] more than 795 frames of late video -> dropping frame (computer too slow ?)
[ERR] more than 795 frames of late video -> dropping frame (computer too slow ?)
[ERR] more than 796 frames of late video -> dropping frame (computer too slow ?)
[ERR] more than 796 frames of late video -> dropping frame (computer too slow ?)
[WARN] picture is too late to be displayed (missing 57931 ms)
[ERR] more than 796 frames of late video -> dropping frame (computer too slow ?)
[ERR] more than 796 frames of late video -> dropping frame (computer too slow ?)
[ERR] more than 796 frames of late video -> dropping frame (computer too slow ?)
[WARN] picture is too late to be displayed (missing 57565 ms)
[WARN] picture is too late to be displayed (missing 57398 ms)
[WARN] picture is too late to be displayed (missing 57348 ms)
[WARN] picture is too late to be displayed (missing 57316 ms)
[WARN] picture is too late to be displayed (missing 57266 ms)
[WARN] picture is too late to be displayed (missing 57232 ms)
[WARN] picture is too late to be displayed (missing 57183 ms)
[WARN] picture is too late to be displayed (missing 57151 ms)
[WARN] picture is too late to be displayed (missing 57101 ms)
[WARN] picture is too late to be displayed (missing 57068 ms)
[ERR] more than 807 frames of late video -> dropping frame (computer too slow ?)
[ERR] more than 807 frames of late video -> dropping frame (computer too slow ?)
[WARN] picture is too late to be displayed (missing 57019 ms)
[ERR] more than 807 frames of late video -> dropping frame (computer too slow ?)
[ERR] more than 807 frames of late video -> dropping frame (computer too slow ?)
[ERR] more than 807 frames of late video -> dropping frame (computer too slow ?)
[ERR] more than 807 frames of late video -> dropping frame (computer too slow ?)
[ERR] more than 807 frames of late video -> dropping frame (computer too slow ?)
[ERR] more than 808 frames of late video -> dropping frame (computer too slow ?)
[WARN] picture is too late to be displayed (missing 56936 ms)
[ERR] more than 808 frames of late video -> dropping frame (computer too slow ?)
[ERR] more than 808 frames of late video -> dropping frame (computer too slow ?)
[ERR] more than 808 frames of late video -> dropping frame (computer too slow ?)
[ERR] more than 808 frames of late video -> dropping frame (computer too slow ?)
[WARN] picture is too late to be displayed (missing 56570 ms)
[WARN] picture is too late to be displayed (missing 56403 ms)
[WARN] picture is too late to be displayed (missing 56353 ms)
[WARN] picture is too late to be displayed (missing 56321 ms)
[WARN] picture is too late to be displayed (missing 56271 ms)
[WARN] picture is too late to be displayed (missing 56238 ms)
[WARN] picture is too late to be displayed (missing 56189 ms)
[WARN] picture is too late to be displayed (missing 56156 ms)
[WARN] picture is too late to be displayed (missing 56106 ms)
[WARN] picture is too late to be displayed (missing 56074 ms)
[ERR] more than 819 frames of late video -> dropping frame (computer too slow ?)
[WARN] picture is too late to be displayed (missing 56024 ms)
[ERR] more than 819 frames of late video -> dropping frame (computer too slow ?)
[ERR] more than 819 frames of late video -> dropping frame (computer too slow ?)
[ERR] more than 819 frames of late video -> dropping frame (computer too slow ?)
[ERR] more than 819 frames of late video -> dropping frame (computer too slow ?)
[ERR] more than 819 frames of late video -> dropping frame (computer too slow ?)
[ERR] more than 819 frames of late video -> dropping frame (computer too slow ?)
[ERR] more than 820 frames of late video -> dropping frame (computer too slow ?)
[WARN] picture is too late to be displayed (missing 55941 ms)
[ERR] more than 820 frames of late video -> dropping frame (computer too slow ?)
[ERR] more than 820 frames of late video -> dropping frame (computer too slow ?)
[ERR] more than 820 frames of late video -> dropping frame (computer too slow ?)
[ERR] more than 820 frames of late video -> dropping frame (computer too slow ?)
[WARN] picture is too late to be displayed (missing 55575 ms)
[WARN] picture is too late to be displayed (missing 55408 ms)
[WARN] picture is too late to be displayed (missing 55359 ms)
[WARN] picture is too late to be displayed (missing 55326 ms)
[WARN] picture is too late to be displayed (missing 55276 ms)
[WARN] picture is too late to be displayed (missing 55243 ms)
[WARN] picture is too late to be displayed (missing 55194 ms)
[WARN] picture is too late to be displayed (missing 55161 ms)
[WARN] picture is too late to be displayed (missing 55111 ms)
[WARN] picture is too late to be displayed (missing 55079 ms)
[ERR] more than 831 frames of late video -> dropping frame (computer too slow ?)
[WARN] picture is too late to be displayed (missing 55029 ms)
[ERR] more than 831 frames of late video -> dropping frame (computer too slow ?)
[ERR] more than 831 frames of late video -> dropping frame (computer too slow ?)
[ERR] more than 831 frames of late video -> dropping frame (computer too slow ?)
[ERR] more than 831 frames of late video -> dropping frame (computer too slow ?)
[ERR] more than 831 frames of late video -> dropping frame (computer too slow ?)
[ERR] more than 831 frames of late video -> dropping frame (computer too slow ?)
[ERR] more than 832 frames of late video -> dropping frame (computer too slow ?)
[WARN] picture is too late to be displayed (missing 54946 ms)
[ERR] more than 832 frames of late video -> dropping frame (computer too slow ?)
[ERR] more than 832 frames of late video -> dropping frame (computer too slow ?)
[ERR] more than 832 frames of late video -> dropping frame (computer too slow ?)
[ERR] more than 832 frames of late video -> dropping frame (computer too slow ?)
[WARN] picture is too late to be displayed (missing 54580 ms)
[WARN] picture is too late to be displayed (missing 54413 ms)
[WARN] picture is too late to be displayed (missing 54364 ms)
[WARN] picture is too late to be displayed (missing 54331 ms)
[WARN] picture is too late to be displayed (missing 54281 ms)
[WARN] picture is too late to be displayed (missing 54248 ms)
[WARN] picture is too late to be displayed (missing 54199 ms)
[WARN] picture is too late to be displayed (missing 54166 ms)
[WARN] picture is too late to be displayed (missing 54116 ms)
[WARN] picture is too late to be displayed (missing 54084 ms)
[ERR] more than 843 frames of late video -> dropping frame (computer too slow ?)
[WARN] picture is too late to be displayed (missing 54034 ms)
[ERR] more than 843 frames of late video -> dropping frame (computer too slow ?)
[ERR] more than 843 frames of late video -> dropping frame (computer too slow ?)
[ERR] more than 843 frames of late video -> dropping frame (computer too slow ?)
[ERR] more than 843 frames of late video -> dropping frame (computer too slow ?)
[ERR] more than 843 frames of late video -> dropping frame (computer too slow ?)
[ERR] more than 843 frames of late video -> dropping frame (computer too slow ?)
[ERR] more than 844 frames of late video -> dropping frame (computer too slow ?)
[WARN] picture is too late to be displayed (missing 53951 ms)
[ERR] more than 844 frames of late video -> dropping frame (computer too slow ?)
[ERR] more than 844 frames of late video -> dropping frame (computer too slow ?)
[ERR] more than 844 frames of late video -> dropping frame (computer too slow ?)
[ERR] more than 844 frames of late video -> dropping frame (computer too slow ?)
[WARN] picture is too late to be displayed (missing 53585 ms)
[WARN] picture is too late to be displayed (missing 53418 ms)
[WARN] picture is too late to be displayed (missing 53369 ms)
[WARN] picture is too late to be displayed (missing 53336 ms)
[WARN] picture is too late to be displayed (missing 53286 ms)
[WARN] picture is too late to be displayed (missing 53253 ms)
[WARN] picture is too late to be displayed (missing 53203 ms)
[WARN] picture is too late to be displayed (missing 53171 ms)
[WARN] picture is too late to be displayed (missing 53121 ms)
[WARN] picture is too late to be displayed (missing 53088 ms)
[ERR] more than 855 frames of late video -> dropping frame (computer too slow ?)
[WARN] picture is too late to be displayed (missing 53039 ms)
[ERR] more than 855 frames of late video -> dropping frame (computer too slow ?)
[ERR] more than 855 frames of late video -> dropping frame (computer too slow ?)
[ERR] more than 855 frames of late video -> dropping frame (computer too slow ?)
[ERR] more than 855 frames of late video -> dropping frame (computer too slow ?)
[ERR] more than 855 frames of late video -> dropping frame (computer too slow ?)
[ERR] more than 855 frames of late video -> dropping frame (computer too slow ?)
[ERR] more than 856 frames of late video -> dropping frame (computer too slow ?)
[WARN] picture is too late to be displayed (missing 52956 ms)
[ERR] more than 856 frames of late video -> dropping frame (computer too slow ?)
[ERR] more than 856 frames of late video -> dropping frame (computer too slow ?)
[ERR] more than 856 frames of late video -> dropping frame (computer too slow ?)
[ERR] more than 856 frames of late video -> dropping frame (computer too slow ?)
[WARN] picture is too late to be displayed (missing 52589 ms)
[WARN] picture is too late to be displayed (missing 52423 ms)
[WARN] picture is too late to be displayed (missing 52373 ms)
[WARN] picture is too late to be displayed (missing 52340 ms)
[WARN] picture is too late to be displayed (missing 52291 ms)
[WARN] picture is too late to be displayed (missing 52257 ms)
[WARN] picture is too late to be displayed (missing 52208 ms)
[WARN] picture is too late to be displayed (missing 52176 ms)
[WARN] picture is too late to be displayed (missing 52126 ms)
[WARN] picture is too late to be displayed (missing 52093 ms)
[ERR] more than 867 frames of late video -> dropping frame (computer too slow ?)
[WARN] picture is too late to be displayed (missing 52044 ms)
[ERR] more than 867 frames of late video -> dropping frame (computer too slow ?)
[ERR] more than 867 frames of late video -> dropping frame (computer too slow ?)
[ERR] more than 867 frames of late video -> dropping frame (computer too slow ?)
[ERR] more than 867 frames of late video -> dropping frame (computer too slow ?)
[ERR] more than 867 frames of late video -> dropping frame (computer too slow ?)
[ERR] more than 867 frames of late video -> dropping frame (computer too slow ?)
[ERR] more than 868 frames of late video -> dropping frame (computer too slow ?)
[ERR] more than 868 frames of late video -> dropping frame (computer too slow ?)
[WARN] picture is too late to be displayed (missing 51961 ms)
[ERR] more than 868 frames of late video -> dropping frame (computer too slow ?)
[ERR] more than 868 frames of late video -> dropping frame (computer too slow ?)
[ERR] more than 868 frames of late video -> dropping frame (computer too slow ?)
[WARN] picture is too late to be displayed (missing 51595 ms)
[WARN] picture is too late to be displayed (missing 51428 ms)
[WARN] picture is too late to be displayed (missing 51378 ms)
[WARN] picture is too late to be displayed (missing 51346 ms)
[WARN] picture is too late to be displayed (missing 51296 ms)
[WARN] picture is too late to be displayed (missing 51262 ms)
[WARN] picture is too late to be displayed (missing 51214 ms)
[WARN] picture is too late to be displayed (missing 51181 ms)
[WARN] picture is too late to be displayed (missing 51131 ms)
[WARN] picture is too late to be displayed (missing 51099 ms)
[ERR] more than 879 frames of late video -> dropping frame (computer too slow ?)
[WARN] picture is too late to be displayed (missing 51049 ms)
[ERR] more than 879 frames of late video -> dropping frame (computer too slow ?)
[ERR] more than 879 frames of late video -> dropping frame (computer too slow ?)
[ERR] more than 879 frames of late video -> dropping frame (computer too slow ?)
[ERR] more than 879 frames of late video -> dropping frame (computer too slow ?)
[ERR] more than 879 frames of late video -> dropping frame (computer too slow ?)
[ERR] more than 879 frames of late video -> dropping frame (computer too slow ?)
[ERR] more than 880 frames of late video -> dropping frame (computer too slow ?)
[ERR] more than 880 frames of late video -> dropping frame (computer too slow ?)
[WARN] picture is too late to be displayed (missing 50966 ms)
[ERR] more than 880 frames of late video -> dropping frame (computer too slow ?)
[ERR] more than 880 frames of late video -> dropping frame (computer too slow ?)
[ERR] more than 880 frames of late video -> dropping frame (computer too slow ?)
[WARN] picture is too late to be displayed (missing 50600 ms)
[WARN] picture is too late to be displayed (missing 50434 ms)
[WARN] picture is too late to be displayed (missing 50384 ms)
[WARN] picture is too late to be displayed (missing 50351 ms)
[WARN] picture is too late to be displayed (missing 50301 ms)
[WARN] picture is too late to be displayed (missing 50268 ms)
[WARN] picture is too late to be displayed (missing 50219 ms)
[WARN] picture is too late to be displayed (missing 50186 ms)
[WARN] picture is too late to be displayed (missing 50137 ms)
[WARN] picture is too late to be displayed (missing 50104 ms)
[ERR] more than 891 frames of late video -> dropping frame (computer too slow ?)
[WARN] picture is too late to be displayed (missing 50054 ms)
[ERR] more than 891 frames of late video -> dropping frame (computer too slow ?)
[ERR] more than 891 frames of late video -> dropping frame (computer too slow ?)
[ERR] more than 891 frames of late video -> dropping frame (computer too slow ?)
[ERR] more than 891 frames of late video -> dropping frame (computer too slow ?)
[ERR] more than 891 frames of late video -> dropping frame (computer too slow ?)
[ERR] more than 891 frames of late video -> dropping frame (computer too slow ?)
[WARN] picture is too late to be displayed (missing 49972 ms)
[ERR] more than 892 frames of late video -> dropping frame (computer too slow ?)
[ERR] more than 892 frames of late video -> dropping frame (computer too slow ?)
[ERR] more than 892 frames of late video -> dropping frame (computer too slow ?)
[ERR] more than 892 frames of late video -> dropping frame (computer too slow ?)
[ERR] more than 892 frames of late video -> dropping frame (computer too slow ?)
[WARN] picture is too late to be displayed (missing 49605 ms)
[WARN] picture is too late to be displayed (missing 49439 ms)
[WARN] picture is too late to be displayed (missing 49389 ms)
[WARN] picture is too late to be displayed (missing 49357 ms)
[WARN] picture is too late to be displayed (missing 49307 ms)
[WARN] picture is too late to be displayed (missing 49273 ms)
[WARN] picture is too late to be displayed (missing 49224 ms)
[WARN] picture is too late to be displayed (missing 49192 ms)
[WARN] picture is too late to be displayed (missing 49142 ms)
[WARN] picture is too late to be displayed (missing 49109 ms)
[ERR] more than 903 frames of late video -> dropping frame (computer too slow ?)
[WARN] picture is too late to be displayed (missing 49060 ms)
[ERR] more than 903 frames of late video -> dropping frame (computer too slow ?)
[ERR] more than 903 frames of late video -> dropping frame (computer too slow ?)
[ERR] more than 903 frames of late video -> dropping frame (computer too slow ?)
[ERR] more than 903 frames of late video -> dropping frame (computer too slow ?)
[ERR] more than 903 frames of late video -> dropping frame (computer too slow ?)
[ERR] more than 903 frames of late video -> dropping frame (computer too slow ?)
[ERR] more than 904 frames of late video -> dropping frame (computer too slow ?)
[WARN] picture is too late to be displayed (missing 48977 ms)
[ERR] more than 904 frames of late video -> dropping frame (computer too slow ?)
[ERR] more than 904 frames of late video -> dropping frame (computer too slow ?)
[ERR] more than 904 frames of late video -> dropping frame (computer too slow ?)
[ERR] more than 904 frames of late video -> dropping frame (computer too slow ?)
[WARN] picture is too late to be displayed (missing 48611 ms)
[WARN] picture is too late to be displayed (missing 48444 ms)
[WARN] picture is too late to be displayed (missing 48394 ms)
[WARN] picture is too late to be displayed (missing 48362 ms)
[WARN] picture is too late to be displayed (missing 48312 ms)
[WARN] picture is too late to be displayed (missing 48278 ms)
[WARN] picture is too late to be displayed (missing 48229 ms)
[WARN] picture is too late to be displayed (missing 48196 ms)
[WARN] picture is too late to be displayed (missing 48147 ms)
[WARN] picture is too late to be displayed (missing 48114 ms)
[ERR] more than 915 frames of late video -> dropping frame (computer too slow ?)
[WARN] picture is too late to be displayed (missing 48064 ms)
[ERR] more than 915 frames of late video -> dropping frame (computer too slow ?)
[ERR] more than 915 frames of late video -> dropping frame (computer too slow ?)
[ERR] more than 915 frames of late video -> dropping frame (computer too slow ?)
[ERR] more than 915 frames of late video -> dropping frame (computer too slow ?)
[ERR] more than 915 frames of late video -> dropping frame (computer too slow ?)
[ERR] more than 915 frames of late video -> dropping frame (computer too slow ?)
[ERR] more than 916 frames of late video -> dropping frame (computer too slow ?)
[WARN] picture is too late to be displayed (missing 47982 ms)
[ERR] more than 916 frames of late video -> dropping frame (computer too slow ?)
[ERR] more than 916 frames of late video -> dropping frame (computer too slow ?)
[ERR] more than 916 frames of late video -> dropping frame (computer too slow ?)
[ERR] more than 916 frames of late video -> dropping frame (computer too slow ?)
[WARN] picture is too late to be displayed (missing 47615 ms)
[WARN] picture is too late to be displayed (missing 47448 ms)
[WARN] picture is too late to be displayed (missing 47399 ms)
[WARN] picture is too late to be displayed (missing 47366 ms)
[WARN] picture is too late to be displayed (missing 47316 ms)
[WARN] picture is too late to be displayed (missing 47282 ms)
[WARN] picture is too late to be displayed (missing 47234 ms)
[WARN] picture is too late to be displayed (missing 47201 ms)
[WARN] picture is too late to be displayed (missing 47151 ms)
[WARN] picture is too late to be displayed (missing 47119 ms)
[ERR] more than 927 frames of late video -> dropping frame (computer too slow ?)
[WARN] picture is too late to be displayed (missing 47069 ms)
[ERR] more than 927 frames of late video -> dropping frame (computer too slow ?)
[ERR] more than 927 frames of late video -> dropping frame (computer too slow ?)
[ERR] more than 927 frames of late video -> dropping frame (computer too slow ?)
[ERR] more than 927 frames of late video -> dropping frame (computer too slow ?)
[ERR] more than 927 frames of late video -> dropping frame (computer too slow ?)
[ERR] more than 927 frames of late video -> dropping frame (computer too slow ?)
[ERR] more than 928 frames of late video -> dropping frame (computer too slow ?)
[WARN] picture is too late to be displayed (missing 46987 ms)
[ERR] more than 928 frames of late video -> dropping frame (computer too slow ?)
[ERR] more than 928 frames of late video -> dropping frame (computer too slow ?)
[ERR] more than 928 frames of late video -> dropping frame (computer too slow ?)
[ERR] more than 928 frames of late video -> dropping frame (computer too slow ?)
[WARN] picture is too late to be displayed (missing 46620 ms)
[WARN] picture is too late to be displayed (missing 46454 ms)
[WARN] picture is too late to be displayed (missing 46404 ms)
[WARN] picture is too late to be displayed (missing 46371 ms)
[WARN] picture is too late to be displayed (missing 46322 ms)
[WARN] picture is too late to be displayed (missing 46288 ms)
[WARN] picture is too late to be displayed (missing 46239 ms)
[WARN] picture is too late to be displayed (missing 46207 ms)
[WARN] picture is too late to be displayed (missing 46157 ms)
[WARN] picture is too late to be displayed (missing 46124 ms)
[ERR] more than 939 frames of late video -> dropping frame (computer too slow ?)
[WARN] picture is too late to be displayed (missing 46075 ms)
[ERR] more than 939 frames of late video -> dropping frame (computer too slow ?)
[ERR] more than 939 frames of late video -> dropping frame (computer too slow ?)
[ERR] more than 939 frames of late video -> dropping frame (computer too slow ?)
[ERR] more than 939 frames of late video -> dropping frame (computer too slow ?)
[ERR] more than 939 frames of late video -> dropping frame (computer too slow ?)
[ERR] more than 939 frames of late video -> dropping frame (computer too slow ?)
[ERR] more than 940 frames of late video -> dropping frame (computer too slow ?)
[WARN] picture is too late to be displayed (missing 45992 ms)
[ERR] more than 940 frames of late video -> dropping frame (computer too slow ?)
[ERR] more than 940 frames of late video -> dropping frame (computer too slow ?)
[ERR] more than 940 frames of late video -> dropping frame (computer too slow ?)
[ERR] more than 940 frames of late video -> dropping frame (computer too slow ?)
[WARN] picture is too late to be displayed (missing 45626 ms)
[WARN] picture is too late to be displayed (missing 45459 ms)
[WARN] picture is too late to be displayed (missing 45409 ms)
[WARN] picture is too late to be displayed (missing 45377 ms)
[WARN] picture is too late to be displayed (missing 45327 ms)
[WARN] picture is too late to be displayed (missing 45294 ms)
[WARN] picture is too late to be displayed (missing 45245 ms)
[WARN] picture is too late to be displayed (missing 45212 ms)
[WARN] picture is too late to be displayed (missing 45162 ms)
[WARN] picture is too late to be displayed (missing 45130 ms)
[ERR] more than 951 frames of late video -> dropping frame (computer too slow ?)
[WARN] picture is too late to be displayed (missing 45080 ms)
[ERR] more than 951 frames of late video -> dropping frame (computer too slow ?)
[ERR] more than 951 frames of late video -> dropping frame (computer too slow ?)
[ERR] more than 951 frames of late video -> dropping frame (computer too slow ?)
[ERR] more than 951 frames of late video -> dropping frame (computer too slow ?)
[ERR] more than 951 frames of late video -> dropping frame (computer too slow ?)
[ERR] more than 951 frames of late video -> dropping frame (computer too slow ?)
[ERR] more than 952 frames of late video -> dropping frame (computer too slow ?)
[WARN] picture is too late to be displayed (missing 44998 ms)
[ERR] more than 952 frames of late video -> dropping frame (computer too slow ?)
[ERR] more than 952 frames of late video -> dropping frame (computer too slow ?)
[ERR] more than 952 frames of late video -> dropping frame (computer too slow ?)
[ERR] more than 952 frames of late video -> dropping frame (computer too slow ?)
[WARN] picture is too late to be displayed (missing 44631 ms)
[WARN] picture is too late to be displayed (missing 44465 ms)
[WARN] picture is too late to be displayed (missing 44415 ms)
[WARN] picture is too late to be displayed (missing 44383 ms)
[WARN] picture is too late to be displayed (missing 44333 ms)
[WARN] picture is too late to be displayed (missing 44299 ms)
[WARN] picture is too late to be displayed (missing 44250 ms)
[WARN] picture is too late to be displayed (missing 44218 ms)
[WARN] picture is too late to be displayed (missing 44168 ms)
[WARN] picture is too late to be displayed (missing 44136 ms)
[ERR] more than 963 frames of late video -> dropping frame (computer too slow ?)
[WARN] picture is too late to be displayed (missing 44086 ms)
[ERR] more than 963 frames of late video -> dropping frame (computer too slow ?)
[ERR] more than 963 frames of late video -> dropping frame (computer too slow ?)
[ERR] more than 963 frames of late video -> dropping frame (computer too slow ?)
[ERR] more than 963 frames of late video -> dropping frame (computer too slow ?)
[ERR] more than 963 frames of late video -> dropping frame (computer too slow ?)
[ERR] more than 963 frames of late video -> dropping frame (computer too slow ?)
[ERR] more than 964 frames of late video -> dropping frame (computer too slow ?)
[WARN] picture is too late to be displayed (missing 44003 ms)
[ERR] more than 964 frames of late video -> dropping frame (computer too slow ?)
[ERR] more than 964 frames of late video -> dropping frame (computer too slow ?)
[ERR] more than 964 frames of late video -> dropping frame (computer too slow ?)
[ERR] more than 964 frames of late video -> dropping frame (computer too slow ?)
[WARN] picture is too late to be displayed (missing 43637 ms)
[WARN] picture is too late to be displayed (missing 43470 ms)
[WARN] picture is too late to be displayed (missing 43421 ms)
[WARN] picture is too late to be displayed (missing 43388 ms)
[WARN] picture is too late to be displayed (missing 43338 ms)
[WARN] picture is too late to be displayed (missing 43305 ms)
[WARN] picture is too late to be displayed (missing 43256 ms)
[WARN] picture is too late to be displayed (missing 43223 ms)
[WARN] picture is too late to be displayed (missing 43173 ms)
[WARN] picture is too late to be displayed (missing 43141 ms)
[ERR] more than 975 frames of late video -> dropping frame (computer too slow ?)
[WARN] picture is too late to be displayed (missing 43091 ms)
[ERR] more than 975 frames of late video -> dropping frame (computer too slow ?)
[ERR] more than 975 frames of late video -> dropping frame (computer too slow ?)
[ERR] more than 975 frames of late video -> dropping frame (computer too slow ?)
[ERR] more than 975 frames of late video -> dropping frame (computer too slow ?)
[ERR] more than 975 frames of late video -> dropping frame (computer too slow ?)
[ERR] more than 975 frames of late video -> dropping frame (computer too slow ?)
[ERR] more than 976 frames of late video -> dropping frame (computer too slow ?)
[WARN] picture is too late to be displayed (missing 43008 ms)
[ERR] more than 976 frames of late video -> dropping frame (computer too slow ?)
[ERR] more than 976 frames of late video -> dropping frame (computer too slow ?)
[ERR] more than 976 frames of late video -> dropping frame (computer too slow ?)
[ERR] more than 976 frames of late video -> dropping frame (computer too slow ?)
[WARN] picture is too late to be displayed (missing 42641 ms)
[WARN] picture is too late to be displayed (missing 42475 ms)
[WARN] picture is too late to be displayed (missing 42425 ms)
[WARN] picture is too late to be displayed (missing 42393 ms)
[WARN] picture is too late to be displayed (missing 42343 ms)
[WARN] picture is too late to be displayed (missing 42309 ms)
[WARN] picture is too late to be displayed (missing 42261 ms)
[WARN] picture is too late to be displayed (missing 42228 ms)
[WARN] picture is too late to be displayed (missing 42178 ms)
[WARN] picture is too late to be displayed (missing 42146 ms)
[ERR] more than 987 frames of late video -> dropping frame (computer too slow ?)
[WARN] picture is too late to be displayed (missing 42096 ms)
[ERR] more than 987 frames of late video -> dropping frame (computer too slow ?)
[ERR] more than 987 frames of late video -> dropping frame (computer too slow ?)
[ERR] more than 987 frames of late video -> dropping frame (computer too slow ?)
[ERR] more than 987 frames of late video -> dropping frame (computer too slow ?)
[ERR] more than 987 frames of late video -> dropping frame (computer too slow ?)
[ERR] more than 987 frames of late video -> dropping frame (computer too slow ?)
[ERR] more than 988 frames of late video -> dropping frame (computer too slow ?)
[WARN] picture is too late to be displayed (missing 42013 ms)
[ERR] more than 988 frames of late video -> dropping frame (computer too slow ?)
[ERR] more than 988 frames of late video -> dropping frame (computer too slow ?)
[ERR] more than 988 frames of late video -> dropping frame (computer too slow ?)
[ERR] more than 988 frames of late video -> dropping frame (computer too slow ?)
[WARN] picture is too late to be displayed (missing 41647 ms)
[WARN] picture is too late to be displayed (missing 41480 ms)
[WARN] picture is too late to be displayed (missing 41431 ms)
[WARN] picture is too late to be displayed (missing 41398 ms)
[WARN] picture is too late to be displayed (missing 41349 ms)
[WARN] picture is too late to be displayed (missing 41315 ms)
[WARN] picture is too late to be displayed (missing 41266 ms)
[WARN] picture is too late to be displayed (missing 41233 ms)
[WARN] picture is too late to be displayed (missing 41184 ms)
[WARN] picture is too late to be displayed (missing 41151 ms)
[ERR] more than 999 frames of late video -> dropping frame (computer too slow ?)
[WARN] picture is too late to be displayed (missing 41101 ms)
[ERR] more than 999 frames of late video -> dropping frame (computer too slow ?)
[ERR] more than 999 frames of late video -> dropping frame (computer too slow ?)
[ERR] more than 999 frames of late video -> dropping frame (computer too slow ?)
[ERR] more than 999 frames of late video -> dropping frame (computer too slow ?)
[ERR] more than 999 frames of late video -> dropping frame (computer too slow ?)
[ERR] more than 999 frames of late video -> dropping frame (computer too slow ?)
[ERR] more than 1000 frames of late video -> dropping frame (computer too slow ?)
[WARN] picture is too late to be displayed (missing 41019 ms)
[ERR] more than 1000 frames of late video -> dropping frame (computer too slow ?)
[ERR] more than 1000 frames of late video -> dropping frame (computer too slow ?)
[ERR] more than 1000 frames of late video -> dropping frame (computer too slow ?)
[ERR] more than 1000 frames of late video -> dropping frame (computer too slow ?)
[WARN] picture is too late to be displayed (missing 40653 ms)
[WARN] picture is too late to be displayed (missing 40486 ms)
[WARN] picture is too late to be displayed (missing 40436 ms)
[WARN] picture is too late to be displayed (missing 40404 ms)
[WARN] picture is too late to be displayed (missing 40354 ms)
[WARN] picture is too late to be displayed (missing 40320 ms)
[WARN] picture is too late to be displayed (missing 40272 ms)
[WARN] picture is too late to be displayed (missing 40239 ms)
[WARN] picture is too late to be displayed (missing 40189 ms)
[WARN] picture is too late to be displayed (missing 40157 ms)
[ERR] more than 1011 frames of late video -> dropping frame (computer too slow ?)
[WARN] picture is too late to be displayed (missing 40107 ms)
[ERR] more than 1011 frames of late video -> dropping frame (computer too slow ?)
[ERR] more than 1011 frames of late video -> dropping frame (computer too slow ?)
[ERR] more than 1011 frames of late video -> dropping frame (computer too slow ?)
[ERR] more than 1011 frames of late video -> dropping frame (computer too slow ?)
[ERR] more than 1011 frames of late video -> dropping frame (computer too slow ?)
[ERR] more than 1011 frames of late video -> dropping frame (computer too slow ?)
[ERR] more than 1012 frames of late video -> dropping frame (computer too slow ?)
[WARN] picture is too late to be displayed (missing 40024 ms)
[ERR] more than 1012 frames of late video -> dropping frame (computer too slow ?)
[ERR] more than 1012 frames of late video -> dropping frame (computer too slow ?)
[ERR] more than 1012 frames of late video -> dropping frame (computer too slow ?)
[ERR] more than 1012 frames of late video -> dropping frame (computer too slow ?)
[WARN] picture is too late to be displayed (missing 39658 ms)
[WARN] picture is too late to be displayed (missing 39491 ms)
[WARN] picture is too late to be displayed (missing 39442 ms)
[WARN] picture is too late to be displayed (missing 39409 ms)
[WARN] picture is too late to be displayed (missing 39360 ms)
[WARN] picture is too late to be displayed (missing 39326 ms)
[WARN] picture is too late to be displayed (missing 39277 ms)
[WARN] picture is too late to be displayed (missing 39245 ms)
[WARN] picture is too late to be displayed (missing 39195 ms)
[WARN] picture is too late to be displayed (missing 39162 ms)
[ERR] more than 1023 frames of late video -> dropping frame (computer too slow ?)
[WARN] picture is too late to be displayed (missing 39113 ms)
[ERR] more than 1023 frames of late video -> dropping frame (computer too slow ?)
[ERR] more than 1023 frames of late video -> dropping frame (computer too slow ?)
[ERR] more than 1023 frames of late video -> dropping frame (computer too slow ?)
[ERR] more than 1023 frames of late video -> dropping frame (computer too slow ?)
[ERR] more than 1023 frames of late video -> dropping frame (computer too slow ?)
[ERR] more than 1023 frames of late video -> dropping frame (computer too slow ?)
[ERR] more than 1024 frames of late video -> dropping frame (computer too slow ?)
[WARN] picture is too late to be displayed (missing 39030 ms)
[ERR] more than 1024 frames of late video -> dropping frame (computer too slow ?)
[ERR] more than 1024 frames of late video -> dropping frame (computer too slow ?)
[ERR] more than 1024 frames of late video -> dropping frame (computer too slow ?)
[ERR] more than 1024 frames of late video -> dropping frame (computer too slow ?)
[WARN] picture is too late to be displayed (missing 38664 ms)
[WARN] picture is too late to be displayed (missing 38497 ms)
[WARN] picture is too late to be displayed (missing 38447 ms)
[WARN] picture is too late to be displayed (missing 38415 ms)
[WARN] picture is too late to be displayed (missing 38365 ms)
[WARN] picture is too late to be displayed (missing 38331 ms)
[WARN] picture is too late to be displayed (missing 38283 ms)
[WARN] picture is too late to be displayed (missing 38250 ms)
[WARN] picture is too late to be displayed (missing 38200 ms)
[WARN] picture is too late to be displayed (missing 38167 ms)
[ERR] more than 1035 frames of late video -> dropping frame (computer too slow ?)
[WARN] picture is too late to be displayed (missing 38118 ms)
[ERR] more than 1035 frames of late video -> dropping frame (computer too slow ?)
[ERR] more than 1035 frames of late video -> dropping frame (computer too slow ?)
[ERR] more than 1035 frames of late video -> dropping frame (computer too slow ?)
[ERR] more than 1035 frames of late video -> dropping frame (computer too slow ?)
[ERR] more than 1035 frames of late video -> dropping frame (computer too slow ?)
[ERR] more than 1035 frames of late video -> dropping frame (computer too slow ?)
[ERR] more than 1036 frames of late video -> dropping frame (computer too slow ?)
[ERR] more than 1036 frames of late video -> dropping frame (computer too slow ?)
[ERR] more than 1036 frames of late video -> dropping frame (computer too slow ?)
[WARN] picture is too late to be displayed (missing 38035 ms)
[ERR] more than 1036 frames of late video -> dropping frame (computer too slow ?)
[ERR] more than 1036 frames of late video -> dropping frame (computer too slow ?)
[WARN] picture is too late to be displayed (missing 37669 ms)
[WARN] picture is too late to be displayed (missing 37502 ms)
[WARN] picture is too late to be displayed (missing 37452 ms)
[WARN] picture is too late to be displayed (missing 37420 ms)
[WARN] picture is too late to be displayed (missing 37370 ms)
[WARN] picture is too late to be displayed (missing 37336 ms)
[WARN] picture is too late to be displayed (missing 37287 ms)
[WARN] picture is too late to be displayed (missing 37255 ms)
[WARN] picture is too late to be displayed (missing 37205 ms)
[WARN] picture is too late to be displayed (missing 37173 ms)
[ERR] more than 1047 frames of late video -> dropping frame (computer too slow ?)
[WARN] picture is too late to be displayed (missing 37123 ms)
[ERR] more than 1047 frames of late video -> dropping frame (computer too slow ?)
[ERR] more than 1047 frames of late video -> dropping frame (computer too slow ?)
[ERR] more than 1047 frames of late video -> dropping frame (computer too slow ?)
[ERR] more than 1047 frames of late video -> dropping frame (computer too slow ?)
[ERR] more than 1047 frames of late video -> dropping frame (computer too slow ?)
[ERR] more than 1047 frames of late video -> dropping frame (computer too slow ?)
[ERR] more than 1048 frames of late video -> dropping frame (computer too slow ?)
[ERR] more than 1048 frames of late video -> dropping frame (computer too slow ?)
[WARN] picture is too late to be displayed (missing 37040 ms)
[ERR] more than 1048 frames of late video -> dropping frame (computer too slow ?)
[ERR] more than 1048 frames of late video -> dropping frame (computer too slow ?)
[ERR] more than 1048 frames of late video -> dropping frame (computer too slow ?)
[WARN] picture is too late to be displayed (missing 36674 ms)
[WARN] picture is too late to be displayed (missing 36507 ms)
[WARN] picture is too late to be displayed (missing 36458 ms)
[WARN] picture is too late to be displayed (missing 36425 ms)
[WARN] picture is too late to be displayed (missing 36376 ms)
[WARN] picture is too late to be displayed (missing 36342 ms)
[WARN] picture is too late to be displayed (missing 36293 ms)
[WARN] picture is too late to be displayed (missing 36261 ms)
[WARN] picture is too late to be displayed (missing 36211 ms)
[WARN] picture is too late to be displayed (missing 36178 ms)
[ERR] more than 1059 frames of late video -> dropping frame (computer too slow ?)
[WARN] picture is too late to be displayed (missing 36129 ms)
[ERR] more than 1059 frames of late video -> dropping frame (computer too slow ?)
[ERR] more than 1059 frames of late video -> dropping frame (computer too slow ?)
[ERR] more than 1059 frames of late video -> dropping frame (computer too slow ?)
[ERR] more than 1059 frames of late video -> dropping frame (computer too slow ?)
[ERR] more than 1059 frames of late video -> dropping frame (computer too slow ?)
[ERR] more than 1059 frames of late video -> dropping frame (computer too slow ?)
[ERR] more than 1060 frames of late video -> dropping frame (computer too slow ?)
[ERR] more than 1060 frames of late video -> dropping frame (computer too slow ?)
[WARN] picture is too late to be displayed (missing 36046 ms)
[ERR] more than 1060 frames of late video -> dropping frame (computer too slow ?)
[ERR] more than 1060 frames of late video -> dropping frame (computer too slow ?)
[ERR] more than 1060 frames of late video -> dropping frame (computer too slow ?)
[WARN] picture is too late to be displayed (missing 35680 ms)
[WARN] picture is too late to be displayed (missing 35513 ms)
[WARN] picture is too late to be displayed (missing 35464 ms)
[WARN] picture is too late to be displayed (missing 35431 ms)
[WARN] picture is too late to be displayed (missing 35381 ms)
[WARN] picture is too late to be displayed (missing 35348 ms)
[WARN] picture is too late to be displayed (missing 35299 ms)
[WARN] picture is too late to be displayed (missing 35266 ms)
[WARN] picture is too late to be displayed (missing 35217 ms)
[WARN] picture is too late to be displayed (missing 35184 ms)
[ERR] more than 1071 frames of late video -> dropping frame (computer too slow ?)
[WARN] picture is too late to be displayed (missing 35134 ms)
[ERR] more than 1071 frames of late video -> dropping frame (computer too slow ?)
[ERR] more than 1071 frames of late video -> dropping frame (computer too slow ?)
[ERR] more than 1071 frames of late video -> dropping frame (computer too slow ?)
[ERR] more than 1071 frames of late video -> dropping frame (computer too slow ?)
[ERR] more than 1071 frames of late video -> dropping frame (computer too slow ?)
[ERR] more than 1071 frames of late video -> dropping frame (computer too slow ?)
[ERR] more than 1072 frames of late video -> dropping frame (computer too slow ?)
[WARN] picture is too late to be displayed (missing 35052 ms)
[ERR] more than 1072 frames of late video -> dropping frame (computer too slow ?)
[ERR] more than 1072 frames of late video -> dropping frame (computer too slow ?)
[ERR] more than 1072 frames of late video -> dropping frame (computer too slow ?)
[ERR] more than 1072 frames of late video -> dropping frame (computer too slow ?)
[WARN] picture is too late to be displayed (missing 34685 ms)
[WARN] picture is too late to be displayed (missing 34519 ms)
[WARN] picture is too late to be displayed (missing 34469 ms)
[WARN] picture is too late to be displayed (missing 34437 ms)
[WARN] picture is too late to be displayed (missing 34387 ms)
[WARN] picture is too late to be displayed (missing 34353 ms)
[WARN] picture is too late to be displayed (missing 34305 ms)
[WARN] picture is too late to be displayed (missing 34272 ms)
[WARN] picture is too late to be displayed (missing 34222 ms)
[WARN] picture is too late to be displayed (missing 34190 ms)
[ERR] more than 1083 frames of late video -> dropping frame (computer too slow ?)
[WARN] picture is too late to be displayed (missing 34140 ms)
[ERR] more than 1083 frames of late video -> dropping frame (computer too slow ?)
[ERR] more than 1083 frames of late video -> dropping frame (computer too slow ?)
[ERR] more than 1083 frames of late video -> dropping frame (computer too slow ?)
[ERR] more than 1083 frames of late video -> dropping frame (computer too slow ?)
[ERR] more than 1083 frames of late video -> dropping frame (computer too slow ?)
[ERR] more than 1083 frames of late video -> dropping frame (computer too slow ?)
[ERR] more than 1084 frames of late video -> dropping frame (computer too slow ?)
[WARN] picture is too late to be displayed (missing 34057 ms)
[ERR] more than 1084 frames of late video -> dropping frame (computer too slow ?)
[ERR] more than 1084 frames of late video -> dropping frame (computer too slow ?)
[ERR] more than 1084 frames of late video -> dropping frame (computer too slow ?)
[ERR] more than 1084 frames of late video -> dropping frame (computer too slow ?)
[WARN] picture is too late to be displayed (missing 33691 ms)
[WARN] picture is too late to be displayed (missing 33525 ms)
[WARN] picture is too late to be displayed (missing 33475 ms)
[WARN] picture is too late to be displayed (missing 33442 ms)
[WARN] picture is too late to be displayed (missing 33393 ms)
[WARN] picture is too late to be displayed (missing 33359 ms)
[WARN] picture is too late to be displayed (missing 33310 ms)
[WARN] picture is too late to be displayed (missing 33278 ms)
[WARN] picture is too late to be displayed (missing 33228 ms)
[WARN] picture is too late to be displayed (missing 33195 ms)
[ERR] more than 1095 frames of late video -> dropping frame (computer too slow ?)
[WARN] picture is too late to be displayed (missing 33146 ms)
[ERR] more than 1095 frames of late video -> dropping frame (computer too slow ?)
[ERR] more than 1095 frames of late video -> dropping frame (computer too slow ?)
[ERR] more than 1095 frames of late video -> dropping frame (computer too slow ?)
[ERR] more than 1095 frames of late video -> dropping frame (computer too slow ?)
[ERR] more than 1095 frames of late video -> dropping frame (computer too slow ?)
[ERR] more than 1095 frames of late video -> dropping frame (computer too slow ?)
[ERR] more than 1096 frames of late video -> dropping frame (computer too slow ?)
[WARN] picture is too late to be displayed (missing 33063 ms)
[ERR] more than 1096 frames of late video -> dropping frame (computer too slow ?)
[ERR] more than 1096 frames of late video -> dropping frame (computer too slow ?)
[ERR] more than 1096 frames of late video -> dropping frame (computer too slow ?)
[ERR] more than 1096 frames of late video -> dropping frame (computer too slow ?)
[WARN] picture is too late to be displayed (missing 32697 ms)
[WARN] picture is too late to be displayed (missing 32530 ms)
[WARN] picture is too late to be displayed (missing 32480 ms)
[WARN] picture is too late to be displayed (missing 32448 ms)
[WARN] picture is too late to be displayed (missing 32398 ms)
[WARN] picture is too late to be displayed (missing 32364 ms)
[WARN] picture is too late to be displayed (missing 32315 ms)
[WARN] picture is too late to be displayed (missing 32283 ms)
[WARN] picture is too late to be displayed (missing 32233 ms)
[WARN] picture is too late to be displayed (missing 32200 ms)
[ERR] more than 1107 frames of late video -> dropping frame (computer too slow ?)
[WARN] picture is too late to be displayed (missing 32151 ms)
[ERR] more than 1107 frames of late video -> dropping frame (computer too slow ?)
[ERR] more than 1107 frames of late video -> dropping frame (computer too slow ?)
[ERR] more than 1107 frames of late video -> dropping frame (computer too slow ?)
[ERR] more than 1107 frames of late video -> dropping frame (computer too slow ?)
[ERR] more than 1107 frames of late video -> dropping frame (computer too slow ?)
[ERR] more than 1107 frames of late video -> dropping frame (computer too slow ?)
[ERR] more than 1108 frames of late video -> dropping frame (computer too slow ?)
[WARN] picture is too late to be displayed (missing 32068 ms)
[ERR] more than 1108 frames of late video -> dropping frame (computer too slow ?)
[ERR] more than 1108 frames of late video -> dropping frame (computer too slow ?)
[ERR] more than 1108 frames of late video -> dropping frame (computer too slow ?)
[ERR] more than 1108 frames of late video -> dropping frame (computer too slow ?)
[WARN] picture is too late to be displayed (missing 31702 ms)
[WARN] picture is too late to be displayed (missing 31535 ms)
[WARN] picture is too late to be displayed (missing 31485 ms)
[WARN] picture is too late to be displayed (missing 31453 ms)
[WARN] picture is too late to be displayed (missing 31403 ms)
[WARN] picture is too late to be displayed (missing 31369 ms)
[WARN] picture is too late to be displayed (missing 31321 ms)
[WARN] picture is too late to be displayed (missing 31288 ms)
[WARN] picture is too late to be displayed (missing 31238 ms)
[WARN] picture is too late to be displayed (missing 31206 ms)
[ERR] more than 1119 frames of late video -> dropping frame (computer too slow ?)
[WARN] picture is too late to be displayed (missing 31156 ms)
[ERR] more than 1119 frames of late video -> dropping frame (computer too slow ?)
[ERR] more than 1119 frames of late video -> dropping frame (computer too slow ?)
[ERR] more than 1119 frames of late video -> dropping frame (computer too slow ?)
[ERR] more than 1119 frames of late video -> dropping frame (computer too slow ?)
[ERR] more than 1119 frames of late video -> dropping frame (computer too slow ?)
[ERR] more than 1119 frames of late video -> dropping frame (computer too slow ?)
[ERR] more than 1120 frames of late video -> dropping frame (computer too slow ?)
[ERR] more than 1120 frames of late video -> dropping frame (computer too slow ?)
[WARN] picture is too late to be displayed (missing 31074 ms)
[ERR] more than 1120 frames of late video -> dropping frame (computer too slow ?)
[ERR] more than 1120 frames of late video -> dropping frame (computer too slow ?)
[ERR] more than 1120 frames of late video -> dropping frame (computer too slow ?)
[WARN] picture is too late to be displayed (missing 30707 ms)
[WARN] picture is too late to be displayed (missing 30540 ms)
[WARN] picture is too late to be displayed (missing 30491 ms)
[WARN] picture is too late to be displayed (missing 30458 ms)
[WARN] picture is too late to be displayed (missing 30409 ms)
[WARN] picture is too late to be displayed (missing 30375 ms)
[WARN] picture is too late to be displayed (missing 30326 ms)
[WARN] picture is too late to be displayed (missing 30294 ms)
[WARN] picture is too late to be displayed (missing 30244 ms)
[WARN] picture is too late to be displayed (missing 30211 ms)
[ERR] more than 1131 frames of late video -> dropping frame (computer too slow ?)
[WARN] picture is too late to be displayed (missing 30162 ms)
[ERR] more than 1131 frames of late video -> dropping frame (computer too slow ?)
[ERR] more than 1131 frames of late video -> dropping frame (computer too slow ?)
[ERR] more than 1131 frames of late video -> dropping frame (computer too slow ?)
[ERR] more than 1131 frames of late video -> dropping frame (computer too slow ?)
[ERR] more than 1131 frames of late video -> dropping frame (computer too slow ?)
[ERR] more than 1131 frames of late video -> dropping frame (computer too slow ?)
[ERR] more than 1132 frames of late video -> dropping frame (computer too slow ?)
[WARN] picture is too late to be displayed (missing 30079 ms)
[ERR] more than 1132 frames of late video -> dropping frame (computer too slow ?)
[ERR] more than 1132 frames of late video -> dropping frame (computer too slow ?)
[ERR] more than 1132 frames of late video -> dropping frame (computer too slow ?)
[ERR] more than 1132 frames of late video -> dropping frame (computer too slow ?)
[WARN] picture is too late to be displayed (missing 29713 ms)
[WARN] picture is too late to be displayed (missing 29546 ms)
[WARN] picture is too late to be displayed (missing 29497 ms)
[WARN] picture is too late to be displayed (missing 29464 ms)
[WARN] picture is too late to be displayed (missing 29415 ms)
[WARN] picture is too late to be displayed (missing 29381 ms)
[WARN] picture is too late to be displayed (missing 29332 ms)
[WARN] picture is too late to be displayed (missing 29300 ms)
[WARN] picture is too late to be displayed (missing 29250 ms)
[WARN] picture is too late to be displayed (missing 29217 ms)
[ERR] more than 1143 frames of late video -> dropping frame (computer too slow ?)
[WARN] picture is too late to be displayed (missing 29168 ms)
[ERR] more than 1143 frames of late video -> dropping frame (computer too slow ?)
[ERR] more than 1143 frames of late video -> dropping frame (computer too slow ?)
[ERR] more than 1143 frames of late video -> dropping frame (computer too slow ?)
[ERR] more than 1143 frames of late video -> dropping frame (computer too slow ?)
[ERR] more than 1143 frames of late video -> dropping frame (computer too slow ?)
[ERR] more than 1143 frames of late video -> dropping frame (computer too slow ?)
[ERR] more than 1144 frames of late video -> dropping frame (computer too slow ?)
[WARN] picture is too late to be displayed (missing 29085 ms)
[ERR] more than 1144 frames of late video -> dropping frame (computer too slow ?)
[ERR] more than 1144 frames of late video -> dropping frame (computer too slow ?)
[ERR] more than 1144 frames of late video -> dropping frame (computer too slow ?)
[ERR] more than 1144 frames of late video -> dropping frame (computer too slow ?)
[WARN] picture is too late to be displayed (missing 28719 ms)
[WARN] picture is too late to be displayed (missing 28552 ms)
[WARN] picture is too late to be displayed (missing 28503 ms)
[WARN] picture is too late to be displayed (missing 28470 ms)
[WARN] picture is too late to be displayed (missing 28421 ms)
[WARN] picture is too late to be displayed (missing 28387 ms)
[WARN] picture is too late to be displayed (missing 28338 ms)
[WARN] picture is too late to be displayed (missing 28306 ms)
[WARN] picture is too late to be displayed (missing 28256 ms)
[WARN] picture is too late to be displayed (missing 28223 ms)
[ERR] more than 1155 frames of late video -> dropping frame (computer too slow ?)
[WARN] picture is too late to be displayed (missing 28174 ms)
[ERR] more than 1155 frames of late video -> dropping frame (computer too slow ?)
[ERR] more than 1155 frames of late video -> dropping frame (computer too slow ?)
[ERR] more than 1155 frames of late video -> dropping frame (computer too slow ?)
[ERR] more than 1155 frames of late video -> dropping frame (computer too slow ?)
[ERR] more than 1155 frames of late video -> dropping frame (computer too slow ?)
[ERR] more than 1155 frames of late video -> dropping frame (computer too slow ?)
[ERR] more than 1156 frames of late video -> dropping frame (computer too slow ?)
[ERR] more than 1156 frames of late video -> dropping frame (computer too slow ?)
[WARN] picture is too late to be displayed (missing 28091 ms)
[ERR] more than 1156 frames of late video -> dropping frame (computer too slow ?)
[ERR] more than 1156 frames of late video -> dropping frame (computer too slow ?)
[ERR] more than 1156 frames of late video -> dropping frame (computer too slow ?)
[WARN] picture is too late to be displayed (missing 27725 ms)
[WARN] picture is too late to be displayed (missing 27558 ms)
[WARN] picture is too late to be displayed (missing 27509 ms)
[WARN] picture is too late to be displayed (missing 27476 ms)
[WARN] picture is too late to be displayed (missing 27426 ms)
[WARN] picture is too late to be displayed (missing 27393 ms)
[WARN] picture is too late to be displayed (missing 27344 ms)
[WARN] picture is too late to be displayed (missing 27311 ms)
[WARN] picture is too late to be displayed (missing 27262 ms)
[WARN] picture is too late to be displayed (missing 27229 ms)
[ERR] more than 1167 frames of late video -> dropping frame (computer too slow ?)
[WARN] picture is too late to be displayed (missing 27179 ms)
[ERR] more than 1167 frames of late video -> dropping frame (computer too slow ?)
[ERR] more than 1167 frames of late video -> dropping frame (computer too slow ?)
[ERR] more than 1167 frames of late video -> dropping frame (computer too slow ?)
[ERR] more than 1167 frames of late video -> dropping frame (computer too slow ?)
[ERR] more than 1167 frames of late video -> dropping frame (computer too slow ?)
[ERR] more than 1167 frames of late video -> dropping frame (computer too slow ?)
[ERR] more than 1168 frames of late video -> dropping frame (computer too slow ?)
[WARN] picture is too late to be displayed (missing 27097 ms)
[ERR] more than 1168 frames of late video -> dropping frame (computer too slow ?)
[ERR] more than 1168 frames of late video -> dropping frame (computer too slow ?)
[ERR] more than 1168 frames of late video -> dropping frame (computer too slow ?)
[ERR] more than 1168 frames of late video -> dropping frame (computer too slow ?)
[WARN] picture is too late to be displayed (missing 26731 ms)
[WARN] picture is too late to be displayed (missing 26564 ms)
[WARN] picture is too late to be displayed (missing 26514 ms)
[WARN] picture is too late to be displayed (missing 26482 ms)
[WARN] picture is too late to be displayed (missing 26432 ms)
[WARN] picture is too late to be displayed (missing 26399 ms)
[WARN] picture is too late to be displayed (missing 26350 ms)
[WARN] picture is too late to be displayed (missing 26317 ms)
[WARN] picture is too late to be displayed (missing 26268 ms)
[WARN] picture is too late to be displayed (missing 26235 ms)
[ERR] more than 1179 frames of late video -> dropping frame (computer too slow ?)
[WARN] picture is too late to be displayed (missing 26186 ms)
[ERR] more than 1179 frames of late video -> dropping frame (computer too slow ?)
[ERR] more than 1179 frames of late video -> dropping frame (computer too slow ?)
[ERR] more than 1179 frames of late video -> dropping frame (computer too slow ?)
[ERR] more than 1179 frames of late video -> dropping frame (computer too slow ?)
[ERR] more than 1179 frames of late video -> dropping frame (computer too slow ?)
[ERR] more than 1179 frames of late video -> dropping frame (computer too slow ?)
[ERR] more than 1180 frames of late video -> dropping frame (computer too slow ?)
[WARN] picture is too late to be displayed (missing 26103 ms)
[ERR] more than 1180 frames of late video -> dropping frame (computer too slow ?)
[ERR] more than 1180 frames of late video -> dropping frame (computer too slow ?)
[ERR] more than 1180 frames of late video -> dropping frame (computer too slow ?)
[ERR] more than 1180 frames of late video -> dropping frame (computer too slow ?)
[WARN] picture is too late to be displayed (missing 25737 ms)
[WARN] picture is too late to be displayed (missing 25570 ms)
[WARN] picture is too late to be displayed (missing 25520 ms)
[WARN] picture is too late to be displayed (missing 25488 ms)
[WARN] picture is too late to be displayed (missing 25438 ms)
[WARN] picture is too late to be displayed (missing 25405 ms)
[WARN] picture is too late to be displayed (missing 25356 ms)
[WARN] picture is too late to be displayed (missing 25323 ms)
[WARN] picture is too late to be displayed (missing 25274 ms)
[WARN] picture is too late to be displayed (missing 25241 ms)
[ERR] more than 1191 frames of late video -> dropping frame (computer too slow ?)
[WARN] picture is too late to be displayed (missing 25192 ms)
[ERR] more than 1191 frames of late video -> dropping frame (computer too slow ?)
[ERR] more than 1191 frames of late video -> dropping frame (computer too slow ?)
[ERR] more than 1191 frames of late video -> dropping frame (computer too slow ?)
[ERR] more than 1191 frames of late video -> dropping frame (computer too slow ?)
[ERR] more than 1191 frames of late video -> dropping frame (computer too slow ?)
[ERR] more than 1191 frames of late video -> dropping frame (computer too slow ?)
[ERR] more than 1192 frames of late video -> dropping frame (computer too slow ?)
[WARN] picture is too late to be displayed (missing 25109 ms)
[ERR] more than 1192 frames of late video -> dropping frame (computer too slow ?)
[ERR] more than 1192 frames of late video -> dropping frame (computer too slow ?)
[ERR] more than 1192 frames of late video -> dropping frame (computer too slow ?)
[ERR] more than 1192 frames of late video -> dropping frame (computer too slow ?)
[WARN] picture is too late to be displayed (missing 24743 ms)
[WARN] picture is too late to be displayed (missing 24576 ms)
[WARN] picture is too late to be displayed (missing 24527 ms)
[WARN] picture is too late to be displayed (missing 24494 ms)
[WARN] picture is too late to be displayed (missing 24445 ms)
[WARN] picture is too late to be displayed (missing 24411 ms)
[WARN] picture is too late to be displayed (missing 24362 ms)
[WARN] picture is too late to be displayed (missing 24330 ms)
[WARN] picture is too late to be displayed (missing 24280 ms)
[WARN] picture is too late to be displayed (missing 24248 ms)
[ERR] more than 1203 frames of late video -> dropping frame (computer too slow ?)
[WARN] picture is too late to be displayed (missing 24198 ms)
[ERR] more than 1203 frames of late video -> dropping frame (computer too slow ?)
[ERR] more than 1203 frames of late video -> dropping frame (computer too slow ?)
[ERR] more than 1203 frames of late video -> dropping frame (computer too slow ?)
[ERR] more than 1203 frames of late video -> dropping frame (computer too slow ?)
[ERR] more than 1203 frames of late video -> dropping frame (computer too slow ?)
[ERR] more than 1203 frames of late video -> dropping frame (computer too slow ?)
[ERR] more than 1204 frames of late video -> dropping frame (computer too slow ?)
[ERR] more than 1204 frames of late video -> dropping frame (computer too slow ?)
[WARN] picture is too late to be displayed (missing 24116 ms)
[ERR] more than 1204 frames of late video -> dropping frame (computer too slow ?)
[ERR] more than 1204 frames of late video -> dropping frame (computer too slow ?)
[ERR] more than 1204 frames of late video -> dropping frame (computer too slow ?)
[WARN] picture is too late to be displayed (missing 23749 ms)
[WARN] picture is too late to be displayed (missing 23583 ms)
[WARN] picture is too late to be displayed (missing 23533 ms)
[WARN] picture is too late to be displayed (missing 23501 ms)
[WARN] picture is too late to be displayed (missing 23451 ms)
[WARN] picture is too late to be displayed (missing 23418 ms)
[WARN] picture is too late to be displayed (missing 23369 ms)
[WARN] picture is too late to be displayed (missing 23336 ms)
[WARN] picture is too late to be displayed (missing 23287 ms)
[WARN] picture is too late to be displayed (missing 23254 ms)
[ERR] more than 1215 frames of late video -> dropping frame (computer too slow ?)
[WARN] picture is too late to be displayed (missing 23205 ms)
[ERR] more than 1215 frames of late video -> dropping frame (computer too slow ?)
[ERR] more than 1215 frames of late video -> dropping frame (computer too slow ?)
[ERR] more than 1215 frames of late video -> dropping frame (computer too slow ?)
[ERR] more than 1215 frames of late video -> dropping frame (computer too slow ?)
[ERR] more than 1215 frames of late video -> dropping frame (computer too slow ?)
[ERR] more than 1215 frames of late video -> dropping frame (computer too slow ?)
[ERR] more than 1216 frames of late video -> dropping frame (computer too slow ?)
[WARN] picture is too late to be displayed (missing 23122 ms)
[ERR] more than 1216 frames of late video -> dropping frame (computer too slow ?)
[ERR] more than 1216 frames of late video -> dropping frame (computer too slow ?)
[ERR] more than 1216 frames of late video -> dropping frame (computer too slow ?)
[ERR] more than 1216 frames of late video -> dropping frame (computer too slow ?)
[WARN] picture is too late to be displayed (missing 22756 ms)
[WARN] picture is too late to be displayed (missing 22589 ms)
[WARN] picture is too late to be displayed (missing 22540 ms)
[WARN] picture is too late to be displayed (missing 22507 ms)
[WARN] picture is too late to be displayed (missing 22458 ms)
[WARN] picture is too late to be displayed (missing 22424 ms)
[WARN] picture is too late to be displayed (missing 22375 ms)
[WARN] picture is too late to be displayed (missing 22343 ms)
[WARN] picture is too late to be displayed (missing 22293 ms)
[WARN] picture is too late to be displayed (missing 22260 ms)
[ERR] more than 1227 frames of late video -> dropping frame (computer too slow ?)
[WARN] picture is too late to be displayed (missing 22211 ms)
[ERR] more than 1227 frames of late video -> dropping frame (computer too slow ?)
[ERR] more than 1227 frames of late video -> dropping frame (computer too slow ?)
[ERR] more than 1227 frames of late video -> dropping frame (computer too slow ?)
[ERR] more than 1227 frames of late video -> dropping frame (computer too slow ?)
[ERR] more than 1227 frames of late video -> dropping frame (computer too slow ?)
[ERR] more than 1227 frames of late video -> dropping frame (computer too slow ?)
[ERR] more than 1228 frames of late video -> dropping frame (computer too slow ?)
[WARN] picture is too late to be displayed (missing 22128 ms)
[ERR] more than 1228 frames of late video -> dropping frame (computer too slow ?)
[ERR] more than 1228 frames of late video -> dropping frame (computer too slow ?)
[ERR] more than 1228 frames of late video -> dropping frame (computer too slow ?)
[ERR] more than 1228 frames of late video -> dropping frame (computer too slow ?)
[WARN] picture is too late to be displayed (missing 21762 ms)
[WARN] picture is too late to be displayed (missing 21595 ms)
[WARN] picture is too late to be displayed (missing 21546 ms)
[WARN] picture is too late to be displayed (missing 21513 ms)
[WARN] picture is too late to be displayed (missing 21464 ms)
[WARN] picture is too late to be displayed (missing 21430 ms)
[WARN] picture is too late to be displayed (missing 21381 ms)
[WARN] picture is too late to be displayed (missing 21348 ms)
[WARN] picture is too late to be displayed (missing 21299 ms)
[WARN] picture is too late to be displayed (missing 21266 ms)
[ERR] more than 1239 frames of late video -> dropping frame (computer too slow ?)
[WARN] picture is too late to be displayed (missing 21217 ms)
[ERR] more than 1239 frames of late video -> dropping frame (computer too slow ?)
[ERR] more than 1239 frames of late video -> dropping frame (computer too slow ?)
[ERR] more than 1239 frames of late video -> dropping frame (computer too slow ?)
[ERR] more than 1239 frames of late video -> dropping frame (computer too slow ?)
[ERR] more than 1239 frames of late video -> dropping frame (computer too slow ?)
[ERR] more than 1239 frames of late video -> dropping frame (computer too slow ?)
[ERR] more than 1240 frames of late video -> dropping frame (computer too slow ?)
[ERR] more than 1240 frames of late video -> dropping frame (computer too slow ?)
[WARN] picture is too late to be displayed (missing 21134 ms)
[ERR] more than 1240 frames of late video -> dropping frame (computer too slow ?)
[ERR] more than 1240 frames of late video -> dropping frame (computer too slow ?)
[ERR] more than 1240 frames of late video -> dropping frame (computer too slow ?)
[WARN] picture is too late to be displayed (missing 20768 ms)
[WARN] picture is too late to be displayed (missing 20601 ms)
[WARN] picture is too late to be displayed (missing 20552 ms)
[WARN] picture is too late to be displayed (missing 20520 ms)
[WARN] picture is too late to be displayed (missing 20470 ms)
[WARN] picture is too late to be displayed (missing 20436 ms)
[WARN] picture is too late to be displayed (missing 20388 ms)
[WARN] picture is too late to be displayed (missing 20355 ms)
[WARN] picture is too late to be displayed (missing 20305 ms)
[WARN] picture is too late to be displayed (missing 20273 ms)
[ERR] more than 1251 frames of late video -> dropping frame (computer too slow ?)
[WARN] picture is too late to be displayed (missing 20223 ms)
[ERR] more than 1251 frames of late video -> dropping frame (computer too slow ?)
[ERR] more than 1251 frames of late video -> dropping frame (computer too slow ?)
[ERR] more than 1251 frames of late video -> dropping frame (computer too slow ?)
[ERR] more than 1251 frames of late video -> dropping frame (computer too slow ?)
[ERR] more than 1251 frames of late video -> dropping frame (computer too slow ?)
[ERR] more than 1251 frames of late video -> dropping frame (computer too slow ?)
[ERR] more than 1252 frames of late video -> dropping frame (computer too slow ?)
[WARN] picture is too late to be displayed (missing 20141 ms)
[ERR] more than 1252 frames of late video -> dropping frame (computer too slow ?)
[ERR] more than 1252 frames of late video -> dropping frame (computer too slow ?)
[ERR] more than 1252 frames of late video -> dropping frame (computer too slow ?)
[ERR] more than 1252 frames of late video -> dropping frame (computer too slow ?)
[WARN] picture is too late to be displayed (missing 19775 ms)
[WARN] picture is too late to be displayed (missing 19608 ms)
[WARN] picture is too late to be displayed (missing 19558 ms)
[WARN] picture is too late to be displayed (missing 19526 ms)
[WARN] picture is too late to be displayed (missing 19476 ms)
[WARN] picture is too late to be displayed (missing 19443 ms)
[WARN] picture is too late to be displayed (missing 19394 ms)
[WARN] picture is too late to be displayed (missing 19361 ms)
[WARN] picture is too late to be displayed (missing 19312 ms)
[WARN] picture is too late to be displayed (missing 19279 ms)
[ERR] more than 1263 frames of late video -> dropping frame (computer too slow ?)
[WARN] picture is too late to be displayed (missing 19230 ms)
[ERR] more than 1263 frames of late video -> dropping frame (computer too slow ?)
[ERR] more than 1263 frames of late video -> dropping frame (computer too slow ?)
[ERR] more than 1263 frames of late video -> dropping frame (computer too slow ?)
[ERR] more than 1263 frames of late video -> dropping frame (computer too slow ?)
[ERR] more than 1263 frames of late video -> dropping frame (computer too slow ?)
[ERR] more than 1263 frames of late video -> dropping frame (computer too slow ?)
[ERR] more than 1264 frames of late video -> dropping frame (computer too slow ?)
[WARN] picture is too late to be displayed (missing 19147 ms)
[ERR] more than 1264 frames of late video -> dropping frame (computer too slow ?)
[ERR] more than 1264 frames of late video -> dropping frame (computer too slow ?)
[ERR] more than 1264 frames of late video -> dropping frame (computer too slow ?)
[ERR] more than 1264 frames of late video -> dropping frame (computer too slow ?)
[WARN] picture is too late to be displayed (missing 18781 ms)
[WARN] picture is too late to be displayed (missing 18614 ms)
[WARN] picture is too late to be displayed (missing 18565 ms)
[WARN] picture is too late to be displayed (missing 18533 ms)
[WARN] picture is too late to be displayed (missing 18483 ms)
[WARN] picture is too late to be displayed (missing 18449 ms)
[WARN] picture is too late to be displayed (missing 18400 ms)
[WARN] picture is too late to be displayed (missing 18368 ms)
[WARN] picture is too late to be displayed (missing 18318 ms)
[WARN] picture is too late to be displayed (missing 18286 ms)
[WARN] picture is too late to be displayed (missing 18236 ms)
[ERR] more than 1275 frames of late video -> dropping frame (computer too slow ?)
[ERR] more than 1275 frames of late video -> dropping frame (computer too slow ?)
[ERR] more than 1275 frames of late video -> dropping frame (computer too slow ?)
[ERR] more than 1275 frames of late video -> dropping frame (computer too slow ?)
[ERR] more than 1275 frames of late video -> dropping frame (computer too slow ?)
[ERR] more than 1275 frames of late video -> dropping frame (computer too slow ?)
[ERR] more than 1275 frames of late video -> dropping frame (computer too slow ?)
[WARN] picture is too late to be displayed (missing 18154 ms)
[ERR] more than 1276 frames of late video -> dropping frame (computer too slow ?)
[ERR] more than 1276 frames of late video -> dropping frame (computer too slow ?)
[ERR] more than 1276 frames of late video -> dropping frame (computer too slow ?)
[ERR] more than 1276 frames of late video -> dropping frame (computer too slow ?)
[ERR] more than 1276 frames of late video -> dropping frame (computer too slow ?)
[WARN] picture is too late to be displayed (missing 17787 ms)
[WARN] picture is too late to be displayed (missing 17621 ms)
[WARN] picture is too late to be displayed (missing 17571 ms)
[WARN] picture is too late to be displayed (missing 17539 ms)
[WARN] picture is too late to be displayed (missing 17489 ms)
[WARN] picture is too late to be displayed (missing 17456 ms)
[WARN] picture is too late to be displayed (missing 17407 ms)
[WARN] picture is too late to be displayed (missing 17374 ms)
[WARN] picture is too late to be displayed (missing 17324 ms)
[WARN] picture is too late to be displayed (missing 17292 ms)
[ERR] more than 1287 frames of late video -> dropping frame (computer too slow ?)
[WARN] picture is too late to be displayed (missing 17242 ms)
[ERR] more than 1287 frames of late video -> dropping frame (computer too slow ?)
[ERR] more than 1287 frames of late video -> dropping frame (computer too slow ?)
[ERR] more than 1287 frames of late video -> dropping frame (computer too slow ?)
[ERR] more than 1287 frames of late video -> dropping frame (computer too slow ?)
[ERR] more than 1287 frames of late video -> dropping frame (computer too slow ?)
[ERR] more than 1287 frames of late video -> dropping frame (computer too slow ?)
[ERR] more than 1288 frames of late video -> dropping frame (computer too slow ?)
[WARN] picture is too late to be displayed (missing 17160 ms)
[ERR] more than 1288 frames of late video -> dropping frame (computer too slow ?)
[ERR] more than 1288 frames of late video -> dropping frame (computer too slow ?)
[ERR] more than 1288 frames of late video -> dropping frame (computer too slow ?)
[ERR] more than 1288 frames of late video -> dropping frame (computer too slow ?)
[WARN] picture is too late to be displayed (missing 16793 ms)
[WARN] picture is too late to be displayed (missing 16627 ms)
[WARN] picture is too late to be displayed (missing 16577 ms)
[WARN] picture is too late to be displayed (missing 16545 ms)
[WARN] picture is too late to be displayed (missing 16495 ms)
[WARN] picture is too late to be displayed (missing 16462 ms)
[WARN] picture is too late to be displayed (missing 16413 ms)
[WARN] picture is too late to be displayed (missing 16380 ms)
[WARN] picture is too late to be displayed (missing 16331 ms)
[WARN] picture is too late to be displayed (missing 16298 ms)
[ERR] more than 1299 frames of late video -> dropping frame (computer too slow ?)
[WARN] picture is too late to be displayed (missing 16249 ms)
[ERR] more than 1299 frames of late video -> dropping frame (computer too slow ?)
[ERR] more than 1299 frames of late video -> dropping frame (computer too slow ?)
[ERR] more than 1299 frames of late video -> dropping frame (computer too slow ?)
[ERR] more than 1299 frames of late video -> dropping frame (computer too slow ?)
[ERR] more than 1299 frames of late video -> dropping frame (computer too slow ?)
[ERR] more than 1299 frames of late video -> dropping frame (computer too slow ?)
[ERR] more than 1300 frames of late video -> dropping frame (computer too slow ?)
[WARN] picture is too late to be displayed (missing 16166 ms)
[ERR] more than 1300 frames of late video -> dropping frame (computer too slow ?)
[ERR] more than 1300 frames of late video -> dropping frame (computer too slow ?)
[ERR] more than 1300 frames of late video -> dropping frame (computer too slow ?)
[ERR] more than 1300 frames of late video -> dropping frame (computer too slow ?)
[WARN] picture is too late to be displayed (missing 15800 ms)
[WARN] picture is too late to be displayed (missing 15633 ms)
[WARN] picture is too late to be displayed (missing 15583 ms)
[WARN] picture is too late to be displayed (missing 15551 ms)
[WARN] picture is too late to be displayed (missing 15501 ms)
[WARN] picture is too late to be displayed (missing 15468 ms)
[WARN] picture is too late to be displayed (missing 15419 ms)
[WARN] picture is too late to be displayed (missing 15386 ms)
[WARN] picture is too late to be displayed (missing 15337 ms)
[WARN] picture is too late to be displayed (missing 15304 ms)
[ERR] more than 1311 frames of late video -> dropping frame (computer too slow ?)
[WARN] picture is too late to be displayed (missing 15255 ms)
[ERR] more than 1311 frames of late video -> dropping frame (computer too slow ?)
[ERR] more than 1311 frames of late video -> dropping frame (computer too slow ?)
[ERR] more than 1311 frames of late video -> dropping frame (computer too slow ?)
[ERR] more than 1311 frames of late video -> dropping frame (computer too slow ?)
[ERR] more than 1311 frames of late video -> dropping frame (computer too slow ?)
[ERR] more than 1311 frames of late video -> dropping frame (computer too slow ?)
[ERR] more than 1312 frames of late video -> dropping frame (computer too slow ?)
[WARN] picture is too late to be displayed (missing 15172 ms)
[ERR] more than 1312 frames of late video -> dropping frame (computer too slow ?)
[ERR] more than 1312 frames of late video -> dropping frame (computer too slow ?)
[ERR] more than 1312 frames of late video -> dropping frame (computer too slow ?)
[ERR] more than 1312 frames of late video -> dropping frame (computer too slow ?)
[WARN] picture is too late to be displayed (missing 14806 ms)
[WARN] picture is too late to be displayed (missing 14639 ms)
[WARN] picture is too late to be displayed (missing 14590 ms)
[WARN] picture is too late to be displayed (missing 14557 ms)
[WARN] picture is too late to be displayed (missing 14508 ms)
[WARN] picture is too late to be displayed (missing 14474 ms)
[WARN] picture is too late to be displayed (missing 14425 ms)
[WARN] picture is too late to be displayed (missing 14393 ms)
[WARN] picture is too late to be displayed (missing 14343 ms)
[WARN] picture is too late to be displayed (missing 14311 ms)
[ERR] more than 1323 frames of late video -> dropping frame (computer too slow ?)
[WARN] picture is too late to be displayed (missing 14261 ms)
[ERR] more than 1323 frames of late video -> dropping frame (computer too slow ?)
[ERR] more than 1323 frames of late video -> dropping frame (computer too slow ?)
[ERR] more than 1323 frames of late video -> dropping frame (computer too slow ?)
[ERR] more than 1323 frames of late video -> dropping frame (computer too slow ?)
[ERR] more than 1323 frames of late video -> dropping frame (computer too slow ?)
[ERR] more than 1323 frames of late video -> dropping frame (computer too slow ?)
[ERR] more than 1324 frames of late video -> dropping frame (computer too slow ?)
[ERR] more than 1324 frames of late video -> dropping frame (computer too slow ?)
[WARN] picture is too late to be displayed (missing 14179 ms)
[ERR] more than 1324 frames of late video -> dropping frame (computer too slow ?)
[ERR] more than 1324 frames of late video -> dropping frame (computer too slow ?)
[ERR] more than 1324 frames of late video -> dropping frame (computer too slow ?)
[WARN] picture is too late to be displayed (missing 13812 ms)
[WARN] picture is too late to be displayed (missing 13646 ms)
[WARN] picture is too late to be displayed (missing 13596 ms)
[WARN] picture is too late to be displayed (missing 13564 ms)
[WARN] picture is too late to be displayed (missing 13514 ms)
[WARN] picture is too late to be displayed (missing 13481 ms)
[WARN] picture is too late to be displayed (missing 13432 ms)
[WARN] picture is too late to be displayed (missing 13399 ms)
[WARN] picture is too late to be displayed (missing 13350 ms)
[WARN] picture is too late to be displayed (missing 13317 ms)
[ERR] more than 1335 frames of late video -> dropping frame (computer too slow ?)
[WARN] picture is too late to be displayed (missing 13268 ms)
[ERR] more than 1335 frames of late video -> dropping frame (computer too slow ?)
[ERR] more than 1335 frames of late video -> dropping frame (computer too slow ?)
[ERR] more than 1335 frames of late video -> dropping frame (computer too slow ?)
[ERR] more than 1335 frames of late video -> dropping frame (computer too slow ?)
[ERR] more than 1335 frames of late video -> dropping frame (computer too slow ?)
[ERR] more than 1335 frames of late video -> dropping frame (computer too slow ?)
[ERR] more than 1336 frames of late video -> dropping frame (computer too slow ?)
[WARN] picture is too late to be displayed (missing 13185 ms)
[ERR] more than 1336 frames of late video -> dropping frame (computer too slow ?)
[ERR] more than 1336 frames of late video -> dropping frame (computer too slow ?)
[ERR] more than 1336 frames of late video -> dropping frame (computer too slow ?)
[ERR] more than 1336 frames of late video -> dropping frame (computer too slow ?)
[WARN] picture is too late to be displayed (missing 12819 ms)
[WARN] picture is too late to be displayed (missing 12652 ms)
[WARN] picture is too late to be displayed (missing 12603 ms)
[WARN] picture is too late to be displayed (missing 12570 ms)
[WARN] picture is too late to be displayed (missing 12521 ms)
[WARN] picture is too late to be displayed (missing 12487 ms)
[WARN] picture is too late to be displayed (missing 12438 ms)
[WARN] picture is too late to be displayed (missing 12405 ms)
[WARN] picture is too late to be displayed (missing 12356 ms)
[WARN] picture is too late to be displayed (missing 12323 ms)
[ERR] more than 1347 frames of late video -> dropping frame (computer too slow ?)
[WARN] picture is too late to be displayed (missing 12274 ms)
[ERR] more than 1347 frames of late video -> dropping frame (computer too slow ?)
[ERR] more than 1347 frames of late video -> dropping frame (computer too slow ?)
[ERR] more than 1347 frames of late video -> dropping frame (computer too slow ?)
[ERR] more than 1347 frames of late video -> dropping frame (computer too slow ?)
[ERR] more than 1347 frames of late video -> dropping frame (computer too slow ?)
[ERR] more than 1347 frames of late video -> dropping frame (computer too slow ?)
[ERR] more than 1348 frames of late video -> dropping frame (computer too slow ?)
[ERR] more than 1348 frames of late video -> dropping frame (computer too slow ?)
[WARN] picture is too late to be displayed (missing 12191 ms)
[ERR] more than 1348 frames of late video -> dropping frame (computer too slow ?)
[ERR] more than 1348 frames of late video -> dropping frame (computer too slow ?)
[ERR] more than 1348 frames of late video -> dropping frame (computer too slow ?)
[WARN] picture is too late to be displayed (missing 11825 ms)
[WARN] picture is too late to be displayed (missing 11658 ms)
[WARN] picture is too late to be displayed (missing 11609 ms)
[WARN] picture is too late to be displayed (missing 11576 ms)
[WARN] picture is too late to be displayed (missing 11527 ms)
[WARN] picture is too late to be displayed (missing 11493 ms)
[WARN] picture is too late to be displayed (missing 11444 ms)
[WARN] picture is too late to be displayed (missing 11412 ms)
[WARN] picture is too late to be displayed (missing 11362 ms)
[WARN] picture is too late to be displayed (missing 11330 ms)
[ERR] more than 1359 frames of late video -> dropping frame (computer too slow ?)
[WARN] picture is too late to be displayed (missing 11280 ms)
[ERR] more than 1359 frames of late video -> dropping frame (computer too slow ?)
[ERR] more than 1359 frames of late video -> dropping frame (computer too slow ?)
[ERR] more than 1359 frames of late video -> dropping frame (computer too slow ?)
[ERR] more than 1359 frames of late video -> dropping frame (computer too slow ?)
[ERR] more than 1359 frames of late video -> dropping frame (computer too slow ?)
[ERR] more than 1359 frames of late video -> dropping frame (computer too slow ?)
[ERR] more than 1360 frames of late video -> dropping frame (computer too slow ?)
[WARN] picture is too late to be displayed (missing 11197 ms)
[ERR] more than 1360 frames of late video -> dropping frame (computer too slow ?)
[ERR] more than 1360 frames of late video -> dropping frame (computer too slow ?)
[ERR] more than 1360 frames of late video -> dropping frame (computer too slow ?)
[ERR] more than 1360 frames of late video -> dropping frame (computer too slow ?)
[WARN] picture is too late to be displayed (missing 10831 ms)
[WARN] picture is too late to be displayed (missing 10665 ms)
[WARN] picture is too late to be displayed (missing 10615 ms)
[WARN] picture is too late to be displayed (missing 10583 ms)
[WARN] picture is too late to be displayed (missing 10533 ms)
[WARN] picture is too late to be displayed (missing 10500 ms)
[WARN] picture is too late to be displayed (missing 10451 ms)
[WARN] picture is too late to be displayed (missing 10418 ms)
[WARN] picture is too late to be displayed (missing 10369 ms)
[WARN] picture is too late to be displayed (missing 10336 ms)
[ERR] more than 1371 frames of late video -> dropping frame (computer too slow ?)
[WARN] picture is too late to be displayed (missing 10286 ms)
[ERR] more than 1371 frames of late video -> dropping frame (computer too slow ?)
[ERR] more than 1371 frames of late video -> dropping frame (computer too slow ?)
[ERR] more than 1371 frames of late video -> dropping frame (computer too slow ?)
[ERR] more than 1371 frames of late video -> dropping frame (computer too slow ?)
[ERR] more than 1371 frames of late video -> dropping frame (computer too slow ?)
[ERR] more than 1371 frames of late video -> dropping frame (computer too slow ?)
[WARN] picture is too late to be displayed (missing 10204 ms)
[ERR] more than 1372 frames of late video -> dropping frame (computer too slow ?)
[ERR] more than 1372 frames of late video -> dropping frame (computer too slow ?)
[ERR] more than 1372 frames of late video -> dropping frame (computer too slow ?)
[ERR] more than 1372 frames of late video -> dropping frame (computer too slow ?)
[ERR] more than 1372 frames of late video -> dropping frame (computer too slow ?)
[WARN] picture is too late to be displayed (missing 9838 ms)
[WARN] picture is too late to be displayed (missing 9671 ms)
[WARN] picture is too late to be displayed (missing 9621 ms)
[WARN] picture is too late to be displayed (missing 9589 ms)
[WARN] picture is too late to be displayed (missing 9540 ms)
[WARN] picture is too late to be displayed (missing 9506 ms)
[WARN] picture is too late to be displayed (missing 9457 ms)
[WARN] picture is too late to be displayed (missing 9424 ms)
[WARN] picture is too late to be displayed (missing 9375 ms)
[WARN] picture is too late to be displayed (missing 9342 ms)
[ERR] more than 1383 frames of late video -> dropping frame (computer too slow ?)
[ERR] more than 1383 frames of late video -> dropping frame (computer too slow ?)
[WARN] picture is too late to be displayed (missing 9293 ms)
[ERR] more than 1383 frames of late video -> dropping frame (computer too slow ?)
[ERR] more than 1383 frames of late video -> dropping frame (computer too slow ?)
[ERR] more than 1383 frames of late video -> dropping frame (computer too slow ?)
[ERR] more than 1383 frames of late video -> dropping frame (computer too slow ?)
[ERR] more than 1383 frames of late video -> dropping frame (computer too slow ?)
[ERR] more than 1384 frames of late video -> dropping frame (computer too slow ?)
[ERR] more than 1384 frames of late video -> dropping frame (computer too slow ?)
[WARN] picture is too late to be displayed (missing 9210 ms)
[ERR] more than 1384 frames of late video -> dropping frame (computer too slow ?)
[ERR] more than 1384 frames of late video -> dropping frame (computer too slow ?)
[ERR] more than 1384 frames of late video -> dropping frame (computer too slow ?)
[WARN] picture is too late to be displayed (missing 8844 ms)
[WARN] picture is too late to be displayed (missing 8678 ms)
[WARN] picture is too late to be displayed (missing 8628 ms)
[WARN] picture is too late to be displayed (missing 8596 ms)
[WARN] picture is too late to be displayed (missing 8546 ms)
[WARN] picture is too late to be displayed (missing 8513 ms)
[WARN] picture is too late to be displayed (missing 8464 ms)
[WARN] picture is too late to be displayed (missing 8431 ms)
[WARN] picture is too late to be displayed (missing 8381 ms)
[WARN] picture is too late to be displayed (missing 8349 ms)
[ERR] more than 1395 frames of late video -> dropping frame (computer too slow ?)
[WARN] picture is too late to be displayed (missing 8300 ms)
[ERR] more than 1395 frames of late video -> dropping frame (computer too slow ?)
[ERR] more than 1395 frames of late video -> dropping frame (computer too slow ?)
[ERR] more than 1395 frames of late video -> dropping frame (computer too slow ?)
[ERR] more than 1395 frames of late video -> dropping frame (computer too slow ?)
[ERR] more than 1395 frames of late video -> dropping frame (computer too slow ?)
[ERR] more than 1395 frames of late video -> dropping frame (computer too slow ?)
[ERR] more than 1396 frames of late video -> dropping frame (computer too slow ?)
[WARN] picture is too late to be displayed (missing 8217 ms)
[ERR] more than 1396 frames of late video -> dropping frame (computer too slow ?)
[ERR] more than 1396 frames of late video -> dropping frame (computer too slow ?)
[ERR] more than 1396 frames of late video -> dropping frame (computer too slow ?)
[ERR] more than 1396 frames of late video -> dropping frame (computer too slow ?)
[WARN] picture is too late to be displayed (missing 7851 ms)
[WARN] picture is too late to be displayed (missing 7684 ms)
[WARN] picture is too late to be displayed (missing 7635 ms)
[WARN] picture is too late to be displayed (missing 7602 ms)
[WARN] picture is too late to be displayed (missing 7553 ms)
[WARN] picture is too late to be displayed (missing 7519 ms)
[WARN] picture is too late to be displayed (missing 7470 ms)
[WARN] picture is too late to be displayed (missing 7438 ms)
[WARN] picture is too late to be displayed (missing 7388 ms)
[WARN] picture is too late to be displayed (missing 7356 ms)
[ERR] more than 1407 frames of late video -> dropping frame (computer too slow ?)
[WARN] picture is too late to be displayed (missing 7306 ms)
[ERR] more than 1407 frames of late video -> dropping frame (computer too slow ?)
[ERR] more than 1407 frames of late video -> dropping frame (computer too slow ?)
[ERR] more than 1407 frames of late video -> dropping frame (computer too slow ?)
[ERR] more than 1407 frames of late video -> dropping frame (computer too slow ?)
[ERR] more than 1407 frames of late video -> dropping frame (computer too slow ?)
[ERR] more than 1407 frames of late video -> dropping frame (computer too slow ?)
[ERR] more than 1408 frames of late video -> dropping frame (computer too slow ?)
[WARN] picture is too late to be displayed (missing 7223 ms)
[ERR] more than 1408 frames of late video -> dropping frame (computer too slow ?)
[ERR] more than 1408 frames of late video -> dropping frame (computer too slow ?)
[ERR] more than 1408 frames of late video -> dropping frame (computer too slow ?)
[ERR] more than 1408 frames of late video -> dropping frame (computer too slow ?)
[WARN] picture is too late to be displayed (missing 6857 ms)
[WARN] picture is too late to be displayed (missing 6691 ms)
[WARN] picture is too late to be displayed (missing 6641 ms)
[WARN] picture is too late to be displayed (missing 6609 ms)
[WARN] picture is too late to be displayed (missing 6559 ms)
[WARN] picture is too late to be displayed (missing 6526 ms)
[WARN] picture is too late to be displayed (missing 6477 ms)
[WARN] picture is too late to be displayed (missing 6444 ms)
[WARN] picture is too late to be displayed (missing 6395 ms)
[WARN] picture is too late to be displayed (missing 6362 ms)
[ERR] more than 1419 frames of late video -> dropping frame (computer too slow ?)
[WARN] picture is too late to be displayed (missing 6313 ms)
[ERR] more than 1419 frames of late video -> dropping frame (computer too slow ?)
[ERR] more than 1419 frames of late video -> dropping frame (computer too slow ?)
[ERR] more than 1419 frames of late video -> dropping frame (computer too slow ?)
[ERR] more than 1419 frames of late video -> dropping frame (computer too slow ?)
[ERR] more than 1419 frames of late video -> dropping frame (computer too slow ?)
[ERR] more than 1419 frames of late video -> dropping frame (computer too slow ?)
[ERR] more than 1420 frames of late video -> dropping frame (computer too slow ?)
[WARN] picture is too late to be displayed (missing 6230 ms)
[ERR] more than 1420 frames of late video -> dropping frame (computer too slow ?)
[ERR] more than 1420 frames of late video -> dropping frame (computer too slow ?)
[ERR] more than 1420 frames of late video -> dropping frame (computer too slow ?)
[ERR] more than 1420 frames of late video -> dropping frame (computer too slow ?)
[WARN] picture is too late to be displayed (missing 5864 ms)
[WARN] picture is too late to be displayed (missing 5697 ms)
[WARN] picture is too late to be displayed (missing 5648 ms)
[WARN] picture is too late to be displayed (missing 5615 ms)
[WARN] picture is too late to be displayed (missing 5566 ms)
[WARN] picture is too late to be displayed (missing 5532 ms)
[WARN] picture is too late to be displayed (missing 5483 ms)
[WARN] picture is too late to be displayed (missing 5451 ms)
[WARN] picture is too late to be displayed (missing 5401 ms)
[WARN] picture is too late to be displayed (missing 5369 ms)
[ERR] more than 1431 frames of late video -> dropping frame (computer too slow ?)
[WARN] picture is too late to be displayed (missing 5319 ms)
[ERR] more than 1431 frames of late video -> dropping frame (computer too slow ?)
[ERR] more than 1431 frames of late video -> dropping frame (computer too slow ?)
[ERR] more than 1431 frames of late video -> dropping frame (computer too slow ?)
[ERR] more than 1431 frames of late video -> dropping frame (computer too slow ?)
[ERR] more than 1431 frames of late video -> dropping frame (computer too slow ?)
[ERR] more than 1431 frames of late video -> dropping frame (computer too slow ?)
[ERR] more than 1432 frames of late video -> dropping frame (computer too slow ?)
[WARN] picture is too late to be displayed (missing 5236 ms)
[ERR] more than 1432 frames of late video -> dropping frame (computer too slow ?)
[ERR] more than 1432 frames of late video -> dropping frame (computer too slow ?)
[ERR] more than 1432 frames of late video -> dropping frame (computer too slow ?)
[ERR] more than 1432 frames of late video -> dropping frame (computer too slow ?)
[WARN] picture is too late to be displayed (missing 4870 ms)
[WARN] picture is too late to be displayed (missing 4704 ms)
[WARN] picture is too late to be displayed (missing 4654 ms)
[WARN] picture is too late to be displayed (missing 4622 ms)
[WARN] picture is too late to be displayed (missing 4572 ms)
[WARN] picture is too late to be displayed (missing 4539 ms)
[WARN] picture is too late to be displayed (missing 4490 ms)
[WARN] picture is too late to be displayed (missing 4457 ms)
[WARN] picture is too late to be displayed (missing 4407 ms)
[WARN] picture is too late to be displayed (missing 4375 ms)
[ERR] more than 1443 frames of late video -> dropping frame (computer too slow ?)
[WARN] picture is too late to be displayed (missing 4325 ms)
[ERR] more than 1443 frames of late video -> dropping frame (computer too slow ?)
[ERR] more than 1443 frames of late video -> dropping frame (computer too slow ?)
[ERR] more than 1443 frames of late video -> dropping frame (computer too slow ?)
[ERR] more than 1443 frames of late video -> dropping frame (computer too slow ?)
[ERR] more than 1443 frames of late video -> dropping frame (computer too slow ?)
[ERR] more than 1443 frames of late video -> dropping frame (computer too slow ?)
[ERR] more than 1444 frames of late video -> dropping frame (computer too slow ?)
[WARN] picture is too late to be displayed (missing 4243 ms)
[ERR] more than 1444 frames of late video -> dropping frame (computer too slow ?)
[ERR] more than 1444 frames of late video -> dropping frame (computer too slow ?)
[ERR] more than 1444 frames of late video -> dropping frame (computer too slow ?)
[ERR] more than 1444 frames of late video -> dropping frame (computer too slow ?)
[WARN] picture is too late to be displayed (missing 3877 ms)
[WARN] picture is too late to be displayed (missing 3710 ms)
[WARN] picture is too late to be displayed (missing 3660 ms)
[WARN] picture is too late to be displayed (missing 3628 ms)
[WARN] picture is too late to be displayed (missing 3579 ms)
[WARN] picture is too late to be displayed (missing 3545 ms)
[WARN] picture is too late to be displayed (missing 3496 ms)
[WARN] picture is too late to be displayed (missing 3464 ms)
[WARN] picture is too late to be displayed (missing 3414 ms)
[WARN] picture is too late to be displayed (missing 3381 ms)
[ERR] more than 1455 frames of late video -> dropping frame (computer too slow ?)
[WARN] picture is too late to be displayed (missing 3332 ms)
[ERR] more than 1455 frames of late video -> dropping frame (computer too slow ?)
[ERR] more than 1455 frames of late video -> dropping frame (computer too slow ?)
[ERR] more than 1455 frames of late video -> dropping frame (computer too slow ?)
[ERR] more than 1455 frames of late video -> dropping frame (computer too slow ?)
[ERR] more than 1455 frames of late video -> dropping frame (computer too slow ?)
[ERR] more than 1455 frames of late video -> dropping frame (computer too slow ?)
[ERR] more than 1456 frames of late video -> dropping frame (computer too slow ?)
[WARN] picture is too late to be displayed (missing 3249 ms)
[ERR] more than 1456 frames of late video -> dropping frame (computer too slow ?)
[ERR] more than 1456 frames of late video -> dropping frame (computer too slow ?)
[ERR] more than 1456 frames of late video -> dropping frame (computer too slow ?)
[ERR] more than 1456 frames of late video -> dropping frame (computer too slow ?)
[WARN] picture is too late to be displayed (missing 2883 ms)
[WARN] picture is too late to be displayed (missing 2717 ms)
[WARN] picture is too late to be displayed (missing 2667 ms)
[WARN] picture is too late to be displayed (missing 2635 ms)
[WARN] picture is too late to be displayed (missing 2585 ms)
[WARN] picture is too late to be displayed (missing 2551 ms)
[WARN] picture is too late to be displayed (missing 2502 ms)
[WARN] picture is too late to be displayed (missing 2470 ms)
[WARN] picture is too late to be displayed (missing 2420 ms)
[WARN] picture is too late to be displayed (missing 2388 ms)
[ERR] more than 1467 frames of late video -> dropping frame (computer too slow ?)
[WARN] picture is too late to be displayed (missing 2338 ms)
[ERR] more than 1467 frames of late video -> dropping frame (computer too slow ?)
[ERR] more than 1467 frames of late video -> dropping frame (computer too slow ?)
[ERR] more than 1467 frames of late video -> dropping frame (computer too slow ?)
[ERR] more than 1467 frames of late video -> dropping frame (computer too slow ?)
[ERR] more than 1467 frames of late video -> dropping frame (computer too slow ?)
[ERR] more than 1467 frames of late video -> dropping frame (computer too slow ?)
[WARN] picture is too late to be displayed (missing 2256 ms)
[ERR] more than 1468 frames of late video -> dropping frame (computer too slow ?)
[ERR] more than 1468 frames of late video -> dropping frame (computer too slow ?)
[ERR] more than 1468 frames of late video -> dropping frame (computer too slow ?)
[ERR] more than 1468 frames of late video -> dropping frame (computer too slow ?)
[ERR] more than 1468 frames of late video -> dropping frame (computer too slow ?)
[WARN] picture is too late to be displayed (missing 1889 ms)
[WARN] picture is too late to be displayed (missing 1723 ms)
[WARN] picture is too late to be displayed (missing 1673 ms)
[WARN] picture is too late to be displayed (missing 1641 ms)
[WARN] picture is too late to be displayed (missing 1591 ms)
[WARN] picture is too late to be displayed (missing 1558 ms)
[WARN] picture is too late to be displayed (missing 1509 ms)
[WARN] picture is too late to be displayed (missing 1476 ms)
[WARN] picture is too late to be displayed (missing 1427 ms)
[WARN] picture is too late to be displayed (missing 1394 ms)
[ERR] more than 1479 frames of late video -> dropping frame (computer too slow ?)
[WARN] picture is too late to be displayed (missing 1345 ms)
[ERR] more than 1479 frames of late video -> dropping frame (computer too slow ?)
[ERR] more than 1479 frames of late video -> dropping frame (computer too slow ?)
[ERR] more than 1479 frames of late video -> dropping frame (computer too slow ?)
[ERR] more than 1479 frames of late video -> dropping frame (computer too slow ?)
[ERR] more than 1479 frames of late video -> dropping frame (computer too slow ?)
[ERR] more than 1479 frames of late video -> dropping frame (computer too slow ?)
[ERR] more than 1480 frames of late video -> dropping frame (computer too slow ?)
[WARN] picture is too late to be displayed (missing 1262 ms)
[ERR] more than 1480 frames of late video -> dropping frame (computer too slow ?)
[ERR] more than 1480 frames of late video -> dropping frame (computer too slow ?)
[ERR] more than 1480 frames of late video -> dropping frame (computer too slow ?)
[ERR] more than 1480 frames of late video -> dropping frame (computer too slow ?)
[WARN] picture is too late to be displayed (missing 896 ms)
[WARN] picture is too late to be displayed (missing 729 ms)
[WARN] picture is too late to be displayed (missing 679 ms)
[WARN] picture is too late to be displayed (missing 647 ms)
[WARN] picture is too late to be displayed (missing 597 ms)
[WARN] picture is too late to be displayed (missing 564 ms)
[WARN] picture is too late to be displayed (missing 515 ms)
[WARN] picture is too late to be displayed (missing 482 ms)
[WARN] picture is too late to be displayed (missing 433 ms)
[WARN] picture is too late to be displayed (missing 400 ms)
[ERR] more than 1491 frames of late video -> dropping frame (computer too slow ?)
[WARN] picture is too late to be displayed (missing 351 ms)
[ERR] more than 1491 frames of late video -> dropping frame (computer too slow ?)
[ERR] more than 1491 frames of late video -> dropping frame (computer too slow ?)
[ERR] more than 1491 frames of late video -> dropping frame (computer too slow ?)
[ERR] more than 1491 frames of late video -> dropping frame (computer too slow ?)
[ERR] more than 1491 frames of late video -> dropping frame (computer too slow ?)
[ERR] more than 1491 frames of late video -> dropping frame (computer too slow ?)
[WARN] picture is too late to be displayed (missing 268 ms)
[ERR] more than 1492 frames of late video -> dropping frame (computer too slow ?)
[ERR] more than 1492 frames of late video -> dropping frame (computer too slow ?)
[ERR] more than 1492 frames of late video -> dropping frame (computer too slow ?)
[ERR] more than 1492 frames of late video -> dropping frame (computer too slow ?)
[ERR] more than 1492 frames of late video -> dropping frame (computer too slow ?)
[DBG] New Chapter 165966000 uid=803082747308795293
[DBG] Detected interlaced video
[DBG] deinterlace -1, mode auto, is_needed 1
[DBG] Adding 'deinterlace' as static
[DBG] looking for video filter module matching "deinterlace,chain": 2 candidates
[DBG] using x deinterlace method
[DBG] deinterlacing
[DBG] using video filter module "deinterlace"
[DBG] Filter 'deinterlace' (0x10c36a400) appended to chain (0x10c486100)
[DBG] picture displayed late (missing 14 ms)
[DBG] picture displayed late (missing 16 ms)
[WARN] picture is too late to be displayed (missing 80 ms)
[WARN] picture is too late to be displayed (missing 48 ms)
[DBG] picture displayed late (missing 13 ms)
9:50:30.778 PM [player] dismiss at 218369 ms, state Playing
9:50:30.778 PM [display] cleared: maxFPS=60 edrHeadroom=1.00/1.00 gamut=1 matchingEnabled=true switchInProgress=false criteria=nil
9:50:30.781 PM [player] state Stopping at 218933 ms
[DBG] killing decoder fourcc `mpgv'
[DBG] removing "video decoder" module "avcodec"
[DBG] removing "video packetizer" module "mpegvideo"
[DBG] removing "video converter" module "swscale"
[DBG] Filter 0x10c780000 removed from chain
[DBG] removing "video converter" module "cvpx"
[DBG] Filter 0x10c780900 removed from chain
[DBG] removing "video converter" module "chain"
[DBG] removing "video filter" module "deinterlace"
[DBG] Filter 0x10c36a400 removed from chain
[DBG] saving a free vout
[DBG] ES track unselected: 'video/1' (fourcc: 'mpgv')
9:50:30.792 PM [player] track selected type=1 selected= unselected=video/1
[DBG] killing decoder fourcc `a52 '
[DBG] removing "audio decoder" module "avcodec"
[DBG] removing "audio packetizer" module "a52"
[DBG] removing "audio resampler" module "soxr"
[DBG] removing "audio filter" module "scaletempo"
[DBG] removing "audio volume" module "float_mixer"
[DBG] keeping audio output
[DBG] ES track unselected: 'audio/2' (fourcc: 'a52 ')
[DBG] killing decoder fourcc `subt'
[DBG] removing "spu decoder" module "subsdec"
[DBG] ES track unselected: 'spu/4' (fourcc: 'subt')
9:50:30.870 PM [player] track selected type=0 selected= unselected=audio/2
[DBG] removing "demux" module "mkv"
[DBG] ES track deleted: 'video/1' (fourcc: 'mpgv')
9:50:30.870 PM [player] track selected type=2 selected= unselected=spu/4
[DBG] ES track deleted: 'audio/2' (fourcc: 'a52 ')
[DBG] ES track deleted: 'audio/3' (fourcc: 'a52 ')
[DBG] ES track deleted: 'spu/4' (fourcc: 'subt')
[DBG] Program doesn't contain anymore ES
[DBG] removing "stream_filter" module "record"
[DBG] removing "stream_filter" module "prefetch"
[DBG] removing "access" module "http"
[DBG] connection failed
[DBG] stop free vout
9:50:30.871 PM [player] state Stopped at 218933 ms
