9:07:46.392 AM [player] request Wonder Woman — Wonder Woman (2017).mkv · 4K HDR · TrueHD 7.1 — http://192.168.1.250:8093/stream/4
9:07:46.392 AM [player] file Movies/Wonder Woman/Wonder Woman (2017).mkv 3840x2160 hdr=true video=hevc Main 10 audio=truehd 7.1, ac3 5.1(side), ac3 5.1(side)
[DBG] Creating an input for playback'4'
9:07:46.402 AM [player] play() called
[DBG] using timeshift granularity of 50 MiB
[DBG] using default timeshift path
[DBG] `http://192.168.1.250:8093/stream/4' gives access `http' demux `any' path `192.168.1.250:8093/stream/4'
[DBG] creating access: http://192.168.1.250:8093/stream/4
[DBG] looking for access module matching "http": 2 candidates
[DBG] looking for keystore module matching "any": 1 candidates
[DBG] using keystore module "keychain"
[DBG] Lookup keychain entry for server 192.168.1.250
[WARN] lookup failed (-25300: 'Item not found')
[DBG] resolving 192.168.1.250 ...
[DBG] outgoing request:
GET /stream/4 HTTP/1.1
Host: 192.168.1.250:8093
Accept: */*
Accept-Language: en_US
User-Agent: VLC/4.0.0-dev LibVLC/4.0.0-dev
Range: bytes=0-


9:07:46.414 AM [player] state Opening at 0 ms
9:07:46.414 AM [player] buffering 0.0
[DBG] incoming response:
HTTP/1.1 206 Partial Content
Accept-Ranges: bytes
Content-Length: 58483322537
Content-Range: bytes 0-58483322536/58483322537
Content-Type: video/x-matroska
Last-Modified: Sat, 18 Jul 2026 03:52:34 GMT
Date: Mon, 14 Sep 2026 13:07:46 GMT


[DBG] removing "keystore" module "keychain"
[DBG] using access module "http"
[DBG] looking for stream_filter module matching "prefetch,cache": 2 candidates
[DBG] using 16777216 bytes buffer
[DBG] using stream_filter module "prefetch"
[DBG] looking for stream_filter module matching "any": 4 candidates
[DBG] no stream_filter modules matched with name any
[DBG] looking for stream_directory module matching "any": 0 candidates
[DBG] no stream_directory modules matched with name any
[DBG] attachment of directory-extractor failed for http://192.168.1.250:8093/stream/4
[DBG] looking for stream_filter module matching "record": 1 candidates
[DBG] using stream_filter module "record"
[DBG] creating demux "any", URL: http://192.168.1.250:8093/stream/4, path: (null)
[DBG] looking for demux module matching "any": 58 candidates
[DBG] |   + Seek head
[DBG] |   - info at 1207
[DBG] |   + Information
[DBG] |   |   + TimecodeScale=1000000
[DBG] |   |   + Muxing Application=libmakemkv v1.18.4 (1.3.10/1.5.2) darwin(arm64-release)
[DBG] |   |   + Writing Application=MakeMKV v1.18.4 darwin(arm64-release)
[DBG] |   |   + Duration=8476217
[DBG] |   |   + Title=Wonder Woman
[DBG] |   |   + Date=Sat Jul 18 02:53:09 2026
[DBG] |   |   + UID=eeb254af3d3f42f7
[DBG] |   - tracks at 1370
[DBG] |   + Tracks
[DBG] |   |   + Track Entry
[DBG] |   |   |   + Track Number=1
[DBG] |   |   |   + Track UID=1
[DBG] |   |   |   + Track Type=video
[DBG] |   |   |   + Track Default=0
[DBG] |   |   |   + Track Lacing=0
[DBG] |   |   |   + Track MinCache=1
[DBG] |   |   |   + Track CodecId=V_MPEGH/ISO/HEVC
[DBG] |   |   |   + Track CodecPrivate size=140
[DBG] |   |   |   + Track Default Duration=41708
[DBG] |   |   |   + Track Video
[DBG] |   |   |   |   + width=3840
[DBG] |   |   |   |   + height=2160
[DBG] |   |   |   |   + display width=3840
[DBG] |   |   |   |   + display height=2160
[DBG] |   |   + Track Entry
[DBG] |   |   |   + Track Number=2
[DBG] |   |   |   + Track UID=2
[DBG] |   |   |   + Track Type=audio
[DBG] |   |   |   + Track Default=1
[DBG] |   |   |   + Track Lacing=1
[DBG] |   |   |   + Track CodecId=A_TRUEHD
[DBG] |   |   |   + Track Language=`eng'
[DBG] |   |   |   + Track Default Duration=833
[DBG] |   |   |   + Track Name=Surround 7.1
[DBG] |   |   |   + Track Audio
[DBG] |   |   |   |   + afreq=48000
[DBG] |   |   |   |   + achan=8
[DBG] |   |   |   |   + abits=24
[DBG] |   |   + Track Entry
[DBG] |   |   |   + Track Number=3
[DBG] |   |   |   + Track UID=3
[DBG] |   |   |   + Track Type=audio
[DBG] |   |   |   + Track Default=0
[DBG] |   |   |   + Track Lacing=1
[DBG] |   |   |   + Track CodecId=A_AC3
[DBG] |   |   |   + Track Language=`eng'
[DBG] |   |   |   + Track Default Duration=32000
[DBG] |   |   |   + Track Name=Surround 5.1
[DBG] |   |   |   + Track Audio
[DBG] |   |   |   |   + afreq=48000
[DBG] |   |   |   |   + achan=6
[DBG] |   |   + Track Entry
[DBG] |   |   |   + Track Number=4
[DBG] |   |   |   + Track UID=4
[DBG] |   |   |   + Track Type=audio
[DBG] |   |   |   + Track Default=0
[DBG] |   |   |   + Track Lacing=1
[DBG] |   |   |   + Track CodecId=A_AC3
[DBG] |   |   |   + Track Language=`eng'
[DBG] |   |   |   + Track Default Duration=32000
[DBG] |   |   |   + Track Name=Surround 5.1
[DBG] |   |   |   + Track Audio
[DBG] |   |   |   |   + afreq=48000
[DBG] |   |   |   |   + achan=6
[DBG] |   |   + Track Entry
[DBG] |   |   |   + Track Number=5
[DBG] |   |   |   + Track UID=5
[DBG] |   |   |   + Track Type=subtitle
[DBG] |   |   |   + Track Default=0
[DBG] |   |   |   + Track Lacing=0
[DBG] |   |   |   + Track CodecId=S_HDMV/PGS
[DBG] |   |   |   + Track Language=`eng'
[DBG] |   - cues at 58483154136
[DBG] resolving 192.168.1.250 ...
[DBG] outgoing request:
GET /stream/4 HTTP/1.1
Host: 192.168.1.250:8093
Accept: */*
Accept-Language: en_US
User-Agent: VLC/4.0.0-dev LibVLC/4.0.0-dev
If-Unmodified-Since: Sat, 18 Jul 2026 03:52:34 GMT
Range: bytes=58483154136-


[DBG] incoming response:
HTTP/1.1 206 Partial Content
Accept-Ranges: bytes
Content-Length: 168401
Content-Range: bytes 58483154136-58483322536/58483322537
Content-Type: video/x-matroska
Last-Modified: Sat, 18 Jul 2026 03:52:34 GMT
Date: Mon, 14 Sep 2026 13:07:46 GMT


[DBG] connection failed
[DBG] |   + Cues
[DBG] end of stream
[DBG] |   - loading cues done.
[DBG] resolving 192.168.1.250 ...
[DBG] outgoing request:
GET /stream/4 HTTP/1.1
Host: 192.168.1.250:8093
Accept: */*
Accept-Language: en_US
User-Agent: VLC/4.0.0-dev LibVLC/4.0.0-dev
If-Unmodified-Since: Sat, 18 Jul 2026 03:52:34 GMT
Range: bytes=123-


[DBG] incoming response:
HTTP/1.1 206 Partial Content
Accept-Ranges: bytes
Content-Length: 58483322414
Content-Range: bytes 123-58483322536/58483322537
Content-Type: video/x-matroska
Last-Modified: Sat, 18 Jul 2026 03:52:34 GMT
Date: Mon, 14 Sep 2026 13:07:46 GMT


[DBG] |   - chapters at 1867
[DBG] |   + Chapters
[DBG] |   |   |   + ChapterAtom (level=0)
[DBG] |   |   |   |   + ChapterUID=51a2015c4c6a68bf
[DBG] |   |   |   |   + ChapterTimeStart=0
[DBG] |   |   |   |   + ChapterFlagHidden=no
[DBG] |   |   |   |   + ChapterTimeEnd=626876250
[DBG] |   |   |   |   + ChapterDisplay
[DBG] |   |   |   |   |   + ChapterString=Chapter 01
[DBG] |   |   |   |   |   + ChapterLanguage=eng
[DBG] |   |   |   + ChapterAtom (level=0)
[DBG] |   |   |   |   + ChapterUID=c4fa5d8dea3aa499
[DBG] |   |   |   |   + ChapterTimeStart=626876250
[DBG] |   |   |   |   + ChapterFlagHidden=no
[DBG] |   |   |   |   + ChapterTimeEnd=1392182458
[DBG] |   |   |   |   + ChapterDisplay
[DBG] |   |   |   |   |   + ChapterString=Chapter 02
[DBG] |   |   |   |   |   + ChapterLanguage=eng
[DBG] |   |   |   + ChapterAtom (level=0)
[DBG] |   |   |   |   + ChapterUID=c7b4812d013bd5f5
[DBG] |   |   |   |   + ChapterTimeStart=1392182458
[DBG] |   |   |   |   + ChapterFlagHidden=no
[DBG] |   |   |   |   + ChapterTimeEnd=1990488500
[DBG] |   |   |   |   + ChapterDisplay
[DBG] |   |   |   |   |   + ChapterString=Chapter 03
[DBG] |   |   |   |   |   + ChapterLanguage=eng
[DBG] |   |   |   + ChapterAtom (level=0)
[DBG] |   |   |   |   + ChapterUID=e8e45c9bd8dc3ec3
[DBG] |   |   |   |   + ChapterTimeStart=1990488500
[DBG] |   |   |   |   + ChapterFlagHidden=no
[DBG] |   |   |   |   + ChapterTimeEnd=2635132500
[DBG] |   |   |   |   + ChapterDisplay
[DBG] |   |   |   |   |   + ChapterString=Chapter 04
[DBG] |   |   |   |   |   + ChapterLanguage=eng
[DBG] |   |   |   + ChapterAtom (level=0)
[DBG] |   |   |   |   + ChapterUID=3403ecb3e4626f89
[DBG] |   |   |   |   + ChapterTimeStart=2635132500
[DBG] |   |   |   |   + ChapterFlagHidden=no
[DBG] |   |   |   |   + ChapterTimeEnd=3265553958
[DBG] |   |   |   |   + ChapterDisplay
[DBG] |   |   |   |   |   + ChapterString=Chapter 05
[DBG] |   |   |   |   |   + ChapterLanguage=eng
[DBG] |   |   |   + ChapterAtom (level=0)
[DBG] |   |   |   |   + ChapterUID=41cdff1db36ec6c8
[DBG] |   |   |   |   + ChapterTimeStart=3265553958
[DBG] |   |   |   |   + ChapterFlagHidden=no
[DBG] |   |   |   |   + ChapterTimeEnd=4057928875
[DBG] |   |   |   |   + ChapterDisplay
[DBG] |   |   |   |   |   + ChapterString=Chapter 06
[DBG] |   |   |   |   |   + ChapterLanguage=eng
[DBG] |   |   |   + ChapterAtom (level=0)
[DBG] |   |   |   |   + ChapterUID=f3c45d12ce17a665
[DBG] |   |   |   |   + ChapterTimeStart=4057928875
[DBG] |   |   |   |   + ChapterFlagHidden=no
[DBG] |   |   |   |   + ChapterTimeEnd=4949903291
[DBG] |   |   |   |   + ChapterDisplay
[DBG] |   |   |   |   |   + ChapterString=Chapter 07
[DBG] |   |   |   |   |   + ChapterLanguage=eng
[DBG] |   |   |   + ChapterAtom (level=0)
[DBG] |   |   |   |   + ChapterUID=13535fb7c0c22a51
[DBG] |   |   |   |   + ChapterTimeStart=4949903291
[DBG] |   |   |   |   + ChapterFlagHidden=no
[DBG] |   |   |   |   + ChapterTimeEnd=5642845541
[DBG] |   |   |   |   + ChapterDisplay
[DBG] |   |   |   |   |   + ChapterString=Chapter 08
[DBG] |   |   |   |   |   + ChapterLanguage=eng
[DBG] |   |   |   + ChapterAtom (level=0)
[DBG] |   |   |   |   + ChapterUID=dd56efa8c1a99720
[DBG] |   |   |   |   + ChapterTimeStart=5642845541
[DBG] |   |   |   |   + ChapterFlagHidden=no
[DBG] |   |   |   |   + ChapterTimeEnd=6337873208
[DBG] |   |   |   |   + ChapterDisplay
[DBG] |   |   |   |   |   + ChapterString=Chapter 09
[DBG] |   |   |   |   |   + ChapterLanguage=eng
[DBG] |   |   |   + ChapterAtom (level=0)
[DBG] |   |   |   |   + ChapterUID=d8355c87bf2c7226
[DBG] |   |   |   |   + ChapterTimeStart=6337873208
[DBG] |   |   |   |   + ChapterFlagHidden=no
[DBG] |   |   |   |   + ChapterTimeEnd=7063556500
[DBG] |   |   |   |   + ChapterDisplay
[DBG] |   |   |   |   |   + ChapterString=Chapter 10
[DBG] |   |   |   |   |   + ChapterLanguage=eng
[DBG] |   |   |   + ChapterAtom (level=0)
[DBG] |   |   |   |   + ChapterUID=b9e58f4978c89894
[DBG] |   |   |   |   + ChapterTimeStart=7063556500
[DBG] |   |   |   |   + ChapterFlagHidden=no
[DBG] |   |   |   |   + ChapterTimeEnd=7841416916
[DBG] |   |   |   |   + ChapterDisplay
[DBG] |   |   |   |   |   + ChapterString=Chapter 11
[DBG] |   |   |   |   |   + ChapterLanguage=eng
[DBG] |   |   |   + ChapterAtom (level=0)
[DBG] |   |   |   |   + ChapterUID=7ec30063235a7997
[DBG] |   |   |   |   + ChapterTimeStart=7841416916
[DBG] |   |   |   |   + ChapterFlagHidden=no
[DBG] |   |   |   |   + ChapterTimeEnd=8476217750
[DBG] |   |   |   |   + ChapterDisplay
[DBG] |   |   |   |   |   + ChapterString=Chapter 12
[DBG] |   |   |   |   |   + ChapterLanguage=eng
[DBG] |   - tags at 58483320462
[DBG] resolving 192.168.1.250 ...
[DBG] outgoing request:
GET /stream/4 HTTP/1.1
Host: 192.168.1.250:8093
Accept: */*
Accept-Language: en_US
User-Agent: VLC/4.0.0-dev LibVLC/4.0.0-dev
If-Unmodified-Since: Sat, 18 Jul 2026 03:52:34 GMT
Range: bytes=58483320462-


[DBG] incoming response:
HTTP/1.1 206 Partial Content
Accept-Ranges: bytes
Content-Length: 2075
Content-Range: bytes 58483320462-58483322536/58483322537
Content-Type: video/x-matroska
Last-Modified: Sat, 18 Jul 2026 03:52:34 GMT
Date: Mon, 14 Sep 2026 13:07:46 GMT


[DBG] connection failed
[DBG] end of stream
[DBG] |   + Tags
[DBG] + Tag
[DBG] |   + Targets
[DBG] |   |   + TrackUID: 1
[DBG] |   |   + TargetType: MOVIE
[DBG] |   + Simple Tag 
[DBG] |   |   + Meta BPS: 49979184
[DBG] |   + Simple Tag 
[DBG] |   |   + Meta DURATION: 02:21:16.217750000
[DBG] |   + Simple Tag 
[DBG] |   |   + Meta NUMBER_OF_FRAMES: 203226
[DBG] |   + Simple Tag 
[DBG] |   |   + Meta NUMBER_OF_BYTES: 52954301233
[DBG] |   + Simple Tag 
[DBG] |   |   + Meta SOURCE_ID: 001011
[DBG] |   + Simple Tag 
[DBG] |   |   + Meta _STATISTICS_WRITING_APP: MakeMKV v1.18.4 darwin(arm64-release)
[DBG] |   + Simple Tag 
[DBG] |   |   + Meta _STATISTICS_WRITING_DATE_UTC: 2026-07-18 02:53:09
[DBG] |   + Simple Tag 
[DBG] |   |   + Meta _STATISTICS_TAGS: BPS DURATION NUMBER_OF_FRAMES NUMBER_OF_BYTES SOURCE_ID
[DBG] + Tag
[DBG] |   + Targets
[DBG] |   |   + TrackUID: 2
[DBG] |   |   + TargetType: MOVIE
[DBG] |   + Simple Tag 
[DBG] |   |   + Meta BPS: 4278858
[DBG] |   + Simple Tag 
[DBG] |   |   + Meta DURATION: 02:21:16.217500000
[DBG] |   + Simple Tag 
[DBG] |   |   + Meta NUMBER_OF_FRAMES: 10171461
[DBG] |   + Simple Tag 
[DBG] |   |   + Meta NUMBER_OF_BYTES: 4533566668
[DBG] |   + Simple Tag 
[DBG] |   |   + Meta SOURCE_ID: 001100
[DBG] |   + Simple Tag 
[DBG] |   |   + Meta _STATISTICS_WRITING_APP: MakeMKV v1.18.4 darwin(arm64-release)
[DBG] |   + Simple Tag 
[DBG] |   |   + Meta _STATISTICS_WRITING_DATE_UTC: 2026-07-18 02:53:09
[DBG] |   + Simple Tag 
[DBG] |   |   + Meta _STATISTICS_TAGS: BPS DURATION NUMBER_OF_FRAMES NUMBER_OF_BYTES SOURCE_ID
[DBG] + Tag
[DBG] |   + Targets
[DBG] |   |   + TrackUID: 3
[DBG] |   |   + TargetType: MOVIE
[DBG] |   + Simple Tag 
[DBG] |   |   + Meta BPS: 448000
[DBG] |   + Simple Tag 
[DBG] |   |   + Meta DURATION: 02:21:16.224000000
[DBG] |   + Simple Tag 
[DBG] |   |   + Meta NUMBER_OF_FRAMES: 264882
[DBG] |   + Simple Tag 
[DBG] |   |   + Meta NUMBER_OF_BYTES: 474668544
[DBG] |   + Simple Tag 
[DBG] |   |   + Meta SOURCE_ID: 001100
[DBG] |   + Simple Tag 
[DBG] |   |   + Meta _STATISTICS_WRITING_APP: MakeMKV v1.18.4 darwin(arm64-release)
[DBG] |   + Simple Tag 
[DBG] |   |   + Meta _STATISTICS_WRITING_DATE_UTC: 2026-07-18 02:53:09
[DBG] |   + Simple Tag 
[DBG] |   |   + Meta _STATISTICS_TAGS: BPS DURATION NUMBER_OF_FRAMES NUMBER_OF_BYTES SOURCE_ID
[DBG] + Tag
[DBG] |   + Targets
[DBG] |   |   + TrackUID: 4
[DBG] |   |   + TargetType: MOVIE
[DBG] |   + Simple Tag 
[DBG] |   |   + Meta BPS: 448000
[DBG] |   + Simple Tag 
[DBG] |   |   + Meta DURATION: 02:21:16.224000000
[DBG] |   + Simple Tag 
[DBG] |   |   + Meta NUMBER_OF_FRAMES: 264882
[DBG] |   + Simple Tag 
[DBG] |   |   + Meta NUMBER_OF_BYTES: 474668544
[DBG] |   + Simple Tag 
[DBG] |   |   + Meta SOURCE_ID: 001101
[DBG] |   + Simple Tag 
[DBG] |   |   + Meta _STATISTICS_WRITING_APP: MakeMKV v1.18.4 darwin(arm64-release)
[DBG] |   + Simple Tag 
[DBG] |   |   + Meta _STATISTICS_WRITING_DATE_UTC: 2026-07-18 02:53:09
[DBG] |   + Simple Tag 
[DBG] |   |   + Meta _STATISTICS_TAGS: BPS DURATION NUMBER_OF_FRAMES NUMBER_OF_BYTES SOURCE_ID
[DBG] + Tag
[DBG] |   + Targets
[DBG] |   |   + TrackUID: 5
[DBG] |   |   + TargetType: MOVIE
[DBG] |   + Simple Tag 
[DBG] |   |   + Meta BPS: 29579
[DBG] |   + Simple Tag 
[DBG] |   |   + Meta DURATION: 02:20:19.890645833
[DBG] |   + Simple Tag 
[DBG] |   |   + Meta NUMBER_OF_FRAMES: 3654
[DBG] |   + Simple Tag 
[DBG] |   |   + Meta NUMBER_OF_BYTES: 31131628
[DBG] |   + Simple Tag 
[DBG] |   |   + Meta SOURCE_ID: 0012A0
[DBG] |   + Simple Tag 
[DBG] |   |   + Meta _STATISTICS_WRITING_APP: MakeMKV v1.18.4 darwin(arm64-release)
[DBG] |   + Simple Tag 
[DBG] |   |   + Meta _STATISTICS_WRITING_DATE_UTC: 2026-07-18 02:53:09
[DBG] |   + Simple Tag 
[DBG] |   |   + Meta _STATISTICS_TAGS: BPS DURATION NUMBER_OF_FRAMES NUMBER_OF_BYTES SOURCE_ID
[DBG] loading tags done.
[DBG] resolving 192.168.1.250 ...
[DBG] outgoing request:
GET /stream/4 HTTP/1.1
Host: 192.168.1.250:8093
Accept: */*
Accept-Language: en_US
User-Agent: VLC/4.0.0-dev LibVLC/4.0.0-dev
If-Unmodified-Since: Sat, 18 Jul 2026 03:52:34 GMT
Range: bytes=183-


[DBG] incoming response:
HTTP/1.1 206 Partial Content
Accept-Ranges: bytes
Content-Length: 58483322354
Content-Range: bytes 183-58483322536/58483322537
Content-Type: video/x-matroska
Last-Modified: Sat, 18 Jul 2026 03:52:34 GMT
Date: Mon, 14 Sep 2026 13:07:46 GMT


[DBG] |   + Void
[DBG] |   + Information
[DBG] |   + Tracks
[DBG] |   + Chapters
[DBG] |   + Void
[DBG] |   + Cluster
[DBG] Virtual chapter  Chapter 01 from 0 to 626876250 - 
[DBG] Virtual chapter  Chapter 02 from 626876250 to 1392182458 - 
[DBG] Virtual chapter  Chapter 03 from 1392182458 to 1990488500 - 
[DBG] Virtual chapter  Chapter 04 from 1990488500 to 2635132500 - 
[DBG] Virtual chapter  Chapter 05 from 2635132500 to 3265553958 - 
[DBG] Virtual chapter  Chapter 06 from 3265553958 to 4057928875 - 
[DBG] Virtual chapter  Chapter 07 from 4057928875 to 4949903291 - 
[DBG] Virtual chapter  Chapter 08 from 4949903291 to 5642845541 - 
[DBG] Virtual chapter  Chapter 09 from 5642845541 to 6337873208 - 
[DBG] Virtual chapter  Chapter 10 from 6337873208 to 7063556500 - 
[DBG] Virtual chapter  Chapter 11 from 7063556500 to 7841416916 - 
[DBG] Virtual chapter  Chapter 12 from 7841416916 to 8476217750 - 
[DBG] Virtual chapter  from 0 to -1 - 
[DBG] NEW START CHAPTER uid=5882265559229950143
[DBG] found 5 es
[DBG] selecting program id=0
[DBG] ES track added: 'video/1' (fourcc: 'hevc')
[DBG] ES track added: 'audio/2' (fourcc: 'mlpa')
9:07:46.522 AM [player] track added video/1 type=1
[DBG] ES track added: 'audio/3' (fourcc: 'a52 ')
[DBG] ES track added: 'audio/4' (fourcc: 'a52 ')
[DBG] ES track added: 'spu/5' (fourcc: 'bdpg')
9:07:46.522 AM [player] track added audio/2 type=0
[DBG] seek: preroll{ track: 1, pts: 0, fpos: 3592 skip: 3592} 
[DBG] seek: preroll{ req: 1, start-pts: 1, start-fpos: 3592} 
[DBG] using demux module "mkv"
9:07:46.522 AM [player] track added audio/3 type=0
9:07:46.523 AM [player] track added audio/4 type=0
[DBG] looking for video decoder module matching "any": 14 candidates
9:07:46.523 AM [player] track added spu/5 type=2
9:07:46.523 AM [player] length 8476217 ms
[DBG] vout: none found
[DBG] vout change: decoder size
[DBG] vout change: visible size
[DBG] looking for text renderer module matching "freetype": 2 candidates
[DBG] using text renderer module "freetype"
[DBG] looking for video converter module matching "any": 13 candidates
[DBG] 32x32 (32x32) chroma: YUVA colorspace: Undefined -> 16x16 (16x16) chroma: RGBA colorspace: Undefined with scaling using Bicubic (good quality)
[DBG] using video converter module "swscale"
[DBG] looking for video converter module matching "any": 13 candidates
[DBG] YUVP to YUVA converter
[DBG] using video converter module "yuvp"
[DBG] Deinterlacing available
[DBG] deinterlace -1, mode auto, is_needed 0
[DBG] looking for vout window module matching "any": 2 candidates
[DBG] resized to 1920x1080
[DBG] using vout window module "uiview_window"
[DBG] looking for inhibit module matching "any": 1 candidates
[DBG] using inhibit module "uikit_inhibit"
[DBG] looking for decoder device module matching "any": 1 candidates
[DBG] using decoder device module "videotoolbox"
[DBG] new VPS parsed: 0
[DBG] new SPS parsed: 0
[DBG] new PPS parsed: 0
[WARN] forcing output chroma (kCVPixelFormatType): x420
[INF] Using Video Toolbox to decode 'hevc'
[DBG] using video decoder module "videotoolbox"
[DBG] ES track selected: 'video/1' (fourcc: 'hevc')
[DBG] looking for audio packetizer module matching "any": 11 candidates
[DBG] using audio packetizer module "mlp"
[DBG] looking for audio decoder module matching "any": 15 candidates
[DBG] reusing audio output
[ERR] too low audio sample frequency (0)
9:07:46.543 AM [player] track selected type=1 selected=video/1 unselected=
[DBG] keeping audio output
[DBG] using Lavc63.1.100
[DBG] CPU flags: 0x00062360
[DBG] codec (truehd) started
[DBG] using audio decoder module "avcodec"
[DBG] ES track selected: 'audio/2' (fourcc: 'mlpa')
[DBG] looking for meta reader module matching "any": 1 candidates
[DBG] no meta reader modules matched with name any
9:07:46.544 AM [player] track selected type=0 selected=audio/2 unselected=
[DBG] `http://192.168.1.250:8093/stream/4' successfully opened
9:07:46.544 AM [player] state Playing at 0 ms
[DBG] program(0): using clock source: 'audio'
9:07:46.544 AM [player] buffering 0.0
[DBG] Buffering 0%
[INF] MLP channels: 8 samplerate: 48000
[DBG] restarting module due to input format change
[DBG] 'decoder in/packetizer out' i_rate 0 / 48000
[DBG] 'decoder in/packetizer out' i_channels 0 / 8
[DBG] removing "audio decoder" module "avcodec"
[DBG] looking for audio decoder module matching "any": 15 candidates
[DBG] reusing audio output
[WARN] failed to start passthrough audio output, failing back to linear format
[DBG] keeping audio output
[DBG] using Lavc63.1.100
[DBG] CPU flags: 0x00062360
[DBG] codec (truehd) started
[DBG] using audio decoder module "avcodec"
[DBG] reusing audio output
[DBG] Buffering 4%
[DBG] Buffering 9%
[DBG] Buffering 16%
[DBG] Buffering 20%
[DBG] Buffering 29%
[DBG] session accepted first frame 1
[DBG] Buffering 37%
[DBG] Buffering 41%
[DBG] Buffering 49%
[DBG] Buffering 58%
[DBG] Buffering 62%
[DBG] Buffering 69%
[DBG] Buffering 79%
[DBG] output chroma (kCVPixelFormatType): x420
[DBG] vout change: chroma
[DBG] requested window size: 3840x2160
[DBG] deinterlace -1, mode auto, is_needed 0
[DBG] Opening vout display wrapper
[DBG] looking for vout display module matching "any": 3 candidates
[DBG] using vout display module "samplebufferdisplay"
[DBG] original format sz 3840x2160, of (0,0), vsz 3840x2160, 4cc CVPP, sar 1:1, orient: normal
[DBG] removing "text renderer" module "freetype"
[DBG] looking for text renderer module matching "freetype": 2 candidates
[DBG] using text renderer module "freetype"
[DBG] requested window size: 3840x2160
[DBG] resetting projection_mode to 0
[DBG] setting projection_mode to 0
[DBG] Buffering 83%
[DBG] Buffering 89%
9:07:46.561 AM [player] buffering 1.0
[DBG] Stream buffering done (1000 ms in 17 ms)
[DBG] Received first picture
[DBG] resized to 3840x2160
[DBG] Output on HDMI, channel count: 8
[DBG] swapping Surround and RearSurround channels for 7.1 Rear Surround
[DBG] VLC keeping the same input layout
[DBG] output 'f32l' 48000 Hz 3F2M2R/LFE frame=1 samples/32 bytes
[DBG] looking for audio volume module matching "any": 2 candidates
[DBG] using audio volume module "float_mixer"
[DBG] input 's32l' 48000 Hz 3F2M2R/LFE frame=1 samples/32 bytes
[DBG] looking for audio filter module matching "scaletempo": 1 candidates
[DBG] format: 48000 rate, 8 nch, 4 bps, fl32
[DBG] params: 30 stride, 0.200 overlap, 14 search
[DBG] 1.000 scale, 1440.000 stride_in, 1440 stride_out, 1152 standing, 288 overlap, 672 search, 2400 queue, fl32 mode
[DBG] using audio filter module "scaletempo"
[DBG] conversion: 's32l'->'f32l' 48000 Hz->48000 Hz 3F2M2R/LFE->3F2M2R/LFE
[DBG] looking for audio converter module matching "any": 8 candidates
[DBG] s32l->f32l, bits per sample: 32->32
[DBG] using audio converter module "audio_format"
[DBG] conversion pipeline complete
[DBG] conversion: 'f32l'->'f32l' 48000 Hz->48000 Hz 3F2M2R/LFE->3F2M2R/LFE
[DBG] conversion pipeline complete
[DBG] looking for audio resampler module matching "soxr": 2 candidates
[DBG] Using SoX Resampler with 'cr32s' engine and 'Medium 16-bit with medium roll-off' quality to convert f32l/48000Hz to f32l/48000Hz.
[DBG] using audio resampler module "soxr"
[DBG] Decoder wait done in 87 ms
[DBG] deferring start (81408 us)
[DBG] deferring start (76945 us)
[DBG] deferring start (75932 us)
[DBG] deferring start (74965 us)
[DBG] deferring start (74772 us)
[DBG] deferring start (74619 us)
[DBG] deferring start (74469 us)
[DBG] deferring start (74315 us)
[DBG] deferring start (74183 us)
[DBG] deferring start (74852 us)
[DBG] deferring start (73903 us)
[DBG] deferring start (73731 us)
[DBG] deferring start (73569 us)
[DBG] deferring start (73429 us)
[DBG] deferring start (73328 us)
[DBG] deferring start (73235 us)
[DBG] deferring start (73143 us)
[DBG] deferring start (73032 us)
[DBG] deferring start (72931 us)
[DBG] deferring start (72834 us)
[DBG] deferring start (72753 us)
[DBG] deferring start (72670 us)
[DBG] deferring start (73277 us)
[DBG] deferring start (72324 us)
[DBG] deferring start (73030 us)
[DBG] deferring start (72119 us)
[DBG] deferring start (72035 us)
[DBG] deferring start (71949 us)
[DBG] deferring start (71832 us)
[DBG] deferring start (71675 us)
[DBG] deferring start (71469 us)
[DBG] deferring start (71323 us)
[DBG] deferring start (71165 us)
[DBG] deferring start (71846 us)
[DBG] deferring start (70902 us)
[DBG] deferring start (70743 us)
[DBG] deferring start (70594 us)
[DBG] deferring start (78679 us)
[DBG] deferring start (77760 us)
[DBG] deferring start (76827 us)
[DBG] deferring start (75914 us)
[DBG] deferring start (74978 us)
[DBG] deferring start (74068 us)
[DBG] deferring start (73138 us)
[DBG] deferring start (72211 us)
[DBG] deferring start (71284 us)
[DBG] deferring start (70369 us)
[DBG] deferring start (69465 us)
[DBG] deferring start (69390 us)
[DBG] deferring start (69309 us)
[DBG] deferring start (69218 us)
[DBG] deferring start (69133 us)
[DBG] deferring start (69046 us)
[DBG] deferring start (68962 us)
[DBG] deferring start (68875 us)
[DBG] deferring start (68805 us)
[DBG] deferring start (68708 us)
[DBG] deferring start (68633 us)
[DBG] deferring start (68556 us)
[DBG] deferring start (68467 us)
[DBG] deferring start (68391 us)
[DBG] deferring start (68310 us)
[DBG] deferring start (68223 us)
[DBG] deferring start (68138 us)
[DBG] deferring start (68050 us)
[DBG] deferring start (67963 us)
[DBG] deferring start (67879 us)
[DBG] deferring start (67804 us)
[DBG] deferring start (69333 us)
[DBG] deferring start (68431 us)
[DBG] deferring start (67524 us)
[DBG] deferring start (67436 us)
[DBG] deferring start (67354 us)
[DBG] deferring start (67265 us)
[DBG] deferring start (67188 us)
[DBG] deferring start (67111 us)
[DBG] deferring start (67029 us)
[DBG] deferring start (66949 us)
[DBG] deferring start (66869 us)
[DBG] deferring start (66795 us)
[DBG] deferring start (71532 us)
[DBG] deferring start (70623 us)
[DBG] deferring start (69696 us)
[DBG] deferring start (68779 us)
[DBG] deferring start (67822 us)
[DBG] deferring start (66909 us)
[DBG] deferring start (65896 us)
[DBG] deferring start (65803 us)
[DBG] deferring start (65714 us)
[DBG] deferring start (65637 us)
[DBG] deferring start (65540 us)
[DBG] deferring start (67097 us)
[DBG] deferring start (66147 us)
[DBG] deferring start (65243 us)
[DBG] deferring start (65163 us)
[DBG] deferring start (65081 us)
[DBG] deferring start (65003 us)
[DBG] deferring start (64925 us)
[DBG] deferring start (64842 us)
[DBG] deferring start (64764 us)
[DBG] deferring start (64686 us)
[DBG] deferring start (64599 us)
[DBG] deferring start (64513 us)
[DBG] deferring start (64432 us)
[DBG] deferring start (64351 us)
[DBG] deferring start (64268 us)
[DBG] deferring start (64190 us)
[DBG] deferring start (64110 us)
[DBG] deferring start (64032 us)
[DBG] deferring start (63945 us)
[DBG] deferring start (63868 us)
[DBG] deferring start (64572 us)
[DBG] deferring start (63673 us)
[DBG] deferring start (63592 us)
[DBG] deferring start (63514 us)
[DBG] deferring start (63439 us)
[DBG] deferring start (64997 us)
[DBG] deferring start (64099 us)
[DBG] deferring start (63200 us)
[DBG] deferring start (63117 us)
[DBG] deferring start (63033 us)
[DBG] deferring start (62950 us)
[DBG] deferring start (62865 us)
[DBG] deferring start (62769 us)
[DBG] deferring start (62690 us)
[DBG] deferring start (62613 us)
[DBG] deferring start (62527 us)
[DBG] deferring start (62436 us)
[DBG] deferring start (64809 us)
[DBG] deferring start (63855 us)
[DBG] deferring start (62949 us)
[DBG] deferring start (62037 us)
[DBG] deferring start (61952 us)
[DBG] deferring start (61866 us)
[DBG] deferring start (61778 us)
[DBG] deferring start (61693 us)
[DBG] deferring start (61608 us)
[DBG] deferring start (61519 us)
[DBG] deferring start (61441 us)
[DBG] deferring start (61352 us)
[DBG] deferring start (61244 us)
[DBG] deferring start (68510 us)
[DBG] deferring start (67583 us)
[DBG] deferring start (66670 us)
[DBG] deferring start (65708 us)
[DBG] deferring start (64807 us)
[DBG] deferring start (63907 us)
[DBG] deferring start (63005 us)
[DBG] deferring start (62099 us)
[DBG] deferring start (61181 us)
[DBG] deferring start (60268 us)
[DBG] deferring start (61012 us)
[DBG] deferring start (60106 us)
[DBG] deferring start (60029 us)
[DBG] deferring start (59951 us)
[DBG] deferring start (59873 us)
[DBG] deferring start (59794 us)
[DBG] deferring start (59716 us)
[DBG] deferring start (59637 us)
[DBG] deferring start (59559 us)
[DBG] deferring start (59482 us)
[DBG] deferring start (59405 us)
[DBG] deferring start (59328 us)
[DBG] deferring start (59253 us)
[DBG] deferring start (59170 us)
[DBG] deferring start (59093 us)
[DBG] deferring start (59017 us)
[DBG] deferring start (58938 us)
[DBG] deferring start (58857 us)
[DBG] deferring start (58779 us)
[DBG] deferring start (58701 us)
[DBG] deferring start (58624 us)
[DBG] deferring start (58547 us)
[DBG] deferring start (58474 us)
[DBG] deferring start (58398 us)
[DBG] deferring start (58325 us)
[DBG] deferring start (58251 us)
[DBG] deferring start (58180 us)
[DBG] deferring start (58098 us)
[DBG] deferring start (58023 us)
[DBG] deferring start (57948 us)
[DBG] deferring start (57872 us)
[DBG] deferring start (57800 us)
[DBG] deferring start (57722 us)
[DBG] deferring start (58461 us)
[DBG] deferring start (57564 us)
[DBG] deferring start (57493 us)
[DBG] deferring start (57424 us)
[DBG] deferring start (57339 us)
[DBG] deferring start (57268 us)
[DBG] deferring start (57197 us)
[DBG] deferring start (57124 us)
[DBG] deferring start (57053 us)
[DBG] deferring start (56984 us)
[DBG] deferring start (56909 us)
[DBG] deferring start (56832 us)
[DBG] deferring start (56761 us)
[DBG] deferring start (56683 us)
[DBG] deferring start (56612 us)
[DBG] deferring start (56538 us)
[DBG] deferring start (56466 us)
[DBG] deferring start (56395 us)
[DBG] deferring start (56322 us)
[DBG] deferring start (56253 us)
[DBG] deferring start (56181 us)
[DBG] deferring start (56111 us)
[DBG] deferring start (56043 us)
[DBG] deferring start (55966 us)
[DBG] deferring start (55892 us)
[DBG] deferring start (56621 us)
[DBG] deferring start (55727 us)
[DBG] deferring start (55655 us)
[DBG] deferring start (55584 us)
[DBG] deferring start (55513 us)
[DBG] deferring start (55444 us)
[DBG] deferring start (55370 us)
[DBG] deferring start (55294 us)
[DBG] deferring start (55214 us)
[DBG] deferring start (55141 us)
[DBG] deferring start (55071 us)
[DBG] deferring start (55000 us)
[DBG] deferring start (54929 us)
[DBG] deferring start (54858 us)
[DBG] deferring start (54795 us)
[DBG] deferring start (54663 us)
[DBG] deferring start (54524 us)
[DBG] deferring start (54455 us)
[DBG] deferring start (54387 us)
[DBG] deferring start (54321 us)
[DBG] deferring start (54245 us)
[DBG] deferring start (57457 us)
[DBG] deferring start (56563 us)
[DBG] deferring start (55669 us)
[DBG] deferring start (54776 us)
[DBG] deferring start (53882 us)
[DBG] deferring start (53812 us)
[DBG] deferring start (53739 us)
[DBG] deferring start (53666 us)
[DBG] deferring start (53595 us)
[DBG] deferring start (53523 us)
[DBG] deferring start (53453 us)
[DBG] deferring start (53381 us)
[DBG] deferring start (53304 us)
[DBG] deferring start (53233 us)
[DBG] deferring start (53929 us)
[DBG] deferring start (53031 us)
[DBG] deferring start (57908 us)
[DBG] deferring start (57015 us)
[DBG] deferring start (56117 us)
[DBG] deferring start (55223 us)
[DBG] deferring start (54331 us)
[DBG] deferring start (53437 us)
[DBG] deferring start (52541 us)
[DBG] deferring start (52471 us)
[DBG] deferring start (52400 us)
[DBG] deferring start (52329 us)
[DBG] deferring start (52258 us)
[DBG] deferring start (52181 us)
[DBG] deferring start (52110 us)
[DBG] deferring start (52038 us)
[DBG] deferring start (51961 us)
[DBG] deferring start (51880 us)
[DBG] deferring start (51810 us)
[DBG] deferring start (51738 us)
[DBG] deferring start (51665 us)
[DBG] deferring start (51596 us)
[DBG] deferring start (51521 us)
[DBG] deferring start (51446 us)
[DBG] deferring start (51374 us)
[DBG] deferring start (51304 us)
[DBG] deferring start (51215 us)
[DBG] deferring start (51119 us)
[DBG] deferring start (51053 us)
[DBG] deferring start (50925 us)
[DBG] deferring start (50851 us)
[DBG] deferring start (50776 us)
[DBG] deferring start (50706 us)
[DBG] deferring start (50519 us)
[DBG] deferring start (50436 us)
[DBG] deferring start (50354 us)
[DBG] deferring start (50272 us)
[DBG] deferring start (50201 us)
[DBG] deferring start (50130 us)
[DBG] deferring start (50060 us)
[DBG] deferring start (49983 us)
[DBG] deferring start (52359 us)
[DBG] deferring start (51453 us)
[DBG] deferring start (50553 us)
[DBG] deferring start (49655 us)
[DBG] deferring start (49580 us)
[DBG] deferring start (49501 us)
[DBG] deferring start (49429 us)
[DBG] deferring start (49360 us)
[DBG] deferring start (49286 us)
[DBG] deferring start (49210 us)
[DBG] deferring start (49139 us)
[DBG] deferring start (49065 us)
[DBG] deferring start (48991 us)
[DBG] deferring start (48920 us)
[DBG] deferring start (48849 us)
[DBG] deferring start (48775 us)
[DBG] deferring start (48706 us)
[DBG] deferring start (48631 us)
[DBG] deferring start (50202 us)
[DBG] deferring start (49302 us)
[DBG] deferring start (48305 us)
[DBG] deferring start (48231 us)
[DBG] deferring start (48161 us)
[DBG] deferring start (48088 us)
[DBG] deferring start (48018 us)
[DBG] deferring start (47943 us)
[DBG] deferring start (47869 us)
[DBG] deferring start (47786 us)
[DBG] deferring start (47715 us)
[DBG] deferring start (47643 us)
[DBG] deferring start (47569 us)
[DBG] deferring start (47500 us)
[DBG] deferring start (47426 us)
[DBG] deferring start (47356 us)
[DBG] deferring start (47285 us)
[DBG] deferring start (47213 us)
[DBG] deferring start (47135 us)
[DBG] deferring start (47057 us)
[DBG] deferring start (46988 us)
[DBG] deferring start (46863 us)
[DBG] deferring start (46760 us)
[DBG] deferring start (53270 us)
[DBG] deferring start (52370 us)
[DBG] deferring start (51465 us)
[DBG] deferring start (50552 us)
[DBG] deferring start (49643 us)
[DBG] deferring start (48732 us)
[DBG] deferring start (47826 us)
[DBG] deferring start (46929 us)
[DBG] deferring start (46032 us)
[DBG] deferring start (45949 us)
[DBG] deferring start (45873 us)
[DBG] deferring start (45796 us)
[DBG] deferring start (45718 us)
[DBG] deferring start (45637 us)
[DBG] deferring start (45561 us)
[DBG] deferring start (45487 us)
[DBG] deferring start (45407 us)
[DBG] deferring start (45332 us)
[DBG] deferring start (45246 us)
[DBG] deferring start (45170 us)
[DBG] deferring start (45091 us)
[DBG] deferring start (45011 us)
[DBG] deferring start (44941 us)
[DBG] deferring start (44872 us)
[DBG] deferring start (44801 us)
[DBG] deferring start (44731 us)
[DBG] deferring start (44661 us)
[DBG] deferring start (44585 us)
[DBG] deferring start (44516 us)
[DBG] deferring start (44430 us)
[DBG] deferring start (44341 us)
[DBG] deferring start (44268 us)
[DBG] deferring start (44197 us)
[DBG] deferring start (44121 us)
[DBG] deferring start (44049 us)
[DBG] deferring start (43966 us)
[DBG] deferring start (43895 us)
[DBG] deferring start (43824 us)
[DBG] deferring start (43751 us)
[DBG] deferring start (43680 us)
[DBG] deferring start (43609 us)
[DBG] deferring start (43539 us)
[DBG] deferring start (43433 us)
[DBG] deferring start (43292 us)
[DBG] deferring start (43220 us)
[DBG] deferring start (43149 us)
[DBG] deferring start (43079 us)
[DBG] deferring start (43009 us)
[DBG] deferring start (42938 us)
[DBG] deferring start (42865 us)
[DBG] deferring start (42793 us)
[DBG] deferring start (42722 us)
[DBG] deferring start (42653 us)
[DBG] deferring start (42583 us)
[DBG] deferring start (42510 us)
[DBG] deferring start (42437 us)
[DBG] deferring start (42366 us)
[DBG] deferring start (42294 us)
[DBG] deferring start (42223 us)
[DBG] deferring start (42152 us)
[DBG] deferring start (42081 us)
[DBG] deferring start (42010 us)
[DBG] deferring start (41941 us)
[DBG] deferring start (41870 us)
[DBG] deferring start (41799 us)
[DBG] deferring start (41721 us)
[DBG] deferring start (41648 us)
[DBG] deferring start (41575 us)
[DBG] deferring start (41511 us)
[DBG] deferring start (41425 us)
[DBG] deferring start (47141 us)
[DBG] deferring start (46235 us)
[DBG] deferring start (45335 us)
[DBG] deferring start (44442 us)
[DBG] deferring start (43550 us)
[DBG] deferring start (42656 us)
[DBG] deferring start (41764 us)
[DBG] deferring start (40871 us)
[DBG] deferring start (40799 us)
[DBG] deferring start (40727 us)
[DBG] deferring start (40661 us)
[DBG] deferring start (40588 us)
[DBG] deferring start (40513 us)
[DBG] deferring start (40443 us)
[DBG] deferring start (40372 us)
[DBG] deferring start (40248 us)
[DBG] deferring start (40172 us)
[DBG] deferring start (40097 us)
[DBG] deferring start (40021 us)
[DBG] deferring start (39951 us)
[DBG] deferring start (39879 us)
[DBG] deferring start (39809 us)
[DBG] deferring start (39741 us)
[DBG] deferring start (39668 us)
[DBG] deferring start (39598 us)
[DBG] deferring start (39523 us)
[DBG] deferring start (39445 us)
[DBG] deferring start (39369 us)
[DBG] deferring start (39295 us)
[DBG] deferring start (39220 us)
[DBG] deferring start (39147 us)
[DBG] deferring start (39062 us)
[DBG] deferring start (39790 us)
[DBG] deferring start (38894 us)
[DBG] deferring start (38822 us)
[DBG] deferring start (38747 us)
[DBG] deferring start (38676 us)
[DBG] deferring start (38601 us)
[DBG] deferring start (38527 us)
[DBG] deferring start (38451 us)
[DBG] deferring start (38368 us)
[DBG] deferring start (39119 us)
[DBG] deferring start (38212 us)
[DBG] deferring start (38137 us)
[DBG] deferring start (38059 us)
[DBG] deferring start (37979 us)
[DBG] deferring start (37908 us)
[DBG] deferring start (37834 us)
[DBG] deferring start (37761 us)
[DBG] deferring start (37691 us)
[DBG] deferring start (37613 us)
[DBG] deferring start (37532 us)
[DBG] deferring start (38252 us)
[DBG] deferring start (37353 us)
[DBG] deferring start (37257 us)
[DBG] deferring start (37186 us)
[DBG] deferring start (37114 us)
[DBG] deferring start (37039 us)
[DBG] deferring start (36968 us)
[DBG] deferring start (36894 us)
[DBG] deferring start (36822 us)
[DBG] deferring start (36746 us)
[DBG] deferring start (36672 us)
[DBG] deferring start (36593 us)
[DBG] deferring start (37349 us)
[DBG] deferring start (36447 us)
[DBG] deferring start (36376 us)
[DBG] deferring start (36302 us)
[DBG] deferring start (36227 us)
[DBG] deferring start (36156 us)
[DBG] deferring start (36082 us)
[DBG] deferring start (36001 us)
[DBG] deferring start (35904 us)
[DBG] deferring start (35828 us)
[DBG] deferring start (35735 us)
[DBG] deferring start (35663 us)
[DBG] deferring start (35588 us)
[DBG] deferring start (35506 us)
[DBG] deferring start (35430 us)
[DBG] deferring start (35290 us)
[DBG] deferring start (35211 us)
[DBG] deferring start (35140 us)
[DBG] deferring start (35071 us)
[DBG] deferring start (34980 us)
[DBG] deferring start (34905 us)
[DBG] deferring start (34831 us)
[DBG] deferring start (34756 us)
[DBG] deferring start (34680 us)
[DBG] deferring start (34602 us)
[DBG] deferring start (34525 us)
[DBG] deferring start (34454 us)
[DBG] deferring start (34381 us)
[DBG] deferring start (34305 us)
[DBG] deferring start (34205 us)
[DBG] deferring start (34132 us)
[DBG] deferring start (34055 us)
[DBG] deferring start (34810 us)
[DBG] deferring start (33905 us)
[DBG] deferring start (33832 us)
[DBG] deferring start (33760 us)
[DBG] deferring start (33685 us)
[DBG] deferring start (33608 us)
[DBG] deferring start (33518 us)
[DBG] deferring start (33445 us)
[DBG] deferring start (33371 us)
[DBG] deferring start (33298 us)
[DBG] deferring start (33228 us)
[DBG] deferring start (33155 us)
[DBG] deferring start (33079 us)
[DBG] deferring start (33002 us)
[DBG] deferring start (33754 us)
[DBG] deferring start (32856 us)
[DBG] deferring start (32783 us)
[DBG] deferring start (32705 us)
[DBG] deferring start (32633 us)
[DBG] deferring start (32558 us)
[DBG] deferring start (32474 us)
[DBG] deferring start (33202 us)
[DBG] deferring start (32296 us)
[DBG] deferring start (32225 us)
[DBG] deferring start (32149 us)
[DBG] deferring start (32074 us)
[DBG] deferring start (31999 us)
[DBG] deferring start (32753 us)
[DBG] deferring start (31840 us)
[DBG] deferring start (31766 us)
[DBG] deferring start (31694 us)
[DBG] deferring start (31625 us)
[DBG] deferring start (31549 us)
[DBG] deferring start (31474 us)
[DBG] deferring start (31401 us)
[DBG] deferring start (31316 us)
[DBG] deferring start (32047 us)
[DBG] deferring start (31141 us)
[DBG] deferring start (31068 us)
[DBG] deferring start (30996 us)
[DBG] deferring start (30925 us)
[DBG] deferring start (30851 us)
[DBG] deferring start (30777 us)
[DBG] deferring start (30698 us)
[DBG] deferring start (30616 us)
[DBG] deferring start (30504 us)
[DBG] deferring start (32915 us)
[DBG] deferring start (32013 us)
[DBG] deferring start (31111 us)
[DBG] deferring start (30217 us)
[DBG] deferring start (30142 us)
[DBG] deferring start (30071 us)
[DBG] deferring start (29981 us)
[DBG] deferring start (29907 us)
[DBG] deferring start (29841 us)
[DBG] deferring start (29771 us)
[DBG] deferring start (29705 us)
[DBG] deferring start (29634 us)
[DBG] deferring start (29563 us)
[DBG] deferring start (29488 us)
[DBG] deferring start (29419 us)
[DBG] deferring start (29349 us)
[DBG] deferring start (29213 us)
[DBG] deferring start (29129 us)
[DBG] deferring start (29047 us)
[DBG] deferring start (28976 us)
[DBG] deferring start (28912 us)
[DBG] deferring start (28840 us)
[DBG] deferring start (28762 us)
[DBG] deferring start (28691 us)
[DBG] deferring start (28620 us)
[DBG] deferring start (28547 us)
[DBG] deferring start (28475 us)
[DBG] deferring start (28405 us)
[DBG] deferring start (28334 us)
[DBG] deferring start (28264 us)
[DBG] deferring start (28191 us)
[DBG] deferring start (28120 us)
[DBG] deferring start (28050 us)
[DBG] deferring start (27973 us)
[DBG] deferring start (27900 us)
[DBG] deferring start (27827 us)
[DBG] deferring start (27747 us)
[DBG] deferring start (27674 us)
[DBG] deferring start (27604 us)
[DBG] deferring start (27533 us)
[DBG] deferring start (27462 us)
[DBG] deferring start (27267 us)
[DBG] deferring start (31330 us)
[DBG] deferring start (30435 us)
[DBG] deferring start (29540 us)
[DBG] deferring start (28641 us)
[DBG] deferring start (27745 us)
[DBG] deferring start (26850 us)
[DBG] deferring start (26776 us)
[DBG] deferring start (26703 us)
[DBG] deferring start (26627 us)
[DBG] deferring start (26553 us)
[DBG] deferring start (26477 us)
[DBG] deferring start (26398 us)
[DBG] deferring start (26323 us)
[DBG] deferring start (26243 us)
[DBG] deferring start (26164 us)
[DBG] deferring start (26078 us)
[DBG] deferring start (26001 us)
[DBG] deferring start (25923 us)
[DBG] deferring start (25843 us)
[DBG] deferring start (25764 us)
[DBG] deferring start (25683 us)
[DBG] deferring start (25607 us)
[DBG] deferring start (25530 us)
[DBG] deferring start (25454 us)
[DBG] deferring start (25380 us)
[DBG] deferring start (25303 us)
[DBG] deferring start (25228 us)
[DBG] deferring start (25154 us)
[DBG] deferring start (25066 us)
[DBG] deferring start (24985 us)
[DBG] deferring start (24909 us)
[DBG] deferring start (24831 us)
[DBG] deferring start (24745 us)
[DBG] deferring start (24668 us)
[DBG] deferring start (24589 us)
[DBG] deferring start (24507 us)
[DBG] deferring start (24425 us)
[DBG] deferring start (24344 us)
[DBG] deferring start (24259 us)
[DBG] deferring start (24176 us)
[DBG] deferring start (24087 us)
[DBG] deferring start (24009 us)
[DBG] deferring start (23934 us)
[DBG] deferring start (23856 us)
[DBG] deferring start (23772 us)
[DBG] deferring start (23694 us)
[DBG] deferring start (23611 us)
[DBG] deferring start (23533 us)
[DBG] deferring start (23457 us)
[DBG] deferring start (23371 us)
[DBG] deferring start (23286 us)
[DBG] deferring start (23210 us)
[DBG] deferring start (23129 us)
[DBG] deferring start (23048 us)
[DBG] deferring start (22971 us)
[DBG] deferring start (22886 us)
[DBG] deferring start (23637 us)
[DBG] deferring start (22729 us)
[DBG] deferring start (22643 us)
[DBG] deferring start (22557 us)
[DBG] deferring start (22485 us)
[DBG] deferring start (22398 us)
[DBG] deferring start (22314 us)
[DBG] deferring start (23065 us)
[DBG] deferring start (22148 us)
[DBG] deferring start (22071 us)
[DBG] deferring start (21988 us)
[DBG] deferring start (21903 us)
[DBG] deferring start (21827 us)
[DBG] deferring start (21748 us)
[DBG] deferring start (21664 us)
[DBG] deferring start (21586 us)
[DBG] deferring start (21505 us)
[DBG] deferring start (21422 us)
[DBG] deferring start (21339 us)
[DBG] deferring start (22091 us)
[DBG] deferring start (21173 us)
[DBG] deferring start (21096 us)
[DBG] deferring start (21015 us)
[DBG] deferring start (20940 us)
[DBG] deferring start (20851 us)
[DBG] deferring start (21571 us)
[DBG] deferring start (20664 us)
[DBG] deferring start (20586 us)
[DBG] deferring start (20508 us)
[DBG] deferring start (20422 us)
[DBG] deferring start (21173 us)
[DBG] deferring start (20266 us)
[DBG] deferring start (21016 us)
[DBG] deferring start (20106 us)
[DBG] deferring start (20030 us)
[DBG] deferring start (20780 us)
[DBG] deferring start (19864 us)
[DBG] deferring start (19769 us)
[DBG] deferring start (19688 us)
[DBG] deferring start (20437 us)
[DBG] deferring start (19540 us)
[DBG] deferring start (19443 us)
[DBG] deferring start (19339 us)
[DBG] deferring start (19248 us)
[DBG] deferring start (19167 us)
[DBG] deferring start (19089 us)
[DBG] deferring start (18987 us)
[DBG] deferring start (18902 us)
[DBG] deferring start (18815 us)
[DBG] deferring start (18738 us)
[DBG] deferring start (19491 us)
[DBG] deferring start (18591 us)
[DBG] deferring start (18508 us)
[DBG] deferring start (18429 us)
[DBG] deferring start (18343 us)
[DBG] deferring start (18242 us)
[DBG] deferring start (18158 us)
[DBG] deferring start (18074 us)
[DBG] deferring start (17999 us)
[DBG] deferring start (17913 us)
[DBG] deferring start (17823 us)
[DBG] deferring start (17743 us)
[DBG] deferring start (17657 us)
[DBG] deferring start (17574 us)
[DBG] deferring start (17498 us)
[DBG] deferring start (17413 us)
[DBG] deferring start (17335 us)
[DBG] deferring start (17251 us)
[DBG] deferring start (18004 us)
[DBG] deferring start (17101 us)
[DBG] deferring start (17018 us)
[DBG] deferring start (16934 us)
[DBG] deferring start (16855 us)
[DBG] deferring start (16779 us)
[DBG] deferring start (16701 us)
[DBG] deferring start (16617 us)
[DBG] deferring start (16543 us)
[DBG] deferring start (16454 us)
[DBG] deferring start (16360 us)
[DBG] deferring start (16276 us)
[DBG] deferring start (16190 us)
[DBG] deferring start (16105 us)
[DBG] deferring start (16860 us)
[DBG] deferring start (15952 us)
[DBG] deferring start (15867 us)
[DBG] deferring start (15762 us)
[DBG] deferring start (15652 us)
[DBG] deferring start (15573 us)
[DBG] deferring start (15501 us)
[DBG] deferring start (15429 us)
[DBG] deferring start (15354 us)
[DBG] deferring start (15279 us)
[DBG] deferring start (15204 us)
[DBG] deferring start (15132 us)
[DBG] deferring start (15059 us)
[DBG] deferring start (14982 us)
[DBG] deferring start (14910 us)
[DBG] deferring start (14832 us)
[DBG] deferring start (16394 us)
[DBG] deferring start (15498 us)
[DBG] deferring start (14593 us)
[DBG] deferring start (14515 us)
[DBG] deferring start (14436 us)
[DBG] deferring start (14365 us)
[DBG] deferring start (14288 us)
[DBG] deferring start (14215 us)
[DBG] deferring start (14140 us)
[DBG] deferring start (14066 us)
[DBG] deferring start (14821 us)
[DBG] deferring start (13915 us)
[DBG] deferring start (13844 us)
[DBG] deferring start (13767 us)
[DBG] deferring start (13689 us)
[DBG] deferring start (13590 us)
[DBG] deferring start (13508 us)
[DBG] deferring start (13435 us)
[DBG] deferring start (13353 us)
[DBG] deferring start (13287 us)
[DBG] deferring start (13213 us)
[DBG] deferring start (13103 us)
[DBG] deferring start (13815 us)
[DBG] deferring start (12889 us)
[DBG] deferring start (12771 us)
[DBG] deferring start (12660 us)
[DBG] deferring start (12580 us)
[DBG] deferring start (12481 us)
[DBG] deferring start (14845 us)
[DBG] deferring start (13937 us)
[DBG] deferring start (12987 us)
[DBG] deferring start (12065 us)
[DBG] deferring start (11988 us)
[DBG] deferring start (11913 us)
[DBG] deferring start (11833 us)
[DBG] deferring start (11733 us)
[DBG] deferring start (11655 us)
[DBG] deferring start (11575 us)
[DBG] deferring start (11504 us)
[DBG] deferring start (11430 us)
[DBG] deferring start (12186 us)
[DBG] deferring start (11280 us)
[DBG] deferring start (11199 us)
[DBG] deferring start (11122 us)
[DBG] deferring start (11004 us)
[DBG] deferring start (10923 us)
[DBG] deferring start (10851 us)
[DBG] deferring start (10777 us)
[DBG] deferring start (10702 us)
[DBG] deferring start (10628 us)
[DBG] deferring start (10557 us)
[DBG] deferring start (10485 us)
[DBG] deferring start (10413 us)
[DBG] deferring start (10343 us)
[DBG] deferring start (10268 us)
[DBG] deferring start (10197 us)
[DBG] deferring start (10125 us)
[DBG] deferring start (10047 us)
[DBG] deferring start (9971 us)
[DBG] deferring start (9900 us)
[DBG] deferring start (9823 us)
[DBG] deferring start (9749 us)
[DBG] deferring start (9674 us)
[DBG] deferring start (15386 us)
[DBG] deferring start (14489 us)
[DBG] deferring start (13592 us)
[DBG] deferring start (12696 us)
[DBG] deferring start (11802 us)
[DBG] deferring start (10908 us)
[DBG] deferring start (10011 us)
[DBG] deferring start (9106 us)
[DBG] deferring start (9033 us)
[DBG] deferring start (8959 us)
[DBG] deferring start (8877 us)
[DBG] deferring start (8806 us)
[DBG] deferring start (8720 us)
[DBG] deferring start (8647 us)
[DBG] deferring start (8577 us)
[DBG] deferring start (8506 us)
[DBG] deferring start (8441 us)
[DBG] deferring start (9175 us)
[DBG] deferring start (8272 us)
[DBG] deferring start (8199 us)
[DBG] deferring start (8126 us)
[DBG] deferring start (8040 us)
[DBG] deferring start (7968 us)
[DBG] deferring start (7897 us)
[DBG] deferring start (7824 us)
[DBG] deferring start (7747 us)
[DBG] deferring start (7675 us)
[DBG] deferring start (7597 us)
[DBG] deferring start (7514 us)
[DBG] deferring start (7442 us)
[DBG] deferring start (7368 us)
[DBG] deferring start (7298 us)
[DBG] deferring start (7226 us)
[DBG] deferring start (7153 us)
[DBG] deferring start (12871 us)
[DBG] deferring start (11978 us)
[DBG] deferring start (11085 us)
[DBG] deferring start (10178 us)
[DBG] deferring start (9271 us)
[DBG] deferring start (8363 us)
[DBG] deferring start (7469 us)
[DBG] deferring start (6564 us)
[DBG] deferring start (6489 us)
[DBG] deferring start (6409 us)
[DBG] deferring start (6343 us)
[DBG] deferring start (6268 us)
[DBG] deferring start (6194 us)
[DBG] deferring start (6950 us)
[DBG] deferring start (6043 us)
[DBG] deferring start (5972 us)
[DBG] deferring start (5899 us)
[DBG] deferring start (5823 us)
[DBG] deferring start (5752 us)
[DBG] deferring start (5676 us)
[DBG] deferring start (5605 us)
[DBG] deferring start (5532 us)
[DBG] deferring start (5459 us)
[DBG] deferring start (5384 us)
[DBG] deferring start (5309 us)
[DBG] deferring start (5231 us)
[DBG] deferring start (5116 us)
[DBG] deferring start (5037 us)
[DBG] deferring start (5785 us)
[DBG] deferring start (4876 us)
[DBG] deferring start (4791 us)
[DBG] deferring start (4712 us)
[DBG] deferring start (4627 us)
[DBG] deferring start (4549 us)
[DBG] deferring start (4463 us)
[DBG] deferring start (4387 us)
[DBG] deferring start (4301 us)
[DBG] deferring start (4217 us)
[DBG] deferring start (4139 us)
[DBG] deferring start (4061 us)
[DBG] deferring start (3984 us)
[DBG] deferring start (3907 us)
[DBG] deferring start (3829 us)
[DBG] deferring start (3746 us)
[DBG] deferring start (3660 us)
[DBG] deferring start (3582 us)
[DBG] deferring start (3496 us)
[DBG] deferring start (3418 us)
[DBG] deferring start (8264 us)
[DBG] deferring start (7354 us)
[DBG] deferring start (6446 us)
[DBG] deferring start (5531 us)
[DBG] deferring start (4634 us)
[DBG] deferring start (3736 us)
[DBG] deferring start (2829 us)
[DBG] deferring start (2752 us)
[DBG] deferring start (2667 us)
[DBG] deferring start (2580 us)
[DBG] deferring start (2489 us)
[DBG] deferring start (2391 us)
[DBG] deferring start (2313 us)
[DBG] deferring start (2234 us)
[DBG] deferring start (2151 us)
[DBG] deferring start (2066 us)
[DBG] deferring start (1982 us)
[DBG] deferring start (1896 us)
[DBG] deferring start (1811 us)
[DBG] deferring start (1727 us)
[DBG] deferring start (1640 us)
[DBG] deferring start (1555 us)
[DBG] deferring start (1480 us)
[DBG] deferring start (1394 us)
[DBG] deferring start (1306 us)
[DBG] deferring start (1232 us)
[DBG] deferring start (1140 us)
[DBG] deferring start (1059 us)
[DBG] deferring start (981 us)
[DBG] deferring start (900 us)
[DBG] deferring start (823 us)
[DBG] deferring start (739 us)
[DBG] deferring start (660 us)
[DBG] deferring start (576 us)
[DBG] deferring start (500 us)
[DBG] deferring start (1250 us)
[DBG] deferring start (336 us)
[DBG] deferring start (258 us)
[DBG] deferring start (982 us)
[DBG] deferring start (73 us)
[DBG] starting late (-11 us)
[WARN] picture is too late to be displayed (missing 48 ms)
[WARN] picture is too late to be displayed (missing 44 ms)
[WARN] picture is too late to be displayed (missing 50 ms)
[WARN] picture is too late to be displayed (missing 48 ms)
[DBG] picture displayed late (missing 39 ms)
[WARN] picture is too late to be displayed (missing 48 ms)
[WARN] picture is too late to be displayed (missing 46 ms)
[WARN] picture is too late to be displayed (missing 48 ms)
[WARN] picture is too late to be displayed (missing 51 ms)
[WARN] picture is too late to be displayed (missing 51 ms)
[WARN] picture is too late to be displayed (missing 51 ms)
[WARN] picture is too late to be displayed (missing 50 ms)
[WARN] picture is too late to be displayed (missing 51 ms)
[WARN] picture is too late to be displayed (missing 51 ms)
[WARN] picture is too late to be displayed (missing 48 ms)
[WARN] picture is too late to be displayed (missing 47 ms)
[WARN] picture is too late to be displayed (missing 51 ms)
[WARN] picture is too late to be displayed (missing 51 ms)
[WARN] picture is too late to be displayed (missing 51 ms)
[WARN] picture is too late to be displayed (missing 50 ms)
[WARN] picture is too late to be displayed (missing 50 ms)
[WARN] picture is too late to be displayed (missing 46 ms)
[WARN] picture is too late to be displayed (missing 51 ms)
[WARN] picture is too late to be displayed (missing 48 ms)
[WARN] picture is too late to be displayed (missing 50 ms)
[WARN] picture is too late to be displayed (missing 47 ms)
[WARN] picture is too late to be displayed (missing 46 ms)
[WARN] picture is too late to be displayed (missing 48 ms)
[WARN] picture is too late to be displayed (missing 51 ms)
[WARN] picture is too late to be displayed (missing 49 ms)
[WARN] picture is too late to be displayed (missing 51 ms)
[WARN] picture is too late to be displayed (missing 45 ms)
[WARN] picture is too late to be displayed (missing 51 ms)
[WARN] picture is too late to be displayed (missing 47 ms)
[WARN] picture is too late to be displayed (missing 51 ms)
[WARN] picture is too late to be displayed (missing 47 ms)
[WARN] picture is too late to be displayed (missing 51 ms)
[WARN] picture is too late to be displayed (missing 49 ms)
[WARN] picture is too late to be displayed (missing 50 ms)
[WARN] picture is too late to be displayed (missing 50 ms)
[WARN] picture is too late to be displayed (missing 47 ms)
[WARN] picture is too late to be displayed (missing 47 ms)
[WARN] picture is too late to be displayed (missing 51 ms)
[WARN] picture is too late to be displayed (missing 50 ms)
[WARN] picture is too late to be displayed (missing 51 ms)
[WARN] picture is too late to be displayed (missing 51 ms)
[WARN] picture is too late to be displayed (missing 48 ms)
[WARN] picture is too late to be displayed (missing 47 ms)
[WARN] picture is too late to be displayed (missing 50 ms)
[WARN] picture is too late to be displayed (missing 51 ms)
[WARN] picture is too late to be displayed (missing 48 ms)
[WARN] picture is too late to be displayed (missing 50 ms)
[WARN] picture is too late to be displayed (missing 49 ms)
[WARN] picture is too late to be displayed (missing 51 ms)
[WARN] picture is too late to be displayed (missing 45 ms)
[WARN] picture is too late to be displayed (missing 51 ms)
[WARN] picture is too late to be displayed (missing 50 ms)
[WARN] picture is too late to be displayed (missing 48 ms)
[WARN] picture is too late to be displayed (missing 50 ms)
[WARN] picture is too late to be displayed (missing 48 ms)
[WARN] picture is too late to be displayed (missing 50 ms)
[WARN] picture is too late to be displayed (missing 50 ms)
[WARN] picture is too late to be displayed (missing 47 ms)
[WARN] picture is too late to be displayed (missing 49 ms)
[WARN] picture is too late to be displayed (missing 50 ms)
[WARN] picture is too late to be displayed (missing 47 ms)
[WARN] picture is too late to be displayed (missing 47 ms)
[WARN] picture is too late to be displayed (missing 49 ms)
[WARN] picture is too late to be displayed (missing 50 ms)
[WARN] picture is too late to be displayed (missing 51 ms)
[WARN] picture is too late to be displayed (missing 50 ms)
[WARN] picture is too late to be displayed (missing 48 ms)
[WARN] picture is too late to be displayed (missing 51 ms)
[WARN] picture is too late to be displayed (missing 47 ms)
[WARN] picture is too late to be displayed (missing 51 ms)
[WARN] picture is too late to be displayed (missing 51 ms)
[WARN] picture is too late to be displayed (missing 48 ms)
[WARN] picture is too late to be displayed (missing 49 ms)
[WARN] picture is too late to be displayed (missing 48 ms)
[WARN] picture is too late to be displayed (missing 50 ms)
[WARN] picture is too late to be displayed (missing 52 ms)
[WARN] picture is too late to be displayed (missing 48 ms)
[WARN] picture is too late to be displayed (missing 51 ms)
[WARN] picture is too late to be displayed (missing 48 ms)
[WARN] picture is too late to be displayed (missing 52 ms)
[DBG] ES_OUT_RESET_PCR called
9:08:17.791 AM [skip] +30 s (click) before=30636 ms target=60636 ms
9:08:17.808 AM [player] buffering 0.0
[DBG] SET_TIME to 60636000
[DBG] seek request to i_pos = 60636000
[DBG] seek: preroll{ track: 1, pts: 31907000, fpos: 46438498 skip: 46438498} 
[DBG] seek: preroll{ track: 2, pts: 32207000, fpos: 46705920 skip: 46705920} 
[DBG] resolving 192.168.1.250 ...
[DBG] outgoing request:
GET /stream/4 HTTP/1.1
Host: 192.168.1.250:8093
Accept: */*
Accept-Language: en_US
User-Agent: VLC/4.0.0-dev LibVLC/4.0.0-dev
If-Unmodified-Since: Sat, 18 Jul 2026 03:52:34 GMT
Range: bytes=46438481-


[DBG] incoming response:
HTTP/1.1 206 Partial Content
Accept-Ranges: bytes
Content-Length: 58436884056
Content-Range: bytes 46438481-58483322536/58483322537
Content-Type: video/x-matroska
Last-Modified: Sat, 18 Jul 2026 03:52:34 GMT
Date: Mon, 14 Sep 2026 13:08:17 GMT


[DBG] connection failed
[DBG] seek: preroll{ req: 60636001, start-pts: 31907001, start-fpos: 46438498} 
[DBG] Buffering 0%
9:08:17.946 AM [player] buffering 0.0
[DBG] Buffering 1%
[DBG] Buffering 2%
[DBG] Buffering 3%
[DBG] Buffering 4%
[DBG] Buffering 5%
[DBG] Buffering 6%
[DBG] Buffering 7%
[DBG] Buffering 8%
[DBG] Buffering 9%
[DBG] Buffering 10%
[DBG] Buffering 11%
[DBG] Buffering 12%
9:08:18.318 AM [skip] after=60636 ms
[DBG] Buffering 13%
[DBG] Buffering 14%
[DBG] Buffering 15%
[DBG] Buffering 16%
[DBG] Buffering 17%
[DBG] Buffering 18%
[DBG] Buffering 19%
[DBG] Buffering 20%
[DBG] Buffering 21%
[DBG] Buffering 22%
[DBG] Buffering 23%
[DBG] Buffering 24%
9:08:19.029 AM [skip] +30 s (click) before=60636 ms target=90636 ms
[DBG] ES_OUT_RESET_PCR called
[DBG] SET_TIME to 90636000
[DBG] seek request to i_pos = 90636000
[DBG] seek: preroll{ track: 1, pts: 39164000, fpos: 75241876 skip: 75241876} 
[DBG] seek: preroll{ track: 2, pts: 39164000, fpos: 75399593 skip: 75399593} 
[DBG] seek: preroll{ req: 90636001, start-pts: 39164001, start-fpos: 75241876} 
[DBG] Buffering 0%
9:08:19.033 AM [player] buffering 0.0
9:08:19.033 AM [player] buffering 0.0
[DBG] Buffering 1%
[DBG] Buffering 2%
[DBG] Buffering 3%
[DBG] Buffering 4%
[DBG] Buffering 5%
[DBG] Buffering 6%
9:08:19.566 AM [skip] after=90636 ms
[DBG] Buffering 7%
[DBG] Buffering 8%
[DBG] Buffering 9%
[DBG] Buffering 10%
[DBG] Buffering 11%
[DBG] Buffering 12%
[DBG] Buffering 13%
[DBG] Buffering 14%
[DBG] Buffering 15%
[DBG] Buffering 16%
[DBG] Buffering 17%
[DBG] Buffering 18%
[DBG] Buffering 19%
[DBG] Buffering 20%
[DBG] Buffering 21%
[DBG] Buffering 22%
[DBG] Buffering 23%
[DBG] Buffering 24%
[DBG] Buffering 25%
[DBG] Buffering 26%
[DBG] Buffering 27%
[DBG] Buffering 28%
[DBG] Buffering 29%
[DBG] Buffering 30%
[DBG] Buffering 31%
[DBG] Buffering 32%
[DBG] Buffering 33%
[DBG] Buffering 34%
9:08:20.259 AM [skip] +30 s (click) before=90636 ms target=120636 ms
[DBG] ES_OUT_RESET_PCR called
[DBG] SET_TIME to 120636000
[DBG] seek request to i_pos = 120636000
[DBG] seek: preroll{ track: 1, pts: 56765000, fpos: 110181735 skip: 110181735} 
[DBG] seek: preroll{ track: 2, pts: 57365000, fpos: 112493983 skip: 112493983} 
[DBG] seek: preroll{ req: 120636001, start-pts: 56765001, start-fpos: 110181735} 
[DBG] Buffering 0%
9:08:20.263 AM [player] buffering 0.0
9:08:20.263 AM [player] buffering 0.0
[DBG] Buffering 1%
[DBG] Buffering 2%
[DBG] Buffering 3%
[DBG] Buffering 4%
[DBG] Buffering 5%
[DBG] Buffering 6%
[DBG] Buffering 7%
[DBG] Buffering 8%
9:08:20.772 AM [skip] after=120636 ms
[DBG] Buffering 9%
[DBG] Buffering 10%
[DBG] Buffering 11%
[DBG] Buffering 12%
[DBG] Buffering 13%
[DBG] Buffering 14%
[DBG] Buffering 15%
9:08:21.489 AM [skip] +30 s (click) before=120636 ms target=150636 ms
[DBG] ES_OUT_RESET_PCR called
[DBG] SET_TIME to 150636000
[DBG] seek request to i_pos = 150636000
[DBG] seek: preroll{ track: 1, pts: 66233000, fpos: 144822891 skip: 144822891} 
[DBG] seek: preroll{ track: 2, pts: 67040000, fpos: 149140409 skip: 149140409} 
[DBG] resolving 192.168.1.250 ...
[DBG] outgoing request:
GET /stream/4 HTTP/1.1
Host: 192.168.1.250:8093
Accept: */*
Accept-Language: en_US
User-Agent: VLC/4.0.0-dev LibVLC/4.0.0-dev
If-Unmodified-Since: Sat, 18 Jul 2026 03:52:34 GMT
Range: bytes=144822873-


9:08:21.492 AM [player] buffering 0.0
[DBG] incoming response:
HTTP/1.1 206 Partial Content
Accept-Ranges: bytes
Content-Length: 58338499664
Content-Range: bytes 144822873-58483322536/58483322537
Content-Type: video/x-matroska
Last-Modified: Sat, 18 Jul 2026 03:52:34 GMT
Date: Mon, 14 Sep 2026 13:08:21 GMT


[DBG] connection failed
[DBG] seek: preroll{ req: 150636001, start-pts: 66233001, start-fpos: 144822891} 
9:08:21.614 AM [player] buffering 0.0
[DBG] Buffering 0%
[DBG] Buffering 1%
[DBG] Buffering 2%
9:08:22.002 AM [skip] after=150636 ms
[DBG] Buffering 3%
[DBG] Buffering 4%
[DBG] Buffering 5%
[DBG] Buffering 6%
[DBG] Buffering 7%
[DBG] Buffering 8%
9:08:22.718 AM [skip] +30 s (click) before=150636 ms target=180636 ms
[DBG] ES_OUT_RESET_PCR called
[DBG] SET_TIME to 180636000
[DBG] seek request to i_pos = 180636000
[DBG] seek: preroll{ track: 1, pts: 73240000, fpos: 174271917 skip: 174271917} 
[DBG] seek: preroll{ track: 2, pts: 73640000, fpos: 176327148 skip: 176327148} 
[DBG] seek: preroll{ req: 180636001, start-pts: 73240001, start-fpos: 174271917} 
[DBG] Buffering 0%
9:08:22.722 AM [player] buffering 0.0
9:08:22.723 AM [player] buffering 0.0
[DBG] Buffering 1%
[DBG] Buffering 2%
[DBG] Buffering 3%
9:08:23.224 AM [skip] after=180636 ms
[DBG] Buffering 4%
[DBG] Buffering 5%
[DBG] Buffering 6%
[DBG] Buffering 7%
9:08:23.953 AM [skip] +30 s (click) before=180636 ms target=210636 ms
[DBG] ES_OUT_RESET_PCR called
[DBG] SET_TIME to 210636000
[DBG] seek request to i_pos = 210636000
[DBG] seek: preroll{ track: 1, pts: 80998000, fpos: 210088010 skip: 210088010} 
[DBG] seek: preroll{ track: 2, pts: 81098000, fpos: 211163408 skip: 211163408} 
[DBG] seek: preroll{ req: 210636001, start-pts: 80998001, start-fpos: 210088010} 
[DBG] Buffering 0%
9:08:23.960 AM [player] buffering 0.0
9:08:23.960 AM [player] buffering 0.0
[DBG] Buffering 1%
[DBG] Buffering 2%
9:08:24.485 AM [skip] after=210636 ms
[DBG] Buffering 3%
[DBG] Buffering 4%
[DBG] Buffering 5%
9:08:25.182 AM [skip] +30 s (click) before=210636 ms target=240636 ms
[DBG] ES_OUT_RESET_PCR called
[DBG] SET_TIME to 240636000
[DBG] seek request to i_pos = 240636000
[DBG] seek: preroll{ track: 1, pts: 88005000, fpos: 243335906 skip: 243335906} 
[DBG] seek: preroll{ track: 2, pts: 88100000, fpos: 244182457 skip: 244182457} 
[DBG] seek: preroll{ req: 240636001, start-pts: 88005001, start-fpos: 243335906} 
[DBG] Buffering 0%
9:08:25.186 AM [player] buffering 0.0
9:08:25.186 AM [player] buffering 0.0
[DBG] Buffering 1%
[DBG] Buffering 2%
9:08:25.700 AM [skip] after=240636 ms
[DBG] Buffering 3%
[DBG] Buffering 4%
[DBG] Buffering 5%
9:08:26.413 AM [skip] +30 s (click) before=240636 ms target=270636 ms
[DBG] ES_OUT_RESET_PCR called
[DBG] SET_TIME to 270636000
[DBG] seek request to i_pos = 270636000
[DBG] seek: preroll{ track: 1, pts: 96013000, fpos: 277411665 skip: 277411665} 
[DBG] seek: preroll{ track: 2, pts: 96213000, fpos: 278509846 skip: 278509846} 
[DBG] resolving 192.168.1.250 ...
[DBG] outgoing request:
GET /stream/4 HTTP/1.1
Host: 192.168.1.250:8093
Accept: */*
Accept-Language: en_US
User-Agent: VLC/4.0.0-dev LibVLC/4.0.0-dev
If-Unmodified-Since: Sat, 18 Jul 2026 03:52:34 GMT
Range: bytes=277411647-


9:08:26.416 AM [player] buffering 0.0
[DBG] incoming response:
HTTP/1.1 206 Partial Content
Accept-Ranges: bytes
Content-Length: 58205910890
Content-Range: bytes 277411647-58483322536/58483322537
Content-Type: video/x-matroska
Last-Modified: Sat, 18 Jul 2026 03:52:34 GMT
Date: Mon, 14 Sep 2026 13:08:26 GMT


[DBG] connection failed
[DBG] seek: preroll{ req: 270636001, start-pts: 96013001, start-fpos: 277411665} 
[DBG] Buffering 0%
9:08:26.523 AM [player] buffering 0.0
[DBG] Buffering 1%
9:08:26.943 AM [skip] after=270636 ms
[DBG] Buffering 2%
[DBG] Buffering 3%
[DBG] Buffering 4%
9:08:27.645 AM [skip] +30 s (click) before=270636 ms target=300636 ms
[DBG] ES_OUT_RESET_PCR called
9:08:27.654 AM [player] buffering 0.0
[DBG] SET_TIME to 300636000
[DBG] seek request to i_pos = 300636000
[DBG] seek: preroll{ track: 1, pts: 103020000, fpos: 306485671 skip: 306485671} 
[DBG] seek: preroll{ track: 2, pts: 103219000, fpos: 308768994 skip: 308768994} 
[DBG] seek: preroll{ req: 300636001, start-pts: 103020001, start-fpos: 306485671} 
[DBG] Buffering 0%
9:08:27.655 AM [player] buffering 0.0
[DBG] Buffering 1%
9:08:28.158 AM [skip] after=300636 ms
[DBG] Buffering 2%
9:08:28.874 AM [skip] +30 s (click) before=300636 ms target=330636 ms
[DBG] ES_OUT_RESET_PCR called
[DBG] SET_TIME to 330636000
[DBG] seek request to i_pos = 330636000
[DBG] seek: preroll{ track: 1, pts: 107024000, fpos: 342705406 skip: 342705406} 
[DBG] seek: preroll{ track: 2, pts: 107123000, fpos: 344703665 skip: 344703665} 
[DBG] resolving 192.168.1.250 ...
[DBG] outgoing request:
GET /stream/4 HTTP/1.1
Host: 192.168.1.250:8093
Accept: */*
Accept-Language: en_US
User-Agent: VLC/4.0.0-dev LibVLC/4.0.0-dev
If-Unmodified-Since: Sat, 18 Jul 2026 03:52:34 GMT
Range: bytes=342705388-


9:08:28.878 AM [player] buffering 0.0
[DBG] incoming response:
HTTP/1.1 206 Partial Content
Accept-Ranges: bytes
Content-Length: 58140617149
Content-Range: bytes 342705388-58483322536/58483322537
Content-Type: video/x-matroska
Last-Modified: Sat, 18 Jul 2026 03:52:34 GMT
Date: Mon, 14 Sep 2026 13:08:28 GMT


[DBG] connection failed
[DBG] seek: preroll{ req: 330636001, start-pts: 107024001, start-fpos: 342705406} 
[DBG] Buffering 0%
9:08:29.014 AM [player] buffering 0.0
9:08:29.381 AM [skip] after=330636 ms
[DBG] Buffering 1%
[DBG] Buffering 2%
[DBG] Buffering 3%
[DBG] Buffering 4%
[DBG] Buffering 5%
[DBG] Buffering 6%
[DBG] Buffering 7%
[DBG] Buffering 8%
[DBG] Buffering 9%
[DBG] Buffering 10%
[DBG] Buffering 11%
[DBG] Buffering 12%
[DBG] Buffering 13%
[DBG] Buffering 14%
[DBG] Buffering 15%
[DBG] Buffering 16%
[DBG] Buffering 17%
[DBG] Buffering 18%
[DBG] Buffering 19%
[DBG] Buffering 20%
[DBG] Buffering 21%
[DBG] Buffering 22%
[DBG] Buffering 23%
[DBG] Buffering 24%
[DBG] Buffering 25%
[DBG] Buffering 26%
[DBG] Buffering 27%
[DBG] Buffering 28%
[DBG] Buffering 29%
[DBG] Buffering 30%
[DBG] Buffering 31%
[DBG] Buffering 32%
[DBG] Buffering 33%
[DBG] Buffering 34%
[DBG] Buffering 35%
[DBG] Buffering 36%
[DBG] Buffering 37%
[DBG] Buffering 38%
[DBG] Buffering 39%
[DBG] Buffering 40%
[DBG] Buffering 41%
[DBG] Buffering 42%
[DBG] Buffering 43%
[DBG] Buffering 44%
[DBG] Buffering 45%
[DBG] Buffering 46%
[DBG] Buffering 47%
[DBG] Buffering 48%
[DBG] Buffering 49%
[DBG] Buffering 50%
[DBG] Buffering 51%
[DBG] Buffering 52%
[DBG] Buffering 53%
[DBG] Buffering 54%
[DBG] Buffering 55%
[DBG] Buffering 56%
[DBG] Buffering 57%
[DBG] Buffering 58%
[DBG] Buffering 59%
[DBG] Buffering 60%
[DBG] Buffering 61%
[DBG] Buffering 62%
[DBG] Buffering 63%
[DBG] Buffering 64%
[DBG] Buffering 65%
[DBG] Buffering 66%
[DBG] Buffering 67%
[DBG] Buffering 68%
[DBG] Buffering 69%
[DBG] Buffering 70%
[DBG] Buffering 71%
[DBG] Buffering 72%
[DBG] Buffering 73%
[DBG] Buffering 74%
[DBG] Buffering 75%
[DBG] Buffering 76%
[DBG] Buffering 77%
[DBG] Buffering 78%
[DBG] Buffering 79%
[DBG] Buffering 80%
[DBG] Buffering 81%
[DBG] Buffering 82%
[DBG] Buffering 83%
[DBG] Buffering 84%
[DBG] Buffering 85%
[DBG] Buffering 86%
[DBG] Buffering 87%
[DBG] Buffering 88%
[DBG] Buffering 89%
[DBG] Buffering 90%
[DBG] Buffering 91%
[DBG] Buffering 92%
[DBG] Buffering 93%
[DBG] Buffering 94%
[DBG] Buffering 95%
[DBG] Buffering 96%
[DBG] Buffering 97%
[DBG] Buffering 98%
[DBG] Buffering 99%
[DBG] end of audio preroll
[DBG] end of video preroll
[DBG] Received first picture
[DBG] Stream buffering done (224681 ms in 42820 ms)
9:09:11.834 AM [player] buffering 1.0
[DBG] Decoder wait done in 0 ms
[DBG] deferring start (139895 us)
[DBG] deferring start (131917 us)
[DBG] deferring start (130602 us)
[DBG] deferring start (129480 us)
[DBG] deferring start (128308 us)
[DBG] deferring start (127164 us)
[DBG] deferring start (125965 us)
[DBG] deferring start (124416 us)
[DBG] deferring start (123284 us)
[DBG] deferring start (122201 us)
[DBG] deferring start (120475 us)
[DBG] deferring start (119221 us)
[DBG] deferring start (118148 us)
[DBG] deferring start (116944 us)
[DBG] deferring start (115909 us)
[DBG] deferring start (114879 us)
[DBG] deferring start (113834 us)
[DBG] deferring start (112793 us)
[DBG] deferring start (111763 us)
[DBG] deferring start (110565 us)
[DBG] deferring start (109406 us)
[DBG] deferring start (108347 us)
[DBG] deferring start (107275 us)
[DBG] deferring start (106214 us)
[DBG] deferring start (105098 us)
[DBG] deferring start (104008 us)
[DBG] deferring start (102866 us)
[DBG] deferring start (101753 us)
[DBG] deferring start (100701 us)
[DBG] deferring start (99590 us)
[DBG] deferring start (98506 us)
[DBG] deferring start (97476 us)
[DBG] deferring start (96425 us)
[DBG] deferring start (95428 us)
[DBG] deferring start (94436 us)
[DBG] deferring start (93425 us)
[DBG] deferring start (92354 us)
[DBG] deferring start (91311 us)
[DBG] deferring start (90282 us)
[DBG] deferring start (89246 us)
[DBG] deferring start (88205 us)
[DBG] deferring start (87146 us)
[DBG] deferring start (86107 us)
[DBG] deferring start (84960 us)
[DBG] deferring start (83926 us)
[DBG] deferring start (82922 us)
[DBG] deferring start (81914 us)
[DBG] deferring start (80906 us)
[DBG] deferring start (79890 us)
[DBG] deferring start (78866 us)
[DBG] deferring start (77841 us)
[DBG] deferring start (76821 us)
[DBG] deferring start (75808 us)
[DBG] deferring start (74794 us)
[DBG] deferring start (73785 us)
[DBG] deferring start (72762 us)
[DBG] deferring start (71764 us)
[DBG] deferring start (70767 us)
[DBG] deferring start (69785 us)
[DBG] deferring start (68742 us)
[DBG] deferring start (67761 us)
[DBG] deferring start (66788 us)
[DBG] deferring start (65812 us)
[DBG] deferring start (64844 us)
[DBG] deferring start (63852 us)
[DBG] deferring start (62871 us)
[DBG] deferring start (61846 us)
[DBG] deferring start (60855 us)
[DBG] deferring start (59889 us)
[DBG] deferring start (58893 us)
[DBG] deferring start (57869 us)
[DBG] deferring start (56870 us)
[DBG] deferring start (55876 us)
[DBG] deferring start (54905 us)
[DBG] deferring start (53910 us)
[DBG] deferring start (52922 us)
[DBG] deferring start (51928 us)
[DBG] deferring start (50948 us)
[DBG] deferring start (49959 us)
[DBG] deferring start (49770 us)
[DBG] deferring start (49595 us)
[DBG] deferring start (49406 us)
[DBG] deferring start (49228 us)
[DBG] deferring start (49066 us)
[DBG] deferring start (48890 us)
[DBG] deferring start (51123 us)
[DBG] deferring start (50146 us)
[DBG] deferring start (49176 us)
[DBG] deferring start (48207 us)
[DBG] deferring start (48040 us)
[DBG] deferring start (47851 us)
[DBG] deferring start (47664 us)
[DBG] deferring start (47473 us)
[DBG] deferring start (47276 us)
[DBG] deferring start (47909 us)
[DBG] deferring start (46928 us)
[DBG] deferring start (46767 us)
[DBG] deferring start (46605 us)
[DBG] deferring start (46446 us)
[DBG] deferring start (46289 us)
[DBG] deferring start (46121 us)
[DBG] deferring start (45953 us)
[DBG] deferring start (45798 us)
[DBG] deferring start (45632 us)
[DBG] deferring start (45491 us)
[DBG] deferring start (45356 us)
[DBG] deferring start (45215 us)
[DBG] deferring start (45070 us)
[DBG] deferring start (44929 us)
[DBG] deferring start (44759 us)
[DBG] deferring start (44623 us)
[DBG] deferring start (44481 us)
[DBG] deferring start (44329 us)
[DBG] deferring start (44116 us)
[DBG] deferring start (43905 us)
[DBG] deferring start (43763 us)
[DBG] deferring start (43609 us)
[DBG] deferring start (43462 us)
[DBG] deferring start (43313 us)
[DBG] deferring start (43164 us)
[DBG] deferring start (42972 us)
[DBG] deferring start (42762 us)
[DBG] deferring start (42601 us)
[DBG] deferring start (42442 us)
[DBG] deferring start (42282 us)
[DBG] deferring start (42128 us)
[DBG] deferring start (41973 us)
[DBG] deferring start (41804 us)
[DBG] deferring start (41649 us)
[DBG] deferring start (41499 us)
[DBG] deferring start (41349 us)
[DBG] deferring start (41178 us)
[DBG] deferring start (40987 us)
[DBG] deferring start (40834 us)
[DBG] deferring start (40694 us)
[DBG] deferring start (40530 us)
[DBG] deferring start (40372 us)
[DBG] deferring start (40233 us)
[DBG] deferring start (40079 us)
[DBG] deferring start (39925 us)
[DBG] deferring start (39767 us)
[DBG] deferring start (39564 us)
[DBG] deferring start (39398 us)
[DBG] deferring start (39246 us)
[DBG] deferring start (39094 us)
[DBG] deferring start (38945 us)
[DBG] deferring start (38802 us)
[DBG] deferring start (38621 us)
[DBG] deferring start (38440 us)
[DBG] deferring start (38286 us)
[DBG] deferring start (38130 us)
[DBG] deferring start (37966 us)
[DBG] deferring start (37808 us)
[DBG] deferring start (37641 us)
[DBG] deferring start (37504 us)
[DBG] deferring start (37350 us)
[DBG] deferring start (37220 us)
[DBG] deferring start (37081 us)
[DBG] deferring start (36949 us)
[DBG] deferring start (36823 us)
[DBG] deferring start (36687 us)
[DBG] deferring start (36550 us)
[DBG] deferring start (36419 us)
[DBG] deferring start (36285 us)
[DBG] deferring start (36918 us)
[DBG] deferring start (35958 us)
[DBG] deferring start (35819 us)
[DBG] deferring start (35687 us)
[DBG] deferring start (35552 us)
[DBG] deferring start (35415 us)
[DBG] deferring start (35284 us)
[DBG] deferring start (35111 us)
[DBG] deferring start (34980 us)
[DBG] deferring start (34845 us)
[DBG] deferring start (34714 us)
[DBG] deferring start (34569 us)
[DBG] deferring start (34442 us)
[DBG] deferring start (34296 us)
[DBG] deferring start (34166 us)
[DBG] deferring start (34030 us)
[DBG] deferring start (33904 us)
[DBG] deferring start (33784 us)
[DBG] deferring start (33661 us)
[DBG] deferring start (33533 us)
[DBG] deferring start (33401 us)
[DBG] deferring start (33273 us)
[DBG] deferring start (33148 us)
[DBG] deferring start (33014 us)
[DBG] deferring start (34486 us)
[DBG] deferring start (33546 us)
[DBG] deferring start (32604 us)
[DBG] deferring start (32486 us)
[DBG] deferring start (32359 us)
[DBG] deferring start (32234 us)
[DBG] deferring start (32105 us)
[DBG] deferring start (31978 us)
[DBG] deferring start (31859 us)
[DBG] deferring start (31722 us)
[DBG] deferring start (31593 us)
[DBG] deferring start (31467 us)
[DBG] deferring start (31345 us)
[DBG] deferring start (35278 us)
[DBG] deferring start (34327 us)
[DBG] deferring start (33377 us)
[DBG] deferring start (32423 us)
[DBG] deferring start (31488 us)
[DBG] deferring start (30550 us)
[DBG] deferring start (30411 us)
[DBG] deferring start (30265 us)
[DBG] deferring start (30105 us)
[DBG] deferring start (29962 us)
[DBG] deferring start (29841 us)
[DBG] deferring start (29722 us)
[DBG] deferring start (29600 us)
[DBG] deferring start (29470 us)
[DBG] deferring start (29338 us)
[DBG] deferring start (29218 us)
[DBG] deferring start (29091 us)
[DBG] deferring start (28968 us)
[DBG] deferring start (28822 us)
[DBG] deferring start (28667 us)
[DBG] deferring start (28530 us)
[DBG] deferring start (28407 us)
[DBG] deferring start (28278 us)
[DBG] deferring start (28151 us)
[DBG] deferring start (28026 us)
[DBG] deferring start (27900 us)
[DBG] deferring start (27767 us)
[DBG] deferring start (27637 us)
[DBG] deferring start (27509 us)
[DBG] deferring start (27394 us)
[DBG] deferring start (27228 us)
[DBG] deferring start (27099 us)
[DBG] deferring start (26970 us)
[DBG] deferring start (26847 us)
[DBG] deferring start (26725 us)
[DBG] deferring start (26609 us)
[DBG] deferring start (26493 us)
[DBG] deferring start (26350 us)
[DBG] deferring start (26220 us)
[DBG] deferring start (26094 us)
[DBG] deferring start (25955 us)
[DBG] deferring start (26614 us)
[DBG] deferring start (25664 us)
[DBG] deferring start (25527 us)
[DBG] deferring start (25385 us)
[DBG] deferring start (25259 us)
[DBG] deferring start (25135 us)
[DBG] deferring start (25013 us)
[DBG] deferring start (24893 us)
[DBG] deferring start (24781 us)
[DBG] deferring start (24631 us)
[DBG] deferring start (24501 us)
[DBG] deferring start (24370 us)
[DBG] deferring start (25026 us)
[DBG] deferring start (24089 us)
[DBG] deferring start (23955 us)
[DBG] deferring start (23834 us)
[DBG] deferring start (23722 us)
[DBG] deferring start (23609 us)
[DBG] deferring start (23492 us)
[DBG] deferring start (23381 us)
[DBG] deferring start (23261 us)
[DBG] deferring start (23136 us)
[DBG] deferring start (23843 us)
[DBG] deferring start (22904 us)
[DBG] deferring start (22791 us)
[DBG] deferring start (22676 us)
[DBG] deferring start (22570 us)
[DBG] deferring start (22454 us)
[DBG] deferring start (22341 us)
[DBG] deferring start (22229 us)
[DBG] deferring start (22113 us)
[DBG] deferring start (21997 us)
[DBG] deferring start (21883 us)
[DBG] deferring start (21774 us)
[DBG] deferring start (21656 us)
[DBG] deferring start (21543 us)
[DBG] deferring start (21422 us)
[DBG] deferring start (21303 us)
[DBG] deferring start (21162 us)
[DBG] deferring start (21006 us)
[DBG] deferring start (20893 us)
[DBG] deferring start (20782 us)
[DBG] deferring start (20664 us)
[DBG] deferring start (20532 us)
[DBG] deferring start (20416 us)
[DBG] deferring start (20296 us)
[DBG] deferring start (20185 us)
[DBG] deferring start (20051 us)
[DBG] deferring start (20723 us)
[DBG] deferring start (19789 us)
[DBG] deferring start (19681 us)
[DBG] deferring start (19564 us)
[DBG] deferring start (19454 us)
[DBG] deferring start (19342 us)
[DBG] deferring start (19231 us)
[DBG] deferring start (19122 us)
[DBG] deferring start (19004 us)
[DBG] deferring start (18901 us)
[DBG] deferring start (18797 us)
[DBG] deferring start (18689 us)
[DBG] deferring start (18584 us)
[DBG] deferring start (18480 us)
[DBG] deferring start (18366 us)
[DBG] deferring start (19044 us)
[DBG] deferring start (18119 us)
[DBG] deferring start (18021 us)
[DBG] deferring start (17917 us)
[DBG] deferring start (17817 us)
[DBG] deferring start (17716 us)
[DBG] deferring start (17602 us)
[DBG] deferring start (17501 us)
[DBG] deferring start (17401 us)
[DBG] deferring start (17282 us)
[DBG] deferring start (17150 us)
[DBG] deferring start (17054 us)
[DBG] deferring start (16948 us)
[DBG] deferring start (16850 us)
[DBG] deferring start (16752 us)
[DBG] deferring start (16650 us)
[DBG] deferring start (16544 us)
[DBG] deferring start (16445 us)
[DBG] deferring start (16343 us)
[DBG] deferring start (16248 us)
[DBG] deferring start (16152 us)
[DBG] deferring start (16051 us)
[DBG] deferring start (15950 us)
[DBG] deferring start (15845 us)
[DBG] deferring start (15750 us)
[DBG] deferring start (15644 us)
[DBG] deferring start (15546 us)
[DBG] deferring start (15438 us)
[DBG] deferring start (15344 us)
[DBG] deferring start (15247 us)
[DBG] deferring start (15148 us)
[DBG] deferring start (15055 us)
[DBG] deferring start (14962 us)
[DBG] deferring start (14864 us)
[DBG] deferring start (14767 us)
[DBG] deferring start (14670 us)
[DBG] deferring start (14570 us)
[DBG] deferring start (14473 us)
[DBG] deferring start (14373 us)
[DBG] deferring start (14277 us)
[DBG] deferring start (14183 us)
[DBG] deferring start (14091 us)
[DBG] deferring start (13986 us)
[DBG] deferring start (13889 us)
[DBG] deferring start (13790 us)
[DBG] deferring start (13692 us)
[DBG] deferring start (13595 us)
[DBG] deferring start (13495 us)
[DBG] deferring start (13396 us)
[DBG] deferring start (13299 us)
[DBG] deferring start (13200 us)
[DBG] deferring start (13101 us)
[DBG] deferring start (13003 us)
[DBG] deferring start (12908 us)
[DBG] deferring start (12809 us)
[DBG] deferring start (12712 us)
[DBG] deferring start (12614 us)
[DBG] deferring start (12517 us)
[DBG] deferring start (12421 us)
[DBG] deferring start (12323 us)
[DBG] deferring start (12223 us)
[DBG] deferring start (12129 us)
[DBG] deferring start (12036 us)
[DBG] deferring start (11940 us)
[DBG] deferring start (11850 us)
[DBG] deferring start (11765 us)
[DBG] deferring start (11671 us)
[DBG] deferring start (11587 us)
[DBG] deferring start (11494 us)
[DBG] deferring start (11400 us)
[DBG] deferring start (11319 us)
[DBG] deferring start (11228 us)
[DBG] deferring start (11143 us)
[DBG] deferring start (11061 us)
[DBG] deferring start (10970 us)
[DBG] deferring start (10883 us)
[DBG] deferring start (10788 us)
[DBG] deferring start (10697 us)
[DBG] deferring start (10603 us)
[DBG] deferring start (10520 us)
[DBG] deferring start (10423 us)
[DBG] deferring start (10328 us)
[DBG] deferring start (10238 us)
[DBG] deferring start (10149 us)
[DBG] deferring start (10054 us)
[DBG] deferring start (9961 us)
[DBG] deferring start (9857 us)
[DBG] deferring start (9763 us)
[DBG] deferring start (9672 us)
[DBG] deferring start (9578 us)
[DBG] deferring start (9484 us)
[DBG] deferring start (9389 us)
[DBG] deferring start (9294 us)
[DBG] deferring start (9201 us)
[DBG] deferring start (9116 us)
[DBG] deferring start (9009 us)
[DBG] deferring start (8909 us)
[DBG] deferring start (8819 us)
[DBG] deferring start (8726 us)
[DBG] deferring start (8631 us)
[DBG] deferring start (8538 us)
[DBG] deferring start (8447 us)
[DBG] deferring start (8348 us)
[DBG] deferring start (8258 us)
[DBG] deferring start (8171 us)
[DBG] deferring start (8073 us)
[DBG] deferring start (7982 us)
[DBG] deferring start (7888 us)
[DBG] deferring start (7795 us)
[DBG] deferring start (7703 us)
[DBG] deferring start (7610 us)
[DBG] deferring start (7518 us)
[DBG] deferring start (7428 us)
[DBG] deferring start (7333 us)
[DBG] deferring start (7236 us)
[DBG] deferring start (7143 us)
[DBG] deferring start (7055 us)
[DBG] deferring start (6959 us)
[DBG] deferring start (6867 us)
[DBG] deferring start (6782 us)
[DBG] deferring start (6687 us)
[DBG] deferring start (6596 us)
[DBG] deferring start (6503 us)
[DBG] deferring start (6410 us)
[DBG] deferring start (6318 us)
[DBG] deferring start (6232 us)
[DBG] deferring start (6141 us)
[DBG] deferring start (6059 us)
[DBG] deferring start (5975 us)
[DBG] deferring start (5887 us)
[DBG] deferring start (5799 us)
[DBG] deferring start (5716 us)
[DBG] deferring start (5632 us)
[DBG] deferring start (5546 us)
[DBG] deferring start (5453 us)
[DBG] deferring start (5367 us)
[DBG] deferring start (5280 us)
[DBG] deferring start (5192 us)
[DBG] deferring start (5103 us)
[DBG] deferring start (5017 us)
[DBG] deferring start (4928 us)
[DBG] deferring start (4844 us)
[DBG] deferring start (4758 us)
[DBG] deferring start (4670 us)
[DBG] deferring start (4582 us)
[DBG] deferring start (4499 us)
[DBG] deferring start (4410 us)
[DBG] deferring start (4321 us)
[DBG] deferring start (4239 us)
[DBG] deferring start (4153 us)
[DBG] deferring start (4064 us)
[DBG] deferring start (3976 us)
[DBG] deferring start (3891 us)
[DBG] deferring start (3802 us)
[DBG] deferring start (3715 us)
[DBG] deferring start (3631 us)
[DBG] deferring start (3548 us)
[DBG] deferring start (3466 us)
[DBG] deferring start (3384 us)
[DBG] deferring start (3295 us)
[DBG] deferring start (3213 us)
[DBG] deferring start (3131 us)
[DBG] deferring start (3042 us)
[DBG] deferring start (2955 us)
[DBG] deferring start (2866 us)
[DBG] deferring start (2777 us)
[DBG] deferring start (2686 us)
[DBG] deferring start (2599 us)
[DBG] deferring start (2509 us)
[DBG] deferring start (2422 us)
[DBG] deferring start (2334 us)
[DBG] deferring start (2236 us)
[DBG] deferring start (2140 us)
[DBG] deferring start (2057 us)
[DBG] deferring start (1970 us)
[DBG] deferring start (1886 us)
[DBG] deferring start (1808 us)
[DBG] deferring start (1730 us)
[DBG] deferring start (1645 us)
[DBG] deferring start (1568 us)
[DBG] deferring start (1488 us)
[DBG] deferring start (1403 us)
[DBG] deferring start (1318 us)
[DBG] deferring start (1238 us)
[DBG] deferring start (1163 us)
[DBG] deferring start (1086 us)
[DBG] deferring start (998 us)
[DBG] deferring start (915 us)
[DBG] deferring start (837 us)
[DBG] deferring start (749 us)
[DBG] deferring start (672 us)
[DBG] deferring start (593 us)
[DBG] deferring start (515 us)
[DBG] deferring start (431 us)
[DBG] deferring start (343 us)
[DBG] deferring start (251 us)
[DBG] deferring start (147 us)
[DBG] deferring start (64 us)
[DBG] starting late (-21 us)
[DBG] picture displayed late (missing 1 ms)
[WARN] picture is too late to be displayed (missing 45 ms)
[WARN] picture is too late to be displayed (missing 45 ms)
[WARN] picture is too late to be displayed (missing 48 ms)
[WARN] picture is too late to be displayed (missing 48 ms)
[WARN] picture is too late to be displayed (missing 48 ms)
[DBG] picture displayed late (missing 39 ms)
[WARN] picture is too late to be displayed (missing 45 ms)
[WARN] picture is too late to be displayed (missing 47 ms)
[WARN] picture is too late to be displayed (missing 47 ms)
[WARN] picture is too late to be displayed (missing 47 ms)
[WARN] picture is too late to be displayed (missing 49 ms)
[WARN] picture is too late to be displayed (missing 48 ms)
[WARN] picture is too late to be displayed (missing 49 ms)
[WARN] picture is too late to be displayed (missing 50 ms)
[WARN] picture is too late to be displayed (missing 47 ms)
[WARN] picture is too late to be displayed (missing 48 ms)
[WARN] picture is too late to be displayed (missing 47 ms)
[WARN] picture is too late to be displayed (missing 45 ms)
[WARN] picture is too late to be displayed (missing 48 ms)
[WARN] picture is too late to be displayed (missing 50 ms)
[WARN] picture is too late to be displayed (missing 47 ms)
[WARN] picture is too late to be displayed (missing 49 ms)
[WARN] picture is too late to be displayed (missing 47 ms)
[WARN] picture is too late to be displayed (missing 50 ms)
[WARN] picture is too late to be displayed (missing 48 ms)
[WARN] picture is too late to be displayed (missing 48 ms)
[WARN] picture is too late to be displayed (missing 50 ms)
[WARN] picture is too late to be displayed (missing 51 ms)
[WARN] picture is too late to be displayed (missing 47 ms)
[WARN] picture is too late to be displayed (missing 49 ms)
[WARN] picture is too late to be displayed (missing 46 ms)
[WARN] picture is too late to be displayed (missing 48 ms)
[WARN] picture is too late to be displayed (missing 49 ms)
[WARN] picture is too late to be displayed (missing 49 ms)
[WARN] picture is too late to be displayed (missing 47 ms)
[WARN] picture is too late to be displayed (missing 49 ms)
[WARN] picture is too late to be displayed (missing 48 ms)
[WARN] picture is too late to be displayed (missing 47 ms)
[WARN] picture is too late to be displayed (missing 51 ms)
[WARN] picture is too late to be displayed (missing 50 ms)
[WARN] picture is too late to be displayed (missing 49 ms)
[WARN] picture is too late to be displayed (missing 51 ms)
[WARN] picture is too late to be displayed (missing 51 ms)
[WARN] picture is too late to be displayed (missing 51 ms)
[WARN] picture is too late to be displayed (missing 50 ms)
[WARN] picture is too late to be displayed (missing 49 ms)
[WARN] picture is too late to be displayed (missing 48 ms)
[WARN] picture is too late to be displayed (missing 50 ms)
[WARN] picture is too late to be displayed (missing 51 ms)
[WARN] picture is too late to be displayed (missing 47 ms)
[WARN] picture is too late to be displayed (missing 51 ms)
[WARN] picture is too late to be displayed (missing 50 ms)
[WARN] picture is too late to be displayed (missing 49 ms)
[WARN] picture is too late to be displayed (missing 47 ms)
[WARN] picture is too late to be displayed (missing 47 ms)
[WARN] picture is too late to be displayed (missing 46 ms)
[WARN] picture is too late to be displayed (missing 50 ms)
[WARN] picture is too late to be displayed (missing 46 ms)
[WARN] picture is too late to be displayed (missing 51 ms)
[WARN] picture is too late to be displayed (missing 50 ms)
[WARN] picture is too late to be displayed (missing 52 ms)
[WARN] picture is too late to be displayed (missing 47 ms)
[WARN] picture is too late to be displayed (missing 46 ms)
[WARN] picture is too late to be displayed (missing 51 ms)
[WARN] picture is too late to be displayed (missing 49 ms)
[WARN] picture is too late to be displayed (missing 51 ms)
[WARN] picture is too late to be displayed (missing 50 ms)
[WARN] picture is too late to be displayed (missing 47 ms)
[WARN] picture is too late to be displayed (missing 50 ms)
[WARN] picture is too late to be displayed (missing 46 ms)
[WARN] picture is too late to be displayed (missing 50 ms)
[WARN] picture is too late to be displayed (missing 46 ms)
[WARN] picture is too late to be displayed (missing 48 ms)
[WARN] picture is too late to be displayed (missing 49 ms)
[WARN] picture is too late to be displayed (missing 50 ms)
[WARN] picture is too late to be displayed (missing 45 ms)
[WARN] picture is too late to be displayed (missing 50 ms)
[WARN] picture is too late to be displayed (missing 46 ms)
[WARN] picture is too late to be displayed (missing 50 ms)
[WARN] picture is too late to be displayed (missing 46 ms)
[WARN] picture is too late to be displayed (missing 48 ms)
[WARN] picture is too late to be displayed (missing 49 ms)
[WARN] picture is too late to be displayed (missing 47 ms)
[WARN] picture is too late to be displayed (missing 50 ms)
[WARN] picture is too late to be displayed (missing 49 ms)
[WARN] picture is too late to be displayed (missing 46 ms)
[WARN] picture is too late to be displayed (missing 50 ms)
[WARN] picture is too late to be displayed (missing 50 ms)
[WARN] picture is too late to be displayed (missing 50 ms)
[WARN] picture is too late to be displayed (missing 49 ms)
[WARN] picture is too late to be displayed (missing 48 ms)
[WARN] picture is too late to be displayed (missing 50 ms)
[WARN] picture is too late to be displayed (missing 45 ms)
[WARN] picture is too late to be displayed (missing 50 ms)
[WARN] picture is too late to be displayed (missing 46 ms)
[WARN] picture is too late to be displayed (missing 49 ms)
[WARN] picture is too late to be displayed (missing 49 ms)
[WARN] picture is too late to be displayed (missing 49 ms)
[WARN] picture is too late to be displayed (missing 51 ms)
[WARN] picture is too late to be displayed (missing 47 ms)
[WARN] picture is too late to be displayed (missing 50 ms)
[WARN] picture is too late to be displayed (missing 48 ms)
[WARN] picture is too late to be displayed (missing 51 ms)
[WARN] picture is too late to be displayed (missing 49 ms)
[WARN] picture is too late to be displayed (missing 51 ms)
[WARN] picture is too late to be displayed (missing 46 ms)
[WARN] picture is too late to be displayed (missing 51 ms)
[WARN] picture is too late to be displayed (missing 49 ms)
[WARN] picture is too late to be displayed (missing 51 ms)
[WARN] picture is too late to be displayed (missing 47 ms)
[WARN] picture is too late to be displayed (missing 51 ms)
[WARN] picture is too late to be displayed (missing 48 ms)
[WARN] picture is too late to be displayed (missing 51 ms)
[WARN] picture is too late to be displayed (missing 51 ms)
[WARN] picture is too late to be displayed (missing 51 ms)
[WARN] picture is too late to be displayed (missing 50 ms)
[WARN] picture is too late to be displayed (missing 48 ms)
[WARN] picture is too late to be displayed (missing 47 ms)
[WARN] picture is too late to be displayed (missing 51 ms)
[WARN] picture is too late to be displayed (missing 47 ms)
[WARN] picture is too late to be displayed (missing 51 ms)
[WARN] picture is too late to be displayed (missing 49 ms)
[WARN] picture is too late to be displayed (missing 50 ms)
[WARN] picture is too late to be displayed (missing 50 ms)
[WARN] picture is too late to be displayed (missing 47 ms)
[WARN] picture is too late to be displayed (missing 46 ms)
[WARN] picture is too late to be displayed (missing 51 ms)
[WARN] picture is too late to be displayed (missing 49 ms)
[WARN] picture is too late to be displayed (missing 48 ms)
[WARN] picture is too late to be displayed (missing 51 ms)
[WARN] picture is too late to be displayed (missing 50 ms)
[WARN] picture is too late to be displayed (missing 48 ms)
[WARN] picture is too late to be displayed (missing 50 ms)
[WARN] picture is too late to be displayed (missing 50 ms)
[WARN] picture is too late to be displayed (missing 50 ms)
[WARN] picture is too late to be displayed (missing 49 ms)
[WARN] picture is too late to be displayed (missing 51 ms)
[WARN] picture is too late to be displayed (missing 46 ms)
[WARN] picture is too late to be displayed (missing 50 ms)
[WARN] picture is too late to be displayed (missing 47 ms)
[WARN] picture is too late to be displayed (missing 50 ms)
[WARN] picture is too late to be displayed (missing 51 ms)
[WARN] picture is too late to be displayed (missing 47 ms)
[WARN] picture is too late to be displayed (missing 51 ms)
[WARN] picture is too late to be displayed (missing 50 ms)
[WARN] picture is too late to be displayed (missing 51 ms)
[WARN] picture is too late to be displayed (missing 49 ms)
[WARN] picture is too late to be displayed (missing 48 ms)
[WARN] picture is too late to be displayed (missing 50 ms)
[WARN] picture is too late to be displayed (missing 50 ms)
[WARN] picture is too late to be displayed (missing 47 ms)
[WARN] picture is too late to be displayed (missing 51 ms)
[WARN] picture is too late to be displayed (missing 50 ms)
[WARN] picture is too late to be displayed (missing 50 ms)
[WARN] picture is too late to be displayed (missing 48 ms)
[WARN] picture is too late to be displayed (missing 50 ms)
[WARN] picture is too late to be displayed (missing 48 ms)
[WARN] picture is too late to be displayed (missing 47 ms)
[WARN] picture is too late to be displayed (missing 49 ms)
[WARN] picture is too late to be displayed (missing 51 ms)
[WARN] picture is too late to be displayed (missing 51 ms)
[WARN] picture is too late to be displayed (missing 51 ms)
[WARN] picture is too late to be displayed (missing 46 ms)
[WARN] picture is too late to be displayed (missing 51 ms)
[WARN] picture is too late to be displayed (missing 50 ms)
[WARN] picture is too late to be displayed (missing 46 ms)
[WARN] picture is too late to be displayed (missing 49 ms)
[WARN] picture is too late to be displayed (missing 46 ms)
[WARN] picture is too late to be displayed (missing 50 ms)
[WARN] picture is too late to be displayed (missing 48 ms)
[WARN] picture is too late to be displayed (missing 49 ms)
[WARN] picture is too late to be displayed (missing 49 ms)
[WARN] picture is too late to be displayed (missing 47 ms)
[WARN] picture is too late to be displayed (missing 49 ms)
[WARN] picture is too late to be displayed (missing 49 ms)
[WARN] picture is too late to be displayed (missing 49 ms)
[WARN] picture is too late to be displayed (missing 47 ms)
[WARN] picture is too late to be displayed (missing 50 ms)
[WARN] picture is too late to be displayed (missing 50 ms)
[WARN] picture is too late to be displayed (missing 47 ms)
[WARN] picture is too late to be displayed (missing 47 ms)
[WARN] picture is too late to be displayed (missing 51 ms)
[WARN] picture is too late to be displayed (missing 49 ms)
[WARN] picture is too late to be displayed (missing 44 ms)
[WARN] picture is too late to be displayed (missing 50 ms)
[WARN] picture is too late to be displayed (missing 50 ms)
[WARN] picture is too late to be displayed (missing 49 ms)
[WARN] picture is too late to be displayed (missing 49 ms)
[WARN] picture is too late to be displayed (missing 48 ms)
[WARN] picture is too late to be displayed (missing 49 ms)
[WARN] picture is too late to be displayed (missing 47 ms)
[WARN] picture is too late to be displayed (missing 51 ms)
[WARN] picture is too late to be displayed (missing 48 ms)
[WARN] picture is too late to be displayed (missing 51 ms)
[WARN] picture is too late to be displayed (missing 51 ms)
[WARN] picture is too late to be displayed (missing 51 ms)
[WARN] picture is too late to be displayed (missing 50 ms)
[WARN] picture is too late to be displayed (missing 48 ms)
[WARN] picture is too late to be displayed (missing 50 ms)
[WARN] picture is too late to be displayed (missing 50 ms)
[WARN] picture is too late to be displayed (missing 51 ms)
[WARN] picture is too late to be displayed (missing 51 ms)
[WARN] picture is too late to be displayed (missing 47 ms)
[WARN] picture is too late to be displayed (missing 47 ms)
[WARN] picture is too late to be displayed (missing 51 ms)
[WARN] picture is too late to be displayed (missing 47 ms)
[WARN] picture is too late to be displayed (missing 50 ms)
[WARN] picture is too late to be displayed (missing 50 ms)
[WARN] picture is too late to be displayed (missing 47 ms)
[WARN] picture is too late to be displayed (missing 51 ms)
[WARN] picture is too late to be displayed (missing 50 ms)
[WARN] picture is too late to be displayed (missing 49 ms)
[WARN] picture is too late to be displayed (missing 47 ms)
[WARN] picture is too late to be displayed (missing 51 ms)
[WARN] picture is too late to be displayed (missing 46 ms)
[WARN] picture is too late to be displayed (missing 50 ms)
[WARN] picture is too late to be displayed (missing 51 ms)
[WARN] picture is too late to be displayed (missing 45 ms)
[WARN] picture is too late to be displayed (missing 51 ms)
[WARN] picture is too late to be displayed (missing 46 ms)
[WARN] picture is too late to be displayed (missing 51 ms)
[WARN] picture is too late to be displayed (missing 49 ms)
[WARN] picture is too late to be displayed (missing 50 ms)
[WARN] picture is too late to be displayed (missing 50 ms)
[WARN] picture is too late to be displayed (missing 49 ms)
[WARN] picture is too late to be displayed (missing 50 ms)
[WARN] picture is too late to be displayed (missing 51 ms)
[WARN] picture is too late to be displayed (missing 50 ms)
[WARN] picture is too late to be displayed (missing 50 ms)
[WARN] picture is too late to be displayed (missing 49 ms)
[WARN] picture is too late to be displayed (missing 50 ms)
[WARN] picture is too late to be displayed (missing 50 ms)
[WARN] picture is too late to be displayed (missing 46 ms)
[WARN] picture is too late to be displayed (missing 50 ms)
[WARN] picture is too late to be displayed (missing 47 ms)
[WARN] picture is too late to be displayed (missing 48 ms)
[WARN] picture is too late to be displayed (missing 50 ms)
[WARN] picture is too late to be displayed (missing 46 ms)
[WARN] picture is too late to be displayed (missing 48 ms)
[WARN] picture is too late to be displayed (missing 49 ms)
[WARN] picture is too late to be displayed (missing 50 ms)
[WARN] picture is too late to be displayed (missing 50 ms)
[WARN] picture is too late to be displayed (missing 45 ms)
[WARN] picture is too late to be displayed (missing 49 ms)
[WARN] picture is too late to be displayed (missing 48 ms)
[WARN] picture is too late to be displayed (missing 51 ms)
[WARN] picture is too late to be displayed (missing 47 ms)
[WARN] picture is too late to be displayed (missing 49 ms)
[WARN] picture is too late to be displayed (missing 49 ms)
[WARN] picture is too late to be displayed (missing 49 ms)
[WARN] picture is too late to be displayed (missing 51 ms)
[WARN] picture is too late to be displayed (missing 48 ms)
[WARN] picture is too late to be displayed (missing 46 ms)
[WARN] picture is too late to be displayed (missing 51 ms)
[WARN] picture is too late to be displayed (missing 46 ms)
[WARN] picture is too late to be displayed (missing 49 ms)
[WARN] picture is too late to be displayed (missing 49 ms)
[WARN] picture is too late to be displayed (missing 49 ms)
[WARN] picture is too late to be displayed (missing 50 ms)
[WARN] picture is too late to be displayed (missing 47 ms)
[WARN] picture is too late to be displayed (missing 48 ms)
[WARN] picture is too late to be displayed (missing 50 ms)
[WARN] picture is too late to be displayed (missing 54 ms)
[WARN] picture is too late to be displayed (missing 47 ms)
[WARN] picture is too late to be displayed (missing 48 ms)
[WARN] picture is too late to be displayed (missing 48 ms)
[WARN] picture is too late to be displayed (missing 50 ms)
[WARN] picture is too late to be displayed (missing 50 ms)
[WARN] picture is too late to be displayed (missing 51 ms)
[WARN] picture is too late to be displayed (missing 51 ms)
[WARN] picture is too late to be displayed (missing 47 ms)
[WARN] picture is too late to be displayed (missing 48 ms)
[WARN] picture is too late to be displayed (missing 49 ms)
[WARN] picture is too late to be displayed (missing 46 ms)
[WARN] picture is too late to be displayed (missing 45 ms)
[WARN] picture is too late to be displayed (missing 50 ms)
[WARN] picture is too late to be displayed (missing 51 ms)
[WARN] picture is too late to be displayed (missing 49 ms)
[WARN] picture is too late to be displayed (missing 47 ms)
[WARN] picture is too late to be displayed (missing 51 ms)
[WARN] picture is too late to be displayed (missing 48 ms)
[WARN] picture is too late to be displayed (missing 46 ms)
[WARN] picture is too late to be displayed (missing 48 ms)
[WARN] picture is too late to be displayed (missing 51 ms)
[WARN] picture is too late to be displayed (missing 50 ms)
[WARN] picture is too late to be displayed (missing 50 ms)
[WARN] picture is too late to be displayed (missing 50 ms)
[WARN] picture is too late to be displayed (missing 49 ms)
[WARN] picture is too late to be displayed (missing 51 ms)
[WARN] picture is too late to be displayed (missing 46 ms)
[WARN] picture is too late to be displayed (missing 46 ms)
[WARN] picture is too late to be displayed (missing 51 ms)
[WARN] picture is too late to be displayed (missing 50 ms)
[WARN] picture is too late to be displayed (missing 48 ms)
[WARN] picture is too late to be displayed (missing 50 ms)
[WARN] picture is too late to be displayed (missing 48 ms)
[WARN] picture is too late to be displayed (missing 50 ms)
[WARN] picture is too late to be displayed (missing 51 ms)
[WARN] picture is too late to be displayed (missing 48 ms)
[WARN] picture is too late to be displayed (missing 51 ms)
[WARN] picture is too late to be displayed (missing 49 ms)
[WARN] picture is too late to be displayed (missing 51 ms)
[WARN] picture is too late to be displayed (missing 49 ms)
[WARN] picture is too late to be displayed (missing 48 ms)
[WARN] picture is too late to be displayed (missing 49 ms)
[WARN] picture is too late to be displayed (missing 51 ms)
[WARN] picture is too late to be displayed (missing 49 ms)
[WARN] picture is too late to be displayed (missing 51 ms)
[WARN] picture is too late to be displayed (missing 47 ms)
[WARN] picture is too late to be displayed (missing 49 ms)
[WARN] picture is too late to be displayed (missing 46 ms)
[WARN] picture is too late to be displayed (missing 50 ms)
[WARN] picture is too late to be displayed (missing 51 ms)
[WARN] picture is too late to be displayed (missing 49 ms)
[WARN] picture is too late to be displayed (missing 49 ms)
[WARN] picture is too late to be displayed (missing 49 ms)
[WARN] picture is too late to be displayed (missing 45 ms)
[WARN] picture is too late to be displayed (missing 49 ms)
[WARN] picture is too late to be displayed (missing 49 ms)
[WARN] picture is too late to be displayed (missing 49 ms)
[WARN] picture is too late to be displayed (missing 51 ms)
[WARN] picture is too late to be displayed (missing 51 ms)
[WARN] picture is too late to be displayed (missing 51 ms)
[WARN] picture is too late to be displayed (missing 48 ms)
[WARN] picture is too late to be displayed (missing 49 ms)
[WARN] picture is too late to be displayed (missing 49 ms)
[WARN] picture is too late to be displayed (missing 51 ms)
[WARN] picture is too late to be displayed (missing 50 ms)
[WARN] picture is too late to be displayed (missing 51 ms)
[WARN] picture is too late to be displayed (missing 49 ms)
[WARN] picture is too late to be displayed (missing 49 ms)
[WARN] picture is too late to be displayed (missing 46 ms)
[WARN] picture is too late to be displayed (missing 47 ms)
[WARN] picture is too late to be displayed (missing 50 ms)
[WARN] picture is too late to be displayed (missing 49 ms)
[WARN] picture is too late to be displayed (missing 50 ms)
[WARN] picture is too late to be displayed (missing 45 ms)
[WARN] picture is too late to be displayed (missing 48 ms)
[WARN] picture is too late to be displayed (missing 48 ms)
[WARN] picture is too late to be displayed (missing 44 ms)
[WARN] picture is too late to be displayed (missing 46 ms)
[WARN] picture is too late to be displayed (missing 49 ms)
[WARN] picture is too late to be displayed (missing 47 ms)
[WARN] picture is too late to be displayed (missing 48 ms)
[WARN] picture is too late to be displayed (missing 45 ms)
[WARN] picture is too late to be displayed (missing 45 ms)
[WARN] picture is too late to be displayed (missing 50 ms)
[WARN] picture is too late to be displayed (missing 49 ms)
[WARN] picture is too late to be displayed (missing 50 ms)
[WARN] picture is too late to be displayed (missing 49 ms)
[WARN] picture is too late to be displayed (missing 50 ms)
[WARN] picture is too late to be displayed (missing 46 ms)
[WARN] picture is too late to be displayed (missing 48 ms)
[WARN] picture is too late to be displayed (missing 46 ms)
[WARN] picture is too late to be displayed (missing 50 ms)
[WARN] picture is too late to be displayed (missing 47 ms)
[WARN] picture is too late to be displayed (missing 49 ms)
[WARN] picture is too late to be displayed (missing 49 ms)
[WARN] picture is too late to be displayed (missing 50 ms)
[WARN] picture is too late to be displayed (missing 50 ms)
[WARN] picture is too late to be displayed (missing 51 ms)
[WARN] picture is too late to be displayed (missing 49 ms)
[WARN] picture is too late to be displayed (missing 51 ms)
[WARN] picture is too late to be displayed (missing 46 ms)
[WARN] picture is too late to be displayed (missing 48 ms)
[WARN] picture is too late to be displayed (missing 47 ms)
[WARN] picture is too late to be displayed (missing 47 ms)
[WARN] picture is too late to be displayed (missing 50 ms)
[WARN] picture is too late to be displayed (missing 51 ms)
[WARN] picture is too late to be displayed (missing 49 ms)
[WARN] picture is too late to be displayed (missing 49 ms)
[WARN] picture is too late to be displayed (missing 48 ms)
[WARN] picture is too late to be displayed (missing 50 ms)
[WARN] picture is too late to be displayed (missing 49 ms)
[WARN] picture is too late to be displayed (missing 44 ms)
[WARN] picture is too late to be displayed (missing 50 ms)
[WARN] picture is too late to be displayed (missing 49 ms)
[WARN] picture is too late to be displayed (missing 51 ms)
[WARN] picture is too late to be displayed (missing 50 ms)
[WARN] picture is too late to be displayed (missing 51 ms)
[WARN] picture is too late to be displayed (missing 51 ms)
[WARN] picture is too late to be displayed (missing 46 ms)
[WARN] picture is too late to be displayed (missing 51 ms)
[WARN] picture is too late to be displayed (missing 46 ms)
[WARN] picture is too late to be displayed (missing 51 ms)
[WARN] picture is too late to be displayed (missing 46 ms)
[WARN] picture is too late to be displayed (missing 51 ms)
[WARN] picture is too late to be displayed (missing 46 ms)
[WARN] picture is too late to be displayed (missing 50 ms)
[WARN] picture is too late to be displayed (missing 46 ms)
[WARN] picture is too late to be displayed (missing 51 ms)
[WARN] picture is too late to be displayed (missing 47 ms)
[WARN] picture is too late to be displayed (missing 50 ms)
[WARN] picture is too late to be displayed (missing 49 ms)
[WARN] picture is too late to be displayed (missing 49 ms)
[WARN] picture is too late to be displayed (missing 47 ms)
[WARN] picture is too late to be displayed (missing 50 ms)
[WARN] picture is too late to be displayed (missing 47 ms)
[WARN] picture is too late to be displayed (missing 47 ms)
[WARN] picture is too late to be displayed (missing 51 ms)
[WARN] picture is too late to be displayed (missing 48 ms)
[WARN] picture is too late to be displayed (missing 51 ms)
[WARN] picture is too late to be displayed (missing 49 ms)
[WARN] picture is too late to be displayed (missing 51 ms)
[WARN] picture is too late to be displayed (missing 45 ms)
[WARN] picture is too late to be displayed (missing 46 ms)
[WARN] picture is too late to be displayed (missing 48 ms)
[WARN] picture is too late to be displayed (missing 48 ms)
[WARN] picture is too late to be displayed (missing 47 ms)
[WARN] picture is too late to be displayed (missing 50 ms)
[WARN] picture is too late to be displayed (missing 51 ms)
[WARN] picture is too late to be displayed (missing 50 ms)
[WARN] picture is too late to be displayed (missing 49 ms)
[WARN] picture is too late to be displayed (missing 50 ms)
[WARN] picture is too late to be displayed (missing 51 ms)
[WARN] picture is too late to be displayed (missing 46 ms)
[WARN] picture is too late to be displayed (missing 47 ms)
[WARN] picture is too late to be displayed (missing 46 ms)
[WARN] picture is too late to be displayed (missing 48 ms)
[WARN] picture is too late to be displayed (missing 47 ms)
[WARN] picture is too late to be displayed (missing 48 ms)
[WARN] picture is too late to be displayed (missing 48 ms)
[WARN] picture is too late to be displayed (missing 51 ms)
[WARN] picture is too late to be displayed (missing 47 ms)
[WARN] picture is too late to be displayed (missing 46 ms)
[WARN] picture is too late to be displayed (missing 46 ms)
[WARN] picture is too late to be displayed (missing 50 ms)
[WARN] picture is too late to be displayed (missing 50 ms)
[WARN] picture is too late to be displayed (missing 48 ms)
[WARN] picture is too late to be displayed (missing 47 ms)
[WARN] picture is too late to be displayed (missing 50 ms)
[WARN] picture is too late to be displayed (missing 46 ms)
[WARN] picture is too late to be displayed (missing 48 ms)
[WARN] picture is too late to be displayed (missing 46 ms)
[WARN] picture is too late to be displayed (missing 51 ms)
[WARN] picture is too late to be displayed (missing 50 ms)
[WARN] picture is too late to be displayed (missing 48 ms)
[WARN] picture is too late to be displayed (missing 47 ms)
[WARN] picture is too late to be displayed (missing 48 ms)
[WARN] picture is too late to be displayed (missing 48 ms)
[WARN] picture is too late to be displayed (missing 51 ms)
[WARN] picture is too late to be displayed (missing 49 ms)
[WARN] picture is too late to be displayed (missing 45 ms)
[WARN] picture is too late to be displayed (missing 48 ms)
[WARN] picture is too late to be displayed (missing 50 ms)
[WARN] picture is too late to be displayed (missing 48 ms)
[WARN] picture is too late to be displayed (missing 49 ms)
[WARN] picture is too late to be displayed (missing 50 ms)
[WARN] picture is too late to be displayed (missing 46 ms)
[WARN] picture is too late to be displayed (missing 51 ms)
[WARN] picture is too late to be displayed (missing 47 ms)
[WARN] picture is too late to be displayed (missing 50 ms)
[WARN] picture is too late to be displayed (missing 49 ms)
[WARN] picture is too late to be displayed (missing 48 ms)
[WARN] picture is too late to be displayed (missing 51 ms)
[WARN] picture is too late to be displayed (missing 45 ms)
[WARN] picture is too late to be displayed (missing 51 ms)
[WARN] picture is too late to be displayed (missing 47 ms)
[WARN] picture is too late to be displayed (missing 49 ms)
[WARN] picture is too late to be displayed (missing 50 ms)
[WARN] picture is too late to be displayed (missing 51 ms)
[WARN] picture is too late to be displayed (missing 47 ms)
[WARN] picture is too late to be displayed (missing 48 ms)
[WARN] picture is too late to be displayed (missing 50 ms)
[WARN] picture is too late to be displayed (missing 49 ms)
[WARN] picture is too late to be displayed (missing 48 ms)
[WARN] picture is too late to be displayed (missing 48 ms)
[WARN] picture is too late to be displayed (missing 49 ms)
[WARN] picture is too late to be displayed (missing 51 ms)
[WARN] picture is too late to be displayed (missing 51 ms)
[WARN] picture is too late to be displayed (missing 48 ms)
[WARN] picture is too late to be displayed (missing 49 ms)
[WARN] picture is too late to be displayed (missing 51 ms)
[WARN] picture is too late to be displayed (missing 51 ms)
[WARN] picture is too late to be displayed (missing 50 ms)
[WARN] picture is too late to be displayed (missing 45 ms)
[WARN] picture is too late to be displayed (missing 49 ms)
[WARN] picture is too late to be displayed (missing 47 ms)
[WARN] picture is too late to be displayed (missing 51 ms)
[WARN] picture is too late to be displayed (missing 47 ms)
[WARN] picture is too late to be displayed (missing 51 ms)
[WARN] picture is too late to be displayed (missing 51 ms)
[WARN] picture is too late to be displayed (missing 50 ms)
[WARN] picture is too late to be displayed (missing 46 ms)
[WARN] picture is too late to be displayed (missing 48 ms)
[WARN] picture is too late to be displayed (missing 51 ms)
[WARN] picture is too late to be displayed (missing 47 ms)
[WARN] picture is too late to be displayed (missing 50 ms)
[WARN] picture is too late to be displayed (missing 47 ms)
[WARN] picture is too late to be displayed (missing 49 ms)
[WARN] picture is too late to be displayed (missing 46 ms)
[WARN] picture is too late to be displayed (missing 50 ms)
[WARN] picture is too late to be displayed (missing 47 ms)
[WARN] picture is too late to be displayed (missing 50 ms)
[WARN] picture is too late to be displayed (missing 51 ms)
[WARN] picture is too late to be displayed (missing 44 ms)
[WARN] picture is too late to be displayed (missing 48 ms)
[WARN] picture is too late to be displayed (missing 47 ms)
[WARN] picture is too late to be displayed (missing 50 ms)
[WARN] picture is too late to be displayed (missing 45 ms)
[WARN] picture is too late to be displayed (missing 48 ms)
[WARN] picture is too late to be displayed (missing 51 ms)
[WARN] picture is too late to be displayed (missing 51 ms)
[WARN] picture is too late to be displayed (missing 44 ms)
[WARN] picture is too late to be displayed (missing 51 ms)
[WARN] picture is too late to be displayed (missing 47 ms)
[WARN] picture is too late to be displayed (missing 51 ms)
[WARN] picture is too late to be displayed (missing 45 ms)
[WARN] picture is too late to be displayed (missing 48 ms)
[WARN] picture is too late to be displayed (missing 51 ms)
[WARN] picture is too late to be displayed (missing 51 ms)
[WARN] picture is too late to be displayed (missing 49 ms)
[WARN] picture is too late to be displayed (missing 47 ms)
[WARN] picture is too late to be displayed (missing 49 ms)
[WARN] picture is too late to be displayed (missing 51 ms)
[WARN] picture is too late to be displayed (missing 50 ms)
[WARN] picture is too late to be displayed (missing 50 ms)
[WARN] picture is too late to be displayed (missing 51 ms)
[WARN] picture is too late to be displayed (missing 48 ms)
[WARN] picture is too late to be displayed (missing 51 ms)
[WARN] picture is too late to be displayed (missing 47 ms)
[WARN] picture is too late to be displayed (missing 51 ms)
[WARN] picture is too late to be displayed (missing 51 ms)
[WARN] picture is too late to be displayed (missing 47 ms)
[WARN] picture is too late to be displayed (missing 51 ms)
[WARN] picture is too late to be displayed (missing 51 ms)
[WARN] picture is too late to be displayed (missing 52 ms)
[WARN] picture is too late to be displayed (missing 47 ms)
[WARN] picture is too late to be displayed (missing 51 ms)
[WARN] picture is too late to be displayed (missing 51 ms)
[WARN] picture is too late to be displayed (missing 51 ms)
[WARN] picture is too late to be displayed (missing 51 ms)
[WARN] picture is too late to be displayed (missing 46 ms)
[WARN] picture is too late to be displayed (missing 49 ms)
[WARN] picture is too late to be displayed (missing 51 ms)
[WARN] picture is too late to be displayed (missing 46 ms)
[WARN] picture is too late to be displayed (missing 51 ms)
[WARN] picture is too late to be displayed (missing 51 ms)
[WARN] picture is too late to be displayed (missing 51 ms)
[WARN] picture is too late to be displayed (missing 46 ms)
[WARN] picture is too late to be displayed (missing 45 ms)
[WARN] picture is too late to be displayed (missing 51 ms)
[WARN] picture is too late to be displayed (missing 47 ms)
[WARN] picture is too late to be displayed (missing 51 ms)
[WARN] picture is too late to be displayed (missing 51 ms)
[WARN] picture is too late to be displayed (missing 47 ms)
[WARN] picture is too late to be displayed (missing 49 ms)
[WARN] picture is too late to be displayed (missing 51 ms)
[WARN] picture is too late to be displayed (missing 51 ms)
[WARN] picture is too late to be displayed (missing 51 ms)
[WARN] picture is too late to be displayed (missing 47 ms)
[WARN] picture is too late to be displayed (missing 48 ms)
[WARN] picture is too late to be displayed (missing 51 ms)
[WARN] picture is too late to be displayed (missing 47 ms)
[WARN] picture is too late to be displayed (missing 51 ms)
[WARN] picture is too late to be displayed (missing 51 ms)
[WARN] picture is too late to be displayed (missing 51 ms)
[WARN] picture is too late to be displayed (missing 47 ms)
[WARN] picture is too late to be displayed (missing 47 ms)
[WARN] picture is too late to be displayed (missing 47 ms)
[WARN] picture is too late to be displayed (missing 51 ms)
[WARN] picture is too late to be displayed (missing 51 ms)
[WARN] picture is too late to be displayed (missing 49 ms)
[WARN] picture is too late to be displayed (missing 48 ms)
[WARN] picture is too late to be displayed (missing 51 ms)
[WARN] picture is too late to be displayed (missing 51 ms)
[WARN] picture is too late to be displayed (missing 47 ms)
[WARN] picture is too late to be displayed (missing 50 ms)
[WARN] picture is too late to be displayed (missing 47 ms)
[WARN] picture is too late to be displayed (missing 48 ms)
[WARN] picture is too late to be displayed (missing 51 ms)
[WARN] picture is too late to be displayed (missing 47 ms)
[WARN] picture is too late to be displayed (missing 51 ms)
[WARN] picture is too late to be displayed (missing 47 ms)
[WARN] picture is too late to be displayed (missing 48 ms)
[WARN] picture is too late to be displayed (missing 48 ms)
[WARN] picture is too late to be displayed (missing 49 ms)
[WARN] picture is too late to be displayed (missing 50 ms)
[WARN] picture is too late to be displayed (missing 50 ms)
[WARN] picture is too late to be displayed (missing 51 ms)
[WARN] picture is too late to be displayed (missing 47 ms)
[WARN] picture is too late to be displayed (missing 47 ms)
[WARN] picture is too late to be displayed (missing 51 ms)
[WARN] picture is too late to be displayed (missing 50 ms)
[WARN] picture is too late to be displayed (missing 50 ms)
[WARN] picture is too late to be displayed (missing 52 ms)
[WARN] picture is too late to be displayed (missing 46 ms)
[WARN] picture is too late to be displayed (missing 51 ms)
[WARN] picture is too late to be displayed (missing 47 ms)
[WARN] picture is too late to be displayed (missing 49 ms)
[WARN] picture is too late to be displayed (missing 51 ms)
[WARN] picture is too late to be displayed (missing 51 ms)
[WARN] picture is too late to be displayed (missing 49 ms)
[WARN] picture is too late to be displayed (missing 47 ms)
[WARN] picture is too late to be displayed (missing 48 ms)
[WARN] picture is too late to be displayed (missing 46 ms)
[WARN] picture is too late to be displayed (missing 49 ms)
[WARN] picture is too late to be displayed (missing 50 ms)
[WARN] picture is too late to be displayed (missing 51 ms)
[WARN] picture is too late to be displayed (missing 50 ms)
[WARN] picture is too late to be displayed (missing 46 ms)
[WARN] picture is too late to be displayed (missing 50 ms)
[WARN] picture is too late to be displayed (missing 51 ms)
[WARN] picture is too late to be displayed (missing 49 ms)
[WARN] picture is too late to be displayed (missing 48 ms)
[WARN] picture is too late to be displayed (missing 50 ms)
[WARN] picture is too late to be displayed (missing 51 ms)
[WARN] picture is too late to be displayed (missing 50 ms)
[WARN] picture is too late to be displayed (missing 49 ms)
[WARN] picture is too late to be displayed (missing 46 ms)
[WARN] picture is too late to be displayed (missing 50 ms)
[WARN] picture is too late to be displayed (missing 47 ms)
[WARN] picture is too late to be displayed (missing 51 ms)
[WARN] picture is too late to be displayed (missing 45 ms)
[WARN] picture is too late to be displayed (missing 48 ms)
[WARN] picture is too late to be displayed (missing 47 ms)
[WARN] picture is too late to be displayed (missing 45 ms)
[WARN] picture is too late to be displayed (missing 49 ms)
[WARN] picture is too late to be displayed (missing 51 ms)
[WARN] picture is too late to be displayed (missing 51 ms)
[WARN] picture is too late to be displayed (missing 49 ms)
[WARN] picture is too late to be displayed (missing 46 ms)
[WARN] picture is too late to be displayed (missing 50 ms)
[WARN] picture is too late to be displayed (missing 50 ms)
[WARN] picture is too late to be displayed (missing 50 ms)
[WARN] picture is too late to be displayed (missing 50 ms)
[WARN] picture is too late to be displayed (missing 51 ms)
[WARN] picture is too late to be displayed (missing 51 ms)
[WARN] picture is too late to be displayed (missing 47 ms)
[WARN] picture is too late to be displayed (missing 48 ms)
[WARN] picture is too late to be displayed (missing 50 ms)
[WARN] picture is too late to be displayed (missing 51 ms)
[WARN] picture is too late to be displayed (missing 46 ms)
[WARN] picture is too late to be displayed (missing 47 ms)
[WARN] picture is too late to be displayed (missing 47 ms)
[WARN] picture is too late to be displayed (missing 51 ms)
[WARN] picture is too late to be displayed (missing 50 ms)
[WARN] picture is too late to be displayed (missing 50 ms)
[WARN] picture is too late to be displayed (missing 50 ms)
[WARN] picture is too late to be displayed (missing 45 ms)
[WARN] picture is too late to be displayed (missing 47 ms)
[WARN] picture is too late to be displayed (missing 49 ms)
[WARN] picture is too late to be displayed (missing 47 ms)
[WARN] picture is too late to be displayed (missing 51 ms)
[WARN] picture is too late to be displayed (missing 45 ms)
[WARN] picture is too late to be displayed (missing 51 ms)
[WARN] picture is too late to be displayed (missing 51 ms)
[WARN] picture is too late to be displayed (missing 46 ms)
[WARN] picture is too late to be displayed (missing 48 ms)
[WARN] picture is too late to be displayed (missing 50 ms)
[WARN] picture is too late to be displayed (missing 51 ms)
[WARN] picture is too late to be displayed (missing 49 ms)
[WARN] picture is too late to be displayed (missing 51 ms)
[WARN] picture is too late to be displayed (missing 48 ms)
[WARN] picture is too late to be displayed (missing 52 ms)
[WARN] picture is too late to be displayed (missing 50 ms)
[WARN] picture is too late to be displayed (missing 51 ms)
[WARN] picture is too late to be displayed (missing 46 ms)
[WARN] picture is too late to be displayed (missing 50 ms)
[WARN] picture is too late to be displayed (missing 51 ms)
[WARN] picture is too late to be displayed (missing 50 ms)
[WARN] picture is too late to be displayed (missing 49 ms)
[WARN] picture is too late to be displayed (missing 49 ms)
[WARN] picture is too late to be displayed (missing 49 ms)
[WARN] picture is too late to be displayed (missing 45 ms)
[WARN] picture is too late to be displayed (missing 50 ms)
[WARN] picture is too late to be displayed (missing 51 ms)
[WARN] picture is too late to be displayed (missing 51 ms)
[WARN] picture is too late to be displayed (missing 50 ms)
[WARN] picture is too late to be displayed (missing 51 ms)
[WARN] picture is too late to be displayed (missing 50 ms)
[WARN] picture is too late to be displayed (missing 51 ms)
[WARN] picture is too late to be displayed (missing 50 ms)
[WARN] picture is too late to be displayed (missing 50 ms)
[WARN] picture is too late to be displayed (missing 48 ms)
[WARN] picture is too late to be displayed (missing 51 ms)
[WARN] picture is too late to be displayed (missing 46 ms)
[WARN] picture is too late to be displayed (missing 50 ms)
[WARN] picture is too late to be displayed (missing 46 ms)
[WARN] picture is too late to be displayed (missing 50 ms)
[WARN] picture is too late to be displayed (missing 51 ms)
[WARN] picture is too late to be displayed (missing 50 ms)
[WARN] picture is too late to be displayed (missing 50 ms)
[WARN] picture is too late to be displayed (missing 50 ms)
[WARN] picture is too late to be displayed (missing 51 ms)
[WARN] picture is too late to be displayed (missing 50 ms)
[WARN] picture is too late to be displayed (missing 47 ms)
[WARN] picture is too late to be displayed (missing 51 ms)
[WARN] picture is too late to be displayed (missing 50 ms)
[WARN] picture is too late to be displayed (missing 49 ms)
[WARN] picture is too late to be displayed (missing 46 ms)
[WARN] picture is too late to be displayed (missing 46 ms)
[WARN] picture is too late to be displayed (missing 49 ms)
[WARN] picture is too late to be displayed (missing 45 ms)
[WARN] picture is too late to be displayed (missing 50 ms)
[WARN] picture is too late to be displayed (missing 49 ms)
[WARN] picture is too late to be displayed (missing 49 ms)
[WARN] picture is too late to be displayed (missing 47 ms)
[WARN] picture is too late to be displayed (missing 46 ms)
[WARN] picture is too late to be displayed (missing 46 ms)
[WARN] picture is too late to be displayed (missing 49 ms)
[WARN] picture is too late to be displayed (missing 47 ms)
[WARN] picture is too late to be displayed (missing 46 ms)
[WARN] picture is too late to be displayed (missing 49 ms)
[WARN] picture is too late to be displayed (missing 49 ms)
[WARN] picture is too late to be displayed (missing 51 ms)
[WARN] picture is too late to be displayed (missing 47 ms)
[WARN] picture is too late to be displayed (missing 51 ms)
[WARN] picture is too late to be displayed (missing 45 ms)
9:12:27.595 AM [player] dismiss at 525877 ms, state Playing
9:12:27.596 AM [player] state Stopping at 525922 ms
[DBG] killing decoder fourcc `hevc'
[DBG] removing "video decoder" module "videotoolbox"
[DBG] saving a free vout
[DBG] ES track unselected: 'video/1' (fourcc: 'hevc')
9:12:27.669 AM [player] track selected type=1 selected= unselected=video/1
[DBG] killing decoder fourcc `mlpa'
[DBG] removing "audio decoder" module "avcodec"
[DBG] removing "audio packetizer" module "mlp"
[DBG] removing "audio resampler" module "soxr"
[DBG] removing "audio converter" module "audio_format"
[DBG] removing "audio filter" module "scaletempo"
[DBG] removing "audio volume" module "float_mixer"
[DBG] keeping audio output
[DBG] ES track unselected: 'audio/2' (fourcc: 'mlpa')
9:12:27.795 AM [player] track selected type=0 selected= unselected=audio/2
[DBG] removing "demux" module "mkv"
[DBG] ES track deleted: 'video/1' (fourcc: 'hevc')
[DBG] ES track deleted: 'audio/2' (fourcc: 'mlpa')
[DBG] ES track deleted: 'audio/3' (fourcc: 'a52 ')
[DBG] ES track deleted: 'audio/4' (fourcc: 'a52 ')
[DBG] ES track deleted: 'spu/5' (fourcc: 'bdpg')
[DBG] Program doesn't contain anymore ES
[DBG] removing "stream_filter" module "record"
[DBG] removing "stream_filter" module "prefetch"
[DBG] removing "access" module "http"
[DBG] connection failed
[DBG] stop free vout
9:12:27.796 AM [player] state Stopped at 525922 ms
