8:05:58.931 AM [player] request Wonder Woman — Wonder Woman (2017).mkv · 4K HDR · TrueHD 7.1 — http://192.168.1.250:8093/stream/4
8:05:58.931 AM [player] file Movies/Wonder Woman/Wonder Woman (2017).mkv 3840x2160 hdr=true video=hevc Main 10 audio=truehd 7.1, ac3 5.1(side), ac3 5.1(side)
[DBG] Creating an input for playback'4'
8:05:58.942 AM [player] play() called
[DBG] using timeshift granularity of 50 MiB
[DBG] using default timeshift path
[DBG] `http://192.168.1.250:8093/stream/4' gives access `http' demux `any' path `192.168.1.250:8093/stream/4'
[DBG] creating access: http://192.168.1.250:8093/stream/4
[DBG] looking for access module matching "http": 2 candidates
[DBG] looking for keystore module matching "any": 1 candidates
[DBG] using keystore module "keychain"
[DBG] Lookup keychain entry for server 192.168.1.250
[WARN] lookup failed (-25300: 'Item not found')
[DBG] resolving 192.168.1.250 ...
[DBG] outgoing request:
GET /stream/4 HTTP/1.1
Host: 192.168.1.250:8093
Accept: */*
Accept-Language: en_US
User-Agent: VLC/4.0.0-dev LibVLC/4.0.0-dev
Range: bytes=0-


8:05:58.952 AM [player] state Opening at 0 ms
8:05:58.952 AM [player] buffering 0.0
[DBG] incoming response:
HTTP/1.1 206 Partial Content
Accept-Ranges: bytes
Content-Length: 58483322537
Content-Range: bytes 0-58483322536/58483322537
Content-Type: video/x-matroska
Last-Modified: Sat, 18 Jul 2026 03:52:34 GMT
Date: Mon, 14 Sep 2026 12:05:58 GMT


[DBG] removing "keystore" module "keychain"
[DBG] using access module "http"
[DBG] looking for stream_filter module matching "prefetch,cache": 2 candidates
[DBG] using 16777216 bytes buffer
[DBG] using stream_filter module "prefetch"
[DBG] looking for stream_filter module matching "any": 4 candidates
[DBG] no stream_filter modules matched with name any
[DBG] looking for stream_directory module matching "any": 0 candidates
[DBG] no stream_directory modules matched with name any
[DBG] attachment of directory-extractor failed for http://192.168.1.250:8093/stream/4
[DBG] looking for stream_filter module matching "record": 1 candidates
[DBG] using stream_filter module "record"
[DBG] creating demux "any", URL: http://192.168.1.250:8093/stream/4, path: (null)
[DBG] looking for demux module matching "any": 58 candidates
[DBG] |   + Seek head
[DBG] |   - info at 1207
[DBG] |   + Information
[DBG] |   |   + TimecodeScale=1000000
[DBG] |   |   + Muxing Application=libmakemkv v1.18.4 (1.3.10/1.5.2) darwin(arm64-release)
[DBG] |   |   + Writing Application=MakeMKV v1.18.4 darwin(arm64-release)
[DBG] |   |   + Duration=8476217
[DBG] |   |   + Title=Wonder Woman
[DBG] |   |   + Date=Sat Jul 18 02:53:09 2026
[DBG] |   |   + UID=eeb254af3d3f42f7
[DBG] |   - tracks at 1370
[DBG] |   + Tracks
[DBG] |   |   + Track Entry
[DBG] |   |   |   + Track Number=1
[DBG] |   |   |   + Track UID=1
[DBG] |   |   |   + Track Type=video
[DBG] |   |   |   + Track Default=0
[DBG] |   |   |   + Track Lacing=0
[DBG] |   |   |   + Track MinCache=1
[DBG] |   |   |   + Track CodecId=V_MPEGH/ISO/HEVC
[DBG] |   |   |   + Track CodecPrivate size=140
[DBG] |   |   |   + Track Default Duration=41708
[DBG] |   |   |   + Track Video
[DBG] |   |   |   |   + width=3840
[DBG] |   |   |   |   + height=2160
[DBG] |   |   |   |   + display width=3840
[DBG] |   |   |   |   + display height=2160
[DBG] |   |   + Track Entry
[DBG] |   |   |   + Track Number=2
[DBG] |   |   |   + Track UID=2
[DBG] |   |   |   + Track Type=audio
[DBG] |   |   |   + Track Default=1
[DBG] |   |   |   + Track Lacing=1
[DBG] |   |   |   + Track CodecId=A_TRUEHD
[DBG] |   |   |   + Track Language=`eng'
[DBG] |   |   |   + Track Default Duration=833
[DBG] |   |   |   + Track Name=Surround 7.1
[DBG] |   |   |   + Track Audio
[DBG] |   |   |   |   + afreq=48000
[DBG] |   |   |   |   + achan=8
[DBG] |   |   |   |   + abits=24
[DBG] |   |   + Track Entry
[DBG] |   |   |   + Track Number=3
[DBG] |   |   |   + Track UID=3
[DBG] |   |   |   + Track Type=audio
[DBG] |   |   |   + Track Default=0
[DBG] |   |   |   + Track Lacing=1
[DBG] |   |   |   + Track CodecId=A_AC3
[DBG] |   |   |   + Track Language=`eng'
[DBG] |   |   |   + Track Default Duration=32000
[DBG] |   |   |   + Track Name=Surround 5.1
[DBG] |   |   |   + Track Audio
[DBG] |   |   |   |   + afreq=48000
[DBG] |   |   |   |   + achan=6
[DBG] |   |   + Track Entry
[DBG] |   |   |   + Track Number=4
[DBG] |   |   |   + Track UID=4
[DBG] |   |   |   + Track Type=audio
[DBG] |   |   |   + Track Default=0
[DBG] |   |   |   + Track Lacing=1
[DBG] |   |   |   + Track CodecId=A_AC3
[DBG] |   |   |   + Track Language=`eng'
[DBG] |   |   |   + Track Default Duration=32000
[DBG] |   |   |   + Track Name=Surround 5.1
[DBG] |   |   |   + Track Audio
[DBG] |   |   |   |   + afreq=48000
[DBG] |   |   |   |   + achan=6
[DBG] |   |   + Track Entry
[DBG] |   |   |   + Track Number=5
[DBG] |   |   |   + Track UID=5
[DBG] |   |   |   + Track Type=subtitle
[DBG] |   |   |   + Track Default=0
[DBG] |   |   |   + Track Lacing=0
[DBG] |   |   |   + Track CodecId=S_HDMV/PGS
[DBG] |   |   |   + Track Language=`eng'
[DBG] |   - cues at 58483154136
[DBG] resolving 192.168.1.250 ...
[DBG] outgoing request:
GET /stream/4 HTTP/1.1
Host: 192.168.1.250:8093
Accept: */*
Accept-Language: en_US
User-Agent: VLC/4.0.0-dev LibVLC/4.0.0-dev
If-Unmodified-Since: Sat, 18 Jul 2026 03:52:34 GMT
Range: bytes=58483154136-


[DBG] incoming response:
HTTP/1.1 206 Partial Content
Accept-Ranges: bytes
Content-Length: 168401
Content-Range: bytes 58483154136-58483322536/58483322537
Content-Type: video/x-matroska
Last-Modified: Sat, 18 Jul 2026 03:52:34 GMT
Date: Mon, 14 Sep 2026 12:05:59 GMT


[DBG] connection failed
[DBG] |   + Cues
[DBG] end of stream
[DBG] |   - loading cues done.
[DBG] resolving 192.168.1.250 ...
[DBG] outgoing request:
GET /stream/4 HTTP/1.1
Host: 192.168.1.250:8093
Accept: */*
Accept-Language: en_US
User-Agent: VLC/4.0.0-dev LibVLC/4.0.0-dev
If-Unmodified-Since: Sat, 18 Jul 2026 03:52:34 GMT
Range: bytes=123-


[DBG] incoming response:
HTTP/1.1 206 Partial Content
Accept-Ranges: bytes
Content-Length: 58483322414
Content-Range: bytes 123-58483322536/58483322537
Content-Type: video/x-matroska
Last-Modified: Sat, 18 Jul 2026 03:52:34 GMT
Date: Mon, 14 Sep 2026 12:05:59 GMT


[DBG] |   - chapters at 1867
[DBG] |   + Chapters
[DBG] |   |   |   + ChapterAtom (level=0)
[DBG] |   |   |   |   + ChapterUID=51a2015c4c6a68bf
[DBG] |   |   |   |   + ChapterTimeStart=0
[DBG] |   |   |   |   + ChapterFlagHidden=no
[DBG] |   |   |   |   + ChapterTimeEnd=626876250
[DBG] |   |   |   |   + ChapterDisplay
[DBG] |   |   |   |   |   + ChapterString=Chapter 01
[DBG] |   |   |   |   |   + ChapterLanguage=eng
[DBG] |   |   |   + ChapterAtom (level=0)
[DBG] |   |   |   |   + ChapterUID=c4fa5d8dea3aa499
[DBG] |   |   |   |   + ChapterTimeStart=626876250
[DBG] |   |   |   |   + ChapterFlagHidden=no
[DBG] |   |   |   |   + ChapterTimeEnd=1392182458
[DBG] |   |   |   |   + ChapterDisplay
[DBG] |   |   |   |   |   + ChapterString=Chapter 02
[DBG] |   |   |   |   |   + ChapterLanguage=eng
[DBG] |   |   |   + ChapterAtom (level=0)
[DBG] |   |   |   |   + ChapterUID=c7b4812d013bd5f5
[DBG] |   |   |   |   + ChapterTimeStart=1392182458
[DBG] |   |   |   |   + ChapterFlagHidden=no
[DBG] |   |   |   |   + ChapterTimeEnd=1990488500
[DBG] |   |   |   |   + ChapterDisplay
[DBG] |   |   |   |   |   + ChapterString=Chapter 03
[DBG] |   |   |   |   |   + ChapterLanguage=eng
[DBG] |   |   |   + ChapterAtom (level=0)
[DBG] |   |   |   |   + ChapterUID=e8e45c9bd8dc3ec3
[DBG] |   |   |   |   + ChapterTimeStart=1990488500
[DBG] |   |   |   |   + ChapterFlagHidden=no
[DBG] |   |   |   |   + ChapterTimeEnd=2635132500
[DBG] |   |   |   |   + ChapterDisplay
[DBG] |   |   |   |   |   + ChapterString=Chapter 04
[DBG] |   |   |   |   |   + ChapterLanguage=eng
[DBG] |   |   |   + ChapterAtom (level=0)
[DBG] |   |   |   |   + ChapterUID=3403ecb3e4626f89
[DBG] |   |   |   |   + ChapterTimeStart=2635132500
[DBG] |   |   |   |   + ChapterFlagHidden=no
[DBG] |   |   |   |   + ChapterTimeEnd=3265553958
[DBG] |   |   |   |   + ChapterDisplay
[DBG] |   |   |   |   |   + ChapterString=Chapter 05
[DBG] |   |   |   |   |   + ChapterLanguage=eng
[DBG] |   |   |   + ChapterAtom (level=0)
[DBG] |   |   |   |   + ChapterUID=41cdff1db36ec6c8
[DBG] |   |   |   |   + ChapterTimeStart=3265553958
[DBG] |   |   |   |   + ChapterFlagHidden=no
[DBG] |   |   |   |   + ChapterTimeEnd=4057928875
[DBG] |   |   |   |   + ChapterDisplay
[DBG] |   |   |   |   |   + ChapterString=Chapter 06
[DBG] |   |   |   |   |   + ChapterLanguage=eng
[DBG] |   |   |   + ChapterAtom (level=0)
[DBG] |   |   |   |   + ChapterUID=f3c45d12ce17a665
[DBG] |   |   |   |   + ChapterTimeStart=4057928875
[DBG] |   |   |   |   + ChapterFlagHidden=no
[DBG] |   |   |   |   + ChapterTimeEnd=4949903291
[DBG] |   |   |   |   + ChapterDisplay
[DBG] |   |   |   |   |   + ChapterString=Chapter 07
[DBG] |   |   |   |   |   + ChapterLanguage=eng
[DBG] |   |   |   + ChapterAtom (level=0)
[DBG] |   |   |   |   + ChapterUID=13535fb7c0c22a51
[DBG] |   |   |   |   + ChapterTimeStart=4949903291
[DBG] |   |   |   |   + ChapterFlagHidden=no
[DBG] |   |   |   |   + ChapterTimeEnd=5642845541
[DBG] |   |   |   |   + ChapterDisplay
[DBG] |   |   |   |   |   + ChapterString=Chapter 08
[DBG] |   |   |   |   |   + ChapterLanguage=eng
[DBG] |   |   |   + ChapterAtom (level=0)
[DBG] |   |   |   |   + ChapterUID=dd56efa8c1a99720
[DBG] |   |   |   |   + ChapterTimeStart=5642845541
[DBG] |   |   |   |   + ChapterFlagHidden=no
[DBG] |   |   |   |   + ChapterTimeEnd=6337873208
[DBG] |   |   |   |   + ChapterDisplay
[DBG] |   |   |   |   |   + ChapterString=Chapter 09
[DBG] |   |   |   |   |   + ChapterLanguage=eng
[DBG] |   |   |   + ChapterAtom (level=0)
[DBG] |   |   |   |   + ChapterUID=d8355c87bf2c7226
[DBG] |   |   |   |   + ChapterTimeStart=6337873208
[DBG] |   |   |   |   + ChapterFlagHidden=no
[DBG] |   |   |   |   + ChapterTimeEnd=7063556500
[DBG] |   |   |   |   + ChapterDisplay
[DBG] |   |   |   |   |   + ChapterString=Chapter 10
[DBG] |   |   |   |   |   + ChapterLanguage=eng
[DBG] |   |   |   + ChapterAtom (level=0)
[DBG] |   |   |   |   + ChapterUID=b9e58f4978c89894
[DBG] |   |   |   |   + ChapterTimeStart=7063556500
[DBG] |   |   |   |   + ChapterFlagHidden=no
[DBG] |   |   |   |   + ChapterTimeEnd=7841416916
[DBG] |   |   |   |   + ChapterDisplay
[DBG] |   |   |   |   |   + ChapterString=Chapter 11
[DBG] |   |   |   |   |   + ChapterLanguage=eng
[DBG] |   |   |   + ChapterAtom (level=0)
[DBG] |   |   |   |   + ChapterUID=7ec30063235a7997
[DBG] |   |   |   |   + ChapterTimeStart=7841416916
[DBG] |   |   |   |   + ChapterFlagHidden=no
[DBG] |   |   |   |   + ChapterTimeEnd=8476217750
[DBG] |   |   |   |   + ChapterDisplay
[DBG] |   |   |   |   |   + ChapterString=Chapter 12
[DBG] |   |   |   |   |   + ChapterLanguage=eng
[DBG] |   - tags at 58483320462
[DBG] resolving 192.168.1.250 ...
[DBG] outgoing request:
GET /stream/4 HTTP/1.1
Host: 192.168.1.250:8093
Accept: */*
Accept-Language: en_US
User-Agent: VLC/4.0.0-dev LibVLC/4.0.0-dev
If-Unmodified-Since: Sat, 18 Jul 2026 03:52:34 GMT
Range: bytes=58483320462-


[DBG] incoming response:
HTTP/1.1 206 Partial Content
Accept-Ranges: bytes
Content-Length: 2075
Content-Range: bytes 58483320462-58483322536/58483322537
Content-Type: video/x-matroska
Last-Modified: Sat, 18 Jul 2026 03:52:34 GMT
Date: Mon, 14 Sep 2026 12:05:59 GMT


[DBG] connection failed
[DBG] end of stream
[DBG] |   + Tags
[DBG] + Tag
[DBG] |   + Targets
[DBG] |   |   + TrackUID: 1
[DBG] |   |   + TargetType: MOVIE
[DBG] |   + Simple Tag 
[DBG] |   |   + Meta BPS: 49979184
[DBG] |   + Simple Tag 
[DBG] |   |   + Meta DURATION: 02:21:16.217750000
[DBG] |   + Simple Tag 
[DBG] |   |   + Meta NUMBER_OF_FRAMES: 203226
[DBG] |   + Simple Tag 
[DBG] |   |   + Meta NUMBER_OF_BYTES: 52954301233
[DBG] |   + Simple Tag 
[DBG] |   |   + Meta SOURCE_ID: 001011
[DBG] |   + Simple Tag 
[DBG] |   |   + Meta _STATISTICS_WRITING_APP: MakeMKV v1.18.4 darwin(arm64-release)
[DBG] |   + Simple Tag 
[DBG] |   |   + Meta _STATISTICS_WRITING_DATE_UTC: 2026-07-18 02:53:09
[DBG] |   + Simple Tag 
[DBG] |   |   + Meta _STATISTICS_TAGS: BPS DURATION NUMBER_OF_FRAMES NUMBER_OF_BYTES SOURCE_ID
[DBG] + Tag
[DBG] |   + Targets
[DBG] |   |   + TrackUID: 2
[DBG] |   |   + TargetType: MOVIE
[DBG] |   + Simple Tag 
[DBG] |   |   + Meta BPS: 4278858
[DBG] |   + Simple Tag 
[DBG] |   |   + Meta DURATION: 02:21:16.217500000
[DBG] |   + Simple Tag 
[DBG] |   |   + Meta NUMBER_OF_FRAMES: 10171461
[DBG] |   + Simple Tag 
[DBG] |   |   + Meta NUMBER_OF_BYTES: 4533566668
[DBG] |   + Simple Tag 
[DBG] |   |   + Meta SOURCE_ID: 001100
[DBG] |   + Simple Tag 
[DBG] |   |   + Meta _STATISTICS_WRITING_APP: MakeMKV v1.18.4 darwin(arm64-release)
[DBG] |   + Simple Tag 
[DBG] |   |   + Meta _STATISTICS_WRITING_DATE_UTC: 2026-07-18 02:53:09
[DBG] |   + Simple Tag 
[DBG] |   |   + Meta _STATISTICS_TAGS: BPS DURATION NUMBER_OF_FRAMES NUMBER_OF_BYTES SOURCE_ID
[DBG] + Tag
[DBG] |   + Targets
[DBG] |   |   + TrackUID: 3
[DBG] |   |   + TargetType: MOVIE
[DBG] |   + Simple Tag 
[DBG] |   |   + Meta BPS: 448000
[DBG] |   + Simple Tag 
[DBG] |   |   + Meta DURATION: 02:21:16.224000000
[DBG] |   + Simple Tag 
[DBG] |   |   + Meta NUMBER_OF_FRAMES: 264882
[DBG] |   + Simple Tag 
[DBG] |   |   + Meta NUMBER_OF_BYTES: 474668544
[DBG] |   + Simple Tag 
[DBG] |   |   + Meta SOURCE_ID: 001100
[DBG] |   + Simple Tag 
[DBG] |   |   + Meta _STATISTICS_WRITING_APP: MakeMKV v1.18.4 darwin(arm64-release)
[DBG] |   + Simple Tag 
[DBG] |   |   + Meta _STATISTICS_WRITING_DATE_UTC: 2026-07-18 02:53:09
[DBG] |   + Simple Tag 
[DBG] |   |   + Meta _STATISTICS_TAGS: BPS DURATION NUMBER_OF_FRAMES NUMBER_OF_BYTES SOURCE_ID
[DBG] + Tag
[DBG] |   + Targets
[DBG] |   |   + TrackUID: 4
[DBG] |   |   + TargetType: MOVIE
[DBG] |   + Simple Tag 
[DBG] |   |   + Meta BPS: 448000
[DBG] |   + Simple Tag 
[DBG] |   |   + Meta DURATION: 02:21:16.224000000
[DBG] |   + Simple Tag 
[DBG] |   |   + Meta NUMBER_OF_FRAMES: 264882
[DBG] |   + Simple Tag 
[DBG] |   |   + Meta NUMBER_OF_BYTES: 474668544
[DBG] |   + Simple Tag 
[DBG] |   |   + Meta SOURCE_ID: 001101
[DBG] |   + Simple Tag 
[DBG] |   |   + Meta _STATISTICS_WRITING_APP: MakeMKV v1.18.4 darwin(arm64-release)
[DBG] |   + Simple Tag 
[DBG] |   |   + Meta _STATISTICS_WRITING_DATE_UTC: 2026-07-18 02:53:09
[DBG] |   + Simple Tag 
[DBG] |   |   + Meta _STATISTICS_TAGS: BPS DURATION NUMBER_OF_FRAMES NUMBER_OF_BYTES SOURCE_ID
[DBG] + Tag
[DBG] |   + Targets
[DBG] |   |   + TrackUID: 5
[DBG] |   |   + TargetType: MOVIE
[DBG] |   + Simple Tag 
[DBG] |   |   + Meta BPS: 29579
[DBG] |   + Simple Tag 
[DBG] |   |   + Meta DURATION: 02:20:19.890645833
[DBG] |   + Simple Tag 
[DBG] |   |   + Meta NUMBER_OF_FRAMES: 3654
[DBG] |   + Simple Tag 
[DBG] |   |   + Meta NUMBER_OF_BYTES: 31131628
[DBG] |   + Simple Tag 
[DBG] |   |   + Meta SOURCE_ID: 0012A0
[DBG] |   + Simple Tag 
[DBG] |   |   + Meta _STATISTICS_WRITING_APP: MakeMKV v1.18.4 darwin(arm64-release)
[DBG] |   + Simple Tag 
[DBG] |   |   + Meta _STATISTICS_WRITING_DATE_UTC: 2026-07-18 02:53:09
[DBG] |   + Simple Tag 
[DBG] |   |   + Meta _STATISTICS_TAGS: BPS DURATION NUMBER_OF_FRAMES NUMBER_OF_BYTES SOURCE_ID
[DBG] loading tags done.
[DBG] resolving 192.168.1.250 ...
[DBG] outgoing request:
GET /stream/4 HTTP/1.1
Host: 192.168.1.250:8093
Accept: */*
Accept-Language: en_US
User-Agent: VLC/4.0.0-dev LibVLC/4.0.0-dev
If-Unmodified-Since: Sat, 18 Jul 2026 03:52:34 GMT
Range: bytes=183-


[DBG] incoming response:
HTTP/1.1 206 Partial Content
Accept-Ranges: bytes
Content-Length: 58483322354
Content-Range: bytes 183-58483322536/58483322537
Content-Type: video/x-matroska
Last-Modified: Sat, 18 Jul 2026 03:52:34 GMT
Date: Mon, 14 Sep 2026 12:05:59 GMT


[DBG] |   + Void
[DBG] |   + Information
[DBG] |   + Tracks
[DBG] |   + Chapters
[DBG] |   + Void
[DBG] |   + Cluster
[DBG] Virtual chapter  Chapter 01 from 0 to 626876250 - 
[DBG] Virtual chapter  Chapter 02 from 626876250 to 1392182458 - 
[DBG] Virtual chapter  Chapter 03 from 1392182458 to 1990488500 - 
[DBG] Virtual chapter  Chapter 04 from 1990488500 to 2635132500 - 
[DBG] Virtual chapter  Chapter 05 from 2635132500 to 3265553958 - 
[DBG] Virtual chapter  Chapter 06 from 3265553958 to 4057928875 - 
[DBG] Virtual chapter  Chapter 07 from 4057928875 to 4949903291 - 
[DBG] Virtual chapter  Chapter 08 from 4949903291 to 5642845541 - 
[DBG] Virtual chapter  Chapter 09 from 5642845541 to 6337873208 - 
[DBG] Virtual chapter  Chapter 10 from 6337873208 to 7063556500 - 
[DBG] Virtual chapter  Chapter 11 from 7063556500 to 7841416916 - 
[DBG] Virtual chapter  Chapter 12 from 7841416916 to 8476217750 - 
[DBG] Virtual chapter  from 0 to -1 - 
[DBG] NEW START CHAPTER uid=5882265559229950143
[DBG] found 5 es
[DBG] selecting program id=0
[DBG] ES track added: 'video/1' (fourcc: 'hevc')
[DBG] ES track added: 'audio/2' (fourcc: 'mlpa')
8:05:59.102 AM [player] track added video/1 type=1
[DBG] ES track added: 'audio/3' (fourcc: 'a52 ')
[DBG] ES track added: 'audio/4' (fourcc: 'a52 ')
[DBG] ES track added: 'spu/5' (fourcc: 'bdpg')
8:05:59.103 AM [player] track added audio/2 type=0
[DBG] seek: preroll{ track: 1, pts: 0, fpos: 3592 skip: 3592} 
[DBG] seek: preroll{ req: 1, start-pts: 1, start-fpos: 3592} 
[DBG] using demux module "mkv"
8:05:59.103 AM [player] track added audio/3 type=0
[DBG] looking for video decoder module matching "any": 14 candidates
8:05:59.103 AM [player] track added audio/4 type=0
8:05:59.103 AM [player] track added spu/5 type=2
8:05:59.103 AM [player] length 8476217 ms
[DBG] vout: none found
[DBG] vout change: decoder size
[DBG] vout change: visible size
[DBG] looking for text renderer module matching "freetype": 2 candidates
[DBG] using text renderer module "freetype"
[DBG] looking for video converter module matching "any": 13 candidates
[DBG] 32x32 (32x32) chroma: YUVA colorspace: Undefined -> 16x16 (16x16) chroma: RGBA colorspace: Undefined with scaling using Bicubic (good quality)
[DBG] using video converter module "swscale"
[DBG] looking for video converter module matching "any": 13 candidates
[DBG] YUVP to YUVA converter
[DBG] using video converter module "yuvp"
[DBG] Deinterlacing available
[DBG] deinterlace -1, mode auto, is_needed 0
[DBG] looking for vout window module matching "any": 2 candidates
[DBG] resized to 1920x1080
[DBG] using vout window module "uiview_window"
[DBG] looking for inhibit module matching "any": 1 candidates
[DBG] using inhibit module "uikit_inhibit"
[DBG] looking for decoder device module matching "any": 1 candidates
[DBG] using decoder device module "videotoolbox"
[DBG] new VPS parsed: 0
[DBG] new SPS parsed: 0
[DBG] new PPS parsed: 0
[WARN] forcing output chroma (kCVPixelFormatType): x420
[INF] Using Video Toolbox to decode 'hevc'
[DBG] using video decoder module "videotoolbox"
[DBG] ES track selected: 'video/1' (fourcc: 'hevc')
[DBG] looking for audio packetizer module matching "any": 11 candidates
[DBG] using audio packetizer module "mlp"
[DBG] looking for audio decoder module matching "any": 15 candidates
[DBG] reusing audio output
[ERR] too low audio sample frequency (0)
8:05:59.128 AM [player] track selected type=1 selected=video/1 unselected=
[DBG] keeping audio output
[DBG] using Lavc63.1.100
[DBG] CPU flags: 0x00062360
[DBG] codec (truehd) started
[DBG] using audio decoder module "avcodec"
[DBG] ES track selected: 'audio/2' (fourcc: 'mlpa')
[DBG] looking for meta reader module matching "any": 1 candidates
[DBG] no meta reader modules matched with name any
8:05:59.129 AM [player] track selected type=0 selected=audio/2 unselected=
[DBG] `http://192.168.1.250:8093/stream/4' successfully opened
[DBG] program(0): using clock source: 'audio'
8:05:59.129 AM [player] state Playing at 0 ms
[DBG] Buffering 0%
8:05:59.129 AM [player] buffering 0.0
[INF] MLP channels: 8 samplerate: 48000
[DBG] restarting module due to input format change
[DBG] 'decoder in/packetizer out' i_rate 0 / 48000
[DBG] 'decoder in/packetizer out' i_channels 0 / 8
[DBG] removing "audio decoder" module "avcodec"
[DBG] looking for audio decoder module matching "any": 15 candidates
[DBG] reusing audio output
[WARN] failed to start passthrough audio output, failing back to linear format
[DBG] keeping audio output
[DBG] using Lavc63.1.100
[DBG] CPU flags: 0x00062360
[DBG] codec (truehd) started
[DBG] using audio decoder module "avcodec"
[DBG] reusing audio output
[DBG] Buffering 4%
[DBG] Buffering 9%
[DBG] Buffering 16%
[DBG] Buffering 20%
[DBG] Buffering 29%
[DBG] Buffering 37%
[DBG] Buffering 41%
[DBG] session accepted first frame 1
[DBG] Buffering 49%
[DBG] Buffering 58%
[DBG] Buffering 62%
[DBG] Buffering 69%
[DBG] Buffering 79%
[DBG] Buffering 83%
[DBG] Buffering 89%
[DBG] output chroma (kCVPixelFormatType): x420
[DBG] vout change: chroma
[DBG] requested window size: 3840x2160
[DBG] deinterlace -1, mode auto, is_needed 0
[DBG] Opening vout display wrapper
[DBG] looking for vout display module matching "any": 3 candidates
[DBG] using vout display module "samplebufferdisplay"
[DBG] original format sz 3840x2160, of (0,0), vsz 3840x2160, 4cc CVPP, sar 1:1, orient: normal
[DBG] removing "text renderer" module "freetype"
[DBG] looking for text renderer module matching "freetype": 2 candidates
[DBG] using text renderer module "freetype"
[DBG] requested window size: 3840x2160
[DBG] resetting projection_mode to 0
[DBG] setting projection_mode to 0
8:05:59.149 AM [player] buffering 1.0
[DBG] Stream buffering done (1000 ms in 19 ms)
[DBG] Received first picture
[DBG] resized to 3840x2160
[DBG] Output on HDMI, channel count: 8
[DBG] swapping Surround and RearSurround channels for 7.1 Rear Surround
[DBG] VLC keeping the same input layout
[DBG] output 'f32l' 48000 Hz 3F2M2R/LFE frame=1 samples/32 bytes
[DBG] looking for audio volume module matching "any": 2 candidates
[DBG] using audio volume module "float_mixer"
[DBG] input 's32l' 48000 Hz 3F2M2R/LFE frame=1 samples/32 bytes
[DBG] looking for audio filter module matching "scaletempo": 1 candidates
[DBG] format: 48000 rate, 8 nch, 4 bps, fl32
[DBG] params: 30 stride, 0.200 overlap, 14 search
[DBG] 1.000 scale, 1440.000 stride_in, 1440 stride_out, 1152 standing, 288 overlap, 672 search, 2400 queue, fl32 mode
[DBG] using audio filter module "scaletempo"
[DBG] conversion: 's32l'->'f32l' 48000 Hz->48000 Hz 3F2M2R/LFE->3F2M2R/LFE
[DBG] looking for audio converter module matching "any": 8 candidates
[DBG] s32l->f32l, bits per sample: 32->32
[DBG] using audio converter module "audio_format"
[DBG] conversion pipeline complete
[DBG] conversion: 'f32l'->'f32l' 48000 Hz->48000 Hz 3F2M2R/LFE->3F2M2R/LFE
[DBG] conversion pipeline complete
[DBG] looking for audio resampler module matching "soxr": 2 candidates
[DBG] Using SoX Resampler with 'cr32s' engine and 'Medium 16-bit with medium roll-off' quality to convert f32l/48000Hz to f32l/48000Hz.
[DBG] using audio resampler module "soxr"
[DBG] Decoder wait done in 71 ms
[DBG] deferring start (81336 us)
[DBG] deferring start (76394 us)
[DBG] deferring start (75352 us)
[DBG] deferring start (74414 us)
[DBG] deferring start (74278 us)
[DBG] deferring start (74945 us)
[DBG] deferring start (73960 us)
[DBG] deferring start (80326 us)
[DBG] deferring start (79391 us)
[DBG] deferring start (78455 us)
[DBG] deferring start (77527 us)
[DBG] deferring start (76585 us)
[DBG] deferring start (75643 us)
[DBG] deferring start (74727 us)
[DBG] deferring start (73789 us)
[DBG] deferring start (72864 us)
[DBG] deferring start (76855 us)
[DBG] deferring start (75928 us)
[DBG] deferring start (75002 us)
[DBG] deferring start (74061 us)
[DBG] deferring start (73121 us)
[DBG] deferring start (72205 us)
[DBG] deferring start (77866 us)
[DBG] deferring start (76849 us)
[DBG] deferring start (75943 us)
[DBG] deferring start (75011 us)
[DBG] deferring start (73893 us)
[DBG] deferring start (72955 us)
[DBG] deferring start (72036 us)
[DBG] deferring start (71121 us)
[DBG] deferring start (76761 us)
[DBG] deferring start (75841 us)
[DBG] deferring start (74901 us)
[DBG] deferring start (73977 us)
[DBG] deferring start (73056 us)
[DBG] deferring start (72140 us)
[DBG] deferring start (71225 us)
[DBG] deferring start (70307 us)
[DBG] deferring start (75970 us)
[DBG] deferring start (74989 us)
[DBG] deferring start (74012 us)
[DBG] deferring start (73003 us)
[DBG] deferring start (72083 us)
[DBG] deferring start (71155 us)
[DBG] deferring start (70235 us)
[DBG] deferring start (69329 us)
[DBG] deferring start (69244 us)
[DBG] deferring start (69156 us)
[DBG] deferring start (69065 us)
[DBG] deferring start (68973 us)
[DBG] deferring start (68881 us)
[DBG] deferring start (68793 us)
[DBG] deferring start (68708 us)
[DBG] deferring start (71082 us)
[DBG] deferring start (70179 us)
[DBG] deferring start (69249 us)
[DBG] deferring start (68345 us)
[DBG] deferring start (68257 us)
[DBG] deferring start (68173 us)
[DBG] deferring start (68085 us)
[DBG] deferring start (68004 us)
[DBG] deferring start (67923 us)
[DBG] deferring start (67839 us)
[DBG] deferring start (67759 us)
[DBG] deferring start (67672 us)
[DBG] deferring start (67591 us)
[DBG] deferring start (67511 us)
[DBG] deferring start (67436 us)
[DBG] deferring start (67348 us)
[DBG] deferring start (67227 us)
[DBG] deferring start (67141 us)
[DBG] deferring start (67050 us)
[DBG] deferring start (66968 us)
[DBG] deferring start (66886 us)
[DBG] deferring start (66803 us)
[DBG] deferring start (66721 us)
[DBG] deferring start (66642 us)
[DBG] deferring start (66560 us)
[DBG] deferring start (66481 us)
[DBG] deferring start (66390 us)
[DBG] deferring start (73707 us)
[DBG] deferring start (72695 us)
[DBG] deferring start (71744 us)
[DBG] deferring start (70815 us)
[DBG] deferring start (69914 us)
[DBG] deferring start (69015 us)
[DBG] deferring start (68115 us)
[DBG] deferring start (67216 us)
[DBG] deferring start (66318 us)
[DBG] deferring start (65420 us)
[DBG] deferring start (65348 us)
[DBG] deferring start (65267 us)
[DBG] deferring start (70139 us)
[DBG] deferring start (69236 us)
[DBG] deferring start (68338 us)
[DBG] deferring start (67438 us)
[DBG] deferring start (66542 us)
[DBG] deferring start (65567 us)
[DBG] deferring start (64595 us)
[DBG] deferring start (64486 us)
[DBG] deferring start (69369 us)
[DBG] deferring start (68469 us)
[DBG] deferring start (67571 us)
[DBG] deferring start (66674 us)
[DBG] deferring start (65773 us)
[DBG] deferring start (64876 us)
[DBG] deferring start (63976 us)
[DBG] deferring start (63897 us)
[DBG] deferring start (63821 us)
[DBG] deferring start (63745 us)
[DBG] deferring start (63668 us)
[DBG] deferring start (63589 us)
[DBG] deferring start (63514 us)
[DBG] deferring start (63437 us)
[DBG] deferring start (63357 us)
[DBG] deferring start (63281 us)
[DBG] deferring start (64820 us)
[DBG] deferring start (63921 us)
[DBG] deferring start (63021 us)
[DBG] deferring start (62941 us)
[DBG] deferring start (62868 us)
[DBG] deferring start (62786 us)
[DBG] deferring start (68481 us)
[DBG] deferring start (67582 us)
[DBG] deferring start (66684 us)
[DBG] deferring start (65784 us)
[DBG] deferring start (64886 us)
[DBG] deferring start (63988 us)
[DBG] deferring start (63088 us)
[DBG] deferring start (62189 us)
[DBG] deferring start (62103 us)
[DBG] deferring start (62025 us)
[DBG] deferring start (61947 us)
[DBG] deferring start (61869 us)
[DBG] deferring start (61791 us)
[DBG] deferring start (61713 us)
[DBG] deferring start (61637 us)
[DBG] deferring start (61559 us)
[DBG] deferring start (61483 us)
[DBG] deferring start (61405 us)
[DBG] deferring start (61328 us)
[DBG] deferring start (61245 us)
[DBG] deferring start (61166 us)
[DBG] deferring start (61090 us)
[DBG] deferring start (68418 us)
[DBG] deferring start (67495 us)
[DBG] deferring start (66535 us)
[DBG] deferring start (65613 us)
[DBG] deferring start (64674 us)
[DBG] deferring start (63728 us)
[DBG] deferring start (62822 us)
[DBG] deferring start (61913 us)
[DBG] deferring start (61003 us)
[DBG] deferring start (60104 us)
[DBG] deferring start (60019 us)
[DBG] deferring start (59942 us)
[DBG] deferring start (59863 us)
[DBG] deferring start (59795 us)
[DBG] deferring start (59717 us)
[DBG] deferring start (59640 us)
[DBG] deferring start (59563 us)
[DBG] deferring start (59477 us)
[DBG] deferring start (59385 us)
[DBG] deferring start (59301 us)
[DBG] deferring start (59208 us)
[DBG] deferring start (59118 us)
[DBG] deferring start (59836 us)
[DBG] deferring start (58935 us)
[DBG] deferring start (58859 us)
[DBG] deferring start (58783 us)
[DBG] deferring start (58704 us)
[DBG] deferring start (58629 us)
[DBG] deferring start (58554 us)
[DBG] deferring start (58478 us)
[DBG] deferring start (58402 us)
[DBG] deferring start (58326 us)
[DBG] deferring start (58246 us)
[DBG] deferring start (58167 us)
[DBG] deferring start (58100 us)
[DBG] deferring start (58018 us)
[DBG] deferring start (57903 us)
[DBG] deferring start (57825 us)
[DBG] deferring start (57746 us)
[DBG] deferring start (57672 us)
[DBG] deferring start (57592 us)
[DBG] deferring start (57488 us)
[DBG] deferring start (57409 us)
[DBG] deferring start (57338 us)
[DBG] deferring start (57246 us)
[DBG] deferring start (62122 us)
[DBG] deferring start (61216 us)
[DBG] deferring start (60317 us)
[DBG] deferring start (59416 us)
[DBG] deferring start (58517 us)
[DBG] deferring start (57618 us)
[DBG] deferring start (56722 us)
[DBG] deferring start (56648 us)
[DBG] deferring start (56566 us)
[DBG] deferring start (56485 us)
[DBG] deferring start (56417 us)
[DBG] deferring start (56327 us)
[DBG] deferring start (65329 us)
[DBG] deferring start (64421 us)
[DBG] deferring start (63512 us)
[DBG] deferring start (62609 us)
[DBG] deferring start (61701 us)
[DBG] deferring start (60793 us)
[DBG] deferring start (59881 us)
[DBG] deferring start (58966 us)
[DBG] deferring start (58033 us)
[DBG] deferring start (57125 us)
[DBG] deferring start (56225 us)
[DBG] deferring start (55318 us)
[DBG] deferring start (55233 us)
[DBG] deferring start (55149 us)
[DBG] deferring start (55063 us)
[DBG] deferring start (54973 us)
[DBG] deferring start (54894 us)
[DBG] deferring start (54805 us)
[DBG] deferring start (54703 us)
[DBG] deferring start (59580 us)
[DBG] deferring start (58675 us)
[DBG] deferring start (57763 us)
[DBG] deferring start (56852 us)
[DBG] deferring start (55936 us)
[DBG] deferring start (55011 us)
[DBG] deferring start (54109 us)
[DBG] deferring start (54027 us)
[DBG] deferring start (53948 us)
[DBG] deferring start (53869 us)
[DBG] deferring start (53788 us)
[DBG] deferring start (53708 us)
[DBG] deferring start (53629 us)
[DBG] deferring start (53529 us)
[DBG] deferring start (53433 us)
[DBG] deferring start (53346 us)
[DBG] deferring start (53265 us)
[DBG] deferring start (53183 us)
[DBG] deferring start (53099 us)
[DBG] deferring start (53019 us)
[DBG] deferring start (52937 us)
[DBG] deferring start (52854 us)
[DBG] deferring start (52765 us)
[DBG] deferring start (52684 us)
[DBG] deferring start (52589 us)
[DBG] deferring start (52505 us)
[DBG] deferring start (52423 us)
[DBG] deferring start (52265 us)
[DBG] deferring start (52180 us)
[DBG] deferring start (52098 us)
[DBG] deferring start (52019 us)
[DBG] deferring start (51938 us)
[DBG] deferring start (51857 us)
[DBG] deferring start (51778 us)
[DBG] deferring start (51697 us)
[DBG] deferring start (51618 us)
[DBG] deferring start (51539 us)
[DBG] deferring start (51455 us)
[DBG] deferring start (51372 us)
[DBG] deferring start (51287 us)
[DBG] deferring start (54487 us)
[DBG] deferring start (53586 us)
[DBG] deferring start (52683 us)
[DBG] deferring start (51780 us)
[DBG] deferring start (50876 us)
[DBG] deferring start (50797 us)
[DBG] deferring start (50715 us)
[DBG] deferring start (50637 us)
[DBG] deferring start (50555 us)
[DBG] deferring start (50468 us)
[DBG] deferring start (50389 us)
[DBG] deferring start (50310 us)
[DBG] deferring start (50226 us)
[DBG] deferring start (50143 us)
[DBG] deferring start (50061 us)
[DBG] deferring start (49973 us)
[DBG] deferring start (49892 us)
[DBG] deferring start (49814 us)
[DBG] deferring start (49727 us)
[DBG] deferring start (49646 us)
[DBG] deferring start (53656 us)
[DBG] deferring start (52751 us)
[DBG] deferring start (51849 us)
[DBG] deferring start (50948 us)
[DBG] deferring start (50046 us)
[DBG] deferring start (49142 us)
[DBG] deferring start (49064 us)
[DBG] deferring start (48983 us)
[DBG] deferring start (48904 us)
[DBG] deferring start (48825 us)
[DBG] deferring start (48743 us)
[DBG] deferring start (48657 us)
[DBG] deferring start (48572 us)
[DBG] deferring start (48500 us)
[DBG] deferring start (48417 us)
[DBG] deferring start (48336 us)
[DBG] deferring start (48206 us)
[DBG] deferring start (48115 us)
[DBG] deferring start (48038 us)
[DBG] deferring start (47951 us)
[DBG] deferring start (47878 us)
[DBG] deferring start (47800 us)
[DBG] deferring start (47718 us)
[DBG] deferring start (47637 us)
[DBG] deferring start (47550 us)
[DBG] deferring start (47457 us)
[DBG] deferring start (47365 us)
[DBG] deferring start (47276 us)
[DBG] deferring start (47186 us)
[DBG] deferring start (47098 us)
[DBG] deferring start (47011 us)
[DBG] deferring start (46857 us)
[DBG] deferring start (46740 us)
[DBG] deferring start (46656 us)
[DBG] deferring start (46562 us)
[DBG] deferring start (46482 us)
[DBG] deferring start (46388 us)
[DBG] deferring start (48739 us)
[DBG] deferring start (47829 us)
[DBG] deferring start (46920 us)
[DBG] deferring start (46011 us)
[DBG] deferring start (45931 us)
[DBG] deferring start (45846 us)
[DBG] deferring start (45757 us)
[DBG] deferring start (45674 us)
[DBG] deferring start (45593 us)
[DBG] deferring start (45503 us)
[DBG] deferring start (45415 us)
[DBG] deferring start (45306 us)
[DBG] deferring start (45217 us)
[DBG] deferring start (45129 us)
[DBG] deferring start (45043 us)
[DBG] deferring start (44951 us)
[DBG] deferring start (44868 us)
[DBG] deferring start (44787 us)
[DBG] deferring start (44703 us)
[DBG] deferring start (44616 us)
[DBG] deferring start (44539 us)
[DBG] deferring start (44452 us)
[DBG] deferring start (44369 us)
[DBG] deferring start (44282 us)
[DBG] deferring start (44192 us)
[DBG] deferring start (44104 us)
[DBG] deferring start (44020 us)
[DBG] deferring start (43897 us)
[DBG] deferring start (43805 us)
[DBG] deferring start (43716 us)
[DBG] deferring start (43634 us)
[DBG] deferring start (43536 us)
[DBG] deferring start (43427 us)
[DBG] deferring start (43341 us)
[DBG] deferring start (43261 us)
[DBG] deferring start (43185 us)
[DBG] deferring start (43108 us)
[DBG] deferring start (43033 us)
[DBG] deferring start (42955 us)
[DBG] deferring start (42877 us)
[DBG] deferring start (42799 us)
[DBG] deferring start (42726 us)
[DBG] deferring start (42641 us)
[DBG] deferring start (42565 us)
[DBG] deferring start (42485 us)
[DBG] deferring start (42387 us)
[DBG] deferring start (42310 us)
[DBG] deferring start (43061 us)
[DBG] deferring start (42152 us)
[DBG] deferring start (42076 us)
[DBG] deferring start (42828 us)
[DBG] deferring start (41916 us)
[DBG] deferring start (44307 us)
[DBG] deferring start (43399 us)
[DBG] deferring start (42487 us)
[DBG] deferring start (41579 us)
[DBG] deferring start (41506 us)
[DBG] deferring start (41431 us)
[DBG] deferring start (41355 us)
[DBG] deferring start (41277 us)
[DBG] deferring start (41191 us)
[DBG] deferring start (41106 us)
[DBG] deferring start (41021 us)
[DBG] deferring start (40932 us)
[DBG] deferring start (40853 us)
[DBG] deferring start (40752 us)
[DBG] deferring start (40674 us)
[DBG] deferring start (40600 us)
[DBG] deferring start (40523 us)
[DBG] deferring start (40436 us)
[DBG] deferring start (40356 us)
[DBG] deferring start (40270 us)
[DBG] deferring start (40184 us)
[DBG] deferring start (40107 us)
[DBG] deferring start (40854 us)
[DBG] deferring start (39952 us)
[DBG] deferring start (39867 us)
[DBG] deferring start (40620 us)
[DBG] deferring start (39712 us)
[DBG] deferring start (39637 us)
[DBG] deferring start (40377 us)
[DBG] deferring start (39469 us)
[DBG] deferring start (39393 us)
[DBG] deferring start (39307 us)
[DBG] deferring start (39230 us)
[DBG] deferring start (42414 us)
[DBG] deferring start (41507 us)
[DBG] deferring start (40600 us)
[DBG] deferring start (39692 us)
[DBG] deferring start (38786 us)
[DBG] deferring start (38707 us)
[DBG] deferring start (38626 us)
[DBG] deferring start (38550 us)
[DBG] deferring start (38463 us)
[DBG] deferring start (38384 us)
[DBG] deferring start (39133 us)
[DBG] deferring start (38225 us)
[DBG] deferring start (38149 us)
[DBG] deferring start (38073 us)
[DBG] deferring start (37990 us)
[DBG] deferring start (40376 us)
[DBG] deferring start (39469 us)
[DBG] deferring start (38562 us)
[DBG] deferring start (37648 us)
[DBG] deferring start (37572 us)
[DBG] deferring start (37494 us)
[DBG] deferring start (38245 us)
[DBG] deferring start (37337 us)
[DBG] deferring start (37259 us)
[DBG] deferring start (38010 us)
[DBG] deferring start (37103 us)
[DBG] deferring start (37023 us)
[DBG] deferring start (36946 us)
[DBG] deferring start (36870 us)
[DBG] deferring start (37619 us)
[DBG] deferring start (36711 us)
[DBG] deferring start (36635 us)
[DBG] deferring start (36556 us)
[DBG] deferring start (36472 us)
[DBG] deferring start (36391 us)
[DBG] deferring start (36312 us)
[DBG] deferring start (36228 us)
[DBG] deferring start (36151 us)
[DBG] deferring start (36061 us)
[DBG] deferring start (35988 us)
[DBG] deferring start (35883 us)
[DBG] deferring start (35811 us)
[DBG] deferring start (35739 us)
[DBG] deferring start (35661 us)
[DBG] deferring start (38015 us)
[DBG] deferring start (37117 us)
[DBG] deferring start (36210 us)
[DBG] deferring start (35302 us)
[DBG] deferring start (35224 us)
[DBG] deferring start (35140 us)
[DBG] deferring start (35053 us)
[DBG] deferring start (34976 us)
[DBG] deferring start (35725 us)
[DBG] deferring start (34817 us)
[DBG] deferring start (34740 us)
[DBG] deferring start (34663 us)
[DBG] deferring start (34584 us)
[DBG] deferring start (37771 us)
[DBG] deferring start (36857 us)
[DBG] deferring start (35948 us)
[DBG] deferring start (35042 us)
[DBG] deferring start (34136 us)
[DBG] deferring start (34059 us)
[DBG] deferring start (33975 us)
[DBG] deferring start (34727 us)
[DBG] deferring start (33816 us)
[DBG] deferring start (33738 us)
[DBG] deferring start (33654 us)
[DBG] deferring start (33568 us)
[DBG] deferring start (34320 us)
[DBG] deferring start (33415 us)
[DBG] deferring start (33334 us)
[DBG] deferring start (34087 us)
[DBG] deferring start (33180 us)
[DBG] deferring start (33094 us)
[DBG] deferring start (33017 us)
[DBG] deferring start (33768 us)
[DBG] deferring start (32859 us)
[DBG] deferring start (32774 us)
[DBG] deferring start (32696 us)
[DBG] deferring start (32584 us)
[DBG] deferring start (32505 us)
[DBG] deferring start (32428 us)
[DBG] deferring start (32346 us)
[DBG] deferring start (32270 us)
[DBG] deferring start (32193 us)
[DBG] deferring start (32942 us)
[DBG] deferring start (32040 us)
[DBG] deferring start (31949 us)
[DBG] deferring start (32701 us)
[DBG] deferring start (31794 us)
[DBG] deferring start (31711 us)
[DBG] deferring start (31632 us)
[DBG] deferring start (32386 us)
[DBG] deferring start (31487 us)
[DBG] deferring start (31402 us)
[DBG] deferring start (31318 us)
[DBG] deferring start (31233 us)
[DBG] deferring start (31126 us)
[DBG] deferring start (31044 us)
[DBG] deferring start (30960 us)
[DBG] deferring start (30871 us)
[DBG] deferring start (30782 us)
[DBG] deferring start (30704 us)
[DBG] deferring start (30625 us)
[DBG] deferring start (31374 us)
[DBG] deferring start (30470 us)
[DBG] deferring start (30395 us)
[DBG] deferring start (30300 us)
[DBG] deferring start (30209 us)
[DBG] deferring start (30128 us)
[DBG] deferring start (30050 us)
[DBG] deferring start (29967 us)
[DBG] deferring start (30716 us)
[DBG] deferring start (29808 us)
[DBG] deferring start (29735 us)
[DBG] deferring start (29648 us)
[DBG] deferring start (29564 us)
[DBG] deferring start (30317 us)
[DBG] deferring start (29408 us)
[DBG] deferring start (29329 us)
[DBG] deferring start (29254 us)
[DBG] deferring start (29177 us)
[DBG] deferring start (29087 us)
[DBG] deferring start (28984 us)
[DBG] deferring start (28897 us)
[DBG] deferring start (28812 us)
[DBG] deferring start (28736 us)
[DBG] deferring start (28644 us)
[DBG] deferring start (28555 us)
[DBG] deferring start (28480 us)
[DBG] deferring start (27910 us)
[DBG] deferring start (27817 us)
[DBG] deferring start (27740 us)
[DBG] deferring start (27650 us)
[DBG] deferring start (27565 us)
[DBG] deferring start (27481 us)
[DBG] deferring start (27402 us)
[DBG] deferring start (27319 us)
[DBG] deferring start (27245 us)
[DBG] deferring start (27171 us)
[DBG] deferring start (27921 us)
[DBG] deferring start (27022 us)
[DBG] deferring start (26942 us)
[DBG] deferring start (26835 us)
[DBG] deferring start (31645 us)
[DBG] deferring start (30744 us)
[DBG] deferring start (29834 us)
[DBG] deferring start (28924 us)
[DBG] deferring start (28025 us)
[DBG] deferring start (27114 us)
[DBG] deferring start (26202 us)
[DBG] deferring start (33545 us)
[DBG] deferring start (32583 us)
[DBG] deferring start (31684 us)
[DBG] deferring start (30766 us)
[DBG] deferring start (29856 us)
[DBG] deferring start (28942 us)
[DBG] deferring start (28005 us)
[DBG] deferring start (27095 us)
[DBG] deferring start (26188 us)
[DBG] deferring start (25279 us)
[DBG] deferring start (25180 us)
[DBG] deferring start (27521 us)
[DBG] deferring start (26597 us)
[DBG] deferring start (25681 us)
[DBG] deferring start (24720 us)
[DBG] deferring start (31195 us)
[DBG] deferring start (30207 us)
[DBG] deferring start (29279 us)
[DBG] deferring start (28364 us)
[DBG] deferring start (27452 us)
[DBG] deferring start (26553 us)
[DBG] deferring start (25644 us)
[DBG] deferring start (24730 us)
[DBG] deferring start (23830 us)
[DBG] deferring start (23743 us)
[DBG] deferring start (23662 us)
[DBG] deferring start (23584 us)
[DBG] deferring start (23503 us)
[DBG] deferring start (23425 us)
[DBG] deferring start (23260 us)
[DBG] deferring start (23173 us)
[DBG] deferring start (23095 us)
[DBG] deferring start (23011 us)
[DBG] deferring start (22923 us)
[DBG] deferring start (22848 us)
[DBG] deferring start (22748 us)
[DBG] deferring start (23447 us)
[DBG] deferring start (22540 us)
[DBG] deferring start (22465 us)
[DBG] deferring start (22385 us)
[DBG] deferring start (22300 us)
[DBG] deferring start (22216 us)
[DBG] deferring start (22130 us)
[DBG] deferring start (22045 us)
[DBG] deferring start (21961 us)
[DBG] deferring start (21871 us)
[DBG] deferring start (21766 us)
[DBG] deferring start (21681 us)
[DBG] deferring start (21595 us)
[DBG] deferring start (21519 us)
[DBG] deferring start (21417 us)
[DBG] deferring start (21315 us)
[DBG] deferring start (21239 us)
[DBG] deferring start (21164 us)
[DBG] deferring start (21085 us)
[DBG] deferring start (21003 us)
[DBG] deferring start (20917 us)
[DBG] deferring start (20839 us)
[DBG] deferring start (20754 us)
[DBG] deferring start (21508 us)
[DBG] deferring start (20592 us)
[DBG] deferring start (20507 us)
[DBG] deferring start (20424 us)
[DBG] deferring start (21177 us)
[DBG] deferring start (20269 us)
[DBG] deferring start (20185 us)
[DBG] deferring start (20100 us)
[DBG] deferring start (20014 us)
[DBG] deferring start (19930 us)
[DBG] deferring start (19844 us)
[DBG] deferring start (20595 us)
[DBG] deferring start (19681 us)
[DBG] deferring start (19595 us)
[DBG] deferring start (19514 us)
[DBG] deferring start (19430 us)
[DBG] deferring start (19352 us)
[DBG] deferring start (19258 us)
[DBG] deferring start (19184 us)
[DBG] deferring start (19098 us)
[DBG] deferring start (19823 us)
[DBG] deferring start (18928 us)
[DBG] deferring start (18847 us)
[DBG] deferring start (18770 us)
[DBG] deferring start (19524 us)
[DBG] deferring start (18615 us)
[DBG] deferring start (18539 us)
[DBG] deferring start (18463 us)
[DBG] deferring start (18375 us)
[DBG] deferring start (24877 us)
[DBG] deferring start (23963 us)
[DBG] deferring start (23055 us)
[DBG] deferring start (22142 us)
[DBG] deferring start (21234 us)
[DBG] deferring start (20327 us)
[DBG] deferring start (19415 us)
[DBG] deferring start (18511 us)
[DBG] deferring start (17603 us)
[DBG] deferring start (17527 us)
[DBG] deferring start (17449 us)
[DBG] deferring start (17370 us)
[DBG] deferring start (17291 us)
[DBG] deferring start (17213 us)
[DBG] deferring start (17135 us)
[DBG] deferring start (17050 us)
[DBG] deferring start (16964 us)
[DBG] deferring start (16884 us)
[DBG] deferring start (17603 us)
[DBG] deferring start (16704 us)
[DBG] deferring start (16623 us)
[DBG] deferring start (16539 us)
[DBG] deferring start (16454 us)
[DBG] deferring start (16374 us)
[DBG] deferring start (16278 us)
[DBG] deferring start (16203 us)
[DBG] deferring start (16118 us)
[DBG] deferring start (16869 us)
[DBG] deferring start (15963 us)
[DBG] deferring start (15887 us)
[DBG] deferring start (15801 us)
[DBG] deferring start (15709 us)
[DBG] deferring start (15631 us)
[DBG] deferring start (15529 us)
[DBG] deferring start (16261 us)
[DBG] deferring start (15357 us)
[DBG] deferring start (15272 us)
[DBG] deferring start (15193 us)
[DBG] deferring start (15939 us)
[DBG] deferring start (15034 us)
[DBG] deferring start (14954 us)
[DBG] deferring start (14878 us)
[DBG] deferring start (14790 us)
[DBG] deferring start (14706 us)
[DBG] deferring start (14620 us)
[DBG] deferring start (14543 us)
[DBG] deferring start (14446 us)
[DBG] deferring start (14360 us)
[DBG] deferring start (15110 us)
[DBG] deferring start (14203 us)
[DBG] deferring start (14124 us)
[DBG] deferring start (14870 us)
[DBG] deferring start (13971 us)
[DBG] deferring start (13884 us)
[DBG] deferring start (13773 us)
[DBG] deferring start (13698 us)
[DBG] deferring start (13616 us)
[DBG] deferring start (14365 us)
[DBG] deferring start (13458 us)
[DBG] deferring start (13379 us)
[DBG] deferring start (13272 us)
[DBG] deferring start (13187 us)
[DBG] deferring start (13101 us)
[DBG] deferring start (13020 us)
[DBG] deferring start (12947 us)
[DBG] deferring start (13689 us)
[DBG] deferring start (12788 us)
[DBG] deferring start (12713 us)
[DBG] deferring start (13461 us)
[DBG] deferring start (12553 us)
[DBG] deferring start (12477 us)
[DBG] deferring start (13220 us)
[DBG] deferring start (12301 us)
[DBG] deferring start (12224 us)
[DBG] deferring start (12138 us)
[DBG] deferring start (12062 us)
[DBG] deferring start (11984 us)
[DBG] deferring start (11908 us)
[DBG] deferring start (11828 us)
[DBG] deferring start (11698 us)
[DBG] deferring start (11615 us)
[DBG] deferring start (12367 us)
[DBG] deferring start (11460 us)
[DBG] deferring start (12208 us)
[DBG] deferring start (11301 us)
[DBG] deferring start (11221 us)
[DBG] deferring start (11109 us)
[DBG] deferring start (11009 us)
[DBG] deferring start (10934 us)
[DBG] deferring start (10850 us)
[DBG] deferring start (10768 us)
[DBG] deferring start (11518 us)
[DBG] deferring start (10611 us)
[DBG] deferring start (10535 us)
[DBG] deferring start (10446 us)
[DBG] deferring start (10368 us)
[DBG] deferring start (11115 us)
[DBG] deferring start (10207 us)
[DBG] deferring start (15897 us)
[DBG] deferring start (14994 us)
[DBG] deferring start (14083 us)
[DBG] deferring start (13176 us)
[DBG] deferring start (12261 us)
[DBG] deferring start (11360 us)
[DBG] deferring start (10456 us)
[DBG] deferring start (9550 us)
[DBG] deferring start (9475 us)
[DBG] deferring start (12637 us)
[DBG] deferring start (11735 us)
[DBG] deferring start (10829 us)
[DBG] deferring start (9917 us)
[DBG] deferring start (9012 us)
[DBG] deferring start (8932 us)
[DBG] deferring start (8839 us)
[DBG] deferring start (8752 us)
[DBG] deferring start (8675 us)
[DBG] deferring start (8591 us)
[DBG] deferring start (8507 us)
[DBG] deferring start (9253 us)
[DBG] deferring start (8345 us)
[DBG] deferring start (8267 us)
[DBG] deferring start (8192 us)
[DBG] deferring start (8109 us)
[DBG] deferring start (8022 us)
[DBG] deferring start (7943 us)
[DBG] deferring start (7849 us)
[DBG] deferring start (7767 us)
[DBG] deferring start (7684 us)
[DBG] deferring start (7598 us)
[DBG] deferring start (7521 us)
[DBG] deferring start (7445 us)
[DBG] deferring start (7366 us)
[DBG] deferring start (7280 us)
[DBG] deferring start (7203 us)
[DBG] deferring start (7117 us)
[DBG] deferring start (7026 us)
[DBG] deferring start (6947 us)
[DBG] deferring start (6868 us)
[DBG] deferring start (6749 us)
[DBG] deferring start (6667 us)
[DBG] deferring start (6588 us)
[DBG] deferring start (7340 us)
[DBG] deferring start (6433 us)
[DBG] deferring start (6355 us)
[DBG] deferring start (6278 us)
[DBG] deferring start (6193 us)
[DBG] deferring start (6112 us)
[DBG] deferring start (6035 us)
[DBG] deferring start (5962 us)
[DBG] deferring start (5889 us)
[DBG] deferring start (5809 us)
[DBG] deferring start (5735 us)
[DBG] deferring start (6483 us)
[DBG] deferring start (5576 us)
[DBG] deferring start (5500 us)
[DBG] deferring start (5415 us)
[DBG] deferring start (5330 us)
[DBG] deferring start (5253 us)
[DBG] deferring start (5168 us)
[DBG] deferring start (5091 us)
[DBG] deferring start (5843 us)
[DBG] deferring start (4934 us)
[DBG] deferring start (4850 us)
[DBG] deferring start (5602 us)
[DBG] deferring start (4694 us)
[DBG] deferring start (4610 us)
[DBG] deferring start (4528 us)
[DBG] deferring start (4440 us)
[DBG] deferring start (6818 us)
[DBG] deferring start (5911 us)
[DBG] deferring start (5004 us)
[DBG] deferring start (4098 us)
[DBG] deferring start (4020 us)
[DBG] deferring start (3940 us)
[DBG] deferring start (4690 us)
[DBG] deferring start (3783 us)
[DBG] deferring start (3273 us)
[DBG] deferring start (3143 us)
[DBG] deferring start (3030 us)
[DBG] deferring start (2959 us)
[DBG] deferring start (9458 us)
[DBG] deferring start (8551 us)
[DBG] deferring start (7639 us)
[DBG] deferring start (6732 us)
[DBG] deferring start (5825 us)
[DBG] deferring start (4917 us)
[DBG] deferring start (4010 us)
[DBG] deferring start (3103 us)
[DBG] deferring start (2185 us)
[DBG] deferring start (2109 us)
[DBG] deferring start (2032 us)
[DBG] deferring start (1942 us)
[DBG] deferring start (1866 us)
[DBG] deferring start (2563 us)
[DBG] deferring start (1653 us)
[DBG] deferring start (1577 us)
[DBG] deferring start (1493 us)
[DBG] deferring start (1415 us)
[DBG] deferring start (1341 us)
[DBG] deferring start (1258 us)
[DBG] deferring start (1177 us)
[DBG] deferring start (1102 us)
[DBG] deferring start (1024 us)
[DBG] deferring start (938 us)
[DBG] deferring start (860 us)
[DBG] deferring start (782 us)
[DBG] deferring start (1530 us)
[DBG] deferring start (623 us)
[DBG] deferring start (539 us)
[DBG] deferring start (459 us)
[DBG] deferring start (2844 us)
[DBG] deferring start (1947 us)
[DBG] deferring start (1028 us)
[DBG] deferring start (129 us)
[DBG] deferring start (55 us)
[DBG] starting late (-26 us)
[WARN] picture is too late to be displayed (missing 48 ms)
[WARN] picture is too late to be displayed (missing 45 ms)
[WARN] picture is too late to be displayed (missing 50 ms)
[WARN] picture is too late to be displayed (missing 47 ms)
[WARN] picture is too late to be displayed (missing 42 ms)
[WARN] picture is too late to be displayed (missing 46 ms)
[WARN] picture is too late to be displayed (missing 50 ms)
[WARN] picture is too late to be displayed (missing 50 ms)
[WARN] picture is too late to be displayed (missing 49 ms)
[WARN] picture is too late to be displayed (missing 51 ms)
[WARN] picture is too late to be displayed (missing 51 ms)
[WARN] picture is too late to be displayed (missing 51 ms)
[WARN] picture is too late to be displayed (missing 51 ms)
[WARN] picture is too late to be displayed (missing 51 ms)
[WARN] picture is too late to be displayed (missing 49 ms)
[WARN] picture is too late to be displayed (missing 47 ms)
[WARN] picture is too late to be displayed (missing 51 ms)
[WARN] picture is too late to be displayed (missing 48 ms)
[WARN] picture is too late to be displayed (missing 51 ms)
[WARN] picture is too late to be displayed (missing 48 ms)
[WARN] picture is too late to be displayed (missing 46 ms)
[WARN] picture is too late to be displayed (missing 48 ms)
[WARN] picture is too late to be displayed (missing 51 ms)
[WARN] picture is too late to be displayed (missing 48 ms)
[WARN] picture is too late to be displayed (missing 51 ms)
[WARN] picture is too late to be displayed (missing 47 ms)
[WARN] picture is too late to be displayed (missing 51 ms)
[WARN] picture is too late to be displayed (missing 47 ms)
[WARN] picture is too late to be displayed (missing 49 ms)
[WARN] picture is too late to be displayed (missing 46 ms)
[WARN] picture is too late to be displayed (missing 51 ms)
[WARN] picture is too late to be displayed (missing 46 ms)
[WARN] picture is too late to be displayed (missing 49 ms)
[WARN] picture is too late to be displayed (missing 46 ms)
[WARN] picture is too late to be displayed (missing 51 ms)
[WARN] picture is too late to be displayed (missing 49 ms)
[WARN] picture is too late to be displayed (missing 48 ms)
[WARN] picture is too late to be displayed (missing 51 ms)
[WARN] picture is too late to be displayed (missing 49 ms)
[WARN] picture is too late to be displayed (missing 50 ms)
[WARN] picture is too late to be displayed (missing 49 ms)
[WARN] picture is too late to be displayed (missing 51 ms)
[WARN] picture is too late to be displayed (missing 51 ms)
[WARN] picture is too late to be displayed (missing 50 ms)
[WARN] picture is too late to be displayed (missing 51 ms)
[WARN] picture is too late to be displayed (missing 51 ms)
[WARN] picture is too late to be displayed (missing 49 ms)
[WARN] picture is too late to be displayed (missing 50 ms)
[WARN] picture is too late to be displayed (missing 51 ms)
[WARN] picture is too late to be displayed (missing 51 ms)
[WARN] picture is too late to be displayed (missing 51 ms)
[WARN] picture is too late to be displayed (missing 49 ms)
[WARN] picture is too late to be displayed (missing 50 ms)
[WARN] picture is too late to be displayed (missing 51 ms)
[WARN] picture is too late to be displayed (missing 46 ms)
[WARN] picture is too late to be displayed (missing 45 ms)
[WARN] picture is too late to be displayed (missing 50 ms)
[WARN] picture is too late to be displayed (missing 51 ms)
[WARN] picture is too late to be displayed (missing 50 ms)
[WARN] picture is too late to be displayed (missing 49 ms)
[WARN] picture is too late to be displayed (missing 50 ms)
[WARN] picture is too late to be displayed (missing 50 ms)
[WARN] picture is too late to be displayed (missing 46 ms)
[WARN] picture is too late to be displayed (missing 51 ms)
[WARN] picture is too late to be displayed (missing 49 ms)
[WARN] picture is too late to be displayed (missing 48 ms)
[WARN] picture is too late to be displayed (missing 48 ms)
[WARN] picture is too late to be displayed (missing 46 ms)
[WARN] picture is too late to be displayed (missing 50 ms)
[WARN] picture is too late to be displayed (missing 50 ms)
[WARN] picture is too late to be displayed (missing 47 ms)
[WARN] picture is too late to be displayed (missing 50 ms)
[WARN] picture is too late to be displayed (missing 51 ms)
[WARN] picture is too late to be displayed (missing 51 ms)
[WARN] picture is too late to be displayed (missing 48 ms)
[WARN] picture is too late to be displayed (missing 51 ms)
[WARN] picture is too late to be displayed (missing 47 ms)
[WARN] picture is too late to be displayed (missing 47 ms)
[WARN] picture is too late to be displayed (missing 50 ms)
[WARN] picture is too late to be displayed (missing 50 ms)
[WARN] picture is too late to be displayed (missing 48 ms)
[WARN] picture is too late to be displayed (missing 47 ms)
[WARN] picture is too late to be displayed (missing 50 ms)
[WARN] picture is too late to be displayed (missing 47 ms)
[WARN] picture is too late to be displayed (missing 51 ms)
[WARN] picture is too late to be displayed (missing 49 ms)
[WARN] picture is too late to be displayed (missing 51 ms)
[WARN] picture is too late to be displayed (missing 48 ms)
[WARN] picture is too late to be displayed (missing 46 ms)
[WARN] picture is too late to be displayed (missing 49 ms)
[WARN] picture is too late to be displayed (missing 50 ms)
[WARN] picture is too late to be displayed (missing 50 ms)
[WARN] picture is too late to be displayed (missing 50 ms)
[WARN] picture is too late to be displayed (missing 51 ms)
[WARN] picture is too late to be displayed (missing 49 ms)
[WARN] picture is too late to be displayed (missing 47 ms)
[WARN] picture is too late to be displayed (missing 50 ms)
[WARN] picture is too late to be displayed (missing 50 ms)
[WARN] picture is too late to be displayed (missing 46 ms)
[WARN] picture is too late to be displayed (missing 46 ms)
[WARN] picture is too late to be displayed (missing 51 ms)
[WARN] picture is too late to be displayed (missing 45 ms)
[WARN] picture is too late to be displayed (missing 46 ms)
[WARN] picture is too late to be displayed (missing 50 ms)
[WARN] picture is too late to be displayed (missing 49 ms)
[WARN] picture is too late to be displayed (missing 51 ms)
[WARN] picture is too late to be displayed (missing 47 ms)
[WARN] picture is too late to be displayed (missing 48 ms)
[WARN] picture is too late to be displayed (missing 48 ms)
[WARN] picture is too late to be displayed (missing 48 ms)
[WARN] picture is too late to be displayed (missing 48 ms)
[WARN] picture is too late to be displayed (missing 52 ms)
[WARN] picture is too late to be displayed (missing 46 ms)
[WARN] picture is too late to be displayed (missing 50 ms)
[WARN] picture is too late to be displayed (missing 51 ms)
[WARN] picture is too late to be displayed (missing 51 ms)
[WARN] picture is too late to be displayed (missing 51 ms)
[WARN] picture is too late to be displayed (missing 49 ms)
[WARN] picture is too late to be displayed (missing 47 ms)
[WARN] picture is too late to be displayed (missing 48 ms)
[WARN] picture is too late to be displayed (missing 48 ms)
[WARN] picture is too late to be displayed (missing 50 ms)
[WARN] picture is too late to be displayed (missing 50 ms)
[WARN] picture is too late to be displayed (missing 51 ms)
[WARN] picture is too late to be displayed (missing 51 ms)
[WARN] picture is too late to be displayed (missing 48 ms)
[WARN] picture is too late to be displayed (missing 47 ms)
[WARN] picture is too late to be displayed (missing 48 ms)
[WARN] picture is too late to be displayed (missing 50 ms)
[WARN] picture is too late to be displayed (missing 50 ms)
[WARN] picture is too late to be displayed (missing 50 ms)
[WARN] picture is too late to be displayed (missing 50 ms)
[WARN] picture is too late to be displayed (missing 46 ms)
[WARN] picture is too late to be displayed (missing 49 ms)
[WARN] picture is too late to be displayed (missing 47 ms)
[WARN] picture is too late to be displayed (missing 51 ms)
[WARN] picture is too late to be displayed (missing 51 ms)
[WARN] picture is too late to be displayed (missing 47 ms)
[WARN] picture is too late to be displayed (missing 47 ms)
[WARN] picture is too late to be displayed (missing 46 ms)
[WARN] picture is too late to be displayed (missing 48 ms)
[WARN] picture is too late to be displayed (missing 45 ms)
[WARN] picture is too late to be displayed (missing 47 ms)
[WARN] picture is too late to be displayed (missing 47 ms)
[WARN] picture is too late to be displayed (missing 48 ms)
[WARN] picture is too late to be displayed (missing 46 ms)
[WARN] picture is too late to be displayed (missing 51 ms)
[WARN] picture is too late to be displayed (missing 51 ms)
[WARN] picture is too late to be displayed (missing 50 ms)
[WARN] picture is too late to be displayed (missing 47 ms)
[WARN] picture is too late to be displayed (missing 48 ms)
[WARN] picture is too late to be displayed (missing 47 ms)
[WARN] picture is too late to be displayed (missing 48 ms)
[WARN] picture is too late to be displayed (missing 50 ms)
[WARN] picture is too late to be displayed (missing 47 ms)
[WARN] picture is too late to be displayed (missing 51 ms)
[WARN] picture is too late to be displayed (missing 46 ms)
[WARN] picture is too late to be displayed (missing 47 ms)
[WARN] picture is too late to be displayed (missing 49 ms)
[WARN] picture is too late to be displayed (missing 49 ms)
[WARN] picture is too late to be displayed (missing 51 ms)
[WARN] picture is too late to be displayed (missing 48 ms)
[WARN] picture is too late to be displayed (missing 50 ms)
[WARN] picture is too late to be displayed (missing 51 ms)
[WARN] picture is too late to be displayed (missing 46 ms)
[WARN] picture is too late to be displayed (missing 47 ms)
[WARN] picture is too late to be displayed (missing 45 ms)
[WARN] picture is too late to be displayed (missing 46 ms)
[WARN] picture is too late to be displayed (missing 49 ms)
[WARN] picture is too late to be displayed (missing 48 ms)
[WARN] picture is too late to be displayed (missing 51 ms)
[WARN] picture is too late to be displayed (missing 45 ms)
[WARN] picture is too late to be displayed (missing 51 ms)
[WARN] picture is too late to be displayed (missing 51 ms)
[WARN] picture is too late to be displayed (missing 51 ms)
[WARN] picture is too late to be displayed (missing 47 ms)
[WARN] picture is too late to be displayed (missing 50 ms)
[WARN] picture is too late to be displayed (missing 48 ms)
[WARN] picture is too late to be displayed (missing 48 ms)
[WARN] picture is too late to be displayed (missing 51 ms)
[WARN] picture is too late to be displayed (missing 48 ms)
[WARN] picture is too late to be displayed (missing 48 ms)
[WARN] picture is too late to be displayed (missing 50 ms)
[WARN] picture is too late to be displayed (missing 51 ms)
[WARN] picture is too late to be displayed (missing 50 ms)
[WARN] picture is too late to be displayed (missing 51 ms)
[WARN] picture is too late to be displayed (missing 48 ms)
[WARN] picture is too late to be displayed (missing 50 ms)
[WARN] picture is too late to be displayed (missing 47 ms)
[WARN] picture is too late to be displayed (missing 50 ms)
[WARN] picture is too late to be displayed (missing 50 ms)
[WARN] picture is too late to be displayed (missing 51 ms)
[WARN] picture is too late to be displayed (missing 50 ms)
[WARN] picture is too late to be displayed (missing 51 ms)
[WARN] picture is too late to be displayed (missing 50 ms)
[WARN] picture is too late to be displayed (missing 50 ms)
[WARN] picture is too late to be displayed (missing 50 ms)
[WARN] picture is too late to be displayed (missing 48 ms)
[WARN] picture is too late to be displayed (missing 50 ms)
[WARN] picture is too late to be displayed (missing 51 ms)
[WARN] picture is too late to be displayed (missing 46 ms)
[WARN] picture is too late to be displayed (missing 48 ms)
[WARN] picture is too late to be displayed (missing 49 ms)
[WARN] picture is too late to be displayed (missing 49 ms)
[WARN] picture is too late to be displayed (missing 45 ms)
[WARN] picture is too late to be displayed (missing 49 ms)
[WARN] picture is too late to be displayed (missing 50 ms)
[WARN] picture is too late to be displayed (missing 50 ms)
[WARN] picture is too late to be displayed (missing 50 ms)
[WARN] picture is too late to be displayed (missing 50 ms)
[WARN] picture is too late to be displayed (missing 48 ms)
[WARN] picture is too late to be displayed (missing 51 ms)
[WARN] picture is too late to be displayed (missing 47 ms)
[WARN] picture is too late to be displayed (missing 50 ms)
[WARN] picture is too late to be displayed (missing 49 ms)
[WARN] picture is too late to be displayed (missing 51 ms)
[WARN] picture is too late to be displayed (missing 51 ms)
[WARN] picture is too late to be displayed (missing 49 ms)
[WARN] picture is too late to be displayed (missing 47 ms)
[WARN] picture is too late to be displayed (missing 49 ms)
[WARN] picture is too late to be displayed (missing 47 ms)
[WARN] picture is too late to be displayed (missing 47 ms)
[WARN] picture is too late to be displayed (missing 47 ms)
[WARN] picture is too late to be displayed (missing 51 ms)
[WARN] picture is too late to be displayed (missing 51 ms)
[WARN] picture is too late to be displayed (missing 48 ms)
[WARN] picture is too late to be displayed (missing 49 ms)
[WARN] picture is too late to be displayed (missing 51 ms)
[WARN] picture is too late to be displayed (missing 51 ms)
[WARN] picture is too late to be displayed (missing 46 ms)
[WARN] picture is too late to be displayed (missing 47 ms)
[WARN] picture is too late to be displayed (missing 48 ms)
[WARN] picture is too late to be displayed (missing 48 ms)
[WARN] picture is too late to be displayed (missing 50 ms)
[WARN] picture is too late to be displayed (missing 51 ms)
[WARN] picture is too late to be displayed (missing 48 ms)
[WARN] picture is too late to be displayed (missing 48 ms)
[WARN] picture is too late to be displayed (missing 50 ms)
[WARN] picture is too late to be displayed (missing 47 ms)
[WARN] picture is too late to be displayed (missing 51 ms)
[WARN] picture is too late to be displayed (missing 51 ms)
[WARN] picture is too late to be displayed (missing 46 ms)
[WARN] picture is too late to be displayed (missing 51 ms)
[WARN] picture is too late to be displayed (missing 46 ms)
[WARN] picture is too late to be displayed (missing 51 ms)
[WARN] picture is too late to be displayed (missing 45 ms)
[WARN] picture is too late to be displayed (missing 47 ms)
[WARN] picture is too late to be displayed (missing 50 ms)
[WARN] picture is too late to be displayed (missing 47 ms)
[WARN] picture is too late to be displayed (missing 48 ms)
[WARN] picture is too late to be displayed (missing 47 ms)
[WARN] picture is too late to be displayed (missing 51 ms)
[WARN] picture is too late to be displayed (missing 51 ms)
[WARN] picture is too late to be displayed (missing 50 ms)
[WARN] picture is too late to be displayed (missing 47 ms)
[WARN] picture is too late to be displayed (missing 51 ms)
[WARN] picture is too late to be displayed (missing 47 ms)
[WARN] picture is too late to be displayed (missing 50 ms)
[WARN] picture is too late to be displayed (missing 47 ms)
[WARN] picture is too late to be displayed (missing 51 ms)
[WARN] picture is too late to be displayed (missing 50 ms)
[WARN] picture is too late to be displayed (missing 50 ms)
[WARN] picture is too late to be displayed (missing 46 ms)
[WARN] picture is too late to be displayed (missing 51 ms)
[WARN] picture is too late to be displayed (missing 50 ms)
[WARN] picture is too late to be displayed (missing 45 ms)
[WARN] picture is too late to be displayed (missing 46 ms)
[WARN] picture is too late to be displayed (missing 49 ms)
[WARN] picture is too late to be displayed (missing 50 ms)
[WARN] picture is too late to be displayed (missing 45 ms)
[WARN] picture is too late to be displayed (missing 47 ms)
[WARN] picture is too late to be displayed (missing 50 ms)
[WARN] picture is too late to be displayed (missing 48 ms)
[WARN] picture is too late to be displayed (missing 49 ms)
[WARN] picture is too late to be displayed (missing 48 ms)
[WARN] picture is too late to be displayed (missing 50 ms)
[WARN] picture is too late to be displayed (missing 47 ms)
[WARN] picture is too late to be displayed (missing 45 ms)
[WARN] picture is too late to be displayed (missing 47 ms)
[WARN] picture is too late to be displayed (missing 50 ms)
[WARN] picture is too late to be displayed (missing 50 ms)
[WARN] picture is too late to be displayed (missing 45 ms)
[WARN] picture is too late to be displayed (missing 47 ms)
[WARN] picture is too late to be displayed (missing 48 ms)
[WARN] picture is too late to be displayed (missing 47 ms)
[WARN] picture is too late to be displayed (missing 47 ms)
[WARN] picture is too late to be displayed (missing 48 ms)
[WARN] picture is too late to be displayed (missing 48 ms)
[WARN] picture is too late to be displayed (missing 51 ms)
[WARN] picture is too late to be displayed (missing 50 ms)
[WARN] picture is too late to be displayed (missing 48 ms)
[WARN] picture is too late to be displayed (missing 51 ms)
[WARN] picture is too late to be displayed (missing 51 ms)
[WARN] picture is too late to be displayed (missing 50 ms)
[WARN] picture is too late to be displayed (missing 47 ms)
[WARN] picture is too late to be displayed (missing 51 ms)
[WARN] picture is too late to be displayed (missing 51 ms)
[WARN] picture is too late to be displayed (missing 49 ms)
[WARN] picture is too late to be displayed (missing 47 ms)
[WARN] picture is too late to be displayed (missing 51 ms)
[WARN] picture is too late to be displayed (missing 51 ms)
[WARN] picture is too late to be displayed (missing 50 ms)
[WARN] picture is too late to be displayed (missing 47 ms)
[WARN] picture is too late to be displayed (missing 51 ms)
[WARN] picture is too late to be displayed (missing 51 ms)
[WARN] picture is too late to be displayed (missing 50 ms)
[WARN] picture is too late to be displayed (missing 50 ms)
[WARN] picture is too late to be displayed (missing 50 ms)
[WARN] picture is too late to be displayed (missing 50 ms)
[WARN] picture is too late to be displayed (missing 49 ms)
[WARN] picture is too late to be displayed (missing 49 ms)
[WARN] picture is too late to be displayed (missing 46 ms)
[WARN] picture is too late to be displayed (missing 50 ms)
[WARN] picture is too late to be displayed (missing 45 ms)
[WARN] picture is too late to be displayed (missing 50 ms)
[WARN] picture is too late to be displayed (missing 50 ms)
[WARN] picture is too late to be displayed (missing 47 ms)
[WARN] picture is too late to be displayed (missing 50 ms)
[WARN] picture is too late to be displayed (missing 48 ms)
[WARN] picture is too late to be displayed (missing 50 ms)
[WARN] picture is too late to be displayed (missing 50 ms)
[WARN] picture is too late to be displayed (missing 50 ms)
[WARN] picture is too late to be displayed (missing 51 ms)
[WARN] picture is too late to be displayed (missing 51 ms)
[WARN] picture is too late to be displayed (missing 51 ms)
[WARN] picture is too late to be displayed (missing 50 ms)
[WARN] picture is too late to be displayed (missing 51 ms)
[WARN] picture is too late to be displayed (missing 51 ms)
[WARN] picture is too late to be displayed (missing 46 ms)
[WARN] picture is too late to be displayed (missing 46 ms)
[WARN] picture is too late to be displayed (missing 49 ms)
[WARN] picture is too late to be displayed (missing 51 ms)
[WARN] picture is too late to be displayed (missing 50 ms)
[WARN] picture is too late to be displayed (missing 50 ms)
[WARN] picture is too late to be displayed (missing 50 ms)
[WARN] picture is too late to be displayed (missing 47 ms)
[WARN] picture is too late to be displayed (missing 51 ms)
[WARN] picture is too late to be displayed (missing 50 ms)
[WARN] picture is too late to be displayed (missing 51 ms)
[WARN] picture is too late to be displayed (missing 51 ms)
[WARN] picture is too late to be displayed (missing 51 ms)
[WARN] picture is too late to be displayed (missing 50 ms)
[WARN] picture is too late to be displayed (missing 51 ms)
[WARN] picture is too late to be displayed (missing 52 ms)
[WARN] picture is too late to be displayed (missing 46 ms)
[WARN] picture is too late to be displayed (missing 50 ms)
[WARN] picture is too late to be displayed (missing 46 ms)
[WARN] picture is too late to be displayed (missing 51 ms)
[WARN] picture is too late to be displayed (missing 51 ms)
[WARN] picture is too late to be displayed (missing 50 ms)
[WARN] picture is too late to be displayed (missing 47 ms)
[WARN] picture is too late to be displayed (missing 52 ms)
[WARN] picture is too late to be displayed (missing 48 ms)
[WARN] picture is too late to be displayed (missing 50 ms)
[WARN] picture is too late to be displayed (missing 46 ms)
[WARN] picture is too late to be displayed (missing 51 ms)
[WARN] picture is too late to be displayed (missing 47 ms)
[WARN] picture is too late to be displayed (missing 49 ms)
[WARN] picture is too late to be displayed (missing 51 ms)
[WARN] picture is too late to be displayed (missing 51 ms)
[WARN] picture is too late to be displayed (missing 51 ms)
[WARN] picture is too late to be displayed (missing 50 ms)
[WARN] picture is too late to be displayed (missing 51 ms)
[WARN] picture is too late to be displayed (missing 51 ms)
[WARN] picture is too late to be displayed (missing 47 ms)
[WARN] picture is too late to be displayed (missing 46 ms)
[WARN] picture is too late to be displayed (missing 51 ms)
[WARN] picture is too late to be displayed (missing 51 ms)
[WARN] picture is too late to be displayed (missing 50 ms)
[WARN] picture is too late to be displayed (missing 50 ms)
[WARN] picture is too late to be displayed (missing 51 ms)
[WARN] picture is too late to be displayed (missing 51 ms)
[WARN] picture is too late to be displayed (missing 50 ms)
[WARN] picture is too late to be displayed (missing 51 ms)
[WARN] picture is too late to be displayed (missing 47 ms)
[WARN] picture is too late to be displayed (missing 51 ms)
[WARN] picture is too late to be displayed (missing 48 ms)
[WARN] picture is too late to be displayed (missing 49 ms)
[WARN] picture is too late to be displayed (missing 48 ms)
[WARN] picture is too late to be displayed (missing 51 ms)
[WARN] picture is too late to be displayed (missing 47 ms)
[WARN] picture is too late to be displayed (missing 51 ms)
[WARN] picture is too late to be displayed (missing 46 ms)
[WARN] picture is too late to be displayed (missing 51 ms)
[WARN] picture is too late to be displayed (missing 47 ms)
[WARN] picture is too late to be displayed (missing 51 ms)
[WARN] picture is too late to be displayed (missing 51 ms)
[WARN] picture is too late to be displayed (missing 51 ms)
[WARN] picture is too late to be displayed (missing 49 ms)
[WARN] picture is too late to be displayed (missing 51 ms)
[WARN] picture is too late to be displayed (missing 51 ms)
[WARN] picture is too late to be displayed (missing 46 ms)
[WARN] picture is too late to be displayed (missing 50 ms)
[WARN] picture is too late to be displayed (missing 51 ms)
[WARN] picture is too late to be displayed (missing 48 ms)
[WARN] picture is too late to be displayed (missing 51 ms)
[WARN] picture is too late to be displayed (missing 50 ms)
[WARN] picture is too late to be displayed (missing 47 ms)
[WARN] picture is too late to be displayed (missing 51 ms)
[WARN] picture is too late to be displayed (missing 48 ms)
[WARN] picture is too late to be displayed (missing 47 ms)
[WARN] picture is too late to be displayed (missing 53 ms)
[WARN] picture is too late to be displayed (missing 48 ms)
[WARN] picture is too late to be displayed (missing 51 ms)
[WARN] picture is too late to be displayed (missing 50 ms)
[WARN] picture is too late to be displayed (missing 46 ms)
[WARN] picture is too late to be displayed (missing 49 ms)
[WARN] picture is too late to be displayed (missing 51 ms)
[WARN] picture is too late to be displayed (missing 48 ms)
[WARN] picture is too late to be displayed (missing 51 ms)
[WARN] picture is too late to be displayed (missing 48 ms)
[WARN] picture is too late to be displayed (missing 51 ms)
[WARN] picture is too late to be displayed (missing 47 ms)
[WARN] picture is too late to be displayed (missing 50 ms)
[WARN] picture is too late to be displayed (missing 49 ms)
[WARN] picture is too late to be displayed (missing 47 ms)
[WARN] picture is too late to be displayed (missing 46 ms)
[WARN] picture is too late to be displayed (missing 49 ms)
[WARN] picture is too late to be displayed (missing 51 ms)
[WARN] picture is too late to be displayed (missing 47 ms)
[WARN] picture is too late to be displayed (missing 51 ms)
[WARN] picture is too late to be displayed (missing 51 ms)
[WARN] picture is too late to be displayed (missing 51 ms)
[WARN] picture is too late to be displayed (missing 51 ms)
[WARN] picture is too late to be displayed (missing 49 ms)
[WARN] picture is too late to be displayed (missing 47 ms)
[WARN] picture is too late to be displayed (missing 51 ms)
[WARN] picture is too late to be displayed (missing 50 ms)
[WARN] picture is too late to be displayed (missing 51 ms)
[WARN] picture is too late to be displayed (missing 51 ms)
[WARN] picture is too late to be displayed (missing 48 ms)
[WARN] picture is too late to be displayed (missing 48 ms)
[WARN] picture is too late to be displayed (missing 46 ms)
[WARN] picture is too late to be displayed (missing 47 ms)
[WARN] picture is too late to be displayed (missing 51 ms)
[WARN] picture is too late to be displayed (missing 50 ms)
[WARN] picture is too late to be displayed (missing 51 ms)
[WARN] picture is too late to be displayed (missing 51 ms)
[WARN] picture is too late to be displayed (missing 51 ms)
[WARN] picture is too late to be displayed (missing 49 ms)
[WARN] picture is too late to be displayed (missing 46 ms)
[WARN] picture is too late to be displayed (missing 51 ms)
[WARN] picture is too late to be displayed (missing 50 ms)
[WARN] picture is too late to be displayed (missing 49 ms)
[WARN] picture is too late to be displayed (missing 51 ms)
[WARN] picture is too late to be displayed (missing 47 ms)
[WARN] picture is too late to be displayed (missing 51 ms)
[WARN] picture is too late to be displayed (missing 51 ms)
[WARN] picture is too late to be displayed (missing 49 ms)
[WARN] picture is too late to be displayed (missing 51 ms)
[WARN] picture is too late to be displayed (missing 51 ms)
[WARN] picture is too late to be displayed (missing 50 ms)
[WARN] picture is too late to be displayed (missing 51 ms)
[WARN] picture is too late to be displayed (missing 49 ms)
[WARN] picture is too late to be displayed (missing 51 ms)
[WARN] picture is too late to be displayed (missing 48 ms)
[WARN] picture is too late to be displayed (missing 51 ms)
[WARN] picture is too late to be displayed (missing 46 ms)
[WARN] picture is too late to be displayed (missing 46 ms)
[WARN] picture is too late to be displayed (missing 51 ms)
[WARN] picture is too late to be displayed (missing 50 ms)
[WARN] picture is too late to be displayed (missing 51 ms)
[WARN] picture is too late to be displayed (missing 50 ms)
[WARN] picture is too late to be displayed (missing 51 ms)
[WARN] picture is too late to be displayed (missing 50 ms)
[WARN] picture is too late to be displayed (missing 49 ms)
[WARN] picture is too late to be displayed (missing 50 ms)
[WARN] picture is too late to be displayed (missing 51 ms)
[WARN] picture is too late to be displayed (missing 50 ms)
[WARN] picture is too late to be displayed (missing 50 ms)
[WARN] picture is too late to be displayed (missing 45 ms)
[WARN] picture is too late to be displayed (missing 50 ms)
[WARN] picture is too late to be displayed (missing 51 ms)
[WARN] picture is too late to be displayed (missing 50 ms)
[WARN] picture is too late to be displayed (missing 45 ms)
[WARN] picture is too late to be displayed (missing 50 ms)
[WARN] picture is too late to be displayed (missing 51 ms)
[WARN] picture is too late to be displayed (missing 51 ms)
[WARN] picture is too late to be displayed (missing 51 ms)
[WARN] picture is too late to be displayed (missing 46 ms)
[WARN] picture is too late to be displayed (missing 49 ms)
[WARN] picture is too late to be displayed (missing 51 ms)
[WARN] picture is too late to be displayed (missing 46 ms)
[WARN] picture is too late to be displayed (missing 48 ms)
[WARN] picture is too late to be displayed (missing 47 ms)
[WARN] picture is too late to be displayed (missing 49 ms)
[WARN] picture is too late to be displayed (missing 51 ms)
[WARN] picture is too late to be displayed (missing 49 ms)
[WARN] picture is too late to be displayed (missing 51 ms)
[WARN] picture is too late to be displayed (missing 50 ms)
[WARN] picture is too late to be displayed (missing 50 ms)
[WARN] picture is too late to be displayed (missing 47 ms)
[WARN] picture is too late to be displayed (missing 50 ms)
[WARN] picture is too late to be displayed (missing 50 ms)
[WARN] picture is too late to be displayed (missing 51 ms)
[WARN] picture is too late to be displayed (missing 50 ms)
[WARN] picture is too late to be displayed (missing 50 ms)
[WARN] picture is too late to be displayed (missing 49 ms)
[WARN] picture is too late to be displayed (missing 51 ms)
[WARN] picture is too late to be displayed (missing 50 ms)
[WARN] picture is too late to be displayed (missing 50 ms)
[WARN] picture is too late to be displayed (missing 49 ms)
[WARN] picture is too late to be displayed (missing 48 ms)
[WARN] picture is too late to be displayed (missing 50 ms)
[WARN] picture is too late to be displayed (missing 51 ms)
[WARN] picture is too late to be displayed (missing 45 ms)
[WARN] picture is too late to be displayed (missing 49 ms)
[WARN] picture is too late to be displayed (missing 47 ms)
[WARN] picture is too late to be displayed (missing 51 ms)
[WARN] picture is too late to be displayed (missing 46 ms)
[WARN] picture is too late to be displayed (missing 46 ms)
[WARN] picture is too late to be displayed (missing 48 ms)
[WARN] picture is too late to be displayed (missing 48 ms)
[WARN] picture is too late to be displayed (missing 51 ms)
[WARN] picture is too late to be displayed (missing 51 ms)
[WARN] picture is too late to be displayed (missing 47 ms)
[WARN] picture is too late to be displayed (missing 49 ms)
[WARN] picture is too late to be displayed (missing 45 ms)
[WARN] picture is too late to be displayed (missing 50 ms)
[WARN] picture is too late to be displayed (missing 49 ms)
[WARN] picture is too late to be displayed (missing 49 ms)
[WARN] picture is too late to be displayed (missing 50 ms)
[WARN] picture is too late to be displayed (missing 50 ms)
[WARN] picture is too late to be displayed (missing 47 ms)
[WARN] picture is too late to be displayed (missing 50 ms)
[WARN] picture is too late to be displayed (missing 48 ms)
[WARN] picture is too late to be displayed (missing 50 ms)
[WARN] picture is too late to be displayed (missing 50 ms)
[WARN] picture is too late to be displayed (missing 50 ms)
[WARN] picture is too late to be displayed (missing 48 ms)
[WARN] picture is too late to be displayed (missing 50 ms)
[WARN] picture is too late to be displayed (missing 50 ms)
[WARN] picture is too late to be displayed (missing 47 ms)
[WARN] picture is too late to be displayed (missing 50 ms)
[WARN] picture is too late to be displayed (missing 44 ms)
[WARN] picture is too late to be displayed (missing 50 ms)
[WARN] picture is too late to be displayed (missing 50 ms)
[WARN] picture is too late to be displayed (missing 50 ms)
[WARN] picture is too late to be displayed (missing 49 ms)
[WARN] picture is too late to be displayed (missing 48 ms)
[WARN] picture is too late to be displayed (missing 50 ms)
[WARN] picture is too late to be displayed (missing 51 ms)
[WARN] picture is too late to be displayed (missing 49 ms)
[WARN] picture is too late to be displayed (missing 47 ms)
[WARN] picture is too late to be displayed (missing 51 ms)
[WARN] picture is too late to be displayed (missing 48 ms)
[WARN] picture is too late to be displayed (missing 46 ms)
[WARN] picture is too late to be displayed (missing 51 ms)
[WARN] picture is too late to be displayed (missing 51 ms)
[WARN] picture is too late to be displayed (missing 46 ms)
[WARN] picture is too late to be displayed (missing 51 ms)
[WARN] picture is too late to be displayed (missing 47 ms)
[WARN] picture is too late to be displayed (missing 50 ms)
[WARN] picture is too late to be displayed (missing 51 ms)
[WARN] picture is too late to be displayed (missing 46 ms)
[WARN] picture is too late to be displayed (missing 51 ms)
[WARN] picture is too late to be displayed (missing 51 ms)
[WARN] picture is too late to be displayed (missing 51 ms)
[WARN] picture is too late to be displayed (missing 46 ms)
[WARN] picture is too late to be displayed (missing 51 ms)
[WARN] picture is too late to be displayed (missing 50 ms)
[WARN] picture is too late to be displayed (missing 50 ms)
[WARN] picture is too late to be displayed (missing 46 ms)
[WARN] picture is too late to be displayed (missing 48 ms)
[WARN] picture is too late to be displayed (missing 50 ms)
[WARN] picture is too late to be displayed (missing 48 ms)
[WARN] picture is too late to be displayed (missing 47 ms)
[WARN] picture is too late to be displayed (missing 46 ms)
[WARN] picture is too late to be displayed (missing 50 ms)
[WARN] picture is too late to be displayed (missing 52 ms)
[WARN] picture is too late to be displayed (missing 47 ms)
[WARN] picture is too late to be displayed (missing 51 ms)
[WARN] picture is too late to be displayed (missing 50 ms)
[WARN] picture is too late to be displayed (missing 48 ms)
[WARN] picture is too late to be displayed (missing 46 ms)
[WARN] picture is too late to be displayed (missing 51 ms)
[WARN] picture is too late to be displayed (missing 51 ms)
[WARN] picture is too late to be displayed (missing 50 ms)
[WARN] picture is too late to be displayed (missing 50 ms)
[WARN] picture is too late to be displayed (missing 47 ms)
[WARN] picture is too late to be displayed (missing 51 ms)
[WARN] picture is too late to be displayed (missing 50 ms)
[WARN] picture is too late to be displayed (missing 49 ms)
[WARN] picture is too late to be displayed (missing 46 ms)
[WARN] picture is too late to be displayed (missing 48 ms)
[WARN] picture is too late to be displayed (missing 47 ms)
[WARN] picture is too late to be displayed (missing 50 ms)
[WARN] picture is too late to be displayed (missing 50 ms)
[WARN] picture is too late to be displayed (missing 50 ms)
[WARN] picture is too late to be displayed (missing 46 ms)
[WARN] picture is too late to be displayed (missing 46 ms)
[WARN] picture is too late to be displayed (missing 51 ms)
[WARN] picture is too late to be displayed (missing 50 ms)
[WARN] picture is too late to be displayed (missing 50 ms)
[WARN] picture is too late to be displayed (missing 50 ms)
[WARN] picture is too late to be displayed (missing 50 ms)
[WARN] picture is too late to be displayed (missing 50 ms)
[WARN] picture is too late to be displayed (missing 50 ms)
[WARN] picture is too late to be displayed (missing 50 ms)
[WARN] picture is too late to be displayed (missing 51 ms)
[WARN] picture is too late to be displayed (missing 51 ms)
[WARN] picture is too late to be displayed (missing 50 ms)
[WARN] picture is too late to be displayed (missing 48 ms)
[WARN] picture is too late to be displayed (missing 51 ms)
[WARN] picture is too late to be displayed (missing 50 ms)
[WARN] picture is too late to be displayed (missing 50 ms)
[WARN] picture is too late to be displayed (missing 46 ms)
[WARN] picture is too late to be displayed (missing 50 ms)
[WARN] picture is too late to be displayed (missing 49 ms)
[WARN] picture is too late to be displayed (missing 49 ms)
[WARN] picture is too late to be displayed (missing 50 ms)
[WARN] picture is too late to be displayed (missing 50 ms)
[WARN] picture is too late to be displayed (missing 49 ms)
[WARN] picture is too late to be displayed (missing 50 ms)
[WARN] picture is too late to be displayed (missing 49 ms)
[WARN] picture is too late to be displayed (missing 50 ms)
[WARN] picture is too late to be displayed (missing 49 ms)
[WARN] picture is too late to be displayed (missing 50 ms)
[WARN] picture is too late to be displayed (missing 46 ms)
[WARN] picture is too late to be displayed (missing 50 ms)
[WARN] picture is too late to be displayed (missing 49 ms)
[WARN] picture is too late to be displayed (missing 49 ms)
[WARN] picture is too late to be displayed (missing 49 ms)
[WARN] picture is too late to be displayed (missing 50 ms)
[WARN] picture is too late to be displayed (missing 51 ms)
[WARN] picture is too late to be displayed (missing 45 ms)
[WARN] picture is too late to be displayed (missing 50 ms)
[WARN] picture is too late to be displayed (missing 48 ms)
[WARN] picture is too late to be displayed (missing 50 ms)
[WARN] picture is too late to be displayed (missing 50 ms)
[WARN] picture is too late to be displayed (missing 51 ms)
[WARN] picture is too late to be displayed (missing 49 ms)
[WARN] picture is too late to be displayed (missing 49 ms)
[WARN] picture is too late to be displayed (missing 46 ms)
[WARN] picture is too late to be displayed (missing 50 ms)
[WARN] picture is too late to be displayed (missing 46 ms)
[WARN] picture is too late to be displayed (missing 46 ms)
[WARN] picture is too late to be displayed (missing 45 ms)
[WARN] picture is too late to be displayed (missing 47 ms)
[WARN] picture is too late to be displayed (missing 50 ms)
[WARN] picture is too late to be displayed (missing 51 ms)
[WARN] picture is too late to be displayed (missing 50 ms)
[WARN] picture is too late to be displayed (missing 50 ms)
[WARN] picture is too late to be displayed (missing 46 ms)
[WARN] picture is too late to be displayed (missing 49 ms)
[WARN] picture is too late to be displayed (missing 51 ms)
[WARN] picture is too late to be displayed (missing 47 ms)
[WARN] picture is too late to be displayed (missing 51 ms)
[WARN] picture is too late to be displayed (missing 49 ms)
[WARN] picture is too late to be displayed (missing 48 ms)
[WARN] picture is too late to be displayed (missing 49 ms)
[WARN] picture is too late to be displayed (missing 51 ms)
[WARN] picture is too late to be displayed (missing 50 ms)
[WARN] picture is too late to be displayed (missing 46 ms)
[WARN] picture is too late to be displayed (missing 50 ms)
[WARN] picture is too late to be displayed (missing 51 ms)
[WARN] picture is too late to be displayed (missing 47 ms)
[WARN] picture is too late to be displayed (missing 46 ms)
[WARN] picture is too late to be displayed (missing 50 ms)
[WARN] picture is too late to be displayed (missing 50 ms)
[WARN] picture is too late to be displayed (missing 49 ms)
[WARN] picture is too late to be displayed (missing 51 ms)
[WARN] picture is too late to be displayed (missing 49 ms)
[WARN] picture is too late to be displayed (missing 46 ms)
[WARN] picture is too late to be displayed (missing 46 ms)
[WARN] picture is too late to be displayed (missing 51 ms)
[WARN] picture is too late to be displayed (missing 50 ms)
[WARN] picture is too late to be displayed (missing 48 ms)
[WARN] picture is too late to be displayed (missing 49 ms)
[WARN] picture is too late to be displayed (missing 49 ms)
[WARN] picture is too late to be displayed (missing 51 ms)
[WARN] picture is too late to be displayed (missing 51 ms)
[WARN] picture is too late to be displayed (missing 51 ms)
[WARN] picture is too late to be displayed (missing 48 ms)
[WARN] picture is too late to be displayed (missing 51 ms)
[WARN] picture is too late to be displayed (missing 50 ms)
[WARN] picture is too late to be displayed (missing 48 ms)
[WARN] picture is too late to be displayed (missing 49 ms)
[WARN] picture is too late to be displayed (missing 50 ms)
[WARN] picture is too late to be displayed (missing 51 ms)
[WARN] picture is too late to be displayed (missing 46 ms)
[WARN] picture is too late to be displayed (missing 49 ms)
[WARN] picture is too late to be displayed (missing 51 ms)
[WARN] picture is too late to be displayed (missing 49 ms)
[WARN] picture is too late to be displayed (missing 51 ms)
[WARN] picture is too late to be displayed (missing 50 ms)
[WARN] picture is too late to be displayed (missing 51 ms)
[WARN] picture is too late to be displayed (missing 47 ms)
[WARN] picture is too late to be displayed (missing 47 ms)
[WARN] picture is too late to be displayed (missing 50 ms)
[WARN] picture is too late to be displayed (missing 50 ms)
[WARN] picture is too late to be displayed (missing 48 ms)
[WARN] picture is too late to be displayed (missing 50 ms)
[WARN] picture is too late to be displayed (missing 49 ms)
[WARN] picture is too late to be displayed (missing 50 ms)
[WARN] picture is too late to be displayed (missing 48 ms)
[WARN] picture is too late to be displayed (missing 51 ms)
[WARN] picture is too late to be displayed (missing 50 ms)
[WARN] picture is too late to be displayed (missing 50 ms)
[WARN] picture is too late to be displayed (missing 50 ms)
[WARN] picture is too late to be displayed (missing 50 ms)
[WARN] picture is too late to be displayed (missing 50 ms)
[WARN] picture is too late to be displayed (missing 51 ms)
[WARN] picture is too late to be displayed (missing 46 ms)
[WARN] picture is too late to be displayed (missing 48 ms)
[WARN] picture is too late to be displayed (missing 50 ms)
[WARN] picture is too late to be displayed (missing 51 ms)
[WARN] picture is too late to be displayed (missing 46 ms)
[WARN] picture is too late to be displayed (missing 50 ms)
[WARN] picture is too late to be displayed (missing 50 ms)
[WARN] picture is too late to be displayed (missing 49 ms)
[WARN] picture is too late to be displayed (missing 48 ms)
[WARN] picture is too late to be displayed (missing 49 ms)
[WARN] picture is too late to be displayed (missing 50 ms)
[WARN] picture is too late to be displayed (missing 49 ms)
[WARN] picture is too late to be displayed (missing 45 ms)
[WARN] picture is too late to be displayed (missing 49 ms)
[WARN] picture is too late to be displayed (missing 50 ms)
[WARN] picture is too late to be displayed (missing 50 ms)
[WARN] picture is too late to be displayed (missing 50 ms)
[WARN] picture is too late to be displayed (missing 50 ms)
[WARN] picture is too late to be displayed (missing 49 ms)
[WARN] picture is too late to be displayed (missing 50 ms)
[WARN] picture is too late to be displayed (missing 47 ms)
[WARN] picture is too late to be displayed (missing 49 ms)
[WARN] picture is too late to be displayed (missing 51 ms)
[WARN] picture is too late to be displayed (missing 49 ms)
[WARN] picture is too late to be displayed (missing 51 ms)
[WARN] picture is too late to be displayed (missing 48 ms)
[WARN] picture is too late to be displayed (missing 50 ms)
[WARN] picture is too late to be displayed (missing 51 ms)
[WARN] picture is too late to be displayed (missing 51 ms)
[WARN] picture is too late to be displayed (missing 50 ms)
[WARN] picture is too late to be displayed (missing 51 ms)
[WARN] picture is too late to be displayed (missing 50 ms)
[WARN] picture is too late to be displayed (missing 48 ms)
[WARN] picture is too late to be displayed (missing 50 ms)
[WARN] picture is too late to be displayed (missing 48 ms)
[WARN] picture is too late to be displayed (missing 51 ms)
[WARN] picture is too late to be displayed (missing 51 ms)
[WARN] picture is too late to be displayed (missing 48 ms)
[WARN] picture is too late to be displayed (missing 48 ms)
[WARN] picture is too late to be displayed (missing 50 ms)
[WARN] picture is too late to be displayed (missing 50 ms)
[WARN] picture is too late to be displayed (missing 45 ms)
[WARN] picture is too late to be displayed (missing 47 ms)
[WARN] picture is too late to be displayed (missing 51 ms)
[WARN] picture is too late to be displayed (missing 47 ms)
[WARN] picture is too late to be displayed (missing 48 ms)
[WARN] picture is too late to be displayed (missing 49 ms)
[WARN] picture is too late to be displayed (missing 50 ms)
[WARN] picture is too late to be displayed (missing 47 ms)
[WARN] picture is too late to be displayed (missing 48 ms)
[WARN] picture is too late to be displayed (missing 50 ms)
[WARN] picture is too late to be displayed (missing 51 ms)
[WARN] picture is too late to be displayed (missing 50 ms)
[WARN] picture is too late to be displayed (missing 50 ms)
[WARN] picture is too late to be displayed (missing 45 ms)
[WARN] picture is too late to be displayed (missing 51 ms)
[WARN] picture is too late to be displayed (missing 50 ms)
[WARN] picture is too late to be displayed (missing 49 ms)
[WARN] picture is too late to be displayed (missing 47 ms)
[WARN] picture is too late to be displayed (missing 50 ms)
[WARN] picture is too late to be displayed (missing 50 ms)
[WARN] picture is too late to be displayed (missing 49 ms)
[WARN] picture is too late to be displayed (missing 50 ms)
[WARN] picture is too late to be displayed (missing 46 ms)
[WARN] picture is too late to be displayed (missing 50 ms)
[WARN] picture is too late to be displayed (missing 48 ms)
[WARN] picture is too late to be displayed (missing 49 ms)
[WARN] picture is too late to be displayed (missing 48 ms)
[WARN] picture is too late to be displayed (missing 49 ms)
[WARN] picture is too late to be displayed (missing 49 ms)
[WARN] picture is too late to be displayed (missing 50 ms)
[WARN] picture is too late to be displayed (missing 50 ms)
[WARN] picture is too late to be displayed (missing 50 ms)
[WARN] picture is too late to be displayed (missing 50 ms)
[WARN] picture is too late to be displayed (missing 46 ms)
[WARN] picture is too late to be displayed (missing 48 ms)
[WARN] picture is too late to be displayed (missing 46 ms)
[WARN] picture is too late to be displayed (missing 51 ms)
[WARN] picture is too late to be displayed (missing 50 ms)
[WARN] picture is too late to be displayed (missing 49 ms)
[WARN] picture is too late to be displayed (missing 50 ms)
[WARN] picture is too late to be displayed (missing 51 ms)
[WARN] picture is too late to be displayed (missing 49 ms)
[WARN] picture is too late to be displayed (missing 51 ms)
[WARN] picture is too late to be displayed (missing 45 ms)
[WARN] picture is too late to be displayed (missing 48 ms)
[WARN] picture is too late to be displayed (missing 50 ms)
[WARN] picture is too late to be displayed (missing 49 ms)
[WARN] picture is too late to be displayed (missing 50 ms)
[WARN] picture is too late to be displayed (missing 51 ms)
[WARN] picture is too late to be displayed (missing 51 ms)
[WARN] picture is too late to be displayed (missing 51 ms)
[WARN] picture is too late to be displayed (missing 51 ms)
[WARN] picture is too late to be displayed (missing 51 ms)
[WARN] picture is too late to be displayed (missing 46 ms)
[WARN] picture is too late to be displayed (missing 49 ms)
[WARN] picture is too late to be displayed (missing 50 ms)
[WARN] picture is too late to be displayed (missing 49 ms)
[WARN] picture is too late to be displayed (missing 48 ms)
[WARN] picture is too late to be displayed (missing 49 ms)
[WARN] picture is too late to be displayed (missing 51 ms)
[WARN] picture is too late to be displayed (missing 51 ms)
[WARN] picture is too late to be displayed (missing 50 ms)
[WARN] picture is too late to be displayed (missing 51 ms)
[WARN] picture is too late to be displayed (missing 51 ms)
[WARN] picture is too late to be displayed (missing 51 ms)
[WARN] picture is too late to be displayed (missing 48 ms)
[WARN] picture is too late to be displayed (missing 51 ms)
[WARN] picture is too late to be displayed (missing 48 ms)
[WARN] picture is too late to be displayed (missing 50 ms)
[WARN] picture is too late to be displayed (missing 49 ms)
[WARN] picture is too late to be displayed (missing 50 ms)
[WARN] picture is too late to be displayed (missing 46 ms)
[WARN] picture is too late to be displayed (missing 51 ms)
[WARN] picture is too late to be displayed (missing 50 ms)
[WARN] picture is too late to be displayed (missing 51 ms)
[WARN] picture is too late to be displayed (missing 48 ms)
[WARN] picture is too late to be displayed (missing 50 ms)
[WARN] picture is too late to be displayed (missing 51 ms)
[WARN] picture is too late to be displayed (missing 51 ms)
[WARN] picture is too late to be displayed (missing 46 ms)
[WARN] picture is too late to be displayed (missing 47 ms)
[WARN] picture is too late to be displayed (missing 51 ms)
[WARN] picture is too late to be displayed (missing 48 ms)
[WARN] picture is too late to be displayed (missing 50 ms)
[WARN] picture is too late to be displayed (missing 49 ms)
[WARN] picture is too late to be displayed (missing 49 ms)
[WARN] picture is too late to be displayed (missing 47 ms)
[WARN] picture is too late to be displayed (missing 50 ms)
[WARN] picture is too late to be displayed (missing 51 ms)
[WARN] picture is too late to be displayed (missing 49 ms)
[WARN] picture is too late to be displayed (missing 50 ms)
[WARN] picture is too late to be displayed (missing 47 ms)
[WARN] picture is too late to be displayed (missing 50 ms)
[WARN] picture is too late to be displayed (missing 46 ms)
[WARN] picture is too late to be displayed (missing 50 ms)
[WARN] picture is too late to be displayed (missing 50 ms)
[WARN] picture is too late to be displayed (missing 50 ms)
[WARN] picture is too late to be displayed (missing 49 ms)
[WARN] picture is too late to be displayed (missing 47 ms)
[WARN] picture is too late to be displayed (missing 49 ms)
[WARN] picture is too late to be displayed (missing 50 ms)
[WARN] picture is too late to be displayed (missing 49 ms)
[WARN] picture is too late to be displayed (missing 49 ms)
[WARN] picture is too late to be displayed (missing 50 ms)
[WARN] picture is too late to be displayed (missing 49 ms)
[WARN] picture is too late to be displayed (missing 46 ms)
[WARN] picture is too late to be displayed (missing 49 ms)
[WARN] picture is too late to be displayed (missing 46 ms)
[WARN] picture is too late to be displayed (missing 48 ms)
[WARN] picture is too late to be displayed (missing 50 ms)
[WARN] picture is too late to be displayed (missing 50 ms)
[WARN] picture is too late to be displayed (missing 50 ms)
[WARN] picture is too late to be displayed (missing 51 ms)
[WARN] picture is too late to be displayed (missing 48 ms)
[WARN] picture is too late to be displayed (missing 51 ms)
[WARN] picture is too late to be displayed (missing 51 ms)
[WARN] picture is too late to be displayed (missing 51 ms)
[WARN] picture is too late to be displayed (missing 51 ms)
[WARN] picture is too late to be displayed (missing 51 ms)
[WARN] picture is too late to be displayed (missing 48 ms)
[WARN] picture is too late to be displayed (missing 51 ms)
[WARN] picture is too late to be displayed (missing 47 ms)
[WARN] picture is too late to be displayed (missing 46 ms)
[WARN] picture is too late to be displayed (missing 51 ms)
[WARN] picture is too late to be displayed (missing 51 ms)
[WARN] picture is too late to be displayed (missing 48 ms)
[WARN] picture is too late to be displayed (missing 46 ms)
[WARN] picture is too late to be displayed (missing 48 ms)
[WARN] picture is too late to be displayed (missing 51 ms)
[WARN] picture is too late to be displayed (missing 49 ms)
[WARN] picture is too late to be displayed (missing 51 ms)
[WARN] picture is too late to be displayed (missing 48 ms)
[WARN] picture is too late to be displayed (missing 47 ms)
[WARN] picture is too late to be displayed (missing 49 ms)
[WARN] picture is too late to be displayed (missing 51 ms)
[WARN] picture is too late to be displayed (missing 49 ms)
[WARN] picture is too late to be displayed (missing 51 ms)
[WARN] picture is too late to be displayed (missing 47 ms)
[WARN] picture is too late to be displayed (missing 46 ms)
[WARN] picture is too late to be displayed (missing 48 ms)
[WARN] picture is too late to be displayed (missing 48 ms)
[WARN] picture is too late to be displayed (missing 48 ms)
[WARN] picture is too late to be displayed (missing 51 ms)
[WARN] picture is too late to be displayed (missing 47 ms)
[WARN] picture is too late to be displayed (missing 48 ms)
[WARN] picture is too late to be displayed (missing 51 ms)
[WARN] picture is too late to be displayed (missing 49 ms)
[WARN] picture is too late to be displayed (missing 49 ms)
[WARN] picture is too late to be displayed (missing 51 ms)
[WARN] picture is too late to be displayed (missing 49 ms)
[WARN] picture is too late to be displayed (missing 49 ms)
[WARN] picture is too late to be displayed (missing 49 ms)
[WARN] picture is too late to be displayed (missing 47 ms)
[WARN] picture is too late to be displayed (missing 49 ms)
[WARN] picture is too late to be displayed (missing 51 ms)
[WARN] picture is too late to be displayed (missing 50 ms)
[WARN] picture is too late to be displayed (missing 51 ms)
[WARN] picture is too late to be displayed (missing 50 ms)
[WARN] picture is too late to be displayed (missing 49 ms)
[WARN] picture is too late to be displayed (missing 51 ms)
[WARN] picture is too late to be displayed (missing 51 ms)
[WARN] picture is too late to be displayed (missing 47 ms)
[WARN] picture is too late to be displayed (missing 46 ms)
[WARN] picture is too late to be displayed (missing 48 ms)
[WARN] picture is too late to be displayed (missing 46 ms)
[WARN] picture is too late to be displayed (missing 50 ms)
[WARN] picture is too late to be displayed (missing 50 ms)
[WARN] picture is too late to be displayed (missing 49 ms)
[WARN] picture is too late to be displayed (missing 50 ms)
[WARN] picture is too late to be displayed (missing 48 ms)
[WARN] picture is too late to be displayed (missing 50 ms)
[WARN] picture is too late to be displayed (missing 48 ms)
[WARN] picture is too late to be displayed (missing 50 ms)
[WARN] picture is too late to be displayed (missing 48 ms)
[WARN] picture is too late to be displayed (missing 48 ms)
[WARN] picture is too late to be displayed (missing 49 ms)
[WARN] picture is too late to be displayed (missing 46 ms)
[WARN] picture is too late to be displayed (missing 48 ms)
[WARN] picture is too late to be displayed (missing 50 ms)
[WARN] picture is too late to be displayed (missing 51 ms)
[WARN] picture is too late to be displayed (missing 50 ms)
[WARN] picture is too late to be displayed (missing 50 ms)
[WARN] picture is too late to be displayed (missing 50 ms)
[WARN] picture is too late to be displayed (missing 46 ms)
[WARN] picture is too late to be displayed (missing 51 ms)
[WARN] picture is too late to be displayed (missing 50 ms)
[WARN] picture is too late to be displayed (missing 50 ms)
[WARN] picture is too late to be displayed (missing 50 ms)
[WARN] picture is too late to be displayed (missing 44 ms)
[WARN] picture is too late to be displayed (missing 46 ms)
[WARN] picture is too late to be displayed (missing 49 ms)
[WARN] picture is too late to be displayed (missing 47 ms)
[WARN] picture is too late to be displayed (missing 50 ms)
[WARN] picture is too late to be displayed (missing 47 ms)
[WARN] picture is too late to be displayed (missing 51 ms)
[WARN] picture is too late to be displayed (missing 47 ms)
[WARN] picture is too late to be displayed (missing 49 ms)
[WARN] picture is too late to be displayed (missing 51 ms)
[WARN] picture is too late to be displayed (missing 46 ms)
[WARN] picture is too late to be displayed (missing 47 ms)
[WARN] picture is too late to be displayed (missing 48 ms)
[WARN] picture is too late to be displayed (missing 51 ms)
[WARN] picture is too late to be displayed (missing 50 ms)
[WARN] picture is too late to be displayed (missing 49 ms)
[WARN] picture is too late to be displayed (missing 46 ms)
[WARN] picture is too late to be displayed (missing 50 ms)
[WARN] picture is too late to be displayed (missing 48 ms)
[WARN] picture is too late to be displayed (missing 49 ms)
[WARN] picture is too late to be displayed (missing 50 ms)
[WARN] picture is too late to be displayed (missing 50 ms)
[WARN] picture is too late to be displayed (missing 50 ms)
[WARN] picture is too late to be displayed (missing 50 ms)
[WARN] picture is too late to be displayed (missing 50 ms)
[WARN] picture is too late to be displayed (missing 51 ms)
[WARN] picture is too late to be displayed (missing 51 ms)
[WARN] picture is too late to be displayed (missing 47 ms)
[WARN] picture is too late to be displayed (missing 49 ms)
[WARN] picture is too late to be displayed (missing 50 ms)
[WARN] picture is too late to be displayed (missing 50 ms)
[WARN] picture is too late to be displayed (missing 51 ms)
[WARN] picture is too late to be displayed (missing 49 ms)
[WARN] picture is too late to be displayed (missing 51 ms)
[WARN] picture is too late to be displayed (missing 47 ms)
[WARN] picture is too late to be displayed (missing 49 ms)
[WARN] picture is too late to be displayed (missing 51 ms)
[WARN] picture is too late to be displayed (missing 50 ms)
[WARN] picture is too late to be displayed (missing 51 ms)
[WARN] picture is too late to be displayed (missing 47 ms)
[WARN] picture is too late to be displayed (missing 50 ms)
[WARN] picture is too late to be displayed (missing 45 ms)
[WARN] picture is too late to be displayed (missing 50 ms)
[WARN] picture is too late to be displayed (missing 49 ms)
[WARN] picture is too late to be displayed (missing 51 ms)
[WARN] picture is too late to be displayed (missing 48 ms)
[WARN] picture is too late to be displayed (missing 50 ms)
[WARN] picture is too late to be displayed (missing 51 ms)
[WARN] picture is too late to be displayed (missing 48 ms)
[WARN] picture is too late to be displayed (missing 48 ms)
[WARN] picture is too late to be displayed (missing 46 ms)
[WARN] picture is too late to be displayed (missing 48 ms)
[WARN] picture is too late to be displayed (missing 50 ms)
[WARN] picture is too late to be displayed (missing 51 ms)
[WARN] picture is too late to be displayed (missing 49 ms)
[WARN] picture is too late to be displayed (missing 51 ms)
[WARN] picture is too late to be displayed (missing 49 ms)
[WARN] picture is too late to be displayed (missing 50 ms)
[WARN] picture is too late to be displayed (missing 45 ms)
[WARN] picture is too late to be displayed (missing 50 ms)
[WARN] picture is too late to be displayed (missing 50 ms)
[WARN] picture is too late to be displayed (missing 49 ms)
[WARN] picture is too late to be displayed (missing 50 ms)
[WARN] picture is too late to be displayed (missing 47 ms)
[WARN] picture is too late to be displayed (missing 51 ms)
[WARN] picture is too late to be displayed (missing 48 ms)
[WARN] picture is too late to be displayed (missing 51 ms)
[WARN] picture is too late to be displayed (missing 50 ms)
[WARN] picture is too late to be displayed (missing 46 ms)
[WARN] picture is too late to be displayed (missing 47 ms)
[WARN] picture is too late to be displayed (missing 47 ms)
[WARN] picture is too late to be displayed (missing 51 ms)
[WARN] picture is too late to be displayed (missing 49 ms)
[WARN] picture is too late to be displayed (missing 50 ms)
[WARN] picture is too late to be displayed (missing 50 ms)
[WARN] picture is too late to be displayed (missing 48 ms)
[WARN] picture is too late to be displayed (missing 51 ms)
[WARN] picture is too late to be displayed (missing 47 ms)
[WARN] picture is too late to be displayed (missing 51 ms)
[WARN] picture is too late to be displayed (missing 48 ms)
[WARN] picture is too late to be displayed (missing 49 ms)
[WARN] picture is too late to be displayed (missing 47 ms)
[WARN] picture is too late to be displayed (missing 51 ms)
[WARN] picture is too late to be displayed (missing 50 ms)
[WARN] picture is too late to be displayed (missing 51 ms)
[WARN] picture is too late to be displayed (missing 50 ms)
[WARN] picture is too late to be displayed (missing 47 ms)
[WARN] picture is too late to be displayed (missing 48 ms)
[WARN] picture is too late to be displayed (missing 50 ms)
[WARN] picture is too late to be displayed (missing 50 ms)
[WARN] picture is too late to be displayed (missing 49 ms)
[WARN] picture is too late to be displayed (missing 45 ms)
[WARN] picture is too late to be displayed (missing 47 ms)
[WARN] picture is too late to be displayed (missing 50 ms)
[WARN] picture is too late to be displayed (missing 47 ms)
[WARN] picture is too late to be displayed (missing 49 ms)
[WARN] picture is too late to be displayed (missing 50 ms)
[WARN] picture is too late to be displayed (missing 48 ms)
[WARN] picture is too late to be displayed (missing 51 ms)
[WARN] picture is too late to be displayed (missing 49 ms)
[WARN] picture is too late to be displayed (missing 50 ms)
[WARN] picture is too late to be displayed (missing 46 ms)
[WARN] picture is too late to be displayed (missing 51 ms)
[WARN] picture is too late to be displayed (missing 49 ms)
[WARN] picture is too late to be displayed (missing 49 ms)
[WARN] picture is too late to be displayed (missing 47 ms)
[WARN] picture is too late to be displayed (missing 48 ms)
[WARN] picture is too late to be displayed (missing 48 ms)
[WARN] picture is too late to be displayed (missing 50 ms)
[WARN] picture is too late to be displayed (missing 47 ms)
[WARN] picture is too late to be displayed (missing 51 ms)
[WARN] picture is too late to be displayed (missing 48 ms)
[WARN] picture is too late to be displayed (missing 50 ms)
[WARN] picture is too late to be displayed (missing 51 ms)
[WARN] picture is too late to be displayed (missing 50 ms)
[WARN] picture is too late to be displayed (missing 48 ms)
[WARN] picture is too late to be displayed (missing 48 ms)
[WARN] picture is too late to be displayed (missing 51 ms)
[WARN] picture is too late to be displayed (missing 50 ms)
[WARN] picture is too late to be displayed (missing 46 ms)
[WARN] picture is too late to be displayed (missing 50 ms)
[WARN] picture is too late to be displayed (missing 47 ms)
[WARN] picture is too late to be displayed (missing 48 ms)
[WARN] picture is too late to be displayed (missing 48 ms)
[WARN] picture is too late to be displayed (missing 51 ms)
[WARN] picture is too late to be displayed (missing 46 ms)
[WARN] picture is too late to be displayed (missing 51 ms)
[WARN] picture is too late to be displayed (missing 50 ms)
[WARN] picture is too late to be displayed (missing 48 ms)
[WARN] picture is too late to be displayed (missing 46 ms)
[WARN] picture is too late to be displayed (missing 45 ms)
[WARN] picture is too late to be displayed (missing 46 ms)
[WARN] picture is too late to be displayed (missing 47 ms)
[WARN] picture is too late to be displayed (missing 50 ms)
[WARN] picture is too late to be displayed (missing 51 ms)
[WARN] picture is too late to be displayed (missing 50 ms)
[WARN] picture is too late to be displayed (missing 51 ms)
[WARN] picture is too late to be displayed (missing 47 ms)
[WARN] picture is too late to be displayed (missing 51 ms)
[WARN] picture is too late to be displayed (missing 50 ms)
[WARN] picture is too late to be displayed (missing 46 ms)
[WARN] picture is too late to be displayed (missing 50 ms)
[WARN] picture is too late to be displayed (missing 51 ms)
[WARN] picture is too late to be displayed (missing 50 ms)
[WARN] picture is too late to be displayed (missing 50 ms)
[WARN] picture is too late to be displayed (missing 49 ms)
[WARN] picture is too late to be displayed (missing 49 ms)
[WARN] picture is too late to be displayed (missing 50 ms)
[WARN] picture is too late to be displayed (missing 51 ms)
[WARN] picture is too late to be displayed (missing 50 ms)
[WARN] picture is too late to be displayed (missing 51 ms)
[WARN] picture is too late to be displayed (missing 50 ms)
[WARN] picture is too late to be displayed (missing 51 ms)
[WARN] picture is too late to be displayed (missing 50 ms)
[WARN] picture is too late to be displayed (missing 50 ms)
[WARN] picture is too late to be displayed (missing 46 ms)
[WARN] picture is too late to be displayed (missing 47 ms)
[WARN] picture is too late to be displayed (missing 51 ms)
[WARN] picture is too late to be displayed (missing 51 ms)
[WARN] picture is too late to be displayed (missing 50 ms)
[WARN] picture is too late to be displayed (missing 50 ms)
[WARN] picture is too late to be displayed (missing 46 ms)
[WARN] picture is too late to be displayed (missing 47 ms)
[WARN] picture is too late to be displayed (missing 47 ms)
[WARN] picture is too late to be displayed (missing 48 ms)
[WARN] picture is too late to be displayed (missing 51 ms)
[WARN] picture is too late to be displayed (missing 51 ms)
[WARN] picture is too late to be displayed (missing 50 ms)
[WARN] picture is too late to be displayed (missing 51 ms)
[WARN] picture is too late to be displayed (missing 51 ms)
[WARN] picture is too late to be displayed (missing 50 ms)
[WARN] picture is too late to be displayed (missing 50 ms)
[WARN] picture is too late to be displayed (missing 49 ms)
[WARN] picture is too late to be displayed (missing 49 ms)
[WARN] picture is too late to be displayed (missing 51 ms)
[WARN] picture is too late to be displayed (missing 51 ms)
[WARN] picture is too late to be displayed (missing 50 ms)
[WARN] picture is too late to be displayed (missing 47 ms)
[WARN] picture is too late to be displayed (missing 51 ms)
[WARN] picture is too late to be displayed (missing 48 ms)
[WARN] picture is too late to be displayed (missing 46 ms)
[WARN] picture is too late to be displayed (missing 51 ms)
[WARN] picture is too late to be displayed (missing 51 ms)
[WARN] picture is too late to be displayed (missing 46 ms)
[WARN] picture is too late to be displayed (missing 47 ms)
[WARN] picture is too late to be displayed (missing 50 ms)
[WARN] picture is too late to be displayed (missing 51 ms)
[WARN] picture is too late to be displayed (missing 50 ms)
[WARN] picture is too late to be displayed (missing 47 ms)
[WARN] picture is too late to be displayed (missing 51 ms)
[WARN] picture is too late to be displayed (missing 51 ms)
[WARN] picture is too late to be displayed (missing 50 ms)
[WARN] picture is too late to be displayed (missing 51 ms)
[WARN] picture is too late to be displayed (missing 51 ms)
[WARN] picture is too late to be displayed (missing 47 ms)
[WARN] picture is too late to be displayed (missing 50 ms)
[WARN] picture is too late to be displayed (missing 48 ms)
[WARN] picture is too late to be displayed (missing 48 ms)
[WARN] picture is too late to be displayed (missing 50 ms)
[WARN] picture is too late to be displayed (missing 51 ms)
[WARN] picture is too late to be displayed (missing 46 ms)
[WARN] picture is too late to be displayed (missing 48 ms)
[WARN] picture is too late to be displayed (missing 47 ms)
[WARN] picture is too late to be displayed (missing 49 ms)
[WARN] picture is too late to be displayed (missing 51 ms)
[WARN] picture is too late to be displayed (missing 47 ms)
[WARN] picture is too late to be displayed (missing 51 ms)
[WARN] picture is too late to be displayed (missing 50 ms)
[WARN] picture is too late to be displayed (missing 52 ms)
[WARN] picture is too late to be displayed (missing 46 ms)
[WARN] picture is too late to be displayed (missing 51 ms)
[WARN] picture is too late to be displayed (missing 47 ms)
[WARN] picture is too late to be displayed (missing 51 ms)
[WARN] picture is too late to be displayed (missing 51 ms)
[WARN] picture is too late to be displayed (missing 50 ms)
[WARN] picture is too late to be displayed (missing 47 ms)
[WARN] picture is too late to be displayed (missing 48 ms)
[WARN] picture is too late to be displayed (missing 48 ms)
[WARN] picture is too late to be displayed (missing 50 ms)
[WARN] picture is too late to be displayed (missing 49 ms)
[WARN] picture is too late to be displayed (missing 50 ms)
[WARN] picture is too late to be displayed (missing 49 ms)
[WARN] picture is too late to be displayed (missing 49 ms)
[WARN] picture is too late to be displayed (missing 50 ms)
[WARN] picture is too late to be displayed (missing 50 ms)
[WARN] picture is too late to be displayed (missing 45 ms)
[WARN] picture is too late to be displayed (missing 49 ms)
[WARN] picture is too late to be displayed (missing 49 ms)
[WARN] picture is too late to be displayed (missing 50 ms)
[WARN] picture is too late to be displayed (missing 50 ms)
[WARN] picture is too late to be displayed (missing 47 ms)
[WARN] picture is too late to be displayed (missing 48 ms)
[WARN] picture is too late to be displayed (missing 50 ms)
[WARN] picture is too late to be displayed (missing 45 ms)
[WARN] picture is too late to be displayed (missing 46 ms)
[WARN] picture is too late to be displayed (missing 51 ms)
[WARN] picture is too late to be displayed (missing 46 ms)
[WARN] picture is too late to be displayed (missing 50 ms)
[WARN] picture is too late to be displayed (missing 46 ms)
[WARN] picture is too late to be displayed (missing 50 ms)
[WARN] picture is too late to be displayed (missing 46 ms)
[WARN] picture is too late to be displayed (missing 50 ms)
[WARN] picture is too late to be displayed (missing 47 ms)
[WARN] picture is too late to be displayed (missing 49 ms)
[WARN] picture is too late to be displayed (missing 47 ms)
[WARN] picture is too late to be displayed (missing 49 ms)
[WARN] picture is too late to be displayed (missing 51 ms)
[WARN] picture is too late to be displayed (missing 49 ms)
[WARN] picture is too late to be displayed (missing 48 ms)
[WARN] picture is too late to be displayed (missing 50 ms)
[WARN] picture is too late to be displayed (missing 47 ms)
[WARN] picture is too late to be displayed (missing 49 ms)
[WARN] picture is too late to be displayed (missing 49 ms)
[WARN] picture is too late to be displayed (missing 50 ms)
[WARN] picture is too late to be displayed (missing 51 ms)
[WARN] picture is too late to be displayed (missing 46 ms)
[WARN] picture is too late to be displayed (missing 47 ms)
[WARN] picture is too late to be displayed (missing 50 ms)
[WARN] picture is too late to be displayed (missing 49 ms)
[WARN] picture is too late to be displayed (missing 50 ms)
[WARN] picture is too late to be displayed (missing 47 ms)
[WARN] picture is too late to be displayed (missing 50 ms)
[WARN] picture is too late to be displayed (missing 48 ms)
[WARN] picture is too late to be displayed (missing 46 ms)
[WARN] picture is too late to be displayed (missing 48 ms)
[WARN] picture is too late to be displayed (missing 49 ms)
[WARN] picture is too late to be displayed (missing 49 ms)
[WARN] picture is too late to be displayed (missing 48 ms)
[WARN] picture is too late to be displayed (missing 51 ms)
[WARN] picture is too late to be displayed (missing 50 ms)
[WARN] picture is too late to be displayed (missing 49 ms)
[WARN] picture is too late to be displayed (missing 45 ms)
[WARN] picture is too late to be displayed (missing 51 ms)
[WARN] picture is too late to be displayed (missing 52 ms)
[WARN] picture is too late to be displayed (missing 48 ms)
[WARN] picture is too late to be displayed (missing 49 ms)
[WARN] picture is too late to be displayed (missing 50 ms)
[WARN] picture is too late to be displayed (missing 45 ms)
[WARN] picture is too late to be displayed (missing 47 ms)
[WARN] picture is too late to be displayed (missing 48 ms)
[WARN] picture is too late to be displayed (missing 48 ms)
[WARN] picture is too late to be displayed (missing 50 ms)
[WARN] picture is too late to be displayed (missing 50 ms)
[WARN] picture is too late to be displayed (missing 48 ms)
[WARN] picture is too late to be displayed (missing 49 ms)
[WARN] picture is too late to be displayed (missing 46 ms)
[WARN] picture is too late to be displayed (missing 50 ms)
[WARN] picture is too late to be displayed (missing 50 ms)
[WARN] picture is too late to be displayed (missing 51 ms)
[WARN] picture is too late to be displayed (missing 47 ms)
[WARN] picture is too late to be displayed (missing 49 ms)
[WARN] picture is too late to be displayed (missing 50 ms)
[WARN] picture is too late to be displayed (missing 51 ms)
[WARN] picture is too late to be displayed (missing 47 ms)
[WARN] picture is too late to be displayed (missing 45 ms)
[WARN] picture is too late to be displayed (missing 50 ms)
[WARN] picture is too late to be displayed (missing 46 ms)
[WARN] picture is too late to be displayed (missing 50 ms)
[WARN] picture is too late to be displayed (missing 46 ms)
[WARN] picture is too late to be displayed (missing 46 ms)
[WARN] picture is too late to be displayed (missing 51 ms)
[WARN] picture is too late to be displayed (missing 49 ms)
[WARN] picture is too late to be displayed (missing 46 ms)
[WARN] picture is too late to be displayed (missing 46 ms)
[WARN] picture is too late to be displayed (missing 49 ms)
[WARN] picture is too late to be displayed (missing 50 ms)
[WARN] picture is too late to be displayed (missing 47 ms)
[WARN] picture is too late to be displayed (missing 50 ms)
[WARN] picture is too late to be displayed (missing 50 ms)
[WARN] picture is too late to be displayed (missing 48 ms)
[WARN] picture is too late to be displayed (missing 49 ms)
[WARN] picture is too late to be displayed (missing 50 ms)
[WARN] picture is too late to be displayed (missing 51 ms)
[WARN] picture is too late to be displayed (missing 47 ms)
[WARN] picture is too late to be displayed (missing 49 ms)
[WARN] picture is too late to be displayed (missing 46 ms)
[WARN] picture is too late to be displayed (missing 50 ms)
[WARN] picture is too late to be displayed (missing 50 ms)
[WARN] picture is too late to be displayed (missing 49 ms)
[WARN] picture is too late to be displayed (missing 51 ms)
[WARN] picture is too late to be displayed (missing 51 ms)
[WARN] picture is too late to be displayed (missing 49 ms)
[WARN] picture is too late to be displayed (missing 46 ms)
[WARN] picture is too late to be displayed (missing 50 ms)
[WARN] picture is too late to be displayed (missing 49 ms)
[WARN] picture is too late to be displayed (missing 47 ms)
[WARN] picture is too late to be displayed (missing 46 ms)
[WARN] picture is too late to be displayed (missing 49 ms)
[WARN] picture is too late to be displayed (missing 48 ms)
[WARN] picture is too late to be displayed (missing 51 ms)
[WARN] picture is too late to be displayed (missing 50 ms)
[WARN] picture is too late to be displayed (missing 51 ms)
[WARN] picture is too late to be displayed (missing 48 ms)
[WARN] picture is too late to be displayed (missing 50 ms)
[WARN] picture is too late to be displayed (missing 50 ms)
[WARN] picture is too late to be displayed (missing 51 ms)
[WARN] picture is too late to be displayed (missing 51 ms)
[WARN] picture is too late to be displayed (missing 48 ms)
[WARN] picture is too late to be displayed (missing 46 ms)
[WARN] picture is too late to be displayed (missing 50 ms)
[WARN] picture is too late to be displayed (missing 48 ms)
[WARN] picture is too late to be displayed (missing 49 ms)
[WARN] picture is too late to be displayed (missing 46 ms)
[WARN] picture is too late to be displayed (missing 46 ms)
[WARN] picture is too late to be displayed (missing 50 ms)
[WARN] picture is too late to be displayed (missing 45 ms)
[WARN] picture is too late to be displayed (missing 51 ms)
[WARN] picture is too late to be displayed (missing 46 ms)
[WARN] picture is too late to be displayed (missing 51 ms)
[WARN] picture is too late to be displayed (missing 46 ms)
[WARN] picture is too late to be displayed (missing 49 ms)
[WARN] picture is too late to be displayed (missing 46 ms)
[WARN] picture is too late to be displayed (missing 51 ms)
[WARN] picture is too late to be displayed (missing 51 ms)
[WARN] picture is too late to be displayed (missing 49 ms)
[WARN] picture is too late to be displayed (missing 46 ms)
[WARN] picture is too late to be displayed (missing 50 ms)
[WARN] picture is too late to be displayed (missing 46 ms)
[WARN] picture is too late to be displayed (missing 51 ms)
[WARN] picture is too late to be displayed (missing 50 ms)
[WARN] picture is too late to be displayed (missing 51 ms)
[WARN] picture is too late to be displayed (missing 46 ms)
[WARN] picture is too late to be displayed (missing 49 ms)
[WARN] picture is too late to be displayed (missing 49 ms)
[WARN] picture is too late to be displayed (missing 51 ms)
[WARN] picture is too late to be displayed (missing 51 ms)
[WARN] picture is too late to be displayed (missing 51 ms)
[WARN] picture is too late to be displayed (missing 49 ms)
[WARN] picture is too late to be displayed (missing 50 ms)
[WARN] picture is too late to be displayed (missing 47 ms)
[WARN] picture is too late to be displayed (missing 50 ms)
[WARN] picture is too late to be displayed (missing 46 ms)
[WARN] picture is too late to be displayed (missing 49 ms)
[WARN] picture is too late to be displayed (missing 51 ms)
[WARN] picture is too late to be displayed (missing 50 ms)
[WARN] picture is too late to be displayed (missing 47 ms)
[WARN] picture is too late to be displayed (missing 51 ms)
[WARN] picture is too late to be displayed (missing 47 ms)
[WARN] picture is too late to be displayed (missing 47 ms)
[WARN] picture is too late to be displayed (missing 51 ms)
[WARN] picture is too late to be displayed (missing 46 ms)
[WARN] picture is too late to be displayed (missing 47 ms)
[WARN] picture is too late to be displayed (missing 49 ms)
[WARN] picture is too late to be displayed (missing 46 ms)
[WARN] picture is too late to be displayed (missing 47 ms)
[WARN] picture is too late to be displayed (missing 50 ms)
[WARN] picture is too late to be displayed (missing 47 ms)
[WARN] picture is too late to be displayed (missing 50 ms)
[WARN] picture is too late to be displayed (missing 51 ms)
[WARN] picture is too late to be displayed (missing 50 ms)
[WARN] picture is too late to be displayed (missing 47 ms)
[WARN] picture is too late to be displayed (missing 51 ms)
[WARN] picture is too late to be displayed (missing 45 ms)
[WARN] picture is too late to be displayed (missing 50 ms)
[WARN] picture is too late to be displayed (missing 51 ms)
[WARN] picture is too late to be displayed (missing 51 ms)
[WARN] picture is too late to be displayed (missing 49 ms)
[WARN] picture is too late to be displayed (missing 45 ms)
[WARN] picture is too late to be displayed (missing 50 ms)
[WARN] picture is too late to be displayed (missing 47 ms)
[WARN] picture is too late to be displayed (missing 50 ms)
[WARN] picture is too late to be displayed (missing 50 ms)
[WARN] picture is too late to be displayed (missing 51 ms)
[WARN] picture is too late to be displayed (missing 49 ms)
[WARN] picture is too late to be displayed (missing 51 ms)
[WARN] picture is too late to be displayed (missing 50 ms)
[WARN] picture is too late to be displayed (missing 49 ms)
[WARN] picture is too late to be displayed (missing 50 ms)
[WARN] picture is too late to be displayed (missing 48 ms)
[WARN] picture is too late to be displayed (missing 50 ms)
[WARN] picture is too late to be displayed (missing 50 ms)
[WARN] picture is too late to be displayed (missing 48 ms)
[WARN] picture is too late to be displayed (missing 48 ms)
[WARN] picture is too late to be displayed (missing 49 ms)
[WARN] picture is too late to be displayed (missing 46 ms)
[WARN] picture is too late to be displayed (missing 51 ms)
[WARN] picture is too late to be displayed (missing 46 ms)
[WARN] picture is too late to be displayed (missing 51 ms)
[WARN] picture is too late to be displayed (missing 47 ms)
[WARN] picture is too late to be displayed (missing 51 ms)
[WARN] picture is too late to be displayed (missing 49 ms)
[WARN] picture is too late to be displayed (missing 51 ms)
[WARN] picture is too late to be displayed (missing 49 ms)
[WARN] picture is too late to be displayed (missing 48 ms)
[WARN] picture is too late to be displayed (missing 49 ms)
[WARN] picture is too late to be displayed (missing 51 ms)
[WARN] picture is too late to be displayed (missing 47 ms)
[WARN] picture is too late to be displayed (missing 46 ms)
[WARN] picture is too late to be displayed (missing 50 ms)
[WARN] picture is too late to be displayed (missing 48 ms)
[WARN] picture is too late to be displayed (missing 49 ms)
[WARN] picture is too late to be displayed (missing 47 ms)
[WARN] picture is too late to be displayed (missing 50 ms)
[WARN] picture is too late to be displayed (missing 47 ms)
[WARN] picture is too late to be displayed (missing 46 ms)
[WARN] picture is too late to be displayed (missing 51 ms)
[WARN] picture is too late to be displayed (missing 50 ms)
[WARN] picture is too late to be displayed (missing 47 ms)
[WARN] picture is too late to be displayed (missing 50 ms)
[WARN] picture is too late to be displayed (missing 51 ms)
[WARN] picture is too late to be displayed (missing 49 ms)
[WARN] picture is too late to be displayed (missing 47 ms)
[WARN] picture is too late to be displayed (missing 45 ms)
[WARN] picture is too late to be displayed (missing 51 ms)
[WARN] picture is too late to be displayed (missing 47 ms)
[WARN] picture is too late to be displayed (missing 50 ms)
[WARN] picture is too late to be displayed (missing 50 ms)
[WARN] picture is too late to be displayed (missing 49 ms)
[WARN] picture is too late to be displayed (missing 51 ms)
[WARN] picture is too late to be displayed (missing 44 ms)
[WARN] picture is too late to be displayed (missing 50 ms)
[WARN] picture is too late to be displayed (missing 51 ms)
[WARN] picture is too late to be displayed (missing 49 ms)
[WARN] picture is too late to be displayed (missing 49 ms)
[WARN] picture is too late to be displayed (missing 49 ms)
[WARN] picture is too late to be displayed (missing 46 ms)
[WARN] picture is too late to be displayed (missing 51 ms)
[WARN] picture is too late to be displayed (missing 46 ms)
[WARN] picture is too late to be displayed (missing 50 ms)
[WARN] picture is too late to be displayed (missing 51 ms)
[WARN] picture is too late to be displayed (missing 51 ms)
[WARN] picture is too late to be displayed (missing 48 ms)
[WARN] picture is too late to be displayed (missing 51 ms)
[WARN] picture is too late to be displayed (missing 49 ms)
[WARN] picture is too late to be displayed (missing 48 ms)
[WARN] picture is too late to be displayed (missing 48 ms)
[WARN] picture is too late to be displayed (missing 50 ms)
[WARN] picture is too late to be displayed (missing 47 ms)
[WARN] picture is too late to be displayed (missing 51 ms)
[WARN] picture is too late to be displayed (missing 49 ms)
[WARN] picture is too late to be displayed (missing 51 ms)
[WARN] picture is too late to be displayed (missing 46 ms)
[WARN] picture is too late to be displayed (missing 51 ms)
[WARN] picture is too late to be displayed (missing 48 ms)
[WARN] picture is too late to be displayed (missing 51 ms)
[WARN] picture is too late to be displayed (missing 46 ms)
[WARN] picture is too late to be displayed (missing 47 ms)
[WARN] picture is too late to be displayed (missing 47 ms)
[WARN] picture is too late to be displayed (missing 49 ms)
[WARN] picture is too late to be displayed (missing 51 ms)
[WARN] picture is too late to be displayed (missing 51 ms)
[WARN] picture is too late to be displayed (missing 46 ms)
[WARN] picture is too late to be displayed (missing 51 ms)
[WARN] picture is too late to be displayed (missing 50 ms)
[WARN] picture is too late to be displayed (missing 46 ms)
[WARN] picture is too late to be displayed (missing 50 ms)
[WARN] picture is too late to be displayed (missing 49 ms)
[WARN] picture is too late to be displayed (missing 51 ms)
[WARN] picture is too late to be displayed (missing 51 ms)
[WARN] picture is too late to be displayed (missing 49 ms)
[WARN] picture is too late to be displayed (missing 51 ms)
[WARN] picture is too late to be displayed (missing 48 ms)
[WARN] picture is too late to be displayed (missing 50 ms)
[WARN] picture is too late to be displayed (missing 48 ms)
[WARN] picture is too late to be displayed (missing 45 ms)
[WARN] picture is too late to be displayed (missing 49 ms)
[WARN] picture is too late to be displayed (missing 51 ms)
[WARN] picture is too late to be displayed (missing 50 ms)
[WARN] picture is too late to be displayed (missing 51 ms)
[WARN] picture is too late to be displayed (missing 50 ms)
[WARN] picture is too late to be displayed (missing 51 ms)
[WARN] picture is too late to be displayed (missing 47 ms)
[WARN] picture is too late to be displayed (missing 48 ms)
[WARN] picture is too late to be displayed (missing 49 ms)
[WARN] picture is too late to be displayed (missing 49 ms)
[WARN] picture is too late to be displayed (missing 49 ms)
[WARN] picture is too late to be displayed (missing 48 ms)
[WARN] picture is too late to be displayed (missing 51 ms)
[WARN] picture is too late to be displayed (missing 50 ms)
[WARN] picture is too late to be displayed (missing 50 ms)
[WARN] picture is too late to be displayed (missing 45 ms)
[WARN] picture is too late to be displayed (missing 51 ms)
[WARN] picture is too late to be displayed (missing 50 ms)
[WARN] picture is too late to be displayed (missing 51 ms)
[WARN] picture is too late to be displayed (missing 50 ms)
[WARN] picture is too late to be displayed (missing 51 ms)
[WARN] picture is too late to be displayed (missing 51 ms)
[WARN] picture is too late to be displayed (missing 48 ms)
[WARN] picture is too late to be displayed (missing 51 ms)
[WARN] picture is too late to be displayed (missing 50 ms)
[WARN] picture is too late to be displayed (missing 50 ms)
[WARN] picture is too late to be displayed (missing 51 ms)
[WARN] picture is too late to be displayed (missing 51 ms)
[WARN] picture is too late to be displayed (missing 46 ms)
[WARN] picture is too late to be displayed (missing 46 ms)
[WARN] picture is too late to be displayed (missing 51 ms)
[WARN] picture is too late to be displayed (missing 50 ms)
[WARN] picture is too late to be displayed (missing 51 ms)
[WARN] picture is too late to be displayed (missing 50 ms)
[WARN] picture is too late to be displayed (missing 51 ms)
[WARN] picture is too late to be displayed (missing 46 ms)
[WARN] picture is too late to be displayed (missing 49 ms)
[WARN] picture is too late to be displayed (missing 47 ms)
[WARN] picture is too late to be displayed (missing 47 ms)
[WARN] picture is too late to be displayed (missing 47 ms)
[WARN] picture is too late to be displayed (missing 48 ms)
[WARN] picture is too late to be displayed (missing 46 ms)
[WARN] picture is too late to be displayed (missing 47 ms)
[WARN] picture is too late to be displayed (missing 51 ms)
[WARN] picture is too late to be displayed (missing 48 ms)
[WARN] picture is too late to be displayed (missing 50 ms)
[WARN] picture is too late to be displayed (missing 49 ms)
[WARN] picture is too late to be displayed (missing 46 ms)
[WARN] picture is too late to be displayed (missing 51 ms)
[WARN] picture is too late to be displayed (missing 44 ms)
[WARN] picture is too late to be displayed (missing 48 ms)
[WARN] picture is too late to be displayed (missing 50 ms)
[WARN] picture is too late to be displayed (missing 49 ms)
[WARN] picture is too late to be displayed (missing 45 ms)
[WARN] picture is too late to be displayed (missing 49 ms)
[WARN] picture is too late to be displayed (missing 47 ms)
[WARN] picture is too late to be displayed (missing 46 ms)
[WARN] picture is too late to be displayed (missing 47 ms)
[WARN] picture is too late to be displayed (missing 46 ms)
[WARN] picture is too late to be displayed (missing 49 ms)
[WARN] picture is too late to be displayed (missing 50 ms)
[WARN] picture is too late to be displayed (missing 47 ms)
[WARN] picture is too late to be displayed (missing 50 ms)
[WARN] picture is too late to be displayed (missing 46 ms)
[WARN] picture is too late to be displayed (missing 49 ms)
[WARN] picture is too late to be displayed (missing 50 ms)
[WARN] picture is too late to be displayed (missing 51 ms)
[WARN] picture is too late to be displayed (missing 51 ms)
[WARN] picture is too late to be displayed (missing 48 ms)
[WARN] picture is too late to be displayed (missing 47 ms)
[WARN] picture is too late to be displayed (missing 51 ms)
[WARN] picture is too late to be displayed (missing 51 ms)
[WARN] picture is too late to be displayed (missing 50 ms)
[WARN] picture is too late to be displayed (missing 46 ms)
[WARN] picture is too late to be displayed (missing 51 ms)
[WARN] picture is too late to be displayed (missing 51 ms)
[WARN] picture is too late to be displayed (missing 50 ms)
[WARN] picture is too late to be displayed (missing 48 ms)
[WARN] picture is too late to be displayed (missing 49 ms)
[WARN] picture is too late to be displayed (missing 51 ms)
[WARN] picture is too late to be displayed (missing 49 ms)
[WARN] picture is too late to be displayed (missing 51 ms)
[WARN] picture is too late to be displayed (missing 46 ms)
[WARN] picture is too late to be displayed (missing 51 ms)
[WARN] picture is too late to be displayed (missing 49 ms)
[WARN] picture is too late to be displayed (missing 51 ms)
[WARN] picture is too late to be displayed (missing 51 ms)
[WARN] picture is too late to be displayed (missing 48 ms)
[WARN] picture is too late to be displayed (missing 50 ms)
[WARN] picture is too late to be displayed (missing 48 ms)
[WARN] picture is too late to be displayed (missing 48 ms)
[WARN] picture is too late to be displayed (missing 45 ms)
[WARN] picture is too late to be displayed (missing 48 ms)
[WARN] picture is too late to be displayed (missing 50 ms)
[WARN] picture is too late to be displayed (missing 48 ms)
[WARN] picture is too late to be displayed (missing 49 ms)
[WARN] picture is too late to be displayed (missing 48 ms)
[WARN] picture is too late to be displayed (missing 47 ms)
[WARN] picture is too late to be displayed (missing 48 ms)
[WARN] picture is too late to be displayed (missing 48 ms)
[WARN] picture is too late to be displayed (missing 50 ms)
[WARN] picture is too late to be displayed (missing 51 ms)
[WARN] picture is too late to be displayed (missing 45 ms)
[WARN] picture is too late to be displayed (missing 50 ms)
[WARN] picture is too late to be displayed (missing 46 ms)
[WARN] picture is too late to be displayed (missing 46 ms)
[WARN] picture is too late to be displayed (missing 50 ms)
[WARN] picture is too late to be displayed (missing 48 ms)
[WARN] picture is too late to be displayed (missing 46 ms)
[WARN] picture is too late to be displayed (missing 51 ms)
[WARN] picture is too late to be displayed (missing 45 ms)
[WARN] picture is too late to be displayed (missing 48 ms)
[WARN] picture is too late to be displayed (missing 48 ms)
[WARN] picture is too late to be displayed (missing 51 ms)
[WARN] picture is too late to be displayed (missing 46 ms)
[WARN] picture is too late to be displayed (missing 49 ms)
[WARN] picture is too late to be displayed (missing 50 ms)
[WARN] picture is too late to be displayed (missing 52 ms)
[WARN] picture is too late to be displayed (missing 48 ms)
[WARN] picture is too late to be displayed (missing 51 ms)
[WARN] picture is too late to be displayed (missing 49 ms)
[WARN] picture is too late to be displayed (missing 48 ms)
[WARN] picture is too late to be displayed (missing 49 ms)
[WARN] picture is too late to be displayed (missing 47 ms)
[WARN] picture is too late to be displayed (missing 47 ms)
[WARN] picture is too late to be displayed (missing 49 ms)
[WARN] picture is too late to be displayed (missing 50 ms)
[WARN] picture is too late to be displayed (missing 49 ms)
[WARN] picture is too late to be displayed (missing 50 ms)
[WARN] picture is too late to be displayed (missing 51 ms)
[WARN] picture is too late to be displayed (missing 50 ms)
[WARN] picture is too late to be displayed (missing 50 ms)
[WARN] picture is too late to be displayed (missing 50 ms)
[WARN] picture is too late to be displayed (missing 51 ms)
[WARN] picture is too late to be displayed (missing 50 ms)
[WARN] picture is too late to be displayed (missing 51 ms)
[WARN] picture is too late to be displayed (missing 48 ms)
[WARN] picture is too late to be displayed (missing 46 ms)
[WARN] picture is too late to be displayed (missing 46 ms)
[WARN] picture is too late to be displayed (missing 51 ms)
[WARN] picture is too late to be displayed (missing 50 ms)
[WARN] picture is too late to be displayed (missing 48 ms)
[WARN] picture is too late to be displayed (missing 45 ms)
[WARN] picture is too late to be displayed (missing 51 ms)
[WARN] picture is too late to be displayed (missing 50 ms)
[WARN] picture is too late to be displayed (missing 50 ms)
[WARN] picture is too late to be displayed (missing 50 ms)
[WARN] picture is too late to be displayed (missing 51 ms)
[WARN] picture is too late to be displayed (missing 48 ms)
[WARN] picture is too late to be displayed (missing 49 ms)
[WARN] picture is too late to be displayed (missing 48 ms)
[WARN] picture is too late to be displayed (missing 50 ms)
[WARN] picture is too late to be displayed (missing 49 ms)
[WARN] picture is too late to be displayed (missing 47 ms)
[WARN] picture is too late to be displayed (missing 50 ms)
[WARN] picture is too late to be displayed (missing 49 ms)
[WARN] picture is too late to be displayed (missing 46 ms)
[WARN] picture is too late to be displayed (missing 50 ms)
[WARN] picture is too late to be displayed (missing 51 ms)
[WARN] picture is too late to be displayed (missing 49 ms)
[WARN] picture is too late to be displayed (missing 51 ms)
[WARN] picture is too late to be displayed (missing 49 ms)
[WARN] picture is too late to be displayed (missing 46 ms)
[WARN] picture is too late to be displayed (missing 47 ms)
[WARN] picture is too late to be displayed (missing 50 ms)
[WARN] picture is too late to be displayed (missing 50 ms)
[WARN] picture is too late to be displayed (missing 50 ms)
[WARN] picture is too late to be displayed (missing 48 ms)
[WARN] picture is too late to be displayed (missing 50 ms)
[WARN] picture is too late to be displayed (missing 51 ms)
[WARN] picture is too late to be displayed (missing 50 ms)
[WARN] picture is too late to be displayed (missing 50 ms)
[WARN] picture is too late to be displayed (missing 45 ms)
[WARN] picture is too late to be displayed (missing 51 ms)
[WARN] picture is too late to be displayed (missing 47 ms)
[WARN] picture is too late to be displayed (missing 51 ms)
[WARN] picture is too late to be displayed (missing 49 ms)
[WARN] picture is too late to be displayed (missing 51 ms)
[WARN] picture is too late to be displayed (missing 46 ms)
[WARN] picture is too late to be displayed (missing 48 ms)
[WARN] picture is too late to be displayed (missing 50 ms)
[WARN] picture is too late to be displayed (missing 47 ms)
[WARN] picture is too late to be displayed (missing 48 ms)
[WARN] picture is too late to be displayed (missing 47 ms)
[WARN] picture is too late to be displayed (missing 46 ms)
[WARN] picture is too late to be displayed (missing 51 ms)
[WARN] picture is too late to be displayed (missing 50 ms)
[WARN] picture is too late to be displayed (missing 48 ms)
[WARN] picture is too late to be displayed (missing 50 ms)
[WARN] picture is too late to be displayed (missing 48 ms)
[WARN] picture is too late to be displayed (missing 46 ms)
[WARN] picture is too late to be displayed (missing 47 ms)
[WARN] picture is too late to be displayed (missing 46 ms)
[WARN] picture is too late to be displayed (missing 49 ms)
[WARN] picture is too late to be displayed (missing 47 ms)
[WARN] picture is too late to be displayed (missing 50 ms)
[WARN] picture is too late to be displayed (missing 48 ms)
[WARN] picture is too late to be displayed (missing 50 ms)
[WARN] picture is too late to be displayed (missing 49 ms)
[WARN] picture is too late to be displayed (missing 50 ms)
[WARN] picture is too late to be displayed (missing 48 ms)
[WARN] picture is too late to be displayed (missing 44 ms)
[WARN] picture is too late to be displayed (missing 50 ms)
[WARN] picture is too late to be displayed (missing 51 ms)
[WARN] picture is too late to be displayed (missing 47 ms)
[WARN] picture is too late to be displayed (missing 51 ms)
[WARN] picture is too late to be displayed (missing 49 ms)
[WARN] picture is too late to be displayed (missing 48 ms)
[WARN] picture is too late to be displayed (missing 50 ms)
[WARN] picture is too late to be displayed (missing 47 ms)
[WARN] picture is too late to be displayed (missing 50 ms)
[WARN] picture is too late to be displayed (missing 49 ms)
[WARN] picture is too late to be displayed (missing 46 ms)
[WARN] picture is too late to be displayed (missing 48 ms)
[WARN] picture is too late to be displayed (missing 50 ms)
[WARN] picture is too late to be displayed (missing 49 ms)
[WARN] picture is too late to be displayed (missing 46 ms)
[WARN] picture is too late to be displayed (missing 51 ms)
[WARN] picture is too late to be displayed (missing 50 ms)
[WARN] picture is too late to be displayed (missing 50 ms)
[WARN] picture is too late to be displayed (missing 51 ms)
[WARN] picture is too late to be displayed (missing 48 ms)
[WARN] picture is too late to be displayed (missing 50 ms)
[WARN] picture is too late to be displayed (missing 48 ms)
[WARN] picture is too late to be displayed (missing 50 ms)
[WARN] picture is too late to be displayed (missing 47 ms)
[WARN] picture is too late to be displayed (missing 45 ms)
[WARN] picture is too late to be displayed (missing 51 ms)
[WARN] picture is too late to be displayed (missing 53 ms)
[WARN] picture is too late to be displayed (missing 46 ms)
[WARN] picture is too late to be displayed (missing 48 ms)
[WARN] picture is too late to be displayed (missing 47 ms)
[WARN] picture is too late to be displayed (missing 48 ms)
[WARN] picture is too late to be displayed (missing 47 ms)
[WARN] picture is too late to be displayed (missing 50 ms)
[WARN] picture is too late to be displayed (missing 47 ms)
[WARN] picture is too late to be displayed (missing 51 ms)
[WARN] picture is too late to be displayed (missing 51 ms)
[WARN] picture is too late to be displayed (missing 47 ms)
[WARN] picture is too late to be displayed (missing 51 ms)
[WARN] picture is too late to be displayed (missing 50 ms)
[WARN] picture is too late to be displayed (missing 47 ms)
[WARN] picture is too late to be displayed (missing 50 ms)
[WARN] picture is too late to be displayed (missing 49 ms)
[WARN] picture is too late to be displayed (missing 51 ms)
[WARN] picture is too late to be displayed (missing 47 ms)
[WARN] picture is too late to be displayed (missing 46 ms)
[WARN] picture is too late to be displayed (missing 48 ms)
[WARN] picture is too late to be displayed (missing 51 ms)
[WARN] picture is too late to be displayed (missing 47 ms)
[WARN] picture is too late to be displayed (missing 50 ms)
[WARN] picture is too late to be displayed (missing 47 ms)
[WARN] picture is too late to be displayed (missing 50 ms)
[WARN] picture is too late to be displayed (missing 47 ms)
[WARN] picture is too late to be displayed (missing 48 ms)
[WARN] picture is too late to be displayed (missing 47 ms)
[WARN] picture is too late to be displayed (missing 50 ms)
[WARN] picture is too late to be displayed (missing 50 ms)
[WARN] picture is too late to be displayed (missing 47 ms)
[WARN] picture is too late to be displayed (missing 51 ms)
[WARN] picture is too late to be displayed (missing 51 ms)
[WARN] picture is too late to be displayed (missing 47 ms)
[WARN] picture is too late to be displayed (missing 47 ms)
[WARN] picture is too late to be displayed (missing 51 ms)
[WARN] picture is too late to be displayed (missing 51 ms)
[WARN] picture is too late to be displayed (missing 51 ms)
[WARN] picture is too late to be displayed (missing 45 ms)
[WARN] picture is too late to be displayed (missing 49 ms)
[WARN] picture is too late to be displayed (missing 46 ms)
[WARN] picture is too late to be displayed (missing 47 ms)
[WARN] picture is too late to be displayed (missing 46 ms)
[WARN] picture is too late to be displayed (missing 51 ms)
[WARN] picture is too late to be displayed (missing 51 ms)
[WARN] picture is too late to be displayed (missing 47 ms)
[WARN] picture is too late to be displayed (missing 47 ms)
[WARN] picture is too late to be displayed (missing 51 ms)
[WARN] picture is too late to be displayed (missing 51 ms)
[WARN] picture is too late to be displayed (missing 47 ms)
[WARN] picture is too late to be displayed (missing 51 ms)
[WARN] picture is too late to be displayed (missing 49 ms)
[WARN] picture is too late to be displayed (missing 51 ms)
[WARN] picture is too late to be displayed (missing 50 ms)
[WARN] picture is too late to be displayed (missing 51 ms)
[WARN] picture is too late to be displayed (missing 51 ms)
[WARN] picture is too late to be displayed (missing 46 ms)
[WARN] picture is too late to be displayed (missing 50 ms)
[WARN] picture is too late to be displayed (missing 48 ms)
[WARN] picture is too late to be displayed (missing 51 ms)
[WARN] picture is too late to be displayed (missing 48 ms)
[WARN] picture is too late to be displayed (missing 51 ms)
[WARN] picture is too late to be displayed (missing 51 ms)
[WARN] picture is too late to be displayed (missing 51 ms)
[WARN] picture is too late to be displayed (missing 51 ms)
[WARN] picture is too late to be displayed (missing 51 ms)
[WARN] picture is too late to be displayed (missing 51 ms)
[WARN] picture is too late to be displayed (missing 51 ms)
[WARN] picture is too late to be displayed (missing 51 ms)
[WARN] picture is too late to be displayed (missing 48 ms)
[WARN] picture is too late to be displayed (missing 51 ms)
[WARN] picture is too late to be displayed (missing 48 ms)
[WARN] picture is too late to be displayed (missing 49 ms)
[WARN] picture is too late to be displayed (missing 51 ms)
[WARN] picture is too late to be displayed (missing 46 ms)
[WARN] picture is too late to be displayed (missing 51 ms)
[WARN] picture is too late to be displayed (missing 51 ms)
[WARN] picture is too late to be displayed (missing 51 ms)
[WARN] picture is too late to be displayed (missing 51 ms)
[WARN] picture is too late to be displayed (missing 51 ms)
[WARN] picture is too late to be displayed (missing 49 ms)
[WARN] picture is too late to be displayed (missing 46 ms)
[WARN] picture is too late to be displayed (missing 47 ms)
[WARN] picture is too late to be displayed (missing 51 ms)
[WARN] picture is too late to be displayed (missing 51 ms)
[WARN] picture is too late to be displayed (missing 48 ms)
[WARN] picture is too late to be displayed (missing 50 ms)
[WARN] picture is too late to be displayed (missing 50 ms)
[WARN] picture is too late to be displayed (missing 50 ms)
[WARN] picture is too late to be displayed (missing 46 ms)
[WARN] picture is too late to be displayed (missing 50 ms)
[WARN] picture is too late to be displayed (missing 48 ms)
[WARN] picture is too late to be displayed (missing 46 ms)
[WARN] picture is too late to be displayed (missing 47 ms)
[WARN] picture is too late to be displayed (missing 48 ms)
[WARN] picture is too late to be displayed (missing 47 ms)
[WARN] picture is too late to be displayed (missing 50 ms)
[WARN] picture is too late to be displayed (missing 50 ms)
[WARN] picture is too late to be displayed (missing 50 ms)
[WARN] picture is too late to be displayed (missing 49 ms)
[WARN] picture is too late to be displayed (missing 50 ms)
[WARN] picture is too late to be displayed (missing 51 ms)
[WARN] picture is too late to be displayed (missing 51 ms)
[WARN] picture is too late to be displayed (missing 51 ms)
[WARN] picture is too late to be displayed (missing 50 ms)
[WARN] picture is too late to be displayed (missing 51 ms)
[WARN] picture is too late to be displayed (missing 51 ms)
[WARN] picture is too late to be displayed (missing 49 ms)
[WARN] picture is too late to be displayed (missing 46 ms)
[WARN] picture is too late to be displayed (missing 51 ms)
[WARN] picture is too late to be displayed (missing 51 ms)
[WARN] picture is too late to be displayed (missing 48 ms)
[WARN] picture is too late to be displayed (missing 50 ms)
[WARN] picture is too late to be displayed (missing 51 ms)
[WARN] picture is too late to be displayed (missing 51 ms)
[WARN] picture is too late to be displayed (missing 50 ms)
[WARN] picture is too late to be displayed (missing 50 ms)
[WARN] picture is too late to be displayed (missing 47 ms)
[WARN] picture is too late to be displayed (missing 49 ms)
8:14:15.373 AM [player] dismiss at 495646 ms, state Playing
8:14:15.380 AM [player] state Stopping at 495910 ms
[DBG] killing decoder fourcc `hevc'
[DBG] removing "video decoder" module "videotoolbox"
[DBG] saving a free vout
[DBG] ES track unselected: 'video/1' (fourcc: 'hevc')
8:14:15.389 AM [player] track selected type=1 selected= unselected=video/1
[DBG] killing decoder fourcc `mlpa'
[DBG] removing "audio decoder" module "avcodec"
[DBG] removing "audio packetizer" module "mlp"
[DBG] removing "audio resampler" module "soxr"
[DBG] removing "audio converter" module "audio_format"
[DBG] removing "audio filter" module "scaletempo"
[DBG] removing "audio volume" module "float_mixer"
[DBG] keeping audio output
[DBG] ES track unselected: 'audio/2' (fourcc: 'mlpa')
8:14:15.622 AM [player] track selected type=0 selected= unselected=audio/2
[DBG] removing "demux" module "mkv"
[DBG] ES track deleted: 'video/1' (fourcc: 'hevc')
[DBG] ES track deleted: 'audio/2' (fourcc: 'mlpa')
[DBG] ES track deleted: 'audio/3' (fourcc: 'a52 ')
[DBG] ES track deleted: 'audio/4' (fourcc: 'a52 ')
[DBG] ES track deleted: 'spu/5' (fourcc: 'bdpg')
[DBG] Program doesn't contain anymore ES
[DBG] removing "stream_filter" module "record"
[DBG] removing "stream_filter" module "prefetch"
[DBG] removing "access" module "http"
[DBG] connection failed
[DBG] stop free vout
8:14:15.624 AM [player] state Stopped at 495910 ms
