9:56:36.141 PM [log] started 2026-09-14 01:56:36 +0000 VLCKit 4.0.0-dev Otto Chriek
[DBG] VLC media player - 4.0.0-dev Otto Chriek
[DBG] Copyright © 1996-2026 the VideoLAN team
[DBG] revision 4.0.0-dev-38816-g2d998d8f90
[DBG] configured with /Users/videolanci/builds/Thy43VtNm/0/videolan/VLCKit/libvlc/vlc/configure  '--host=aarch64-apple-darwin' '--build=aarch64-apple-darwin25.5.0' '--prefix=/Users/videolanci/builds/Thy43VtNm/0/videolan/VLCKit/libvlc/vlc/build-appletvos-arm64/vlc-appletvos26.2-arm64' '--with-contrib=/Users/videolanci/builds/Thy43VtNm/0/videolan/VLCKit/libvlc/vlc/contrib/arm64-appletvos26.2' '--disable-sse' '--disable-vcd' '--disable-macosx' '--disable-macosx-avfoundation' '--disable-lua' '--disable-qt' '--disable-skins2' '--disable-vlc' '--disable-vlm' '--disable-nls' '--disable-notify' '--disable-projectm' '--disable-goom' '--disable-dvdread' '--disable-dvdnav' '--disable-bluray' '--disable-linsys' '--disable-libva' '--disable-gme' '--disable-tremor' '--disable-fluidsynth' '--disable-jack' '--disable-pulse' '--disable-mtp' '--disable-screen' '--disable-sparkle' '--disable-addonmanagermodules' '--disable-mad' '--disable-upnp-server' '--disable-shared' '--enable-static' 'CFLAGS=-mtvos-version-min=11.0 -arch arm64 -isysroot /Applications/Xcode.app/Contents/Developer/Platforms/AppleTVOS.platform/Developer/SDKs/AppleTVOS26.2.sdk -g' 'OBJCFLAGS=-mtvos-version-min=11.0 -arch arm64 -isysroot /Applications/Xcode.app/Contents/Developer/Platforms/AppleTVOS.platform/Developer/SDKs/AppleTVOS26.2.sdk -g' 'CXXFLAGS=-mtvos-version-min=11.0 -arch arm64 -isysroot /Applications/Xcode.app/Contents/Developer/Platforms/AppleTVOS.platform/Developer/SDKs/AppleTVOS26.2.sdk -g' 'OBJCXXFLAGS=-mtvos-version-min=11.0 -arch arm64 -isysroot /Applications/Xcode.app/Contents/Developer/Platforms/AppleTVOS.platform/Developer/SDKs/AppleTVOS26.2.sdk -g' 'ac_cv_prog_cc_c23=no' 'ac_cv_func_basename_r=no' 'ac_cv_func_clock_getres=no' 'ac_cv_func_clock_gettime=no' 'ac_cv_func_clock_settime=no' 'ac_cv_func_dirname_r=no' 'ac_cv_func_getentropy=no' 'ac_cv_func_mkostemp=no' 'ac_cv_func_mkostemps=no' 'ac_cv_func_timingsafe_bcmp=no' 'ac_cv_func_open_wmemstream=no' 'ac_cv_func_fmemopen=no' 'ac_cv_func_open_memstream=no' 'ac_cv_func_futimens=no' 'ac_cv_func_utimensat=no' 'ac_cv_func_dup3=no' 'ac_cv_func_pipe2=no' 'ac_cv_func_thread_get_register_pointer_values=no' 'ac_cv_func_aligned_alloc=no' 'ac_cv_func_timespec_get=no' 'build_alias=aarch64-apple-darwin25.5.0' 'host_alias=aarch64-apple-darwin' 'CC=/Applications/Xcode.app/Contents/Developer/Toolchains/XcodeDefault.xctoolchain/usr/bin/clang' 'LDFLAGS=-mtvos-version-min=11.0 -mtvos-version-min=11.0 -arch arm64 -isysroot /Applications/Xcode.app/Contents/Developer/Platforms/AppleTVOS.platform/Developer/SDKs/AppleTVOS26.2.sdk ' 'CPPFLAGS=-arch arm64 -isysroot /Applications/Xcode.app/Contents/Developer/Platforms/AppleTVOS.platform/Developer/SDKs/AppleTVOS26.2.sdk' 'CXX=/Applications/Xcode.app/Contents/Developer/Toolchains/XcodeDefault.xctoolchain/usr/bin/clang++' 'CPP=/Applications/Xcode.app/Contents/Developer/Toolchains/XcodeDefault.xctoolchain/usr/bin/clang -E' 'OBJC=/Applications/Xcode.app/Contents/Developer/Toolchains/XcodeDefault.xctoolchain/usr/bin/clang' 'OBJCXX=/Applications/Xcode.app/Contents/Developer/Toolchains/XcodeDefault.xctoolchain/usr/bin/clang++' 'PKG_CONFIG_LIBDIR='
[DBG] creating audio output
[DBG] looking for audio output module matching "any": 2 candidates
[DBG] using audio output module "avsamplebuffer"
[DBG] keeping audio output
9:56:36.145 PM [player] request Stargate — Extended · SD · AC-3 5.1 — http://192.168.1.250:8093/stream/2
9:56:36.145 PM [player] file Movies/Stargate (1994)/Stargate (1994) {edition-Extended}.mkv 720x480 hdr=false video=mpeg2video Main audio=ac3 5.1(side), ac3 stereo
[DBG] Creating an input for playback'2'
9:56:36.153 PM [player] play() called
[DBG] using timeshift granularity of 50 MiB
[DBG] using default timeshift path
[DBG] `http://192.168.1.250:8093/stream/2' gives access `http' demux `any' path `192.168.1.250:8093/stream/2'
[DBG] creating access: http://192.168.1.250:8093/stream/2
[DBG] looking for access module matching "http": 2 candidates
[DBG] looking for keystore module matching "any": 1 candidates
[DBG] using keystore module "keychain"
[DBG] Lookup keychain entry for server 192.168.1.250
[WARN] lookup failed (-25300: 'Item not found')
[DBG] resolving 192.168.1.250 ...
[DBG] outgoing request:
GET /stream/2 HTTP/1.1
Host: 192.168.1.250:8093
Accept: */*
Accept-Language: en_US
User-Agent: VLC/4.0.0-dev LibVLC/4.0.0-dev
Range: bytes=0-


9:56:36.160 PM [player] state Opening at 0 ms
9:56:36.160 PM [player] buffering 0.0
[DBG] incoming response:
HTTP/1.1 206 Partial Content
Accept-Ranges: bytes
Content-Length: 5722251076
Content-Range: bytes 0-5722251075/5722251076
Content-Type: video/x-matroska
Last-Modified: Fri, 17 Jul 2026 19:22:43 GMT
Date: Mon, 14 Sep 2026 01:56:36 GMT


[DBG] removing "keystore" module "keychain"
[DBG] using access module "http"
[DBG] looking for stream_filter module matching "prefetch,cache": 2 candidates
[DBG] using 16777216 bytes buffer
[DBG] using stream_filter module "prefetch"
[DBG] looking for stream_filter module matching "any": 4 candidates
[DBG] no stream_filter modules matched with name any
[DBG] looking for stream_directory module matching "any": 0 candidates
[DBG] no stream_directory modules matched with name any
[DBG] attachment of directory-extractor failed for http://192.168.1.250:8093/stream/2
[DBG] looking for stream_filter module matching "record": 1 candidates
[DBG] using stream_filter module "record"
[DBG] creating demux "any", URL: http://192.168.1.250:8093/stream/2, path: (null)
[DBG] looking for demux module matching "any": 58 candidates
[DBG] |   + Seek head
[DBG] |   - info at 1207
[DBG] |   + Information
[DBG] |   |   + TimecodeScale=1000000
[DBG] |   |   + Muxing Application=libmakemkv v1.18.4 (1.3.10/1.5.2) darwin(arm64-release)
[DBG] |   |   + Writing Application=MakeMKV v1.18.4 darwin(arm64-release)
[DBG] |   |   + Duration=7798056
[DBG] |   |   + Date=Fri Jul 17 19:10:16 2026
[DBG] |   |   + UID=fc59c1d6626f549
[DBG] |   - tracks at 1355
[DBG] |   + Tracks
[DBG] |   |   + Track Entry
[DBG] |   |   |   + Track Number=1
[DBG] |   |   |   + Track UID=1
[DBG] |   |   |   + Track Type=video
[DBG] |   |   |   + Track Default=0
[DBG] |   |   |   + Track Lacing=0
[DBG] |   |   |   + Track MinCache=2
[DBG] |   |   |   + Track CodecId=V_MPEG2
[DBG] |   |   |   + Track CodecPrivate size=150
[DBG] |   |   |   + Track Default Duration=33366
[DBG] |   |   |   + Track Video
[DBG] |   |   |   |   + width=720
[DBG] |   |   |   |   + height=480
[DBG] |   |   |   |   + display width=640
[DBG] |   |   |   |   + display height=480
[DBG] |   |   + Track Entry
[DBG] |   |   |   + Track Number=2
[DBG] |   |   |   + Track UID=2
[DBG] |   |   |   + Track Type=audio
[DBG] |   |   |   + Track Default=1
[DBG] |   |   |   + Track Lacing=1
[DBG] |   |   |   + Track CodecId=A_AC3
[DBG] |   |   |   + Track Language=`eng'
[DBG] |   |   |   + Track Default Duration=32000
[DBG] |   |   |   + Track Name=Surround 5.1
[DBG] |   |   |   + Track Audio
[DBG] |   |   |   |   + afreq=48000
[DBG] |   |   |   |   + achan=6
[DBG] |   |   + Track Entry
[DBG] |   |   |   + Track Number=3
[DBG] |   |   |   + Track UID=3
[DBG] |   |   |   + Track Type=audio
[DBG] |   |   |   + Track Default=0
[DBG] |   |   |   + Track Lacing=1
[DBG] |   |   |   + Track CodecId=A_AC3
[DBG] |   |   |   + Track Language=`eng'
[DBG] |   |   |   + Track Default Duration=32000
[DBG] |   |   |   + Track Name=Stereo
[DBG] |   |   |   + Track Audio
[DBG] |   |   |   |   + afreq=48000
[DBG] |   |   |   |   + achan=2
[DBG] |   |   + Track Entry
[DBG] |   |   |   + Track Number=4
[DBG] |   |   |   + Track UID=4
[DBG] |   |   |   + Track Type=subtitle
[DBG] |   |   |   + Track Default=1
[DBG] |   |   |   + Track Lacing=0
[DBG] |   |   |   + Track CodecId=S_TEXT/UTF8
[DBG] |   |   |   + Track Language=`eng'
[DBG] |   - cues at 5721968431
[DBG] resolving 192.168.1.250 ...
[DBG] outgoing request:
GET /stream/2 HTTP/1.1
Host: 192.168.1.250:8093
Accept: */*
Accept-Language: en_US
User-Agent: VLC/4.0.0-dev LibVLC/4.0.0-dev
If-Unmodified-Since: Fri, 17 Jul 2026 19:22:43 GMT
Range: bytes=5721968431-


[DBG] incoming response:
HTTP/1.1 206 Partial Content
Accept-Ranges: bytes
Content-Length: 282645
Content-Range: bytes 5721968431-5722251075/5722251076
Content-Type: video/x-matroska
Last-Modified: Fri, 17 Jul 2026 19:22:43 GMT
Date: Mon, 14 Sep 2026 01:56:36 GMT


[DBG] connection failed
[DBG] |   + Cues
[DBG] end of stream
[DBG] |   - loading cues done.
[DBG] resolving 192.168.1.250 ...
[DBG] outgoing request:
GET /stream/2 HTTP/1.1
Host: 192.168.1.250:8093
Accept: */*
Accept-Language: en_US
User-Agent: VLC/4.0.0-dev LibVLC/4.0.0-dev
If-Unmodified-Since: Fri, 17 Jul 2026 19:22:43 GMT
Range: bytes=123-


[DBG] incoming response:
HTTP/1.1 206 Partial Content
Accept-Ranges: bytes
Content-Length: 5722250953
Content-Range: bytes 123-5722251075/5722251076
Content-Type: video/x-matroska
Last-Modified: Fri, 17 Jul 2026 19:22:43 GMT
Date: Mon, 14 Sep 2026 01:56:36 GMT


[DBG] |   - chapters at 1739
[DBG] |   + Chapters
[DBG] |   |   |   + ChapterAtom (level=0)
[DBG] |   |   |   |   + ChapterUID=50de48b1df9e4024
[DBG] |   |   |   |   + ChapterTimeStart=0
[DBG] |   |   |   |   + ChapterFlagHidden=no
[DBG] |   |   |   |   + ChapterTimeEnd=165965800
[DBG] |   |   |   |   + ChapterDisplay
[DBG] |   |   |   |   |   + ChapterString=Chapter 01
[DBG] |   |   |   |   |   + ChapterLanguage=eng
[DBG] |   |   |   + ChapterAtom (level=0)
[DBG] |   |   |   |   + ChapterUID=b251f80f695e59d
[DBG] |   |   |   |   + ChapterTimeStart=165965800
[DBG] |   |   |   |   + ChapterFlagHidden=no
[DBG] |   |   |   |   + ChapterTimeEnd=252885966
[DBG] |   |   |   |   + ChapterDisplay
[DBG] |   |   |   |   |   + ChapterString=Chapter 02
[DBG] |   |   |   |   |   + ChapterLanguage=eng
[DBG] |   |   |   + ChapterAtom (level=0)
[DBG] |   |   |   |   + ChapterUID=40433953fbf569a4
[DBG] |   |   |   |   + ChapterTimeStart=252885966
[DBG] |   |   |   |   + ChapterFlagHidden=no
[DBG] |   |   |   |   + ChapterTimeEnd=413713300
[DBG] |   |   |   |   + ChapterDisplay
[DBG] |   |   |   |   |   + ChapterString=Chapter 03
[DBG] |   |   |   |   |   + ChapterLanguage=eng
[DBG] |   |   |   + ChapterAtom (level=0)
[DBG] |   |   |   |   + ChapterUID=b89ed893dc66ba40
[DBG] |   |   |   |   + ChapterTimeStart=413713300
[DBG] |   |   |   |   + ChapterFlagHidden=no
[DBG] |   |   |   |   + ChapterTimeEnd=519519000
[DBG] |   |   |   |   + ChapterDisplay
[DBG] |   |   |   |   |   + ChapterString=Chapter 04
[DBG] |   |   |   |   |   + ChapterLanguage=eng
[DBG] |   |   |   + ChapterAtom (level=0)
[DBG] |   |   |   |   + ChapterUID=7a58650322ca6859
[DBG] |   |   |   |   + ChapterTimeStart=519519000
[DBG] |   |   |   |   + ChapterFlagHidden=no
[DBG] |   |   |   |   + ChapterTimeEnd=636602633
[DBG] |   |   |   |   + ChapterDisplay
[DBG] |   |   |   |   |   + ChapterString=Chapter 05
[DBG] |   |   |   |   |   + ChapterLanguage=eng
[DBG] |   |   |   + ChapterAtom (level=0)
[DBG] |   |   |   |   + ChapterUID=d74529bb9f0e192d
[DBG] |   |   |   |   + ChapterTimeStart=636602633
[DBG] |   |   |   |   + ChapterFlagHidden=no
[DBG] |   |   |   |   + ChapterTimeEnd=740406333
[DBG] |   |   |   |   + ChapterDisplay
[DBG] |   |   |   |   |   + ChapterString=Chapter 06
[DBG] |   |   |   |   |   + ChapterLanguage=eng
[DBG] |   |   |   + ChapterAtom (level=0)
[DBG] |   |   |   |   + ChapterUID=be252a366387da7c
[DBG] |   |   |   |   + ChapterTimeStart=740406333
[DBG] |   |   |   |   + ChapterFlagHidden=no
[DBG] |   |   |   |   + ChapterTimeEnd=984450133
[DBG] |   |   |   |   + ChapterDisplay
[DBG] |   |   |   |   |   + ChapterString=Chapter 07
[DBG] |   |   |   |   |   + ChapterLanguage=eng
[DBG] |   |   |   + ChapterAtom (level=0)
[DBG] |   |   |   |   + ChapterUID=e039bee087e39a08
[DBG] |   |   |   |   + ChapterTimeStart=984450133
[DBG] |   |   |   |   + ChapterFlagHidden=no
[DBG] |   |   |   |   + ChapterTimeEnd=1242457883
[DBG] |   |   |   |   + ChapterDisplay
[DBG] |   |   |   |   |   + ChapterString=Chapter 08
[DBG] |   |   |   |   |   + ChapterLanguage=eng
[DBG] |   |   |   + ChapterAtom (level=0)
[DBG] |   |   |   |   + ChapterUID=2e14321a7ae6499e
[DBG] |   |   |   |   + ChapterTimeStart=1242457883
[DBG] |   |   |   |   + ChapterFlagHidden=no
[DBG] |   |   |   |   + ChapterTimeEnd=1362694666
[DBG] |   |   |   |   + ChapterDisplay
[DBG] |   |   |   |   |   + ChapterString=Chapter 09
[DBG] |   |   |   |   |   + ChapterLanguage=eng
[DBG] |   |   |   + ChapterAtom (level=0)
[DBG] |   |   |   |   + ChapterUID=c1ff6ea92dd0aebb
[DBG] |   |   |   |   + ChapterTimeStart=1362694666
[DBG] |   |   |   |   + ChapterFlagHidden=no
[DBG] |   |   |   |   + ChapterTimeEnd=1476975500
[DBG] |   |   |   |   + ChapterDisplay
[DBG] |   |   |   |   |   + ChapterString=Chapter 10
[DBG] |   |   |   |   |   + ChapterLanguage=eng
[DBG] |   |   |   + ChapterAtom (level=0)
[DBG] |   |   |   |   + ChapterUID=4668a4a0af3a5ed9
[DBG] |   |   |   |   + ChapterTimeStart=1476975500
[DBG] |   |   |   |   + ChapterFlagHidden=no
[DBG] |   |   |   |   + ChapterTimeEnd=1599064133
[DBG] |   |   |   |   + ChapterDisplay
[DBG] |   |   |   |   |   + ChapterString=Chapter 11
[DBG] |   |   |   |   |   + ChapterLanguage=eng
[DBG] |   |   |   + ChapterAtom (level=0)
[DBG] |   |   |   |   + ChapterUID=d66537ff7abd16a2
[DBG] |   |   |   |   + ChapterTimeStart=1599064133
[DBG] |   |   |   |   + ChapterFlagHidden=no
[DBG] |   |   |   |   + ChapterTimeEnd=1681713366
[DBG] |   |   |   |   + ChapterDisplay
[DBG] |   |   |   |   |   + ChapterString=Chapter 12
[DBG] |   |   |   |   |   + ChapterLanguage=eng
[DBG] |   |   |   + ChapterAtom (level=0)
[DBG] |   |   |   |   + ChapterUID=d2de87b93a67228b
[DBG] |   |   |   |   + ChapterTimeStart=1681713366
[DBG] |   |   |   |   + ChapterFlagHidden=no
[DBG] |   |   |   |   + ChapterTimeEnd=1742340600
[DBG] |   |   |   |   + ChapterDisplay
[DBG] |   |   |   |   |   + ChapterString=Chapter 13
[DBG] |   |   |   |   |   + ChapterLanguage=eng
[DBG] |   |   |   + ChapterAtom (level=0)
[DBG] |   |   |   |   + ChapterUID=464d37faebd093e1
[DBG] |   |   |   |   + ChapterTimeStart=1742340600
[DBG] |   |   |   |   + ChapterFlagHidden=no
[DBG] |   |   |   |   + ChapterTimeEnd=1780879100
[DBG] |   |   |   |   + ChapterDisplay
[DBG] |   |   |   |   |   + ChapterString=Chapter 14
[DBG] |   |   |   |   |   + ChapterLanguage=eng
[DBG] |   |   |   + ChapterAtom (level=0)
[DBG] |   |   |   |   + ChapterUID=a125349874b0d96a
[DBG] |   |   |   |   + ChapterTimeStart=1780879100
[DBG] |   |   |   |   + ChapterFlagHidden=no
[DBG] |   |   |   |   + ChapterTimeEnd=1954919633
[DBG] |   |   |   |   + ChapterDisplay
[DBG] |   |   |   |   |   + ChapterString=Chapter 15
[DBG] |   |   |   |   |   + ChapterLanguage=eng
[DBG] |   |   |   + ChapterAtom (level=0)
[DBG] |   |   |   |   + ChapterUID=fbebd1c60c0ba734
[DBG] |   |   |   |   + ChapterTimeStart=1954919633
[DBG] |   |   |   |   + ChapterFlagHidden=no
[DBG] |   |   |   |   + ChapterTimeEnd=2014979633
[DBG] |   |   |   |   + ChapterDisplay
[DBG] |   |   |   |   |   + ChapterString=Chapter 16
[DBG] |   |   |   |   |   + ChapterLanguage=eng
[DBG] |   |   |   + ChapterAtom (level=0)
[DBG] |   |   |   |   + ChapterUID=654a3a83d8754d72
[DBG] |   |   |   |   + ChapterTimeStart=2014979633
[DBG] |   |   |   |   + ChapterFlagHidden=no
[DBG] |   |   |   |   + ChapterTimeEnd=2177775600
[DBG] |   |   |   |   + ChapterDisplay
[DBG] |   |   |   |   |   + ChapterString=Chapter 17
[DBG] |   |   |   |   |   + ChapterLanguage=eng
[DBG] |   |   |   + ChapterAtom (level=0)
[DBG] |   |   |   |   + ChapterUID=a4d015e21eccc97a
[DBG] |   |   |   |   + ChapterTimeStart=2177775600
[DBG] |   |   |   |   + ChapterFlagHidden=no
[DBG] |   |   |   |   + ChapterTimeEnd=2286384100
[DBG] |   |   |   |   + ChapterDisplay
[DBG] |   |   |   |   |   + ChapterString=Chapter 18
[DBG] |   |   |   |   |   + ChapterLanguage=eng
[DBG] |   |   |   + ChapterAtom (level=0)
[DBG] |   |   |   |   + ChapterUID=8b098101acdd224c
[DBG] |   |   |   |   + ChapterTimeStart=2286384100
[DBG] |   |   |   |   + ChapterFlagHidden=no
[DBG] |   |   |   |   + ChapterTimeEnd=2423354266
[DBG] |   |   |   |   + ChapterDisplay
[DBG] |   |   |   |   |   + ChapterString=Chapter 19
[DBG] |   |   |   |   |   + ChapterLanguage=eng
[DBG] |   |   |   + ChapterAtom (level=0)
[DBG] |   |   |   |   + ChapterUID=40282ff203e979d2
[DBG] |   |   |   |   + ChapterTimeStart=2423354266
[DBG] |   |   |   |   + ChapterFlagHidden=no
[DBG] |   |   |   |   + ChapterTimeEnd=2618248966
[DBG] |   |   |   |   + ChapterDisplay
[DBG] |   |   |   |   |   + ChapterString=Chapter 20
[DBG] |   |   |   |   |   + ChapterLanguage=eng
[DBG] |   |   |   + ChapterAtom (level=0)
[DBG] |   |   |   |   + ChapterUID=4a5f3350e39b1c08
[DBG] |   |   |   |   + ChapterTimeStart=2618248966
[DBG] |   |   |   |   + ChapterFlagHidden=no
[DBG] |   |   |   |   + ChapterTimeEnd=2829092933
[DBG] |   |   |   |   + ChapterDisplay
[DBG] |   |   |   |   |   + ChapterString=Chapter 21
[DBG] |   |   |   |   |   + ChapterLanguage=eng
[DBG] |   |   |   + ChapterAtom (level=0)
[DBG] |   |   |   |   + ChapterUID=5bb4e22f83d84ba1
[DBG] |   |   |   |   + ChapterTimeStart=2829092933
[DBG] |   |   |   |   + ChapterFlagHidden=no
[DBG] |   |   |   |   + ChapterTimeEnd=3011808800
[DBG] |   |   |   |   + ChapterDisplay
[DBG] |   |   |   |   |   + ChapterString=Chapter 22
[DBG] |   |   |   |   |   + ChapterLanguage=eng
[DBG] |   |   |   + ChapterAtom (level=0)
[DBG] |   |   |   |   + ChapterUID=37e0f048324dc121
[DBG] |   |   |   |   + ChapterTimeStart=3011808800
[DBG] |   |   |   |   + ChapterFlagHidden=no
[DBG] |   |   |   |   + ChapterTimeEnd=3169966800
[DBG] |   |   |   |   + ChapterDisplay
[DBG] |   |   |   |   |   + ChapterString=Chapter 23
[DBG] |   |   |   |   |   + ChapterLanguage=eng
[DBG] |   |   |   + ChapterAtom (level=0)
[DBG] |   |   |   |   + ChapterUID=41d861a6b16a148e
[DBG] |   |   |   |   + ChapterTimeStart=3169966800
[DBG] |   |   |   |   + ChapterFlagHidden=no
[DBG] |   |   |   |   + ChapterTimeEnd=3348011333
[DBG] |   |   |   |   + ChapterDisplay
[DBG] |   |   |   |   |   + ChapterString=Chapter 24
[DBG] |   |   |   |   |   + ChapterLanguage=eng
[DBG] |   |   |   + ChapterAtom (level=0)
[DBG] |   |   |   |   + ChapterUID=a2673baf2275b708
[DBG] |   |   |   |   + ChapterTimeStart=3348011333
[DBG] |   |   |   |   + ChapterFlagHidden=no
[DBG] |   |   |   |   + ChapterTimeEnd=3495658833
[DBG] |   |   |   |   + ChapterDisplay
[DBG] |   |   |   |   |   + ChapterString=Chapter 25
[DBG] |   |   |   |   |   + ChapterLanguage=eng
[DBG] |   |   |   + ChapterAtom (level=0)
[DBG] |   |   |   |   + ChapterUID=2d99e5effdb5e6ac
[DBG] |   |   |   |   + ChapterTimeStart=3495658833
[DBG] |   |   |   |   + ChapterFlagHidden=no
[DBG] |   |   |   |   + ChapterTimeEnd=3698728366
[DBG] |   |   |   |   + ChapterDisplay
[DBG] |   |   |   |   |   + ChapterString=Chapter 26
[DBG] |   |   |   |   |   + ChapterLanguage=eng
[DBG] |   |   |   + ChapterAtom (level=0)
[DBG] |   |   |   |   + ChapterUID=6b3a9620e95ca6bb
[DBG] |   |   |   |   + ChapterTimeStart=3698728366
[DBG] |   |   |   |   + ChapterFlagHidden=no
[DBG] |   |   |   |   + ChapterTimeEnd=3746776366
[DBG] |   |   |   |   + ChapterDisplay
[DBG] |   |   |   |   |   + ChapterString=Chapter 27
[DBG] |   |   |   |   |   + ChapterLanguage=eng
[DBG] |   |   |   + ChapterAtom (level=0)
[DBG] |   |   |   |   + ChapterUID=a9644330c8c36ee3
[DBG] |   |   |   |   + ChapterTimeStart=3746776366
[DBG] |   |   |   |   + ChapterFlagHidden=no
[DBG] |   |   |   |   + ChapterTimeEnd=3869031833
[DBG] |   |   |   |   + ChapterDisplay
[DBG] |   |   |   |   |   + ChapterString=Chapter 28
[DBG] |   |   |   |   |   + ChapterLanguage=eng
[DBG] |   |   |   + ChapterAtom (level=0)
[DBG] |   |   |   |   + ChapterUID=6d2b0a40e8a3d11
[DBG] |   |   |   |   + ChapterTimeStart=3869031833
[DBG] |   |   |   |   + ChapterFlagHidden=no
[DBG] |   |   |   |   + ChapterTimeEnd=3973235933
[DBG] |   |   |   |   + ChapterDisplay
[DBG] |   |   |   |   |   + ChapterString=Chapter 29
[DBG] |   |   |   |   |   + ChapterLanguage=eng
[DBG] |   |   |   + ChapterAtom (level=0)
[DBG] |   |   |   |   + ChapterUID=47505874b84b2ba3
[DBG] |   |   |   |   + ChapterTimeStart=3973235933
[DBG] |   |   |   |   + ChapterFlagHidden=no
[DBG] |   |   |   |   + ChapterTimeEnd=4111674233
[DBG] |   |   |   |   + ChapterDisplay
[DBG] |   |   |   |   |   + ChapterString=Chapter 30
[DBG] |   |   |   |   |   + ChapterLanguage=eng
[DBG] |   |   |   + ChapterAtom (level=0)
[DBG] |   |   |   |   + ChapterUID=abddf345b707ca73
[DBG] |   |   |   |   + ChapterTimeStart=4111674233
[DBG] |   |   |   |   + ChapterFlagHidden=no
[DBG] |   |   |   |   + ChapterTimeEnd=4188450933
[DBG] |   |   |   |   + ChapterDisplay
[DBG] |   |   |   |   |   + ChapterString=Chapter 31
[DBG] |   |   |   |   |   + ChapterLanguage=eng
[DBG] |   |   |   + ChapterAtom (level=0)
[DBG] |   |   |   |   + ChapterUID=d95478de34104a87
[DBG] |   |   |   |   + ChapterTimeStart=4188450933
[DBG] |   |   |   |   + ChapterFlagHidden=no
[DBG] |   |   |   |   + ChapterTimeEnd=4258821233
[DBG] |   |   |   |   + ChapterDisplay
[DBG] |   |   |   |   |   + ChapterString=Chapter 32
[DBG] |   |   |   |   |   + ChapterLanguage=eng
[DBG] |   |   |   + ChapterAtom (level=0)
[DBG] |   |   |   |   + ChapterUID=5f11f754bfcf6f2d
[DBG] |   |   |   |   + ChapterTimeStart=4258821233
[DBG] |   |   |   |   + ChapterFlagHidden=no
[DBG] |   |   |   |   + ChapterTimeEnd=4403799400
[DBG] |   |   |   |   + ChapterDisplay
[DBG] |   |   |   |   |   + ChapterString=Chapter 33
[DBG] |   |   |   |   |   + ChapterLanguage=eng
[DBG] |   |   |   + ChapterAtom (level=0)
[DBG] |   |   |   |   + ChapterUID=6c419a3e7a3240d0
[DBG] |   |   |   |   + ChapterTimeStart=4403799400
[DBG] |   |   |   |   + ChapterFlagHidden=no
[DBG] |   |   |   |   + ChapterTimeEnd=4600996400
[DBG] |   |   |   |   + ChapterDisplay
[DBG] |   |   |   |   |   + ChapterString=Chapter 34
[DBG] |   |   |   |   |   + ChapterLanguage=eng
[DBG] |   |   |   + ChapterAtom (level=0)
[DBG] |   |   |   |   + ChapterUID=37aa8d43ffcd41f3
[DBG] |   |   |   |   + ChapterTimeStart=4600996400
[DBG] |   |   |   |   + ChapterFlagHidden=no
[DBG] |   |   |   |   + ChapterTimeEnd=4759654900
[DBG] |   |   |   |   + ChapterDisplay
[DBG] |   |   |   |   |   + ChapterString=Chapter 35
[DBG] |   |   |   |   |   + ChapterLanguage=eng
[DBG] |   |   |   + ChapterAtom (level=0)
[DBG] |   |   |   |   + ChapterUID=f33c1902bb9caa88
[DBG] |   |   |   |   + ChapterTimeStart=4759654900
[DBG] |   |   |   |   + ChapterFlagHidden=no
[DBG] |   |   |   |   + ChapterTimeEnd=4869297766
[DBG] |   |   |   |   + ChapterDisplay
[DBG] |   |   |   |   |   + ChapterString=Chapter 36
[DBG] |   |   |   |   |   + ChapterLanguage=eng
[DBG] |   |   |   + ChapterAtom (level=0)
[DBG] |   |   |   |   + ChapterUID=dfcda5e040fe96a2
[DBG] |   |   |   |   + ChapterTimeStart=4869297766
[DBG] |   |   |   |   + ChapterFlagHidden=no
[DBG] |   |   |   |   + ChapterTimeEnd=5076471400
[DBG] |   |   |   |   + ChapterDisplay
[DBG] |   |   |   |   |   + ChapterString=Chapter 37
[DBG] |   |   |   |   |   + ChapterLanguage=eng
[DBG] |   |   |   + ChapterAtom (level=0)
[DBG] |   |   |   |   + ChapterUID=6bb6f2a2ec05811c
[DBG] |   |   |   |   + ChapterTimeStart=5076471400
[DBG] |   |   |   |   + ChapterFlagHidden=no
[DBG] |   |   |   |   + ChapterTimeEnd=5239634400
[DBG] |   |   |   |   + ChapterDisplay
[DBG] |   |   |   |   |   + ChapterString=Chapter 38
[DBG] |   |   |   |   |   + ChapterLanguage=eng
[DBG] |   |   |   + ChapterAtom (level=0)
[DBG] |   |   |   |   + ChapterUID=4a07321a8090ed99
[DBG] |   |   |   |   + ChapterTimeStart=5239634400
[DBG] |   |   |   |   + ChapterFlagHidden=no
[DBG] |   |   |   |   + ChapterTimeEnd=5523451266
[DBG] |   |   |   |   + ChapterDisplay
[DBG] |   |   |   |   |   + ChapterString=Chapter 39
[DBG] |   |   |   |   |   + ChapterLanguage=eng
[DBG] |   |   |   + ChapterAtom (level=0)
[DBG] |   |   |   |   + ChapterUID=79b868e77e2d252d
[DBG] |   |   |   |   + ChapterTimeStart=5523451266
[DBG] |   |   |   |   + ChapterFlagHidden=no
[DBG] |   |   |   |   + ChapterTimeEnd=5654081766
[DBG] |   |   |   |   + ChapterDisplay
[DBG] |   |   |   |   |   + ChapterString=Chapter 40
[DBG] |   |   |   |   |   + ChapterLanguage=eng
[DBG] |   |   |   + ChapterAtom (level=0)
[DBG] |   |   |   |   + ChapterUID=f2dd5daa22ce163c
[DBG] |   |   |   |   + ChapterTimeStart=5654081766
[DBG] |   |   |   |   + ChapterFlagHidden=no
[DBG] |   |   |   |   + ChapterTimeEnd=5797558433
[DBG] |   |   |   |   + ChapterDisplay
[DBG] |   |   |   |   |   + ChapterString=Chapter 41
[DBG] |   |   |   |   |   + ChapterLanguage=eng
[DBG] |   |   |   + ChapterAtom (level=0)
[DBG] |   |   |   |   + ChapterUID=9223f8103fe61fed
[DBG] |   |   |   |   + ChapterTimeStart=5797558433
[DBG] |   |   |   |   + ChapterFlagHidden=no
[DBG] |   |   |   |   + ChapterTimeEnd=5966794166
[DBG] |   |   |   |   + ChapterDisplay
[DBG] |   |   |   |   |   + ChapterString=Chapter 42
[DBG] |   |   |   |   |   + ChapterLanguage=eng
[DBG] |   |   |   + ChapterAtom (level=0)
[DBG] |   |   |   |   + ChapterUID=6fd784f48e8b0ce1
[DBG] |   |   |   |   + ChapterTimeStart=5966794166
[DBG] |   |   |   |   + ChapterFlagHidden=no
[DBG] |   |   |   |   + ChapterTimeEnd=6045272566
[DBG] |   |   |   |   + ChapterDisplay
[DBG] |   |   |   |   |   + ChapterString=Chapter 43
[DBG] |   |   |   |   |   + ChapterLanguage=eng
[DBG] |   |   |   + ChapterAtom (level=0)
[DBG] |   |   |   |   + ChapterUID=daed9a45b3ae7103
[DBG] |   |   |   |   + ChapterTimeStart=6045272566
[DBG] |   |   |   |   + ChapterFlagHidden=no
[DBG] |   |   |   |   + ChapterTimeEnd=6119346566
[DBG] |   |   |   |   + ChapterDisplay
[DBG] |   |   |   |   |   + ChapterString=Chapter 44
[DBG] |   |   |   |   |   + ChapterLanguage=eng
[DBG] |   |   |   + ChapterAtom (level=0)
[DBG] |   |   |   |   + ChapterUID=370657b48d0591bd
[DBG] |   |   |   |   + ChapterTimeStart=6119346566
[DBG] |   |   |   |   + ChapterFlagHidden=no
[DBG] |   |   |   |   + ChapterTimeEnd=6279673400
[DBG] |   |   |   |   + ChapterDisplay
[DBG] |   |   |   |   |   + ChapterString=Chapter 45
[DBG] |   |   |   |   |   + ChapterLanguage=eng
[DBG] |   |   |   + ChapterAtom (level=0)
[DBG] |   |   |   |   + ChapterUID=bf7f1baee783a980
[DBG] |   |   |   |   + ChapterTimeStart=6279673400
[DBG] |   |   |   |   + ChapterFlagHidden=no
[DBG] |   |   |   |   + ChapterTimeEnd=6353413733
[DBG] |   |   |   |   + ChapterDisplay
[DBG] |   |   |   |   |   + ChapterString=Chapter 46
[DBG] |   |   |   |   |   + ChapterLanguage=eng
[DBG] |   |   |   + ChapterAtom (level=0)
[DBG] |   |   |   |   + ChapterUID=541f50dcdbecb94d
[DBG] |   |   |   |   + ChapterTimeStart=6353413733
[DBG] |   |   |   |   + ChapterFlagHidden=no
[DBG] |   |   |   |   + ChapterTimeEnd=6509769933
[DBG] |   |   |   |   + ChapterDisplay
[DBG] |   |   |   |   |   + ChapterString=Chapter 47
[DBG] |   |   |   |   |   + ChapterLanguage=eng
[DBG] |   |   |   + ChapterAtom (level=0)
[DBG] |   |   |   |   + ChapterUID=ae49985ff1c3db8b
[DBG] |   |   |   |   + ChapterTimeStart=6509769933
[DBG] |   |   |   |   + ChapterFlagHidden=no
[DBG] |   |   |   |   + ChapterTimeEnd=6585145233
[DBG] |   |   |   |   + ChapterDisplay
[DBG] |   |   |   |   |   + ChapterString=Chapter 48
[DBG] |   |   |   |   |   + ChapterLanguage=eng
[DBG] |   |   |   + ChapterAtom (level=0)
[DBG] |   |   |   |   + ChapterUID=bf470052d461b475
[DBG] |   |   |   |   + ChapterTimeStart=6585145233
[DBG] |   |   |   |   + ChapterFlagHidden=no
[DBG] |   |   |   |   + ChapterTimeEnd=6750477066
[DBG] |   |   |   |   + ChapterDisplay
[DBG] |   |   |   |   |   + ChapterString=Chapter 49
[DBG] |   |   |   |   |   + ChapterLanguage=eng
[DBG] |   |   |   + ChapterAtom (level=0)
[DBG] |   |   |   |   + ChapterUID=aef66dc46edbd2a
[DBG] |   |   |   |   + ChapterTimeStart=6750477066
[DBG] |   |   |   |   + ChapterFlagHidden=no
[DBG] |   |   |   |   + ChapterTimeEnd=7015775433
[DBG] |   |   |   |   + ChapterDisplay
[DBG] |   |   |   |   |   + ChapterString=Chapter 50
[DBG] |   |   |   |   |   + ChapterLanguage=eng
[DBG] |   |   |   + ChapterAtom (level=0)
[DBG] |   |   |   |   + ChapterUID=6e047737a1549823
[DBG] |   |   |   |   + ChapterTimeStart=7015775433
[DBG] |   |   |   |   + ChapterFlagHidden=no
[DBG] |   |   |   |   + ChapterTimeEnd=7116676233
[DBG] |   |   |   |   + ChapterDisplay
[DBG] |   |   |   |   |   + ChapterString=Chapter 51
[DBG] |   |   |   |   |   + ChapterLanguage=eng
[DBG] |   |   |   + ChapterAtom (level=0)
[DBG] |   |   |   |   + ChapterUID=838cd6b05e54aa13
[DBG] |   |   |   |   + ChapterTimeStart=7116676233
[DBG] |   |   |   |   + ChapterFlagHidden=no
[DBG] |   |   |   |   + ChapterTimeEnd=7304530566
[DBG] |   |   |   |   + ChapterDisplay
[DBG] |   |   |   |   |   + ChapterString=Chapter 52
[DBG] |   |   |   |   |   + ChapterLanguage=eng
[DBG] |   |   |   + ChapterAtom (level=0)
[DBG] |   |   |   |   + ChapterUID=1dfb1a73753829e2
[DBG] |   |   |   |   + ChapterTimeStart=7304530566
[DBG] |   |   |   |   + ChapterFlagHidden=no
[DBG] |   |   |   |   + ChapterTimeEnd=7417476733
[DBG] |   |   |   |   + ChapterDisplay
[DBG] |   |   |   |   |   + ChapterString=Chapter 53
[DBG] |   |   |   |   |   + ChapterLanguage=eng
[DBG] |   |   |   + ChapterAtom (level=0)
[DBG] |   |   |   |   + ChapterUID=e9f35f4150876621
[DBG] |   |   |   |   + ChapterTimeStart=7417476733
[DBG] |   |   |   |   + ChapterFlagHidden=no
[DBG] |   |   |   |   + ChapterTimeEnd=7798056933
[DBG] |   |   |   |   + ChapterDisplay
[DBG] |   |   |   |   |   + ChapterString=Chapter 54
[DBG] |   |   |   |   |   + ChapterLanguage=eng
[DBG] |   - tags at 5722249427
[DBG] resolving 192.168.1.250 ...
[DBG] outgoing request:
GET /stream/2 HTTP/1.1
Host: 192.168.1.250:8093
Accept: */*
Accept-Language: en_US
User-Agent: VLC/4.0.0-dev LibVLC/4.0.0-dev
If-Unmodified-Since: Fri, 17 Jul 2026 19:22:43 GMT
Range: bytes=5722249427-


[DBG] incoming response:
HTTP/1.1 206 Partial Content
Accept-Ranges: bytes
Content-Length: 1649
Content-Range: bytes 5722249427-5722251075/5722251076
Content-Type: video/x-matroska
Last-Modified: Fri, 17 Jul 2026 19:22:43 GMT
Date: Mon, 14 Sep 2026 01:56:36 GMT


[DBG] connection failed
[DBG] end of stream
[DBG] |   + Tags
[DBG] + Tag
[DBG] |   + Targets
[DBG] |   |   + TrackUID: 1
[DBG] |   |   + TargetType: MOVIE
[DBG] |   + Simple Tag 
[DBG] |   |   + Meta BPS: 5224535
[DBG] |   + Simple Tag 
[DBG] |   |   + Meta DURATION: 02:09:58.056933333
[DBG] |   + Simple Tag 
[DBG] |   |   + Meta NUMBER_OF_FRAMES: 193614
[DBG] |   + Simple Tag 
[DBG] |   |   + Meta NUMBER_OF_BYTES: 5092652986
[DBG] |   + Simple Tag 
[DBG] |   |   + Meta SOURCE_ID: 0100E0
[DBG] |   + Simple Tag 
[DBG] |   |   + Meta _STATISTICS_WRITING_APP: MakeMKV v1.18.4 darwin(arm64-release)
[DBG] |   + Simple Tag 
[DBG] |   |   + Meta _STATISTICS_WRITING_DATE_UTC: 2026-07-17 19:10:16
[DBG] |   + Simple Tag 
[DBG] |   |   + Meta _STATISTICS_TAGS: BPS DURATION NUMBER_OF_FRAMES NUMBER_OF_BYTES SOURCE_ID
[DBG] + Tag
[DBG] |   + Targets
[DBG] |   |   + TrackUID: 2
[DBG] |   |   + TargetType: MOVIE
[DBG] |   + Simple Tag 
[DBG] |   |   + Meta BPS: 448000
[DBG] |   + Simple Tag 
[DBG] |   |   + Meta DURATION: 02:09:58.048000000
[DBG] |   + Simple Tag 
[DBG] |   |   + Meta NUMBER_OF_FRAMES: 243689
[DBG] |   + Simple Tag 
[DBG] |   |   + Meta NUMBER_OF_BYTES: 436690688
[DBG] |   + Simple Tag 
[DBG] |   |   + Meta SOURCE_ID: 0180BD
[DBG] |   + Simple Tag 
[DBG] |   |   + Meta _STATISTICS_WRITING_APP: MakeMKV v1.18.4 darwin(arm64-release)
[DBG] |   + Simple Tag 
[DBG] |   |   + Meta _STATISTICS_WRITING_DATE_UTC: 2026-07-17 19:10:16
[DBG] |   + Simple Tag 
[DBG] |   |   + Meta _STATISTICS_TAGS: BPS DURATION NUMBER_OF_FRAMES NUMBER_OF_BYTES SOURCE_ID
[DBG] + Tag
[DBG] |   + Targets
[DBG] |   |   + TrackUID: 3
[DBG] |   |   + TargetType: MOVIE
[DBG] |   + Simple Tag 
[DBG] |   |   + Meta BPS: 192000
[DBG] |   + Simple Tag 
[DBG] |   |   + Meta DURATION: 02:09:58.048000000
[DBG] |   + Simple Tag 
[DBG] |   |   + Meta NUMBER_OF_FRAMES: 243689
[DBG] |   + Simple Tag 
[DBG] |   |   + Meta NUMBER_OF_BYTES: 187153152
[DBG] |   + Simple Tag 
[DBG] |   |   + Meta SOURCE_ID: 0181BD
[DBG] |   + Simple Tag 
[DBG] |   |   + Meta _STATISTICS_WRITING_APP: MakeMKV v1.18.4 darwin(arm64-release)
[DBG] |   + Simple Tag 
[DBG] |   |   + Meta _STATISTICS_WRITING_DATE_UTC: 2026-07-17 19:10:16
[DBG] |   + Simple Tag 
[DBG] |   |   + Meta _STATISTICS_TAGS: BPS DURATION NUMBER_OF_FRAMES NUMBER_OF_BYTES SOURCE_ID
[DBG] + Tag
[DBG] |   + Targets
[DBG] |   |   + TrackUID: 4
[DBG] |   |   + TargetType: MOVIE
[DBG] |   + Simple Tag 
[DBG] |   |   + Meta BPS: 52
[DBG] |   + Simple Tag 
[DBG] |   |   + Meta DURATION: 02:01:11.127566666
[DBG] |   + Simple Tag 
[DBG] |   |   + Meta NUMBER_OF_FRAMES: 947
[DBG] |   + Simple Tag 
[DBG] |   |   + Meta NUMBER_OF_BYTES: 47304
[DBG] |   + Simple Tag 
[DBG] |   |   + Meta SOURCE_ID: 0100E0
[DBG] |   + Simple Tag 
[DBG] |   |   + Meta _STATISTICS_WRITING_APP: MakeMKV v1.18.4 darwin(arm64-release)
[DBG] |   + Simple Tag 
[DBG] |   |   + Meta _STATISTICS_WRITING_DATE_UTC: 2026-07-17 19:10:16
[DBG] |   + Simple Tag 
[DBG] |   |   + Meta _STATISTICS_TAGS: BPS DURATION NUMBER_OF_FRAMES NUMBER_OF_BYTES SOURCE_ID
[DBG] loading tags done.
[DBG] resolving 192.168.1.250 ...
[DBG] outgoing request:
GET /stream/2 HTTP/1.1
Host: 192.168.1.250:8093
Accept: */*
Accept-Language: en_US
User-Agent: VLC/4.0.0-dev LibVLC/4.0.0-dev
If-Unmodified-Since: Fri, 17 Jul 2026 19:22:43 GMT
Range: bytes=183-


[DBG] incoming response:
HTTP/1.1 206 Partial Content
Accept-Ranges: bytes
Content-Length: 5722250893
Content-Range: bytes 183-5722251075/5722251076
Content-Type: video/x-matroska
Last-Modified: Fri, 17 Jul 2026 19:22:43 GMT
Date: Mon, 14 Sep 2026 01:56:36 GMT


[DBG] |   + Void
[DBG] |   + Information
[DBG] |   + Tracks
[DBG] |   + Chapters
[DBG] |   + Void
[DBG] |   + Cluster
[DBG] Virtual chapter  Chapter 01 from 0 to 165965800 - 
[DBG] Virtual chapter  Chapter 02 from 165965800 to 252885966 - 
[DBG] Virtual chapter  Chapter 03 from 252885966 to 413713300 - 
[DBG] Virtual chapter  Chapter 04 from 413713300 to 519519000 - 
[DBG] Virtual chapter  Chapter 05 from 519519000 to 636602633 - 
[DBG] Virtual chapter  Chapter 06 from 636602633 to 740406333 - 
[DBG] Virtual chapter  Chapter 07 from 740406333 to 984450133 - 
[DBG] Virtual chapter  Chapter 08 from 984450133 to 1242457883 - 
[DBG] Virtual chapter  Chapter 09 from 1242457883 to 1362694666 - 
[DBG] Virtual chapter  Chapter 10 from 1362694666 to 1476975500 - 
[DBG] Virtual chapter  Chapter 11 from 1476975500 to 1599064133 - 
[DBG] Virtual chapter  Chapter 12 from 1599064133 to 1681713366 - 
[DBG] Virtual chapter  Chapter 13 from 1681713366 to 1742340600 - 
[DBG] Virtual chapter  Chapter 14 from 1742340600 to 1780879100 - 
[DBG] Virtual chapter  Chapter 15 from 1780879100 to 1954919633 - 
[DBG] Virtual chapter  Chapter 16 from 1954919633 to 2014979633 - 
[DBG] Virtual chapter  Chapter 17 from 2014979633 to 2177775600 - 
[DBG] Virtual chapter  Chapter 18 from 2177775600 to 2286384100 - 
[DBG] Virtual chapter  Chapter 19 from 2286384100 to 2423354266 - 
[DBG] Virtual chapter  Chapter 20 from 2423354266 to 2618248966 - 
[DBG] Virtual chapter  Chapter 21 from 2618248966 to 2829092933 - 
[DBG] Virtual chapter  Chapter 22 from 2829092933 to 3011808800 - 
[DBG] Virtual chapter  Chapter 23 from 3011808800 to 3169966800 - 
[DBG] Virtual chapter  Chapter 24 from 3169966800 to 3348011333 - 
[DBG] Virtual chapter  Chapter 25 from 3348011333 to 3495658833 - 
[DBG] Virtual chapter  Chapter 26 from 3495658833 to 3698728366 - 
[DBG] Virtual chapter  Chapter 27 from 3698728366 to 3746776366 - 
[DBG] Virtual chapter  Chapter 28 from 3746776366 to 3869031833 - 
[DBG] Virtual chapter  Chapter 29 from 3869031833 to 3973235933 - 
[DBG] Virtual chapter  Chapter 30 from 3973235933 to 4111674233 - 
[DBG] Virtual chapter  Chapter 31 from 4111674233 to 4188450933 - 
[DBG] Virtual chapter  Chapter 32 from 4188450933 to 4258821233 - 
[DBG] Virtual chapter  Chapter 33 from 4258821233 to 4403799400 - 
[DBG] Virtual chapter  Chapter 34 from 4403799400 to 4600996400 - 
[DBG] Virtual chapter  Chapter 35 from 4600996400 to 4759654900 - 
[DBG] Virtual chapter  Chapter 36 from 4759654900 to 4869297766 - 
[DBG] Virtual chapter  Chapter 37 from 4869297766 to 5076471400 - 
[DBG] Virtual chapter  Chapter 38 from 5076471400 to 5239634400 - 
[DBG] Virtual chapter  Chapter 39 from 5239634400 to 5523451266 - 
[DBG] Virtual chapter  Chapter 40 from 5523451266 to 5654081766 - 
[DBG] Virtual chapter  Chapter 41 from 5654081766 to 5797558433 - 
[DBG] Virtual chapter  Chapter 42 from 5797558433 to 5966794166 - 
[DBG] Virtual chapter  Chapter 43 from 5966794166 to 6045272566 - 
[DBG] Virtual chapter  Chapter 44 from 6045272566 to 6119346566 - 
[DBG] Virtual chapter  Chapter 45 from 6119346566 to 6279673400 - 
[DBG] Virtual chapter  Chapter 46 from 6279673400 to 6353413733 - 
[DBG] Virtual chapter  Chapter 47 from 6353413733 to 6509769933 - 
[DBG] Virtual chapter  Chapter 48 from 6509769933 to 6585145233 - 
[DBG] Virtual chapter  Chapter 49 from 6585145233 to 6750477066 - 
[DBG] Virtual chapter  Chapter 50 from 6750477066 to 7015775433 - 
[DBG] Virtual chapter  Chapter 51 from 7015775433 to 7116676233 - 
[DBG] Virtual chapter  Chapter 52 from 7116676233 to 7304530566 - 
[DBG] Virtual chapter  Chapter 53 from 7304530566 to 7417476733 - 
[DBG] Virtual chapter  Chapter 54 from 7417476733 to 7798056933 - 
[DBG] Virtual chapter  from 0 to -1 - 
[DBG] NEW START CHAPTER uid=5827174896662102052
[DBG] found 4 es
[DBG] selecting program id=0
[DBG] ES track added: 'video/1' (fourcc: 'mpgv')
[DBG] ES track added: 'audio/2' (fourcc: 'a52 ')
[DBG] ES track added: 'audio/3' (fourcc: 'a52 ')
[DBG] ES track added: 'spu/4' (fourcc: 'subt')
9:56:36.321 PM [player] track added video/1 type=1
[DBG] seek: preroll{ track: 1, pts: 0, fpos: 5816 skip: 5816} 
[DBG] seek: preroll{ req: 1, start-pts: 1, start-fpos: 5816} 
[DBG] using demux module "mkv"
9:56:36.322 PM [player] track added audio/2 type=0
[DBG] looking for video packetizer module matching "any": 13 candidates
9:56:36.322 PM [player] track added audio/3 type=0
[DBG] using video packetizer module "mpegvideo"
[DBG] looking for video decoder module matching "any": 14 candidates
9:56:36.322 PM [player] track added spu/4 type=2
[ERR] 'mpgv' is not supported
9:56:36.322 PM [player] length 7798056 ms
[DBG] vout: none found
[DBG] looking for text renderer module matching "freetype": 2 candidates
[DBG] using text renderer module "freetype"
[DBG] looking for video converter module matching "any": 13 candidates
[DBG] 32x32 (32x32) chroma: YUVA colorspace: Undefined -> 16x16 (16x16) chroma: RGBA colorspace: Undefined with scaling using Bicubic (good quality)
[DBG] using video converter module "swscale"
[DBG] looking for video converter module matching "any": 13 candidates
[DBG] YUVP to YUVA converter
[DBG] using video converter module "yuvp"
[DBG] Deinterlacing available
[DBG] deinterlace -1, mode auto, is_needed 0
[DBG] looking for vout window module matching "any": 2 candidates
[DBG] resized to 1920x1080
[DBG] using vout window module "uiview_window"
[DBG] looking for inhibit module matching "any": 1 candidates
[DBG] using inhibit module "uikit_inhibit"
[DBG] looking for decoder device module matching "any": 1 candidates
[DBG] using decoder device module "videotoolbox"
[WARN] vt session error: 'kVTCouldNotFindVideoDecoderErr'
[DBG] using Lavc63.1.100
[DBG] CPU flags: 0x00062360
[DBG] allowing 6 thread(s) for decoding
[DBG] codec (mpeg2video) started
[DBG] using video decoder module "avcodec"
[DBG] ES track selected: 'video/1' (fourcc: 'mpgv')
[DBG] looking for audio packetizer module matching "any": 11 candidates
[DBG] using audio packetizer module "a52"
[DBG] looking for audio decoder module matching "any": 15 candidates
[DBG] reusing audio output
[ERR] too low audio sample frequency (0)
9:56:36.329 PM [player] track selected type=1 selected=video/1 unselected=
[DBG] keeping audio output
[DBG] using Lavc63.1.100
[DBG] CPU flags: 0x00062360
[DBG] codec (ac3) started
[DBG] using audio decoder module "avcodec"
[DBG] ES track selected: 'audio/2' (fourcc: 'a52 ')
[DBG] looking for spu decoder module matching "any": 19 candidates
[DBG] using Lavc63.1.100
[DBG] CPU flags: 0x00062360
[WARN] refusing to decode non validated subtitle codec
9:56:36.329 PM [player] track selected type=0 selected=audio/2 unselected=
[DBG] trying demuxer-specified character encoding: UTF-8
[DBG] using spu decoder module "subsdec"
[DBG] ES track selected: 'spu/4' (fourcc: 'subt')
[DBG] looking for meta reader module matching "any": 1 candidates
[DBG] no meta reader modules matched with name any
9:56:36.329 PM [player] track selected type=2 selected=spu/4 unselected=
[DBG] `http://192.168.1.250:8093/stream/2' successfully opened
9:56:36.330 PM [player] state Playing at 0 ms
[DBG] program(0): using clock source: 'audio'
[DBG] Buffering 0%
[DBG] A/52 channels:6 samplerate:48000 bitrate:448000
[DBG] size 720x480/720x480 fps 500000:16683
[DBG] restarting module due to input format change
[DBG] restarting module due to input format change
[DBG] 'decoder in/packetizer out' i_rate 0 / 48000
[DBG] 'decoder in/packetizer out' profile -1 / 4
[DBG] 'decoder in/packetizer out' i_physical_channels 0 / 4199
[DBG] 'decoder in/packetizer out' i_width 0 / 720
[DBG] removing "audio decoder" module "avcodec"
[DBG] 'decoder in/packetizer out' i_height 0 / 480
[DBG] looking for audio decoder module matching "any": 15 candidates
[DBG] 'decoder in/packetizer out' i_visible_width 0 / 720
[DBG] reusing audio output
[DBG] 'decoder in/packetizer out' i_visible_height 0 / 480
[WARN] failed to start passthrough audio output, failing back to linear format
[DBG] removing "video decoder" module "avcodec"
[DBG] Buffering 3%
[DBG] keeping audio output
[DBG] looking for video decoder module matching "any": 14 candidates
[DBG] using Lavc63.1.100
[ERR] 'mpgv' is not supported
[DBG] Buffering 6%
[DBG] CPU flags: 0x00062360
[DBG] vout change: decoder size
[DBG] vout change: visible size
[DBG] codec (ac3) started
[DBG] using audio decoder module "avcodec"
[DBG] Buffering 10%
[DBG] Buffering 13%
[DBG] reusing audio output
[DBG] Buffering 16%
[DBG] Buffering 20%
[DBG] Buffering 23%
[WARN] vt session error: 'kVTCouldNotFindVideoDecoderErr'
[DBG] using Lavc63.1.100
[DBG] CPU flags: 0x00062360
[DBG] allowing 6 thread(s) for decoding
[DBG] codec (mpeg2video) started
[DBG] Buffering 26%
[DBG] using video decoder module "avcodec"
[DBG] Buffering 30%
[DBG] available hardware decoder output format 157 (videotoolbox_vld)
9:56:36.332 PM [player] buffering 0.0
[DBG] Buffering 33%
[DBG] available software decoder output format 0 (yuv420p)
[DBG] vout change: chroma
[DBG] vout change: SAR
[DBG] requested window size: 640x480
[DBG] deinterlace -1, mode auto, is_needed 0
[DBG] Opening vout display wrapper
[DBG] looking for vout display module matching "any": 3 candidates
[DBG] looking for video converter module matching "any": 13 candidates
[DBG] Buffering 44%
[DBG] Buffering 46%
[DBG] Buffering 50%
[DBG] Buffering 53%
[DBG] Buffering 56%
[DBG] Buffering 60%
[DBG] Buffering 63%
[DBG] Buffering 66%
[DBG] Buffering 70%
[DBG] Buffering 73%
[DBG] Buffering 86%
[DBG] Buffering 90%
[DBG] Buffering 93%
[DBG] Buffering 96%
[INF] Trying to use chroma_chain: [c=18|q=100] I420 -> CVPN -> CVPB...
9:56:36.338 PM [player] buffering 1.0
[DBG] looking for video converter module matching "any": 13 candidates
[DBG] Stream buffering done (1001 ms in 8 ms)
[DBG] looking for decoder device module matching "any": 1 candidates
[DBG] using decoder device module "videotoolbox"
[DBG] using video converter module "cvpx"
[DBG] Filter 'cvpx' (0x10e346d00) appended to chain (0x10e346a00)
[DBG] looking for video converter module matching "any": 13 candidates
[DBG] no video converter modules matched with name any
[ERR] Failed to create video converter
[INF] Trying to use chroma_chain: [c=18|q=100] I420 -> CVPI -> CVPB...
[DBG] removing "video converter" module "cvpx"
[DBG] Filter 0x10e346d00 removed from chain
[DBG] looking for video converter module matching "any": 13 candidates
[DBG] looking for decoder device module matching "any": 1 candidates
[DBG] using decoder device module "videotoolbox"
[DBG] using video converter module "cvpx"
[DBG] Filter 'cvpx' (0x10e346d00) appended to chain (0x10e346a00)
[DBG] looking for video converter module matching "any": 13 candidates
[DBG] no video converter modules matched with name any
[ERR] Failed to create video converter
[INF] Trying to use chroma_chain: [c=118|q=90] I420 -> BGRA -> CVPB...
[DBG] removing "video converter" module "cvpx"
[DBG] Filter 0x10e346d00 removed from chain
[DBG] looking for video converter module matching "any": 13 candidates
[DBG] 720x480 (720x480) chroma: I420 colorspace: BT601 -> 720x480 (720x480) chroma: BGRA colorspace: BT601 with scaling using Bicubic (good quality)
[DBG] using video converter module "swscale"
[DBG] Filter 'Swscale' (0x10e346d00) appended to chain (0x10e346a00)
[DBG] looking for video converter module matching "any": 13 candidates
[DBG] looking for decoder device module matching "any": 1 candidates
[DBG] using decoder device module "videotoolbox"
[DBG] using video converter module "cvpx"
[DBG] Filter 'cvpx' (0x10e347000) appended to chain (0x10e346a00)
[INF] success
[DBG] using video converter module "chain"
[DBG] using vout display module "samplebufferdisplay"
[DBG] original format sz 720x480, of (0,0), vsz 720x480, 4cc I420, sar 8:9, orient: normal
[DBG] removing "text renderer" module "freetype"
[DBG] looking for text renderer module matching "freetype": 2 candidates
[DBG] using text renderer module "freetype"
[DBG] requested window size: 640x480
[DBG] resetting projection_mode to 0
[DBG] setting projection_mode to 0
[DBG] Received first picture
[DBG] Detected interlaced video
[DBG] deinterlace -1, mode auto, is_needed 1
[DBG] resized to 3840x2160
[DBG] Output on HDMI, channel count: 6
[DBG] VLC keeping the same input layout
[DBG] output 'f32l' 48000 Hz 3F2M/LFE frame=1 samples/24 bytes
[DBG] looking for audio volume module matching "any": 2 candidates
[DBG] using audio volume module "float_mixer"
[DBG] input 'f32l' 48000 Hz 3F2M/LFE frame=1 samples/24 bytes
[DBG] looking for audio filter module matching "scaletempo": 1 candidates
[DBG] format: 48000 rate, 6 nch, 4 bps, fl32
[DBG] params: 30 stride, 0.200 overlap, 14 search
[DBG] 1.000 scale, 1440.000 stride_in, 1440 stride_out, 1152 standing, 288 overlap, 672 search, 2400 queue, fl32 mode
[DBG] using audio filter module "scaletempo"
[DBG] conversion: 'f32l'->'f32l' 48000 Hz->48000 Hz 3F2M/LFE->3F2M/LFE
[DBG] conversion pipeline complete
[DBG] conversion: 'f32l'->'f32l' 48000 Hz->48000 Hz 3F2M/LFE->3F2M/LFE
[DBG] conversion pipeline complete
[DBG] looking for audio resampler module matching "soxr": 2 candidates
[DBG] Using SoX Resampler with 'cr32s' engine and 'Medium 16-bit with medium roll-off' quality to convert f32l/48000Hz to f32l/48000Hz.
[DBG] using audio resampler module "soxr"
[DBG] Decoder wait done in 48 ms
[DBG] control type=26
[DBG] Adding 'deinterlace' as static
[DBG] looking for video filter module matching "deinterlace,chain": 2 candidates
[DBG] using x deinterlace method
[DBG] deinterlacing
[DBG] using video filter module "deinterlace"
[DBG] deferring start (79818 us)
[DBG] Filter 'deinterlace' (0x106755800) appended to chain (0x10e345200)
[DBG] deferring start (44352 us)
[DBG] deferring start (44083 us)
[DBG] deferring start (43900 us)
[DBG] deferring start (43691 us)
[DBG] deferring start (43521 us)
[DBG] deferring start (43315 us)
[DBG] deferring start (43159 us)
[DBG] deferring start (42949 us)
[DBG] deferring start (42757 us)
[DBG] deferring start (42595 us)
[DBG] deferring start (42438 us)
[DBG] deferring start (42300 us)
[DBG] deferring start (42186 us)
[DBG] deferring start (42042 us)
[DBG] deferring start (41918 us)
[DBG] deferring start (41783 us)
[DBG] deferring start (41662 us)
[DBG] deferring start (41545 us)
[DBG] deferring start (41424 us)
[DBG] deferring start (41275 us)
[DBG] deferring start (41156 us)
[DBG] deferring start (41036 us)
[DBG] deferring start (40923 us)
[DBG] deferring start (40804 us)
[DBG] deferring start (40684 us)
[DBG] deferring start (40556 us)
[DBG] deferring start (40438 us)
[DBG] deferring start (40289 us)
[DBG] deferring start (40170 us)
[DBG] deferring start (40049 us)
[DBG] deferring start (39938 us)
[DBG] deferring start (39815 us)
[DBG] deferring start (39697 us)
[DBG] deferring start (39575 us)
[DBG] deferring start (39456 us)
[DBG] deferring start (39335 us)
[DBG] deferring start (39211 us)
[DBG] deferring start (39079 us)
[DBG] deferring start (38974 us)
[DBG] started
[DBG] picture displayed late (missing 3 ms)
[WARN] picture is too late to be displayed (missing 77 ms)
[WARN] picture is too late to be displayed (missing 45 ms)
[DBG] picture displayed late (missing 9 ms)
9:56:54.472 PM [player] pause (select) at 17668 ms
[DBG] control type=0
[DBG] pausing
[DBG] not really pausing SPU
[DBG] pausing audio
9:56:54.492 PM [player] state Paused at 17812 ms
[DBG] pausing video
[DBG] picture displayed late (missing 13 ms)
9:56:55.701 PM [player] play (select) at 17812 ms
[DBG] control type=0
[DBG] resuming
9:56:55.702 PM [player] state Playing at 17812 ms
[DBG] not really resuming SPU
[DBG] resuming audio
[DBG] resuming video
9:56:57.342 PM [player] pause (select) at 19000 ms
[DBG] control type=0
9:56:57.342 PM [player] state Paused at 19409 ms
[DBG] pausing
[DBG] not really pausing SPU
[DBG] pausing audio
[DBG] pausing video
[DBG] picture displayed late (missing 14 ms)
9:56:59.974 PM [framestep] +1 gotoNextFrame before=19410 ms
[DBG] control type=33
9:56:59.977 PM [framestep] nextFrameStepped result=0 time=19520 ms
9:57:00.404 PM [framestep] +1 after(400 ms)=19520 ms
9:57:02.214 PM [framestep] +1 gotoNextFrame before=19520 ms
[DBG] control type=33
9:57:02.225 PM [framestep] nextFrameStepped result=0 time=19570 ms
9:57:02.633 PM [framestep] +1 after(400 ms)=19570 ms
9:57:06.222 PM [framestep] −1 seek before=19570 ms frame=33 ms (500000/16683 fps) target=19537 ms
[DBG] control type=3
[DBG] ES_OUT_RESET_PCR called
[DBG] SET_TIME to 19537000
[DBG] seek request to i_pos = 19537000
[DBG] seek: preroll{ track: 1, pts: 0, fpos: 5816 skip: 5816} 
[DBG] seek: preroll{ track: 2, pts: 19488000, fpos: 10003739 skip: 10003739} 
[DBG] seek: preroll{ track: 4, pts: -1, fpos: 5816 skip: 5816} 
[ERR] reading while paused (buggy demux?)
[DBG] resuming
[DBG] resolving 192.168.1.250 ...
[DBG] outgoing request:
GET /stream/2 HTTP/1.1
Host: 192.168.1.250:8093
Accept: */*
Accept-Language: en_US
User-Agent: VLC/4.0.0-dev LibVLC/4.0.0-dev
If-Unmodified-Since: Fri, 17 Jul 2026 19:22:43 GMT
Range: bytes=5816-


9:57:06.232 PM [player] buffering 0.0
[DBG] incoming response:
HTTP/1.1 206 Partial Content
Accept-Ranges: bytes
Content-Length: 5722245260
Content-Range: bytes 5816-5722251075/5722251076
Content-Type: video/x-matroska
Last-Modified: Fri, 17 Jul 2026 19:22:43 GMT
Date: Mon, 14 Sep 2026 01:57:06 GMT


[DBG] connection failed
[DBG] seek: preroll{ req: 19537001, start-pts: 1, start-fpos: 5816} 
[DBG] control type=35
[DBG] control type=35
[DBG] control type=35
[DBG] control type=35
[DBG] control type=35
[DBG] Buffering 0%
9:57:06.250 PM [player] buffering 0.0
[DBG] control type=35
[DBG] control type=35
[DBG] control type=35
[DBG] control type=35
[DBG] control type=35
[DBG] control type=35
[DBG] control type=35
[DBG] control type=35
[DBG] control type=35
[DBG] control type=35
[DBG] control type=35
[DBG] control type=35
[DBG] control type=35
[DBG] control type=35
[DBG] control type=35
[DBG] control type=35
[DBG] control type=35
[DBG] control type=35
[DBG] control type=35
[DBG] control type=35
[DBG] control type=35
[DBG] control type=35
[DBG] control type=35
[DBG] control type=35
[DBG] control type=35
[DBG] control type=35
[DBG] control type=35
[DBG] control type=35
[DBG] control type=35
[DBG] control type=35
[DBG] control type=35
[DBG] control type=35
[DBG] control type=35
[DBG] control type=35
[DBG] control type=35
[DBG] control type=35
[DBG] control type=35
[DBG] control type=35
[DBG] control type=35
[DBG] control type=35
[DBG] control type=35
[DBG] control type=35
[DBG] control type=35
[DBG] control type=35
[DBG] control type=35
[DBG] control type=35
[DBG] control type=35
[DBG] control type=35
[DBG] control type=35
[DBG] control type=35
[DBG] control type=35
[DBG] control type=35
[DBG] control type=35
[DBG] control type=35
[DBG] control type=35
[DBG] control type=35
[DBG] control type=35
[DBG] control type=35
[DBG] control type=35
[DBG] control type=35
[DBG] control type=35
[DBG] control type=35
[DBG] control type=35
[DBG] control type=35
[DBG] control type=35
[DBG] control type=35
[DBG] control type=35
[DBG] control type=35
[DBG] control type=35
[DBG] control type=35
[DBG] control type=35
[DBG] control type=35
[DBG] control type=35
[DBG] control type=35
[DBG] control type=35
[DBG] control type=35
[DBG] control type=35
[DBG] control type=35
[DBG] control type=35
[DBG] control type=35
[DBG] control type=35
[DBG] control type=35
[DBG] control type=35
[DBG] control type=35
[DBG] control type=35
[DBG] control type=35
[DBG] control type=35
[DBG] control type=35
[DBG] control type=35
[DBG] control type=35
[DBG] control type=35
[DBG] control type=35
[DBG] control type=35
[DBG] control type=35
[DBG] control type=35
[DBG] control type=35
[DBG] control type=35
[DBG] control type=35
[DBG] control type=35
[DBG] control type=35
[DBG] control type=35
[DBG] control type=35
[DBG] control type=35
[DBG] control type=35
[DBG] control type=35
[DBG] control type=35
[DBG] control type=35
[DBG] control type=35
[DBG] control type=35
[DBG] control type=35
[DBG] control type=35
[DBG] control type=35
[DBG] control type=35
[DBG] control type=35
[DBG] control type=35
[DBG] control type=35
[DBG] control type=35
[DBG] control type=35
[DBG] control type=35
[DBG] control type=35
[DBG] control type=35
[DBG] control type=35
[DBG] control type=35
[DBG] control type=35
[DBG] control type=35
[DBG] control type=35
[DBG] control type=35
[DBG] control type=35
[DBG] control type=35
[DBG] control type=35
[DBG] control type=35
[DBG] control type=35
[DBG] control type=35
[DBG] control type=35
[DBG] control type=35
[DBG] control type=35
[DBG] control type=35
[DBG] control type=35
[DBG] control type=35
[DBG] control type=35
[DBG] control type=35
[DBG] control type=35
[DBG] control type=35
[DBG] control type=35
[DBG] control type=35
[DBG] control type=35
[DBG] control type=35
[DBG] control type=35
[DBG] control type=35
[DBG] control type=35
[DBG] control type=35
[DBG] control type=35
[DBG] control type=35
[DBG] control type=35
[DBG] control type=35
[DBG] control type=35
[DBG] control type=35
[DBG] control type=35
[DBG] control type=35
[DBG] control type=35
[DBG] control type=35
[DBG] control type=35
[DBG] control type=35
[DBG] control type=35
[DBG] control type=35
[DBG] control type=35
[DBG] control type=35
[DBG] control type=35
[DBG] control type=35
[DBG] control type=35
[DBG] control type=35
[DBG] control type=35
[DBG] control type=35
[DBG] control type=35
[DBG] control type=35
[DBG] control type=35
[DBG] control type=35
[DBG] control type=35
[DBG] control type=35
[DBG] control type=35
[DBG] control type=35
[DBG] control type=35
[DBG] control type=35
[DBG] control type=35
[DBG] control type=35
[DBG] control type=35
[DBG] control type=35
[DBG] control type=35
[DBG] control type=35
[DBG] control type=35
[DBG] control type=35
[DBG] control type=35
[DBG] control type=35
[DBG] control type=35
[DBG] control type=35
[DBG] control type=35
[DBG] control type=35
[DBG] control type=35
[DBG] control type=35
[DBG] control type=35
[DBG] control type=35
[DBG] control type=35
[DBG] control type=35
[DBG] control type=35
[DBG] control type=35
[DBG] control type=35
[DBG] control type=35
[DBG] control type=35
[DBG] control type=35
[DBG] control type=35
[DBG] control type=35
[DBG] control type=35
[DBG] control type=35
[DBG] control type=35
[DBG] control type=35
[DBG] control type=35
[DBG] control type=35
[DBG] control type=35
[DBG] control type=35
[DBG] control type=35
[DBG] control type=35
[DBG] control type=35
[DBG] control type=35
[DBG] control type=35
[DBG] control type=35
[DBG] control type=35
[DBG] control type=35
[DBG] control type=35
[DBG] control type=35
[DBG] control type=35
[DBG] control type=35
[DBG] control type=35
[DBG] control type=35
[DBG] control type=35
[DBG] control type=35
[DBG] control type=35
[DBG] control type=35
[DBG] control type=35
[DBG] control type=35
[DBG] control type=35
[DBG] control type=35
[DBG] control type=35
[DBG] control type=35
[DBG] control type=35
[DBG] control type=35
[DBG] control type=35
[DBG] control type=35
[DBG] control type=35
[DBG] control type=35
[DBG] control type=35
[DBG] control type=35
[DBG] control type=35
[DBG] control type=35
[DBG] control type=35
[DBG] control type=35
[DBG] control type=35
[DBG] control type=35
[DBG] control type=35
[DBG] control type=35
[DBG] control type=35
[DBG] control type=35
[DBG] control type=35
[DBG] control type=35
[DBG] control type=35
[DBG] control type=35
[DBG] control type=35
[DBG] control type=35
[DBG] control type=35
[DBG] control type=35
[DBG] control type=35
[DBG] control type=35
[DBG] control type=35
[DBG] control type=35
[DBG] control type=35
[DBG] control type=35
[DBG] control type=35
[DBG] control type=35
[DBG] control type=35
[DBG] control type=35
[DBG] control type=35
[DBG] control type=35
[DBG] control type=35
[DBG] control type=35
[DBG] control type=35
[DBG] control type=35
[DBG] control type=35
[DBG] control type=35
[DBG] control type=35
[DBG] control type=35
[DBG] control type=35
[DBG] control type=35
[DBG] control type=35
[DBG] control type=35
[DBG] control type=35
[DBG] control type=35
[DBG] control type=35
[DBG] control type=35
[DBG] control type=35
[DBG] control type=35
[DBG] control type=35
[DBG] control type=35
[DBG] control type=35
[DBG] control type=35
[DBG] control type=35
[DBG] control type=35
[DBG] control type=35
[DBG] control type=35
[DBG] control type=35
[DBG] control type=35
[DBG] control type=35
[DBG] control type=35
[DBG] control type=35
[DBG] control type=35
[DBG] control type=35
[DBG] control type=35
[DBG] control type=35
[DBG] control type=35
[DBG] control type=35
[DBG] control type=35
[DBG] control type=35
[DBG] control type=35
[DBG] control type=35
[DBG] control type=35
[DBG] control type=35
[DBG] control type=35
[DBG] control type=35
[DBG] control type=35
[DBG] control type=35
[DBG] control type=35
[DBG] control type=35
[DBG] control type=35
[DBG] control type=35
[DBG] control type=35
[DBG] control type=35
[DBG] control type=35
[DBG] control type=35
[DBG] control type=35
[DBG] control type=35
[DBG] control type=35
[DBG] control type=35
[DBG] control type=35
[DBG] control type=35
[DBG] control type=35
[DBG] control type=35
[DBG] control type=35
[DBG] control type=35
[DBG] control type=35
[DBG] control type=35
[DBG] control type=35
[DBG] control type=35
[DBG] control type=35
[DBG] control type=35
[DBG] control type=35
[DBG] control type=35
[DBG] control type=35
[DBG] control type=35
[DBG] control type=35
[DBG] control type=35
[DBG] control type=35
[DBG] control type=35
[DBG] control type=35
[DBG] control type=35
[DBG] control type=35
[DBG] control type=35
[DBG] control type=35
[DBG] control type=35
[DBG] control type=35
[DBG] control type=35
[DBG] control type=35
[DBG] control type=35
[DBG] control type=35
[DBG] control type=35
[DBG] control type=35
[DBG] control type=35
[DBG] control type=35
[DBG] control type=35
[DBG] control type=35
[DBG] control type=35
[DBG] control type=35
[DBG] control type=35
[DBG] control type=35
[DBG] control type=35
[DBG] control type=35
[DBG] control type=35
[DBG] control type=35
[DBG] control type=35
[DBG] control type=35
[DBG] control type=35
[DBG] control type=35
[DBG] control type=35
[DBG] control type=35
[DBG] control type=35
[DBG] control type=35
[DBG] control type=35
[DBG] control type=35
[DBG] control type=35
[DBG] control type=35
[DBG] control type=35
[DBG] control type=35
[DBG] control type=35
[DBG] control type=35
[DBG] control type=35
[DBG] control type=35
[DBG] control type=35
[DBG] control type=35
[DBG] control type=35
[DBG] control type=35
[DBG] control type=35
[DBG] control type=35
[DBG] control type=35
[DBG] control type=35
[DBG] control type=35
[DBG] control type=35
[DBG] control type=35
[DBG] control type=35
[DBG] control type=35
[DBG] control type=35
[DBG] control type=35
[DBG] control type=35
[DBG] control type=35
[DBG] control type=35
[DBG] control type=35
[DBG] control type=35
[DBG] control type=35
[DBG] control type=35
[DBG] control type=35
[DBG] control type=35
[DBG] control type=35
[DBG] control type=35
[DBG] control type=35
[DBG] control type=35
[DBG] control type=35
[DBG] control type=35
[DBG] control type=35
[DBG] control type=35
[DBG] control type=35
[DBG] control type=35
[DBG] control type=35
[DBG] control type=35
[DBG] control type=35
[DBG] control type=35
[DBG] control type=35
[DBG] control type=35
[DBG] control type=35
[DBG] control type=35
[DBG] control type=35
[DBG] control type=35
[DBG] control type=35
[DBG] control type=35
[DBG] control type=35
[DBG] control type=35
[DBG] control type=35
[DBG] control type=35
[DBG] control type=35
[DBG] control type=35
[DBG] control type=35
[DBG] control type=35
[DBG] control type=35
[DBG] control type=35
[DBG] control type=35
[DBG] control type=35
[DBG] control type=35
[DBG] control type=35
[DBG] control type=35
[DBG] control type=35
[DBG] control type=35
[DBG] control type=35
[DBG] control type=35
[DBG] control type=35
[DBG] control type=35
[DBG] control type=35
[DBG] control type=35
[DBG] control type=35
[DBG] control type=35
[DBG] control type=35
[DBG] control type=35
[DBG] control type=35
[DBG] control type=35
[DBG] control type=35
[DBG] control type=35
[DBG] control type=35
[DBG] control type=35
[DBG] control type=35
[DBG] control type=35
[DBG] control type=35
[DBG] control type=35
[DBG] control type=35
[DBG] control type=35
[DBG] control type=35
[DBG] control type=35
[DBG] control type=35
[DBG] control type=35
[DBG] control type=35
[DBG] control type=35
[DBG] control type=35
[DBG] control type=35
[DBG] control type=35
[DBG] control type=35
[DBG] control type=35
[DBG] control type=35
[DBG] control type=35
[DBG] control type=35
[DBG] control type=35
[DBG] control type=35
[DBG] control type=35
[DBG] control type=35
[DBG] control type=35
[DBG] control type=35
[DBG] control type=35
[DBG] control type=35
[DBG] control type=35
[DBG] control type=35
[DBG] control type=35
[DBG] control type=35
[DBG] control type=35
[DBG] control type=35
[DBG] control type=35
[DBG] control type=35
[DBG] control type=35
[DBG] control type=35
[DBG] control type=35
[DBG] control type=35
[DBG] control type=35
[DBG] control type=35
[DBG] control type=35
[DBG] control type=35
[DBG] control type=35
[DBG] control type=35
[DBG] control type=35
[DBG] control type=35
[DBG] control type=35
[DBG] control type=35
[DBG] control type=35
[DBG] control type=35
[DBG] control type=35
[DBG] control type=35
[DBG] control type=35
[DBG] control type=35
[DBG] control type=35
[DBG] control type=35
[DBG] control type=35
[DBG] control type=35
[DBG] control type=35
[DBG] control type=35
[DBG] control type=35
[DBG] control type=35
[DBG] control type=35
[DBG] control type=35
[DBG] control type=35
[DBG] control type=35
[DBG] control type=35
[DBG] control type=35
[DBG] control type=35
[DBG] control type=35
[DBG] control type=35
[DBG] control type=35
[DBG] control type=35
[DBG] control type=35
[DBG] control type=35
[DBG] control type=35
[DBG] control type=35
[DBG] control type=35
[DBG] control type=35
[DBG] control type=35
[DBG] control type=35
[DBG] control type=35
[DBG] control type=35
[DBG] control type=35
[DBG] control type=35
[DBG] control type=35
[DBG] control type=35
[DBG] control type=35
[DBG] control type=35
[DBG] control type=35
[DBG] control type=35
[DBG] control type=35
[DBG] control type=35
[DBG] control type=35
[DBG] control type=35
[DBG] control type=35
[DBG] control type=35
[DBG] control type=35
[DBG] control type=35
[DBG] control type=35
[DBG] control type=35
[DBG] control type=35
[DBG] control type=35
[DBG] control type=35
[DBG] control type=35
[DBG] control type=35
[DBG] control type=35
[DBG] control type=35
[DBG] control type=35
[DBG] control type=35
[DBG] control type=35
[DBG] control type=35
[DBG] control type=35
[DBG] control type=35
[DBG] control type=35
[DBG] control type=35
[DBG] control type=35
[DBG] control type=35
[DBG] control type=35
[DBG] control type=35
[DBG] control type=35
[DBG] control type=35
[DBG] control type=35
[DBG] control type=35
[DBG] control type=35
[DBG] control type=35
[DBG] control type=35
[DBG] control type=35
[DBG] control type=35
[DBG] control type=35
[DBG] control type=35
[DBG] control type=35
[DBG] control type=35
[DBG] control type=35
[DBG] control type=35
[DBG] control type=35
[DBG] control type=35
[DBG] control type=35
[DBG] control type=35
[DBG] control type=35
[DBG] control type=35
[DBG] control type=35
[DBG] control type=35
[DBG] control type=35
[DBG] control type=35
[DBG] control type=35
[DBG] control type=35
[DBG] control type=35
[DBG] control type=35
[DBG] control type=35
[DBG] control type=35
[DBG] control type=35
[DBG] control type=35
[DBG] control type=35
[DBG] control type=35
[DBG] control type=35
[DBG] control type=35
[DBG] control type=35
[DBG] control type=35
[DBG] control type=35
[DBG] control type=35
[DBG] control type=35
[DBG] control type=35
[DBG] control type=35
[DBG] control type=35
[DBG] control type=35
[DBG] control type=35
[DBG] control type=35
[DBG] control type=35
[DBG] control type=35
[DBG] control type=35
[DBG] control type=35
[DBG] control type=35
[DBG] control type=35
[DBG] control type=35
[DBG] control type=35
[DBG] control type=35
[DBG] control type=35
[DBG] control type=35
[DBG] control type=35
[DBG] control type=35
[DBG] control type=35
[DBG] control type=35
[DBG] control type=35
[DBG] control type=35
[DBG] control type=35
[DBG] control type=35
[DBG] control type=35
[DBG] control type=35
[DBG] control type=35
[DBG] control type=35
[DBG] control type=35
[DBG] control type=35
[DBG] control type=35
[DBG] control type=35
[DBG] control type=35
[DBG] control type=35
[DBG] control type=35
[DBG] control type=35
[DBG] control type=35
[DBG] control type=35
[DBG] control type=35
[DBG] control type=35
[DBG] control type=35
[DBG] control type=35
[DBG] control type=35
[DBG] control type=35
[DBG] control type=35
[DBG] control type=35
[DBG] control type=35
[DBG] control type=35
[DBG] control type=35
[DBG] control type=35
[DBG] control type=35
[DBG] control type=35
[DBG] control type=35
[DBG] control type=35
[DBG] control type=35
[DBG] control type=35
[DBG] control type=35
[DBG] control type=35
[DBG] control type=35
[DBG] control type=35
[DBG] control type=35
[DBG] control type=35
[DBG] control type=35
[DBG] control type=35
[DBG] control type=35
[DBG] control type=35
[DBG] control type=35
[DBG] control type=35
[DBG] control type=35
[DBG] control type=35
[DBG] control type=35
[DBG] control type=35
[DBG] control type=35
[DBG] control type=35
[DBG] control type=35
[DBG] control type=35
[DBG] control type=35
[DBG] control type=35
[DBG] control type=35
[DBG] control type=35
[DBG] control type=35
[DBG] control type=35
[DBG] control type=35
[DBG] control type=35
[DBG] control type=35
[DBG] control type=35
[DBG] control type=35
[DBG] control type=35
[DBG] control type=35
[DBG] control type=35
[DBG] control type=35
[DBG] control type=35
[DBG] control type=35
[DBG] control type=35
[DBG] control type=35
[DBG] control type=35
[DBG] control type=35
[DBG] control type=35
[DBG] control type=35
[DBG] control type=35
[DBG] control type=35
[DBG] control type=35
[DBG] control type=35
[DBG] control type=35
[DBG] control type=35
[DBG] control type=35
[DBG] control type=35
[DBG] control type=35
[DBG] control type=35
[DBG] control type=35
[DBG] control type=35
[DBG] control type=35
[DBG] control type=35
[DBG] control type=35
[DBG] control type=35
[DBG] control type=35
[DBG] control type=35
[DBG] control type=35
[DBG] control type=35
[DBG] control type=35
[DBG] control type=35
[DBG] control type=35
[DBG] control type=35
[DBG] control type=35
[DBG] control type=35
[DBG] control type=35
[DBG] control type=35
[DBG] control type=35
[DBG] control type=35
[DBG] control type=35
[DBG] control type=35
[DBG] control type=35
[DBG] control type=35
[DBG] control type=35
[DBG] control type=35
[DBG] control type=35
[DBG] control type=35
[DBG] control type=35
[DBG] control type=35
[DBG] control type=35
[DBG] control type=35
[DBG] control type=35
[DBG] control type=35
[DBG] control type=35
[DBG] control type=35
[DBG] control type=35
[DBG] control type=35
[DBG] control type=35
[DBG] control type=35
[DBG] control type=35
[DBG] control type=35
[DBG] control type=35
[DBG] control type=35
[DBG] control type=35
[DBG] control type=35
[DBG] control type=35
[DBG] control type=35
[DBG] control type=35
[DBG] control type=35
[DBG] control type=35
[DBG] control type=35
[DBG] control type=35
[DBG] control type=35
[DBG] control type=35
[DBG] control type=35
[DBG] control type=35
[DBG] control type=35
[DBG] control type=35
[DBG] control type=35
[DBG] control type=35
[DBG] control type=35
[DBG] control type=35
[DBG] control type=35
[DBG] control type=35
[DBG] control type=35
[DBG] control type=35
[DBG] control type=35
[DBG] control type=35
[DBG] control type=35
[DBG] control type=35
[DBG] control type=35
[DBG] control type=35
[DBG] control type=35
[DBG] control type=35
[DBG] control type=35
[DBG] control type=35
[DBG] control type=35
[DBG] control type=35
[DBG] control type=35
[DBG] control type=35
[DBG] control type=35
[DBG] control type=35
[DBG] control type=35
[DBG] control type=35
[DBG] control type=35
[DBG] control type=35
[DBG] control type=35
[DBG] control type=35
[DBG] control type=35
[DBG] control type=35
[DBG] control type=35
[DBG] control type=35
[DBG] control type=35
[DBG] control type=35
[DBG] control type=35
[DBG] control type=35
[DBG] control type=35
[DBG] control type=35
[DBG] control type=35
[DBG] control type=35
[DBG] control type=35
[DBG] control type=35
[DBG] control type=35
[DBG] control type=35
[DBG] control type=35
[DBG] Buffering 9%
[DBG] control type=35
[DBG] control type=35
[DBG] control type=35
[DBG] control type=35
[DBG] control type=35
[DBG] control type=35
[DBG] end of video preroll
[DBG] Received first picture
9:57:06.605 PM [framestep] nextFrameStepped result=0 time=19537 ms
[DBG] control type=35
[DBG] control type=35
[DBG] control type=35
[DBG] Buffering 15%
[DBG] control type=35
[DBG] control type=35
[DBG] Buffering 18%
[DBG] control type=35
[DBG] control type=35
[DBG] Buffering 22%
[DBG] Buffering 26%
[DBG] control type=35
[DBG] control type=35
[DBG] Buffering 31%
[DBG] control type=35
[DBG] control type=35
[DBG] Buffering 34%
[DBG] control type=35
[DBG] Buffering 36%
[DBG] Buffering 39%
[DBG] control type=35
[DBG] control type=35
[DBG] Buffering 42%
[DBG] control type=35
[DBG] control type=35
[DBG] control type=35
[DBG] control type=35
[DBG] control type=35
[DBG] control type=35
[DBG] Buffering 57%
[DBG] control type=35
[DBG] control type=35
[DBG] control type=35
[DBG] Buffering 63%
[DBG] control type=35
[DBG] control type=35
[DBG] Buffering 66%
[DBG] control type=35
[DBG] control type=35
[DBG] Buffering 69%
[DBG] control type=35
[DBG] control type=35
[DBG] Buffering 74%
[DBG] control type=35
[DBG] control type=35
[DBG] Buffering 76%
[DBG] control type=35
[DBG] Buffering 79%
[DBG] Buffering 82%
[DBG] Buffering 85%
[DBG] control type=35
[DBG] Buffering 87%
[DBG] control type=35
[DBG] Buffering 90%
[DBG] control type=35
9:57:06.623 PM [player] buffering 1.0
[DBG] Stream buffering done (1088 ms in 373 ms)
[DBG] Decoder wait done in 0 ms
[DBG] control type=35
[DBG] control type=35
[DBG] control type=35
[DBG] control type=35
[ERR] ES_OUT_SET_(GROUP_)PCR  is called 8231 ms late (pts_delay increased to 1000 ms)
[DBG] ES_OUT_RESET_PCR called
9:57:06.625 PM [player] buffering 0.0
[DBG] control type=35
[DBG] Buffering 0%
9:57:06.625 PM [player] buffering 0.0
[DBG] control type=35
[DBG] control type=35
[DBG] control type=35
[DBG] control type=35
[DBG] control type=35
[DBG] Buffering 1%
[DBG] Buffering 3%
[DBG] control type=35
[DBG] control type=35
[DBG] control type=35
[DBG] control type=35
[DBG] control type=35
[DBG] Buffering 6%
[DBG] control type=35
[DBG] control type=35
[DBG] Buffering 11%
[DBG] control type=35
[DBG] control type=35
[DBG] control type=35
[DBG] control type=35
[DBG] control type=35
[DBG] Buffering 16%
[DBG] control type=35
[DBG] control type=35
[DBG] control type=35
[DBG] control type=35
[DBG] control type=35
[DBG] control type=35
[DBG] control type=35
[DBG] Buffering 20%
[DBG] control type=35
[DBG] control type=35
[DBG] control type=35
[DBG] Buffering 25%
[DBG] control type=35
[DBG] control type=35
[DBG] control type=35
[DBG] control type=35
[DBG] Buffering 28%
[DBG] control type=35
[DBG] control type=35
[DBG] control type=35
[DBG] control type=35
[DBG] control type=35
[DBG] Buffering 43%
[DBG] control type=35
[DBG] control type=35
[DBG] control type=35
[DBG] control type=35
[DBG] control type=35
[DBG] control type=35
[DBG] control type=35
[DBG] control type=35
[DBG] control type=35
[DBG] Buffering 50%
[DBG] Buffering 53%
[DBG] control type=35
[DBG] Received first picture
9:57:06.632 PM [framestep] nextFrameStepped result=0 time=19537 ms
[DBG] Buffering 56%
[DBG] Buffering 61%
[DBG] control type=35
[DBG] control type=35
[DBG] control type=35
[DBG] control type=35
[DBG] Buffering 66%
[DBG] Buffering 70%
[DBG] control type=35
[DBG] Buffering 72%
[DBG] Buffering 75%
[DBG] control type=35
[DBG] Buffering 78%
[DBG] control type=35
[DBG] control type=35
[DBG] control type=35
[DBG] control type=35
[DBG] control type=35
[DBG] control type=35
[DBG] Buffering 94%
[DBG] control type=35
[DBG] control type=35
[DBG] control type=35
[DBG] control type=35
[DBG] control type=35
[DBG] control type=35
9:57:06.639 PM [player] buffering 1.0
[DBG] Stream buffering done (1001 ms in 14 ms)
[DBG] Decoder wait done in 0 ms
[DBG] control type=35
[DBG] control type=35
[ERR] ES_OUT_SET_(GROUP_)PCR  is called 8263 ms late (jitter of 8231 ms ignored)
[DBG] ES_OUT_RESET_PCR called
9:57:06.639 PM [player] buffering 0.0
[DBG] control type=35
[DBG] control type=35
[DBG] control type=35
[DBG] control type=35
[DBG] Buffering 0%
9:57:06.641 PM [player] buffering 0.0
[DBG] control type=35
[DBG] control type=35
[DBG] control type=35
[DBG] control type=35
[DBG] control type=35
[DBG] Buffering 5%
[DBG] control type=35
[DBG] control type=35
[DBG] Buffering 7%
[DBG] control type=35
[DBG] control type=35
[DBG] control type=35
[DBG] Buffering 10%
[DBG] control type=35
[DBG] control type=35
[DBG] control type=35
[DBG] control type=35
[DBG] control type=35
[DBG] Buffering 13%
[DBG] control type=35
[DBG] control type=35
[DBG] Buffering 16%
[DBG] control type=35
[DBG] control type=35
[DBG] control type=35
[DBG] Buffering 18%
[DBG] control type=35
[DBG] control type=35
[DBG] control type=35
[DBG] Buffering 21%
[DBG] control type=35
[DBG] control type=35
[DBG] control type=35
[DBG] control type=35
[DBG] control type=35
[DBG] Buffering 35%
[DBG] control type=35
[DBG] control type=35
[DBG] control type=35
9:57:06.648 PM [framestep] −1 after=19537 ms
[DBG] control type=35
[DBG] control type=35
[DBG] control type=35
[DBG] control type=35
[DBG] control type=35
[DBG] Buffering 36%
[DBG] control type=35
[DBG] control type=35
[DBG] Buffering 43%
[DBG] control type=35
[DBG] Received first picture
9:57:06.649 PM [framestep] nextFrameStepped result=0 time=19537 ms
[DBG] Buffering 45%
[DBG] control type=35
[DBG] Buffering 46%
[DBG] control type=35
[DBG] Buffering 50%
[DBG] control type=35
[DBG] Buffering 55%
[DBG] control type=35
[DBG] control type=35
[DBG] Buffering 60%
[DBG] control type=35
[DBG] control type=35
[DBG] control type=35
[DBG] Buffering 63%
[DBG] control type=35
[DBG] control type=35
[DBG] Buffering 68%
[DBG] control type=35
[DBG] Buffering 71%
[DBG] control type=35
[DBG] control type=35
[DBG] control type=35
[DBG] control type=35
[DBG] control type=35
[DBG] control type=35
[DBG] control type=35
[DBG] Buffering 87%
[DBG] control type=35
[DBG] control type=35
[DBG] control type=35
[DBG] control type=35
[DBG] Buffering 93%
[DBG] control type=35
[DBG] control type=35
[DBG] Buffering 96%
[DBG] control type=35
[DBG] control type=35
[DBG] Stream buffering done (1001 ms in 17 ms)
[DBG] Decoder wait done in 0 ms
9:57:06.659 PM [player] buffering 1.0
[DBG] control type=35
[DBG] control type=35
[DBG] control type=35
[ERR] ES_OUT_SET_(GROUP_)PCR  is called 8264 ms late (jitter of 8263 ms ignored)
[DBG] ES_OUT_RESET_PCR called
9:57:06.659 PM [player] buffering 0.0
[DBG] control type=35
[DBG] control type=35
[DBG] control type=35
[DBG] control type=35
[DBG] control type=35
[DBG] control type=35
[DBG] Buffering 0%
9:57:06.659 PM [player] buffering 0.0
[DBG] control type=35
[DBG] Buffering 3%
[DBG] control type=35
[DBG] control type=35
[DBG] control type=35
[DBG] control type=35
[DBG] control type=35
[DBG] control type=35
[DBG] control type=35
[DBG] control type=35
[DBG] control type=35
[DBG] Buffering 5%
[DBG] control type=35
[DBG] control type=35
[DBG] Buffering 8%
[DBG] control type=35
[DBG] control type=35
[DBG] Buffering 11%
[DBG] control type=35
[DBG] control type=35
[DBG] control type=35
[DBG] control type=35
[DBG] control type=35
[DBG] control type=35
[DBG] control type=35
[DBG] Buffering 28%
[DBG] control type=35
[DBG] control type=35
[DBG] control type=35
[DBG] control type=35
[DBG] control type=35
[DBG] control type=35
[DBG] control type=35
[DBG] control type=35
[DBG] control type=35
[DBG] control type=35
[DBG] control type=35
[DBG] control type=35
[DBG] control type=35
[DBG] Buffering 33%
[DBG] control type=35
[DBG] Buffering 36%
[DBG] control type=35
[DBG] Received first picture
9:57:06.670 PM [framestep] nextFrameStepped result=0 time=19537 ms
[DBG] Buffering 40%
[DBG] control type=35
[DBG] Buffering 45%
[DBG] control type=35
[DBG] control type=35
[DBG] Buffering 47%
[DBG] control type=35
[DBG] Buffering 50%
[DBG] control type=35
[DBG] control type=35
[DBG] control type=35
[DBG] Buffering 53%
[DBG] Buffering 56%
[DBG] control type=35
[DBG] control type=35
[DBG] Buffering 58%
[DBG] Buffering 61%
[DBG] control type=35
[DBG] control type=35
[DBG] control type=35
[DBG] control type=35
[DBG] control type=35
[DBG] Buffering 76%
[DBG] control type=35
[DBG] control type=35
[DBG] control type=35
[DBG] control type=35
[DBG] control type=35
[DBG] control type=35
[DBG] Buffering 83%
[DBG] control type=35
[DBG] Buffering 85%
[DBG] control type=35
[DBG] control type=35
[DBG] Buffering 86%
[DBG] control type=35
[DBG] control type=35
[DBG] Buffering 90%
[DBG] control type=35
[DBG] Buffering 95%
[DBG] control type=35
[DBG] control type=35
[DBG] control type=35
[DBG] Stream buffering done (1001 ms in 20 ms)
9:57:06.679 PM [player] buffering 1.0
[DBG] Decoder wait done in 0 ms
[DBG] control type=35
[DBG] control type=35
[ERR] ES_OUT_SET_(GROUP_)PCR  is called 8309 ms late (jitter of 8264 ms ignored)
[DBG] ES_OUT_RESET_PCR called
9:57:06.686 PM [player] buffering 0.0
[DBG] control type=35
[DBG] Buffering 0%
9:57:06.686 PM [player] buffering 0.0
[DBG] control type=35
[DBG] control type=35
[DBG] control type=35
[DBG] control type=35
[DBG] control type=35
[DBG] Buffering 3%
[DBG] control type=35
[DBG] control type=35
[DBG] control type=35
[DBG] control type=35
[DBG] control type=35
[DBG] control type=35
[DBG] control type=35
[DBG] control type=35
[DBG] control type=35
[DBG] Buffering 18%
[DBG] control type=35
[DBG] control type=35
[DBG] control type=35
[DBG] control type=35
[DBG] Received first picture
9:57:06.689 PM [framestep] nextFrameStepped result=0 time=19537 ms
[DBG] Buffering 25%
[DBG] control type=35
[DBG] control type=35
[DBG] Buffering 28%
[DBG] control type=35
[DBG] control type=35
[DBG] control type=35
[DBG] Buffering 31%
[DBG] control type=35
[DBG] Buffering 36%
[DBG] control type=35
[DBG] Buffering 41%
[DBG] control type=35
[DBG] control type=35
[DBG] control type=35
[DBG] control type=35
[DBG] Buffering 45%
[DBG] Buffering 47%
[DBG] control type=35
[DBG] control type=35
[DBG] control type=35
[DBG] Buffering 50%
[DBG] control type=35
[DBG] Buffering 53%
[DBG] control type=35
[DBG] control type=35
[DBG] Buffering 66%
[DBG] control type=35
[DBG] control type=35
[DBG] control type=35
[DBG] control type=35
[DBG] Buffering 68%
[DBG] control type=35
[DBG] Buffering 75%
[DBG] Buffering 76%
[DBG] control type=35
[DBG] control type=35
[DBG] Buffering 78%
[DBG] Buffering 81%
[DBG] control type=35
[DBG] control type=35
[DBG] Buffering 86%
[DBG] Buffering 91%
[DBG] control type=35
[DBG] control type=35
[DBG] control type=35
[DBG] control type=35
[DBG] control type=35
[DBG] control type=35
[DBG] Buffering 95%
[DBG] control type=35
[DBG] control type=35
9:57:06.698 PM [player] buffering 1.0
[DBG] Stream buffering done (1001 ms in 11 ms)
[DBG] Decoder wait done in 0 ms
[DBG] control type=35
[ERR] ES_OUT_SET_(GROUP_)PCR  is called 8321 ms late (jitter of 8309 ms ignored)
[DBG] ES_OUT_RESET_PCR called
9:57:06.698 PM [player] buffering 0.0
[DBG] control type=35
[DBG] control type=35
[DBG] control type=35
[DBG] control type=35
[DBG] control type=35
[DBG] control type=35
[DBG] control type=35
[DBG] control type=35
[DBG] control type=35
[DBG] control type=35
[DBG] control type=35
9:57:06.700 PM [player] buffering 0.0
[DBG] Buffering 0%
[DBG] control type=35
[DBG] control type=35
[DBG] control type=35
[DBG] control type=35
[DBG] Buffering 7%
[DBG] Buffering 9%
[DBG] control type=35
[DBG] Buffering 10%
[DBG] Received first picture
9:57:06.702 PM [framestep] nextFrameStepped result=0 time=19537 ms
[DBG] control type=35
[DBG] Buffering 13%
[DBG] Buffering 18%
[DBG] control type=35
[DBG] control type=35
[DBG] Buffering 23%
[DBG] control type=35
[DBG] control type=35
[DBG] control type=35
[DBG] control type=35
[DBG] Buffering 27%
[DBG] Buffering 32%
[DBG] control type=35
[DBG] control type=35
[DBG] Buffering 35%
[DBG] control type=35
[DBG] control type=35
[DBG] control type=35
[DBG] control type=35
[DBG] Buffering 51%
[DBG] control type=35
[DBG] control type=35
[DBG] control type=35
[DBG] control type=35
[DBG] Buffering 57%
[DBG] control type=35
[DBG] control type=35
[DBG] control type=35
[DBG] Buffering 60%
[DBG] control type=35
[DBG] control type=35
[DBG] control type=35
[DBG] Buffering 63%
[DBG] control type=35
[DBG] Buffering 68%
[DBG] control type=35
[DBG] Buffering 73%
[DBG] control type=35
[DBG] control type=35
[DBG] Buffering 77%
[DBG] control type=35
[DBG] Buffering 80%
[DBG] control type=35
[DBG] control type=35
[DBG] Buffering 82%
[DBG] control type=35
[DBG] Buffering 85%
[DBG] control type=35
[DBG] control type=35
[DBG] control type=35
[DBG] control type=35
[DBG] control type=35
[DBG] control type=35
[DBG] Buffering 99%
[DBG] control type=35
[DBG] control type=35
[DBG] control type=35
[DBG] control type=35
[DBG] control type=35
9:57:06.723 PM [player] buffering 1.0
[DBG] Stream buffering done (1004 ms in 23 ms)
[DBG] Decoder wait done in 0 ms
[DBG] control type=35
[ERR] ES_OUT_SET_(GROUP_)PCR  is called 8309 ms late (jitter of 8309 ms ignored)
[DBG] ES_OUT_RESET_PCR called
9:57:06.723 PM [player] buffering 0.0
[DBG] control type=35
[DBG] control type=35
[DBG] control type=35
[DBG] control type=35
9:57:06.723 PM [player] buffering 0.0
[DBG] Buffering 0%
[DBG] control type=35
[DBG] control type=35
[DBG] Buffering 1%
[DBG] control type=35
[DBG] control type=35
[DBG] control type=35
[DBG] control type=35
[DBG] control type=35
[DBG] Buffering 5%
[DBG] control type=35
[DBG] control type=35
[DBG] Buffering 9%
[DBG] control type=35
[DBG] control type=35
[DBG] control type=35
[DBG] control type=35
[DBG] Buffering 10%
[DBG] control type=35
[DBG] Buffering 15%
[DBG] control type=35
[DBG] control type=35
[DBG] control type=35
[DBG] control type=35
[DBG] control type=35
[DBG] control type=35
[DBG] Buffering 18%
[DBG] control type=35
[DBG] control type=35
[DBG] control type=35
[DBG] Buffering 23%
[DBG] control type=35
[DBG] control type=35
[DBG] control type=35
[DBG] control type=35
[DBG] Buffering 26%
[DBG] control type=35
[DBG] control type=35
[DBG] control type=35
[DBG] control type=35
[DBG] control type=35
[DBG] control type=35
[DBG] control type=35
[DBG] control type=35
[DBG] control type=35
[DBG] control type=35
[DBG] control type=35
[DBG] control type=35
[DBG] control type=35
[DBG] control type=35
[DBG] control type=35
[DBG] control type=35
[DBG] control type=35
[DBG] control type=35
[DBG] Buffering 41%
[DBG] control type=35
[DBG] control type=35
[DBG] control type=35
[DBG] control type=35
[DBG] control type=35
[DBG] control type=35
[DBG] control type=35
[DBG] control type=35
[DBG] control type=35
[DBG] control type=35
[DBG] Buffering 48%
[DBG] control type=35
[DBG] Received first picture
9:57:06.735 PM [framestep] nextFrameStepped result=0 time=19537 ms
[DBG] Buffering 51%
[DBG] control type=35
[DBG] Buffering 55%
[DBG] control type=35
[DBG] control type=35
[DBG] control type=35
[DBG] Buffering 60%
[DBG] control type=35
[DBG] Buffering 65%
[DBG] control type=35
[DBG] control type=35
[DBG] control type=35
[DBG] Buffering 68%
[DBG] control type=35
[DBG] Buffering 70%
[DBG] control type=35
[DBG] Buffering 73%
[DBG] control type=35
[DBG] Buffering 76%
[DBG] control type=35
[DBG] control type=35
[DBG] control type=35
[DBG] control type=35
[DBG] control type=35
[DBG] Buffering 92%
[DBG] control type=35
[DBG] control type=35
[DBG] control type=35
[DBG] control type=35
[DBG] control type=35
[DBG] Buffering 98%
[DBG] control type=35
9:57:06.749 PM [player] buffering 1.0
[DBG] Stream buffering done (1018 ms in 25 ms)
[DBG] Decoder wait done in 0 ms
[DBG] control type=35
[DBG] control type=35
[ERR] ES_OUT_SET_(GROUP_)PCR  is called 8356 ms late (jitter of 8321 ms ignored)
[DBG] ES_OUT_RESET_PCR called
9:57:06.750 PM [player] buffering 0.0
[DBG] control type=35
[DBG] control type=35
[DBG] control type=35
[DBG] control type=35
9:57:06.751 PM [player] buffering 0.0
[DBG] Buffering 0%
[DBG] control type=35
[DBG] Buffering 1%
[DBG] control type=35
[DBG] control type=35
[DBG] control type=35
[DBG] Buffering 5%
[DBG] control type=35
[DBG] Buffering 8%
[DBG] control type=35
[DBG] control type=35
[DBG] control type=35
[DBG] control type=35
[DBG] control type=35
[DBG] Buffering 11%
[DBG] control type=35
[DBG] control type=35
[DBG] control type=35
[DBG] Buffering 13%
[DBG] control type=35
[DBG] control type=35
[DBG] Buffering 16%
[DBG] control type=35
[DBG] control type=35
[DBG] control type=35
[DBG] control type=35
[DBG] control type=35
[DBG] control type=35
[DBG] control type=35
[DBG] control type=35
[DBG] control type=35
[DBG] control type=35
[DBG] control type=35
[DBG] control type=35
[DBG] control type=35
[DBG] Buffering 30%
[DBG] control type=35
[DBG] control type=35
[DBG] control type=35
[DBG] control type=35
[DBG] control type=35
[DBG] Buffering 31%
[DBG] Received first picture
9:57:06.758 PM [framestep] nextFrameStepped result=0 time=19537 ms
[DBG] Buffering 38%
[DBG] Buffering 40%
[DBG] control type=35
[DBG] control type=35
[DBG] control type=35
[DBG] Buffering 41%
[DBG] Buffering 45%
[DBG] control type=35
[DBG] control type=35
[DBG] Buffering 49%
[DBG] control type=35
[DBG] control type=35
[DBG] Buffering 50%
[DBG] control type=35
[DBG] Buffering 55%
[DBG] control type=35
[DBG] control type=35
[DBG] Buffering 58%
[DBG] control type=35
[DBG] control type=35
[DBG] control type=35
[DBG] Buffering 63%
[DBG] control type=35
[DBG] Buffering 66%
[DBG] control type=35
[DBG] control type=35
[DBG] control type=35
[DBG] control type=35
[DBG] control type=35
[DBG] control type=35
[DBG] control type=35
[DBG] control type=35
[DBG] control type=35
[DBG] control type=35
[DBG] Buffering 81%
[DBG] control type=35
[DBG] control type=35
[DBG] control type=35
[DBG] control type=35
[DBG] control type=35
[DBG] control type=35
[DBG] Buffering 88%
[DBG] control type=35
[DBG] Buffering 91%
[DBG] control type=35
[DBG] control type=35
[DBG] Buffering 95%
[DBG] Stream buffering done (1001 ms in 20 ms)
9:57:06.772 PM [player] buffering 1.0
[DBG] Decoder wait done in 0 ms
[DBG] control type=35
[DBG] control type=35
[DBG] control type=35
[ERR] ES_OUT_SET_(GROUP_)PCR  is called 8380 ms late (jitter of 8356 ms ignored)
[DBG] ES_OUT_RESET_PCR called
9:57:06.774 PM [player] buffering 0.0
[DBG] control type=35
[DBG] control type=35
[DBG] control type=35
[DBG] control type=35
[DBG] control type=35
[DBG] control type=35
[DBG] control type=35
[DBG] Buffering 0%
9:57:06.774 PM [player] buffering 0.0
[DBG] control type=35
[DBG] control type=35
[DBG] Buffering 2%
[DBG] control type=35
[DBG] control type=35
[DBG] control type=35
[DBG] control type=35
[DBG] Buffering 5%
[DBG] control type=35
[DBG] Buffering 8%
[DBG] control type=35
[DBG] control type=35
[DBG] control type=35
[DBG] control type=35
[DBG] control type=35
[DBG] control type=35
[DBG] control type=35
[DBG] control type=35
[DBG] control type=35
[DBG] control type=35
[DBG] control type=35
[DBG] control type=35
[DBG] control type=35
[DBG] control type=35
[DBG] control type=35
[DBG] control type=35
[DBG] control type=35
[DBG] control type=35
[DBG] Buffering 24%
[DBG] control type=35
[DBG] control type=35
[DBG] control type=35
[DBG] control type=35
[DBG] control type=35
[DBG] control type=35
[DBG] control type=35
[DBG] control type=35
[DBG] Received first picture
9:57:06.781 PM [framestep] nextFrameStepped result=0 time=19537 ms
[DBG] Buffering 30%
[DBG] control type=35
[DBG] Buffering 33%
[DBG] control type=35
[DBG] control type=35
[DBG] Buffering 36%
[DBG] control type=35
[DBG] control type=35
[DBG] Buffering 41%
[DBG] control type=35
[DBG] control type=35
[DBG] control type=35
[DBG] Buffering 43%
[DBG] Buffering 46%
[DBG] control type=35
[DBG] control type=35
[DBG] control type=35
[DBG] Buffering 50%
[DBG] control type=35
[DBG] Buffering 53%
[DBG] control type=35
[DBG] control type=35
[DBG] Buffering 55%
[DBG] Buffering 58%
[DBG] control type=35
[DBG] control type=35
[DBG] control type=35
[DBG] control type=35
[DBG] control type=35
[DBG] control type=35
[DBG] Buffering 72%
[DBG] control type=35
[DBG] control type=35
[DBG] control type=35
[DBG] control type=35
[DBG] control type=35
[DBG] control type=35
[DBG] control type=35
[DBG] Buffering 73%
[DBG] control type=35
[DBG] Buffering 80%
[DBG] control type=35
[DBG] Buffering 82%
[DBG] control type=35
[DBG] control type=35
[DBG] Buffering 83%
[DBG] Buffering 86%
[DBG] control type=35
[DBG] control type=35
[DBG] Buffering 91%
[DBG] control type=35
[DBG] control type=35
[DBG] Buffering 96%
[DBG] control type=35
9:57:06.800 PM [player] buffering 1.0
[DBG] Stream buffering done (1001 ms in 25 ms)
[DBG] Decoder wait done in 0 ms
[DBG] control type=35
[DBG] control type=35
[ERR] ES_OUT_SET_(GROUP_)PCR  is called 8406 ms late (jitter of 8380 ms ignored)
[DBG] ES_OUT_RESET_PCR called
9:57:06.800 PM [player] buffering 0.0
[DBG] control type=35
[DBG] control type=35
[DBG] Buffering 0%
9:57:06.800 PM [player] buffering 0.0
[DBG] control type=35
[DBG] control type=35
[DBG] control type=35
[DBG] control type=35
[DBG] control type=35
[DBG] control type=35
[DBG] control type=35
[DBG] control type=35
[DBG] control type=35
[DBG] control type=35
[DBG] control type=35
[DBG] control type=35
[DBG] control type=35
[DBG] control type=35
[DBG] control type=35
[DBG] Buffering 15%
[DBG] control type=35
[DBG] control type=35
[DBG] control type=35
[DBG] control type=35
[DBG] control type=35
[DBG] Buffering 21%
[DBG] Buffering 25%
[DBG] Received first picture
9:57:06.806 PM [framestep] nextFrameStepped result=0 time=19537 ms
[DBG] control type=35
[DBG] control type=35
[DBG] Buffering 28%
[DBG] control type=35
[DBG] control type=35
[DBG] control type=35
[DBG] Buffering 33%
[DBG] control type=35
[DBG] control type=35
[DBG] Buffering 38%
[DBG] control type=35
[DBG] Buffering 41%
[DBG] control type=35
[DBG] control type=35
[DBG] Buffering 44%
[DBG] control type=35
[DBG] control type=35
[DBG] Buffering 46%
[DBG] control type=35
[DBG] Buffering 50%
[DBG] control type=35
[DBG] control type=35
[DBG] control type=35
[DBG] control type=35
[DBG] control type=35
[DBG] control type=35
[DBG] control type=35
[DBG] control type=35
[DBG] control type=35
[DBG] control type=35
[DBG] Buffering 66%
[DBG] control type=35
[DBG] control type=35
[DBG] control type=35
[DBG] control type=35
[DBG] control type=35
[DBG] control type=35
[DBG] Buffering 71%
[DBG] control type=35
[DBG] Buffering 75%
[DBG] control type=35
[DBG] control type=35
[DBG] Buffering 78%
[DBG] control type=35
[DBG] control type=35
[DBG] Buffering 83%
[DBG] control type=35
[DBG] Buffering 85%
[DBG] control type=35
[DBG] control type=35
[DBG] Buffering 88%
[DBG] control type=35
[DBG] Buffering 91%
[DBG] control type=35
[DBG] Buffering 95%
[DBG] control type=35
[DBG] control type=35
[DBG] Buffering 96%
[DBG] control type=35
9:57:06.827 PM [player] buffering 1.0
[DBG] Stream buffering done (1001 ms in 26 ms)
[DBG] Decoder wait done in 0 ms
[DBG] control type=35
[DBG] control type=35
[ERR] ES_OUT_SET_(GROUP_)PCR  is called 8340 ms late (jitter of 8380 ms ignored)
[DBG] ES_OUT_RESET_PCR called
9:57:06.829 PM [player] buffering 0.0
[DBG] control type=35
[DBG] control type=35
[DBG] control type=35
[DBG] control type=35
[DBG] control type=35
[DBG] control type=35
[DBG] control type=35
[DBG] control type=35
[DBG] control type=35
[DBG] control type=35
[DBG] control type=35
[DBG] control type=35
[DBG] control type=35
9:57:06.831 PM [player] buffering 0.0
[DBG] Buffering 0%
[DBG] control type=35
[DBG] control type=35
[DBG] control type=35
[DBG] control type=35
[DBG] control type=35
[DBG] control type=35
[DBG] Buffering 6%
[DBG] control type=35
[DBG] control type=35
[DBG] control type=35
[DBG] Buffering 9%
[DBG] control type=35
[DBG] control type=35
[DBG] control type=35
[DBG] control type=35
[DBG] control type=35
[DBG] control type=35
[DBG] Buffering 13%
[DBG] control type=35
[DBG] control type=35
[DBG] Buffering 18%
[DBG] control type=35
[DBG] control type=35
[DBG] control type=35
[DBG] control type=35
[DBG] control type=35
[DBG] Buffering 23%
[DBG] control type=35
[DBG] control type=35
[DBG] control type=35
[DBG] control type=35
[DBG] control type=35
[DBG] control type=35
[DBG] Buffering 26%
[DBG] control type=35
[DBG] control type=35
[DBG] control type=35
[DBG] control type=35
[DBG] Buffering 31%
[DBG] control type=35
[DBG] control type=35
[DBG] Buffering 35%
[DBG] control type=35
[DBG] control type=35
[DBG] control type=35
[DBG] control type=35
[DBG] control type=35
[DBG] control type=35
[DBG] control type=35
[DBG] control type=35
[DBG] control type=35
[DBG] control type=35
[DBG] control type=35
[DBG] control type=35
[DBG] Buffering 50%
[DBG] control type=35
[DBG] control type=35
[DBG] control type=35
[DBG] control type=35
[DBG] control type=35
[DBG] Buffering 56%
[DBG] control type=35
[DBG] control type=35
[DBG] Received first picture
9:57:06.840 PM [framestep] nextFrameStepped result=0 time=19537 ms
[DBG] control type=35
[DBG] Buffering 60%
[DBG] control type=35
[DBG] control type=35
[DBG] Buffering 63%
[DBG] control type=35
[DBG] control type=35
[DBG] control type=35
[DBG] control type=35
[DBG] Buffering 68%
[DBG] control type=35
[DBG] Buffering 73%
[DBG] control type=35
[DBG] control type=35
[DBG] Buffering 76%
[DBG] Buffering 79%
[DBG] control type=35
[DBG] control type=35
[DBG] control type=35
[DBG] Buffering 81%
[DBG] control type=35
[DBG] Buffering 85%
[DBG] control type=35
[DBG] control type=35
[DBG] control type=35
[DBG] control type=35
[DBG] control type=35
[DBG] control type=35
[DBG] Buffering 98%
[DBG] control type=35
[DBG] control type=35
[DBG] control type=35
[DBG] control type=35
[DBG] control type=35
[DBG] Stream buffering done (1001 ms in 18 ms)
9:57:06.850 PM [player] buffering 1.0
[DBG] Decoder wait done in 0 ms
[ERR] ES_OUT_SET_(GROUP_)PCR  is called 8440 ms late (jitter of 8406 ms ignored)
[DBG] ES_OUT_RESET_PCR called
9:57:06.850 PM [player] buffering 0.0
[DBG] control type=35
[DBG] control type=35
[DBG] control type=35
[DBG] control type=35
9:57:06.850 PM [player] buffering 0.0
[DBG] Buffering 0%
[DBG] control type=35
[DBG] control type=35
[DBG] control type=35
[DBG] control type=35
[DBG] Buffering 1%
[DBG] control type=35
[DBG] control type=35
[DBG] control type=35
[DBG] Buffering 5%
[DBG] control type=35
[DBG] Buffering 9%
[DBG] control type=35
[DBG] control type=35
[DBG] control type=35
[DBG] control type=35
[DBG] control type=35
[DBG] Buffering 10%
[DBG] control type=35
[DBG] control type=35
[DBG] Buffering 15%
[DBG] control type=35
[DBG] control type=35
[DBG] control type=35
[DBG] control type=35
[DBG] control type=35
[DBG] control type=35
[DBG] control type=35
[DBG] control type=35
[DBG] control type=35
[DBG] control type=35
[DBG] control type=35
[DBG] Buffering 18%
[DBG] control type=35
[DBG] Buffering 23%
[DBG] control type=35
[DBG] control type=35
[DBG] control type=35
[DBG] control type=35
[DBG] control type=35
[DBG] Buffering 26%
[DBG] control type=35
[DBG] control type=35
[DBG] control type=35
[DBG] control type=35
[DBG] control type=35
[DBG] control type=35
[DBG] control type=35
[DBG] control type=35
[DBG] control type=35
[DBG] control type=35
[DBG] control type=35
[DBG] control type=35
[DBG] control type=35
[DBG] control type=35
[DBG] control type=35
[DBG] Buffering 41%
[DBG] control type=35
[DBG] control type=35
[DBG] control type=35
[DBG] control type=35
[DBG] control type=35
[DBG] Buffering 48%
[DBG] Received first picture
9:57:06.860 PM [framestep] nextFrameStepped result=0 time=19537 ms
[DBG] Buffering 51%
[DBG] control type=35
[DBG] control type=35
[DBG] Buffering 55%
[DBG] Buffering 60%
[DBG] control type=35
[DBG] control type=35
[DBG] control type=35
[DBG] Buffering 65%
[DBG] control type=35
[DBG] control type=35
[DBG] control type=35
[DBG] control type=35
[DBG] Buffering 68%
[DBG] control type=35
[DBG] Buffering 70%
[DBG] control type=35
[DBG] Buffering 73%
[DBG] Buffering 76%
[DBG] control type=35
[DBG] control type=35
[DBG] control type=35
[DBG] control type=35
[DBG] Buffering 92%
[DBG] control type=35
[DBG] control type=35
[DBG] control type=35
[DBG] control type=35
[DBG] Buffering 98%
[DBG] control type=35
[DBG] control type=35
[DBG] control type=35
[DBG] Stream buffering done (1019 ms in 26 ms)
9:57:06.876 PM [player] buffering 1.0
[DBG] Decoder wait done in 0 ms
[DBG] control type=35
[ERR] ES_OUT_SET_(GROUP_)PCR  is called 8481 ms late (jitter of 8440 ms ignored)
[DBG] ES_OUT_RESET_PCR called
9:57:06.876 PM [player] buffering 0.0
[DBG] control type=35
[DBG] control type=35
[DBG] control type=35
[DBG] Buffering 0%
9:57:06.876 PM [player] buffering 0.0
[DBG] control type=35
[DBG] control type=35
[DBG] control type=35
[DBG] control type=35
[DBG] control type=35
[DBG] control type=35
[DBG] control type=35
[DBG] Buffering 5%
[DBG] control type=35
[DBG] control type=35
[DBG] control type=35
[DBG] Buffering 8%
[DBG] control type=35
[DBG] control type=35
[DBG] control type=35
[DBG] control type=35
[DBG] Buffering 11%
[DBG] control type=35
[DBG] control type=35
[DBG] control type=35
[DBG] Buffering 13%
[DBG] control type=35
[DBG] control type=35
[DBG] Buffering 16%
[DBG] control type=35
[DBG] control type=35
[DBG] control type=35
[DBG] control type=35
[DBG] control type=35
[DBG] control type=35
[DBG] control type=35
[DBG] control type=35
[DBG] Buffering 30%
[DBG] control type=35
[DBG] control type=35
[DBG] control type=35
[DBG] control type=35
[DBG] control type=35
[DBG] control type=35
[DBG] Buffering 31%
[DBG] control type=35
[DBG] control type=35
[DBG] control type=35
[DBG] Received first picture
9:57:06.888 PM [framestep] nextFrameStepped result=0 time=19537 ms
[DBG] Buffering 38%
[DBG] control type=35
[DBG] Buffering 40%
[DBG] control type=35
[DBG] Buffering 41%
[DBG] control type=35
[DBG] Buffering 45%
[DBG] control type=35
[DBG] control type=35
[DBG] Buffering 49%
[DBG] control type=35
[DBG] Buffering 50%
[DBG] control type=35
[DBG] control type=35
[DBG] control type=35
[DBG] Buffering 55%
[DBG] control type=35
[DBG] control type=35
[DBG] control type=35
[DBG] Buffering 58%
[DBG] control type=35
[DBG] control type=35
[DBG] control type=35
[DBG] Buffering 63%
[DBG] control type=35
[DBG] Buffering 66%
[DBG] control type=35
[DBG] control type=35
[DBG] control type=35
[DBG] control type=35
[DBG] control type=35
[DBG] control type=35
[DBG] Buffering 81%
[DBG] control type=35
[DBG] control type=35
[DBG] control type=35
[DBG] control type=35
[DBG] control type=35
[DBG] Buffering 88%
[DBG] control type=35
[DBG] control type=35
[DBG] Buffering 91%
[DBG] control type=35
[DBG] control type=35
[DBG] Buffering 95%
[DBG] control type=35
[DBG] Stream buffering done (1001 ms in 22 ms)
9:57:06.899 PM [player] buffering 1.0
[DBG] Decoder wait done in 0 ms
[DBG] control type=35
[DBG] control type=35
[ERR] ES_OUT_SET_(GROUP_)PCR  is called 8505 ms late (jitter of 8481 ms ignored)
[DBG] ES_OUT_RESET_PCR called
9:57:06.899 PM [player] buffering 0.0
[DBG] control type=35
[DBG] control type=35
[DBG] control type=35
[DBG] control type=35
9:57:06.900 PM [player] buffering 0.0
[DBG] Buffering 0%
[DBG] control type=35
[DBG] control type=35
[DBG] Buffering 2%
[DBG] control type=35
[DBG] control type=35
[DBG] control type=35
[DBG] control type=35
[DBG] control type=35
[DBG] Buffering 4%
[DBG] control type=35
[DBG] control type=35
[DBG] Buffering 8%
[DBG] control type=35
[DBG] control type=35
[DBG] control type=35
[DBG] control type=35
[DBG] control type=35
[DBG] control type=35
[DBG] control type=35
[DBG] control type=35
[DBG] control type=35
[DBG] control type=35
[DBG] control type=35
[DBG] control type=35
[DBG] control type=35
[DBG] control type=35
[DBG] control type=35
[DBG] control type=35
[DBG] Buffering 24%
[DBG] control type=35
[DBG] control type=35
[DBG] control type=35
[DBG] control type=35
[DBG] control type=35
[DBG] control type=35
[DBG] control type=35
[DBG] control type=35
[DBG] control type=35
[DBG] control type=35
[DBG] control type=35
[DBG] control type=35
[DBG] control type=35
[DBG] control type=35
[DBG] control type=35
[DBG] Buffering 29%
[DBG] control type=35
[DBG] Buffering 33%
[DBG] control type=35
[DBG] control type=35
[DBG] Received first picture
9:57:06.912 PM [framestep] nextFrameStepped result=0 time=19537 ms
[DBG] control type=35
[DBG] control type=35
[DBG] control type=35
[DBG] control type=35
[DBG] control type=35
[DBG] Buffering 36%
[DBG] control type=35
[DBG] Buffering 41%
[DBG] control type=35
[DBG] control type=35
[DBG] Buffering 43%
[DBG] control type=35
[DBG] Buffering 46%
[DBG] control type=35
[DBG] Buffering 50%
[DBG] Buffering 53%
[DBG] control type=35
[DBG] control type=35
[DBG] Buffering 55%
[DBG] control type=35
[DBG] Buffering 58%
[DBG] control type=35
[DBG] control type=35
[DBG] control type=35
[DBG] control type=35
[DBG] control type=35
[DBG] control type=35
[DBG] control type=35
[DBG] control type=35
[DBG] Buffering 72%
[DBG] control type=35
[DBG] control type=35
[DBG] control type=35
[DBG] control type=35
[DBG] control type=35
[DBG] control type=35
[DBG] control type=35
[DBG] control type=35
[DBG] Buffering 73%
[DBG] control type=35
[DBG] Buffering 80%
[DBG] Buffering 82%
[DBG] control type=35
[DBG] control type=35
[DBG] Buffering 83%
[DBG] Buffering 86%
[DBG] control type=35
[DBG] control type=35
[DBG] Buffering 91%
[DBG] control type=35
[DBG] control type=35
[DBG] control type=35
[DBG] control type=35
[DBG] control type=35
[DBG] control type=35
[DBG] Buffering 96%
[DBG] control type=35
9:57:06.923 PM [player] buffering 1.0
[DBG] Stream buffering done (1001 ms in 23 ms)
[DBG] Decoder wait done in 0 ms
[DBG] control type=35
[DBG] control type=35
[ERR] ES_OUT_SET_(GROUP_)PCR  is called 8531 ms late (jitter of 8505 ms ignored)
[DBG] ES_OUT_RESET_PCR called
9:57:06.924 PM [player] buffering 0.0
[DBG] control type=35
[DBG] control type=35
[DBG] control type=35
[DBG] control type=35
[DBG] control type=35
[DBG] Buffering 0%
9:57:06.925 PM [player] buffering 0.0
[DBG] control type=35
[DBG] control type=35
[DBG] control type=35
[DBG] control type=35
[DBG] control type=35
[DBG] control type=35
[DBG] control type=35
[DBG] control type=35
[DBG] control type=35
[DBG] control type=35
[DBG] control type=35
[DBG] control type=35
[DBG] Buffering 15%
[DBG] control type=35
[DBG] control type=35
[DBG] control type=35
[DBG] control type=35
[DBG] control type=35
[DBG] control type=35
[DBG] control type=35
[DBG] control type=35
[DBG] control type=35
[DBG] control type=35
[DBG] control type=35
[DBG] Buffering 21%
[DBG] control type=35
[DBG] Buffering 24%
[DBG] control type=35
[DBG] Buffering 25%
[DBG] Received first picture
9:57:06.933 PM [framestep] nextFrameStepped result=0 time=19537 ms
[DBG] control type=35
[DBG] control type=35
[DBG] Buffering 28%
[DBG] Buffering 33%
[DBG] control type=35
[DBG] control type=35
[DBG] control type=35
[DBG] Buffering 38%
[DBG] control type=35
[DBG] control type=35
[DBG] control type=35
[DBG] Buffering 41%
[DBG] control type=35
[DBG] Buffering 44%
[DBG] control type=35
[DBG] control type=35
[DBG] Buffering 46%
[DBG] Buffering 50%
[DBG] control type=35
[DBG] control type=35
[DBG] control type=35
[DBG] control type=35
[DBG] control type=35
[DBG] control type=35
[DBG] control type=35
[DBG] control type=35
[DBG] control type=35
[DBG] control type=35
[DBG] control type=35
[DBG] control type=35
[DBG] Buffering 66%
[DBG] control type=35
[DBG] control type=35
[DBG] control type=35
[DBG] control type=35
[DBG] control type=35
[DBG] control type=35
[DBG] control type=35
[DBG] control type=35
[DBG] Buffering 71%
[DBG] control type=35
[DBG] control type=35
[DBG] Buffering 75%
[DBG] control type=35
[DBG] control type=35
[DBG] control type=35
[DBG] Buffering 78%
[DBG] control type=35
[DBG] Buffering 83%
[DBG] control type=35
[DBG] control type=35
[DBG] Buffering 85%
[DBG] Buffering 88%
[DBG] control type=35
[DBG] Buffering 91%
[DBG] control type=35
[DBG] control type=35
[DBG] control type=35
[DBG] control type=35
[DBG] Buffering 95%
[DBG] control type=35
[DBG] control type=35
[DBG] Buffering 96%
[DBG] Stream buffering done (1001 ms in 25 ms)
9:57:06.950 PM [player] buffering 1.0
[DBG] Decoder wait done in 0 ms
[DBG] control type=35
[DBG] control type=35
[DBG] control type=35
[DBG] control type=35
[ERR] ES_OUT_SET_(GROUP_)PCR  is called 8466 ms late (jitter of 8505 ms ignored)
[DBG] ES_OUT_RESET_PCR called
9:57:06.952 PM [player] buffering 0.0
[DBG] control type=35
[DBG] control type=35
[DBG] control type=35
[DBG] control type=35
[DBG] control type=35
[DBG] control type=35
[DBG] control type=35
[DBG] control type=35
[DBG] control type=35
[DBG] control type=35
[DBG] control type=35
[DBG] control type=35
[DBG] control type=35
[DBG] control type=35
[DBG] control type=35
9:57:06.957 PM [player] buffering 0.0
[DBG] Buffering 0%
[DBG] control type=35
[DBG] control type=35
[DBG] Buffering 6%
[DBG] control type=35
[DBG] control type=35
[DBG] control type=35
[DBG] Buffering 8%
[DBG] control type=35
[DBG] control type=35
[DBG] control type=35
[DBG] control type=35
[DBG] Buffering 10%
[DBG] control type=35
[DBG] control type=35
[DBG] control type=35
[DBG] control type=35
[DBG] Buffering 13%
[DBG] control type=35
[DBG] control type=35
[DBG] control type=35
[DBG] Buffering 18%
[DBG] control type=35
[DBG] control type=35
[DBG] control type=35
[DBG] control type=35
[DBG] control type=35
[DBG] control type=35
[DBG] control type=35
[DBG] Buffering 23%
[DBG] control type=35
[DBG] control type=35
[DBG] control type=35
[DBG] control type=35
[DBG] control type=35
[DBG] control type=35
[DBG] control type=35
[DBG] control type=35
[DBG] control type=35
[DBG] control type=35
[DBG] control type=35
[DBG] Buffering 26%
[DBG] control type=35
[DBG] control type=35
[DBG] Buffering 31%
[DBG] control type=35
[DBG] control type=35
[DBG] control type=35
[DBG] control type=35
[DBG] Buffering 35%
[DBG] control type=35
[DBG] control type=35
[DBG] control type=35
[DBG] control type=35
[DBG] control type=35
[DBG] control type=35
[DBG] control type=35
[DBG] control type=35
[DBG] control type=35
[DBG] control type=35
[DBG] control type=35
[DBG] control type=35
[DBG] control type=35
[DBG] control type=35
[DBG] control type=35
[DBG] Buffering 50%
[DBG] control type=35
[DBG] control type=35
[DBG] control type=35
[DBG] control type=35
[DBG] Buffering 56%
[DBG] Buffering 60%
[DBG] control type=35
[DBG] Buffering 63%
[DBG] control type=35
[DBG] Buffering 68%
[DBG] control type=35
[DBG] control type=35
[DBG] Received first picture
9:57:06.968 PM [framestep] nextFrameStepped result=0 time=19537 ms
[DBG] Buffering 73%
[DBG] control type=35
[DBG] control type=35
[DBG] Buffering 76%
[DBG] Buffering 79%
[DBG] control type=35
[DBG] control type=35
[DBG] Buffering 81%
[DBG] Buffering 85%
[DBG] control type=35
[DBG] control type=35
[DBG] control type=35
[DBG] control type=35
[DBG] control type=35
[DBG] control type=35
[DBG] control type=35
[DBG] control type=35
[DBG] control type=35
[DBG] Stream buffering done (1017 ms in 15 ms)
9:57:06.972 PM [player] buffering 1.0
[DBG] Decoder wait done in 0 ms
[DBG] control type=35
[DBG] control type=35
[DBG] control type=35
[DBG] control type=35
[DBG] control type=35
[ERR] ES_OUT_SET_(GROUP_)PCR  is called 8570 ms late (jitter of 8531 ms ignored)
[DBG] ES_OUT_RESET_PCR called
9:57:06.980 PM [player] buffering 0.0
[DBG] control type=35
[DBG] control type=35
[DBG] control type=35
[DBG] control type=35
[DBG] control type=35
[DBG] Buffering 0%
9:57:06.980 PM [player] buffering 0.0
[DBG] control type=35
[DBG] control type=35
[DBG] control type=35
[DBG] control type=35
[DBG] Buffering 3%
[DBG] control type=35
[DBG] control type=35
[DBG] control type=35
[DBG] control type=35
[DBG] Buffering 8%
[DBG] control type=35
[DBG] control type=35
[DBG] Buffering 10%
[DBG] control type=35
[DBG] Buffering 13%
[DBG] control type=35
[DBG] control type=35
[DBG] control type=35
[DBG] control type=35
[DBG] Buffering 16%
[DBG] control type=35
[DBG] control type=35
[DBG] control type=35
[DBG] control type=35
[DBG] Buffering 20%
[DBG] control type=35
[DBG] control type=35
[DBG] control type=35
[DBG] control type=35
[DBG] Buffering 21%
[DBG] control type=35
[DBG] control type=35
[DBG] Buffering 25%
[DBG] control type=35
[DBG] control type=35
[DBG] control type=35
[DBG] control type=35
[DBG] control type=35
[DBG] control type=35
[DBG] control type=35
[DBG] control type=35
[DBG] control type=35
[DBG] control type=35
[DBG] control type=35
[DBG] control type=35
[DBG] control type=35
[DBG] control type=35
[DBG] control type=35
[DBG] control type=35
[DBG] control type=35
[DBG] control type=35
[DBG] control type=35
[DBG] Buffering 39%
[DBG] control type=35
[DBG] control type=35
[DBG] control type=35
[DBG] control type=35
[DBG] control type=35
[DBG] control type=35
[DBG] control type=35
[DBG] control type=35
[DBG] control type=35
[DBG] control type=35
[DBG] Buffering 40%
[DBG] control type=35
[DBG] control type=35
[DBG] control type=35
[DBG] Received first picture
9:57:06.994 PM [framestep] nextFrameStepped result=0 time=19537 ms
[DBG] Buffering 46%
[DBG] control type=35
[DBG] Buffering 49%
[DBG] control type=35
[DBG] Buffering 50%
[DBG] control type=35
[DBG] Buffering 53%
[DBG] control type=35
[DBG] control type=35
[DBG] Buffering 58%
[DBG] control type=35
[DBG] control type=35
[DBG] control type=35
[DBG] Buffering 63%
[DBG] control type=35
[DBG] control type=35
[DBG] control type=35
[DBG] Buffering 66%
[DBG] Buffering 71%
[DBG] control type=35
[DBG] control type=35
[DBG] Buffering 75%
[DBG] control type=35
[DBG] control type=35
[DBG] control type=35
[DBG] control type=35
[DBG] control type=35
[DBG] control type=35
[DBG] control type=35
[DBG] Buffering 90%
[DBG] control type=35
[DBG] control type=35
[DBG] control type=35
[DBG] control type=35
[DBG] control type=35
[DBG] Buffering 96%
[DBG] control type=35
[DBG] control type=35
9:57:07.004 PM [player] buffering 1.0
[DBG] Stream buffering done (1001 ms in 23 ms)
[DBG] Decoder wait done in 0 ms
[DBG] control type=35
[DBG] control type=35
[DBG] control type=35
[ERR] ES_OUT_SET_(GROUP_)PCR  is called 8627 ms late (jitter of 8570 ms ignored)
[DBG] ES_OUT_RESET_PCR called
9:57:07.004 PM [player] buffering 0.0
[DBG] control type=35
[DBG] control type=35
9:57:07.005 PM [player] buffering 0.0
[DBG] Buffering 0%
[DBG] control type=35
[DBG] control type=35
[DBG] control type=35
[DBG] control type=35
[DBG] control type=35
[DBG] control type=35
[DBG] control type=35
[DBG] Buffering 5%
[DBG] control type=35
[DBG] control type=35
[DBG] control type=35
[DBG] Buffering 8%
[DBG] control type=35
[DBG] control type=35
[DBG] control type=35
[DBG] Buffering 11%
[DBG] control type=35
[DBG] control type=35
[DBG] control type=35
[DBG] control type=35
[DBG] control type=35
[DBG] Buffering 13%
[DBG] control type=35
[DBG] control type=35
[DBG] Buffering 16%
[DBG] control type=35
[DBG] control type=35
[DBG] control type=35
[DBG] control type=35
[DBG] control type=35
[DBG] control type=35
[DBG] control type=35
[DBG] Buffering 30%
[DBG] control type=35
[DBG] control type=35
[DBG] control type=35
[DBG] control type=35
[DBG] control type=35
[DBG] control type=35
[DBG] control type=35
[DBG] Buffering 31%
[DBG] Buffering 38%
[DBG] Buffering 40%
[DBG] control type=35
[DBG] Buffering 41%
[DBG] Buffering 45%
[DBG] Buffering 49%
[DBG] Buffering 50%
[DBG] control type=35
[DBG] Buffering 55%
[DBG] control type=35
[DBG] Buffering 58%
[DBG] control type=35
[DBG] control type=35
[DBG] Buffering 63%
[DBG] Buffering 66%
[DBG] control type=35
[DBG] control type=35
[DBG] control type=35
[DBG] control type=35
[DBG] Received first picture
9:57:07.018 PM [framestep] nextFrameStepped result=0 time=19537 ms
[DBG] control type=35
[DBG] control type=35
[DBG] Buffering 81%
[DBG] control type=35
[DBG] control type=35
[DBG] control type=35
[DBG] control type=35
[DBG] control type=35
[DBG] control type=35
[DBG] Buffering 88%
[DBG] control type=35
[DBG] control type=35
[DBG] Buffering 91%
[DBG] control type=35
[DBG] control type=35
[DBG] Buffering 95%
[DBG] control type=35
[DBG] control type=35
9:57:07.026 PM [player] buffering 1.0
[DBG] Stream buffering done (1001 ms in 21 ms)
[DBG] Decoder wait done in 0 ms
[DBG] control type=35
[DBG] control type=35
[ERR] ES_OUT_SET_(GROUP_)PCR  is called 8633 ms late (jitter of 8627 ms ignored)
[DBG] ES_OUT_RESET_PCR called
9:57:07.027 PM [player] buffering 0.0
[DBG] control type=35
[DBG] control type=35
[DBG] control type=35
[DBG] control type=35
[DBG] control type=35
[DBG] control type=35
[DBG] control type=35
9:57:07.028 PM [player] buffering 0.0
[DBG] Buffering 0%
[DBG] control type=35
[DBG] control type=35
[DBG] Buffering 1%
[DBG] control type=35
[DBG] control type=35
[DBG] Buffering 5%
[DBG] control type=35
[DBG] control type=35
[DBG] control type=35
[DBG] Buffering 8%
[DBG] control type=35
[DBG] control type=35
[DBG] control type=35
[DBG] control type=35
[DBG] control type=35
[DBG] control type=35
[DBG] control type=35
[DBG] control type=35
[DBG] control type=35
[DBG] control type=35
[DBG] control type=35
[DBG] Buffering 24%
[DBG] control type=35
[DBG] control type=35
[DBG] control type=35
[DBG] control type=35
[DBG] Buffering 30%
[DBG] Buffering 33%
[DBG] control type=35
[DBG] control type=35
[DBG] control type=35
[DBG] control type=35
[DBG] control type=35
[DBG] Buffering 36%
[DBG] Buffering 41%
[DBG] Buffering 43%
[DBG] control type=35
[DBG] Buffering 46%
[DBG] Buffering 50%
[DBG] control type=35
[DBG] Buffering 53%
[DBG] control type=35
[DBG] control type=35
[DBG] Buffering 55%
[DBG] Buffering 58%
[DBG] control type=35
[DBG] control type=35
[DBG] Received first picture
9:57:07.036 PM [framestep] nextFrameStepped result=0 time=19537 ms
[DBG] control type=35
[DBG] control type=35
[DBG] control type=35
[DBG] control type=35
[DBG] control type=35
[DBG] control type=35
[DBG] control type=35
[DBG] Buffering 72%
[DBG] control type=35
[DBG] control type=35
[DBG] control type=35
[DBG] Buffering 73%
[DBG] Buffering 80%
[DBG] control type=35
[DBG] control type=35
[DBG] Buffering 81%
[DBG] control type=35
[DBG] control type=35
[DBG] Buffering 83%
[DBG] control type=35
[DBG] Buffering 86%
[DBG] control type=35
[DBG] Buffering 91%
[DBG] control type=35
[DBG] control type=35
[DBG] Buffering 96%
[DBG] control type=35
[DBG] control type=35
[DBG] control type=35
[DBG] control type=35
[DBG] Stream buffering done (1001 ms in 16 ms)
9:57:07.044 PM [player] buffering 1.0
[DBG] Decoder wait done in 0 ms
[ERR] ES_OUT_SET_(GROUP_)PCR  is called 8650 ms late (jitter of 8633 ms ignored)
[DBG] ES_OUT_RESET_PCR called
9:57:07.044 PM [player] buffering 0.0
[DBG] control type=35
[DBG] control type=35
[DBG] control type=35
[DBG] control type=35
9:57:07.044 PM [player] buffering 0.0
[DBG] Buffering 0%
[DBG] control type=35
[DBG] control type=35
[DBG] control type=35
[DBG] control type=35
[DBG] control type=35
[DBG] control type=35
[DBG] control type=35
[DBG] control type=35
[DBG] control type=35
[DBG] control type=35
[DBG] control type=35
[DBG] control type=35
[DBG] control type=35
[DBG] control type=35
[DBG] control type=35
[DBG] control type=35
[DBG] Buffering 15%
[DBG] control type=35
[DBG] control type=35
[DBG] control type=35
[DBG] control type=35
[DBG] control type=35
[DBG] Buffering 21%
[DBG] Buffering 24%
[DBG] control type=35
[DBG] control type=35
[DBG] Buffering 25%
[DBG] Buffering 28%
[DBG] Buffering 33%
[DBG] control type=35
[DBG] Buffering 38%
[DBG] Received first picture
9:57:07.050 PM [framestep] nextFrameStepped result=0 time=19537 ms
[DBG] Buffering 41%
[DBG] control type=35
[DBG] Buffering 43%
[DBG] control type=35
[DBG] control type=35
[DBG] control type=35
[DBG] Buffering 46%
[DBG] control type=35
[DBG] Buffering 50%
[DBG] control type=35
[DBG] control type=35
[DBG] control type=35
[DBG] control type=35
[DBG] control type=35
[DBG] control type=35
[DBG] control type=35
[DBG] control type=35
[DBG] control type=35
[DBG] Buffering 66%
[DBG] control type=35
[DBG] control type=35
[DBG] control type=35
[DBG] control type=35
[DBG] control type=35
[DBG] Buffering 71%
[DBG] control type=35
[DBG] Buffering 75%
[DBG] control type=35
[DBG] control type=35
[DBG] control type=35
[DBG] Buffering 78%
[DBG] Buffering 83%
[DBG] control type=35
[DBG] control type=35
[DBG] Buffering 85%
[DBG] control type=35
[DBG] Buffering 88%
[DBG] control type=35
[DBG] Buffering 91%
[DBG] control type=35
[DBG] Buffering 95%
[DBG] control type=35
[DBG] Buffering 96%
[DBG] control type=35
9:57:07.060 PM [player] buffering 1.0
[DBG] Stream buffering done (1001 ms in 15 ms)
[DBG] Decoder wait done in 0 ms
[DBG] control type=35
[DBG] control type=35
[DBG] control type=35
[DBG] control type=35
[DBG] control type=35
[DBG] control type=35
[ERR] ES_OUT_SET_(GROUP_)PCR  is called 8577 ms late (jitter of 8633 ms ignored)
[DBG] ES_OUT_RESET_PCR called
9:57:07.063 PM [player] buffering 0.0
[DBG] control type=35
[DBG] control type=35
[DBG] control type=35
[DBG] control type=35
[DBG] control type=35
[DBG] control type=35
[DBG] control type=35
[DBG] control type=35
[DBG] control type=35
[DBG] control type=35
[DBG] control type=35
[DBG] control type=35
[DBG] control type=35
[DBG] control type=35
[DBG] Buffering 0%
9:57:07.063 PM [player] buffering 0.0
[DBG] control type=35
[DBG] control type=35
[DBG] control type=35
[DBG] control type=35
[DBG] control type=35
[DBG] Buffering 6%
[DBG] control type=35
[DBG] control type=35
[DBG] control type=35
[DBG] Buffering 8%
[DBG] control type=35
[DBG] control type=35
[DBG] control type=35
[DBG] control type=35
[DBG] Buffering 9%
[DBG] control type=35
[DBG] control type=35
[DBG] Buffering 13%
[DBG] control type=35
[DBG] control type=35
[DBG] control type=35
[DBG] Buffering 18%
[DBG] control type=35
[DBG] control type=35
[DBG] control type=35
[DBG] control type=35
[DBG] control type=35
[DBG] Buffering 23%
[DBG] control type=35
[DBG] control type=35
[DBG] control type=35
[DBG] control type=35
[DBG] control type=35
[DBG] Buffering 26%
[DBG] control type=35
[DBG] control type=35
[DBG] control type=35
[DBG] control type=35
[DBG] Buffering 31%
[DBG] control type=35
[DBG] control type=35
[DBG] control type=35
[DBG] control type=35
[DBG] Buffering 35%
[DBG] control type=35
[DBG] control type=35
[DBG] control type=35
[DBG] control type=35
[DBG] control type=35
[DBG] control type=35
[DBG] control type=35
[DBG] control type=35
[DBG] control type=35
[DBG] control type=35
[DBG] Buffering 50%
[DBG] control type=35
[DBG] control type=35
[DBG] control type=35
[DBG] control type=35
[DBG] control type=35
[DBG] control type=35
[DBG] control type=35
[DBG] control type=35
[DBG] control type=35
[DBG] control type=35
[DBG] control type=35
[DBG] Buffering 56%
[DBG] control type=35
[DBG] control type=35
[DBG] control type=35
[DBG] control type=35
[DBG] control type=35
[DBG] Received first picture
9:57:07.078 PM [framestep] nextFrameStepped result=0 time=19537 ms
[DBG] Buffering 59%
[DBG] control type=35
[DBG] Buffering 60%
[DBG] control type=35
[DBG] Buffering 63%
[DBG] control type=35
[DBG] Buffering 68%
[DBG] control type=35
[DBG] control type=35
[DBG] Buffering 73%
[DBG] control type=35
[DBG] control type=35
[DBG] Buffering 76%
[DBG] control type=35
[DBG] Buffering 79%
[DBG] control type=35
[DBG] Buffering 81%
[DBG] Buffering 85%
[DBG] control type=35
[DBG] control type=35
[DBG] control type=35
[DBG] control type=35
[DBG] control type=35
[DBG] control type=35
9:57:07.082 PM [player] buffering 1.0
[DBG] Stream buffering done (1015 ms in 18 ms)
[DBG] Decoder wait done in 0 ms
[DBG] control type=35
[DBG] control type=35
[DBG] control type=35
[DBG] control type=35
[DBG] control type=35
[ERR] ES_OUT_SET_(GROUP_)PCR  is called 8674 ms late (jitter of 8650 ms ignored)
[DBG] ES_OUT_RESET_PCR called
9:57:07.084 PM [player] buffering 0.0
[DBG] control type=35
[DBG] control type=35
[DBG] control type=35
9:57:07.084 PM [player] buffering 0.0
[DBG] Buffering 0%
[DBG] control type=35
[DBG] control type=35
[DBG] control type=35
[DBG] control type=35
[DBG] control type=35
[DBG] control type=35
[DBG] control type=35
[DBG] control type=35
[DBG] Buffering 3%
[DBG] control type=35
[DBG] control type=35
[DBG] Buffering 8%
[DBG] control type=35
[DBG] control type=35
[DBG] control type=35
[DBG] Buffering 10%
[DBG] control type=35
[DBG] control type=35
[DBG] control type=35
[DBG] Buffering 13%
[DBG] control type=35
[DBG] control type=35
[DBG] Buffering 16%
[DBG] control type=35
[DBG] control type=35
[DBG] control type=35
[DBG] control type=35
[DBG] control type=35
[DBG] control type=35
[DBG] Buffering 20%
[DBG] control type=35
[DBG] control type=35
[DBG] Buffering 21%
[DBG] control type=35
[DBG] control type=35
[DBG] control type=35
[DBG] Buffering 25%
[DBG] control type=35
[DBG] control type=35
[DBG] control type=35
[DBG] control type=35
[DBG] control type=35
[DBG] control type=35
[DBG] control type=35
[DBG] control type=35
[DBG] control type=35
[DBG] control type=35
[DBG] control type=35
[DBG] control type=35
[DBG] control type=35
[DBG] control type=35
[DBG] control type=35
[DBG] Buffering 39%
[DBG] control type=35
[DBG] control type=35
[DBG] control type=35
[DBG] control type=35
[DBG] control type=35
[DBG] Buffering 40%
[DBG] control type=35
[DBG] Buffering 46%
[DBG] Buffering 49%
[DBG] Buffering 50%
[DBG] control type=35
[DBG] control type=35
[DBG] Buffering 53%
[DBG] Buffering 58%
[DBG] control type=35
[DBG] Buffering 63%
[DBG] control type=35
[DBG] control type=35
[DBG] Received first picture
9:57:07.098 PM [framestep] nextFrameStepped result=0 time=19537 ms
[DBG] control type=35
[DBG] Buffering 66%
[DBG] Buffering 71%
[DBG] control type=35
[DBG] control type=35
[DBG] Buffering 75%
[DBG] control type=35
[DBG] control type=35
[DBG] control type=35
[DBG] control type=35
[DBG] control type=35
[DBG] control type=35
[DBG] control type=35
[DBG] control type=35
[DBG] control type=35
[DBG] control type=35
[DBG] control type=35
[DBG] Buffering 90%
[DBG] control type=35
[DBG] control type=35
[DBG] control type=35
[DBG] control type=35
[DBG] control type=35
[DBG] Buffering 96%
[DBG] control type=35
[DBG] control type=35
9:57:07.102 PM [player] buffering 1.0
[DBG] Stream buffering done (1001 ms in 17 ms)
[DBG] Decoder wait done in 0 ms
[DBG] control type=35
[DBG] control type=35
[ERR] ES_OUT_SET_(GROUP_)PCR  is called 8733 ms late (jitter of 8674 ms ignored)
[DBG] ES_OUT_RESET_PCR called
9:57:07.110 PM [player] buffering 0.0
[DBG] control type=35
[DBG] control type=35
[DBG] control type=35
[DBG] control type=35
[DBG] control type=35
[DBG] control type=35
9:57:07.111 PM [player] buffering 0.0
[DBG] Buffering 0%
[DBG] control type=35
[DBG] control type=35
[DBG] control type=35
[DBG] control type=35
[DBG] control type=35
[DBG] control type=35
[DBG] Buffering 5%
[DBG] control type=35
[DBG] control type=35
[DBG] control type=35
[DBG] Buffering 8%
[DBG] control type=35
[DBG] control type=35
[DBG] control type=35
[DBG] Buffering 11%
[DBG] control type=35
[DBG] control type=35
[DBG] control type=35
[DBG] control type=35
[DBG] control type=35
[DBG] Buffering 13%
[DBG] control type=35
[DBG] control type=35
[DBG] control type=35
[DBG] Buffering 16%
[DBG] control type=35
[DBG] control type=35
[DBG] control type=35
[DBG] control type=35
[DBG] control type=35
[DBG] control type=35
[DBG] control type=35
[DBG] Buffering 30%
[DBG] control type=35
[DBG] control type=35
[DBG] control type=35
[DBG] control type=35
[DBG] control type=35
[DBG] control type=35
[DBG] control type=35
[DBG] control type=35
[DBG] control type=35
[DBG] Buffering 31%
[DBG] Buffering 38%
[DBG] Buffering 39%
[DBG] Buffering 41%
[DBG] control type=35
[DBG] control type=35
[DBG] control type=35
[DBG] control type=35
[DBG] control type=35
[DBG] Buffering 45%
[DBG] Buffering 49%
[DBG] control type=35
[DBG] control type=35
[DBG] Buffering 50%
[DBG] Buffering 55%
[DBG] control type=35
[DBG] Received first picture
9:57:07.117 PM [framestep] nextFrameStepped result=0 time=19537 ms
[DBG] control type=35
[DBG] Buffering 58%
[DBG] control type=35
[DBG] control type=35
[DBG] control type=35
[DBG] Buffering 63%
[DBG] control type=35
[DBG] Buffering 66%
[DBG] control type=35
[DBG] control type=35
[DBG] control type=35
[DBG] control type=35
[DBG] control type=35
[DBG] control type=35
[DBG] Buffering 81%
[DBG] control type=35
[DBG] control type=35
[DBG] control type=35
[DBG] control type=35
[DBG] control type=35
[DBG] control type=35
[DBG] Buffering 88%
[DBG] control type=35
[DBG] Buffering 91%
[DBG] control type=35
[DBG] control type=35
[DBG] control type=35
[DBG] Buffering 95%
[DBG] control type=35
9:57:07.123 PM [player] buffering 1.0
[DBG] Stream buffering done (1001 ms in 12 ms)
[DBG] Decoder wait done in 0 ms
[DBG] control type=35
[DBG] control type=35
[DBG] control type=35
[ERR] ES_OUT_SET_(GROUP_)PCR  is called 8730 ms late (jitter of 8730 ms ignored)
[DBG] ES_OUT_RESET_PCR called
9:57:07.124 PM [player] buffering 0.0
[DBG] control type=35
[DBG] control type=35
[DBG] Buffering 0%
9:57:07.124 PM [player] buffering 0.0
[DBG] control type=35
[DBG] control type=35
[DBG] control type=35
[DBG] Buffering 1%
[DBG] control type=35
[DBG] control type=35
[DBG] control type=35
[DBG] Buffering 4%
[DBG] control type=35
[DBG] control type=35
[DBG] control type=35
[DBG] control type=35
[DBG] control type=35
[DBG] Buffering 8%
[DBG] control type=35
[DBG] control type=35
[DBG] control type=35
[DBG] control type=35
[DBG] control type=35
[DBG] control type=35
[DBG] control type=35
[DBG] control type=35
[DBG] control type=35
[DBG] control type=35
[DBG] control type=35
[DBG] control type=35
[DBG] Buffering 24%
[DBG] control type=35
[DBG] control type=35
[DBG] control type=35
[DBG] control type=35
[DBG] control type=35
[DBG] Buffering 29%
[DBG] control type=35
[DBG] Buffering 33%
[DBG] control type=35
[DBG] Buffering 36%
[DBG] Buffering 41%
[DBG] Received first picture
9:57:07.130 PM [framestep] nextFrameStepped result=0 time=19537 ms
[DBG] control type=35
[DBG] control type=35
[DBG] control type=35
[DBG] Buffering 46%
[DBG] control type=35
[DBG] Buffering 50%
[DBG] Buffering 52%
[DBG] control type=35
[DBG] control type=35
[DBG] Buffering 55%
[DBG] control type=35
[DBG] Buffering 58%
[DBG] control type=35
[DBG] control type=35
[DBG] control type=35
[DBG] control type=35
[DBG] control type=35
[DBG] control type=35
[DBG] control type=35
[DBG] Buffering 72%
[DBG] control type=35
[DBG] control type=35
[DBG] control type=35
[DBG] control type=35
[DBG] control type=35
[DBG] Buffering 73%
[DBG] control type=35
[DBG] control type=35
[DBG] Buffering 80%
[DBG] control type=35
[DBG] control type=35
[DBG] control type=35
[DBG] Buffering 81%
[DBG] control type=35
[DBG] Buffering 83%
[DBG] control type=35
[DBG] Buffering 86%
[DBG] Buffering 91%
[DBG] control type=35
[DBG] control type=35
[DBG] control type=35
[DBG] control type=35
[DBG] Buffering 96%
[DBG] control type=35
9:57:07.140 PM [player] buffering 1.0
[DBG] Stream buffering done (1001 ms in 15 ms)
[DBG] Decoder wait done in 0 ms
[DBG] control type=35
[DBG] control type=35
[ERR] ES_OUT_SET_(GROUP_)PCR  is called 8747 ms late (jitter of 8733 ms ignored)
[DBG] ES_OUT_RESET_PCR called
9:57:07.140 PM [player] buffering 0.0
[DBG] control type=35
[DBG] control type=35
[DBG] control type=35
9:57:07.140 PM [player] buffering 0.0
[DBG] Buffering 0%
[DBG] control type=35
[DBG] control type=35
[DBG] control type=35
[DBG] control type=35
[DBG] control type=35
[DBG] control type=35
[DBG] control type=35
[DBG] control type=35
[DBG] Buffering 14%
[DBG] control type=35
[DBG] control type=35
[DBG] control type=35
[DBG] control type=35
[DBG] Buffering 21%
[DBG] Buffering 24%
[DBG] control type=35
[DBG] control type=35
[DBG] Buffering 25%
[DBG] Received first picture
9:57:07.145 PM [framestep] nextFrameStepped result=0 time=19537 ms
[DBG] control type=35
[DBG] control type=35
[DBG] Buffering 28%
[DBG] control type=35
[DBG] Buffering 33%
[DBG] control type=35
[DBG] control type=35
[DBG] Buffering 38%
[DBG] Buffering 41%
[DBG] control type=35
[DBG] control type=35
[DBG] control type=35
[DBG] Buffering 43%
[DBG] control type=35
[DBG] Buffering 46%
[DBG] control type=35
[DBG] control type=35
[DBG] Buffering 50%
[DBG] control type=35
[DBG] control type=35
[DBG] control type=35
[DBG] Buffering 66%
[DBG] control type=35
[DBG] control type=35
[DBG] control type=35
[DBG] control type=35
[DBG] control type=35
[DBG] Buffering 71%
[DBG] control type=35
[DBG] control type=35
[DBG] control type=35
[DBG] Buffering 75%
[DBG] control type=35
[DBG] control type=35
[DBG] control type=35
[DBG] Buffering 78%
[DBG] control type=35
[DBG] Buffering 83%
[DBG] control type=35
[DBG] control type=35
[DBG] Buffering 85%
[DBG] control type=35
[DBG] Buffering 88%
[DBG] Buffering 91%
[DBG] control type=35
[DBG] control type=35
[DBG] Buffering 94%
[DBG] control type=35
[DBG] control type=35
[DBG] Buffering 96%
9:57:07.155 PM [player] buffering 1.0
[DBG] Stream buffering done (1001 ms in 14 ms)
[DBG] Decoder wait done in 0 ms
[DBG] control type=35
[DBG] control type=35
[DBG] control type=35
[ERR] ES_OUT_SET_(GROUP_)PCR  is called 8672 ms late (jitter of 8730 ms ignored)
[DBG] ES_OUT_RESET_PCR called
9:57:07.156 PM [player] buffering 0.0
[DBG] control type=35
[DBG] control type=35
[DBG] control type=35
[DBG] control type=35
[DBG] control type=35
[DBG] control type=35
[DBG] control type=35
[DBG] control type=35
[DBG] control type=35
[DBG] control type=35
[DBG] control type=35
[DBG] control type=35
[DBG] control type=35
[DBG] control type=35
[DBG] Buffering 0%
9:57:07.157 PM [player] buffering 0.0
[DBG] control type=35
[DBG] control type=35
[DBG] Buffering 6%
[DBG] control type=35
[DBG] control type=35
[DBG] control type=35
[DBG] control type=35
[DBG] Buffering 8%
[DBG] control type=35
[DBG] control type=35
[DBG] control type=35
[DBG] Buffering 10%
[DBG] control type=35
[DBG] Buffering 13%
[DBG] control type=35
[DBG] control type=35
[DBG] control type=35
[DBG] Buffering 18%
[DBG] control type=35
[DBG] control type=35
[DBG] control type=35
[DBG] control type=35
[DBG] control type=35
[DBG] Buffering 23%
[DBG] control type=35
[DBG] control type=35
[DBG] control type=35
[DBG] control type=35
[DBG] control type=35
[DBG] Buffering 26%
[DBG] control type=35
[DBG] control type=35
[DBG] control type=35
[DBG] control type=35
[DBG] control type=35
[DBG] Buffering 31%
[DBG] control type=35
[DBG] control type=35
[DBG] Buffering 35%
[DBG] control type=35
[DBG] control type=35
[DBG] control type=35
[DBG] control type=35
[DBG] control type=35
[DBG] control type=35
[DBG] control type=35
[DBG] control type=35
[DBG] control type=35
[DBG] control type=35
[DBG] Buffering 50%
[DBG] control type=35
[DBG] control type=35
[DBG] control type=35
[DBG] control type=35
[DBG] control type=35
[DBG] control type=35
[DBG] control type=35
[DBG] control type=35
[DBG] control type=35
[DBG] control type=35
[DBG] Buffering 56%
[DBG] control type=35
[DBG] Buffering 59%
[DBG] control type=35
[DBG] Received first picture
[DBG] Buffering 60%
9:57:07.166 PM [framestep] nextFrameStepped result=0 time=19537 ms
[DBG] control type=35
[DBG] Buffering 63%
[DBG] Buffering 68%
[DBG] control type=35
[DBG] control type=35
[DBG] control type=35
[DBG] control type=35
[DBG] control type=35
[DBG] Buffering 73%
[DBG] control type=35
[DBG] Buffering 76%
[DBG] Buffering 79%
[DBG] control type=35
[DBG] control type=35
[DBG] Buffering 81%
[DBG] control type=35
[DBG] Buffering 85%
[DBG] control type=35
[DBG] control type=35
[DBG] control type=35
[DBG] control type=35
[DBG] control type=35
9:57:07.170 PM [player] buffering 1.0
[DBG] Stream buffering done (1014 ms in 12 ms)
[DBG] Decoder wait done in 0 ms
[DBG] control type=35
[DBG] control type=35
[DBG] control type=35
[DBG] control type=35
[DBG] control type=35
[ERR] ES_OUT_SET_(GROUP_)PCR  is called 8762 ms late (jitter of 8747 ms ignored)
[DBG] ES_OUT_RESET_PCR called
9:57:07.172 PM [player] buffering 0.0
[DBG] control type=35
[DBG] control type=35
[DBG] control type=35
[DBG] control type=35
9:57:07.172 PM [player] buffering 0.0
[DBG] Buffering 0%
[DBG] control type=35
[DBG] control type=35
[DBG] control type=35
[DBG] control type=35
[DBG] Buffering 3%
[DBG] control type=35
[DBG] control type=35
[DBG] control type=35
[DBG] Buffering 8%
[DBG] control type=35
[DBG] control type=35
[DBG] control type=35
[DBG] Buffering 10%
[DBG] control type=35
[DBG] control type=35
[DBG] control type=35
[DBG] Buffering 13%
[DBG] control type=35
[DBG] control type=35
[DBG] Buffering 16%
[DBG] control type=35
[DBG] control type=35
[DBG] control type=35
[DBG] Buffering 20%
[DBG] control type=35
[DBG] control type=35
[DBG] control type=35
[DBG] Buffering 21%
[DBG] control type=35
[DBG] control type=35
[DBG] Buffering 25%
[DBG] control type=35
[DBG] control type=35
[DBG] control type=35
[DBG] control type=35
[DBG] control type=35
[DBG] control type=35
[DBG] control type=35
[DBG] control type=35
[DBG] control type=35
[DBG] control type=35
[DBG] control type=35
[DBG] control type=35
[DBG] control type=35
[DBG] control type=35
[DBG] control type=35
[DBG] control type=35
[DBG] Buffering 39%
[DBG] control type=35
[DBG] control type=35
[DBG] control type=35
[DBG] control type=35
[DBG] Buffering 40%
[DBG] control type=35
[DBG] Buffering 46%
[DBG] Buffering 48%
[DBG] control type=35
[DBG] Buffering 50%
[DBG] Received first picture
9:57:07.179 PM [framestep] nextFrameStepped result=0 time=19537 ms
[DBG] control type=35
[DBG] Buffering 53%
[DBG] Buffering 58%
[DBG] control type=35
[DBG] control type=35
[DBG] control type=35
[DBG] Buffering 63%
[DBG] control type=35
[DBG] Buffering 66%
[DBG] control type=35
[DBG] control type=35
[DBG] control type=35
[DBG] Buffering 71%
[DBG] control type=35
[DBG] Buffering 75%
[DBG] control type=35
[DBG] control type=35
[DBG] control type=35
[DBG] Buffering 90%
[DBG] control type=35
[DBG] control type=35
[DBG] control type=35
[DBG] control type=35
[DBG] control type=35
[DBG] control type=35
[DBG] Buffering 96%
9:57:07.188 PM [player] buffering 1.0
[DBG] Stream buffering done (1001 ms in 16 ms)
[DBG] Decoder wait done in 0 ms
[DBG] control type=35
[DBG] control type=35
[DBG] control type=35
[DBG] control type=35
[ERR] ES_OUT_SET_(GROUP_)PCR  is called 8813 ms late (jitter of 8762 ms ignored)
[DBG] ES_OUT_RESET_PCR called
9:57:07.190 PM [player] buffering 0.0
[DBG] control type=35
[DBG] control type=35
[DBG] control type=35
[DBG] control type=35
[DBG] control type=35
9:57:07.190 PM [player] buffering 0.0
[DBG] Buffering 0%
[DBG] control type=35
[DBG] control type=35
[DBG] control type=35
[DBG] control type=35
[DBG] control type=35
[DBG] Buffering 5%
[DBG] control type=35
[DBG] control type=35
[DBG] Buffering 8%
[DBG] control type=35
[DBG] control type=35
[DBG] control type=35
[DBG] control type=35
[DBG] control type=35
[DBG] Buffering 10%
[DBG] control type=35
[DBG] control type=35
[DBG] control type=35
[DBG] Buffering 13%
[DBG] control type=35
[DBG] control type=35
[DBG] Buffering 16%
[DBG] control type=35
[DBG] control type=35
[DBG] control type=35
[DBG] control type=35
[DBG] control type=35
[DBG] control type=35
[DBG] control type=35
[DBG] control type=35
[DBG] control type=35
[DBG] control type=35
[DBG] control type=35
[DBG] control type=35
[DBG] control type=35
[DBG] control type=35
[DBG] Buffering 33%
[DBG] control type=35
[DBG] control type=35
[DBG] control type=35
[DBG] control type=35
[DBG] control type=35
[DBG] control type=35
[DBG] control type=35
[DBG] control type=35
[DBG] control type=35
[DBG] control type=35
[DBG] control type=35
[DBG] control type=35
[DBG] Buffering 38%
[DBG] control type=35
[DBG] Buffering 41%
[DBG] control type=35
[DBG] Buffering 45%
[DBG] Buffering 50%
[DBG] Buffering 52%
[DBG] control type=35
[DBG] control type=35
[DBG] Buffering 55%
[DBG] Received first picture
9:57:07.199 PM [framestep] nextFrameStepped result=0 time=19537 ms
[DBG] control type=35
[DBG] control type=35
[DBG] control type=35
[DBG] Buffering 58%
[DBG] Buffering 62%
[DBG] control type=35
[DBG] control type=35
[DBG] Buffering 63%
[DBG] Buffering 66%
[DBG] control type=35
[DBG] control type=35
[DBG] control type=35
[DBG] control type=35
[DBG] control type=35
[DBG] control type=35
[DBG] control type=35
[DBG] control type=35
[DBG] Buffering 81%
[DBG] control type=35
[DBG] control type=35
[DBG] control type=35
[DBG] control type=35
[DBG] control type=35
[DBG] control type=35
[DBG] Buffering 88%
[DBG] control type=35
[DBG] Buffering 90%
[DBG] control type=35
[DBG] Buffering 91%
[DBG] control type=35
[DBG] Buffering 95%
[DBG] control type=35
9:57:07.204 PM [player] buffering 1.0
[DBG] Stream buffering done (1001 ms in 14 ms)
[DBG] Decoder wait done in 0 ms
[DBG] control type=35
[DBG] control type=35
[ERR] ES_OUT_SET_(GROUP_)PCR  is called 8812 ms late (jitter of 8812 ms ignored)
[DBG] ES_OUT_RESET_PCR called
9:57:07.205 PM [player] buffering 0.0
[DBG] control type=35
[DBG] control type=35
[DBG] control type=35
[DBG] control type=35
[DBG] Buffering 0%
9:57:07.205 PM [player] buffering 0.0
[DBG] control type=35
[DBG] control type=35
[DBG] control type=35
[DBG] control type=35
[DBG] Buffering 5%
[DBG] control type=35
[DBG] control type=35
[DBG] Buffering 8%
[DBG] control type=35
[DBG] control type=35
[DBG] control type=35
[DBG] control type=35
[DBG] control type=35
[DBG] control type=35
[DBG] control type=35
[DBG] control type=35
[DBG] Buffering 24%
[DBG] control type=35
[DBG] control type=35
[DBG] control type=35
[DBG] control type=35
[DBG] Buffering 30%
[DBG] control type=35
[DBG] Buffering 33%
[DBG] control type=35
[DBG] Buffering 36%
[DBG] Received first picture
9:57:07.210 PM [framestep] nextFrameStepped result=0 time=19537 ms
[DBG] Buffering 41%
[DBG] control type=35
[DBG] control type=35
[DBG] Buffering 46%
[DBG] Buffering 50%
[DBG] control type=35
[DBG] control type=35
[DBG] Buffering 52%
[DBG] control type=35
[DBG] control type=35
[DBG] control type=35
[DBG] Buffering 55%
[DBG] control type=35
[DBG] control type=35
[DBG] Buffering 58%
[DBG] control type=35
[DBG] control type=35
[DBG] control type=35
[DBG] control type=35
[DBG] control type=35
[DBG] Buffering 72%
[DBG] control type=35
[DBG] control type=35
[DBG] control type=35
[DBG] control type=35
[DBG] control type=35
[DBG] Buffering 73%
[DBG] control type=35
[DBG] Buffering 80%
[DBG] control type=35
[DBG] Buffering 81%
[DBG] control type=35
[DBG] control type=35
[DBG] Buffering 83%
[DBG] Buffering 86%
[DBG] control type=35
[DBG] control type=35
[DBG] control type=35
[DBG] Buffering 91%
[DBG] control type=35
[DBG] control type=35
[DBG] Buffering 96%
[DBG] control type=35
[DBG] control type=35
[DBG] control type=35
[DBG] Stream buffering done (1001 ms in 14 ms)
9:57:07.220 PM [player] buffering 1.0
[DBG] Decoder wait done in 0 ms
[DBG] control type=35
[DBG] control type=35
[ERR] ES_OUT_SET_(GROUP_)PCR  is called 8825 ms late (jitter of 8813 ms ignored)
[DBG] ES_OUT_RESET_PCR called
9:57:07.220 PM [player] buffering 0.0
[DBG] control type=35
[DBG] control type=35
9:57:07.220 PM [player] buffering 0.0
[DBG] Buffering 0%
[DBG] control type=35
[DBG] control type=35
[DBG] control type=35
[DBG] control type=35
[DBG] control type=35
[DBG] control type=35
[DBG] control type=35
[DBG] control type=35
[DBG] control type=35
[DBG] control type=35
[DBG] control type=35
[DBG] Buffering 14%
[DBG] control type=35
[DBG] control type=35
[DBG] control type=35
[DBG] control type=35
[DBG] control type=35
[DBG] control type=35
[DBG] control type=35
[DBG] Buffering 15%
[DBG] Received first picture
9:57:07.224 PM [framestep] nextFrameStepped result=0 time=19537 ms
[DBG] Buffering 21%
[DBG] control type=35
[DBG] control type=35
[DBG] Buffering 24%
[DBG] control type=35
[DBG] Buffering 25%
[DBG] Buffering 28%
[DBG] control type=35
[DBG] control type=35
[DBG] control type=35
[DBG] Buffering 33%
[DBG] control type=35
[DBG] control type=35
[DBG] Buffering 38%
[DBG] Buffering 41%
[DBG] control type=35
[DBG] control type=35
[DBG] Buffering 43%
[DBG] control type=35
[DBG] Buffering 46%
[DBG] control type=35
[DBG] Buffering 50%
[DBG] control type=35
[DBG] control type=35
[DBG] control type=35
[DBG] control type=35
[DBG] control type=35
[DBG] control type=35
[DBG] Buffering 66%
[DBG] control type=35
[DBG] control type=35
[DBG] control type=35
[DBG] control type=35
[DBG] control type=35
[DBG] Buffering 71%
[DBG] control type=35
[DBG] Buffering 75%
[DBG] control type=35
[DBG] control type=35
[DBG] Buffering 78%
[DBG] control type=35
[DBG] Buffering 83%
[DBG] Buffering 85%
[DBG] control type=35
[DBG] control type=35
[DBG] Buffering 88%
[DBG] control type=35
[DBG] control type=35
[DBG] control type=35
[DBG] Buffering 91%
[DBG] control type=35
[DBG] Buffering 94%
[DBG] Buffering 96%
[DBG] control type=35
[DBG] control type=35
[DBG] Stream buffering done (1001 ms in 16 ms)
9:57:07.237 PM [player] buffering 1.0
[DBG] Decoder wait done in 0 ms
[DBG] control type=35
[DBG] control type=35
[DBG] control type=35
[DBG] control type=35
[DBG] control type=35
[ERR] ES_OUT_SET_(GROUP_)PCR  is called 8755 ms late (jitter of 8812 ms ignored)
[DBG] ES_OUT_RESET_PCR called
9:57:07.238 PM [player] buffering 0.0
[DBG] control type=35
[DBG] control type=35
[DBG] control type=35
[DBG] control type=35
[DBG] control type=35
[DBG] control type=35
[DBG] control type=35
[DBG] control type=35
[DBG] control type=35
[DBG] control type=35
[DBG] Buffering 0%
9:57:07.240 PM [player] buffering 0.0
[DBG] control type=35
[DBG] control type=35
[DBG] control type=35
[DBG] control type=35
[DBG] Buffering 6%
[DBG] control type=35
[DBG] control type=35
[DBG] Buffering 8%
[DBG] control type=35
[DBG] control type=35
[DBG] control type=35
[DBG] Buffering 9%
[DBG] control type=35
[DBG] control type=35
[DBG] Buffering 13%
[DBG] control type=35
[DBG] control type=35
[DBG] control type=35
[DBG] Buffering 18%
[DBG] control type=35
[DBG] control type=35
[DBG] control type=35
[DBG] control type=35
[DBG] Buffering 23%
[DBG] control type=35
[DBG] control type=35
[DBG] control type=35
[DBG] control type=35
[DBG] control type=35
[DBG] control type=35
[DBG] Buffering 26%
[DBG] control type=35
[DBG] control type=35
[DBG] control type=35
[DBG] control type=35
[DBG] Buffering 31%
[DBG] control type=35
[DBG] control type=35
[DBG] Buffering 35%
[DBG] control type=35
[DBG] control type=35
[DBG] control type=35
[DBG] control type=35
[DBG] control type=35
[DBG] control type=35
[DBG] control type=35
[DBG] control type=35
[DBG] control type=35
[DBG] control type=35
[DBG] control type=35
[DBG] Buffering 50%
[DBG] control type=35
[DBG] control type=35
[DBG] control type=35
[DBG] control type=35
[DBG] Buffering 56%
[DBG] control type=35
[DBG] Buffering 59%
[DBG] control type=35
[DBG] control type=35
[DBG] Buffering 60%
[DBG] Buffering 63%
[DBG] Buffering 68%
[DBG] control type=35
[DBG] Received first picture
9:57:07.251 PM [framestep] nextFrameStepped result=0 time=19537 ms
[DBG] Buffering 73%
[DBG] Buffering 76%
[DBG] control type=35
[DBG] control type=35
[DBG] control type=35
[DBG] Buffering 78%
[DBG] control type=35
[DBG] Buffering 81%
[DBG] control type=35
[DBG] Buffering 85%
[DBG] control type=35
[DBG] control type=35
[DBG] control type=35
[DBG] Stream buffering done (1012 ms in 17 ms)
9:57:07.257 PM [player] buffering 1.0
[DBG] Decoder wait done in 0 ms
[DBG] control type=35
[DBG] control type=35
[DBG] control type=35
[DBG] control type=35
[ERR] ES_OUT_SET_(GROUP_)PCR  is called 8849 ms late (jitter of 8825 ms ignored)
[DBG] ES_OUT_RESET_PCR called
9:57:07.259 PM [player] buffering 0.0
[DBG] control type=35
[DBG] control type=35
[DBG] control type=35
[DBG] control type=35
[DBG] Buffering 0%
9:57:07.260 PM [player] buffering 0.0
[DBG] control type=35
[DBG] control type=35
[DBG] control type=35
[DBG] control type=35
[DBG] control type=35
[DBG] control type=35
[DBG] control type=35
[DBG] control type=35
[DBG] Buffering 3%
[DBG] control type=35
[DBG] control type=35
[DBG] control type=35
[DBG] control type=35
[DBG] Buffering 8%
[DBG] control type=35
[DBG] control type=35
[DBG] Buffering 10%
[DBG] control type=35
[DBG] control type=35
[DBG] control type=35
[DBG] Buffering 13%
[DBG] control type=35
[DBG] control type=35
[DBG] Buffering 16%
[DBG] control type=35
[DBG] control type=35
[DBG] control type=35
[DBG] Buffering 20%
[DBG] control type=35
[DBG] Buffering 21%
[DBG] control type=35
[DBG] control type=35
[DBG] control type=35
[DBG] control type=35
[DBG] Buffering 25%
[DBG] control type=35
[DBG] control type=35
[DBG] control type=35
[DBG] control type=35
[DBG] control type=35
[DBG] control type=35
[DBG] Buffering 39%
[DBG] control type=35
[DBG] control type=35
[DBG] control type=35
[DBG] control type=35
[DBG] control type=35
[DBG] control type=35
[DBG] Buffering 40%
[DBG] Buffering 46%
[DBG] Buffering 48%
[DBG] Buffering 50%
[DBG] control type=35
[DBG] Buffering 53%
[DBG] Buffering 58%
[DBG] control type=35
[DBG] Received first picture
9:57:07.267 PM [framestep] nextFrameStepped result=0 time=19537 ms
[DBG] control type=35
[DBG] Buffering 63%
[DBG] control type=35
[DBG] control type=35
[DBG] control type=35
[DBG] Buffering 66%
[DBG] control type=35
[DBG] Buffering 71%
[DBG] Buffering 75%
[DBG] control type=35
[DBG] control type=35
[DBG] control type=35
[DBG] control type=35
[DBG] control type=35
[DBG] control type=35
[DBG] control type=35
[DBG] control type=35
[DBG] Buffering 90%
[DBG] control type=35
[DBG] control type=35
[DBG] control type=35
[DBG] control type=35
[DBG] control type=35
[DBG] control type=35
[DBG] Buffering 96%
[DBG] Stream buffering done (1000 ms in 15 ms)
9:57:07.275 PM [player] buffering 1.0
[DBG] Decoder wait done in 0 ms
[DBG] control type=35
[DBG] control type=35
[ERR] ES_OUT_SET_(GROUP_)PCR  is called 8931 ms late (jitter of 8849 ms ignored)
[DBG] ES_OUT_RESET_PCR called
9:57:07.275 PM [player] buffering 0.0
[DBG] control type=35
[DBG] control type=35
[DBG] control type=35
9:57:07.276 PM [player] buffering 0.0
[DBG] Buffering 0%
[DBG] control type=35
[DBG] control type=35
[DBG] Buffering 5%
[DBG] control type=35
[DBG] control type=35
[DBG] control type=35
[DBG] control type=35
[DBG] control type=35
[DBG] control type=35
[DBG] Buffering 10%
[DBG] control type=35
[DBG] control type=35
[DBG] control type=35
[DBG] Buffering 13%
[DBG] control type=35
[DBG] control type=35
[DBG] control type=35
[DBG] control type=35
[DBG] Buffering 15%
[DBG] control type=35
[DBG] control type=35
[DBG] control type=35
[DBG] Buffering 18%
[DBG] control type=35
[DBG] Buffering 21%
[DBG] control type=35
[DBG] control type=35
[DBG] control type=35
[DBG] control type=35
[DBG] control type=35
[DBG] control type=35
[DBG] control type=35
[DBG] control type=35
[DBG] control type=35
[DBG] control type=35
[DBG] control type=35
[DBG] control type=35
[DBG] control type=35
[DBG] control type=35
[DBG] control type=35
[DBG] control type=35
[DBG] control type=35
[DBG] control type=35
[DBG] control type=35
[DBG] control type=35
[DBG] control type=35
[DBG] control type=35
[DBG] control type=35
[DBG] Buffering 38%
[DBG] control type=35
[DBG] control type=35
[DBG] control type=35
[DBG] control type=35
[DBG] Received first picture
9:57:07.284 PM [framestep] nextFrameStepped result=0 time=19537 ms
[DBG] Buffering 43%
[DBG] control type=35
[DBG] control type=35
[DBG] control type=35
[DBG] Buffering 46%
[DBG] control type=35
[DBG] Buffering 50%
[DBG] control type=35
[DBG] control type=35
[DBG] Buffering 55%
[DBG] control type=35
[DBG] control type=35
[DBG] Buffering 57%
[DBG] control type=35
[DBG] Buffering 60%
[DBG] Buffering 63%
[DBG] control type=35
[DBG] control type=35
[DBG] Buffering 66%
[DBG] Buffering 68%
[DBG] control type=35
[DBG] Buffering 71%
[DBG] control type=35
[DBG] control type=35
[DBG] control type=35
[DBG] control type=35
[DBG] control type=35
[DBG] control type=35
[DBG] control type=35
[DBG] control type=35
[DBG] Buffering 86%
[DBG] control type=35
[DBG] control type=35
[DBG] control type=35
[DBG] control type=35
[DBG] control type=35
[DBG] control type=35
[DBG] control type=35
[DBG] Buffering 93%
[DBG] control type=35
[DBG] Buffering 95%
[DBG] control type=35
[DBG] Buffering 96%
[DBG] control type=35
9:57:07.310 PM [player] buffering 1.0
[DBG] Stream buffering done (1001 ms in 33 ms)
[DBG] Decoder wait done in 0 ms
[DBG] control type=35
[ERR] ES_OUT_SET_(GROUP_)PCR  is called 8916 ms late (jitter of 8916 ms ignored)
[DBG] ES_OUT_RESET_PCR called
9:57:07.310 PM [player] buffering 0.0
[DBG] control type=35
[DBG] control type=35
[DBG] control type=35
[DBG] control type=35
[DBG] control type=35
9:57:07.311 PM [player] buffering 0.0
[DBG] Buffering 0%
[DBG] control type=35
[DBG] control type=35
[DBG] control type=35
[DBG] Buffering 3%
[DBG] control type=35
[DBG] control type=35
[DBG] control type=35
[DBG] control type=35
[DBG] control type=35
[DBG] Buffering 8%
[DBG] control type=35
[DBG] control type=35
[DBG] Buffering 11%
[DBG] control type=35
[DBG] control type=35
[DBG] control type=35
[DBG] control type=35
[DBG] control type=35
[DBG] control type=35
[DBG] control type=35
[DBG] control type=35
[DBG] control type=35
[DBG] control type=35
[DBG] control type=35
[DBG] control type=35
[DBG] control type=35
[DBG] Buffering 27%
[DBG] control type=35
[DBG] control type=35
[DBG] control type=35
[DBG] control type=35
[DBG] control type=35
[DBG] Buffering 33%
[DBG] control type=35
[DBG] control type=35
[DBG] Buffering 36%
[DBG] Received first picture
9:57:07.318 PM [framestep] nextFrameStepped result=0 time=19537 ms
[DBG] control type=35
[DBG] control type=35
[DBG] control type=35
[DBG] Buffering 40%
[DBG] control type=35
[DBG] Buffering 45%
[DBG] control type=35
[DBG] control type=35
[DBG] Buffering 50%
[DBG] Buffering 53%
[DBG] control type=35
[DBG] control type=35
[DBG] Buffering 56%
[DBG] control type=35
[DBG] Buffering 58%
[DBG] control type=35
[DBG] Buffering 61%
[DBG] control type=35
[DBG] control type=35
[DBG] control type=35
[DBG] Buffering 75%
[DBG] control type=35
[DBG] control type=35
[DBG] control type=35
[DBG] Buffering 76%
[DBG] control type=35
[DBG] control type=35
[DBG] control type=35
[DBG] Buffering 83%
[DBG] control type=35
[DBG] Buffering 84%
[DBG] control type=35
[DBG] Buffering 86%
[DBG] control type=35
[DBG] Buffering 90%
[DBG] Buffering 94%
[DBG] control type=35
[DBG] control type=35
[DBG] Buffering 95%
[DBG] control type=35
9:57:07.330 PM [player] buffering 1.0
[DBG] Stream buffering done (1001 ms in 18 ms)
[DBG] Decoder wait done in 0 ms
[DBG] control type=35
[DBG] control type=35
[DBG] control type=35
[ERR] ES_OUT_SET_(GROUP_)PCR  is called 8953 ms late (jitter of 8931 ms ignored)
[DBG] ES_OUT_RESET_PCR called
9:57:07.330 PM [player] buffering 0.0
[DBG] control type=35
[DBG] control type=35
9:57:07.330 PM [player] buffering 0.0
[DBG] Buffering 0%
[DBG] control type=35
[DBG] control type=35
[DBG] control type=35
[DBG] Buffering 3%
[DBG] control type=35
[DBG] control type=35
[DBG] control type=35
[DBG] control type=35
[DBG] control type=35
[DBG] control type=35
[DBG] control type=35
[DBG] control type=35
[DBG] control type=35
[DBG] control type=35
[DBG] control type=35
[DBG] control type=35
[DBG] control type=35
[DBG] control type=35
[DBG] control type=35
[DBG] control type=35
[DBG] control type=35
[DBG] control type=35
[DBG] Buffering 18%
[DBG] control type=35
[DBG] control type=35
[DBG] control type=35
[DBG] control type=35
[DBG] control type=35
[DBG] control type=35
[DBG] Buffering 25%
[DBG] control type=35
[DBG] control type=35
[DBG] Buffering 27%
[DBG] control type=35
[DBG] Buffering 28%
[DBG] Buffering 31%
[DBG] Received first picture
9:57:07.336 PM [framestep] nextFrameStepped result=0 time=19537 ms
[DBG] Buffering 36%
[DBG] control type=35
[DBG] control type=35
[DBG] Buffering 41%
[DBG] control type=35
[DBG] control type=35
[DBG] control type=35
[DBG] Buffering 45%
[DBG] Buffering 50%
[DBG] control type=35
[DBG] control type=35
[DBG] Buffering 53%
[DBG] control type=35
[DBG] control type=35
[DBG] control type=35
[DBG] control type=35
[DBG] control type=35
[DBG] control type=35
[DBG] control type=35
[DBG] control type=35
[DBG] Buffering 69%
[DBG] control type=35
[DBG] control type=35
[DBG] control type=35
[DBG] control type=35
[DBG] Buffering 75%
[DBG] control type=35
[DBG] control type=35
[DBG] control type=35
[DBG] Buffering 78%
[DBG] control type=35
[DBG] control type=35
[DBG] Buffering 81%
[DBG] control type=35
[DBG] Buffering 86%
[DBG] control type=35
[DBG] control type=35
[DBG] control type=35
[DBG] control type=35
[DBG] Buffering 91%
[DBG] control type=35
[DBG] Buffering 95%
[DBG] control type=35
[DBG] Buffering 98%
[DBG] control type=35
9:57:07.344 PM [player] buffering 1.0
[DBG] Stream buffering done (1001 ms in 14 ms)
[DBG] Decoder wait done in 0 ms
[DBG] control type=35
[ERR] ES_OUT_SET_(GROUP_)PCR  is called 8969 ms late (jitter of 8953 ms ignored)
[DBG] ES_OUT_RESET_PCR called
9:57:07.347 PM [player] buffering 0.0
[DBG] control type=35
[DBG] control type=35
[DBG] control type=35
[DBG] control type=35
[DBG] control type=35
9:57:07.348 PM [player] buffering 0.0
[DBG] Buffering 0%
[DBG] control type=35
[DBG] control type=35
[DBG] control type=35
[DBG] control type=35
[DBG] control type=35
[DBG] Buffering 1%
[DBG] Buffering 7%
[DBG] Buffering 9%
[DBG] Buffering 11%
[DBG] Received first picture
9:57:07.351 PM [framestep] nextFrameStepped result=0 time=19537 ms
[DBG] Buffering 14%
[DBG] control type=35
[DBG] control type=35
[DBG] control type=35
[DBG] control type=35
[DBG] Buffering 19%
[DBG] control type=35
[DBG] control type=35
[DBG] Buffering 24%
[DBG] control type=35
[DBG] control type=35
[DBG] Buffering 27%
[DBG] control type=35
[DBG] Buffering 33%
[DBG] control type=35
[DBG] control type=35
[DBG] Buffering 36%
[DBG] control type=35
[DBG] control type=35
[DBG] control type=35
[DBG] control type=35
[DBG] Buffering 51%
[DBG] control type=35
[DBG] control type=35
[DBG] control type=35
[DBG] control type=35
[DBG] Buffering 57%
[DBG] control type=35
[DBG] control type=35
[DBG] Buffering 60%
[DBG] control type=35
[DBG] control type=35
[DBG] Buffering 61%
[DBG] control type=35
[DBG] Buffering 64%
[DBG] control type=35
[DBG] Buffering 69%
[DBG] control type=35
[DBG] control type=35
[DBG] Buffering 74%
[DBG] control type=35
[DBG] Buffering 78%
[DBG] control type=35
[DBG] control type=35
[DBG] control type=35
[DBG] Buffering 80%
[DBG] control type=35
[DBG] control type=35
[DBG] Buffering 83%
[DBG] control type=35
[DBG] Buffering 86%
[DBG] control type=35
[DBG] control type=35
[DBG] control type=35
[DBG] Stream buffering done (1024 ms in 16 ms)
9:57:07.365 PM [player] buffering 1.0
[DBG] Decoder wait done in 0 ms
[DBG] control type=35
[DBG] control type=35
[DBG] control type=35
[DBG] control type=35
[DBG] control type=35
[DBG] control type=35
[ERR] ES_OUT_SET_(GROUP_)PCR  is called 8944 ms late (jitter of 8953 ms ignored)
[DBG] ES_OUT_RESET_PCR called
9:57:07.366 PM [player] buffering 0.0
[DBG] control type=35
[DBG] control type=35
[DBG] control type=35
[DBG] control type=35
[DBG] control type=35
[DBG] control type=35
[DBG] Buffering 0%
9:57:07.367 PM [player] buffering 0.0
[DBG] control type=35
[DBG] control type=35
[DBG] control type=35
[DBG] control type=35
[DBG] control type=35
[DBG] control type=35
[DBG] Buffering 3%
[DBG] control type=35
[DBG] control type=35
[DBG] control type=35
[DBG] Buffering 8%
[DBG] control type=35
[DBG] control type=35
[DBG] control type=35
[DBG] control type=35
[DBG] Buffering 10%
[DBG] control type=35
[DBG] control type=35
[DBG] Buffering 13%
[DBG] control type=35
[DBG] control type=35
[DBG] Buffering 16%
[DBG] control type=35
[DBG] control type=35
[DBG] control type=35
[DBG] Buffering 19%
[DBG] control type=35
[DBG] control type=35
[DBG] control type=35
[DBG] control type=35
[DBG] Buffering 21%
[DBG] control type=35
[DBG] Buffering 25%
[DBG] control type=35
[DBG] control type=35
[DBG] control type=35
[DBG] control type=35
[DBG] Buffering 39%
[DBG] control type=35
[DBG] control type=35
[DBG] control type=35
[DBG] control type=35
[DBG] control type=35
[DBG] control type=35
[DBG] Buffering 40%
[DBG] Received first picture
9:57:07.375 PM [framestep] nextFrameStepped result=0 time=19537 ms
[DBG] Buffering 46%
[DBG] control type=35
[DBG] Buffering 48%
[DBG] control type=35
[DBG] Buffering 50%
[DBG] control type=35
[DBG] Buffering 53%
[DBG] control type=35
[DBG] Buffering 58%
[DBG] control type=35
[DBG] control type=35
[DBG] Buffering 63%
[DBG] control type=35
[DBG] control type=35
[DBG] control type=35
[DBG] Buffering 66%
[DBG] control type=35
[DBG] Buffering 71%
[DBG] control type=35
[DBG] Buffering 75%
[DBG] control type=35
[DBG] control type=35
[DBG] control type=35
[DBG] control type=35
[DBG] Buffering 90%
[DBG] control type=35
[DBG] control type=35
[DBG] control type=35
[DBG] control type=35
[DBG] control type=35
[DBG] control type=35
[DBG] control type=35
[DBG] control type=35
[DBG] Buffering 96%
[DBG] control type=35
[DBG] control type=35
[DBG] Buffering 99%
[DBG] Stream buffering done (1001 ms in 22 ms)
9:57:07.389 PM [player] buffering 1.0
[DBG] Decoder wait done in 0 ms
[DBG] control type=35
[ERR] ES_OUT_SET_(GROUP_)PCR  is called 9012 ms late (jitter of 8969 ms ignored)
[DBG] ES_OUT_RESET_PCR called
9:57:07.389 PM [player] buffering 0.0
[DBG] control type=35
[DBG] control type=35
[DBG] control type=35
[DBG] control type=35
9:57:07.389 PM [player] buffering 0.0
[DBG] Buffering 0%
[DBG] control type=35
[DBG] control type=35
[DBG] control type=35
[DBG] control type=35
[DBG] control type=35
[DBG] control type=35
[DBG] control type=35
[DBG] control type=35
[DBG] Buffering 5%
[DBG] control type=35
[DBG] control type=35
[DBG] control type=35
[DBG] Buffering 8%
[DBG] control type=35
[DBG] control type=35
[DBG] control type=35
[DBG] Buffering 10%
[DBG] control type=35
[DBG] control type=35
[DBG] control type=35
[DBG] control type=35
[DBG] control type=35
[DBG] Buffering 13%
[DBG] control type=35
[DBG] control type=35
[DBG] Buffering 16%
[DBG] control type=35
[DBG] control type=35
[DBG] control type=35
[DBG] control type=35
[DBG] control type=35
[DBG] control type=35
[DBG] control type=35
[DBG] Buffering 33%
[DBG] control type=35
[DBG] control type=35
[DBG] control type=35
[DBG] control type=35
[DBG] control type=35
[DBG] control type=35
[DBG] control type=35
[DBG] control type=35
[DBG] Buffering 38%
[DBG] Buffering 41%
[DBG] control type=35
[DBG] Buffering 45%
[DBG] Buffering 50%
[DBG] Received first picture
9:57:07.396 PM [framestep] nextFrameStepped result=0 time=19537 ms
[DBG] Buffering 52%
[DBG] control type=35
[DBG] Buffering 55%
[DBG] Buffering 58%
[DBG] control type=35
[DBG] control type=35
[DBG] Buffering 61%
[DBG] control type=35
[DBG] Buffering 63%
[DBG] control type=35
[DBG] Buffering 66%
[DBG] control type=35
[DBG] control type=35
[DBG] Buffering 81%
[DBG] control type=35
[DBG] control type=35
[DBG] control type=35
[DBG] control type=35
[DBG] control type=35
[DBG] control type=35
[DBG] control type=35
[DBG] Buffering 88%
[DBG] Buffering 90%
[DBG] control type=35
[DBG] control type=35
[DBG] Buffering 91%
[DBG] control type=35
[DBG] control type=35
[DBG] control type=35
[DBG] control type=35
[DBG] control type=35
[DBG] Buffering 95%
[DBG] control type=35
9:57:07.405 PM [player] buffering 1.0
[DBG] Stream buffering done (1001 ms in 15 ms)
[DBG] Decoder wait done in 0 ms
[DBG] control type=35
[DBG] control type=35
[DBG] control type=35
[ERR] ES_OUT_SET_(GROUP_)PCR  is called 9012 ms late (jitter of 9012 ms ignored)
[DBG] ES_OUT_RESET_PCR called
9:57:07.406 PM [player] buffering 0.0
[DBG] control type=35
[DBG] control type=35
[DBG] control type=35
[DBG] control type=35
[DBG] control type=35
[DBG] control type=35
9:57:07.406 PM [player] buffering 0.0
[DBG] Buffering 0%
[DBG] control type=35
[DBG] control type=35
[DBG] Buffering 5%
[DBG] control type=35
[DBG] control type=35
[DBG] control type=35
[DBG] control type=35
[DBG] Buffering 8%
[DBG] control type=35
[DBG] control type=35
[DBG] control type=35
[DBG] control type=35
[DBG] control type=35
[DBG] control type=35
[DBG] control type=35
[DBG] control type=35
[DBG] control type=35
[DBG] control type=35
[DBG] control type=35
[DBG] control type=35
[DBG] control type=35
[DBG] control type=35
[DBG] Buffering 23%
[DBG] control type=35
[DBG] control type=35
[DBG] control type=35
[DBG] control type=35
[DBG] Buffering 30%
[DBG] control type=35
[DBG] Buffering 33%
[DBG] control type=35
[DBG] Buffering 36%
[DBG] Received first picture
9:57:07.418 PM [framestep] nextFrameStepped result=0 time=19537 ms
[DBG] Buffering 41%
[DBG] control type=35
[DBG] control type=35
[DBG] Buffering 46%
[DBG] Buffering 50%
[DBG] control type=35
[DBG] control type=35
[DBG] Buffering 52%
[DBG] control type=35
[DBG] Buffering 55%
[DBG] control type=35
[DBG] Buffering 58%
[DBG] control type=35
[DBG] control type=35
[DBG] control type=35
[DBG] control type=35
[DBG] control type=35
[DBG] control type=35
[DBG] Buffering 74%
[DBG] control type=35
[DBG] control type=35
[DBG] control type=35
[DBG] control type=35
[DBG] control type=35
[DBG] Buffering 80%
[DBG] control type=35
[DBG] Buffering 83%
[DBG] control type=35
[DBG] control type=35
[DBG] control type=35
[DBG] Buffering 86%
[DBG] control type=35
[DBG] control type=35
[DBG] control type=35
[DBG] Buffering 91%
[DBG] control type=35
[DBG] Buffering 94%
[DBG] control type=35
[DBG] Buffering 96%
[DBG] control type=35
[DBG] control type=35
[DBG] Stream buffering done (1001 ms in 23 ms)
9:57:07.430 PM [player] buffering 1.0
[DBG] Decoder wait done in 0 ms
[DBG] control type=35
[DBG] control type=35
[DBG] control type=35
[ERR] ES_OUT_SET_(GROUP_)PCR  is called 9049 ms late (jitter of 9012 ms ignored)
[DBG] ES_OUT_RESET_PCR called
9:57:07.430 PM [player] buffering 0.0
[DBG] control type=35
[DBG] control type=35
[DBG] Buffering 0%
9:57:07.430 PM [player] buffering 0.0
[DBG] control type=35
[DBG] control type=35
[DBG] control type=35
[DBG] Buffering 3%
[DBG] control type=35
[DBG] control type=35
[DBG] control type=35
[DBG] control type=35
[DBG] control type=35
[DBG] control type=35
[DBG] control type=35
[DBG] control type=35
[DBG] control type=35
[DBG] Buffering 17%
[DBG] control type=35
[DBG] control type=35
[DBG] control type=35
[DBG] control type=35
[DBG] control type=35
[DBG] Buffering 18%
[DBG] Buffering 25%
[DBG] Buffering 27%
[DBG] control type=35
[DBG] Buffering 28%
[DBG] Buffering 31%
[DBG] Buffering 36%
[DBG] control type=35
[DBG] Buffering 41%
[DBG] control type=35
[DBG] Received first picture
9:57:07.436 PM [framestep] nextFrameStepped result=0 time=19537 ms
[DBG] Buffering 45%
[DBG] Buffering 50%
[DBG] control type=35
[DBG] Buffering 53%
[DBG] control type=35
[DBG] control type=35
[DBG] control type=35
[DBG] control type=35
[DBG] control type=35
[DBG] control type=35
[DBG] Buffering 69%
[DBG] control type=35
[DBG] control type=35
[DBG] control type=35
[DBG] control type=35
[DBG] control type=35
[DBG] control type=35
[DBG] control type=35
[DBG] Buffering 75%
[DBG] control type=35
[DBG] Buffering 78%
[DBG] control type=35
[DBG] control type=35
[DBG] Buffering 81%
[DBG] control type=35
[DBG] Buffering 86%
[DBG] control type=35
[DBG] Buffering 91%
[DBG] control type=35
[DBG] Buffering 95%
[DBG] control type=35
[DBG] Buffering 97%
[DBG] control type=35
[DBG] control type=35
[DBG] Stream buffering done (1001 ms in 14 ms)
9:57:07.444 PM [player] buffering 1.0
[DBG] Decoder wait done in 0 ms
[DBG] control type=35
[ERR] ES_OUT_SET_(GROUP_)PCR  is called 9068 ms late (jitter of 9049 ms ignored)
[DBG] ES_OUT_RESET_PCR called
9:57:07.445 PM [player] buffering 0.0
[DBG] control type=35
[DBG] control type=35
[DBG] control type=35
[DBG] control type=35
[DBG] control type=35
[DBG] control type=35
[DBG] control type=35
[DBG] control type=35
[DBG] control type=35
[DBG] control type=35
[DBG] control type=35
9:57:07.448 PM [player] buffering 0.0
[DBG] Buffering 0%
[DBG] control type=35
[DBG] control type=35
[DBG] control type=35
[DBG] control type=35
[DBG] Buffering 1%
[DBG] Buffering 8%
[DBG] Buffering 9%
[DBG] Buffering 11%
[DBG] control type=35
[DBG] Buffering 14%
[DBG] control type=35
[DBG] Buffering 19%
[DBG] control type=35
[DBG] Buffering 24%
[DBG] control type=35
[DBG] Received first picture
9:57:07.451 PM [framestep] nextFrameStepped result=0 time=19537 ms
[DBG] control type=35
[DBG] control type=35
[DBG] Buffering 28%
[DBG] Buffering 33%
[DBG] control type=35
[DBG] control type=35
[DBG] Buffering 36%
[DBG] control type=35
[DBG] control type=35
[DBG] control type=35
[DBG] control type=35
[DBG] control type=35
[DBG] control type=35
[DBG] Buffering 51%
[DBG] control type=35
[DBG] control type=35
[DBG] control type=35
[DBG] control type=35
[DBG] control type=35
[DBG] control type=35
[DBG] control type=35
[DBG] control type=35
[DBG] Buffering 58%
[DBG] Buffering 60%
[DBG] control type=35
[DBG] control type=35
[DBG] Buffering 61%
[DBG] control type=35
[DBG] Buffering 64%
[DBG] control type=35
[DBG] control type=35
[DBG] control type=35
[DBG] Buffering 69%
[DBG] control type=35
[DBG] control type=35
[DBG] Buffering 74%
[DBG] Buffering 78%
[DBG] control type=35
[DBG] control type=35
[DBG] Buffering 80%
[DBG] Buffering 83%
[DBG] control type=35
[DBG] control type=35
[DBG] Buffering 86%
[DBG] control type=35
[DBG] control type=35
[DBG] control type=35
[DBG] control type=35
[DBG] Stream buffering done (1024 ms in 16 ms)
9:57:07.465 PM [player] buffering 1.0
[DBG] Decoder wait done in 0 ms
[DBG] control type=35
[DBG] control type=35
[DBG] control type=35
[DBG] control type=35
[DBG] control type=35
[ERR] ES_OUT_SET_(GROUP_)PCR  is called 9046 ms late (jitter of 9049 ms ignored)
[DBG] ES_OUT_RESET_PCR called
9:57:07.470 PM [player] buffering 0.0
[DBG] control type=35
[DBG] control type=35
[DBG] control type=35
9:57:07.470 PM [player] buffering 0.0
[DBG] Buffering 0%
[DBG] control type=35
[DBG] control type=35
[DBG] control type=35
[DBG] control type=35
[DBG] control type=35
[DBG] Buffering 3%
[DBG] control type=35
[DBG] control type=35
[DBG] Buffering 8%
[DBG] control type=35
[DBG] control type=35
[DBG] control type=35
[DBG] control type=35
[DBG] control type=35
[DBG] Buffering 13%
[DBG] control type=35
[DBG] control type=35
[DBG] control type=35
[DBG] control type=35
[DBG] control type=35
[DBG] Buffering 16%
[DBG] control type=35
[DBG] control type=35
[DBG] control type=35
[DBG] Buffering 19%
[DBG] control type=35
[DBG] control type=35
[DBG] control type=35
[DBG] control type=35
[DBG] control type=35
[DBG] control type=35
[DBG] Buffering 21%
[DBG] control type=35
[DBG] control type=35
[DBG] Buffering 25%
[DBG] control type=35
[DBG] control type=35
[DBG] control type=35
[DBG] control type=35
[DBG] control type=35
[DBG] control type=35
[DBG] control type=35
[DBG] control type=35
[DBG] control type=35
[DBG] control type=35
[DBG] control type=35
[DBG] control type=35
[DBG] control type=35
[DBG] control type=35
[DBG] control type=35
[DBG] control type=35
[DBG] control type=35
[DBG] control type=35
[DBG] control type=35
[DBG] control type=35
[DBG] Buffering 38%
[DBG] control type=35
[DBG] control type=35
[DBG] control type=35
[DBG] control type=35
[DBG] control type=35
[DBG] control type=35
[DBG] control type=35
[DBG] control type=35
[DBG] control type=35
[DBG] control type=35
[DBG] control type=35
[DBG] control type=35
[DBG] Buffering 40%
[DBG] control type=35
[DBG] control type=35
[DBG] control type=35
[DBG] control type=35
[DBG] Buffering 46%
[DBG] control type=35
[DBG] Buffering 48%
[DBG] control type=35
[DBG] Buffering 50%
[DBG] Buffering 53%
[DBG] Received first picture
9:57:07.483 PM [framestep] nextFrameStepped result=0 time=19537 ms
[DBG] Buffering 58%
[DBG] control type=35
[DBG] control type=35
[DBG] control type=35
[DBG] Buffering 63%
[DBG] control type=35
[DBG] control type=35
[DBG] Buffering 66%
[DBG] control type=35
[DBG] Buffering 71%
[DBG] control type=35
[DBG] control type=35
[DBG] Buffering 75%
[DBG] control type=35
[DBG] control type=35
[DBG] control type=35
[DBG] control type=35
[DBG] control type=35
[DBG] control type=35
[DBG] Buffering 90%
[DBG] control type=35
[DBG] control type=35
[DBG] control type=35
[DBG] control type=35
[DBG] control type=35
[DBG] control type=35
[DBG] Buffering 96%
[DBG] control type=35
[DBG] control type=35
[DBG] Buffering 99%
[DBG] control type=35
[DBG] control type=35
[DBG] control type=35
[DBG] Stream buffering done (1001 ms in 21 ms)
9:57:07.492 PM [player] buffering 1.0
[DBG] Decoder wait done in 0 ms
[DBG] control type=35
[ERR] ES_OUT_SET_(GROUP_)PCR  is called 9115 ms late (jitter of 9068 ms ignored)
[DBG] ES_OUT_RESET_PCR called
9:57:07.492 PM [player] buffering 0.0
[DBG] control type=35
[DBG] control type=35
9:57:07.492 PM [player] buffering 0.0
[DBG] Buffering 0%
[DBG] control type=35
[DBG] control type=35
[DBG] control type=35
[DBG] control type=35
[DBG] control type=35
[DBG] Buffering 5%
[DBG] control type=35
[DBG] control type=35
[DBG] control type=35
[DBG] control type=35
[DBG] Buffering 8%
[DBG] control type=35
[DBG] control type=35
[DBG] control type=35
[DBG] control type=35
[DBG] Buffering 10%
[DBG] control type=35
[DBG] control type=35
[DBG] control type=35
[DBG] control type=35
[DBG] control type=35
[DBG] Buffering 13%
[DBG] control type=35
[DBG] control type=35
[DBG] Buffering 16%
[DBG] control type=35
[DBG] control type=35
[DBG] control type=35
[DBG] control type=35
[DBG] control type=35
[DBG] control type=35
[DBG] control type=35
[DBG] control type=35
[DBG] control type=35
[DBG] control type=35
[DBG] control type=35
[DBG] control type=35
[DBG] Buffering 32%
[DBG] control type=35
[DBG] control type=35
[DBG] control type=35
[DBG] control type=35
[DBG] control type=35
[DBG] Buffering 38%
[DBG] Buffering 41%
[DBG] control type=35
[DBG] control type=35
[DBG] Buffering 45%
[DBG] Buffering 50%
[DBG] Received first picture
9:57:07.499 PM [framestep] nextFrameStepped result=0 time=19537 ms
[DBG] Buffering 52%
[DBG] Buffering 55%
[DBG] control type=35
[DBG] Buffering 58%
[DBG] Buffering 61%
[DBG] control type=35
[DBG] control type=35
[DBG] Buffering 63%
[DBG] control type=35
[DBG] Buffering 66%
[DBG] control type=35
[DBG] control type=35
[DBG] control type=35
[DBG] Buffering 80%
[DBG] control type=35
[DBG] control type=35
[DBG] control type=35
[DBG] control type=35
[DBG] control type=35
[DBG] control type=35
[DBG] control type=35
[DBG] control type=35
[DBG] Buffering 81%
[DBG] control type=35
[DBG] Buffering 88%
[DBG] control type=35
[DBG] control type=35
[DBG] control type=35
[DBG] Buffering 90%
[DBG] control type=35
[DBG] Buffering 91%
[DBG] control type=35
[DBG] Buffering 95%
[DBG] control type=35
[DBG] Stream buffering done (1000 ms in 14 ms)
9:57:07.507 PM [player] buffering 1.0
[DBG] Decoder wait done in 0 ms
[DBG] control type=35
[ERR] ES_OUT_SET_(GROUP_)PCR  is called 9163 ms late (jitter of 9115 ms ignored)
[DBG] ES_OUT_RESET_PCR called
9:57:07.507 PM [player] buffering 0.0
[DBG] control type=35
[DBG] control type=35
[DBG] control type=35
[DBG] control type=35
[DBG] control type=35
[DBG] control type=35
[DBG] Buffering 0%
9:57:07.514 PM [player] buffering 0.0
[DBG] control type=35
[DBG] control type=35
[DBG] control type=35
[DBG] control type=35
[DBG] control type=35
[DBG] control type=35
[DBG] control type=35
[DBG] Buffering 3%
[DBG] control type=35
[DBG] control type=35
[DBG] control type=35
[DBG] control type=35
[DBG] Buffering 8%
[DBG] control type=35
[DBG] control type=35
[DBG] control type=35
[DBG] Buffering 11%
[DBG] control type=35
[DBG] control type=35
[DBG] control type=35
[DBG] control type=35
[DBG] control type=35
[DBG] control type=35
[DBG] Buffering 26%
[DBG] control type=35
[DBG] control type=35
[DBG] control type=35
[DBG] control type=35
[DBG] control type=35
[DBG] control type=35
[DBG] control type=35
[DBG] Buffering 33%
[DBG] Buffering 36%
[DBG] control type=35
[DBG] Received first picture
9:57:07.518 PM [framestep] nextFrameStepped result=0 time=19537 ms
[DBG] Buffering 40%
[DBG] control type=35
[DBG] control type=35
[DBG] Buffering 45%
[DBG] control type=35
[DBG] Buffering 50%
[DBG] control type=35
[DBG] control type=35
[DBG] control type=35
[DBG] Buffering 53%
[DBG] control type=35
[DBG] Buffering 55%
[DBG] control type=35
[DBG] control type=35
[DBG] Buffering 58%
[DBG] Buffering 61%
[DBG] control type=35
[DBG] control type=35
[DBG] control type=35
[DBG] control type=35
[DBG] control type=35
[DBG] control type=35
[DBG] control type=35
[DBG] control type=35
[DBG] control type=35
[DBG] control type=35
[DBG] control type=35
[DBG] control type=35
[DBG] control type=35
[DBG] control type=35
[DBG] control type=35
[DBG] Buffering 78%
[DBG] control type=35
[DBG] control type=35
[DBG] control type=35
[DBG] control type=35
[DBG] control type=35
[DBG] Buffering 83%
[DBG] Buffering 86%
[DBG] control type=35
[DBG] control type=35
[DBG] Buffering 90%
[DBG] control type=35
[DBG] control type=35
[DBG] Buffering 95%
[DBG] control type=35
[DBG] Buffering 97%
[DBG] control type=35
[DBG] Stream buffering done (1001 ms in 12 ms)
9:57:07.526 PM [player] buffering 1.0
[DBG] Decoder wait done in 0 ms
[ERR] ES_OUT_SET_(GROUP_)PCR  is called 9151 ms late (jitter of 9151 ms ignored)
[DBG] ES_OUT_RESET_PCR called
9:57:07.529 PM [player] buffering 0.0
[DBG] control type=35
[DBG] control type=35
[DBG] control type=35
[DBG] control type=35
9:57:07.530 PM [player] buffering 0.0
[DBG] Buffering 0%
[DBG] control type=35
[DBG] control type=35
[DBG] Buffering 1%
[DBG] control type=35
[DBG] control type=35
[DBG] control type=35
[DBG] Buffering 4%
[DBG] control type=35
[DBG] control type=35
[DBG] control type=35
[DBG] control type=35
[DBG] control type=35
[DBG] control type=35
[DBG] control type=35
[DBG] control type=35
[DBG] control type=35
[DBG] control type=35
[DBG] Buffering 19%
[DBG] control type=35
[DBG] control type=35
[DBG] control type=35
[DBG] control type=35
[DBG] Buffering 26%
[DBG] Buffering 28%
[DBG] control type=35
[DBG] Buffering 29%
[DBG] Buffering 33%
[DBG] Buffering 38%
[DBG] control type=35
[DBG] Received first picture
9:57:07.535 PM [framestep] nextFrameStepped result=0 time=19537 ms
[DBG] control type=35
[DBG] Buffering 43%
[DBG] control type=35
[DBG] control type=35
[DBG] Buffering 46%
[DBG] control type=35
[DBG] control type=35
[DBG] Buffering 51%
[DBG] Buffering 54%
[DBG] control type=35
[DBG] control type=35
[DBG] control type=35
[DBG] control type=35
[DBG] control type=35
[DBG] control type=35
[DBG] control type=35
[DBG] control type=35
[DBG] Buffering 70%
[DBG] control type=35
[DBG] control type=35
[DBG] control type=35
[DBG] control type=35
[DBG] Buffering 76%
[DBG] control type=35
[DBG] control type=35
[DBG] Buffering 79%
[DBG] control type=35
[DBG] Buffering 83%
[DBG] control type=35
[DBG] control type=35
[DBG] Buffering 88%
[DBG] control type=35
[DBG] control type=35
[DBG] Buffering 93%
[DBG] control type=35
[DBG] control type=35
[DBG] Buffering 96%
[DBG] Buffering 99%
[DBG] control type=35
[DBG] control type=35
[DBG] Stream buffering done (1016 ms in 15 ms)
9:57:07.545 PM [player] buffering 1.0
[DBG] Decoder wait done in 0 ms
[ERR] ES_OUT_SET_(GROUP_)PCR  is called 9153 ms late (jitter of 9153 ms ignored)
[DBG] ES_OUT_RESET_PCR called
9:57:07.546 PM [player] buffering 0.0
[DBG] control type=35
[DBG] control type=35
[DBG] control type=35
[DBG] control type=35
[DBG] control type=35
[DBG] control type=35
[DBG] control type=35
[DBG] control type=35
[DBG] control type=35
[DBG] control type=35
9:57:07.550 PM [player] buffering 0.0
[DBG] Buffering 0%
[DBG] control type=35
[DBG] control type=35
[DBG] control type=35
[DBG] control type=35
[DBG] control type=35
[DBG] Received first picture
9:57:07.553 PM [framestep] nextFrameStepped result=0 time=19537 ms
[DBG] Buffering 5%
[DBG] control type=35
[DBG] control type=35
[DBG] control type=35
[DBG] Buffering 8%
[DBG] control type=35
[DBG] control type=35
[DBG] Buffering 11%
[DBG] control type=35
[DBG] Buffering 16%
[DBG] Buffering 19%
[DBG] control type=35
[DBG] control type=35
[DBG] Buffering 21%
[DBG] Buffering 25%
[DBG] control type=35
[DBG] control type=35
[DBG] control type=35
[DBG] control type=35
[DBG] Buffering 28%
[DBG] control type=35
[DBG] Buffering 30%
[DBG] control type=35
[DBG] Buffering 33%
[DBG] control type=35
[DBG] control type=35
[DBG] control type=35
[DBG] control type=35
[DBG] control type=35
[DBG] control type=35
[DBG] control type=35
[DBG] Buffering 48%
[DBG] control type=35
[DBG] control type=35
[DBG] control type=35
[DBG] control type=35
[DBG] control type=35
[DBG] control type=35
[DBG] Buffering 55%
[DBG] control type=35
[DBG] control type=35
[DBG] Buffering 57%
[DBG] control type=35
[DBG] control type=35
[DBG] Buffering 58%
[DBG] Buffering 61%
[DBG] control type=35
[DBG] control type=35
[DBG] Buffering 66%
[DBG] control type=35
[DBG] control type=35
[DBG] Buffering 71%
[DBG] control type=35
[DBG] control type=35
[DBG] control type=35
[DBG] control type=35
[DBG] Buffering 75%
[DBG] Buffering 80%
[DBG] control type=35
[DBG] control type=35
[DBG] Buffering 83%
[DBG] control type=35
[DBG] control type=35
[DBG] control type=35
[DBG] control type=35
[DBG] control type=35
[DBG] control type=35
[DBG] Buffering 99%
[DBG] control type=35
[DBG] control type=35
[DBG] control type=35
[DBG] control type=35
[DBG] control type=35
[DBG] control type=35
[DBG] control type=35
9:57:07.570 PM [player] buffering 1.0
[DBG] Stream buffering done (1051 ms in 20 ms)
[DBG] Decoder wait done in 0 ms
[DBG] control type=35
[DBG] control type=35
[DBG] control type=35
[ERR] ES_OUT_SET_(GROUP_)PCR  is called 9142 ms late (jitter of 9151 ms ignored)
[DBG] ES_OUT_RESET_PCR called
9:57:07.570 PM [player] buffering 0.0
[DBG] control type=35
[DBG] control type=35
[DBG] control type=35
[DBG] control type=35
[DBG] control type=35
[DBG] control type=35
[DBG] Buffering 0%
9:57:07.571 PM [player] buffering 0.0
[DBG] control type=35
[DBG] control type=35
[DBG] control type=35
[DBG] control type=35
[DBG] control type=35
[DBG] control type=35
[DBG] control type=35
[DBG] Buffering 4%
[DBG] control type=35
[DBG] control type=35
[DBG] control type=35
[DBG] Buffering 9%
[DBG] control type=35
[DBG] control type=35
[DBG] control type=35
[DBG] control type=35
[DBG] control type=35
[DBG] Buffering 13%
[DBG] control type=35
[DBG] control type=35
[DBG] Buffering 16%
[DBG] control type=35
[DBG] control type=35
[DBG] control type=35
[DBG] Buffering 18%
[DBG] control type=35
[DBG] Buffering 21%
[DBG] control type=35
[DBG] control type=35
[DBG] control type=35
[DBG] control type=35
[DBG] control type=35
[DBG] control type=35
[DBG] control type=35
[DBG] control type=35
[DBG] control type=35
[DBG] control type=35
[DBG] control type=35
[DBG] control type=35
[DBG] control type=35
[DBG] control type=35
[DBG] control type=35
[DBG] Buffering 35%
[DBG] control type=35
[DBG] control type=35
[DBG] control type=35
[DBG] control type=35
[DBG] control type=35
[DBG] control type=35
[DBG] Buffering 36%
[DBG] Buffering 43%
[DBG] Buffering 44%
[DBG] Buffering 46%
[DBG] control type=35
[DBG] Received first picture
9:57:07.583 PM [framestep] nextFrameStepped result=0 time=19537 ms
[DBG] control type=35
[DBG] control type=35
[DBG] Buffering 50%
[DBG] control type=35
[DBG] control type=35
[DBG] Buffering 54%
[DBG] control type=35
[DBG] control type=35
[DBG] Buffering 55%
[DBG] Buffering 60%
[DBG] control type=35
[DBG] control type=35
[DBG] control type=35
[DBG] control type=35
[DBG] control type=35
[DBG] control type=35
[DBG] Buffering 63%
[DBG] control type=35
[DBG] Buffering 68%
[DBG] control type=35
[DBG] Buffering 71%
[DBG] control type=35
[DBG] control type=35
[DBG] control type=35
[DBG] Buffering 86%
[DBG] control type=35
[DBG] control type=35
[DBG] control type=35
[DBG] control type=35
[DBG] control type=35
[DBG] Buffering 93%
[DBG] control type=35
[DBG] control type=35
[DBG] control type=35
[DBG] Buffering 96%
[DBG] control type=35
[DBG] control type=35
[DBG] control type=35
9:57:07.591 PM [player] buffering 1.0
[DBG] Stream buffering done (1001 ms in 19 ms)
[DBG] Decoder wait done in 0 ms
[ERR] ES_OUT_SET_(GROUP_)PCR  is called 9198 ms late (jitter of 9153 ms ignored)
[DBG] ES_OUT_RESET_PCR called
9:57:07.591 PM [player] buffering 0.0
[DBG] control type=35
[DBG] control type=35
[DBG] control type=35
[DBG] control type=35
[DBG] control type=35
[DBG] control type=35
9:57:07.593 PM [player] buffering 0.0
[DBG] Buffering 0%
[DBG] control type=35
[DBG] control type=35
[DBG] control type=35
[DBG] control type=35
[DBG] control type=35
[DBG] control type=35
[DBG] control type=35
[DBG] control type=35
[DBG] Buffering 3%
[DBG] control type=35
[DBG] control type=35
[DBG] Buffering 5%
[DBG] control type=35
[DBG] control type=35
[DBG] control type=35
[DBG] control type=35
[DBG] control type=35
[DBG] Buffering 8%
[DBG] control type=35
[DBG] control type=35
[DBG] control type=35
[DBG] Buffering 11%
[DBG] control type=35
[DBG] control type=35
[DBG] control type=35
[DBG] control type=35
[DBG] control type=35
[DBG] control type=35
[DBG] control type=35
[DBG] Buffering 27%
[DBG] control type=35
[DBG] control type=35
[DBG] control type=35
[DBG] control type=35
[DBG] control type=35
[DBG] control type=35
[DBG] control type=35
[DBG] control type=35
[DBG] Buffering 33%
[DBG] control type=35
[DBG] Buffering 36%
[DBG] control type=35
[DBG] Received first picture
9:57:07.606 PM [framestep] nextFrameStepped result=0 time=19537 ms
[DBG] Buffering 40%
[DBG] control type=35
[DBG] Buffering 45%
[DBG] Buffering 46%
[DBG] control type=35
[DBG] control type=35
[DBG] control type=35
[DBG] Buffering 50%
[DBG] control type=35
[DBG] control type=35
[DBG] Buffering 53%
[DBG] control type=35
[DBG] Buffering 56%
[DBG] control type=35
[DBG] control type=35
[DBG] Buffering 58%
[DBG] Buffering 61%
[DBG] control type=35
[DBG] control type=35
[DBG] control type=35
[DBG] control type=35
[DBG] control type=35
[DBG] control type=35
[DBG] control type=35
[DBG] Buffering 75%
[DBG] control type=35
[DBG] control type=35
[DBG] control type=35
[DBG] control type=35
[DBG] control type=35
[DBG] control type=35
[DBG] control type=35
[DBG] Buffering 76%
[DBG] control type=35
[DBG] Buffering 83%
[DBG] control type=35
[DBG] Buffering 85%
[DBG] control type=35
[DBG] Buffering 86%
[DBG] control type=35
[DBG] Buffering 90%
[DBG] control type=35
[DBG] Buffering 94%
[DBG] control type=35
[DBG] Buffering 95%
[DBG] Stream buffering done (1001 ms in 30 ms)
9:57:07.623 PM [player] buffering 1.0
[DBG] Decoder wait done in 0 ms
[DBG] control type=35
[DBG] control type=35
[DBG] control type=35
[ERR] ES_OUT_SET_(GROUP_)PCR  is called 9247 ms late (jitter of 9198 ms ignored)
[DBG] ES_OUT_RESET_PCR called
9:57:07.624 PM [player] buffering 0.0
[DBG] control type=35
[DBG] control type=35
[DBG] control type=35
[DBG] Buffering 0%
9:57:07.625 PM [player] buffering 0.0
[DBG] control type=35
[DBG] control type=35
[DBG] Buffering 3%
[DBG] control type=35
[DBG] control type=35
[DBG] control type=35
[DBG] control type=35
[DBG] control type=35
[DBG] control type=35
[DBG] control type=35
[DBG] control type=35
[DBG] control type=35
[DBG] control type=35
[DBG] control type=35
[DBG] control type=35
[DBG] control type=35
[DBG] control type=35
[DBG] control type=35
[DBG] control type=35
[DBG] control type=35
[DBG] control type=35
[DBG] Buffering 18%
[DBG] control type=35
[DBG] control type=35
[DBG] control type=35
[DBG] control type=35
[DBG] control type=35
[DBG] Buffering 25%
[DBG] control type=35
[DBG] Received first picture
9:57:07.631 PM [framestep] nextFrameStepped result=0 time=19537 ms
[DBG] Buffering 28%
[DBG] control type=35
[DBG] Buffering 31%
[DBG] control type=35
[DBG] control type=35
[DBG] Buffering 36%
[DBG] control type=35
[DBG] control type=35
[DBG] control type=35
[DBG] Buffering 41%
[DBG] control type=35
[DBG] control type=35
[DBG] Buffering 45%
[DBG] control type=35
[DBG] control type=35
[DBG] control type=35
[DBG] control type=35
[DBG] Buffering 47%
[DBG] Buffering 50%
[DBG] control type=35
[DBG] Buffering 53%
[DBG] control type=35
[DBG] control type=35
[DBG] control type=35
[DBG] control type=35
[DBG] control type=35
[DBG] control type=35
[DBG] control type=35
[DBG] Buffering 69%
[DBG] control type=35
[DBG] control type=35
[DBG] Buffering 75%
[DBG] control type=35
[DBG] control type=35
[DBG] control type=35
[DBG] Buffering 78%
[DBG] control type=35
[DBG] Buffering 81%
[DBG] control type=35
[DBG] Buffering 86%
[DBG] control type=35
[DBG] Buffering 88%
[DBG] control type=35
[DBG] control type=35
[DBG] Buffering 91%
[DBG] control type=35
[DBG] Buffering 95%
[DBG] control type=35
[DBG] control type=35
[DBG] Buffering 98%
[DBG] control type=35
[DBG] control type=35
[DBG] Stream buffering done (1001 ms in 22 ms)
9:57:07.647 PM [player] buffering 1.0
[DBG] Decoder wait done in 0 ms
[ERR] ES_OUT_SET_(GROUP_)PCR  is called 9271 ms late (jitter of 9247 ms ignored)
[DBG] ES_OUT_RESET_PCR called
9:57:07.648 PM [player] buffering 0.0
[DBG] control type=35
[DBG] control type=35
[DBG] control type=35
[DBG] control type=35
[DBG] control type=35
[DBG] control type=35
[DBG] control type=35
[DBG] control type=35
[DBG] control type=35
[DBG] control type=35
9:57:07.651 PM [player] buffering 0.0
[DBG] Buffering 0%
[DBG] control type=35
[DBG] control type=35
[DBG] control type=35
[DBG] control type=35
[DBG] Buffering 7%
[DBG] control type=35
[DBG] Buffering 9%
[DBG] Buffering 10%
[DBG] control type=35
[DBG] Buffering 14%
[DBG] Buffering 19%
[DBG] control type=35
[DBG] control type=35
[DBG] Buffering 24%
[DBG] control type=35
[DBG] Received first picture
9:57:07.654 PM [framestep] nextFrameStepped result=0 time=19537 ms
[DBG] Buffering 27%
[DBG] control type=35
[DBG] control type=35
[DBG] control type=35
[DBG] Buffering 32%
[DBG] Buffering 35%
[DBG] control type=35
[DBG] control type=35
[DBG] control type=35
[DBG] control type=35
[DBG] control type=35
[DBG] control type=35
[DBG] control type=35
[DBG] Buffering 51%
[DBG] control type=35
[DBG] control type=35
[DBG] control type=35
[DBG] control type=35
[DBG] control type=35
[DBG] control type=35
[DBG] control type=35
[DBG] Buffering 57%
[DBG] Buffering 60%
[DBG] control type=35
[DBG] control type=35
[DBG] control type=35
[DBG] control type=35
[DBG] Buffering 64%
[DBG] control type=35
[DBG] Buffering 69%
[DBG] control type=35
[DBG] control type=35
[DBG] Buffering 74%
[DBG] control type=35
[DBG] Buffering 77%
[DBG] control type=35
[DBG] Buffering 80%
[DBG] control type=35
[DBG] Buffering 82%
[DBG] control type=35
[DBG] control type=35
[DBG] Buffering 85%
[DBG] control type=35
[DBG] control type=35
[DBG] control type=35
[DBG] Stream buffering done (1024 ms in 15 ms)
9:57:07.667 PM [player] buffering 1.0
[DBG] Decoder wait done in 0 ms
[DBG] control type=35
[DBG] control type=35
[DBG] control type=35
[DBG] control type=35
[DBG] control type=35
[ERR] ES_OUT_SET_(GROUP_)PCR  is called 9251 ms late (jitter of 9251 ms ignored)
[DBG] ES_OUT_RESET_PCR called
9:57:07.670 PM [player] buffering 0.0
[DBG] control type=35
[DBG] control type=35
[DBG] control type=35
[DBG] control type=35
[DBG] control type=35
[DBG] Buffering 0%
9:57:07.670 PM [player] buffering 0.0
[DBG] control type=35
[DBG] control type=35
[DBG] control type=35
[DBG] control type=35
[DBG] control type=35
[DBG] control type=35
[DBG] Buffering 3%
[DBG] control type=35
[DBG] control type=35
[DBG] control type=35
[DBG] control type=35
[DBG] Buffering 8%
[DBG] control type=35
[DBG] control type=35
[DBG] control type=35
[DBG] Buffering 10%
[DBG] control type=35
[DBG] control type=35
[DBG] Buffering 13%
[DBG] control type=35
[DBG] Buffering 16%
[DBG] control type=35
[DBG] control type=35
[DBG] control type=35
[DBG] control type=35
[DBG] control type=35
[DBG] Buffering 20%
[DBG] control type=35
[DBG] control type=35
[DBG] control type=35
[DBG] control type=35
[DBG] control type=35
[DBG] Buffering 21%
[DBG] control type=35
[DBG] control type=35
[DBG] Buffering 25%
[DBG] control type=35
[DBG] control type=35
[DBG] control type=35
[DBG] control type=35
[DBG] control type=35
[DBG] control type=35
[DBG] control type=35
[DBG] Buffering 39%
[DBG] control type=35
[DBG] control type=35
[DBG] control type=35
[DBG] control type=35
[DBG] control type=35
[DBG] control type=35
[DBG] control type=35
[DBG] control type=35
[DBG] Buffering 40%
[DBG] Buffering 46%
[DBG] control type=35
[DBG] Buffering 49%
[DBG] control type=35
[DBG] control type=35
[DBG] Buffering 50%
[DBG] Buffering 53%
[DBG] control type=35
[DBG] Received first picture
9:57:07.681 PM [framestep] nextFrameStepped result=0 time=19537 ms
[DBG] Buffering 58%
[DBG] control type=35
[DBG] control type=35
[DBG] control type=35
[DBG] control type=35
[DBG] Buffering 63%
[DBG] control type=35
[DBG] control type=35
[DBG] control type=35
[DBG] Buffering 66%
[DBG] Buffering 71%
[DBG] control type=35
[DBG] control type=35
[DBG] Buffering 75%
[DBG] control type=35
[DBG] control type=35
[DBG] control type=35
[DBG] control type=35
[DBG] control type=35
[DBG] control type=35
[DBG] control type=35
[DBG] control type=35
[DBG] control type=35
[DBG] control type=35
[DBG] control type=35
[DBG] Buffering 90%
[DBG] control type=35
[DBG] control type=35
[DBG] control type=35
[DBG] control type=35
[DBG] control type=35
[DBG] Buffering 96%
9:57:07.688 PM [player] buffering 1.0
[DBG] Stream buffering done (1001 ms in 18 ms)
[DBG] Decoder wait done in 0 ms
[DBG] control type=35
[DBG] control type=35
[DBG] control type=35
[ERR] ES_OUT_SET_(GROUP_)PCR  is called 9314 ms late (jitter of 9271 ms ignored)
[DBG] ES_OUT_RESET_PCR called
9:57:07.691 PM [player] buffering 0.0
[DBG] control type=35
[DBG] control type=35
[DBG] control type=35
[DBG] control type=35
[DBG] control type=35
[DBG] Buffering 0%
9:57:07.691 PM [player] buffering 0.0
[DBG] control type=35
[DBG] control type=35
[DBG] control type=35
[DBG] control type=35
[DBG] control type=35
[DBG] Buffering 5%
[DBG] control type=35
[DBG] control type=35
[DBG] control type=35
[DBG] control type=35
[DBG] Buffering 8%
[DBG] control type=35
[DBG] control type=35
[DBG] Buffering 11%
[DBG] control type=35
[DBG] control type=35
[DBG] control type=35
[DBG] Buffering 13%
[DBG] control type=35
[DBG] Buffering 16%
[DBG] control type=35
[DBG] control type=35
[DBG] control type=35
[DBG] control type=35
[DBG] control type=35
[DBG] control type=35
[DBG] control type=35
[DBG] Buffering 30%
[DBG] control type=35
[DBG] control type=35
[DBG] control type=35
[DBG] control type=35
[DBG] control type=35
[DBG] control type=35
[DBG] control type=35
[DBG] control type=35
[DBG] Buffering 31%
[DBG] control type=35
[DBG] control type=35
[DBG] Buffering 38%
[DBG] control type=35
[DBG] Buffering 39%
[DBG] control type=35
[DBG] Buffering 41%
[DBG] Buffering 45%
[DBG] Buffering 49%
[DBG] control type=35
[DBG] control type=35
[DBG] Buffering 50%
[DBG] Buffering 55%
[DBG] control type=35
[DBG] Received first picture
9:57:07.699 PM [framestep] nextFrameStepped result=0 time=19537 ms
[DBG] control type=35
[DBG] control type=35
[DBG] Buffering 58%
[DBG] control type=35
[DBG] Buffering 63%
[DBG] control type=35
[DBG] control type=35
[DBG] control type=35
[DBG] Buffering 66%
[DBG] control type=35
[DBG] control type=35
[DBG] control type=35
[DBG] control type=35
[DBG] control type=35
[DBG] control type=35
[DBG] control type=35
[DBG] control type=35
[DBG] control type=35
[DBG] control type=35
[DBG] Buffering 81%
[DBG] control type=35
[DBG] control type=35
[DBG] control type=35
[DBG] control type=35
[DBG] control type=35
[DBG] control type=35
[DBG] Buffering 88%
[DBG] Buffering 91%
[DBG] control type=35
[DBG] control type=35
[DBG] control type=35
[DBG] Buffering 95%
[DBG] control type=35
9:57:07.711 PM [player] buffering 1.0
[DBG] Stream buffering done (1001 ms in 20 ms)
[DBG] Decoder wait done in 0 ms
[DBG] control type=35
[DBG] control type=35
[ERR] ES_OUT_SET_(GROUP_)PCR  is called 9318 ms late (jitter of 9314 ms ignored)
[DBG] ES_OUT_RESET_PCR called
9:57:07.712 PM [player] buffering 0.0
[DBG] control type=35
[DBG] control type=35
[DBG] control type=35
[DBG] control type=35
[DBG] control type=35
[DBG] Buffering 0%
9:57:07.713 PM [player] buffering 0.0
[DBG] control type=35
[DBG] control type=35
[DBG] control type=35
[DBG] Buffering 1%
[DBG] control type=35
[DBG] control type=35
[DBG] control type=35
[DBG] control type=35
[DBG] Buffering 4%
[DBG] control type=35
[DBG] control type=35
[DBG] Buffering 8%
[DBG] control type=35
[DBG] control type=35
[DBG] control type=35
[DBG] control type=35
[DBG] control type=35
[DBG] control type=35
[DBG] control type=35
[DBG] control type=35
[DBG] control type=35
[DBG] control type=35
[DBG] control type=35
[DBG] control type=35
[DBG] Buffering 24%
[DBG] control type=35
[DBG] control type=35
[DBG] control type=35
[DBG] control type=35
[DBG] control type=35
[DBG] Buffering 29%
[DBG] Buffering 33%
[DBG] control type=35
[DBG] Buffering 36%
[DBG] control type=35
[DBG] Buffering 41%
[DBG] control type=35
[DBG] Received first picture
9:57:07.720 PM [framestep] nextFrameStepped result=0 time=19537 ms
[DBG] Buffering 46%
[DBG] control type=35
[DBG] Buffering 50%
[DBG] control type=35
[DBG] Buffering 52%
[DBG] control type=35
[DBG] Buffering 55%
[DBG] control type=35
[DBG] Buffering 58%
[DBG] control type=35
[DBG] control type=35
[DBG] control type=35
[DBG] control type=35
[DBG] control type=35
[DBG] control type=35
[DBG] control type=35
[DBG] control type=35
[DBG] control type=35
[DBG] Buffering 72%
[DBG] control type=35
[DBG] control type=35
[DBG] control type=35
[DBG] control type=35
[DBG] control type=35
[DBG] Buffering 73%
[DBG] control type=35
[DBG] Buffering 80%
[DBG] control type=35
[DBG] Buffering 81%
[DBG] control type=35
[DBG] control type=35
[DBG] Buffering 83%
[DBG] Buffering 86%
[DBG] control type=35
[DBG] control type=35
[DBG] Buffering 91%
[DBG] control type=35
[DBG] control type=35
[DBG] Buffering 96%
[DBG] control type=35
[DBG] control type=35
9:57:07.731 PM [player] buffering 1.0
[DBG] Stream buffering done (1001 ms in 17 ms)
[DBG] Decoder wait done in 0 ms
[ERR] ES_OUT_SET_(GROUP_)PCR  is called 9337 ms late (jitter of 9318 ms ignored)
[DBG] ES_OUT_RESET_PCR called
9:57:07.731 PM [player] buffering 0.0
[DBG] control type=35
[DBG] control type=35
[DBG] control type=35
[DBG] control type=35
[DBG] Buffering 0%
9:57:07.731 PM [player] buffering 0.0
[DBG] control type=35
[DBG] control type=35
[DBG] control type=35
[DBG] control type=35
[DBG] control type=35
[DBG] control type=35
[DBG] control type=35
[DBG] control type=35
[DBG] control type=35
[DBG] control type=35
[DBG] control type=35
[DBG] control type=35
[DBG] control type=35
[DBG] Buffering 14%
[DBG] control type=35
[DBG] control type=35
[DBG] control type=35
[DBG] control type=35
[DBG] control type=35
[DBG] control type=35
[DBG] control type=35
[DBG] Buffering 21%
[DBG] control type=35
[DBG] Buffering 24%
[DBG] control type=35
[DBG] Buffering 25%
[DBG] Received first picture
9:57:07.737 PM [framestep] nextFrameStepped result=0 time=19537 ms
[DBG] control type=35
[DBG] control type=35
[DBG] Buffering 28%
[DBG] control type=35
[DBG] Buffering 33%
[DBG] control type=35
[DBG] control type=35
[DBG] Buffering 38%
[DBG] control type=35
[DBG] control type=35
[DBG] control type=35
[DBG] Buffering 41%
[DBG] control type=35
[DBG] Buffering 43%
[DBG] control type=35
[DBG] Buffering 46%
[DBG] Buffering 50%
[DBG] control type=35
[DBG] control type=35
[DBG] control type=35
[DBG] control type=35
[DBG] Buffering 66%
[DBG] control type=35
[DBG] control type=35
[DBG] control type=35
[DBG] control type=35
[DBG] control type=35
[DBG] Buffering 71%
[DBG] control type=35
[DBG] Buffering 75%
[DBG] control type=35
[DBG] Buffering 78%
[DBG] control type=35
[DBG] control type=35
[DBG] Buffering 83%
[DBG] control type=35
[DBG] Buffering 85%
[DBG] control type=35
[DBG] control type=35
[DBG] Buffering 88%
[DBG] control type=35
[DBG] control type=35
[DBG] Buffering 91%
[DBG] control type=35
[DBG] Buffering 94%
[DBG] control type=35
[DBG] control type=35
[DBG] Buffering 96%
[DBG] control type=35
9:57:07.753 PM [player] buffering 1.0
[DBG] Stream buffering done (1001 ms in 21 ms)
[DBG] Decoder wait done in 0 ms
[DBG] control type=35
[DBG] control type=35
[DBG] control type=35
[DBG] control type=35
[DBG] control type=35
[DBG] control type=35
[ERR] ES_OUT_SET_(GROUP_)PCR  is called 9272 ms late (jitter of 9318 ms ignored)
[DBG] ES_OUT_RESET_PCR called
9:57:07.755 PM [player] buffering 0.0
[DBG] control type=35
[DBG] control type=35
[DBG] control type=35
[DBG] control type=35
[DBG] control type=35
[DBG] control type=35
[DBG] control type=35
[DBG] control type=35
[DBG] control type=35
[DBG] control type=35
[DBG] control type=35
[DBG] control type=35
[DBG] Buffering 0%
9:57:07.757 PM [player] buffering 0.0
[DBG] control type=35
[DBG] control type=35
[DBG] Buffering 6%
[DBG] control type=35
[DBG] control type=35
[DBG] control type=35
[DBG] Buffering 8%
[DBG] control type=35
[DBG] control type=35
[DBG] control type=35
[DBG] Buffering 10%
[DBG] control type=35
[DBG] control type=35
[DBG] control type=35
[DBG] Buffering 13%
[DBG] control type=35
[DBG] control type=35
[DBG] Buffering 18%
[DBG] control type=35
[DBG] control type=35
[DBG] control type=35
[DBG] control type=35
[DBG] control type=35
[DBG] control type=35
[DBG] control type=35
[DBG] Buffering 23%
[DBG] control type=35
[DBG] control type=35
[DBG] control type=35
[DBG] control type=35
[DBG] control type=35
[DBG] Buffering 26%
[DBG] control type=35
[DBG] control type=35
[DBG] control type=35
[DBG] control type=35
[DBG] control type=35
[DBG] Buffering 31%
[DBG] control type=35
[DBG] control type=35
[DBG] Buffering 35%
[DBG] control type=35
[DBG] control type=35
[DBG] control type=35
[DBG] control type=35
[DBG] control type=35
[DBG] control type=35
[DBG] control type=35
[DBG] Buffering 50%
[DBG] control type=35
[DBG] control type=35
[DBG] control type=35
[DBG] control type=35
[DBG] control type=35
[DBG] control type=35
[DBG] control type=35
[DBG] Buffering 56%
[DBG] Buffering 59%
[DBG] control type=35
[DBG] control type=35
[DBG] Buffering 60%
[DBG] control type=35
[DBG] Buffering 63%
[DBG] Buffering 68%
[DBG] control type=35
[DBG] Received first picture
9:57:07.768 PM [framestep] nextFrameStepped result=0 time=19537 ms
[DBG] control type=35
[DBG] control type=35
[DBG] Buffering 73%
[DBG] control type=35
[DBG] Buffering 76%
[DBG] Buffering 79%
[DBG] control type=35
[DBG] control type=35
[DBG] control type=35
[DBG] Buffering 81%
[DBG] control type=35
[DBG] control type=35
[DBG] control type=35
[DBG] control type=35
[DBG] Buffering 85%
[DBG] control type=35
[DBG] control type=35
[DBG] control type=35
[DBG] control type=35
[DBG] control type=35
[DBG] Stream buffering done (1014 ms in 16 ms)
9:57:07.774 PM [player] buffering 1.0
[DBG] Decoder wait done in 0 ms
[DBG] control type=35
[DBG] control type=35
[DBG] control type=35
[DBG] control type=35
[ERR] ES_OUT_SET_(GROUP_)PCR  is called 9366 ms late (jitter of 9337 ms ignored)
[DBG] ES_OUT_RESET_PCR called
9:57:07.776 PM [player] buffering 0.0
[DBG] control type=35
[DBG] control type=35
[DBG] control type=35
[DBG] Buffering 0%
9:57:07.776 PM [player] buffering 0.0
[DBG] control type=35
[DBG] control type=35
[DBG] control type=35
[DBG] control type=35
[DBG] control type=35
[DBG] control type=35
[DBG] control type=35
[DBG] control type=35
[DBG] Buffering 3%
[DBG] control type=35
[DBG] control type=35
[DBG] Buffering 8%
[DBG] control type=35
[DBG] control type=35
[DBG] control type=35
[DBG] control type=35
[DBG] Buffering 10%
[DBG] control type=35
[DBG] control type=35
[DBG] Buffering 13%
[DBG] control type=35
[DBG] control type=35
[DBG] control type=35
[DBG] control type=35
[DBG] control type=35
[DBG] Buffering 16%
[DBG] control type=35
[DBG] control type=35
[DBG] Buffering 20%
[DBG] control type=35
[DBG] control type=35
[DBG] control type=35
[DBG] control type=35
[DBG] Buffering 21%
[DBG] control type=35
[DBG] control type=35
[DBG] control type=35
[DBG] Buffering 25%
[DBG] control type=35
[DBG] control type=35
[DBG] control type=35
[DBG] control type=35
[DBG] control type=35
[DBG] control type=35
[DBG] control type=35
[DBG] control type=35
[DBG] control type=35
[DBG] Buffering 39%
[DBG] control type=35
[DBG] control type=35
[DBG] Buffering 40%
[DBG] control type=35
[DBG] Buffering 46%
[DBG] Buffering 48%
[DBG] control type=35
[DBG] Buffering 50%
[DBG] control type=35
[DBG] Buffering 53%
[DBG] Buffering 58%
[DBG] control type=35
[DBG] control type=35
[DBG] Buffering 63%
[DBG] control type=35
[DBG] Received first picture
9:57:07.788 PM [framestep] nextFrameStepped result=0 time=19537 ms
[DBG] Buffering 66%
[DBG] Buffering 71%
[DBG] control type=35
[DBG] control type=35
[DBG] Buffering 75%
[DBG] control type=35
[DBG] control type=35
[DBG] control type=35
[DBG] Buffering 90%
[DBG] control type=35
[DBG] control type=35
[DBG] control type=35
[DBG] control type=35
[DBG] control type=35
[DBG] Buffering 96%
[DBG] control type=35
[DBG] control type=35
[DBG] Stream buffering done (1001 ms in 20 ms)
9:57:07.797 PM [player] buffering 1.0
[DBG] Decoder wait done in 0 ms
[DBG] control type=35
[ERR] ES_OUT_SET_(GROUP_)PCR  is called 9420 ms late (jitter of 9366 ms ignored)
[DBG] ES_OUT_RESET_PCR called
9:57:07.798 PM [player] buffering 0.0
[DBG] control type=35
[DBG] control type=35
[DBG] control type=35
[DBG] control type=35
[DBG] control type=35
[DBG] Buffering 0%
9:57:07.798 PM [player] buffering 0.0
[DBG] control type=35
[DBG] control type=35
[DBG] control type=35
[DBG] control type=35
[DBG] control type=35
[DBG] control type=35
[DBG] Buffering 5%
[DBG] control type=35
[DBG] control type=35
[DBG] Buffering 8%
[DBG] control type=35
[DBG] control type=35
[DBG] control type=35
[DBG] control type=35
[DBG] Buffering 10%
[DBG] control type=35
[DBG] control type=35
[DBG] control type=35
[DBG] control type=35
[DBG] Buffering 13%
[DBG] control type=35
[DBG] Buffering 16%
[DBG] control type=35
[DBG] control type=35
[DBG] control type=35
[DBG] control type=35
[DBG] control type=35
[DBG] control type=35
[DBG] control type=35
[DBG] control type=35
[DBG] control type=35
[DBG] control type=35
[DBG] control type=35
[DBG] control type=35
[DBG] Buffering 33%
[DBG] control type=35
[DBG] control type=35
[DBG] control type=35
[DBG] control type=35
[DBG] control type=35
[DBG] control type=35
[DBG] control type=35
[DBG] control type=35
[DBG] control type=35
[DBG] control type=35
[DBG] control type=35
[DBG] control type=35
[DBG] control type=35
[DBG] control type=35
[DBG] control type=35
[DBG] Buffering 38%
[DBG] control type=35
[DBG] Buffering 41%
[DBG] control type=35
[DBG] control type=35
[DBG] Received first picture
9:57:07.813 PM [framestep] nextFrameStepped result=0 time=19537 ms
[DBG] control type=35
[DBG] control type=35
[DBG] control type=35
[DBG] control type=35
[DBG] Buffering 45%
[DBG] control type=35
[DBG] Buffering 50%
[DBG] Buffering 52%
[DBG] control type=35
[DBG] control type=35
[DBG] Buffering 55%
[DBG] control type=35
[DBG] control type=35
[DBG] control type=35
[DBG] control type=35
[DBG] control type=35
[DBG] Buffering 58%
[DBG] control type=35
[DBG] Buffering 62%
[DBG] control type=35
[DBG] Buffering 63%
[DBG] Buffering 66%
[DBG] control type=35
[DBG] control type=35
[DBG] control type=35
[DBG] control type=35
[DBG] control type=35
[DBG] control type=35
[DBG] control type=35
[DBG] control type=35
[DBG] Buffering 81%
[DBG] control type=35
[DBG] control type=35
[DBG] control type=35
[DBG] control type=35
[DBG] control type=35
[DBG] control type=35
[DBG] Buffering 88%
[DBG] control type=35
[DBG] Buffering 90%
[DBG] control type=35
[DBG] Buffering 91%
[DBG] control type=35
[DBG] Buffering 95%
[DBG] control type=35
[DBG] Stream buffering done (1001 ms in 26 ms)
9:57:07.824 PM [player] buffering 1.0
[DBG] Decoder wait done in 0 ms
[DBG] control type=35
[DBG] control type=35
[ERR] ES_OUT_SET_(GROUP_)PCR  is called 9431 ms late (jitter of 9420 ms ignored)
[DBG] ES_OUT_RESET_PCR called
9:57:07.824 PM [player] buffering 0.0
[DBG] control type=35
[DBG] control type=35
[DBG] control type=35
[DBG] control type=35
[DBG] control type=35
9:57:07.825 PM [player] buffering 0.0
[DBG] Buffering 0%
[DBG] control type=35
[DBG] control type=35
[DBG] control type=35
[DBG] Buffering 5%
[DBG] control type=35
[DBG] control type=35
[DBG] control type=35
[DBG] Buffering 8%
[DBG] control type=35
[DBG] control type=35
[DBG] control type=35
[DBG] control type=35
[DBG] control type=35
[DBG] control type=35
[DBG] control type=35
[DBG] Buffering 24%
[DBG] control type=35
[DBG] control type=35
[DBG] control type=35
[DBG] control type=35
[DBG] control type=35
[DBG] control type=35
[DBG] control type=35
[DBG] Buffering 30%
[DBG] control type=35
[DBG] Buffering 33%
[DBG] control type=35
[DBG] Buffering 36%
[DBG] Buffering 41%
[DBG] control type=35
[DBG] Received first picture
9:57:07.833 PM [framestep] nextFrameStepped result=0 time=19537 ms
[DBG] control type=35
[DBG] control type=35
[DBG] Buffering 46%
[DBG] control type=35
[DBG] Buffering 50%
[DBG] Buffering 52%
[DBG] control type=35
[DBG] control type=35
[DBG] Buffering 55%
[DBG] control type=35
[DBG] Buffering 58%
[DBG] control type=35
[DBG] control type=35
[DBG] Buffering 72%
[DBG] control type=35
[DBG] control type=35
[DBG] control type=35
[DBG] control type=35
[DBG] control type=35
[DBG] Buffering 73%
[DBG] control type=35
[DBG] Buffering 80%
[DBG] control type=35
[DBG] Buffering 81%
[DBG] control type=35
[DBG] Buffering 83%
[DBG] control type=35
[DBG] Buffering 86%
[DBG] control type=35
[DBG] control type=35
[DBG] control type=35
[DBG] Buffering 91%
[DBG] control type=35
[DBG] control type=35
[DBG] Buffering 96%
[DBG] control type=35
[DBG] control type=35
[DBG] control type=35
[DBG] control type=35
[DBG] control type=35
9:57:07.843 PM [player] buffering 1.0
[DBG] Stream buffering done (1001 ms in 17 ms)
[DBG] Decoder wait done in 0 ms
[DBG] control type=35
[DBG] control type=35
[DBG] control type=35
[ERR] ES_OUT_SET_(GROUP_)PCR  is called 9448 ms late (jitter of 9431 ms ignored)
[DBG] ES_OUT_RESET_PCR called
9:57:07.843 PM [player] buffering 0.0
[DBG] control type=35
[DBG] control type=35
[DBG] control type=35
[DBG] control type=35
9:57:07.843 PM [player] buffering 0.0
[DBG] Buffering 0%
[DBG] control type=35
[DBG] control type=35
[DBG] control type=35
[DBG] control type=35
[DBG] control type=35
[DBG] control type=35
[DBG] control type=35
[DBG] control type=35
[DBG] control type=35
[DBG] control type=35
[DBG] control type=35
[DBG] control type=35
[DBG] control type=35
[DBG] control type=35
[DBG] control type=35
[DBG] Buffering 14%
[DBG] control type=35
[DBG] control type=35
[DBG] control type=35
[DBG] control type=35
[DBG] Buffering 15%
[DBG] Buffering 21%
[DBG] control type=35
[DBG] control type=35
[DBG] control type=35
[DBG] Buffering 24%
[DBG] Buffering 25%
[DBG] control type=35
[DBG] Buffering 28%
[DBG] Buffering 33%
[DBG] control type=35
[DBG] Received first picture
9:57:07.853 PM [framestep] nextFrameStepped result=0 time=19537 ms
[DBG] control type=35
[DBG] control type=35
[DBG] control type=35
[DBG] Buffering 38%
[DBG] Buffering 41%
[DBG] control type=35
[DBG] Buffering 43%
[DBG] control type=35
[DBG] Buffering 46%
[DBG] control type=35
[DBG] Buffering 50%
[DBG] control type=35
[DBG] control type=35
[DBG] control type=35
[DBG] control type=35
[DBG] control type=35
[DBG] control type=35
[DBG] control type=35
[DBG] control type=35
[DBG] Buffering 66%
[DBG] control type=35
[DBG] control type=35
[DBG] control type=35
[DBG] control type=35
[DBG] control type=35
[DBG] control type=35
[DBG] control type=35
[DBG] control type=35
[DBG] Buffering 71%
[DBG] control type=35
[DBG] control type=35
[DBG] Buffering 75%
[DBG] control type=35
[DBG] control type=35
[DBG] control type=35
[DBG] Buffering 78%
[DBG] control type=35
[DBG] Buffering 83%
[DBG] control type=35
[DBG] Buffering 85%
[DBG] control type=35
[DBG] control type=35
[DBG] Buffering 88%
[DBG] control type=35
[DBG] control type=35
[DBG] Buffering 91%
[DBG] control type=35
[DBG] Buffering 94%
[DBG] control type=35
[DBG] Buffering 96%
[DBG] control type=35
9:57:07.866 PM [player] buffering 1.0
[DBG] Stream buffering done (1001 ms in 22 ms)
[DBG] Decoder wait done in 0 ms
[DBG] control type=35
[DBG] control type=35
[DBG] control type=35
[DBG] control type=35
[DBG] control type=35
[DBG] control type=35
[DBG] control type=35
[ERR] ES_OUT_SET_(GROUP_)PCR  is called 9388 ms late (jitter of 9431 ms ignored)
[DBG] ES_OUT_RESET_PCR called
9:57:07.871 PM [player] buffering 0.0
[DBG] control type=35
[DBG] control type=35
[DBG] control type=35
[DBG] control type=35
[DBG] control type=35
[DBG] control type=35
[DBG] control type=35
[DBG] control type=35
[DBG] control type=35
[DBG] control type=35
[DBG] control type=35
[DBG] control type=35
[DBG] control type=35
[DBG] Buffering 0%
9:57:07.873 PM [player] buffering 0.0
[DBG] control type=35
[DBG] control type=35
[DBG] control type=35
[DBG] control type=35
[DBG] Buffering 6%
[DBG] control type=35
[DBG] control type=35
[DBG] control type=35
[DBG] control type=35
[DBG] control type=35
[DBG] control type=35
[DBG] control type=35
[DBG] control type=35
[DBG] Buffering 8%
[DBG] control type=35
[DBG] control type=35
[DBG] control type=35
[DBG] control type=35
[DBG] Buffering 9%
[DBG] control type=35
[DBG] control type=35
[DBG] control type=35
[DBG] Buffering 13%
[DBG] control type=35
[DBG] control type=35
[DBG] control type=35
[DBG] Buffering 18%
[DBG] control type=35
[DBG] control type=35
[DBG] control type=35
[DBG] control type=35
[DBG] control type=35
[DBG] control type=35
[DBG] control type=35
[DBG] control type=35
[DBG] Buffering 23%
[DBG] control type=35
[DBG] control type=35
[DBG] control type=35
[DBG] control type=35
[DBG] control type=35
[DBG] Buffering 26%
[DBG] control type=35
[DBG] control type=35
[DBG] control type=35
[DBG] Buffering 31%
[DBG] control type=35
[DBG] control type=35
[DBG] control type=35
[DBG] control type=35
[DBG] control type=35
[DBG] control type=35
[DBG] Buffering 35%
[DBG] control type=35
[DBG] control type=35
[DBG] control type=35
[DBG] control type=35
[DBG] control type=35
[DBG] control type=35
[DBG] control type=35
[DBG] control type=35
[DBG] control type=35
[DBG] control type=35
[DBG] control type=35
[DBG] control type=35
[DBG] control type=35
[DBG] control type=35
[DBG] Buffering 50%
[DBG] control type=35
[DBG] control type=35
[DBG] control type=35
[DBG] control type=35
[DBG] control type=35
[DBG] control type=35
[DBG] control type=35
[DBG] control type=35
[DBG] control type=35
[DBG] control type=35
[DBG] control type=35
[DBG] Buffering 56%
[DBG] control type=35
[DBG] Buffering 59%
[DBG] control type=35
[DBG] Buffering 60%
[DBG] Buffering 63%
[DBG] Buffering 68%
[DBG] control type=35
[DBG] control type=35
[DBG] Received first picture
9:57:07.891 PM [framestep] nextFrameStepped result=0 time=19537 ms
[DBG] Buffering 73%
[DBG] control type=35
[DBG] control type=35
[DBG] control type=35
[DBG] control type=35
[DBG] control type=35
[DBG] Buffering 76%
[DBG] control type=35
[DBG] Buffering 78%
[DBG] control type=35
[DBG] Buffering 81%
[DBG] control type=35
[DBG] control type=35
[DBG] Buffering 85%
[DBG] control type=35
[DBG] control type=35
[DBG] control type=35
[DBG] control type=35
[DBG] control type=35
[DBG] control type=35
[DBG] control type=35
[DBG] control type=35
[DBG] control type=35
[DBG] control type=35
[DBG] control type=35
9:57:07.895 PM [player] buffering 1.0
[DBG] Stream buffering done (1012 ms in 21 ms)
[DBG] Decoder wait done in 0 ms
[DBG] control type=35
[DBG] control type=35
[DBG] control type=35
[DBG] control type=35
[DBG] control type=35
[ERR] ES_OUT_SET_(GROUP_)PCR  is called 9488 ms late (jitter of 9448 ms ignored)
[DBG] ES_OUT_RESET_PCR called
9:57:07.898 PM [player] buffering 0.0
[DBG] control type=35
[DBG] control type=35
[DBG] control type=35
9:57:07.898 PM [player] buffering 0.0
[DBG] Buffering 0%
[DBG] control type=35
[DBG] control type=35
[DBG] control type=35
[DBG] control type=35
[DBG] Buffering 3%
[DBG] control type=35
[DBG] control type=35
[DBG] control type=35
[DBG] Buffering 8%
[DBG] control type=35
[DBG] control type=35
[DBG] control type=35
[DBG] Buffering 10%
[DBG] control type=35
[DBG] control type=35
[DBG] control type=35
[DBG] control type=35
[DBG] control type=35
[DBG] Buffering 13%
[DBG] control type=35
[DBG] control type=35
[DBG] control type=35
[DBG] control type=35
[DBG] control type=35
[DBG] control type=35
[DBG] control type=35
[DBG] Buffering 16%
[DBG] control type=35
[DBG] control type=35
[DBG] Buffering 20%
[DBG] control type=35
[DBG] control type=35
[DBG] control type=35
[DBG] control type=35
[DBG] Buffering 21%
[DBG] control type=35
[DBG] control type=35
[DBG] control type=35
[DBG] control type=35
[DBG] Buffering 25%
[DBG] control type=35
[DBG] control type=35
[DBG] control type=35
[DBG] control type=35
[DBG] control type=35
[DBG] Buffering 39%
[DBG] control type=35
[DBG] control type=35
[DBG] control type=35
[DBG] control type=35
[DBG] control type=35
[DBG] control type=35
[DBG] control type=35
[DBG] control type=35
[DBG] control type=35
[DBG] control type=35
[DBG] control type=35
[DBG] control type=35
[DBG] control type=35
[DBG] control type=35
[DBG] Buffering 40%
[DBG] control type=35
[DBG] control type=35
[DBG] control type=35
[DBG] control type=35
[DBG] control type=35
[DBG] Received first picture
9:57:07.911 PM [framestep] nextFrameStepped result=0 time=19537 ms
[DBG] Buffering 46%
[DBG] control type=35
[DBG] control type=35
[DBG] Buffering 48%
[DBG] control type=35
[DBG] Buffering 50%
[DBG] control type=35
[DBG] Buffering 53%
[DBG] control type=35
[DBG] Buffering 58%
[DBG] control type=35
[DBG] control type=35
[DBG] Buffering 63%
[DBG] control type=35
[DBG] control type=35
[DBG] Buffering 66%
[DBG] control type=35
[DBG] control type=35
[DBG] control type=35
[DBG] Buffering 71%
[DBG] control type=35
[DBG] Buffering 75%
[DBG] control type=35
[DBG] control type=35
[DBG] control type=35
[DBG] control type=35
[DBG] control type=35
[DBG] Buffering 90%
[DBG] control type=35
[DBG] control type=35
[DBG] control type=35
[DBG] control type=35
[DBG] control type=35
[DBG] control type=35
[DBG] control type=35
[DBG] Buffering 96%
[DBG] Stream buffering done (1000 ms in 25 ms)
9:57:07.923 PM [player] buffering 1.0
[DBG] Decoder wait done in 0 ms
[DBG] control type=35
[DBG] control type=35
[DBG] control type=35
[ERR] ES_OUT_SET_(GROUP_)PCR  is called 9580 ms late (jitter of 9488 ms ignored)
[DBG] ES_OUT_RESET_PCR called
9:57:07.924 PM [player] buffering 0.0
[DBG] control type=35
[DBG] control type=35
[DBG] control type=35
[DBG] control type=35
[DBG] control type=35
[DBG] control type=35
[DBG] control type=35
9:57:07.925 PM [player] buffering 0.0
[DBG] Buffering 0%
[DBG] control type=35
[DBG] control type=35
[DBG] Buffering 5%
[DBG] control type=35
[DBG] control type=35
[DBG] control type=35
[DBG] control type=35
[DBG] control type=35
[DBG] Buffering 10%
[DBG] control type=35
[DBG] control type=35
[DBG] control type=35
[DBG] control type=35
[DBG] control type=35
[DBG] control type=35
[DBG] control type=35
[DBG] control type=35
[DBG] Buffering 13%
[DBG] control type=35
[DBG] control type=35
[DBG] Buffering 15%
[DBG] control type=35
[DBG] control type=35
[DBG] control type=35
[DBG] control type=35
[DBG] Buffering 18%
[DBG] control type=35
[DBG] control type=35
[DBG] control type=35
[DBG] Buffering 21%
[DBG] control type=35
[DBG] control type=35
[DBG] control type=35
[DBG] control type=35
[DBG] control type=35
[DBG] control type=35
[DBG] control type=35
[DBG] control type=35
[DBG] control type=35
[DBG] control type=35
[DBG] control type=35
[DBG] control type=35
[DBG] control type=35
[DBG] control type=35
[DBG] Buffering 38%
[DBG] control type=35
[DBG] control type=35
[DBG] control type=35
[DBG] control type=35
[DBG] control type=35
[DBG] control type=35
[DBG] control type=35
[DBG] control type=35
[DBG] control type=35
[DBG] Buffering 43%
[DBG] control type=35
[DBG] Buffering 46%
[DBG] control type=35
[DBG] control type=35
[DBG] Received first picture
9:57:07.936 PM [framestep] nextFrameStepped result=0 time=19537 ms
[DBG] control type=35
[DBG] control type=35
[DBG] Buffering 50%
[DBG] Buffering 55%
[DBG] control type=35
[DBG] control type=35
[DBG] Buffering 57%
[DBG] control type=35
[DBG] Buffering 60%
[DBG] Buffering 63%
[DBG] control type=35
[DBG] control type=35
[DBG] control type=35
[DBG] Buffering 66%
[DBG] control type=35
[DBG] Buffering 68%
[DBG] control type=35
[DBG] control type=35
[DBG] control type=35
[DBG] Buffering 71%
[DBG] control type=35
[DBG] control type=35
[DBG] control type=35
[DBG] control type=35
[DBG] control type=35
[DBG] Buffering 86%
[DBG] control type=35
[DBG] control type=35
[DBG] control type=35
[DBG] control type=35
[DBG] control type=35
[DBG] control type=35
[DBG] control type=35
[DBG] Buffering 93%
[DBG] control type=35
[DBG] Buffering 95%
[DBG] control type=35
[DBG] control type=35
[DBG] Buffering 96%
[DBG] control type=35
[DBG] Stream buffering done (1001 ms in 25 ms)
9:57:07.950 PM [player] buffering 1.0
[DBG] Decoder wait done in 0 ms
[DBG] control type=35
[ERR] ES_OUT_SET_(GROUP_)PCR  is called 9556 ms late (jitter of 9556 ms ignored)
[DBG] ES_OUT_RESET_PCR called
9:57:07.950 PM [player] buffering 0.0
[DBG] control type=35
[DBG] control type=35
[DBG] control type=35
[DBG] control type=35
[DBG] control type=35
[DBG] control type=35
[DBG] control type=35
[DBG] control type=35
[DBG] control type=35
9:57:07.952 PM [player] buffering 0.0
[DBG] Buffering 0%
[DBG] control type=35
[DBG] control type=35
[DBG] control type=35
[DBG] control type=35
[DBG] control type=35
[DBG] control type=35
[DBG] Buffering 3%
[DBG] control type=35
[DBG] control type=35
[DBG] control type=35
[DBG] Buffering 8%
[DBG] control type=35
[DBG] control type=35
[DBG] control type=35
[DBG] control type=35
[DBG] Buffering 11%
[DBG] control type=35
[DBG] control type=35
[DBG] control type=35
[DBG] control type=35
[DBG] control type=35
[DBG] control type=35
[DBG] control type=35
[DBG] control type=35
[DBG] control type=35
[DBG] control type=35
[DBG] control type=35
[DBG] control type=35
[DBG] control type=35
[DBG] control type=35
[DBG] control type=35
[DBG] control type=35
[DBG] control type=35
[DBG] control type=35
[DBG] Buffering 27%
[DBG] control type=35
[DBG] control type=35
[DBG] control type=35
[DBG] control type=35
[DBG] control type=35
[DBG] control type=35
[DBG] control type=35
[DBG] Buffering 33%
[DBG] Buffering 36%
[DBG] Buffering 40%
[DBG] control type=35
[DBG] Buffering 45%
[DBG] control type=35
[DBG] Received first picture
9:57:07.961 PM [framestep] nextFrameStepped result=0 time=19537 ms
[DBG] control type=35
[DBG] control type=35
[DBG] Buffering 50%
[DBG] control type=35
[DBG] control type=35
[DBG] control type=35
[DBG] Buffering 53%
[DBG] control type=35
[DBG] Buffering 56%
[DBG] control type=35
[DBG] Buffering 58%
[DBG] control type=35
[DBG] Buffering 61%
[DBG] control type=35
[DBG] control type=35
[DBG] control type=35
[DBG] control type=35
[DBG] control type=35
[DBG] Buffering 75%
[DBG] control type=35
[DBG] control type=35
[DBG] control type=35
[DBG] control type=35
[DBG] control type=35
[DBG] control type=35
[DBG] Buffering 76%
[DBG] control type=35
[DBG] control type=35
[DBG] Buffering 83%
[DBG] control type=35
[DBG] Buffering 84%
[DBG] control type=35
[DBG] control type=35
[DBG] Buffering 86%
[DBG] control type=35
[DBG] Buffering 90%
[DBG] Buffering 94%
[DBG] control type=35
[DBG] control type=35
[DBG] Buffering 95%
[DBG] control type=35
[DBG] Stream buffering done (1001 ms in 17 ms)
9:57:07.970 PM [player] buffering 1.0
[DBG] Decoder wait done in 0 ms
[DBG] control type=35
[DBG] control type=35
[ERR] ES_OUT_SET_(GROUP_)PCR  is called 9594 ms late (jitter of 9580 ms ignored)
[DBG] ES_OUT_RESET_PCR called
9:57:07.971 PM [player] buffering 0.0
[DBG] control type=35
[DBG] control type=35
[DBG] control type=35
[DBG] control type=35
[DBG] control type=35
9:57:07.971 PM [player] buffering 0.0
[DBG] Buffering 0%
[DBG] control type=35
[DBG] control type=35
[DBG] Buffering 3%
[DBG] control type=35
[DBG] control type=35
[DBG] control type=35
[DBG] control type=35
[DBG] control type=35
[DBG] control type=35
[DBG] control type=35
[DBG] control type=35
[DBG] control type=35
[DBG] control type=35
[DBG] control type=35
[DBG] control type=35
[DBG] control type=35
[DBG] control type=35
[DBG] control type=35
[DBG] control type=35
[DBG] control type=35
[DBG] control type=35
[DBG] control type=35
[DBG] control type=35
[DBG] control type=35
[DBG] control type=35
[DBG] control type=35
[DBG] Buffering 18%
[DBG] control type=35
[DBG] control type=35
[DBG] control type=35
[DBG] control type=35
[DBG] control type=35
[DBG] Buffering 25%
[DBG] Buffering 27%
[DBG] Buffering 28%
[DBG] control type=35
[DBG] Buffering 31%
[DBG] Buffering 36%
[DBG] control type=35
[DBG] Received first picture
9:57:07.978 PM [framestep] nextFrameStepped result=0 time=19537 ms
[DBG] Buffering 41%
[DBG] control type=35
[DBG] control type=35
[DBG] control type=35
[DBG] control type=35
[DBG] control type=35
[DBG] Buffering 45%
[DBG] control type=35
[DBG] control type=35
[DBG] Buffering 50%
[DBG] control type=35
[DBG] Buffering 53%
[DBG] control type=35
[DBG] control type=35
[DBG] control type=35
[DBG] control type=35
[DBG] control type=35
[DBG] control type=35
[DBG] control type=35
[DBG] control type=35
[DBG] control type=35
[DBG] control type=35
[DBG] Buffering 69%
[DBG] control type=35
[DBG] control type=35
[DBG] control type=35
[DBG] control type=35
[DBG] control type=35
[DBG] Buffering 75%
[DBG] control type=35
[DBG] control type=35
[DBG] control type=35
[DBG] Buffering 78%
[DBG] control type=35
[DBG] control type=35
[DBG] control type=35
[DBG] Buffering 81%
[DBG] control type=35
[DBG] Buffering 86%
[DBG] control type=35
[DBG] control type=35
[DBG] control type=35
[DBG] Buffering 91%
[DBG] control type=35
[DBG] Buffering 95%
[DBG] control type=35
[DBG] Buffering 98%
[DBG] control type=35
[DBG] control type=35
[DBG] control type=35
9:57:07.986 PM [player] buffering 1.0
[DBG] Stream buffering done (1001 ms in 14 ms)
[DBG] Decoder wait done in 0 ms
[DBG] control type=35
[DBG] control type=35
[ERR] ES_OUT_SET_(GROUP_)PCR  is called 9609 ms late (jitter of 9594 ms ignored)
[DBG] ES_OUT_RESET_PCR called
9:57:07.987 PM [player] buffering 0.0
[DBG] control type=35
[DBG] control type=35
[DBG] control type=35
9:57:07.988 PM [player] buffering 0.0
[DBG] Buffering 0%
[DBG] control type=35
[DBG] control type=35
[DBG] control type=35
[DBG] control type=35
[DBG] control type=35
[DBG] control type=35
[DBG] control type=35
[DBG] Buffering 1%
[DBG] control type=35
[DBG] control type=35
[DBG] control type=35
[DBG] control type=35
[DBG] control type=35
[DBG] control type=35
[DBG] control type=35
[DBG] control type=35
[DBG] control type=35
[DBG] Buffering 7%
[DBG] control type=35
[DBG] Buffering 9%
[DBG] control type=35
[DBG] control type=35
[DBG] Buffering 11%
[DBG] Received first picture
9:57:07.993 PM [framestep] nextFrameStepped result=0 time=19537 ms
[DBG] control type=35
[DBG] control type=35
[DBG] Buffering 14%
[DBG] control type=35
[DBG] Buffering 19%
[DBG] control type=35
[DBG] control type=35
[DBG] Buffering 24%
[DBG] control type=35
[DBG] control type=35
[DBG] control type=35
[DBG] control type=35
[DBG] Buffering 27%
[DBG] control type=35
[DBG] Buffering 33%
[DBG] Buffering 36%
[DBG] control type=35
[DBG] control type=35
[DBG] control type=35
[DBG] control type=35
[DBG] control type=35
[DBG] Buffering 51%
[DBG] control type=35
[DBG] control type=35
[DBG] control type=35
[DBG] control type=35
[DBG] control type=35
[DBG] control type=35
[DBG] control type=35
[DBG] control type=35
[DBG] Buffering 57%
[DBG] control type=35
[DBG] Buffering 60%
[DBG] control type=35
[DBG] Buffering 61%
[DBG] control type=35
[DBG] Buffering 64%
[DBG] control type=35
[DBG] Buffering 69%
[DBG] control type=35
[DBG] Buffering 74%
[DBG] control type=35
[DBG] control type=35
[DBG] Buffering 78%
[DBG] Buffering 80%
[DBG] control type=35
[DBG] control type=35
[DBG] control type=35
[DBG] Buffering 83%
[DBG] control type=35
[DBG] Buffering 86%
[DBG] control type=35
[DBG] control type=35
[DBG] control type=35
[DBG] control type=35
[DBG] control type=35
[DBG] control type=35
[DBG] control type=35
9:57:08.008 PM [player] buffering 1.0
[DBG] Stream buffering done (1024 ms in 20 ms)
[DBG] Decoder wait done in 0 ms
[DBG] control type=35
[DBG] control type=35
[DBG] control type=35
[DBG] control type=35
[ERR] ES_OUT_SET_(GROUP_)PCR  is called 9587 ms late (jitter of 9594 ms ignored)
[DBG] ES_OUT_RESET_PCR called
9:57:08.010 PM [player] buffering 0.0
[DBG] control type=35
[DBG] control type=35
[DBG] control type=35
[DBG] control type=35
[DBG] control type=35
[DBG] Buffering 0%
9:57:08.010 PM [player] buffering 0.0
[DBG] control type=35
[DBG] control type=35
[DBG] control type=35
[DBG] control type=35
[DBG] control type=35
[DBG] control type=35
[DBG] Buffering 3%
[DBG] control type=35
[DBG] control type=35
[DBG] control type=35
[DBG] control type=35
[DBG] control type=35
[DBG] control type=35
[DBG] Buffering 8%
[DBG] control type=35
[DBG] control type=35
[DBG] Buffering 10%
[DBG] control type=35
[DBG] control type=35
[DBG] control type=35
[DBG] control type=35
[DBG] control type=35
[DBG] control type=35
[DBG] control type=35
[DBG] Buffering 13%
[DBG] control type=35
[DBG] control type=35
[DBG] Buffering 16%
[DBG] control type=35
[DBG] control type=35
[DBG] Buffering 19%
[DBG] control type=35
[DBG] control type=35
[DBG] control type=35
[DBG] control type=35
[DBG] control type=35
[DBG] Buffering 21%
[DBG] control type=35
[DBG] control type=35
[DBG] Buffering 25%
[DBG] control type=35
[DBG] control type=35
[DBG] control type=35
[DBG] control type=35
[DBG] control type=35
[DBG] control type=35
[DBG] control type=35
[DBG] control type=35
[DBG] control type=35
[DBG] control type=35
[DBG] control type=35
[DBG] control type=35
[DBG] control type=35
[DBG] control type=35
[DBG] control type=35
[DBG] control type=35
[DBG] control type=35
[DBG] control type=35
[DBG] control type=35
[DBG] control type=35
[DBG] Buffering 39%
[DBG] control type=35
[DBG] control type=35
[DBG] control type=35
[DBG] control type=35
[DBG] control type=35
[DBG] Buffering 40%
[DBG] Buffering 46%
[DBG] Buffering 48%
[DBG] control type=35
[DBG] Buffering 50%
[DBG] Received first picture
9:57:08.022 PM [framestep] nextFrameStepped result=0 time=19537 ms
[DBG] Buffering 53%
[DBG] Buffering 58%
[DBG] control type=35
[DBG] control type=35
[DBG] control type=35
[DBG] Buffering 63%
[DBG] control type=35
[DBG] Buffering 66%
[DBG] control type=35
[DBG] control type=35
[DBG] control type=35
[DBG] control type=35
[DBG] control type=35
[DBG] Buffering 71%
[DBG] control type=35
[DBG] Buffering 75%
[DBG] control type=35
[DBG] control type=35
[DBG] control type=35
[DBG] control type=35
[DBG] control type=35
[DBG] control type=35
[DBG] control type=35
[DBG] Buffering 90%
[DBG] control type=35
[DBG] control type=35
[DBG] control type=35
[DBG] control type=35
[DBG] control type=35
[DBG] control type=35
[DBG] Buffering 96%
[DBG] control type=35
[DBG] Buffering 99%
[DBG] control type=35
[DBG] control type=35
[DBG] Stream buffering done (1001 ms in 20 ms)
9:57:08.031 PM [player] buffering 1.0
[DBG] Decoder wait done in 0 ms
[DBG] control type=35
[ERR] ES_OUT_SET_(GROUP_)PCR  is called 9656 ms late (jitter of 9609 ms ignored)
[DBG] ES_OUT_RESET_PCR called
9:57:08.033 PM [player] buffering 0.0
[DBG] control type=35
[DBG] control type=35
[DBG] control type=35
9:57:08.033 PM [player] buffering 0.0
[DBG] Buffering 0%
[DBG] control type=35
[DBG] control type=35
[DBG] control type=35
[DBG] control type=35
[DBG] control type=35
[DBG] control type=35
[DBG] Buffering 5%
[DBG] control type=35
[DBG] control type=35
[DBG] control type=35
[DBG] control type=35
[DBG] Buffering 8%
[DBG] control type=35
[DBG] control type=35
[DBG] control type=35
[DBG] Buffering 10%
[DBG] control type=35
[DBG] control type=35
[DBG] control type=35
[DBG] control type=35
[DBG] Buffering 13%
[DBG] control type=35
[DBG] control type=35
[DBG] Buffering 16%
[DBG] control type=35
[DBG] control type=35
[DBG] control type=35
[DBG] control type=35
[DBG] control type=35
[DBG] control type=35
[DBG] control type=35
[DBG] control type=35
[DBG] Buffering 33%
[DBG] control type=35
[DBG] control type=35
[DBG] control type=35
[DBG] control type=35
[DBG] control type=35
[DBG] control type=35
[DBG] control type=35
[DBG] control type=35
[DBG] Buffering 38%
[DBG] Buffering 41%
[DBG] control type=35
[DBG] control type=35
[DBG] Received first picture
9:57:08.041 PM [framestep] nextFrameStepped result=0 time=19537 ms
[DBG] Buffering 45%
[DBG] control type=35
[DBG] control type=35
[DBG] control type=35
[DBG] Buffering 50%
[DBG] control type=35
[DBG] Buffering 52%
[DBG] control type=35
[DBG] control type=35
[DBG] Buffering 55%
[DBG] control type=35
[DBG] Buffering 58%
[DBG] control type=35
[DBG] Buffering 61%
[DBG] control type=35
[DBG] Buffering 63%
[DBG] control type=35
[DBG] Buffering 66%
[DBG] control type=35
[DBG] control type=35
[DBG] control type=35
[DBG] control type=35
[DBG] control type=35
[DBG] control type=35
[DBG] control type=35
[DBG] Buffering 81%
[DBG] control type=35
[DBG] control type=35
[DBG] control type=35
[DBG] control type=35
[DBG] control type=35
[DBG] control type=35
[DBG] Buffering 88%
[DBG] control type=35
[DBG] control type=35
[DBG] Buffering 90%
[DBG] control type=35
[DBG] control type=35
[DBG] control type=35
[DBG] Buffering 91%
[DBG] control type=35
[DBG] Buffering 95%
9:57:08.053 PM [player] buffering 1.0
[DBG] Stream buffering done (1001 ms in 20 ms)
[DBG] Decoder wait done in 0 ms
[DBG] control type=35
[DBG] control type=35
[DBG] control type=35
[DBG] control type=35
[DBG] control type=35
[ERR] ES_OUT_SET_(GROUP_)PCR  is called 9660 ms late (jitter of 9656 ms ignored)
[DBG] ES_OUT_RESET_PCR called
9:57:08.054 PM [player] buffering 0.0
[DBG] control type=35
[DBG] control type=35
[DBG] control type=35
[DBG] control type=35
[DBG] control type=35
9:57:08.055 PM [player] buffering 0.0
[DBG] Buffering 0%
[DBG] control type=35
[DBG] control type=35
[DBG] Buffering 5%
[DBG] control type=35
[DBG] control type=35
[DBG] control type=35
[DBG] control type=35
[DBG] Buffering 8%
[DBG] control type=35
[DBG] control type=35
[DBG] control type=35
[DBG] control type=35
[DBG] control type=35
[DBG] control type=35
[DBG] control type=35
[DBG] control type=35
[DBG] control type=35
[DBG] control type=35
[DBG] control type=35
[DBG] Buffering 23%
[DBG] control type=35
[DBG] control type=35
[DBG] control type=35
[DBG] control type=35
[DBG] control type=35
[DBG] Buffering 30%
[DBG] Buffering 33%
[DBG] control type=35
[DBG] Received first picture
9:57:08.062 PM [framestep] nextFrameStepped result=0 time=19537 ms
[DBG] control type=35
[DBG] control type=35
[DBG] control type=35
[DBG] Buffering 36%
[DBG] control type=35
[DBG] control type=35
[DBG] control type=35
[DBG] Buffering 41%
[DBG] control type=35
[DBG] control type=35
[DBG] Buffering 46%
[DBG] control type=35
[DBG] control type=35
[DBG] Buffering 50%
[DBG] control type=35
[DBG] Buffering 52%
[DBG] Buffering 55%
[DBG] control type=35
[DBG] control type=35
[DBG] Buffering 58%
[DBG] control type=35
[DBG] control type=35
[DBG] Buffering 74%
[DBG] control type=35
[DBG] control type=35
[DBG] control type=35
[DBG] control type=35
[DBG] control type=35
[DBG] control type=35
[DBG] Buffering 80%
[DBG] control type=35
[DBG] control type=35
[DBG] Buffering 83%
[DBG] control type=35
[DBG] control type=35
[DBG] Buffering 86%
[DBG] Buffering 91%
[DBG] control type=35
[DBG] control type=35
[DBG] Buffering 94%
[DBG] control type=35
[DBG] Buffering 96%
[DBG] control type=35
9:57:08.071 PM [player] buffering 1.0
[DBG] Stream buffering done (1001 ms in 16 ms)
[DBG] Decoder wait done in 0 ms
[DBG] control type=35
[ERR] ES_OUT_SET_(GROUP_)PCR  is called 9691 ms late (jitter of 9660 ms ignored)
[DBG] ES_OUT_RESET_PCR called
9:57:08.071 PM [player] buffering 0.0
[DBG] control type=35
[DBG] control type=35
[DBG] control type=35
9:57:08.072 PM [player] buffering 0.0
[DBG] Buffering 0%
[DBG] control type=35
[DBG] control type=35
[DBG] control type=35
[DBG] Buffering 3%
[DBG] control type=35
[DBG] control type=35
[DBG] control type=35
[DBG] control type=35
[DBG] control type=35
[DBG] control type=35
[DBG] control type=35
[DBG] control type=35
[DBG] control type=35
[DBG] Buffering 17%
[DBG] control type=35
[DBG] control type=35
[DBG] control type=35
[DBG] control type=35
[DBG] control type=35
[DBG] control type=35
[DBG] control type=35
[DBG] Buffering 18%
[DBG] Buffering 25%
[DBG] control type=35
[DBG] Buffering 27%
[DBG] control type=35
[DBG] Buffering 28%
[DBG] Buffering 31%
[DBG] Buffering 36%
[DBG] control type=35
[DBG] control type=35
[DBG] Received first picture
9:57:08.076 PM [framestep] nextFrameStepped result=0 time=19537 ms
[DBG] control type=35
[DBG] control type=35
[DBG] control type=35
[DBG] Buffering 41%
[DBG] control type=35
[DBG] control type=35
[DBG] control type=35
[DBG] control type=35
[DBG] control type=35
[DBG] Buffering 45%
[DBG] control type=35
[DBG] Buffering 50%
[DBG] Buffering 53%
[DBG] control type=35
[DBG] control type=35
[DBG] control type=35
[DBG] control type=35
[DBG] control type=35
[DBG] control type=35
[DBG] control type=35
[DBG] control type=35
[DBG] control type=35
[DBG] Buffering 69%
[DBG] control type=35
[DBG] control type=35
[DBG] control type=35
[DBG] control type=35
[DBG] control type=35
[DBG] control type=35
[DBG] control type=35
[DBG] Buffering 75%
[DBG] control type=35
[DBG] control type=35
[DBG] control type=35
[DBG] Buffering 78%
[DBG] control type=35
[DBG] Buffering 81%
[DBG] control type=35
[DBG] control type=35
[DBG] Buffering 86%
[DBG] control type=35
[DBG] control type=35
[DBG] control type=35
[DBG] Buffering 91%
[DBG] control type=35
[DBG] control type=35
[DBG] Buffering 95%
[DBG] control type=35
[DBG] Buffering 97%
[DBG] control type=35
[DBG] Stream buffering done (1001 ms in 14 ms)
9:57:08.086 PM [player] buffering 1.0
[DBG] Decoder wait done in 0 ms
[ERR] ES_OUT_SET_(GROUP_)PCR  is called 9710 ms late (jitter of 9691 ms ignored)
[DBG] ES_OUT_RESET_PCR called
9:57:08.087 PM [player] buffering 0.0
[DBG] control type=35
[DBG] control type=35
[DBG] control type=35
[DBG] control type=35
9:57:08.091 PM [player] buffering 0.0
[DBG] Buffering 0%
[DBG] control type=35
[DBG] control type=35
[DBG] control type=35
[DBG] control type=35
[DBG] control type=35
[DBG] Buffering 1%
[DBG] control type=35
[DBG] control type=35
[DBG] Received first picture
9:57:08.094 PM [framestep] nextFrameStepped result=0 time=19537 ms
[DBG] Buffering 8%
[DBG] control type=35
[DBG] control type=35
[DBG] Buffering 9%
[DBG] control type=35
[DBG] Buffering 11%
[DBG] Buffering 14%
[DBG] control type=35
[DBG] control type=35
[DBG] Buffering 19%
[DBG] control type=35
[DBG] Buffering 24%
[DBG] control type=35
[DBG] control type=35
[DBG] control type=35
[DBG] Buffering 28%
[DBG] control type=35
[DBG] control type=35
[DBG] control type=35
[DBG] Buffering 33%
[DBG] Buffering 36%
[DBG] control type=35
[DBG] control type=35
[DBG] control type=35
[DBG] control type=35
[DBG] Buffering 51%
[DBG] control type=35
[DBG] control type=35
[DBG] control type=35
[DBG] control type=35
[DBG] control type=35
[DBG] control type=35
[DBG] Buffering 58%
[DBG] Buffering 60%
[DBG] control type=35
[DBG] control type=35
[DBG] Buffering 61%
[DBG] control type=35
[DBG] Buffering 64%
[DBG] control type=35
[DBG] Buffering 69%
[DBG] control type=35
[DBG] control type=35
[DBG] Buffering 74%
[DBG] control type=35
[DBG] Buffering 78%
[DBG] control type=35
[DBG] control type=35
[DBG] Buffering 80%
[DBG] control type=35
[DBG] Buffering 83%
[DBG] Buffering 86%
[DBG] control type=35
[DBG] control type=35
[DBG] control type=35
[DBG] control type=35
[DBG] control type=35
[DBG] control type=35
[DBG] control type=35
[DBG] control type=35
[DBG] Stream buffering done (1024 ms in 21 ms)
9:57:08.113 PM [player] buffering 1.0
[DBG] Decoder wait done in 0 ms
[DBG] control type=35
[DBG] control type=35
[DBG] control type=35
[DBG] control type=35
[DBG] control type=35
[ERR] ES_OUT_SET_(GROUP_)PCR  is called 9696 ms late (jitter of 9696 ms ignored)
[DBG] ES_OUT_RESET_PCR called
9:57:08.120 PM [player] buffering 0.0
[DBG] control type=35
[DBG] control type=35
[DBG] control type=35
[DBG] Buffering 0%
9:57:08.121 PM [player] buffering 0.0
[DBG] control type=35
[DBG] control type=35
[DBG] control type=35
[DBG] control type=35
[DBG] control type=35
[DBG] Buffering 3%
[DBG] control type=35
[DBG] control type=35
[DBG] control type=35
[DBG] control type=35
[DBG] control type=35
[DBG] control type=35
[DBG] Buffering 8%
[DBG] control type=35
[DBG] control type=35
[DBG] control type=35
[DBG] control type=35
[DBG] control type=35
[DBG] control type=35
[DBG] Buffering 13%
[DBG] control type=35
[DBG] control type=35
[DBG] control type=35
[DBG] control type=35
[DBG] Buffering 16%
[DBG] control type=35
[DBG] control type=35
[DBG] control type=35
[DBG] Buffering 19%
[DBG] control type=35
[DBG] control type=35
[DBG] control type=35
[DBG] control type=35
[DBG] Buffering 21%
[DBG] control type=35
[DBG] control type=35
[DBG] Buffering 25%
[DBG] control type=35
[DBG] control type=35
[DBG] control type=35
[DBG] control type=35
[DBG] control type=35
[DBG] control type=35
[DBG] Buffering 38%
[DBG] control type=35
[DBG] control type=35
[DBG] control type=35
[DBG] control type=35
[DBG] control type=35
[DBG] control type=35
[DBG] control type=35
[DBG] Buffering 40%
[DBG] Buffering 46%
[DBG] control type=35
[DBG] control type=35
[DBG] Buffering 48%
[DBG] Buffering 50%
[DBG] control type=35
[DBG] Received first picture
9:57:08.131 PM [framestep] nextFrameStepped result=0 time=19537 ms
[DBG] Buffering 53%
[DBG] control type=35
[DBG] control type=35
[DBG] control type=35
[DBG] Buffering 58%
[DBG] control type=35
[DBG] Buffering 63%
[DBG] control type=35
[DBG] control type=35
[DBG] control type=35
[DBG] control type=35
[DBG] control type=35
[DBG] control type=35
[DBG] Buffering 66%
[DBG] control type=35
[DBG] control type=35
[DBG] Buffering 71%
[DBG] control type=35
[DBG] Buffering 75%
[DBG] control type=35
[DBG] control type=35
[DBG] control type=35
[DBG] control type=35
[DBG] control type=35
[DBG] Buffering 90%
[DBG] control type=35
[DBG] control type=35
[DBG] control type=35
[DBG] control type=35
[DBG] Buffering 96%
[DBG] control type=35
[DBG] Buffering 99%
[DBG] control type=35
[DBG] control type=35
[DBG] control type=35
[DBG] control type=35
[DBG] Stream buffering done (1001 ms in 19 ms)
9:57:08.140 PM [player] buffering 1.0
[DBG] Decoder wait done in 0 ms
[DBG] control type=35
[ERR] ES_OUT_SET_(GROUP_)PCR  is called 9765 ms late (jitter of 9710 ms ignored)
[DBG] ES_OUT_RESET_PCR called
9:57:08.142 PM [player] buffering 0.0
[DBG] control type=35
[DBG] control type=35
[DBG] control type=35
[DBG] control type=35
9:57:08.142 PM [player] buffering 0.0
[DBG] Buffering 0%
[DBG] control type=35
[DBG] control type=35
[DBG] control type=35
[DBG] control type=35
[DBG] Buffering 5%
[DBG] control type=35
[DBG] control type=35
[DBG] control type=35
[DBG] Buffering 8%
[DBG] control type=35
[DBG] control type=35
[DBG] control type=35
[DBG] Buffering 10%
[DBG] control type=35
[DBG] control type=35
[DBG] control type=35
[DBG] Buffering 13%
[DBG] control type=35
[DBG] control type=35
[DBG] Buffering 16%
[DBG] control type=35
[DBG] control type=35
[DBG] control type=35
[DBG] control type=35
[DBG] control type=35
[DBG] control type=35
[DBG] control type=35
[DBG] control type=35
[DBG] control type=35
[DBG] control type=35
[DBG] control type=35
[DBG] control type=35
[DBG] control type=35
[DBG] control type=35
[DBG] control type=35
[DBG] control type=35
[DBG] control type=35
[DBG] control type=35
[DBG] control type=35
[DBG] control type=35
[DBG] Buffering 32%
[DBG] control type=35
[DBG] control type=35
[DBG] control type=35
[DBG] control type=35
[DBG] control type=35
[DBG] control type=35
[DBG] control type=35
[DBG] control type=35
[DBG] control type=35
[DBG] control type=35
[DBG] control type=35
[DBG] Buffering 38%
[DBG] control type=35
[DBG] Buffering 41%
[DBG] control type=35
[DBG] control type=35
[DBG] Buffering 45%
[DBG] control type=35
[DBG] Buffering 50%
[DBG] Received first picture
9:57:08.149 PM [framestep] nextFrameStepped result=0 time=19537 ms
[DBG] Buffering 52%
[DBG] control type=35
[DBG] Buffering 55%
[DBG] control type=35
[DBG] control type=35
[DBG] control type=35
[DBG] control type=35
[DBG] Buffering 58%
[DBG] control type=35
[DBG] Buffering 61%
[DBG] control type=35
[DBG] Buffering 63%
[DBG] control type=35
[DBG] Buffering 66%
[DBG] control type=35
[DBG] control type=35
[DBG] control type=35
[DBG] control type=35
[DBG] control type=35
[DBG] control type=35
[DBG] control type=35
[DBG] control type=35
[DBG] Buffering 80%
[DBG] control type=35
[DBG] control type=35
[DBG] control type=35
[DBG] control type=35
[DBG] control type=35
[DBG] control type=35
[DBG] control type=35
[DBG] Buffering 81%
[DBG] control type=35
[DBG] Buffering 88%
[DBG] control type=35
[DBG] Buffering 90%
[DBG] control type=35
[DBG] Buffering 91%
[DBG] Buffering 95%
[DBG] control type=35
[DBG] control type=35
9:57:08.160 PM [player] buffering 1.0
[DBG] Stream buffering done (1000 ms in 17 ms)
[DBG] Decoder wait done in 0 ms
[DBG] control type=35
[DBG] control type=35
[ERR] ES_OUT_SET_(GROUP_)PCR  is called 9816 ms late (jitter of 9765 ms ignored)
[DBG] ES_OUT_RESET_PCR called
9:57:08.160 PM [player] buffering 0.0
[DBG] control type=35
[DBG] control type=35
[DBG] control type=35
[DBG] control type=35
[DBG] control type=35
9:57:08.160 PM [player] buffering 0.0
[DBG] Buffering 0%
[DBG] control type=35
[DBG] control type=35
[DBG] control type=35
[DBG] control type=35
[DBG] control type=35
[DBG] control type=35
[DBG] Buffering 3%
[DBG] control type=35
[DBG] control type=35
[DBG] control type=35
[DBG] control type=35
[DBG] Buffering 8%
[DBG] control type=35
[DBG] control type=35
[DBG] control type=35
[DBG] control type=35
[DBG] control type=35
[DBG] control type=35
[DBG] control type=35
[DBG] Buffering 11%
[DBG] control type=35
[DBG] control type=35
[DBG] control type=35
[DBG] control type=35
[DBG] control type=35
[DBG] control type=35
[DBG] control type=35
[DBG] control type=35
[DBG] control type=35
[DBG] control type=35
[DBG] control type=35
[DBG] control type=35
[DBG] control type=35
[DBG] control type=35
[DBG] control type=35
[DBG] control type=35
[DBG] control type=35
[DBG] control type=35
[DBG] Buffering 26%
[DBG] control type=35
[DBG] control type=35
[DBG] control type=35
[DBG] control type=35
[DBG] Buffering 33%
[DBG] Buffering 36%
[DBG] control type=35
[DBG] control type=35
[DBG] Buffering 40%
[DBG] Buffering 45%
[DBG] control type=35
[DBG] Buffering 50%
[DBG] Received first picture
9:57:08.167 PM [framestep] nextFrameStepped result=0 time=19537 ms
[DBG] Buffering 53%
[DBG] control type=35
[DBG] Buffering 55%
[DBG] control type=35
[DBG] control type=35
[DBG] Buffering 58%
[DBG] control type=35
[DBG] Buffering 61%
[DBG] control type=35
[DBG] control type=35
[DBG] control type=35
[DBG] control type=35
[DBG] control type=35
[DBG] Buffering 78%
[DBG] control type=35
[DBG] control type=35
[DBG] control type=35
[DBG] control type=35
[DBG] control type=35
[DBG] Buffering 83%
[DBG] control type=35
[DBG] Buffering 86%
[DBG] control type=35
[DBG] Buffering 90%
[DBG] control type=35
[DBG] Buffering 95%
[DBG] Buffering 97%
[DBG] control type=35
[DBG] control type=35
[DBG] Stream buffering done (1001 ms in 13 ms)
9:57:08.173 PM [player] buffering 1.0
[DBG] Decoder wait done in 0 ms
[DBG] control type=35
[ERR] ES_OUT_SET_(GROUP_)PCR  is called 9799 ms late (jitter of 9799 ms ignored)
[DBG] ES_OUT_RESET_PCR called
9:57:08.176 PM [player] buffering 0.0
[DBG] control type=35
[DBG] control type=35
[DBG] Buffering 0%
9:57:08.176 PM [player] buffering 0.0
[DBG] control type=35
[DBG] control type=35
[DBG] Buffering 1%
[DBG] control type=35
[DBG] control type=35
[DBG] control type=35
[DBG] Buffering 4%
[DBG] control type=35
[DBG] control type=35
[DBG] control type=35
[DBG] control type=35
[DBG] control type=35
[DBG] control type=35
[DBG] control type=35
[DBG] control type=35
[DBG] control type=35
[DBG] control type=35
[DBG] control type=35
[DBG] control type=35
[DBG] Buffering 19%
[DBG] control type=35
[DBG] control type=35
[DBG] control type=35
[DBG] control type=35
[DBG] control type=35
[DBG] Buffering 26%
[DBG] Buffering 28%
[DBG] Buffering 29%
[DBG] control type=35
[DBG] control type=35
[DBG] Buffering 33%
[DBG] Buffering 38%
[DBG] Received first picture
9:57:08.182 PM [framestep] nextFrameStepped result=0 time=19537 ms
[DBG] control type=35
[DBG] control type=35
[DBG] Buffering 43%
[DBG] control type=35
[DBG] Buffering 46%
[DBG] control type=35
[DBG] control type=35
[DBG] Buffering 51%
[DBG] control type=35
[DBG] Buffering 54%
[DBG] control type=35
[DBG] control type=35
[DBG] control type=35
[DBG] control type=35
[DBG] control type=35
[DBG] control type=35
[DBG] Buffering 70%
[DBG] control type=35
[DBG] control type=35
[DBG] control type=35
[DBG] control type=35
[DBG] control type=35
[DBG] Buffering 76%
[DBG] Buffering 79%
[DBG] control type=35
[DBG] control type=35
[DBG] Buffering 83%
[DBG] control type=35
[DBG] control type=35
[DBG] Buffering 88%
[DBG] control type=35
[DBG] control type=35
[DBG] control type=35
[DBG] Buffering 93%
[DBG] control type=35
[DBG] control type=35
[DBG] Buffering 96%
[DBG] control type=35
[DBG] Buffering 99%
[DBG] control type=35
[DBG] control type=35
9:57:08.194 PM [player] buffering 1.0
[DBG] Stream buffering done (1016 ms in 17 ms)
[DBG] Decoder wait done in 0 ms
[ERR] ES_OUT_SET_(GROUP_)PCR  is called 9802 ms late (jitter of 9802 ms ignored)
[DBG] ES_OUT_RESET_PCR called
9:57:08.195 PM [player] buffering 0.0
[DBG] control type=35
[DBG] control type=35
[DBG] control type=35
[DBG] control type=35
[DBG] control type=35
[DBG] control type=35
[DBG] control type=35
[DBG] control type=35
[DBG] control type=35
9:57:08.197 PM [player] buffering 0.0
[DBG] Buffering 0%
[DBG] control type=35
[DBG] control type=35
[DBG] control type=35
[DBG] control type=35
[DBG] control type=35
[DBG] control type=35
[DBG] control type=35
[DBG] control type=35
[DBG] control type=35
[DBG] Buffering 5%
[DBG] Buffering 8%
[DBG] control type=35
[DBG] Received first picture
9:57:08.200 PM [framestep] nextFrameStepped result=0 time=19537 ms
[DBG] control type=35
[DBG] control type=35
[DBG] Buffering 11%
[DBG] Buffering 16%
[DBG] control type=35
[DBG] Buffering 19%
[DBG] control type=35
[DBG] Buffering 21%
[DBG] control type=35
[DBG] Buffering 25%
[DBG] Buffering 28%
[DBG] control type=35
[DBG] control type=35
[DBG] Buffering 30%
[DBG] Buffering 33%
[DBG] control type=35
[DBG] control type=35
[DBG] control type=35
[DBG] Buffering 48%
[DBG] control type=35
[DBG] control type=35
[DBG] control type=35
[DBG] control type=35
[DBG] control type=35
[DBG] control type=35
[DBG] control type=35
[DBG] control type=35
[DBG] Buffering 55%
[DBG] control type=35
[DBG] control type=35
[DBG] Buffering 57%
[DBG] control type=35
[DBG] Buffering 58%
[DBG] control type=35
[DBG] Buffering 61%
[DBG] control type=35
[DBG] Buffering 66%
[DBG] control type=35
[DBG] control type=35
[DBG] Buffering 71%
[DBG] control type=35
[DBG] control type=35
[DBG] Buffering 75%
[DBG] control type=35
[DBG] Buffering 80%
[DBG] control type=35
[DBG] Buffering 83%
[DBG] control type=35
[DBG] control type=35
[DBG] control type=35
[DBG] control type=35
[DBG] control type=35
[DBG] control type=35
[DBG] control type=35
[DBG] Buffering 99%
[DBG] control type=35
[DBG] control type=35
[DBG] control type=35
[DBG] control type=35
[DBG] control type=35
9:57:08.215 PM [player] buffering 1.0
[DBG] Stream buffering done (1051 ms in 18 ms)
[DBG] Decoder wait done in 0 ms
[DBG] control type=35
[DBG] control type=35
[ERR] ES_OUT_SET_(GROUP_)PCR  is called 9787 ms late (jitter of 9799 ms ignored)
[DBG] ES_OUT_RESET_PCR called
9:57:08.215 PM [player] buffering 0.0
[DBG] control type=35
[DBG] control type=35
[DBG] control type=35
[DBG] control type=35
[DBG] control type=35
[DBG] Buffering 0%
9:57:08.223 PM [player] buffering 0.0
[DBG] control type=35
[DBG] control type=35
[DBG] Buffering 4%
[DBG] control type=35
[DBG] control type=35
[DBG] control type=35
[DBG] control type=35
[DBG] control type=35
[DBG] control type=35
[DBG] Buffering 9%
[DBG] control type=35
[DBG] control type=35
[DBG] control type=35
[DBG] Buffering 13%
[DBG] control type=35
[DBG] control type=35
[DBG] control type=35
[DBG] control type=35
[DBG] control type=35
[DBG] control type=35
[DBG] Buffering 16%
[DBG] control type=35
[DBG] control type=35
[DBG] Buffering 18%
[DBG] control type=35
[DBG] Buffering 21%
[DBG] control type=35
[DBG] control type=35
[DBG] control type=35
[DBG] control type=35
[DBG] control type=35
[DBG] control type=35
[DBG] control type=35
[DBG] control type=35
[DBG] control type=35
[DBG] control type=35
[DBG] control type=35
[DBG] Buffering 35%
[DBG] control type=35
[DBG] control type=35
[DBG] control type=35
[DBG] control type=35
[DBG] control type=35
[DBG] control type=35
[DBG] control type=35
[DBG] control type=35
[DBG] Buffering 36%
[DBG] Buffering 43%
[DBG] Buffering 44%
[DBG] control type=35
[DBG] Buffering 46%
[DBG] control type=35
[DBG] control type=35
[DBG] control type=35
[DBG] control type=35
[DBG] Received first picture
9:57:08.230 PM [framestep] nextFrameStepped result=0 time=19537 ms
[DBG] Buffering 50%
[DBG] control type=35
[DBG] control type=35
[DBG] control type=35
[DBG] Buffering 54%
[DBG] control type=35
[DBG] Buffering 55%
[DBG] Buffering 60%
[DBG] control type=35
[DBG] control type=35
[DBG] control type=35
[DBG] Buffering 63%
[DBG] Buffering 68%
[DBG] control type=35
[DBG] control type=35
[DBG] Buffering 71%
[DBG] control type=35
[DBG] control type=35
[DBG] control type=35
[DBG] control type=35
[DBG] control type=35
[DBG] control type=35
[DBG] control type=35
[DBG] control type=35
[DBG] control type=35
[DBG] control type=35
[DBG] control type=35
[DBG] Buffering 86%
[DBG] control type=35
[DBG] control type=35
[DBG] control type=35
[DBG] control type=35
[DBG] control type=35
[DBG] Buffering 93%
[DBG] control type=35
[DBG] control type=35
[DBG] Buffering 96%
[DBG] control type=35
[DBG] Stream buffering done (1001 ms in 14 ms)
9:57:08.238 PM [player] buffering 1.0
[DBG] Decoder wait done in 0 ms
[DBG] control type=35
[ERR] ES_OUT_SET_(GROUP_)PCR  is called 9844 ms late (jitter of 9802 ms ignored)
[DBG] ES_OUT_RESET_PCR called
9:57:08.238 PM [player] buffering 0.0
[DBG] control type=35
[DBG] control type=35
[DBG] control type=35
[DBG] control type=35
[DBG] control type=35
[DBG] control type=35
[DBG] control type=35
[DBG] control type=35
9:57:08.240 PM [player] buffering 0.0
[DBG] Buffering 0%
[DBG] control type=35
[DBG] control type=35
[DBG] Buffering 3%
[DBG] control type=35
[DBG] control type=35
[DBG] control type=35
[DBG] Buffering 5%
[DBG] control type=35
[DBG] control type=35
[DBG] control type=35
[DBG] control type=35
[DBG] Buffering 8%
[DBG] control type=35
[DBG] control type=35
[DBG] control type=35
[DBG] Buffering 11%
[DBG] control type=35
[DBG] control type=35
[DBG] control type=35
[DBG] control type=35
[DBG] control type=35
[DBG] control type=35
[DBG] control type=35
[DBG] control type=35
[DBG] control type=35
[DBG] control type=35
[DBG] control type=35
[DBG] control type=35
[DBG] control type=35
[DBG] control type=35
[DBG] control type=35
[DBG] Buffering 27%
[DBG] control type=35
[DBG] control type=35
[DBG] control type=35
[DBG] control type=35
[DBG] control type=35
[DBG] control type=35
[DBG] control type=35
[DBG] control type=35
[DBG] control type=35
[DBG] control type=35
[DBG] Buffering 33%
[DBG] Buffering 36%
[DBG] control type=35
[DBG] Buffering 40%
[DBG] Buffering 45%
[DBG] Buffering 46%
[DBG] control type=35
[DBG] control type=35
[DBG] Buffering 50%
[DBG] control type=35
[DBG] control type=35
[DBG] Buffering 53%
[DBG] Buffering 56%
[DBG] Buffering 58%
[DBG] control type=35
[DBG] Buffering 61%
[DBG] control type=35
[DBG] Received first picture
9:57:08.248 PM [framestep] nextFrameStepped result=0 time=19537 ms
[DBG] control type=35
[DBG] control type=35
[DBG] control type=35
[DBG] Buffering 75%
[DBG] control type=35
[DBG] control type=35
[DBG] control type=35
[DBG] control type=35
[DBG] control type=35
[DBG] Buffering 76%
[DBG] control type=35
[DBG] control type=35
[DBG] control type=35
[DBG] Buffering 83%
[DBG] Buffering 85%
[DBG] control type=35
[DBG] control type=35
[DBG] control type=35
[DBG] Buffering 86%
[DBG] Buffering 90%
[DBG] control type=35
[DBG] control type=35
[DBG] Buffering 94%
[DBG] control type=35
[DBG] Buffering 95%
[DBG] control type=35
9:57:08.254 PM [player] buffering 1.0
[DBG] Stream buffering done (1001 ms in 13 ms)
[DBG] Decoder wait done in 0 ms
[DBG] control type=35
[DBG] control type=35
[DBG] control type=35
[ERR] ES_OUT_SET_(GROUP_)PCR  is called 9878 ms late (jitter of 9844 ms ignored)
[DBG] ES_OUT_RESET_PCR called
9:57:08.255 PM [player] buffering 0.0
[DBG] control type=35
[DBG] control type=35
[DBG] control type=35
[DBG] control type=35
[DBG] control type=35
[DBG] control type=35
[DBG] control type=35
9:57:08.255 PM [player] buffering 0.0
[DBG] Buffering 0%
[DBG] control type=35
[DBG] control type=35
[DBG] Buffering 3%
[DBG] control type=35
[DBG] control type=35
[DBG] control type=35
[DBG] control type=35
[DBG] control type=35
[DBG] control type=35
[DBG] control type=35
[DBG] control type=35
[DBG] control type=35
[DBG] control type=35
[DBG] control type=35
[DBG] control type=35
[DBG] control type=35
[DBG] control type=35
[DBG] Buffering 18%
[DBG] control type=35
[DBG] control type=35
[DBG] control type=35
[DBG] control type=35
[DBG] control type=35
[DBG] control type=35
[DBG] control type=35
[DBG] control type=35
[DBG] control type=35
[DBG] control type=35
[DBG] control type=35
[DBG] control type=35
[DBG] control type=35
[DBG] Buffering 25%
[DBG] control type=35
[DBG] Buffering 28%
[DBG] control type=35
[DBG] Received first picture
9:57:08.261 PM [framestep] nextFrameStepped result=0 time=19537 ms
[DBG] control type=35
[DBG] control type=35
[DBG] control type=35
[DBG] Buffering 31%
[DBG] Buffering 36%
[DBG] control type=35
[DBG] control type=35
[DBG] control type=35
[DBG] Buffering 41%
[DBG] control type=35
[DBG] control type=35
[DBG] Buffering 45%
[DBG] control type=35
[DBG] Buffering 47%
[DBG] control type=35
[DBG] Buffering 50%
[DBG] Buffering 53%
[DBG] control type=35
[DBG] control type=35
[DBG] control type=35
[DBG] control type=35
[DBG] control type=35
[DBG] control type=35
[DBG] control type=35
[DBG] Buffering 69%
[DBG] control type=35
[DBG] control type=35
[DBG] control type=35
[DBG] control type=35
[DBG] control type=35
[DBG] control type=35
[DBG] control type=35
[DBG] control type=35
[DBG] Buffering 75%
[DBG] control type=35
[DBG] Buffering 78%
[DBG] control type=35
[DBG] control type=35
[DBG] Buffering 81%
[DBG] control type=35
[DBG] Buffering 86%
[DBG] Buffering 88%
[DBG] control type=35
[DBG] control type=35
[DBG] control type=35
[DBG] control type=35
[DBG] Buffering 91%
[DBG] control type=35
[DBG] Buffering 95%
[DBG] control type=35
[DBG] Buffering 98%
[DBG] control type=35
9:57:08.273 PM [player] buffering 1.0
[DBG] Stream buffering done (1001 ms in 18 ms)
[DBG] Decoder wait done in 0 ms
[ERR] ES_OUT_SET_(GROUP_)PCR  is called 9897 ms late (jitter of 9878 ms ignored)
[DBG] ES_OUT_RESET_PCR called
9:57:08.274 PM [player] buffering 0.0
[DBG] control type=35
[DBG] control type=35
[DBG] control type=35
[DBG] control type=35
[DBG] control type=35
[DBG] control type=35
[DBG] control type=35
[DBG] control type=35
[DBG] Buffering 0%
9:57:08.276 PM [player] buffering 0.0
[DBG] control type=35
[DBG] control type=35
[DBG] control type=35
[DBG] control type=35
[DBG] control type=35
[DBG] control type=35
[DBG] control type=35
[DBG] control type=35
[DBG] control type=35
[DBG] control type=35
[DBG] Buffering 7%
[DBG] control type=35
[DBG] Buffering 9%
[DBG] Buffering 10%
[DBG] control type=35
[DBG] Received first picture
9:57:08.281 PM [framestep] nextFrameStepped result=0 time=19537 ms
[DBG] control type=35
[DBG] control type=35
[DBG] control type=35
[DBG] control type=35
[DBG] Buffering 14%
[DBG] control type=35
[DBG] Buffering 19%
[DBG] control type=35
[DBG] control type=35
[DBG] control type=35
[DBG] control type=35
[DBG] Buffering 24%
[DBG] Buffering 27%
[DBG] control type=35
[DBG] control type=35
[DBG] Buffering 32%
[DBG] control type=35
[DBG] control type=35
[DBG] Buffering 35%
[DBG] control type=35
[DBG] control type=35
[DBG] control type=35
[DBG] control type=35
[DBG] Buffering 51%
[DBG] control type=35
[DBG] control type=35
[DBG] control type=35
[DBG] control type=35
[DBG] Buffering 57%
[DBG] control type=35
[DBG] control type=35
[DBG] Buffering 60%
[DBG] control type=35
[DBG] control type=35
[DBG] Buffering 64%
[DBG] control type=35
[DBG] control type=35
[DBG] Buffering 69%
[DBG] control type=35
[DBG] control type=35
[DBG] Buffering 74%
[DBG] control type=35
[DBG] Buffering 77%
[DBG] control type=35
[DBG] Buffering 80%
[DBG] control type=35
[DBG] control type=35
[DBG] Buffering 82%
[DBG] control type=35
[DBG] Buffering 85%
[DBG] control type=35
[DBG] control type=35
[DBG] control type=35
[DBG] control type=35
[DBG] control type=35
[DBG] control type=35
[DBG] control type=35
[DBG] control type=35
9:57:08.295 PM [player] buffering 1.0
[DBG] Stream buffering done (1024 ms in 19 ms)
[DBG] Decoder wait done in 0 ms
[DBG] control type=35
[DBG] control type=35
[DBG] control type=35
[DBG] control type=35
[DBG] control type=35
[DBG] control type=35
[DBG] control type=35
[ERR] ES_OUT_SET_(GROUP_)PCR  is called 9879 ms late (jitter of 9879 ms ignored)
[DBG] ES_OUT_RESET_PCR called
9:57:08.297 PM [player] buffering 0.0
[DBG] control type=35
[DBG] control type=35
[DBG] control type=35
9:57:08.298 PM [player] buffering 0.0
[DBG] Buffering 0%
[DBG] control type=35
[DBG] control type=35
[DBG] control type=35
[DBG] control type=35
[DBG] control type=35
[DBG] Buffering 3%
[DBG] control type=35
[DBG] control type=35
[DBG] Buffering 8%
[DBG] control type=35
[DBG] control type=35
[DBG] control type=35
[DBG] control type=35
[DBG] Buffering 10%
[DBG] control type=35
[DBG] control type=35
[DBG] control type=35
[DBG] control type=35
[DBG] Buffering 13%
[DBG] control type=35
[DBG] control type=35
[DBG] Buffering 16%
[DBG] control type=35
[DBG] control type=35
[DBG] control type=35
[DBG] control type=35
[DBG] Buffering 20%
[DBG] control type=35
[DBG] control type=35
[DBG] Buffering 21%
[DBG] control type=35
[DBG] control type=35
[DBG] control type=35
[DBG] Buffering 25%
[DBG] control type=35
[DBG] control type=35
[DBG] control type=35
[DBG] control type=35
[DBG] control type=35
[DBG] control type=35
[DBG] Buffering 39%
[DBG] control type=35
[DBG] control type=35
[DBG] control type=35
[DBG] control type=35
[DBG] control type=35
[DBG] control type=35
[DBG] control type=35
[DBG] control type=35
[DBG] control type=35
[DBG] control type=35
[DBG] Buffering 40%
[DBG] control type=35
[DBG] control type=35
[DBG] control type=35
[DBG] control type=35
[DBG] control type=35
[DBG] Buffering 46%
[DBG] control type=35
[DBG] Buffering 49%
[DBG] control type=35
[DBG] Buffering 50%
[DBG] Received first picture
9:57:08.308 PM [framestep] nextFrameStepped result=0 time=19537 ms
[DBG] control type=35
[DBG] control type=35
[DBG] Buffering 53%
[DBG] control type=35
[DBG] Buffering 58%
[DBG] control type=35
[DBG] control type=35
[DBG] Buffering 63%
[DBG] control type=35
[DBG] control type=35
[DBG] control type=35
[DBG] Buffering 66%
[DBG] control type=35
[DBG] Buffering 71%
[DBG] control type=35
[DBG] Buffering 75%
[DBG] control type=35
[DBG] control type=35
[DBG] control type=35
[DBG] control type=35
[DBG] control type=35
[DBG] control type=35
[DBG] control type=35
[DBG] control type=35
[DBG] control type=35
[DBG] Buffering 90%
[DBG] control type=35
[DBG] control type=35
[DBG] control type=35
[DBG] control type=35
[DBG] control type=35
[DBG] control type=35
[DBG] control type=35
[DBG] Buffering 96%
[DBG] control type=35
9:57:08.319 PM [player] buffering 1.0
[DBG] Stream buffering done (1001 ms in 21 ms)
[DBG] Decoder wait done in 0 ms
[DBG] control type=35
[DBG] control type=35
[ERR] ES_OUT_SET_(GROUP_)PCR  is called 9944 ms late (jitter of 9897 ms ignored)
[DBG] ES_OUT_RESET_PCR called
9:57:08.321 PM [player] buffering 0.0
[DBG] control type=35
[DBG] control type=35
[DBG] control type=35
[DBG] control type=35
[DBG] control type=35
[DBG] Buffering 0%
9:57:08.321 PM [player] buffering 0.0
[DBG] control type=35
[DBG] control type=35
[DBG] control type=35
[DBG] control type=35
[DBG] control type=35
[DBG] control type=35
[DBG] control type=35
[DBG] control type=35
[DBG] Buffering 5%
[DBG] control type=35
[DBG] control type=35
[DBG] control type=35
[DBG] Buffering 8%
[DBG] control type=35
[DBG] control type=35
[DBG] control type=35
[DBG] control type=35
[DBG] Buffering 11%
[DBG] control type=35
[DBG] control type=35
[DBG] Buffering 13%
[DBG] control type=35
[DBG] control type=35
[DBG] Buffering 16%
[DBG] control type=35
[DBG] control type=35
[DBG] control type=35
[DBG] control type=35
[DBG] control type=35
[DBG] control type=35
[DBG] control type=35
[DBG] control type=35
[DBG] control type=35
[DBG] control type=35
[DBG] control type=35
[DBG] control type=35
[DBG] control type=35
[DBG] control type=35
[DBG] control type=35
[DBG] control type=35
[DBG] control type=35
[DBG] Buffering 30%
[DBG] control type=35
[DBG] control type=35
[DBG] control type=35
[DBG] control type=35
[DBG] control type=35
[DBG] control type=35
[DBG] control type=35
[DBG] Buffering 31%
[DBG] control type=35
[DBG] control type=35
[DBG] Buffering 38%
[DBG] Buffering 39%
[DBG] control type=35
[DBG] control type=35
[DBG] Buffering 41%
[DBG] Received first picture
9:57:08.329 PM [framestep] nextFrameStepped result=0 time=19537 ms
[DBG] control type=35
[DBG] control type=35
[DBG] control type=35
[DBG] control type=35
[DBG] control type=35
[DBG] control type=35
[DBG] control type=35
[DBG] Buffering 45%
[DBG] Buffering 49%
[DBG] control type=35
[DBG] control type=35
[DBG] control type=35
[DBG] Buffering 50%
[DBG] Buffering 55%
[DBG] control type=35
[DBG] control type=35
[DBG] control type=35
[DBG] control type=35
[DBG] Buffering 58%
[DBG] control type=35
[DBG] Buffering 63%
[DBG] control type=35
[DBG] Buffering 66%
[DBG] control type=35
[DBG] control type=35
[DBG] control type=35
[DBG] control type=35
[DBG] control type=35
[DBG] control type=35
[DBG] control type=35
[DBG] Buffering 81%
[DBG] control type=35
[DBG] control type=35
[DBG] control type=35
[DBG] control type=35
[DBG] control type=35
[DBG] Buffering 88%
[DBG] control type=35
[DBG] Buffering 91%
[DBG] control type=35
[DBG] control type=35
[DBG] Buffering 95%
[DBG] control type=35
[DBG] control type=35
[DBG] Stream buffering done (1001 ms in 17 ms)
9:57:08.339 PM [player] buffering 1.0
[DBG] Decoder wait done in 0 ms
[DBG] control type=35
[DBG] control type=35
[ERR] ES_OUT_SET_(GROUP_)PCR  is called 9946 ms late (jitter of 9944 ms ignored)
[DBG] ES_OUT_RESET_PCR called
9:57:08.340 PM [player] buffering 0.0
[DBG] control type=35
[DBG] control type=35
[DBG] control type=35
[DBG] Buffering 0%
9:57:08.340 PM [player] buffering 0.0
[DBG] control type=35
[DBG] control type=35
[DBG] control type=35
[DBG] control type=35
[DBG] Buffering 1%
[DBG] control type=35
[DBG] control type=35
[DBG] control type=35
[DBG] control type=35
[DBG] control type=35
[DBG] control type=35
[DBG] Buffering 4%
[DBG] control type=35
[DBG] control type=35
[DBG] control type=35
[DBG] Buffering 8%
[DBG] control type=35
[DBG] control type=35
[DBG] control type=35
[DBG] control type=35
[DBG] control type=35
[DBG] control type=35
[DBG] control type=35
[DBG] control type=35
[DBG] control type=35
[DBG] control type=35
[DBG] control type=35
[DBG] control type=35
[DBG] control type=35
[DBG] Buffering 24%
[DBG] control type=35
[DBG] control type=35
[DBG] control type=35
[DBG] control type=35
[DBG] control type=35
[DBG] control type=35
[DBG] Buffering 29%
[DBG] Buffering 33%
[DBG] control type=35
[DBG] Buffering 36%
[DBG] Buffering 41%
[DBG] control type=35
[DBG] Buffering 46%
[DBG] control type=35
[DBG] Buffering 50%
[DBG] Received first picture
9:57:08.346 PM [framestep] nextFrameStepped result=0 time=19537 ms
[DBG] control type=35
[DBG] Buffering 52%
[DBG] control type=35
[DBG] control type=35
[DBG] Buffering 55%
[DBG] Buffering 58%
[DBG] control type=35
[DBG] control type=35
[DBG] control type=35
[DBG] control type=35
[DBG] control type=35
[DBG] control type=35
[DBG] control type=35
[DBG] Buffering 72%
[DBG] control type=35
[DBG] control type=35
[DBG] control type=35
[DBG] control type=35
[DBG] control type=35
[DBG] Buffering 73%
[DBG] control type=35
[DBG] control type=35
[DBG] Buffering 80%
[DBG] Buffering 81%
[DBG] control type=35
[DBG] control type=35
[DBG] Buffering 83%
[DBG] control type=35
[DBG] Buffering 86%
[DBG] Buffering 91%
[DBG] control type=35
[DBG] control type=35
[DBG] control type=35
[DBG] Buffering 96%
[DBG] control type=35
[DBG] control type=35
[DBG] control type=35
9:57:08.352 PM [player] buffering 1.0
[DBG] Stream buffering done (1001 ms in 12 ms)
[DBG] Decoder wait done in 0 ms
[DBG] control type=35
[ERR] ES_OUT_SET_(GROUP_)PCR  is called 9959 ms late (jitter of 9946 ms ignored)
[DBG] ES_OUT_RESET_PCR called
9:57:08.352 PM [player] buffering 0.0
[DBG] control type=35
[DBG] control type=35
[DBG] control type=35
9:57:08.353 PM [player] buffering 0.0
[DBG] Buffering 0%
[DBG] control type=35
[DBG] control type=35
[DBG] control type=35
[DBG] control type=35
[DBG] control type=35
[DBG] control type=35
[DBG] control type=35
[DBG] control type=35
[DBG] control type=35
[DBG] control type=35
[DBG] Buffering 14%
[DBG] control type=35
[DBG] control type=35
[DBG] control type=35
[DBG] control type=35
[DBG] control type=35
[DBG] control type=35
[DBG] control type=35
[DBG] control type=35
[DBG] control type=35
[DBG] control type=35
[DBG] control type=35
[DBG] control type=35
[DBG] control type=35
[DBG] Buffering 21%
[DBG] control type=35
[DBG] Buffering 24%
[DBG] control type=35
[DBG] Buffering 25%
[DBG] Received first picture
9:57:08.362 PM [framestep] nextFrameStepped result=0 time=19537 ms
[DBG] control type=35
[DBG] control type=35
[DBG] control type=35
[DBG] control type=35
[DBG] control type=35
[DBG] Buffering 28%
[DBG] Buffering 33%
[DBG] control type=35
[DBG] control type=35
[DBG] control type=35
[DBG] Buffering 38%
[DBG] control type=35
[DBG] control type=35
[DBG] control type=35
[DBG] Buffering 41%
[DBG] control type=35
[DBG] Buffering 43%
[DBG] control type=35
[DBG] Buffering 46%
[DBG] Buffering 50%
[DBG] control type=35
[DBG] control type=35
[DBG] control type=35
[DBG] control type=35
[DBG] control type=35
[DBG] control type=35
[DBG] control type=35
[DBG] control type=35
[DBG] control type=35
[DBG] control type=35
[DBG] Buffering 66%
[DBG] control type=35
[DBG] control type=35
[DBG] control type=35
[DBG] control type=35
[DBG] control type=35
[DBG] Buffering 71%
[DBG] control type=35
[DBG] control type=35
[DBG] Buffering 75%
[DBG] control type=35
[DBG] control type=35
[DBG] Buffering 78%
[DBG] control type=35
[DBG] control type=35
[DBG] Buffering 83%
[DBG] Buffering 85%
[DBG] control type=35
[DBG] control type=35
[DBG] control type=35
[DBG] Buffering 88%
[DBG] Buffering 91%
[DBG] control type=35
[DBG] control type=35
[DBG] Buffering 94%
[DBG] control type=35
[DBG] control type=35
[DBG] Buffering 96%
[DBG] control type=35
9:57:08.373 PM [player] buffering 1.0
[DBG] Stream buffering done (1001 ms in 20 ms)
[DBG] Decoder wait done in 0 ms
[DBG] control type=35
[DBG] control type=35
[DBG] control type=35
[ERR] ES_OUT_SET_(GROUP_)PCR  is called 9894 ms late (jitter of 9946 ms ignored)
[DBG] ES_OUT_RESET_PCR called
9:57:08.378 PM [player] buffering 0.0
[DBG] control type=35
[DBG] control type=35
[DBG] control type=35
[DBG] control type=35
[DBG] control type=35
[DBG] control type=35
[DBG] control type=35
[DBG] control type=35
[DBG] control type=35
[DBG] control type=35
[DBG] control type=35
[DBG] control type=35
9:57:08.379 PM [player] buffering 0.0
[DBG] Buffering 0%
[DBG] control type=35
[DBG] control type=35
[DBG] control type=35
[DBG] control type=35
[DBG] control type=35
[DBG] control type=35
[DBG] Buffering 6%
[DBG] control type=35
[DBG] control type=35
[DBG] Buffering 8%
[DBG] control type=35
[DBG] control type=35
[DBG] control type=35
[DBG] control type=35
[DBG] control type=35
[DBG] Buffering 10%
[DBG] control type=35
[DBG] control type=35
[DBG] control type=35
[DBG] Buffering 13%
[DBG] control type=35
[DBG] control type=35
[DBG] Buffering 18%
[DBG] control type=35
[DBG] control type=35
[DBG] control type=35
[DBG] control type=35
[DBG] control type=35
[DBG] control type=35
[DBG] control type=35
[DBG] control type=35
[DBG] Buffering 23%
[DBG] control type=35
[DBG] control type=35
[DBG] control type=35
[DBG] control type=35
[DBG] Buffering 26%
[DBG] control type=35
[DBG] control type=35
[DBG] control type=35
[DBG] control type=35
[DBG] control type=35
[DBG] Buffering 31%
[DBG] control type=35
[DBG] control type=35
[DBG] Buffering 35%
[DBG] control type=35
[DBG] control type=35
[DBG] control type=35
[DBG] control type=35
[DBG] control type=35
[DBG] control type=35
[DBG] control type=35
[DBG] control type=35
[DBG] control type=35
[DBG] control type=35
[DBG] control type=35
[DBG] control type=35
[DBG] control type=35
[DBG] control type=35
[DBG] control type=35
[DBG] control type=35
[DBG] Buffering 50%
[DBG] control type=35
[DBG] control type=35
[DBG] control type=35
[DBG] control type=35
[DBG] Buffering 56%
[DBG] Buffering 59%
[DBG] Buffering 60%
[DBG] control type=35
[DBG] Buffering 63%
[DBG] Buffering 68%
[DBG] control type=35
[DBG] Buffering 73%
[DBG] control type=35
[DBG] control type=35
[DBG] Buffering 76%
[DBG] Buffering 79%
[DBG] Buffering 81%
[DBG] control type=35
[DBG] Buffering 85%
[DBG] control type=35
[DBG] Received first picture
9:57:08.394 PM [framestep] nextFrameStepped result=0 time=19537 ms
[DBG] control type=35
[DBG] control type=35
9:57:08.398 PM [player] buffering 1.0
[DBG] Stream buffering done (1014 ms in 18 ms)
[DBG] Decoder wait done in 0 ms
[DBG] control type=35
[DBG] control type=35
[DBG] control type=35
[DBG] control type=35
[DBG] control type=35
[DBG] control type=35
[DBG] control type=35
[DBG] control type=35
[DBG] control type=35
[ERR] ES_OUT_SET_(GROUP_)PCR  is called 9991 ms late (jitter of 9959 ms ignored)
[DBG] ES_OUT_RESET_PCR called
9:57:08.401 PM [player] buffering 0.0
[DBG] control type=35
[DBG] control type=35
[DBG] control type=35
[DBG] control type=35
9:57:08.401 PM [player] buffering 0.0
[DBG] Buffering 0%
[DBG] control type=35
[DBG] control type=35
[DBG] control type=35
[DBG] control type=35
[DBG] Buffering 3%
[DBG] control type=35
[DBG] control type=35
[DBG] control type=35
[DBG] Buffering 8%
[DBG] control type=35
[DBG] control type=35
[DBG] control type=35
[DBG] Buffering 10%
[DBG] control type=35
[DBG] control type=35
[DBG] control type=35
[DBG] control type=35
[DBG] Buffering 13%
[DBG] control type=35
[DBG] control type=35
[DBG] control type=35
[DBG] Buffering 16%
[DBG] control type=35
[DBG] control type=35
[DBG] Buffering 20%
[DBG] control type=35
[DBG] control type=35
[DBG] control type=35
[DBG] Buffering 21%
[DBG] control type=35
[DBG] control type=35
[DBG] Buffering 25%
[DBG] control type=35
[DBG] control type=35
[DBG] control type=35
[DBG] control type=35
[DBG] control type=35
[DBG] control type=35
[DBG] control type=35
[DBG] control type=35
[DBG] control type=35
[DBG] control type=35
[DBG] control type=35
[DBG] control type=35
[DBG] control type=35
[DBG] Buffering 39%
[DBG] control type=35
[DBG] control type=35
[DBG] control type=35
[DBG] control type=35
[DBG] Buffering 40%
[DBG] control type=35
[DBG] control type=35
[DBG] Buffering 46%
[DBG] Buffering 48%
[DBG] Buffering 50%
[DBG] control type=35
[DBG] control type=35
[DBG] control type=35
[DBG] Buffering 53%
[DBG] Received first picture
9:57:08.412 PM [framestep] nextFrameStepped result=0 time=19537 ms
[DBG] Buffering 58%
[DBG] control type=35
[DBG] Buffering 63%
[DBG] control type=35
[DBG] control type=35
[DBG] Buffering 66%
[DBG] control type=35
[DBG] control type=35
[DBG] control type=35
[DBG] control type=35
[DBG] Buffering 71%
[DBG] control type=35
[DBG] Buffering 75%
[DBG] control type=35
[DBG] control type=35
[DBG] control type=35
[DBG] control type=35
[DBG] Buffering 90%
[DBG] control type=35
[DBG] control type=35
[DBG] control type=35
[DBG] control type=35
[DBG] control type=35
[DBG] control type=35
[DBG] control type=35
[DBG] control type=35
[DBG] control type=35
[DBG] control type=35
[DBG] Buffering 96%
[DBG] control type=35
[DBG] Stream buffering done (1001 ms in 18 ms)
9:57:08.420 PM [player] buffering 1.0
[DBG] Decoder wait done in 0 ms
[DBG] control type=35
[DBG] control type=35
[DBG] control type=35
[DBG] control type=35
[DBG] control type=35
[ERR] ES_OUT_SET_(GROUP_)PCR  is called 10050 ms late (jitter of 9991 ms ignored)
[DBG] ES_OUT_RESET_PCR called
9:57:08.427 PM [player] buffering 0.0
[DBG] control type=35
[DBG] control type=35
[DBG] control type=35
9:57:08.427 PM [player] buffering 0.0
[DBG] Buffering 0%
[DBG] control type=35
[DBG] control type=35
[DBG] control type=35
[DBG] control type=35
[DBG] Buffering 5%
[DBG] control type=35
[DBG] control type=35
[DBG] not really pausing SPU
[DBG] control type=35
[DBG] control type=35
[DBG] Buffering 8%
[DBG] control type=35
[DBG] control type=35
[DBG] control type=35
[DBG] Buffering 10%
[DBG] control type=35
[DBG] control type=35
[DBG] Buffering 13%
[DBG] control type=35
[DBG] Buffering 16%
[DBG] control type=35
[DBG] control type=35
[DBG] control type=35
[DBG] control type=35
[DBG] control type=35
[DBG] control type=35
[DBG] control type=35
[DBG] control type=35
[DBG] Buffering 33%
[DBG] control type=35
[DBG] control type=35
[DBG] control type=35
[DBG] control type=35
[DBG] control type=35
[DBG] Buffering 38%
[DBG] control type=35
[DBG] Buffering 41%
[DBG] Received first picture
9:57:08.437 PM [framestep] nextFrameStepped result=0 time=19537 ms
[DBG] Buffering 45%
[DBG] Buffering 50%
[DBG] Buffering 52%
[DBG] Buffering 55%
[DBG] Buffering 58%
[DBG] Buffering 62%
[DBG] Buffering 63%
[DBG] Buffering 66%
[DBG] Buffering 81%
[DBG] Buffering 88%
[DBG] Buffering 90%
[DBG] Buffering 91%
[DBG] Buffering 95%
9:57:08.447 PM [player] buffering 1.0
[DBG] Stream buffering done (1001 ms in 19 ms)
[DBG] Decoder wait done in 0 ms
[DBG] control type=35
[ERR] ES_OUT_SET_(GROUP_)PCR  is called 10053 ms late (jitter of 10050 ms ignored)
[DBG] Creating new family for 'helvetica neue'
[DBG] ES_OUT_RESET_PCR called
9:57:08.447 PM [player] buffering 0.0
[DBG] New font: (HelveticaNeue) 0 path '/System/Library/Fonts/Core/HelveticaNeue.ttc'
[DBG] New font: (HelveticaNeue-Italic) 2 path '/System/Library/Fonts/Core/HelveticaNeue.ttc'
[DBG] New font: (HelveticaNeue) 0 path '/System/Library/Fonts/Core/HelveticaNeue.ttc'
[DBG] New font: (HelveticaNeue-Medium) 1 path '/System/Library/Fonts/Core/HelveticaNeue.ttc'
[DBG] New font: (HelveticaNeue-MediumItalic) 3 path '/System/Library/Fonts/Core/HelveticaNeue.ttc'
[DBG] New font: (HelveticaNeue-Bold) 1 path '/System/Library/Fonts/Core/HelveticaNeue.ttc'
[DBG] New font: (HelveticaNeue-BoldItalic) 3 path '/System/Library/Fonts/Core/HelveticaNeue.ttc'
[DBG] New font: (HelveticaNeue-CondensedBold) 1 path '/System/Library/Fonts/Core/HelveticaNeueExtras.ttc'
[DBG] New font: (HelveticaNeue-Light) 0 path '/System/Library/Fonts/Core/HelveticaNeue.ttc'
[DBG] New font: (HelveticaNeue-LightItalic) 2 path '/System/Library/Fonts/Core/HelveticaNeue.ttc'
[DBG] New font: (HelveticaNeue-CondensedBlack) 1 path '/System/Library/Fonts/Core/HelveticaNeueExtras.ttc'
[DBG] New font: (HelveticaNeue-Thin) 0 path '/System/Library/Fonts/Core/HelveticaNeue.ttc'
[DBG] New font: (HelveticaNeue-ThinItalic) 2 path '/System/Library/Fonts/Core/HelveticaNeue.ttc'
[DBG] New font: (HelveticaNeue-UltraLight) 0 path '/System/Library/Fonts/Core/HelveticaNeue.ttc'
[DBG] New font: (HelveticaNeue-UltraLightItalic) 2 path '/System/Library/Fonts/Core/HelveticaNeue.ttc'
[DBG] control type=35
[DBG] control type=35
[DBG] control type=35
[DBG] control type=35
[DBG] control type=35
[DBG] control type=35
[DBG] control type=35
[DBG] control type=35
9:57:08.486 PM [player] buffering 0.0
[DBG] Buffering 0%
[DBG] control type=35
[DBG] control type=35
[DBG] control type=35
[DBG] Buffering 5%
[DBG] control type=35
[DBG] control type=35
[DBG] control type=35
[DBG] control type=35
[DBG] Buffering 8%
[DBG] control type=35
[DBG] control type=35
[DBG] control type=35
[DBG] control type=35
[DBG] control type=35
[DBG] control type=35
[DBG] Buffering 24%
[DBG] control type=35
[DBG] control type=35
[DBG] control type=35
[DBG] control type=35
[DBG] control type=35
[DBG] Buffering 30%
[DBG] Buffering 33%
[DBG] control type=35
[DBG] Buffering 36%
[DBG] Buffering 41%
[DBG] control type=35
[DBG] Buffering 46%
[DBG] Buffering 50%
[DBG] Buffering 52%
[DBG] Buffering 55%
[DBG] control type=35
[DBG] Buffering 58%
[DBG] control type=35
[DBG] Buffering 72%
[DBG] control type=35
[DBG] Buffering 73%
[DBG] Buffering 80%
[DBG] Buffering 81%
[DBG] Buffering 83%
[DBG] control type=35
[DBG] Buffering 86%
[DBG] Buffering 91%
[DBG] control type=35
[DBG] Buffering 96%
[DBG] control type=35
[DBG] Stream buffering done (1001 ms in 1 ms)
9:57:08.488 PM [player] buffering 1.0
[DBG] Decoder wait done in 0 ms
[ERR] ES_OUT_SET_(GROUP_)PCR  is called 10094 ms late (jitter of 10053 ms ignored)
[DBG] ES_OUT_RESET_PCR called
9:57:08.488 PM [player] buffering 0.0
[DBG] control type=35
[DBG] control type=35
[DBG] Buffering 0%
9:57:08.488 PM [player] buffering 0.0
[DBG] control type=35
[DBG] control type=35
[DBG] control type=35
[DBG] control type=35
[DBG] control type=35
[DBG] control type=35
[DBG] control type=35
[DBG] control type=35
[DBG] Buffering 14%
[DBG] control type=35
[DBG] control type=35
[DBG] control type=35
[DBG] control type=35
[DBG] control type=35
[DBG] Buffering 15%
[DBG] Buffering 21%
[DBG] Buffering 24%
[DBG] control type=35
[DBG] Buffering 25%
[DBG] Buffering 28%
[DBG] Buffering 33%
[DBG] control type=35
[DBG] Buffering 38%
[DBG] Buffering 41%
[DBG] Buffering 43%
[DBG] control type=35
[DBG] Buffering 46%
[DBG] Buffering 50%
[DBG] control type=35
[DBG] control type=35
[DBG] Buffering 66%
[DBG] control type=35
[DBG] Buffering 71%
[DBG] Buffering 75%
[DBG] control type=35
[DBG] Buffering 78%
[DBG] Buffering 83%
[DBG] Buffering 85%
[DBG] control type=35
[DBG] Buffering 88%
[DBG] Buffering 91%
[DBG] Buffering 94%
[DBG] Buffering 96%
[DBG] control type=35
[DBG] control type=35
[DBG] control type=35
9:57:08.490 PM [player] buffering 1.0
[DBG] Stream buffering done (1001 ms in 1 ms)
[DBG] Decoder wait done in 0 ms
[DBG] control type=35
9:57:08.490 PM [framestep] nextFrameStepped result=0 time=19537 ms
[ERR] ES_OUT_SET_(GROUP_)PCR  is called 10009 ms late (jitter of 10053 ms ignored)
[DBG] ES_OUT_RESET_PCR called
9:57:08.492 PM [player] buffering 0.0
[DBG] control type=35
[DBG] control type=35
[DBG] control type=35
[DBG] control type=35
[DBG] control type=35
[DBG] control type=35
[DBG] control type=35
[DBG] control type=35
[DBG] control type=35
[DBG] control type=35
[DBG] control type=35
[DBG] control type=35
[DBG] control type=35
9:57:08.575 PM [player] buffering 0.0
[DBG] Buffering 0%
[DBG] control type=35
[DBG] control type=35
[DBG] control type=35
[DBG] Buffering 6%
[DBG] control type=35
[DBG] control type=35
[DBG] control type=35
[DBG] Buffering 8%
[DBG] control type=35
[DBG] control type=35
[DBG] control type=35
[DBG] control type=35
[DBG] control type=35
[DBG] Buffering 9%
[DBG] control type=35
[DBG] control type=35
[DBG] Buffering 13%
[DBG] control type=35
[DBG] control type=35
[DBG] control type=35
[DBG] Buffering 18%
[DBG] control type=35
[DBG] control type=35
[DBG] control type=35
[DBG] control type=35
[DBG] control type=35
[DBG] Buffering 23%
[DBG] control type=35
[DBG] control type=35
[DBG] control type=35
[DBG] control type=35
[DBG] control type=35
[DBG] control type=35
[DBG] Buffering 26%
[DBG] control type=35
[DBG] control type=35
[DBG] control type=35
[DBG] Buffering 31%
[DBG] control type=35
[DBG] control type=35
[DBG] control type=35
[DBG] Buffering 35%
[DBG] control type=35
[DBG] control type=35
[DBG] control type=35
[DBG] control type=35
[DBG] control type=35
[DBG] control type=35
[DBG] control type=35
[DBG] Buffering 50%
[DBG] control type=35
[DBG] control type=35
[DBG] control type=35
[DBG] control type=35
[DBG] control type=35
[DBG] Buffering 56%
[DBG] Buffering 59%
[DBG] control type=35
[DBG] Buffering 60%
[DBG] Buffering 63%
[DBG] Buffering 68%
[DBG] control type=35
[DBG] Buffering 73%
[DBG] Buffering 76%
[DBG] Buffering 78%
[DBG] control type=35
[DBG] Buffering 81%
[DBG] Buffering 85%
[DBG] control type=35
[DBG] control type=35
[DBG] Stream buffering done (1012 ms in 2 ms)
9:57:08.578 PM [player] buffering 1.0
[DBG] Decoder wait done in 0 ms
[DBG] control type=35
[DBG] control type=35
[ERR] ES_OUT_SET_(GROUP_)PCR  is called 10168 ms late (jitter of 10094 ms ignored)
[DBG] ES_OUT_RESET_PCR called
9:57:08.578 PM [player] buffering 0.0
[DBG] control type=35
[DBG] control type=35
9:57:08.578 PM [player] buffering 0.0
[DBG] Buffering 0%
[DBG] control type=35
[DBG] Buffering 3%
[DBG] Buffering 8%
[DBG] control type=35
[DBG] Buffering 10%
[DBG] control type=35
[DBG] Buffering 13%
[DBG] Buffering 16%
[DBG] Buffering 20%
[DBG] control type=35
[DBG] Buffering 21%
[DBG] Buffering 25%
[DBG] control type=35
[DBG] control type=35
[DBG] control type=35
[DBG] control type=35
[DBG] Buffering 39%
[DBG] control type=35
[DBG] control type=35
[DBG] control type=35
[DBG] control type=35
[DBG] control type=35
[DBG] Buffering 40%
[DBG] Buffering 46%
[DBG] Buffering 48%
[DBG] Buffering 50%
[DBG] control type=35
[DBG] Buffering 53%
[DBG] Buffering 58%
[DBG] control type=35
[DBG] Buffering 63%
[DBG] control type=35
[DBG] Buffering 66%
[DBG] Buffering 71%
[DBG] Buffering 75%
[DBG] control type=35
[DBG] control type=35
[DBG] Buffering 90%
[DBG] control type=35
[DBG] Buffering 96%
9:57:08.581 PM [player] buffering 1.0
[DBG] Stream buffering done (1000 ms in 2 ms)
[DBG] Decoder wait done in 0 ms
[ERR] ES_OUT_SET_(GROUP_)PCR  is called 10237 ms late (jitter of 10168 ms ignored)
[DBG] ES_OUT_RESET_PCR called
9:57:08.581 PM [player] buffering 0.0
[DBG] control type=35
[DBG] control type=35
9:57:08.581 PM [player] buffering 0.0
[DBG] Buffering 0%
[DBG] control type=35
[DBG] Buffering 5%
[DBG] control type=35
[DBG] control type=35
[DBG] control type=35
[DBG] control type=35
[DBG] control type=35
[DBG] control type=35
[DBG] Buffering 10%
[DBG] control type=35
[DBG] control type=35
[DBG] Buffering 13%
[DBG] control type=35
[DBG] control type=35
[DBG] control type=35
[DBG] control type=35
[DBG] Buffering 15%
[DBG] control type=35
[DBG] control type=35
[DBG] Buffering 18%
[DBG] control type=35
[DBG] Buffering 21%
[DBG] control type=35
[DBG] control type=35
[DBG] control type=35
[DBG] control type=35
[DBG] control type=35
[DBG] control type=35
[DBG] control type=35
[DBG] Buffering 38%
[DBG] control type=35
[DBG] control type=35
[DBG] control type=35
[DBG] control type=35
[DBG] control type=35
[DBG] control type=35
[DBG] Buffering 43%
[DBG] Buffering 46%
[DBG] control type=35
[DBG] Buffering 50%
[DBG] Buffering 55%
[DBG] Buffering 57%
[DBG] control type=35
[DBG] Buffering 60%
[DBG] Buffering 63%
[DBG] Buffering 66%
[DBG] control type=35
[DBG] Buffering 68%
[DBG] Buffering 71%
[DBG] control type=35
[DBG] Buffering 86%
[DBG] control type=35
[DBG] Buffering 93%
[DBG] Buffering 95%
[DBG] control type=35
[DBG] Buffering 96%
9:57:08.583 PM [player] buffering 1.0
[DBG] Stream buffering done (1001 ms in 2 ms)
[DBG] Decoder wait done in 0 ms
[ERR] ES_OUT_SET_(GROUP_)PCR  is called 10189 ms late (jitter of 10189 ms ignored)
[DBG] ES_OUT_RESET_PCR called
9:57:08.583 PM [player] buffering 0.0
[DBG] control type=35
[DBG] control type=35
[DBG] Buffering 0%
9:57:08.584 PM [player] buffering 0.0
[DBG] control type=35
[DBG] Buffering 3%
[DBG] Buffering 8%
[DBG] Buffering 11%
[DBG] control type=35
[DBG] control type=35
[DBG] control type=35
[DBG] control type=35
[DBG] control type=35
[DBG] Buffering 27%
[DBG] control type=35
[DBG] control type=35
[DBG] control type=35
[DBG] control type=35
[DBG] control type=35
[DBG] Buffering 33%
[DBG] control type=35
[DBG] control type=35
[DBG] Buffering 36%
[DBG] control type=35
[DBG] Buffering 40%
[DBG] Buffering 45%
[DBG] control type=35
[DBG] control type=35
[DBG] Buffering 50%
[DBG] Buffering 53%
[DBG] Buffering 56%
[DBG] control type=35
[DBG] control type=35
[DBG] Buffering 58%
[DBG] Buffering 61%
[DBG] control type=35
[DBG] control type=35
[DBG] Buffering 75%
[DBG] Buffering 76%
[DBG] control type=35
[DBG] Buffering 83%
[DBG] Buffering 84%
[DBG] control type=35
[DBG] Buffering 86%
[DBG] Buffering 90%
[DBG] Buffering 94%
[DBG] control type=35
[DBG] Buffering 95%
[DBG] control type=35
9:57:08.586 PM [player] buffering 1.0
[DBG] Stream buffering done (1001 ms in 2 ms)
[DBG] Decoder wait done in 0 ms
[DBG] control type=35
[DBG] control type=35
[ERR] ES_OUT_SET_(GROUP_)PCR  is called 10209 ms late (jitter of 10209 ms ignored)
[DBG] ES_OUT_RESET_PCR called
9:57:08.586 PM [player] buffering 0.0
[DBG] control type=35
[DBG] control type=35
[DBG] Buffering 0%
9:57:08.586 PM [player] buffering 0.0
[DBG] Buffering 3%
[DBG] control type=35
[DBG] control type=35
[DBG] control type=35
[DBG] control type=35
[DBG] control type=35
[DBG] control type=35
[DBG] control type=35
[DBG] control type=35
[DBG] control type=35
[DBG] control type=35
[DBG] control type=35
[DBG] control type=35
[DBG] control type=35
[DBG] control type=35
[DBG] control type=35
[DBG] control type=35
[DBG] control type=35
[DBG] control type=35
[DBG] Buffering 18%
[DBG] control type=35
[DBG] control type=35
[DBG] control type=35
[DBG] control type=35
[DBG] control type=35
[DBG] control type=35
[DBG] control type=35
[DBG] control type=35
[DBG] control type=35
[DBG] control type=35
[DBG] control type=35
[DBG] control type=35
[DBG] control type=35
[DBG] control type=35
[DBG] control type=35
[DBG] Received first picture
9:57:08.591 PM [framestep] nextFrameStepped result=0 time=19537 ms
[DBG] Buffering 25%
[DBG] control type=35
[DBG] control type=35
[DBG] control type=35
[DBG] control type=35
[DBG] control type=35
[DBG] control type=35
[DBG] Buffering 27%
[DBG] Buffering 28%
[DBG] control type=35
[DBG] Buffering 31%
[DBG] control type=35
[DBG] control type=35
[DBG] control type=35
[DBG] Buffering 36%
[DBG] control type=35
[DBG] control type=35
[DBG] Buffering 41%
[DBG] control type=35
[DBG] control type=35
[DBG] control type=35
[DBG] control type=35
[DBG] control type=35
[DBG] control type=35
[DBG] Buffering 45%
[DBG] Buffering 50%
[DBG] control type=35
[DBG] control type=35
[DBG] Buffering 53%
[DBG] control type=35
[DBG] control type=35
[DBG] control type=35
[DBG] control type=35
[DBG] control type=35
[DBG] Buffering 69%
[DBG] control type=35
[DBG] control type=35
[DBG] control type=35
[DBG] control type=35
[DBG] control type=35
[DBG] control type=35
[DBG] Buffering 75%
[DBG] control type=35
[DBG] Buffering 78%
[DBG] control type=35
[DBG] Buffering 81%
[DBG] control type=35
[DBG] Buffering 86%
[DBG] control type=35
[DBG] Buffering 91%
[DBG] control type=35
[DBG] control type=35
[DBG] control type=35
[DBG] Buffering 95%
[DBG] control type=35
[DBG] control type=35
[DBG] control type=35
[DBG] Buffering 98%
[DBG] control type=35
9:57:08.606 PM [player] buffering 1.0
[DBG] Stream buffering done (1001 ms in 20 ms)
[DBG] Decoder wait done in 0 ms
[ERR] ES_OUT_SET_(GROUP_)PCR  is called 10229 ms late (jitter of 10209 ms ignored)
[DBG] ES_OUT_RESET_PCR called
9:57:08.606 PM [player] buffering 0.0
[DBG] control type=35
[DBG] control type=35
[DBG] control type=35
[DBG] control type=35
[DBG] control type=35
[DBG] control type=35
[DBG] control type=35
[DBG] control type=35
[DBG] control type=35
[DBG] Buffering 0%
9:57:08.611 PM [player] buffering 0.0
[DBG] control type=35
[DBG] control type=35
[DBG] control type=35
[DBG] control type=35
[DBG] control type=35
[DBG] control type=35
[DBG] control type=35
[DBG] control type=35
[DBG] control type=35
[DBG] control type=35
[DBG] control type=35
[DBG] control type=35
[DBG] control type=35
[DBG] control type=35
[DBG] Buffering 1%
[DBG] control type=35
[DBG] control type=35
[DBG] Buffering 7%
[DBG] control type=35
[DBG] Buffering 9%
[DBG] control type=35
[DBG] Buffering 11%
[DBG] Buffering 14%
[DBG] Buffering 19%
[DBG] control type=35
[DBG] Received first picture
9:57:08.615 PM [framestep] nextFrameStepped result=0 time=19537 ms
[DBG] control type=35
[DBG] control type=35
[DBG] control type=35
[DBG] Buffering 24%
[DBG] control type=35
[DBG] control type=35
[DBG] control type=35
[DBG] Buffering 27%
[DBG] control type=35
[DBG] Buffering 33%
[DBG] control type=35
[DBG] Buffering 36%
[DBG] control type=35
[DBG] control type=35
[DBG] control type=35
[DBG] Buffering 51%
[DBG] control type=35
[DBG] control type=35
[DBG] control type=35
[DBG] Buffering 57%
[DBG] control type=35
[DBG] control type=35
[DBG] Buffering 60%
[DBG] control type=35
[DBG] Buffering 61%
[DBG] control type=35
[DBG] control type=35
[DBG] Buffering 64%
[DBG] control type=35
[DBG] control type=35
[DBG] Buffering 69%
[DBG] control type=35
[DBG] control type=35
[DBG] Buffering 74%
[DBG] control type=35
[DBG] control type=35
[DBG] control type=35
[DBG] control type=35
[DBG] control type=35
[DBG] Buffering 78%
[DBG] control type=35
[DBG] Buffering 80%
[DBG] control type=35
[DBG] Buffering 83%
[DBG] control type=35
[DBG] Buffering 86%
[DBG] control type=35
[DBG] control type=35
[DBG] control type=35
[DBG] control type=35
[DBG] control type=35
[DBG] control type=35
[DBG] control type=35
[DBG] control type=35
[DBG] Stream buffering done (1024 ms in 25 ms)
9:57:08.636 PM [player] buffering 1.0
[DBG] Decoder wait done in 0 ms
[DBG] control type=35
[DBG] control type=35
[DBG] control type=35
[DBG] control type=35
[DBG] control type=35
[DBG] control type=35
[ERR] ES_OUT_SET_(GROUP_)PCR  is called 10218 ms late (jitter of 10218 ms ignored)
[DBG] ES_OUT_RESET_PCR called
9:57:08.640 PM [player] buffering 0.0
[DBG] control type=35
9:57:08.641 PM [player] buffering 0.0
[DBG] Buffering 0%
[DBG] control type=35
[DBG] control type=35
[DBG] control type=35
[DBG] control type=35
[DBG] control type=35
[DBG] control type=35
[DBG] control type=35
[DBG] control type=35
[DBG] control type=35
[DBG] Buffering 3%
[DBG] control type=35
[DBG] control type=35
[DBG] Buffering 8%
[DBG] control type=35
[DBG] control type=35
[DBG] control type=35
[DBG] control type=35
[DBG] Buffering 10%
[DBG] control type=35
[DBG] control type=35
[DBG] Buffering 13%
[DBG] control type=35
[DBG] control type=35
[DBG] control type=35
[DBG] control type=35
[DBG] control type=35
[DBG] control type=35
[DBG] Buffering 16%
[DBG] control type=35
[DBG] control type=35
[DBG] Buffering 19%
[DBG] control type=35
[DBG] control type=35
[DBG] control type=35
[DBG] control type=35
[DBG] Buffering 21%
[DBG] control type=35
[DBG] control type=35
[DBG] control type=35
[DBG] Buffering 25%
[DBG] control type=35
[DBG] control type=35
[DBG] control type=35
[DBG] Buffering 39%
[DBG] control type=35
[DBG] control type=35
[DBG] control type=35
[DBG] control type=35
[DBG] control type=35
[DBG] control type=35
[DBG] Buffering 40%
[DBG] control type=35
[DBG] control type=35
[DBG] control type=35
[DBG] control type=35
[DBG] Buffering 46%
[DBG] control type=35
[DBG] control type=35
[DBG] control type=35
[DBG] control type=35
[DBG] Buffering 48%
[DBG] control type=35
[DBG] control type=35
[DBG] Buffering 50%
[DBG] Received first picture
9:57:08.652 PM [framestep] nextFrameStepped result=0 time=19537 ms
[DBG] Buffering 53%
[DBG] control type=35
[DBG] control type=35
[DBG] control type=35
[DBG] Buffering 58%
[DBG] control type=35
[DBG] control type=35
[DBG] control type=35
[DBG] Buffering 63%
[DBG] control type=35
[DBG] control type=35
[DBG] Detected progressive video
[DBG] deinterlace -1, mode auto, is_needed 0
[DBG] control type=35
[DBG] control type=35
[DBG] control type=35
[DBG] control type=35
[DBG] control type=35
[DBG] Buffering 66%
[DBG] control type=35
[DBG] Buffering 71%
[DBG] control type=35
[DBG] control type=35
[DBG] Buffering 75%
[DBG] control type=35
[DBG] control type=35
[DBG] control type=35
[DBG] Buffering 90%
[DBG] control type=35
[DBG] control type=35
[DBG] control type=35
[DBG] control type=35
[DBG] control type=35
[DBG] control type=35
[DBG] Buffering 96%
[DBG] control type=35
[DBG] Buffering 99%
[DBG] control type=35
[DBG] Stream buffering done (1001 ms in 20 ms)
9:57:08.662 PM [player] buffering 1.0
[DBG] Decoder wait done in 0 ms
[DBG] control type=35
[DBG] control type=35
[ERR] ES_OUT_SET_(GROUP_)PCR  is called 10285 ms late (jitter of 10229 ms ignored)
[DBG] ES_OUT_RESET_PCR called
9:57:08.662 PM [player] buffering 0.0
[DBG] control type=35
[DBG] control type=35
[DBG] control type=35
[DBG] Buffering 0%
9:57:08.662 PM [player] buffering 0.0
[DBG] control type=35
[DBG] control type=35
[DBG] control type=35
[DBG] control type=35
[DBG] control type=35
[DBG] control type=35
[DBG] control type=35
[DBG] control type=35
[DBG] Buffering 5%
[DBG] control type=35
[DBG] control type=35
[DBG] Buffering 8%
[DBG] control type=35
[DBG] control type=35
[DBG] control type=35
[DBG] Buffering 10%
[DBG] control type=35
[DBG] control type=35
[DBG] control type=35
[DBG] Buffering 13%
[DBG] control type=35
[DBG] control type=35
[DBG] control type=35
[DBG] control type=35
[DBG] control type=35
[DBG] Buffering 16%
[DBG] control type=35
[DBG] control type=35
[DBG] control type=35
[DBG] control type=35
[DBG] control type=35
[DBG] Buffering 33%
[DBG] control type=35
[DBG] control type=35
[DBG] control type=35
[DBG] control type=35
[DBG] Buffering 38%
[DBG] Received first picture
[DBG] removing "video filter" module "deinterlace"
9:57:08.668 PM [framestep] nextFrameStepped result=0 time=19537 ms
[DBG] Filter 0x106755800 removed from chain
[DBG] Buffering 41%
[DBG] control type=35
[DBG] Buffering 45%
[DBG] control type=35
[DBG] control type=35
[DBG] Buffering 50%
[DBG] Buffering 52%
[DBG] control type=35
[DBG] control type=35
[DBG] Buffering 55%
[DBG] control type=35
[DBG] Buffering 58%
[DBG] control type=35
[DBG] control type=35
[DBG] Buffering 61%
[DBG] control type=35
[DBG] control type=35
[DBG] Buffering 63%
[DBG] control type=35
[DBG] Buffering 66%
[DBG] control type=35
[DBG] control type=35
[DBG] control type=35
[DBG] control type=35
[DBG] Buffering 81%
[DBG] control type=35
[DBG] control type=35
[DBG] control type=35
[DBG] control type=35
[DBG] control type=35
[DBG] Buffering 88%
[DBG] control type=35
[DBG] control type=35
[DBG] Buffering 90%
[DBG] control type=35
[DBG] control type=35
[DBG] Buffering 91%
[DBG] control type=35
[DBG] Buffering 95%
[DBG] Stream buffering done (1001 ms in 16 ms)
9:57:08.678 PM [player] buffering 1.0
[DBG] Decoder wait done in 0 ms
[DBG] control type=35
[DBG] control type=35
[DBG] control type=35
[ERR] ES_OUT_SET_(GROUP_)PCR  is called 10287 ms late (jitter of 10285 ms ignored)
[DBG] ES_OUT_RESET_PCR called
9:57:08.681 PM [player] buffering 0.0
[DBG] control type=35
[DBG] control type=35
[DBG] control type=35
[DBG] control type=35
[DBG] control type=35
[DBG] Buffering 0%
9:57:08.681 PM [player] buffering 0.0
[DBG] control type=35
[DBG] control type=35
[DBG] Buffering 5%
[DBG] control type=35
[DBG] control type=35
[DBG] control type=35
[DBG] control type=35
[DBG] Buffering 8%
[DBG] control type=35
[DBG] control type=35
[DBG] control type=35
[DBG] control type=35
[DBG] control type=35
[DBG] control type=35
[DBG] control type=35
[DBG] control type=35
[DBG] Buffering 23%
[DBG] control type=35
[DBG] control type=35
[DBG] control type=35
[DBG] control type=35
[DBG] control type=35
[DBG] control type=35
[DBG] control type=35
[DBG] control type=35
[DBG] control type=35
[DBG] control type=35
[DBG] control type=35
[DBG] Buffering 30%
[DBG] control type=35
[DBG] Buffering 33%
[DBG] control type=35
[DBG] Received first picture
9:57:08.688 PM [framestep] nextFrameStepped result=0 time=19537 ms
[DBG] control type=35
[DBG] control type=35
[DBG] Buffering 36%
[DBG] control type=35
[DBG] Buffering 41%
[DBG] control type=35
[DBG] control type=35
[DBG] control type=35
[DBG] Buffering 46%
[DBG] control type=35
[DBG] control type=35
[DBG] control type=35
[DBG] Buffering 50%
[DBG] control type=35
[DBG] Buffering 52%
[DBG] control type=35
[DBG] Buffering 55%
[DBG] control type=35
[DBG] control type=35
[DBG] Buffering 58%
[DBG] control type=35
[DBG] control type=35
[DBG] control type=35
[DBG] control type=35
[DBG] control type=35
[DBG] control type=35
[DBG] Buffering 74%
[DBG] control type=35
[DBG] control type=35
[DBG] control type=35
[DBG] control type=35
[DBG] control type=35
[DBG] Buffering 80%
[DBG] control type=35
[DBG] Buffering 83%
[DBG] control type=35
[DBG] control type=35
[DBG] control type=35
[DBG] control type=35
[DBG] control type=35
[DBG] control type=35
[DBG] control type=35
[DBG] Buffering 86%
[DBG] control type=35
[DBG] Buffering 91%
[DBG] control type=35
[DBG] Buffering 94%
[DBG] control type=35
[DBG] control type=35
[DBG] control type=35
[DBG] Buffering 96%
[DBG] control type=35
9:57:08.700 PM [player] buffering 1.0
[DBG] Stream buffering done (1001 ms in 19 ms)
[DBG] Decoder wait done in 0 ms
[DBG] control type=35
[ERR] ES_OUT_SET_(GROUP_)PCR  is called 10320 ms late (jitter of 10287 ms ignored)
[DBG] ES_OUT_RESET_PCR called
9:57:08.700 PM [player] buffering 0.0
[DBG] control type=35
[DBG] control type=35
9:57:08.701 PM [player] buffering 0.0
[DBG] Buffering 0%
[DBG] control type=35
[DBG] control type=35
[DBG] control type=35
[DBG] Buffering 3%
[DBG] control type=35
[DBG] control type=35
[DBG] control type=35
[DBG] control type=35
[DBG] control type=35
[DBG] control type=35
[DBG] control type=35
[DBG] control type=35
[DBG] control type=35
[DBG] control type=35
[DBG] control type=35
[DBG] Buffering 17%
[DBG] control type=35
[DBG] control type=35
[DBG] control type=35
[DBG] control type=35
[DBG] control type=35
[DBG] control type=35
[DBG] Buffering 18%
[DBG] control type=35
[DBG] Buffering 25%
[DBG] control type=35
[DBG] Buffering 27%
[DBG] Buffering 28%
[DBG] control type=35
[DBG] Received first picture
9:57:08.707 PM [framestep] nextFrameStepped result=0 time=19537 ms
[DBG] control type=35
[DBG] Buffering 31%
[DBG] control type=35
[DBG] control type=35
[DBG] Buffering 36%
[DBG] control type=35
[DBG] Buffering 41%
[DBG] control type=35
[DBG] control type=35
[DBG] Buffering 45%
[DBG] control type=35
[DBG] control type=35
[DBG] Buffering 50%
[DBG] Buffering 53%
[DBG] control type=35
[DBG] control type=35
[DBG] control type=35
[DBG] control type=35
[DBG] control type=35
[DBG] control type=35
[DBG] control type=35
[DBG] control type=35
[DBG] control type=35
[DBG] control type=35
[DBG] Buffering 69%
[DBG] control type=35
[DBG] control type=35
[DBG] control type=35
[DBG] control type=35
[DBG] control type=35
[DBG] Buffering 75%
[DBG] control type=35
[DBG] Buffering 78%
[DBG] control type=35
[DBG] control type=35
[DBG] control type=35
[DBG] Buffering 81%
[DBG] Buffering 86%
[DBG] control type=35
[DBG] control type=35
[DBG] control type=35
[DBG] Buffering 91%
[DBG] control type=35
[DBG] Buffering 95%
[DBG] Buffering 97%
[DBG] control type=35
[DBG] control type=35
[DBG] control type=35
[DBG] Stream buffering done (1001 ms in 19 ms)
9:57:08.720 PM [player] buffering 1.0
[DBG] Decoder wait done in 0 ms
[DBG] control type=35
[ERR] ES_OUT_SET_(GROUP_)PCR  is called 10345 ms late (jitter of 10320 ms ignored)
[DBG] ES_OUT_RESET_PCR called
9:57:08.722 PM [player] buffering 0.0
[DBG] control type=35
[DBG] control type=35
[DBG] control type=35
[DBG] Buffering 0%
9:57:08.725 PM [player] buffering 0.0
[DBG] control type=35
[DBG] control type=35
[DBG] control type=35
[DBG] control type=35
[DBG] control type=35
[DBG] control type=35
[DBG] control type=35
[DBG] Buffering 1%
[DBG] Received first picture
9:57:08.728 PM [framestep] nextFrameStepped result=0 time=19537 ms
[DBG] Buffering 8%
[DBG] control type=35
[DBG] control type=35
[DBG] control type=35
[DBG] Buffering 9%
[DBG] control type=35
[DBG] Buffering 11%
[DBG] control type=35
[DBG] Buffering 14%
[DBG] control type=35
[DBG] Buffering 19%
[DBG] control type=35
[DBG] control type=35
[DBG] control type=35
[DBG] Buffering 24%
[DBG] control type=35
[DBG] control type=35
[DBG] control type=35
[DBG] control type=35
[DBG] Buffering 28%
[DBG] control type=35
[DBG] control type=35
[DBG] control type=35
[DBG] Buffering 33%
[DBG] control type=35
[DBG] Buffering 36%
[DBG] control type=35
[DBG] control type=35
[DBG] control type=35
[DBG] control type=35
[DBG] control type=35
[DBG] Buffering 51%
[DBG] control type=35
[DBG] control type=35
[DBG] control type=35
[DBG] control type=35
[DBG] control type=35
[DBG] control type=35
[DBG] Buffering 58%
[DBG] control type=35
[DBG] Buffering 60%
[DBG] control type=35
[DBG] Buffering 61%
[DBG] control type=35
[DBG] Buffering 64%
[DBG] control type=35
[DBG] Buffering 69%
[DBG] control type=35
[DBG] control type=35
[DBG] Buffering 74%
[DBG] control type=35
[DBG] Buffering 78%
[DBG] control type=35
[DBG] control type=35
[DBG] Buffering 80%
[DBG] control type=35
[DBG] Buffering 83%
[DBG] control type=35
[DBG] Buffering 86%
[DBG] control type=35
[DBG] control type=35
[DBG] control type=35
[DBG] control type=35
[DBG] control type=35
[DBG] control type=35
[DBG] Stream buffering done (1024 ms in 23 ms)
9:57:08.748 PM [player] buffering 1.0
[DBG] Decoder wait done in 0 ms
[DBG] control type=35
[DBG] control type=35
[DBG] control type=35
[DBG] control type=35
[DBG] control type=35
[DBG] control type=35
[ERR] ES_OUT_SET_(GROUP_)PCR  is called 10326 ms late (jitter of 10326 ms ignored)
[DBG] ES_OUT_RESET_PCR called
9:57:08.751 PM [player] buffering 0.0
[DBG] control type=35
[DBG] control type=35
[DBG] control type=35
[DBG] control type=35
9:57:08.751 PM [player] buffering 0.0
[DBG] Buffering 0%
[DBG] control type=35
[DBG] control type=35
[DBG] control type=35
[DBG] control type=35
[DBG] Buffering 3%
[DBG] control type=35
[DBG] control type=35
[DBG] control type=35
[DBG] Buffering 8%
[DBG] control type=35
[DBG] control type=35
[DBG] control type=35
[DBG] control type=35
[DBG] Buffering 13%
[DBG] control type=35
[DBG] control type=35
[DBG] control type=35
[DBG] control type=35
[DBG] control type=35
[DBG] Buffering 16%
[DBG] control type=35
[DBG] control type=35
[DBG] control type=35
[DBG] Buffering 19%
[DBG] control type=35
[DBG] control type=35
[DBG] control type=35
[DBG] Buffering 21%
[DBG] control type=35
[DBG] control type=35
[DBG] Buffering 25%
[DBG] control type=35
[DBG] control type=35
[DBG] control type=35
[DBG] control type=35
[DBG] control type=35
[DBG] control type=35
[DBG] control type=35
[DBG] control type=35
[DBG] control type=35
[DBG] control type=35
[DBG] control type=35
[DBG] control type=35
[DBG] control type=35
[DBG] control type=35
[DBG] control type=35
[DBG] control type=35
[DBG] control type=35
[DBG] control type=35
[DBG] control type=35
[DBG] control type=35
[DBG] control type=35
[DBG] control type=35
[DBG] Buffering 38%
[DBG] control type=35
[DBG] control type=35
[DBG] control type=35
[DBG] Buffering 40%
[DBG] control type=35
[DBG] control type=35
[DBG] Buffering 46%
[DBG] Buffering 48%
[DBG] control type=35
[DBG] Buffering 50%
[DBG] control type=35
[DBG] Buffering 53%
[DBG] Buffering 58%
[DBG] control type=35
[DBG] control type=35
[DBG] Buffering 63%
[DBG] control type=35
[DBG] control type=35
[DBG] Received first picture
9:57:08.770 PM [framestep] nextFrameStepped result=0 time=19537 ms
[DBG] control type=35
[DBG] control type=35
[DBG] control type=35
[DBG] control type=35
[DBG] Buffering 66%
[DBG] control type=35
[DBG] Buffering 71%
[DBG] control type=35
[DBG] Buffering 75%
[DBG] control type=35
[DBG] control type=35
[DBG] control type=35
[DBG] control type=35
[DBG] control type=35
[DBG] Buffering 90%
[DBG] control type=35
[DBG] control type=35
[DBG] control type=35
[DBG] control type=35
[DBG] control type=35
[DBG] control type=35
[DBG] control type=35
[DBG] Buffering 96%
[DBG] control type=35
[DBG] control type=35
[DBG] Buffering 99%
[DBG] control type=35
[DBG] Stream buffering done (1001 ms in 26 ms)
9:57:08.777 PM [player] buffering 1.0
[DBG] Decoder wait done in 0 ms
[DBG] control type=35
[ERR] ES_OUT_SET_(GROUP_)PCR  is called 10402 ms late (jitter of 10345 ms ignored)
[DBG] ES_OUT_RESET_PCR called
9:57:08.779 PM [player] buffering 0.0
[DBG] control type=35
[DBG] control type=35
[DBG] control type=35
[DBG] control type=35
[DBG] control type=35
9:57:08.779 PM [player] buffering 0.0
[DBG] Buffering 0%
[DBG] control type=35
[DBG] control type=35
[DBG] control type=35
[DBG] control type=35
[DBG] Buffering 5%
[DBG] control type=35
[DBG] control type=35
[DBG] control type=35
[DBG] Buffering 8%
[DBG] control type=35
[DBG] control type=35
[DBG] control type=35
[DBG] control type=35
[DBG] control type=35
[DBG] control type=35
[DBG] control type=35
[DBG] control type=35
[DBG] control type=35
[DBG] Buffering 10%
[DBG] control type=35
[DBG] control type=35
[DBG] control type=35
[DBG] control type=35
[DBG] control type=35
[DBG] Buffering 13%
[DBG] control type=35
[DBG] control type=35
[DBG] control type=35
[DBG] Buffering 16%
[DBG] control type=35
[DBG] control type=35
[DBG] control type=35
[DBG] control type=35
[DBG] control type=35
[DBG] control type=35
[DBG] control type=35
[DBG] control type=35
[DBG] control type=35
[DBG] control type=35
[DBG] control type=35
[DBG] control type=35
[DBG] control type=35
[DBG] control type=35
[DBG] control type=35
[DBG] control type=35
[DBG] control type=35
[DBG] control type=35
[DBG] control type=35
[DBG] Buffering 32%
[DBG] control type=35
[DBG] control type=35
[DBG] control type=35
[DBG] control type=35
[DBG] control type=35
[DBG] Buffering 38%
[DBG] Buffering 41%
[DBG] control type=35
[DBG] control type=35
[DBG] Buffering 45%
[DBG] Buffering 50%
[DBG] Buffering 52%
[DBG] Buffering 55%
[DBG] control type=35
[DBG] Received first picture
9:57:08.787 PM [framestep] nextFrameStepped result=0 time=19537 ms
[DBG] control type=35
[DBG] Buffering 58%
[DBG] control type=35
[DBG] control type=35
[DBG] control type=35
[DBG] Buffering 61%
[DBG] Buffering 63%
[DBG] control type=35
[DBG] Buffering 66%
[DBG] control type=35
[DBG] control type=35
[DBG] control type=35
[DBG] control type=35
[DBG] control type=35
[DBG] control type=35
[DBG] control type=35
[DBG] Buffering 80%
[DBG] control type=35
[DBG] control type=35
[DBG] control type=35
[DBG] control type=35
[DBG] control type=35
[DBG] Buffering 81%
[DBG] control type=35
[DBG] control type=35
[DBG] Buffering 88%
[DBG] control type=35
[DBG] Buffering 90%
[DBG] control type=35
[DBG] Buffering 91%
[DBG] control type=35
[DBG] Buffering 95%
9:57:08.800 PM [player] buffering 1.0
[DBG] Stream buffering done (1000 ms in 20 ms)
[DBG] Decoder wait done in 0 ms
[DBG] control type=35
[DBG] control type=35
[DBG] control type=35
[ERR] ES_OUT_SET_(GROUP_)PCR  is called 10456 ms late (jitter of 10402 ms ignored)
[DBG] ES_OUT_RESET_PCR called
9:57:08.800 PM [player] buffering 0.0
[DBG] control type=35
[DBG] control type=35
[DBG] control type=35
9:57:08.801 PM [player] buffering 0.0
[DBG] Buffering 0%
[DBG] control type=35
[DBG] control type=35
[DBG] control type=35
[DBG] control type=35
[DBG] Buffering 3%
[DBG] control type=35
[DBG] control type=35
[DBG] control type=35
[DBG] control type=35
[DBG] control type=35
[DBG] control type=35
[DBG] control type=35
[DBG] control type=35
[DBG] Buffering 8%
[DBG] control type=35
[DBG] Buffering 11%
[DBG] control type=35
[DBG] control type=35
[DBG] control type=35
[DBG] control type=35
[DBG] control type=35
[DBG] control type=35
[DBG] control type=35
[DBG] control type=35
[DBG] control type=35
[DBG] control type=35
[DBG] Buffering 26%
[DBG] control type=35
[DBG] control type=35
[DBG] control type=35
[DBG] control type=35
[DBG] control type=35
[DBG] control type=35
[DBG] Buffering 33%
[DBG] control type=35
[DBG] Buffering 36%
[DBG] control type=35
[DBG] Received first picture
9:57:08.811 PM [framestep] nextFrameStepped result=0 time=19537 ms
[DBG] control type=35
[DBG] control type=35
[DBG] Buffering 40%
[DBG] control type=35
[DBG] Buffering 45%
[DBG] control type=35
[DBG] Buffering 50%
[DBG] control type=35
[DBG] control type=35
[DBG] Buffering 53%
[DBG] Buffering 55%
[DBG] control type=35
[DBG] control type=35
[DBG] Buffering 58%
[DBG] control type=35
[DBG] control type=35
[DBG] control type=35
[DBG] Buffering 61%
[DBG] control type=35
[DBG] control type=35
[DBG] Buffering 78%
[DBG] control type=35
[DBG] control type=35
[DBG] control type=35
[DBG] control type=35
[DBG] control type=35
[DBG] control type=35
[DBG] control type=35
[DBG] control type=35
[DBG] Buffering 83%
[DBG] control type=35
[DBG] control type=35
[DBG] control type=35
[DBG] Buffering 86%
[DBG] control type=35
[DBG] control type=35
[DBG] control type=35
[DBG] control type=35
[DBG] control type=35
[DBG] Buffering 90%
[DBG] Buffering 95%
[DBG] control type=35
[DBG] control type=35
[DBG] control type=35
[DBG] control type=35
[DBG] Buffering 97%
[DBG] control type=35
[DBG] Stream buffering done (1001 ms in 27 ms)
9:57:08.829 PM [player] buffering 1.0
[DBG] Decoder wait done in 0 ms
[DBG] control type=35
[ERR] ES_OUT_SET_(GROUP_)PCR  is called 10454 ms late (jitter of 10454 ms ignored)
[DBG] ES_OUT_RESET_PCR called
9:57:08.831 PM [player] buffering 0.0
[DBG] control type=35
[DBG] control type=35
[DBG] control type=35
[DBG] control type=35
[DBG] control type=35
[DBG] Buffering 0%
9:57:08.831 PM [player] buffering 0.0
[DBG] control type=35
[DBG] control type=35
[DBG] control type=35
[DBG] control type=35
[DBG] control type=35
[DBG] Buffering 1%
[DBG] control type=35
[DBG] control type=35
[DBG] Buffering 4%
[DBG] control type=35
[DBG] control type=35
[DBG] control type=35
[DBG] control type=35
[DBG] control type=35
[DBG] control type=35
[DBG] control type=35
[DBG] control type=35
[DBG] control type=35
[DBG] control type=35
[DBG] control type=35
[DBG] control type=35
[DBG] control type=35
[DBG] control type=35
[DBG] control type=35
[DBG] control type=35
[DBG] control type=35
[DBG] control type=35
[DBG] control type=35
[DBG] Buffering 19%
[DBG] control type=35
[DBG] control type=35
[DBG] control type=35
[DBG] control type=35
[DBG] control type=35
[DBG] control type=35
[DBG] control type=35
[DBG] control type=35
[DBG] control type=35
[DBG] Buffering 26%
[DBG] Buffering 28%
[DBG] control type=35
[DBG] control type=35
[DBG] Buffering 29%
[DBG] control type=35
[DBG] control type=35
[DBG] control type=35
[DBG] control type=35
[DBG] control type=35
[DBG] Buffering 33%
[DBG] Buffering 38%
[DBG] control type=35
[DBG] control type=35
[DBG] Received first picture
9:57:08.840 PM [framestep] nextFrameStepped result=0 time=19537 ms
[DBG] control type=35
[DBG] Buffering 43%
[DBG] control type=35
[DBG] control type=35
[DBG] control type=35
[DBG] Buffering 46%
[DBG] control type=35
[DBG] Buffering 51%
[DBG] control type=35
[DBG] Buffering 54%
[DBG] control type=35
[DBG] control type=35
[DBG] control type=35
[DBG] control type=35
[DBG] control type=35
[DBG] control type=35
[DBG] control type=35
[DBG] control type=35
[DBG] control type=35
[DBG] control type=35
[DBG] control type=35
[DBG] Buffering 70%
[DBG] control type=35
[DBG] control type=35
[DBG] control type=35
[DBG] control type=35
[DBG] control type=35
[DBG] control type=35
[DBG] Buffering 76%
[DBG] control type=35
[DBG] Buffering 79%
[DBG] control type=35
[DBG] control type=35
[DBG] control type=35
[DBG] control type=35
[DBG] control type=35
[DBG] control type=35
[DBG] Buffering 83%
[DBG] Buffering 88%
[DBG] control type=35
[DBG] control type=35
[DBG] control type=35
[DBG] Buffering 93%
[DBG] control type=35
[DBG] control type=35
[DBG] control type=35
[DBG] Buffering 96%
[DBG] control type=35
[DBG] Buffering 99%
[DBG] control type=35
[DBG] control type=35
[DBG] Stream buffering done (1016 ms in 32 ms)
9:57:08.863 PM [player] buffering 1.0
[DBG] Decoder wait done in 0 ms
[ERR] ES_OUT_SET_(GROUP_)PCR  is called 10472 ms late (jitter of 10456 ms ignored)
[DBG] ES_OUT_RESET_PCR called
9:57:08.864 PM [player] buffering 0.0
[DBG] control type=35
[DBG] control type=35
[DBG] control type=35
[DBG] control type=35
[DBG] control type=35
[DBG] control type=35
[DBG] control type=35
[DBG] Buffering 0%
9:57:08.867 PM [player] buffering 0.0
[DBG] control type=35
[DBG] control type=35
[DBG] control type=35
[DBG] control type=35
[DBG] control type=35
[DBG] control type=35
[DBG] control type=35
[DBG] control type=35
[DBG] control type=35
[DBG] control type=35
[DBG] Buffering 5%
[DBG] control type=35
[DBG] Buffering 8%
[DBG] control type=35
[DBG] control type=35
[DBG] Received first picture
9:57:08.872 PM [framestep] nextFrameStepped result=0 time=19537 ms
[DBG] Buffering 11%
[DBG] control type=35
[DBG] control type=35
[DBG] control type=35
[DBG] Buffering 16%
[DBG] Buffering 19%
[DBG] control type=35
[DBG] control type=35
[DBG] control type=35
[DBG] Buffering 21%
[DBG] control type=35
[DBG] Buffering 25%
[DBG] control type=35
[DBG] control type=35
[DBG] control type=35
[DBG] Buffering 28%
[DBG] control type=35
[DBG] control type=35
[DBG] Buffering 30%
[DBG] Buffering 33%
[DBG] control type=35
[DBG] control type=35
[DBG] control type=35
[DBG] control type=35
[DBG] control type=35
[DBG] control type=35
[DBG] control type=35
[DBG] control type=35
[DBG] control type=35
[DBG] control type=35
[DBG] control type=35
[DBG] control type=35
[DBG] control type=35
[DBG] Buffering 48%
[DBG] control type=35
[DBG] control type=35
[DBG] control type=35
[DBG] control type=35
[DBG] control type=35
[DBG] control type=35
[DBG] control type=35
[DBG] control type=35
[DBG] control type=35
[DBG] control type=35
[DBG] Buffering 55%
[DBG] control type=35
[DBG] Buffering 57%
[DBG] control type=35
[DBG] control type=35
[DBG] Buffering 58%
[DBG] control type=35
[DBG] control type=35
[DBG] control type=35
[DBG] Buffering 61%
[DBG] control type=35
[DBG] control type=35
[DBG] Buffering 66%
[DBG] control type=35
[DBG] control type=35
[DBG] control type=35
[DBG] Buffering 71%
[DBG] control type=35
[DBG] control type=35
[DBG] Buffering 75%
[DBG] control type=35
[DBG] control type=35
[DBG] Buffering 80%
[DBG] Buffering 83%
[DBG] control type=35
[DBG] control type=35
[DBG] control type=35
[DBG] control type=35
[DBG] control type=35
[DBG] control type=35
[DBG] control type=35
[DBG] control type=35
[DBG] control type=35
[DBG] control type=35
[DBG] Buffering 99%
[DBG] control type=35
[DBG] control type=35
[DBG] control type=35
[DBG] control type=35
[DBG] control type=35
[DBG] control type=35
[DBG] control type=35
[DBG] control type=35
9:57:08.898 PM [player] buffering 1.0
[DBG] Stream buffering done (1051 ms in 30 ms)
[DBG] Decoder wait done in 0 ms
[DBG] control type=35
[ERR] ES_OUT_SET_(GROUP_)PCR  is called 10470 ms late (jitter of 10470 ms ignored)
[DBG] ES_OUT_RESET_PCR called
9:57:08.898 PM [player] buffering 0.0
[DBG] control type=35
[DBG] control type=35
[DBG] control type=35
[DBG] control type=35
[DBG] control type=35
[DBG] control type=35
[DBG] control type=35
[DBG] Buffering 0%
9:57:08.899 PM [player] buffering 0.0
[DBG] control type=35
[DBG] control type=35
[DBG] Buffering 4%
[DBG] control type=35
[DBG] control type=35
[DBG] control type=35
[DBG] control type=35
[DBG] control type=35
[DBG] control type=35
[DBG] control type=35
[DBG] Buffering 9%
[DBG] control type=35
[DBG] control type=35
[DBG] control type=35
[DBG] Buffering 13%
[DBG] control type=35
[DBG] control type=35
[DBG] control type=35
[DBG] control type=35
[DBG] Buffering 16%
[DBG] control type=35
[DBG] control type=35
[DBG] control type=35
[DBG] control type=35
[DBG] Buffering 18%
[DBG] control type=35
[DBG] control type=35
[DBG] Buffering 21%
[DBG] control type=35
[DBG] control type=35
[DBG] control type=35
[DBG] control type=35
[DBG] control type=35
[DBG] control type=35
[DBG] control type=35
[DBG] control type=35
[DBG] control type=35
[DBG] control type=35
[DBG] control type=35
[DBG] control type=35
[DBG] control type=35
[DBG] control type=35
[DBG] control type=35
[DBG] control type=35
[DBG] control type=35
[DBG] control type=35
[DBG] control type=35
[DBG] Buffering 35%
[DBG] control type=35
[DBG] control type=35
[DBG] control type=35
[DBG] control type=35
[DBG] Buffering 36%
[DBG] Buffering 43%
[DBG] Buffering 44%
[DBG] control type=35
[DBG] control type=35
[DBG] Buffering 46%
[DBG] Received first picture
9:57:08.914 PM [framestep] nextFrameStepped result=0 time=19537 ms
[DBG] Buffering 50%
[DBG] control type=35
[DBG] Buffering 54%
[DBG] control type=35
[DBG] Buffering 55%
[DBG] control type=35
[DBG] Buffering 60%
[DBG] control type=35
[DBG] control type=35
[DBG] control type=35
[DBG] control type=35
[DBG] Buffering 63%
[DBG] control type=35
[DBG] Buffering 68%
[DBG] control type=35
[DBG] Buffering 71%
[DBG] control type=35
[DBG] control type=35
[DBG] control type=35
[DBG] control type=35
[DBG] Buffering 86%
[DBG] control type=35
[DBG] control type=35
[DBG] control type=35
[DBG] control type=35
[DBG] control type=35
[DBG] control type=35
[DBG] control type=35
[DBG] Buffering 93%
[DBG] control type=35
[DBG] Buffering 96%
[DBG] control type=35
[DBG] control type=35
[DBG] control type=35
[DBG] control type=35
[DBG] control type=35
[DBG] control type=35
[DBG] Stream buffering done (1001 ms in 31 ms)
[DBG] Decoder wait done in 0 ms
9:57:08.930 PM [player] buffering 1.0
[DBG] control type=35
[ERR] ES_OUT_SET_(GROUP_)PCR  is called 10537 ms late (jitter of 10472 ms ignored)
[DBG] ES_OUT_RESET_PCR called
9:57:08.931 PM [player] buffering 0.0
[DBG] control type=35
[DBG] control type=35
[DBG] control type=35
[DBG] control type=35
[DBG] control type=35
[DBG] control type=35
[DBG] control type=35
[DBG] control type=35
[DBG] control type=35
[DBG] control type=35
[DBG] control type=35
[DBG] control type=35
[DBG] control type=35
[DBG] control type=35
[DBG] Buffering 0%
9:57:08.946 PM [player] buffering 0.0
[DBG] control type=35
[DBG] control type=35
[DBG] control type=35
[DBG] control type=35
[DBG] control type=35
[DBG] control type=35
[DBG] Buffering 3%
[DBG] control type=35
[DBG] control type=35
[DBG] Buffering 5%
[DBG] control type=35
[DBG] control type=35
[DBG] control type=35
[DBG] control type=35
[DBG] control type=35
[DBG] Buffering 8%
[DBG] control type=35
[DBG] control type=35
[DBG] control type=35
[DBG] Buffering 11%
[DBG] control type=35
[DBG] control type=35
[DBG] control type=35
[DBG] control type=35
[DBG] control type=35
[DBG] control type=35
[DBG] control type=35
[DBG] control type=35
[DBG] control type=35
[DBG] control type=35
[DBG] control type=35
[DBG] control type=35
[DBG] control type=35
[DBG] control type=35
[DBG] control type=35
[DBG] Buffering 27%
[DBG] control type=35
[DBG] control type=35
[DBG] control type=35
[DBG] control type=35
[DBG] control type=35
[DBG] Buffering 33%
[DBG] control type=35
[DBG] control type=35
[DBG] Buffering 36%
[DBG] control type=35
[DBG] control type=35
[DBG] Received first picture
9:57:08.955 PM [framestep] nextFrameStepped result=0 time=19537 ms
[DBG] Buffering 40%
[DBG] control type=35
[DBG] control type=35
[DBG] Buffering 45%
[DBG] control type=35
[DBG] Buffering 46%
[DBG] control type=35
[DBG] control type=35
[DBG] Buffering 50%
[DBG] control type=35
[DBG] Buffering 53%
[DBG] control type=35
[DBG] control type=35
[DBG] control type=35
[DBG] control type=35
[DBG] Buffering 56%
[DBG] control type=35
[DBG] control type=35
[DBG] Buffering 58%
[DBG] control type=35
[DBG] Buffering 61%
[DBG] control type=35
[DBG] control type=35
[DBG] control type=35
[DBG] control type=35
[DBG] control type=35
[DBG] control type=35
[DBG] control type=35
[DBG] Buffering 75%
[DBG] control type=35
[DBG] control type=35
[DBG] control type=35
[DBG] control type=35
[DBG] control type=35
[DBG] control type=35
[DBG] Buffering 76%
[DBG] Buffering 83%
[DBG] control type=35
[DBG] Buffering 85%
[DBG] control type=35
[DBG] Buffering 86%
[DBG] control type=35
[DBG] control type=35
[DBG] Buffering 90%
[DBG] control type=35
[DBG] control type=35
[DBG] control type=35
[DBG] Buffering 94%
[DBG] control type=35
[DBG] control type=35
[DBG] Buffering 95%
[DBG] control type=35
[DBG] Stream buffering done (1001 ms in 32 ms)
[DBG] Decoder wait done in 0 ms
9:57:08.979 PM [player] buffering 1.0
[DBG] control type=35
[DBG] control type=35
[DBG] control type=35
[DBG] control type=35
[ERR] ES_OUT_SET_(GROUP_)PCR  is called 10602 ms late (jitter of 10537 ms ignored)
[DBG] ES_OUT_RESET_PCR called
9:57:08.980 PM [player] buffering 0.0
[DBG] control type=35
[DBG] control type=35
[DBG] control type=35
[DBG] control type=35
[DBG] control type=35
[DBG] control type=35
[DBG] control type=35
9:57:08.981 PM [player] buffering 0.0
[DBG] Buffering 0%
[DBG] control type=35
[DBG] control type=35
[DBG] control type=35
[DBG] Buffering 3%
[DBG] control type=35
[DBG] control type=35
[DBG] control type=35
[DBG] control type=35
[DBG] control type=35
[DBG] control type=35
[DBG] control type=35
[DBG] control type=35
[DBG] control type=35
[DBG] control type=35
[DBG] control type=35
[DBG] control type=35
[DBG] control type=35
[DBG] Buffering 18%
[DBG] control type=35
[DBG] control type=35
[DBG] control type=35
[DBG] control type=35
[DBG] control type=35
[DBG] control type=35
[DBG] control type=35
[DBG] control type=35
[DBG] control type=35
[DBG] control type=35
[DBG] control type=35
[DBG] control type=35
[DBG] control type=35
[DBG] control type=35
[DBG] Buffering 25%
[DBG] control type=35
[DBG] Buffering 28%
[DBG] control type=35
[DBG] control type=35
[DBG] Received first picture
[DBG] control type=35
9:57:08.995 PM [framestep] nextFrameStepped result=0 time=19537 ms
[DBG] control type=35
[DBG] Buffering 31%
[DBG] Buffering 36%
[DBG] control type=35
[DBG] control type=35
[DBG] Buffering 41%
[DBG] Buffering 45%
[DBG] control type=35
[DBG] Buffering 47%
[DBG] control type=35
[DBG] control type=35
[DBG] Buffering 50%
[DBG] Buffering 53%
[DBG] control type=35
[DBG] control type=35
[DBG] control type=35
[DBG] control type=35
[DBG] control type=35
[DBG] Buffering 69%
[DBG] control type=35
[DBG] control type=35
[DBG] control type=35
[DBG] control type=35
[DBG] control type=35
[DBG] control type=35
[DBG] control type=35
[DBG] control type=35
[DBG] Buffering 75%
[DBG] control type=35
[DBG] Buffering 78%
[DBG] control type=35
[DBG] control type=35
[DBG] control type=35
[DBG] control type=35
[DBG] control type=35
[DBG] control type=35
[DBG] control type=35
[DBG] control type=35
[DBG] Buffering 81%
[DBG] control type=35
[DBG] Buffering 86%
[DBG] control type=35
[DBG] control type=35
[DBG] control type=35
[DBG] Buffering 88%
[DBG] control type=35
[DBG] control type=35
[DBG] control type=35
[DBG] Buffering 91%
[DBG] control type=35
[DBG] Buffering 95%
[DBG] control type=35
[DBG] Buffering 98%
[DBG] control type=35
[DBG] control type=35
[DBG] Stream buffering done (1001 ms in 30 ms)
[DBG] Decoder wait done in 0 ms
9:57:09.011 PM [player] buffering 1.0
[DBG] control type=35
[ERR] ES_OUT_SET_(GROUP_)PCR  is called 10640 ms late (jitter of 10602 ms ignored)
[DBG] ES_OUT_RESET_PCR called
9:57:09.016 PM [player] buffering 0.0
[DBG] control type=35
[DBG] control type=35
[DBG] control type=35
[DBG] control type=35
[DBG] control type=35
[DBG] control type=35
[DBG] control type=35
[DBG] control type=35
[DBG] control type=35
[DBG] Buffering 0%
9:57:09.019 PM [player] buffering 0.0
[DBG] control type=35
[DBG] control type=35
[DBG] control type=35
[DBG] control type=35
[DBG] control type=35
[DBG] control type=35
[DBG] control type=35
[DBG] control type=35
[DBG] Buffering 7%
[DBG] Buffering 9%
[DBG] control type=35
[DBG] control type=35
[DBG] control type=35
[DBG] Buffering 10%
[DBG] Buffering 14%
[DBG] Received first picture
9:57:09.023 PM [framestep] nextFrameStepped result=0 time=19537 ms
[DBG] Buffering 19%
[DBG] control type=35
[DBG] control type=35
[DBG] control type=35
[DBG] Buffering 24%
[DBG] control type=35
[DBG] Buffering 27%
[DBG] control type=35
[DBG] control type=35
[DBG] Buffering 32%
[DBG] control type=35
[DBG] Buffering 35%
[DBG] control type=35
[DBG] control type=35
[DBG] control type=35
[DBG] control type=35
[DBG] control type=35
[DBG] control type=35
[DBG] control type=35
[DBG] control type=35
[DBG] control type=35
[DBG] control type=35
[DBG] control type=35
[DBG] control type=35
[DBG] control type=35
[DBG] Buffering 51%
[DBG] control type=35
[DBG] control type=35
[DBG] control type=35
[DBG] control type=35
[DBG] control type=35
[DBG] control type=35
[DBG] control type=35
[DBG] control type=35
[DBG] Buffering 57%
[DBG] control type=35
[DBG] Buffering 60%
[DBG] control type=35
[DBG] control type=35
[DBG] control type=35
[DBG] control type=35
[DBG] control type=35
[DBG] Buffering 64%
[DBG] control type=35
[DBG] Buffering 69%
[DBG] control type=35
[DBG] control type=35
[DBG] control type=35
[DBG] Buffering 74%
[DBG] control type=35
[DBG] control type=35
[DBG] Buffering 77%
[DBG] control type=35
[DBG] Buffering 80%
[DBG] control type=35
[DBG] control type=35
[DBG] control type=35
[DBG] Buffering 82%
[DBG] control type=35
[DBG] control type=35
[DBG] Buffering 85%
[DBG] control type=35
[DBG] control type=35
[DBG] control type=35
[DBG] control type=35
[DBG] control type=35
[DBG] control type=35
[DBG] control type=35
[DBG] control type=35
[DBG] control type=35
[DBG] control type=35
[DBG] control type=35
[DBG] control type=35
[DBG] Stream buffering done (1024 ms in 25 ms)
9:57:09.044 PM [player] buffering 1.0
[DBG] Decoder wait done in 0 ms
[DBG] control type=35
[DBG] control type=35
[DBG] control type=35
[DBG] control type=35
[DBG] control type=35
[DBG] control type=35
[DBG] control type=35
[DBG] control type=35
[DBG] control type=35
[DBG] control type=35
[ERR] ES_OUT_SET_(GROUP_)PCR  is called 10627 ms late (jitter of 10627 ms ignored)
[DBG] ES_OUT_RESET_PCR called
9:57:09.046 PM [player] buffering 0.0
[DBG] control type=35
[DBG] control type=35
[DBG] control type=35
[DBG] control type=35
[DBG] control type=35
[DBG] control type=35
[DBG] Buffering 0%
9:57:09.047 PM [player] buffering 0.0
[DBG] control type=35
[DBG] control type=35
[DBG] control type=35
[DBG] control type=35
[DBG] control type=35
[DBG] control type=35
[DBG] control type=35
[DBG] control type=35
[DBG] control type=35
[DBG] control type=35
[DBG] control type=35
[DBG] control type=35
[DBG] control type=35
[DBG] control type=35
[DBG] Buffering 3%
[DBG] control type=35
[DBG] control type=35
[DBG] Buffering 8%
[DBG] control type=35
[DBG] control type=35
[DBG] control type=35
[DBG] control type=35
[DBG] Buffering 10%
[DBG] control type=35
[DBG] control type=35
[DBG] Buffering 13%
[DBG] control type=35
[DBG] control type=35
[DBG] Buffering 16%
[DBG] control type=35
[DBG] control type=35
[DBG] control type=35
[DBG] control type=35
[DBG] control type=35
[DBG] control type=35
[DBG] control type=35
[DBG] control type=35
[DBG] Buffering 20%
[DBG] control type=35
[DBG] control type=35
[DBG] control type=35
[DBG] control type=35
[DBG] control type=35
[DBG] Buffering 21%
[DBG] control type=35
[DBG] control type=35
[DBG] control type=35
[DBG] control type=35
[DBG] control type=35
[DBG] control type=35
[DBG] Buffering 25%
[DBG] control type=35
[DBG] control type=35
[DBG] control type=35
[DBG] control type=35
[DBG] control type=35
[DBG] control type=35
[DBG] control type=35
[DBG] control type=35
[DBG] control type=35
[DBG] control type=35
[DBG] control type=35
[DBG] control type=35
[DBG] Buffering 39%
[DBG] control type=35
[DBG] control type=35
[DBG] control type=35
[DBG] control type=35
[DBG] control type=35
[DBG] control type=35
[DBG] control type=35
[DBG] control type=35
[DBG] Buffering 40%
[DBG] control type=35
[DBG] control type=35
[DBG] control type=35
[DBG] control type=35
[DBG] Buffering 46%
[DBG] control type=35
[DBG] Buffering 49%
[DBG] control type=35
[DBG] control type=35
[DBG] Buffering 50%
[DBG] Received first picture
9:57:09.061 PM [framestep] nextFrameStepped result=0 time=19537 ms
[DBG] control type=35
[DBG] control type=35
[DBG] control type=35
[DBG] Buffering 53%
[DBG] control type=35
[DBG] Buffering 58%
[DBG] control type=35
[DBG] control type=35
[DBG] control type=35
[DBG] control type=35
[DBG] control type=35
[DBG] Buffering 63%
[DBG] control type=35
[DBG] control type=35
[DBG] control type=35
[DBG] Buffering 66%
[DBG] control type=35
[DBG] Buffering 71%
[DBG] control type=35
[DBG] Buffering 75%
[DBG] control type=35
[DBG] control type=35
[DBG] control type=35
[DBG] control type=35
[DBG] control type=35
[DBG] Buffering 90%
[DBG] control type=35
[DBG] control type=35
[DBG] control type=35
[DBG] control type=35
[DBG] control type=35
[DBG] control type=35
[DBG] control type=35
[DBG] Buffering 96%
[DBG] control type=35
[DBG] Stream buffering done (1001 ms in 24 ms)
9:57:09.072 PM [player] buffering 1.0
[DBG] Decoder wait done in 0 ms
[DBG] control type=35
[DBG] control type=35
[DBG] control type=35
[DBG] control type=35
[DBG] control type=35
[DBG] control type=35
[DBG] control type=35
[ERR] ES_OUT_SET_(GROUP_)PCR  is called 10696 ms late (jitter of 10640 ms ignored)
[DBG] ES_OUT_RESET_PCR called
9:57:09.073 PM [player] buffering 0.0
[DBG] control type=35
[DBG] control type=35
[DBG] control type=35
[DBG] Buffering 0%
9:57:09.073 PM [player] buffering 0.0
[DBG] control type=35
[DBG] control type=35
[DBG] control type=35
[DBG] control type=35
[DBG] control type=35
[DBG] control type=35
[DBG] Buffering 5%
[DBG] control type=35
[DBG] control type=35
[DBG] control type=35
[DBG] control type=35
[DBG] control type=35
[DBG] control type=35
[DBG] control type=35
[DBG] control type=35
[DBG] control type=35
[DBG] control type=35
[DBG] Buffering 8%
[DBG] control type=35
[DBG] control type=35
[DBG] Buffering 11%
[DBG] control type=35
[DBG] control type=35
[DBG] control type=35
[DBG] control type=35
[DBG] control type=35
[DBG] control type=35
[DBG] control type=35
[DBG] control type=35
[DBG] control type=35
[DBG] control type=35
[DBG] control type=35
[DBG] Buffering 13%
[DBG] control type=35
[DBG] control type=35
[DBG] control type=35
[DBG] Buffering 16%
[DBG] control type=35
[DBG] control type=35
[DBG] control type=35
[DBG] control type=35
[DBG] control type=35
[DBG] control type=35
[DBG] control type=35
[DBG] control type=35
[DBG] control type=35
[DBG] control type=35
[DBG] control type=35
[DBG] control type=35
[DBG] control type=35
[DBG] control type=35
[DBG] control type=35
[DBG] control type=35
[DBG] control type=35
[DBG] Buffering 30%
[DBG] control type=35
[DBG] control type=35
[DBG] control type=35
[DBG] control type=35
[DBG] Buffering 31%
[DBG] Buffering 38%
[DBG] Buffering 39%
[DBG] control type=35
[DBG] control type=35
[DBG] control type=35
[DBG] Buffering 41%
[DBG] Buffering 45%
[DBG] control type=35
[DBG] control type=35
[DBG] control type=35
[DBG] control type=35
[DBG] Buffering 49%
[DBG] control type=35
[DBG] control type=35
[DBG] control type=35
[DBG] Buffering 50%
[DBG] Received first picture
9:57:09.083 PM [framestep] nextFrameStepped result=0 time=19537 ms
[DBG] Buffering 55%
[DBG] control type=35
[DBG] Buffering 58%
[DBG] control type=35
[DBG] control type=35
[DBG] Buffering 63%
[DBG] control type=35
[DBG] Buffering 66%
[DBG] control type=35
[DBG] control type=35
[DBG] control type=35
[DBG] control type=35
[DBG] control type=35
[DBG] control type=35
[DBG] Buffering 81%
[DBG] control type=35
[DBG] control type=35
[DBG] control type=35
[DBG] control type=35
[DBG] control type=35
[DBG] control type=35
[DBG] Buffering 88%
[DBG] control type=35
[DBG] Buffering 91%
[DBG] control type=35
[DBG] control type=35
[DBG] control type=35
[DBG] control type=35
[DBG] Buffering 95%
[DBG] control type=35
[DBG] control type=35
[DBG] Stream buffering done (1001 ms in 20 ms)
[DBG] Decoder wait done in 0 ms
9:57:09.094 PM [player] buffering 1.0
[DBG] control type=35
[ERR] ES_OUT_SET_(GROUP_)PCR  is called 10701 ms late (jitter of 10696 ms ignored)
[DBG] ES_OUT_RESET_PCR called
9:57:09.095 PM [player] buffering 0.0
[DBG] control type=35
[DBG] control type=35
[DBG] control type=35
[DBG] control type=35
[DBG] control type=35
[DBG] control type=35
[DBG] control type=35
[DBG] control type=35
[DBG] Buffering 0%
9:57:09.096 PM [player] buffering 0.0
[DBG] control type=35
[DBG] Buffering 1%
[DBG] control type=35
[DBG] control type=35
[DBG] control type=35
[DBG] control type=35
[DBG] control type=35
[DBG] control type=35
[DBG] Buffering 4%
[DBG] control type=35
[DBG] control type=35
[DBG] control type=35
[DBG] control type=35
[DBG] control type=35
[DBG] control type=35
[DBG] control type=35
[DBG] control type=35
[DBG] control type=35
[DBG] control type=35
[DBG] control type=35
[DBG] control type=35
[DBG] Buffering 8%
[DBG] control type=35
[DBG] control type=35
[DBG] control type=35
[DBG] control type=35
[DBG] control type=35
[DBG] control type=35
[DBG] control type=35
[DBG] control type=35
[DBG] control type=35
[DBG] control type=35
[DBG] control type=35
[DBG] Buffering 24%
[DBG] control type=35
[DBG] control type=35
[DBG] control type=35
[DBG] control type=35
[DBG] control type=35
[DBG] control type=35
[DBG] Buffering 29%
[DBG] Buffering 33%
[DBG] Received first picture
9:57:09.107 PM [framestep] nextFrameStepped result=0 time=19537 ms
[DBG] control type=35
[DBG] control type=35
[DBG] control type=35
[DBG] control type=35
[DBG] Buffering 36%
[DBG] control type=35
[DBG] control type=35
[DBG] control type=35
[DBG] Buffering 41%
[DBG] control type=35
[DBG] control type=35
[DBG] control type=35
[DBG] control type=35
[DBG] Buffering 46%
[DBG] control type=35
[DBG] Buffering 50%
[DBG] control type=35
[DBG] Buffering 52%
[DBG] control type=35
[DBG] control type=35
[DBG] control type=35
[DBG] Buffering 55%
[DBG] control type=35
[DBG] Buffering 58%
[DBG] control type=35
[DBG] control type=35
[DBG] control type=35
[DBG] Buffering 72%
[DBG] control type=35
[DBG] control type=35
[DBG] control type=35
[DBG] control type=35
[DBG] control type=35
[DBG] control type=35
[DBG] Buffering 73%
[DBG] control type=35
[DBG] control type=35
[DBG] Buffering 80%
[DBG] control type=35
[DBG] Buffering 81%
[DBG] control type=35
[DBG] control type=35
[DBG] control type=35
[DBG] Buffering 83%
[DBG] control type=35
[DBG] Buffering 86%
[DBG] control type=35
[DBG] Buffering 91%
[DBG] control type=35
[DBG] control type=35
[DBG] control type=35
[DBG] control type=35
[DBG] Buffering 96%
[DBG] control type=35
[DBG] control type=35
[DBG] control type=35
[DBG] Stream buffering done (1001 ms in 27 ms)
[DBG] Decoder wait done in 0 ms
9:57:09.123 PM [player] buffering 1.0
[ERR] ES_OUT_SET_(GROUP_)PCR  is called 10731 ms late (jitter of 10701 ms ignored)
[DBG] ES_OUT_RESET_PCR called
9:57:09.124 PM [player] buffering 0.0
[DBG] control type=35
[DBG] control type=35
[DBG] control type=35
[DBG] control type=35
[DBG] control type=35
[DBG] control type=35
[DBG] control type=35
[DBG] Buffering 0%
9:57:09.125 PM [player] buffering 0.0
[DBG] control type=35
[DBG] control type=35
[DBG] control type=35
[DBG] control type=35
[DBG] control type=35
[DBG] control type=35
[DBG] control type=35
[DBG] control type=35
[DBG] control type=35
[DBG] control type=35
[DBG] control type=35
[DBG] control type=35
[DBG] Buffering 14%
[DBG] control type=35
[DBG] control type=35
[DBG] control type=35
[DBG] control type=35
[DBG] control type=35
[DBG] control type=35
[DBG] control type=35
[DBG] control type=35
[DBG] Buffering 21%
[DBG] control type=35
[DBG] Buffering 24%
[DBG] control type=35
[DBG] control type=35
[DBG] control type=35
[DBG] Buffering 25%
[DBG] Received first picture
9:57:09.132 PM [framestep] nextFrameStepped result=0 time=19537 ms
[DBG] Buffering 28%
[DBG] Buffering 33%
[DBG] control type=35
[DBG] control type=35
[DBG] control type=35
[DBG] Buffering 38%
[DBG] control type=35
[DBG] control type=35
[DBG] control type=35
[DBG] Buffering 41%
[DBG] control type=35
[DBG] control type=35
[DBG] Buffering 43%
[DBG] control type=35
[DBG] Buffering 46%
[DBG] control type=35
[DBG] Buffering 50%
[DBG] control type=35
[DBG] control type=35
[DBG] control type=35
[DBG] control type=35
[DBG] control type=35
[DBG] control type=35
[DBG] Buffering 66%
[DBG] control type=35
[DBG] control type=35
[DBG] control type=35
[DBG] control type=35
[DBG] control type=35
[DBG] control type=35
[DBG] control type=35
[DBG] control type=35
[DBG] Buffering 71%
[DBG] control type=35
[DBG] Buffering 75%
[DBG] control type=35
[DBG] control type=35
[DBG] control type=35
[DBG] control type=35
[DBG] Buffering 78%
[DBG] control type=35
[DBG] Buffering 83%
[DBG] Buffering 85%
[DBG] control type=35
[DBG] control type=35
[DBG] control type=35
[DBG] Buffering 88%
[DBG] Buffering 91%
[DBG] control type=35
[DBG] control type=35
[DBG] Buffering 94%
[DBG] control type=35
[DBG] control type=35
[DBG] control type=35
[DBG] Buffering 96%
[DBG] control type=35
[DBG] control type=35
[DBG] Stream buffering done (1001 ms in 33 ms)
[DBG] Decoder wait done in 0 ms
9:57:09.159 PM [player] buffering 1.0
[DBG] control type=35
[DBG] control type=35
[DBG] control type=35
[DBG] control type=35
[ERR] ES_OUT_SET_(GROUP_)PCR  is called 10677 ms late (jitter of 10701 ms ignored)
[DBG] ES_OUT_RESET_PCR called
9:57:09.161 PM [player] buffering 0.0
[DBG] control type=35
[DBG] control type=35
[DBG] control type=35
[DBG] control type=35
[DBG] control type=35
[DBG] control type=35
[DBG] control type=35
[DBG] control type=35
[DBG] control type=35
[DBG] control type=35
[DBG] control type=35
[DBG] control type=35
[DBG] Buffering 0%
9:57:09.163 PM [player] buffering 0.0
[DBG] control type=35
[DBG] control type=35
[DBG] control type=35
[DBG] control type=35
[DBG] control type=35
[DBG] control type=35
[DBG] control type=35
[DBG] Buffering 6%
[DBG] control type=35
[DBG] control type=35
[DBG] control type=35
[DBG] Buffering 8%
[DBG] control type=35
[DBG] control type=35
[DBG] control type=35
[DBG] control type=35
[DBG] control type=35
[DBG] Buffering 10%
[DBG] control type=35
[DBG] control type=35
[DBG] Buffering 13%
[DBG] control type=35
[DBG] control type=35
[DBG] control type=35
[DBG] control type=35
[DBG] Buffering 18%
[DBG] control type=35
[DBG] control type=35
[DBG] control type=35
[DBG] control type=35
[DBG] control type=35
[DBG] control type=35
[DBG] control type=35
[DBG] control type=35
[DBG] Buffering 23%
[DBG] control type=35
[DBG] control type=35
[DBG] control type=35
[DBG] control type=35
[DBG] control type=35
[DBG] control type=35
[DBG] control type=35
[DBG] control type=35
[DBG] control type=35
[DBG] Buffering 26%
[DBG] control type=35
[DBG] control type=35
[DBG] control type=35
[DBG] Buffering 31%
[DBG] control type=35
[DBG] control type=35
[DBG] control type=35
[DBG] Buffering 35%
[DBG] control type=35
[DBG] control type=35
[DBG] control type=35
[DBG] control type=35
[DBG] control type=35
[DBG] control type=35
[DBG] control type=35
[DBG] control type=35
[DBG] control type=35
[DBG] control type=35
[DBG] control type=35
[DBG] control type=35
[DBG] control type=35
[DBG] control type=35
[DBG] Buffering 50%
[DBG] control type=35
[DBG] control type=35
[DBG] control type=35
[DBG] control type=35
[DBG] control type=35
[DBG] control type=35
[DBG] Buffering 56%
[DBG] Buffering 59%
[DBG] control type=35
[DBG] control type=35
[DBG] control type=35
[DBG] Buffering 60%
[DBG] control type=35
[DBG] control type=35
[DBG] Buffering 63%
[DBG] Buffering 68%
[DBG] control type=35
[DBG] control type=35
[DBG] control type=35
[DBG] Received first picture
9:57:09.180 PM [framestep] nextFrameStepped result=0 time=19537 ms
[DBG] Buffering 73%
[DBG] control type=35
[DBG] control type=35
[DBG] Buffering 76%
[DBG] control type=35
[DBG] Buffering 79%
[DBG] control type=35
[DBG] control type=35
[DBG] control type=35
[DBG] Buffering 81%
[DBG] control type=35
[DBG] Buffering 85%
[DBG] control type=35
[DBG] control type=35
[DBG] control type=35
[DBG] control type=35
[DBG] control type=35
[DBG] control type=35
[DBG] Stream buffering done (1014 ms in 22 ms)
9:57:09.185 PM [player] buffering 1.0
[DBG] Decoder wait done in 0 ms
[DBG] control type=35
[DBG] control type=35
[DBG] control type=35
[DBG] control type=35
[DBG] control type=35
[DBG] control type=35
[DBG] control type=35
[DBG] control type=35
[DBG] control type=35
[ERR] ES_OUT_SET_(GROUP_)PCR  is called 10779 ms late (jitter of 10731 ms ignored)
[DBG] ES_OUT_RESET_PCR called
9:57:09.189 PM [player] buffering 0.0
[DBG] control type=35
[DBG] control type=35
[DBG] control type=35
[DBG] Buffering 0%
9:57:09.189 PM [player] buffering 0.0
[DBG] control type=35
[DBG] control type=35
[DBG] control type=35
[DBG] control type=35
[DBG] control type=35
[DBG] Buffering 3%
[DBG] control type=35
[DBG] control type=35
[DBG] Buffering 8%
[DBG] control type=35
[DBG] control type=35
[DBG] control type=35
[DBG] control type=35
[DBG] Buffering 10%
[DBG] control type=35
[DBG] control type=35
[DBG] control type=35
[DBG] control type=35
[DBG] Buffering 13%
[DBG] control type=35
[DBG] control type=35
[DBG] control type=35
[DBG] Buffering 16%
[DBG] control type=35
[DBG] control type=35
[DBG] Buffering 20%
[DBG] control type=35
[DBG] control type=35
[DBG] control type=35
[DBG] control type=35
[DBG] control type=35
[DBG] control type=35
[DBG] Buffering 21%
[DBG] control type=35
[DBG] control type=35
[DBG] control type=35
[DBG] Buffering 25%
[DBG] control type=35
[DBG] control type=35
[DBG] control type=35
[DBG] control type=35
[DBG] control type=35
[DBG] control type=35
[DBG] control type=35
[DBG] control type=35
[DBG] control type=35
[DBG] Buffering 39%
[DBG] control type=35
[DBG] control type=35
[DBG] control type=35
[DBG] control type=35
[DBG] control type=35
[DBG] control type=35
[DBG] Buffering 40%
[DBG] control type=35
[DBG] control type=35
[DBG] Buffering 46%
[DBG] control type=35
[DBG] Buffering 48%
[DBG] control type=35
[DBG] Buffering 50%
[DBG] Buffering 53%
[DBG] control type=35
[DBG] control type=35
[DBG] Buffering 58%
[DBG] Received first picture
9:57:09.200 PM [framestep] nextFrameStepped result=0 time=19537 ms
[DBG] control type=35
[DBG] control type=35
[DBG] control type=35
[DBG] control type=35
[DBG] Buffering 63%
[DBG] Buffering 66%
[DBG] control type=35
[DBG] control type=35
[DBG] Buffering 71%
[DBG] control type=35
[DBG] Buffering 75%
[DBG] control type=35
[DBG] control type=35
[DBG] control type=35
[DBG] control type=35
[DBG] control type=35
[DBG] control type=35
[DBG] control type=35
[DBG] control type=35
[DBG] control type=35
[DBG] Buffering 90%
[DBG] control type=35
[DBG] control type=35
[DBG] control type=35
[DBG] control type=35
[DBG] control type=35
[DBG] control type=35
[DBG] control type=35
[DBG] control type=35
[DBG] Buffering 96%
[DBG] control type=35
[DBG] Stream buffering done (1001 ms in 20 ms)
[DBG] Decoder wait done in 0 ms
9:57:09.210 PM [player] buffering 1.0
[DBG] control type=35
[DBG] control type=35
[DBG] control type=35
[DBG] control type=35
[ERR] ES_OUT_SET_(GROUP_)PCR  is called 10835 ms late (jitter of 10779 ms ignored)
[DBG] ES_OUT_RESET_PCR called
9:57:09.212 PM [player] buffering 0.0
[DBG] control type=35
[DBG] control type=35
[DBG] control type=35
[DBG] Buffering 0%
9:57:09.212 PM [player] buffering 0.0
[DBG] control type=35
[DBG] control type=35
[DBG] control type=35
[DBG] control type=35
[DBG] control type=35
[DBG] control type=35
[DBG] control type=35
[DBG] Buffering 5%
[DBG] control type=35
[DBG] control type=35
[DBG] control type=35
[DBG] control type=35
[DBG] control type=35
[DBG] control type=35
[DBG] Buffering 8%
[DBG] control type=35
[DBG] control type=35
[DBG] Buffering 10%
[DBG] control type=35
[DBG] control type=35
[DBG] control type=35
[DBG] control type=35
[DBG] control type=35
[DBG] control type=35
[DBG] Buffering 13%
[DBG] control type=35
[DBG] Buffering 16%
[DBG] control type=35
[DBG] control type=35
[DBG] control type=35
[DBG] control type=35
[DBG] control type=35
[DBG] control type=35
[DBG] control type=35
[DBG] control type=35
[DBG] control type=35
[DBG] control type=35
[DBG] control type=35
[DBG] control type=35
[DBG] Buffering 33%
[DBG] control type=35
[DBG] control type=35
[DBG] control type=35
[DBG] control type=35
[DBG] control type=35
[DBG] control type=35
[DBG] control type=35
[DBG] Buffering 38%
[DBG] Buffering 41%
[DBG] control type=35
[DBG] control type=35
[DBG] control type=35
[DBG] control type=35
[DBG] Buffering 45%
[DBG] Received first picture
9:57:09.227 PM [framestep] nextFrameStepped result=0 time=19537 ms
[DBG] Buffering 50%
[DBG] control type=35
[DBG] control type=35
[DBG] control type=35
[DBG] control type=35
[DBG] control type=35
[DBG] control type=35
[DBG] control type=35
[DBG] Buffering 52%
[DBG] control type=35
[DBG] Buffering 55%
[DBG] Buffering 58%
[DBG] control type=35
[DBG] control type=35
[DBG] control type=35
[DBG] Buffering 62%
[DBG] control type=35
[DBG] Buffering 63%
[DBG] control type=35
[DBG] Buffering 66%
[DBG] control type=35
[DBG] control type=35
[DBG] control type=35
[DBG] control type=35
[DBG] Buffering 81%
[DBG] control type=35
[DBG] control type=35
[DBG] control type=35
[DBG] control type=35
[DBG] control type=35
[DBG] control type=35
[DBG] control type=35
[DBG] control type=35
[DBG] control type=35
[DBG] control type=35
[DBG] Buffering 88%
[DBG] control type=35
[DBG] Buffering 90%
[DBG] control type=35
[DBG] control type=35
[DBG] Buffering 91%
[DBG] control type=35
[DBG] Buffering 95%
[DBG] control type=35
[DBG] Stream buffering done (1001 ms in 27 ms)
[DBG] Decoder wait done in 0 ms
9:57:09.240 PM [player] buffering 1.0
[DBG] control type=35
[DBG] control type=35
[ERR] ES_OUT_SET_(GROUP_)PCR  is called 10846 ms late (jitter of 10835 ms ignored)
[DBG] ES_OUT_RESET_PCR called
9:57:09.240 PM [player] buffering 0.0
[DBG] control type=35
[DBG] control type=35
[DBG] control type=35
[DBG] control type=35
[DBG] control type=35
[DBG] control type=35
[DBG] control type=35
[DBG] control type=35
[DBG] control type=35
[DBG] control type=35
[DBG] Buffering 0%
9:57:09.243 PM [player] buffering 0.0
[DBG] control type=35
[DBG] control type=35
[DBG] Buffering 5%
[DBG] control type=35
[DBG] control type=35
[DBG] control type=35
[DBG] control type=35
[DBG] control type=35
[DBG] control type=35
[DBG] control type=35
[DBG] control type=35
[DBG] control type=35
[DBG] Buffering 8%
[DBG] control type=35
[DBG] control type=35
[DBG] control type=35
[DBG] control type=35
[DBG] control type=35
[DBG] control type=35
[DBG] control type=35
[DBG] control type=35
[DBG] control type=35
[DBG] control type=35
[DBG] control type=35
[DBG] control type=35
[DBG] control type=35
[DBG] control type=35
[DBG] control type=35
[DBG] control type=35
[DBG] control type=35
[DBG] control type=35
[DBG] control type=35
[DBG] control type=35
[DBG] Buffering 24%
[DBG] control type=35
[DBG] control type=35
[DBG] control type=35
[DBG] control type=35
[DBG] control type=35
[DBG] control type=35
[DBG] control type=35
[DBG] control type=35
[DBG] Buffering 30%
[DBG] Buffering 33%
[DBG] control type=35
[DBG] Received first picture
9:57:09.251 PM [framestep] nextFrameStepped result=0 time=19537 ms
[DBG] control type=35
[DBG] control type=35
[DBG] Buffering 36%
[DBG] control type=35
[DBG] Buffering 41%
[DBG] control type=35
[DBG] Buffering 46%
[DBG] control type=35
[DBG] control type=35
[DBG] control type=35
[DBG] control type=35
[DBG] control type=35
[DBG] control type=35
[DBG] Buffering 50%
[DBG] control type=35
[DBG] Buffering 52%
[DBG] control type=35
[DBG] control type=35
[DBG] Buffering 55%
[DBG] control type=35
[DBG] Buffering 58%
[DBG] control type=35
[DBG] control type=35
[DBG] control type=35
[DBG] control type=35
[DBG] control type=35
[DBG] control type=35
[DBG] Buffering 72%
[DBG] control type=35
[DBG] control type=35
[DBG] control type=35
[DBG] control type=35
[DBG] control type=35
[DBG] control type=35
[DBG] Buffering 73%
[DBG] control type=35
[DBG] Buffering 80%
[DBG] control type=35
[DBG] Buffering 81%
[DBG] control type=35
[DBG] Buffering 83%
[DBG] control type=35
[DBG] Buffering 86%
[DBG] control type=35
[DBG] Buffering 91%
[DBG] control type=35
[DBG] control type=35
[DBG] Buffering 96%
[DBG] control type=35
[DBG] control type=35
[DBG] control type=35
[DBG] Stream buffering done (1001 ms in 23 ms)
[DBG] Decoder wait done in 0 ms
9:57:09.266 PM [player] buffering 1.0
[DBG] control type=35
[DBG] control type=35
[ERR] ES_OUT_SET_(GROUP_)PCR  is called 10872 ms late (jitter of 10846 ms ignored)
[DBG] ES_OUT_RESET_PCR called
9:57:09.267 PM [player] buffering 0.0
[DBG] control type=35
[DBG] control type=35
[DBG] control type=35
[DBG] control type=35
[DBG] control type=35
[DBG] control type=35
9:57:09.267 PM [player] buffering 0.0
[DBG] Buffering 0%
[DBG] control type=35
[DBG] control type=35
[DBG] control type=35
[DBG] control type=35
[DBG] control type=35
[DBG] control type=35
[DBG] control type=35
[DBG] control type=35
[DBG] control type=35
[DBG] control type=35
[DBG] control type=35
[DBG] control type=35
[DBG] control type=35
[DBG] control type=35
[DBG] control type=35
[DBG] Buffering 14%
[DBG] control type=35
[DBG] control type=35
[DBG] control type=35
[DBG] control type=35
[DBG] control type=35
[DBG] Buffering 15%
[DBG] control type=35
[DBG] control type=35
[DBG] Buffering 21%
[DBG] control type=35
[DBG] control type=35
[DBG] Buffering 24%
[DBG] Buffering 25%
[DBG] control type=35
[DBG] Buffering 28%
[DBG] Received first picture
9:57:09.276 PM [framestep] nextFrameStepped result=0 time=19537 ms
[DBG] Buffering 33%
[DBG] Buffering 38%
[DBG] control type=35
[DBG] control type=35
[DBG] control type=35
[DBG] control type=35
[DBG] control type=35
[DBG] Buffering 41%
[DBG] control type=35
[DBG] control type=35
[DBG] Buffering 43%
[DBG] control type=35
[DBG] control type=35
[DBG] Buffering 46%
[DBG] control type=35
[DBG] Buffering 50%
[DBG] control type=35
[DBG] control type=35
[DBG] control type=35
[DBG] control type=35
[DBG] control type=35
[DBG] control type=35
[DBG] Buffering 66%
[DBG] control type=35
[DBG] control type=35
[DBG] control type=35
[DBG] control type=35
[DBG] control type=35
[DBG] control type=35
[DBG] control type=35
[DBG] Buffering 71%
[DBG] control type=35
[DBG] Buffering 75%
[DBG] control type=35
[DBG] control type=35
[DBG] control type=35
[DBG] control type=35
[DBG] Buffering 78%
[DBG] Buffering 83%
[DBG] control type=35
[DBG] control type=35
[DBG] Buffering 85%
[DBG] control type=35
[DBG] control type=35
[DBG] control type=35
[DBG] Buffering 88%
[DBG] control type=35
[DBG] Buffering 91%
[DBG] control type=35
[DBG] control type=35
[DBG] control type=35
[DBG] Buffering 94%
[DBG] control type=35
[DBG] Buffering 96%
[DBG] control type=35
[DBG] Stream buffering done (1001 ms in 24 ms)
[DBG] Decoder wait done in 0 ms
9:57:09.291 PM [player] buffering 1.0
[DBG] control type=35
[DBG] control type=35
[DBG] control type=35
[DBG] control type=35
[ERR] ES_OUT_SET_(GROUP_)PCR  is called 10811 ms late (jitter of 10846 ms ignored)
[DBG] ES_OUT_RESET_PCR called
9:57:09.294 PM [player] buffering 0.0
[DBG] control type=35
[DBG] control type=35
[DBG] control type=35
[DBG] control type=35
[DBG] control type=35
[DBG] control type=35
[DBG] control type=35
[DBG] control type=35
[DBG] control type=35
[DBG] control type=35
[DBG] control type=35
[DBG] control type=35
[DBG] control type=35
[DBG] control type=35
[DBG] control type=35
[DBG] control type=35
9:57:09.296 PM [player] buffering 0.0
[DBG] Buffering 0%
[DBG] control type=35
[DBG] control type=35
[DBG] control type=35
[DBG] control type=35
[DBG] Buffering 6%
[DBG] control type=35
[DBG] control type=35
[DBG] control type=35
[DBG] Buffering 8%
[DBG] control type=35
[DBG] control type=35
[DBG] control type=35
[DBG] control type=35
[DBG] control type=35
[DBG] control type=35
[DBG] Buffering 9%
[DBG] control type=35
[DBG] control type=35
[DBG] Buffering 13%
[DBG] control type=35
[DBG] control type=35
[DBG] control type=35
[DBG] control type=35
[DBG] Buffering 18%
[DBG] control type=35
[DBG] control type=35
[DBG] control type=35
[DBG] control type=35
[DBG] control type=35
[DBG] control type=35
[DBG] control type=35
[DBG] control type=35
[DBG] control type=35
[DBG] control type=35
[DBG] Buffering 23%
[DBG] control type=35
[DBG] control type=35
[DBG] control type=35
[DBG] control type=35
[DBG] Buffering 26%
[DBG] control type=35
[DBG] control type=35
[DBG] control type=35
[DBG] control type=35
[DBG] control type=35
[DBG] control type=35
[DBG] Buffering 31%
[DBG] control type=35
[DBG] control type=35
[DBG] control type=35
[DBG] control type=35
[DBG] Buffering 35%
[DBG] control type=35
[DBG] control type=35
[DBG] control type=35
[DBG] control type=35
[DBG] control type=35
[DBG] control type=35
[DBG] control type=35
[DBG] control type=35
[DBG] Buffering 50%
[DBG] control type=35
[DBG] control type=35
[DBG] control type=35
[DBG] control type=35
[DBG] control type=35
[DBG] control type=35
[DBG] control type=35
[DBG] control type=35
[DBG] control type=35
[DBG] control type=35
[DBG] control type=35
[DBG] control type=35
[DBG] Buffering 56%
[DBG] control type=35
[DBG] Buffering 59%
[DBG] control type=35
[DBG] control type=35
[DBG] Buffering 60%
[DBG] control type=35
[DBG] control type=35
[DBG] control type=35
[DBG] Received first picture
9:57:09.314 PM [framestep] nextFrameStepped result=0 time=19537 ms
[DBG] Buffering 63%
[DBG] control type=35
[DBG] Buffering 68%
[DBG] control type=35
[DBG] control type=35
[DBG] control type=35
[DBG] control type=35
[DBG] control type=35
[DBG] Buffering 73%
[DBG] control type=35
[DBG] Buffering 76%
[DBG] control type=35
[DBG] Buffering 78%
[DBG] control type=35
[DBG] control type=35
[DBG] control type=35
[DBG] Buffering 81%
[DBG] control type=35
[DBG] Buffering 85%
[DBG] control type=35
[DBG] control type=35
[DBG] control type=35
[DBG] control type=35
[DBG] control type=35
[DBG] control type=35
[DBG] control type=35
[DBG] control type=35
[DBG] control type=35
[DBG] control type=35
[DBG] Stream buffering done (1012 ms in 24 ms)
[DBG] Decoder wait done in 0 ms
9:57:09.321 PM [player] buffering 1.0
[DBG] control type=35
[DBG] control type=35
[DBG] control type=35
[DBG] control type=35
[DBG] control type=35
[DBG] control type=35
[DBG] control type=35
[ERR] ES_OUT_SET_(GROUP_)PCR  is called 10913 ms late (jitter of 10872 ms ignored)
[DBG] ES_OUT_RESET_PCR called
9:57:09.323 PM [player] buffering 0.0
[DBG] control type=35
[DBG] control type=35
[DBG] control type=35
[DBG] Buffering 0%
9:57:09.324 PM [player] buffering 0.0
[DBG] control type=35
[DBG] control type=35
[DBG] control type=35
[DBG] control type=35
[DBG] control type=35
[DBG] Buffering 3%
[DBG] control type=35
[DBG] control type=35
[DBG] control type=35
[DBG] control type=35
[DBG] control type=35
[DBG] control type=35
[DBG] control type=35
[DBG] control type=35
[DBG] control type=35
[DBG] control type=35
[DBG] control type=35
[DBG] Buffering 8%
[DBG] control type=35
[DBG] control type=35
[DBG] Buffering 10%
[DBG] control type=35
[DBG] control type=35
[DBG] control type=35
[DBG] control type=35
[DBG] control type=35
[DBG] control type=35
[DBG] Buffering 13%
[DBG] control type=35
[DBG] control type=35
[DBG] Buffering 16%
[DBG] control type=35
[DBG] control type=35
[DBG] control type=35
[DBG] control type=35
[DBG] Buffering 20%
[DBG] control type=35
[DBG] control type=35
[DBG] control type=35
[DBG] control type=35
[DBG] control type=35
[DBG] Buffering 21%
[DBG] control type=35
[DBG] control type=35
[DBG] control type=35
[DBG] control type=35
[DBG] control type=35
[DBG] control type=35
[DBG] Buffering 25%
[DBG] control type=35
[DBG] control type=35
[DBG] control type=35
[DBG] control type=35
[DBG] control type=35
[DBG] control type=35
[DBG] control type=35
[DBG] control type=35
[DBG] control type=35
[DBG] control type=35
[DBG] control type=35
[DBG] control type=35
[DBG] control type=35
[DBG] Buffering 39%
[DBG] control type=35
[DBG] control type=35
[DBG] control type=35
[DBG] control type=35
[DBG] Buffering 40%
[DBG] Buffering 46%
[DBG] control type=35
[DBG] Buffering 48%
[DBG] Buffering 50%
[DBG] control type=35
[DBG] Received first picture
[DBG] Buffering 53%
9:57:09.335 PM [framestep] nextFrameStepped result=0 time=19537 ms
[DBG] Buffering 58%
[DBG] control type=35
[DBG] control type=35
[DBG] Buffering 63%
[DBG] control type=35
[DBG] control type=35
[DBG] control type=35
[DBG] control type=35
[DBG] control type=35
[DBG] control type=35
[DBG] control type=35
[DBG] control type=35
[DBG] Buffering 66%
[DBG] control type=35
[DBG] Buffering 71%
[DBG] control type=35
[DBG] Buffering 75%
[DBG] control type=35
[DBG] control type=35
[DBG] control type=35
[DBG] control type=35
[DBG] control type=35
[DBG] control type=35
[DBG] control type=35
[DBG] control type=35
[DBG] Buffering 90%
[DBG] control type=35
[DBG] control type=35
[DBG] control type=35
[DBG] Buffering 96%
[DBG] control type=35
[DBG] control type=35
[DBG] control type=35
[DBG] Stream buffering done (1000 ms in 28 ms)
[DBG] Decoder wait done in 0 ms
9:57:09.352 PM [player] buffering 1.0
[DBG] control type=35
[ERR] ES_OUT_SET_(GROUP_)PCR  is called 11009 ms late (jitter of 10913 ms ignored)
[DBG] ES_OUT_RESET_PCR called
9:57:09.353 PM [player] buffering 0.0
[DBG] control type=35
[DBG] control type=35
[DBG] control type=35
[DBG] control type=35
[DBG] control type=35
[DBG] control type=35
[DBG] control type=35
[DBG] control type=35
[DBG] control type=35
[DBG] control type=35
[DBG] Buffering 0%
9:57:09.359 PM [player] buffering 0.0
[DBG] control type=35
[DBG] control type=35
[DBG] Buffering 5%
[DBG] control type=35
[DBG] control type=35
[DBG] control type=35
[DBG] control type=35
[DBG] control type=35
[DBG] control type=35
[DBG] control type=35
[DBG] control type=35
[DBG] control type=35
[DBG] control type=35
[DBG] control type=35
[DBG] control type=35
[DBG] control type=35
[DBG] Buffering 10%
[DBG] control type=35
[DBG] control type=35
[DBG] Buffering 13%
[DBG] control type=35
[DBG] control type=35
[DBG] control type=35
[DBG] control type=35
[DBG] control type=35
[DBG] control type=35
[DBG] control type=35
[DBG] control type=35
[DBG] Buffering 15%
[DBG] control type=35
[DBG] control type=35
[DBG] control type=35
[DBG] control type=35
[DBG] control type=35
[DBG] control type=35
[DBG] Buffering 18%
[DBG] control type=35
[DBG] control type=35
[DBG] control type=35
[DBG] control type=35
[DBG] control type=35
[DBG] control type=35
[DBG] Buffering 21%
[DBG] control type=35
[DBG] control type=35
[DBG] control type=35
[DBG] control type=35
[DBG] control type=35
[DBG] control type=35
[DBG] control type=35
[DBG] control type=35
[DBG] control type=35
[DBG] control type=35
[DBG] control type=35
[DBG] control type=35
[DBG] control type=35
[DBG] control type=35
[DBG] control type=35
[DBG] Buffering 38%
[DBG] control type=35
[DBG] control type=35
[DBG] control type=35
[DBG] control type=35
[DBG] control type=35
[DBG] control type=35
[DBG] control type=35
[DBG] Buffering 43%
[DBG] Buffering 46%
[DBG] control type=35
[DBG] Buffering 50%
[DBG] Received first picture
9:57:09.369 PM [framestep] nextFrameStepped result=0 time=19537 ms
[DBG] Buffering 55%
[DBG] Buffering 57%
[DBG] Buffering 60%
[DBG] control type=35
[DBG] Buffering 63%
[DBG] control type=35
[DBG] Buffering 66%
[DBG] Buffering 68%
[DBG] control type=35
[DBG] control type=35
[DBG] Buffering 71%
[DBG] control type=35
[DBG] control type=35
[DBG] control type=35
[DBG] control type=35
[DBG] control type=35
[DBG] control type=35
[DBG] control type=35
[DBG] Buffering 86%
[DBG] control type=35
[DBG] control type=35
[DBG] control type=35
[DBG] control type=35
[DBG] control type=35
[DBG] control type=35
[DBG] control type=35
[DBG] control type=35
[DBG] control type=35
[DBG] control type=35
[DBG] Buffering 93%
[DBG] control type=35
[DBG] Buffering 95%
[DBG] control type=35
[DBG] Buffering 96%
[DBG] control type=35
[DBG] Stream buffering done (1001 ms in 21 ms)
9:57:09.380 PM [player] buffering 1.0
[DBG] Decoder wait done in 0 ms
[DBG] control type=35
[ERR] ES_OUT_SET_(GROUP_)PCR  is called 10986 ms late (jitter of 10986 ms ignored)
[DBG] ES_OUT_RESET_PCR called
9:57:09.381 PM [player] buffering 0.0
[DBG] control type=35
[DBG] control type=35
[DBG] control type=35
[DBG] control type=35
[DBG] control type=35
[DBG] control type=35
[DBG] control type=35
[DBG] control type=35
[DBG] Buffering 0%
9:57:09.381 PM [player] buffering 0.0
[DBG] control type=35
[DBG] control type=35
[DBG] control type=35
[DBG] control type=35
[DBG] Buffering 3%
[DBG] control type=35
[DBG] control type=35
[DBG] control type=35
[DBG] control type=35
[DBG] Buffering 8%
[DBG] control type=35
[DBG] control type=35
[DBG] Buffering 11%
[DBG] control type=35
[DBG] control type=35
[DBG] control type=35
[DBG] control type=35
[DBG] control type=35
[DBG] control type=35
[DBG] control type=35
[DBG] control type=35
[DBG] control type=35
[DBG] control type=35
[DBG] control type=35
[DBG] control type=35
[DBG] control type=35
[DBG] control type=35
[DBG] control type=35
[DBG] control type=35
[DBG] control type=35
[DBG] control type=35
[DBG] control type=35
[DBG] control type=35
[DBG] Buffering 27%
[DBG] control type=35
[DBG] control type=35
[DBG] control type=35
[DBG] control type=35
[DBG] control type=35
[DBG] Buffering 33%
[DBG] Buffering 36%
[DBG] control type=35
[DBG] Buffering 40%
[DBG] control type=35
[DBG] Buffering 45%
[DBG] control type=35
[DBG] control type=35
[DBG] Received first picture
9:57:09.395 PM [framestep] nextFrameStepped result=0 time=19537 ms
[DBG] control type=35
[DBG] control type=35
[DBG] control type=35
[DBG] Buffering 50%
[DBG] control type=35
[DBG] Buffering 53%
[DBG] control type=35
[DBG] Buffering 56%
[DBG] control type=35
[DBG] control type=35
[DBG] Buffering 58%
[DBG] control type=35
[DBG] Buffering 61%
[DBG] control type=35
[DBG] control type=35
[DBG] control type=35
[DBG] control type=35
[DBG] control type=35
[DBG] control type=35
[DBG] control type=35
[DBG] control type=35
[DBG] Buffering 75%
[DBG] control type=35
[DBG] control type=35
[DBG] control type=35
[DBG] control type=35
[DBG] control type=35
[DBG] control type=35
[DBG] Buffering 76%
[DBG] control type=35
[DBG] Buffering 83%
[DBG] control type=35
[DBG] Buffering 84%
[DBG] control type=35
[DBG] control type=35
[DBG] Buffering 86%
[DBG] control type=35
[DBG] Buffering 90%
[DBG] control type=35
[DBG] Buffering 94%
[DBG] control type=35
[DBG] control type=35
[DBG] control type=35
[DBG] Buffering 95%
[DBG] control type=35
[DBG] Stream buffering done (1001 ms in 28 ms)
[DBG] Decoder wait done in 0 ms
9:57:09.410 PM [player] buffering 1.0
[DBG] control type=35
[DBG] control type=35
[DBG] control type=35
[DBG] control type=35
[ERR] ES_OUT_SET_(GROUP_)PCR  is called 11034 ms late (jitter of 11009 ms ignored)
[DBG] ES_OUT_RESET_PCR called
9:57:09.411 PM [player] buffering 0.0
[DBG] control type=35
[DBG] control type=35
[DBG] control type=35
[DBG] control type=35
[DBG] control type=35
[DBG] control type=35
[DBG] control type=35
[DBG] control type=35
[DBG] Buffering 0%
9:57:09.412 PM [player] buffering 0.0
[DBG] control type=35
[DBG] control type=35
[DBG] Buffering 3%
[DBG] control type=35
[DBG] control type=35
[DBG] control type=35
[DBG] control type=35
[DBG] control type=35
[DBG] control type=35
[DBG] control type=35
[DBG] control type=35
[DBG] control type=35
[DBG] control type=35
[DBG] control type=35
[DBG] control type=35
[DBG] control type=35
[DBG] control type=35
[DBG] control type=35
[DBG] control type=35
[DBG] control type=35
[DBG] control type=35
[DBG] control type=35
[DBG] control type=35
[DBG] Buffering 18%
[DBG] control type=35
[DBG] control type=35
[DBG] control type=35
[DBG] control type=35
[DBG] control type=35
[DBG] control type=35
[DBG] Received first picture
9:57:09.418 PM [framestep] nextFrameStepped result=0 time=19537 ms
[DBG] Buffering 25%
[DBG] control type=35
[DBG] control type=35
[DBG] Buffering 27%
[DBG] control type=35
[DBG] control type=35
[DBG] Buffering 28%
[DBG] Buffering 31%
[DBG] control type=35
[DBG] control type=35
[DBG] Buffering 36%
[DBG] control type=35
[DBG] control type=35
[DBG] Buffering 41%
[DBG] control type=35
[DBG] control type=35
[DBG] Buffering 45%
[DBG] control type=35
[DBG] control type=35
[DBG] control type=35
[DBG] control type=35
[DBG] Buffering 50%
[DBG] control type=35
[DBG] Buffering 53%
[DBG] control type=35
[DBG] control type=35
[DBG] control type=35
[DBG] control type=35
[DBG] control type=35
[DBG] control type=35
[DBG] control type=35
[DBG] control type=35
[DBG] control type=35
[DBG] Buffering 69%
[DBG] control type=35
[DBG] control type=35
[DBG] control type=35
[DBG] control type=35
[DBG] control type=35
[DBG] control type=35
[DBG] control type=35
[DBG] control type=35
[DBG] control type=35
[DBG] control type=35
[DBG] Buffering 75%
[DBG] control type=35
[DBG] Buffering 78%
[DBG] control type=35
[DBG] control type=35
[DBG] Buffering 81%
[DBG] control type=35
[DBG] control type=35
[DBG] Buffering 86%
[DBG] Buffering 91%
[DBG] control type=35
[DBG] control type=35
[DBG] control type=35
[DBG] control type=35
[DBG] control type=35
[DBG] Buffering 95%
[DBG] Buffering 98%
[DBG] control type=35
[DBG] Stream buffering done (1001 ms in 30 ms)
[DBG] Decoder wait done in 0 ms
[DBG] control type=35
[ERR] ES_OUT_SET_(GROUP_)PCR  is called 11064 ms late (jitter of 11034 ms ignored)
[DBG] ES_OUT_RESET_PCR called
[DBG] control type=35
[DBG] control type=35
[DBG] control type=35
9:57:09.442 PM [framestep] −1 seek before=19537 ms frame=33 ms (500000/16683 fps) target=19504 ms
[DBG] control type=35
[DBG] control type=3
[DBG] ES_OUT_RESET_PCR called
[DBG] SET_TIME to 19504000
[DBG] seek request to i_pos = 19504000
[DBG] seek: preroll{ track: 1, pts: 0, fpos: 5816 skip: 5816} 
[DBG] seek: preroll{ track: 2, pts: 19488000, fpos: 10003739 skip: 10003739} 
[DBG] seek: preroll{ track: 4, pts: -1, fpos: 5816 skip: 5816} 
[DBG] resolving 192.168.1.250 ...
[DBG] outgoing request:
GET /stream/2 HTTP/1.1
Host: 192.168.1.250:8093
Accept: */*
Accept-Language: en_US
User-Agent: VLC/4.0.0-dev LibVLC/4.0.0-dev
If-Unmodified-Since: Fri, 17 Jul 2026 19:22:43 GMT
Range: bytes=5816-


9:57:09.446 PM [player] buffering 1.0
9:57:09.446 PM [player] buffering 0.0
9:57:09.446 PM [player] buffering 0.0
[DBG] incoming response:
HTTP/1.1 206 Partial Content
Accept-Ranges: bytes
Content-Length: 5722245260
Content-Range: bytes 5816-5722251075/5722251076
Content-Type: video/x-matroska
Last-Modified: Fri, 17 Jul 2026 19:22:43 GMT
Date: Mon, 14 Sep 2026 01:57:09 GMT


[DBG] connection failed
[DBG] seek: preroll{ req: 19504001, start-pts: 1, start-fpos: 5816} 
[DBG] control type=35
[DBG] control type=35
[DBG] control type=35
[DBG] control type=35
[DBG] Buffering 0%
9:57:09.529 PM [player] buffering 0.0
[DBG] control type=35
[DBG] control type=35
[DBG] control type=35
[DBG] control type=35
[DBG] control type=35
[DBG] control type=35
[DBG] control type=35
[DBG] control type=35
[DBG] control type=35
[DBG] control type=35
[DBG] control type=35
[DBG] control type=35
[DBG] control type=35
[DBG] control type=35
[DBG] control type=35
[DBG] control type=35
[DBG] control type=35
[DBG] control type=35
[DBG] control type=35
[DBG] control type=35
[DBG] control type=35
[DBG] control type=35
[DBG] control type=35
[DBG] control type=35
[DBG] control type=35
[DBG] control type=35
[DBG] control type=35
[DBG] control type=35
[DBG] control type=35
[DBG] control type=35
[DBG] control type=35
[DBG] control type=35
[DBG] control type=35
[DBG] control type=35
[DBG] control type=35
[DBG] control type=35
[DBG] control type=35
[DBG] control type=35
[DBG] control type=35
[DBG] control type=35
[DBG] control type=35
[DBG] control type=35
[DBG] control type=35
[DBG] control type=35
[DBG] control type=35
[DBG] control type=35
[DBG] control type=35
[DBG] control type=35
[DBG] control type=35
[DBG] control type=35
[DBG] control type=35
[DBG] control type=35
[DBG] control type=35
[DBG] control type=35
[DBG] control type=35
[DBG] control type=35
[DBG] control type=35
[DBG] control type=35
[DBG] control type=35
[DBG] control type=35
[DBG] control type=35
[DBG] control type=35
[DBG] control type=35
[DBG] control type=35
[DBG] control type=35
[DBG] control type=35
[DBG] control type=35
[DBG] control type=35
[DBG] control type=35
[DBG] control type=35
[DBG] control type=35
[DBG] control type=35
[DBG] control type=35
[DBG] control type=35
[DBG] control type=35
[DBG] control type=35
[DBG] control type=35
[DBG] control type=35
[DBG] control type=35
[DBG] control type=35
[DBG] control type=35
[DBG] control type=35
[DBG] control type=35
[DBG] control type=35
[DBG] control type=35
[DBG] control type=35
[DBG] control type=35
[DBG] control type=35
[DBG] control type=35
[DBG] control type=35
[DBG] control type=35
[DBG] control type=35
[DBG] control type=35
[DBG] control type=35
[DBG] control type=35
[DBG] control type=35
[DBG] control type=35
[DBG] control type=35
[DBG] control type=35
[DBG] control type=35
[DBG] control type=35
[DBG] control type=35
[DBG] control type=35
[DBG] control type=35
[DBG] control type=35
[DBG] control type=35
[DBG] control type=35
[DBG] control type=35
[DBG] control type=35
[DBG] control type=35
[DBG] control type=35
[DBG] control type=35
[DBG] control type=35
[DBG] control type=35
[DBG] control type=35
[DBG] control type=35
[DBG] control type=35
[DBG] control type=35
[DBG] control type=35
[DBG] control type=35
[DBG] control type=35
[DBG] control type=35
[DBG] control type=35
[DBG] control type=35
[DBG] control type=35
[DBG] control type=35
[DBG] control type=35
[DBG] control type=35
[DBG] control type=35
[DBG] control type=35
[DBG] control type=35
[DBG] control type=35
[DBG] control type=35
[DBG] control type=35
[DBG] control type=35
[DBG] control type=35
[DBG] control type=35
[DBG] control type=35
[DBG] control type=35
[DBG] control type=35
[DBG] control type=35
[DBG] control type=35
[DBG] control type=35
[DBG] control type=35
[DBG] control type=35
[DBG] control type=35
[DBG] control type=35
[DBG] control type=35
[DBG] control type=35
[DBG] control type=35
[DBG] control type=35
[DBG] control type=35
[DBG] control type=35
[DBG] control type=35
[DBG] control type=35
[DBG] control type=35
[DBG] control type=35
[DBG] control type=35
[DBG] control type=35
[DBG] control type=35
[DBG] control type=35
[DBG] control type=35
[DBG] control type=35
[DBG] control type=35
[DBG] control type=35
[DBG] control type=35
[DBG] control type=35
[DBG] control type=35
[DBG] control type=35
[DBG] control type=35
[DBG] control type=35
[DBG] control type=35
[DBG] control type=35
[DBG] control type=35
[DBG] control type=35
[DBG] control type=35
[DBG] control type=35
[DBG] control type=35
[DBG] control type=35
[DBG] control type=35
[DBG] control type=35
[DBG] control type=35
[DBG] control type=35
[DBG] control type=35
[DBG] control type=35
[DBG] control type=35
[DBG] control type=35
[DBG] control type=35
[DBG] control type=35
[DBG] control type=35
[DBG] control type=35
[DBG] control type=35
[DBG] control type=35
[DBG] control type=35
[DBG] control type=35
[DBG] control type=35
[DBG] control type=35
[DBG] control type=35
[DBG] control type=35
[DBG] control type=35
[DBG] control type=35
[DBG] control type=35
[DBG] control type=35
[DBG] control type=35
[DBG] control type=35
[DBG] control type=35
[DBG] control type=35
[DBG] control type=35
[DBG] control type=35
[DBG] control type=35
[DBG] control type=35
[DBG] control type=35
[DBG] control type=35
[DBG] control type=35
[DBG] control type=35
[DBG] control type=35
[DBG] control type=35
[DBG] control type=35
[DBG] control type=35
[DBG] control type=35
[DBG] control type=35
[DBG] control type=35
[DBG] control type=35
[DBG] control type=35
[DBG] control type=35
[DBG] control type=35
[DBG] control type=35
[DBG] control type=35
[DBG] control type=35
[DBG] control type=35
[DBG] control type=35
[DBG] control type=35
[DBG] control type=35
[DBG] control type=35
[DBG] control type=35
[DBG] control type=35
[DBG] control type=35
[DBG] control type=35
[DBG] control type=35
[DBG] control type=35
[DBG] control type=35
[DBG] control type=35
[DBG] control type=35
[DBG] control type=35
[DBG] control type=35
[DBG] control type=35
[DBG] control type=35
[DBG] control type=35
[DBG] control type=35
[DBG] control type=35
[DBG] control type=35
[DBG] control type=35
[DBG] control type=35
[DBG] control type=35
[DBG] control type=35
[DBG] control type=35
[DBG] control type=35
[DBG] control type=35
[DBG] control type=35
[DBG] control type=35
[DBG] control type=35
[DBG] control type=35
[DBG] control type=35
[DBG] control type=35
[DBG] control type=35
[DBG] control type=35
[DBG] control type=35
[DBG] control type=35
[DBG] control type=35
[DBG] control type=35
[DBG] control type=35
[DBG] control type=35
[DBG] control type=35
[DBG] control type=35
[DBG] control type=35
[DBG] control type=35
[DBG] control type=35
[DBG] control type=35
[DBG] control type=35
[DBG] control type=35
[DBG] control type=35
[DBG] control type=35
[DBG] control type=35
[DBG] control type=35
[DBG] control type=35
[DBG] control type=35
[DBG] control type=35
[DBG] control type=35
[DBG] control type=35
[DBG] control type=35
[DBG] control type=35
[DBG] control type=35
[DBG] control type=35
[DBG] control type=35
[DBG] control type=35
[DBG] control type=35
[DBG] control type=35
[DBG] control type=35
[DBG] control type=35
[DBG] control type=35
[DBG] control type=35
[DBG] control type=35
[DBG] control type=35
[DBG] control type=35
[DBG] control type=35
[DBG] control type=35
[DBG] control type=35
[DBG] control type=35
[DBG] control type=35
[DBG] control type=35
[DBG] control type=35
[DBG] control type=35
[DBG] control type=35
[DBG] control type=35
[DBG] control type=35
[DBG] control type=35
[DBG] control type=35
[DBG] control type=35
[DBG] control type=35
[DBG] control type=35
[DBG] control type=35
[DBG] control type=35
[DBG] control type=35
[DBG] control type=35
[DBG] control type=35
[DBG] control type=35
[DBG] control type=35
[DBG] control type=35
[DBG] control type=35
[DBG] control type=35
[DBG] control type=35
[DBG] control type=35
[DBG] control type=35
[DBG] control type=35
[DBG] control type=35
[DBG] control type=35
[DBG] control type=35
[DBG] control type=35
[DBG] control type=35
[DBG] control type=35
[DBG] control type=35
[DBG] control type=35
[DBG] control type=35
[DBG] control type=35
[DBG] control type=35
[DBG] control type=35
[DBG] control type=35
[DBG] control type=35
[DBG] control type=35
[DBG] control type=35
[DBG] control type=35
[DBG] control type=35
[DBG] control type=35
[DBG] control type=35
[DBG] control type=35
[DBG] control type=35
[DBG] control type=35
[DBG] control type=35
[DBG] control type=35
[DBG] control type=35
[DBG] control type=35
[DBG] control type=35
[DBG] control type=35
[DBG] control type=35
[DBG] control type=35
[DBG] control type=35
[DBG] control type=35
[DBG] control type=35
[DBG] control type=35
[DBG] control type=35
[DBG] control type=35
[DBG] control type=35
[DBG] control type=35
[DBG] control type=35
[DBG] control type=35
[DBG] control type=35
[DBG] control type=35
[DBG] control type=35
[DBG] control type=35
[DBG] control type=35
[DBG] control type=35
[DBG] control type=35
[DBG] control type=35
[DBG] control type=35
[DBG] control type=35
[DBG] control type=35
[DBG] control type=35
[DBG] control type=35
[DBG] control type=35
[DBG] control type=35
[DBG] control type=35
[DBG] control type=35
[DBG] control type=35
[DBG] control type=35
[DBG] control type=35
[DBG] control type=35
[DBG] control type=35
[DBG] control type=35
[DBG] control type=35
[DBG] control type=35
[DBG] control type=35
[DBG] control type=35
[DBG] control type=35
[DBG] control type=35
[DBG] control type=35
[DBG] control type=35
[DBG] control type=35
[DBG] control type=35
[DBG] control type=35
[DBG] control type=35
[DBG] control type=35
[DBG] control type=35
[DBG] control type=35
[DBG] control type=35
[DBG] control type=35
[DBG] control type=35
[DBG] control type=35
[DBG] control type=35
[DBG] control type=35
[DBG] control type=35
[DBG] control type=35
[DBG] control type=35
[DBG] control type=35
[DBG] control type=35
[DBG] control type=35
[DBG] control type=35
[DBG] control type=35
[DBG] control type=35
[DBG] control type=35
[DBG] control type=35
[DBG] control type=35
[DBG] control type=35
[DBG] control type=35
[DBG] control type=35
[DBG] control type=35
[DBG] control type=35
[DBG] control type=35
[DBG] control type=35
[DBG] control type=35
[DBG] control type=35
[DBG] control type=35
[DBG] control type=35
[DBG] control type=35
[DBG] control type=35
[DBG] control type=35
[DBG] control type=35
[DBG] control type=35
[DBG] control type=35
[DBG] control type=35
[DBG] control type=35
[DBG] control type=35
[DBG] control type=35
[DBG] control type=35
[DBG] control type=35
[DBG] control type=35
[DBG] control type=35
[DBG] control type=35
[DBG] control type=35
[DBG] control type=35
[DBG] control type=35
[DBG] control type=35
[DBG] control type=35
[DBG] control type=35
[DBG] control type=35
[DBG] control type=35
[DBG] control type=35
[DBG] control type=35
[DBG] control type=35
[DBG] control type=35
[DBG] control type=35
[DBG] control type=35
[DBG] control type=35
[DBG] control type=35
[DBG] control type=35
[DBG] control type=35
[DBG] control type=35
[DBG] control type=35
[DBG] control type=35
[DBG] control type=35
[DBG] control type=35
[DBG] control type=35
[DBG] control type=35
[DBG] control type=35
[DBG] control type=35
[DBG] control type=35
[DBG] control type=35
[DBG] control type=35
[DBG] control type=35
[DBG] control type=35
[DBG] control type=35
[DBG] control type=35
[DBG] control type=35
[DBG] control type=35
[DBG] control type=35
[DBG] control type=35
[DBG] control type=35
[DBG] control type=35
[DBG] control type=35
[DBG] control type=35
[DBG] control type=35
[DBG] control type=35
[DBG] control type=35
[DBG] control type=35
[DBG] control type=35
[DBG] control type=35
[DBG] control type=35
[DBG] control type=35
[DBG] control type=35
[DBG] control type=35
[DBG] control type=35
[DBG] control type=35
[DBG] control type=35
[DBG] control type=35
[DBG] control type=35
[DBG] control type=35
[DBG] control type=35
[DBG] control type=35
[DBG] control type=35
[DBG] control type=35
[DBG] control type=35
[DBG] control type=35
[DBG] control type=35
[DBG] control type=35
[DBG] control type=35
[DBG] control type=35
[DBG] control type=35
[DBG] control type=35
[DBG] control type=35
[DBG] control type=35
[DBG] control type=35
[DBG] control type=35
[DBG] control type=35
[DBG] control type=35
[DBG] control type=35
[DBG] control type=35
[DBG] control type=35
[DBG] control type=35
[DBG] control type=35
[DBG] control type=35
[DBG] control type=35
[DBG] control type=35
[DBG] control type=35
[DBG] control type=35
[DBG] control type=35
[DBG] control type=35
[DBG] control type=35
[DBG] control type=35
[DBG] control type=35
[DBG] control type=35
[DBG] control type=35
[DBG] control type=35
[DBG] control type=35
[DBG] control type=35
[DBG] control type=35
[DBG] control type=35
[DBG] control type=35
[DBG] control type=35
[DBG] control type=35
[DBG] control type=35
[DBG] control type=35
[DBG] control type=35
[DBG] control type=35
[DBG] control type=35
[DBG] control type=35
[DBG] control type=35
[DBG] control type=35
[DBG] control type=35
[DBG] control type=35
[DBG] control type=35
[DBG] control type=35
[DBG] control type=35
[DBG] control type=35
[DBG] control type=35
[DBG] control type=35
[DBG] control type=35
[DBG] control type=35
[DBG] control type=35
[DBG] control type=35
[DBG] control type=35
[DBG] control type=35
[DBG] control type=35
[DBG] control type=35
[DBG] control type=35
[DBG] control type=35
[DBG] control type=35
[DBG] control type=35
[DBG] control type=35
[DBG] control type=35
[DBG] control type=35
[DBG] control type=35
[DBG] control type=35
[DBG] control type=35
[DBG] control type=35
[DBG] control type=35
[DBG] control type=35
[DBG] control type=35
[DBG] control type=35
[DBG] control type=35
[DBG] control type=35
[DBG] control type=35
[DBG] control type=35
[DBG] control type=35
[DBG] control type=35
[DBG] control type=35
[DBG] control type=35
[DBG] control type=35
[DBG] control type=35
[DBG] control type=35
[DBG] control type=35
[DBG] control type=35
[DBG] control type=35
[DBG] control type=35
[DBG] control type=35
[DBG] control type=35
[DBG] control type=35
[DBG] control type=35
[DBG] control type=35
[DBG] control type=35
[DBG] control type=35
[DBG] control type=35
[DBG] control type=35
[DBG] control type=35
[DBG] control type=35
[DBG] control type=35
[DBG] control type=35
[DBG] control type=35
[DBG] control type=35
[DBG] control type=35
[DBG] control type=35
[DBG] control type=35
[DBG] control type=35
[DBG] control type=35
[DBG] control type=35
[DBG] control type=35
[DBG] control type=35
[DBG] control type=35
[DBG] control type=35
[DBG] control type=35
[DBG] control type=35
[DBG] control type=35
[DBG] control type=35
[DBG] control type=35
[DBG] control type=35
[DBG] control type=35
[DBG] control type=35
[DBG] control type=35
[DBG] control type=35
[DBG] control type=35
[DBG] control type=35
[DBG] control type=35
[DBG] control type=35
[DBG] control type=35
[DBG] control type=35
[DBG] control type=35
[DBG] control type=35
[DBG] control type=35
[DBG] control type=35
9:57:09.869 PM [framestep] −1 after=19504 ms
[DBG] control type=35
[DBG] control type=35
[DBG] control type=35
[DBG] control type=35
[DBG] control type=35
[DBG] control type=35
[DBG] control type=35
[DBG] control type=35
[DBG] control type=35
[DBG] control type=35
[DBG] control type=35
[DBG] control type=35
[DBG] control type=35
[DBG] control type=35
[DBG] control type=35
[DBG] control type=35
[DBG] control type=35
[DBG] control type=35
[DBG] control type=35
[DBG] control type=35
[DBG] control type=35
[DBG] control type=35
[DBG] control type=35
[DBG] control type=35
[DBG] control type=35
[DBG] control type=35
[DBG] control type=35
[DBG] control type=35
[DBG] control type=35
[DBG] control type=35
[DBG] control type=35
[DBG] control type=35
[DBG] control type=35
[DBG] control type=35
[DBG] control type=35
[DBG] control type=35
[DBG] control type=35
[DBG] control type=35
[DBG] control type=35
[DBG] control type=35
[DBG] control type=35
[DBG] control type=35
[DBG] control type=35
[DBG] control type=35
[DBG] control type=35
[DBG] control type=35
[DBG] control type=35
[DBG] control type=35
[DBG] control type=35
[DBG] control type=35
[DBG] control type=35
[DBG] control type=35
[DBG] control type=35
[DBG] control type=35
[DBG] control type=35
[DBG] control type=35
[DBG] control type=35
[DBG] control type=35
[DBG] control type=35
[DBG] control type=35
[DBG] control type=35
[DBG] control type=35
[DBG] control type=35
[DBG] control type=35
[DBG] control type=35
[DBG] control type=35
[DBG] control type=35
[DBG] control type=35
[DBG] control type=35
[DBG] control type=35
[DBG] control type=35
[DBG] control type=35
[DBG] control type=35
[DBG] control type=35
[DBG] control type=35
[DBG] control type=35
[DBG] control type=35
[DBG] control type=35
[DBG] control type=35
[DBG] control type=35
[DBG] control type=35
[DBG] control type=35
[DBG] control type=35
[DBG] control type=35
[DBG] control type=35
[DBG] control type=35
[DBG] control type=35
[DBG] control type=35
[DBG] control type=35
[DBG] control type=35
[DBG] control type=35
[DBG] control type=35
[DBG] control type=35
[DBG] control type=35
[DBG] control type=35
[DBG] control type=35
[DBG] control type=35
[DBG] control type=35
[DBG] control type=35
[DBG] control type=35
[DBG] control type=35
[DBG] control type=35
[DBG] control type=35
[DBG] control type=35
[DBG] control type=35
[DBG] control type=35
[DBG] control type=35
[DBG] control type=35
[DBG] control type=35
[DBG] control type=35
[DBG] control type=35
[DBG] control type=35
[DBG] control type=35
[DBG] control type=35
[DBG] control type=35
[DBG] control type=35
[DBG] control type=35
[DBG] control type=35
[DBG] control type=35
[DBG] control type=35
[DBG] control type=35
[DBG] control type=35
[DBG] control type=35
[DBG] control type=35
[DBG] control type=35
[DBG] control type=35
[DBG] control type=35
[DBG] control type=35
[DBG] control type=35
[DBG] control type=35
[DBG] control type=35
[DBG] control type=35
[DBG] control type=35
[DBG] control type=35
[DBG] control type=35
[DBG] control type=35
[DBG] control type=35
[DBG] control type=35
[DBG] control type=35
[DBG] control type=35
[DBG] control type=35
[DBG] control type=35
[DBG] control type=35
[DBG] control type=35
[DBG] control type=35
[DBG] control type=35
[DBG] control type=35
[DBG] control type=35
[DBG] control type=35
[DBG] control type=35
[DBG] control type=35
[DBG] control type=35
[DBG] control type=35
[DBG] control type=35
[DBG] control type=35
[DBG] control type=35
[DBG] control type=35
[DBG] control type=35
[DBG] control type=35
[DBG] control type=35
[DBG] control type=35
[DBG] control type=35
[DBG] control type=35
[DBG] control type=35
[DBG] control type=35
[DBG] control type=35
[DBG] control type=35
[DBG] control type=35
[DBG] control type=35
[DBG] control type=35
[DBG] control type=35
[DBG] control type=35
[DBG] control type=35
[DBG] control type=35
[DBG] Buffering 9%
[DBG] control type=35
[DBG] control type=35
[DBG] control type=35
[DBG] control type=35
[DBG] control type=35
[DBG] control type=35
[DBG] end of video preroll
[DBG] Received first picture
9:57:09.953 PM [framestep] nextFrameStepped result=0 time=19504 ms
[DBG] Buffering 16%
[DBG] control type=35
[DBG] control type=35
[DBG] control type=35
[DBG] Buffering 18%
[DBG] control type=35
[DBG] Buffering 19%
[DBG] control type=35
[DBG] Buffering 22%
[DBG] control type=35
[DBG] control type=35
[DBG] Buffering 27%
[DBG] control type=35
[DBG] Buffering 32%
[DBG] control type=35
[DBG] control type=35
[DBG] Buffering 35%
[DBG] control type=35
[DBG] Buffering 37%
[DBG] Buffering 40%
[DBG] control type=35
[DBG] control type=35
[DBG] control type=35
[DBG] Buffering 44%
[DBG] control type=35
[DBG] control type=35
[DBG] control type=35
[DBG] Buffering 59%
[DBG] control type=35
[DBG] control type=35
[DBG] control type=35
[DBG] control type=35
[DBG] Buffering 65%
[DBG] Buffering 68%
[DBG] control type=35
[DBG] control type=35
[DBG] Buffering 72%
[DBG] control type=35
[DBG] Buffering 76%
[DBG] control type=35
[DBG] Buffering 78%
[DBG] control type=35
[DBG] control type=35
[DBG] Buffering 81%
[DBG] control type=35
[DBG] control type=35
[DBG] control type=35
[DBG] Buffering 85%
[DBG] Buffering 88%
[DBG] control type=35
[DBG] control type=35
[DBG] control type=35
[DBG] Buffering 90%
[DBG] control type=35
[DBG] control type=35
[DBG] Buffering 93%
[DBG] control type=35
[DBG] control type=35
[DBG] control type=35
[DBG] control type=35
9:57:09.968 PM [player] buffering 1.0
[DBG] Stream buffering done (1088 ms in 438 ms)
[DBG] Decoder wait done in 0 ms
[DBG] control type=35
[DBG] control type=35
[ERR] ES_OUT_SET_(GROUP_)PCR  is called 11544 ms late (jitter of 11064 ms ignored)
[DBG] ES_OUT_RESET_PCR called
9:57:09.970 PM [player] buffering 0.0
[DBG] control type=35
[DBG] control type=35
[DBG] control type=35
[DBG] control type=35
[DBG] Buffering 0%
9:57:09.971 PM [player] buffering 0.0
[DBG] control type=35
[DBG] control type=35
[DBG] control type=35
[DBG] Buffering 1%
[DBG] control type=35
[DBG] Buffering 3%
[DBG] control type=35
[DBG] control type=35
[DBG] control type=35
[DBG] control type=35
[DBG] Buffering 6%
[DBG] control type=35
[DBG] control type=35
[DBG] Buffering 11%
[DBG] control type=35
[DBG] control type=35
[DBG] control type=35
[DBG] control type=35
[DBG] control type=35
[DBG] control type=35
[DBG] Buffering 16%
[DBG] control type=35
[DBG] control type=35
[DBG] control type=35
[DBG] control type=35
[DBG] control type=35
[DBG] control type=35
[DBG] control type=35
[DBG] Buffering 20%
[DBG] control type=35
[DBG] control type=35
[DBG] control type=35
[DBG] Buffering 25%
[DBG] control type=35
[DBG] control type=35
[DBG] control type=35
[DBG] control type=35
[DBG] Buffering 28%
[DBG] control type=35
[DBG] control type=35
[DBG] control type=35
[DBG] control type=35
[DBG] control type=35
[DBG] control type=35
[DBG] control type=35
[DBG] control type=35
[DBG] control type=35
[DBG] control type=35
[DBG] control type=35
[DBG] control type=35
[DBG] control type=35
[DBG] control type=35
[DBG] Buffering 43%
[DBG] control type=35
[DBG] control type=35
[DBG] control type=35
[DBG] control type=35
[DBG] control type=35
[DBG] control type=35
[DBG] control type=35
[DBG] control type=35
[DBG] control type=35
[DBG] control type=35
[DBG] control type=35
[DBG] control type=35
[DBG] control type=35
[DBG] control type=35
[DBG] Received first picture
9:57:09.977 PM [framestep] nextFrameStepped result=0 time=19504 ms
[DBG] Buffering 50%
[DBG] Buffering 53%
[DBG] control type=35
[DBG] control type=35
[DBG] Buffering 56%
[DBG] Buffering 61%
[DBG] control type=35
[DBG] control type=35
[DBG] control type=35
[DBG] control type=35
[DBG] Buffering 66%
[DBG] Buffering 70%
[DBG] control type=35
[DBG] control type=35
[DBG] Buffering 72%
[DBG] control type=35
[DBG] Buffering 75%
[DBG] control type=35
[DBG] Buffering 78%
[DBG] control type=35
[DBG] control type=35
[DBG] control type=35
[DBG] control type=35
[DBG] control type=35
[DBG] control type=35
[DBG] control type=35
[DBG] control type=35
[DBG] Buffering 94%
[DBG] control type=35
[DBG] control type=35
[DBG] control type=35
[DBG] control type=35
[DBG] control type=35
[DBG] control type=35
9:57:09.985 PM [player] buffering 1.0
[DBG] Stream buffering done (1001 ms in 14 ms)
[DBG] Decoder wait done in 0 ms
[ERR] ES_OUT_SET_(GROUP_)PCR  is called 11608 ms late (jitter of 11544 ms ignored)
[DBG] ES_OUT_RESET_PCR called
9:57:09.985 PM [player] buffering 0.0
[DBG] control type=35
[DBG] control type=35
[DBG] control type=35
[DBG] control type=35
9:57:09.986 PM [player] buffering 0.0
[DBG] Buffering 0%
[DBG] control type=35
[DBG] control type=35
[DBG] control type=35
[DBG] control type=35
[DBG] control type=35
[DBG] Buffering 5%
[DBG] control type=35
[DBG] control type=35
[DBG] control type=35
[DBG] Buffering 7%
[DBG] control type=35
[DBG] control type=35
[DBG] Buffering 10%
[DBG] control type=35
[DBG] control type=35
[DBG] control type=35
[DBG] Buffering 13%
[DBG] control type=35
[DBG] control type=35
[DBG] control type=35
[DBG] Buffering 16%
[DBG] control type=35
[DBG] control type=35
[DBG] control type=35
[DBG] Buffering 18%
[DBG] control type=35
[DBG] Buffering 21%
[DBG] control type=35
[DBG] control type=35
[DBG] control type=35
[DBG] control type=35
[DBG] control type=35
[DBG] control type=35
[DBG] Buffering 35%
[DBG] control type=35
[DBG] control type=35
[DBG] control type=35
[DBG] control type=35
[DBG] control type=35
[DBG] control type=35
[DBG] control type=35
[DBG] control type=35
[DBG] control type=35
[DBG] control type=35
[DBG] Buffering 36%
[DBG] control type=35
[DBG] control type=35
[DBG] Buffering 43%
[DBG] control type=35
[DBG] Buffering 45%
[DBG] Buffering 46%
[DBG] control type=35
[DBG] Received first picture
9:57:09.995 PM [framestep] nextFrameStepped result=0 time=19504 ms
[DBG] control type=35
[DBG] control type=35
[DBG] Buffering 50%
[DBG] Buffering 55%
[DBG] control type=35
[DBG] control type=35
[DBG] control type=35
[DBG] Buffering 60%
[DBG] control type=35
[DBG] control type=35
[DBG] control type=35
[DBG] Buffering 63%
[DBG] control type=35
[DBG] control type=35
[DBG] Buffering 68%
[DBG] Buffering 71%
[DBG] control type=35
[DBG] control type=35
[DBG] control type=35
[DBG] control type=35
[DBG] control type=35
[DBG] Buffering 87%
[DBG] control type=35
[DBG] control type=35
[DBG] control type=35
[DBG] control type=35
[DBG] control type=35
[DBG] control type=35
[DBG] Buffering 93%
[DBG] Buffering 96%
[DBG] control type=35
[DBG] control type=35
[DBG] control type=35
9:57:10.005 PM [player] buffering 1.0
[DBG] Stream buffering done (1001 ms in 18 ms)
[DBG] Decoder wait done in 0 ms
[DBG] control type=35
[ERR] ES_OUT_SET_(GROUP_)PCR  is called 11611 ms late (jitter of 11608 ms ignored)
[DBG] ES_OUT_RESET_PCR called
9:57:10.005 PM [player] buffering 0.0
[DBG] control type=35
[DBG] control type=35
[DBG] control type=35
[DBG] control type=35
[DBG] control type=35
9:57:10.005 PM [player] buffering 0.0
[DBG] Buffering 0%
[DBG] control type=35
[DBG] Buffering 3%
[DBG] control type=35
[DBG] control type=35
[DBG] control type=35
[DBG] Buffering 5%
[DBG] control type=35
[DBG] control type=35
[DBG] control type=35
[DBG] control type=35
[DBG] control type=35
[DBG] control type=35
[DBG] control type=35
[DBG] Buffering 8%
[DBG] control type=35
[DBG] control type=35
[DBG] Buffering 11%
[DBG] control type=35
[DBG] control type=35
[DBG] control type=35
[DBG] control type=35
[DBG] control type=35
[DBG] control type=35
[DBG] control type=35
[DBG] control type=35
[DBG] Buffering 28%
[DBG] control type=35
[DBG] control type=35
[DBG] control type=35
[DBG] control type=35
[DBG] control type=35
[DBG] control type=35
[DBG] control type=35
[DBG] control type=35
[DBG] control type=35
[DBG] control type=35
[DBG] control type=35
[DBG] Buffering 33%
[DBG] control type=35
[DBG] Buffering 36%
[DBG] control type=35
[DBG] Received first picture
9:57:10.012 PM [framestep] nextFrameStepped result=0 time=19504 ms
[DBG] control type=35
[DBG] Buffering 40%
[DBG] Buffering 45%
[DBG] control type=35
[DBG] control type=35
[DBG] Buffering 47%
[DBG] control type=35
[DBG] Buffering 50%
[DBG] control type=35
[DBG] Buffering 53%
[DBG] control type=35
[DBG] control type=35
[DBG] Buffering 56%
[DBG] control type=35
[DBG] Buffering 58%
[DBG] Buffering 61%
[DBG] control type=35
[DBG] control type=35
[DBG] control type=35
[DBG] control type=35
[DBG] Buffering 76%
[DBG] control type=35
[DBG] control type=35
[DBG] control type=35
[DBG] control type=35
[DBG] control type=35
[DBG] control type=35
[DBG] Buffering 83%
[DBG] control type=35
[DBG] Buffering 85%
[DBG] control type=35
[DBG] Buffering 86%
[DBG] control type=35
[DBG] control type=35
[DBG] Buffering 90%
[DBG] control type=35
[DBG] Buffering 95%
[DBG] control type=35
[DBG] control type=35
9:57:10.024 PM [player] buffering 1.0
[DBG] Stream buffering done (1001 ms in 18 ms)
[DBG] Decoder wait done in 0 ms
[DBG] control type=35
[DBG] control type=35
[DBG] control type=35
[ERR] ES_OUT_SET_(GROUP_)PCR  is called 11647 ms late (jitter of 11611 ms ignored)
[DBG] ES_OUT_RESET_PCR called
9:57:10.024 PM [player] buffering 0.0
[DBG] control type=35
[DBG] control type=35
[DBG] Buffering 0%
9:57:10.024 PM [player] buffering 0.0
[DBG] control type=35
[DBG] control type=35
[DBG] control type=35
[DBG] control type=35
[DBG] control type=35
[DBG] Buffering 3%
[DBG] control type=35
[DBG] control type=35
[DBG] control type=35
[DBG] control type=35
[DBG] control type=35
[DBG] control type=35
[DBG] control type=35
[DBG] Buffering 18%
[DBG] control type=35
[DBG] control type=35
[DBG] control type=35
[DBG] control type=35
[DBG] control type=35
[DBG] control type=35
[DBG] control type=35
[DBG] control type=35
[DBG] Received first picture
9:57:10.028 PM [framestep] nextFrameStepped result=0 time=19504 ms
[DBG] Buffering 25%
[DBG] control type=35
[DBG] control type=35
[DBG] control type=35
[DBG] control type=35
[DBG] Buffering 28%
[DBG] control type=35
[DBG] control type=35
[DBG] Buffering 31%
[DBG] Buffering 36%
[DBG] control type=35
[DBG] Buffering 41%
[DBG] control type=35
[DBG] Buffering 45%
[DBG] control type=35
[DBG] control type=35
[DBG] control type=35
[DBG] Buffering 47%
[DBG] control type=35
[DBG] Buffering 50%
[DBG] control type=35
[DBG] Buffering 53%
[DBG] control type=35
[DBG] Buffering 66%
[DBG] control type=35
[DBG] control type=35
[DBG] control type=35
[DBG] control type=35
[DBG] Buffering 68%
[DBG] Buffering 75%
[DBG] control type=35
[DBG] control type=35
[DBG] Buffering 76%
[DBG] control type=35
[DBG] control type=35
[DBG] Buffering 78%
[DBG] control type=35
[DBG] Buffering 81%
[DBG] control type=35
[DBG] Buffering 86%
[DBG] control type=35
[DBG] control type=35
[DBG] Buffering 91%
[DBG] control type=35
[DBG] control type=35
[DBG] Buffering 95%
[DBG] control type=35
9:57:10.038 PM [player] buffering 1.0
[DBG] Stream buffering done (1001 ms in 13 ms)
[DBG] Decoder wait done in 0 ms
[DBG] control type=35
[ERR] ES_OUT_SET_(GROUP_)PCR  is called 11661 ms late (jitter of 11647 ms ignored)
[DBG] ES_OUT_RESET_PCR called
9:57:10.039 PM [player] buffering 0.0
[DBG] control type=35
[DBG] control type=35
[DBG] control type=35
[DBG] control type=35
[DBG] control type=35
[DBG] control type=35
[DBG] control type=35
[DBG] control type=35
[DBG] control type=35
[DBG] control type=35
[DBG] control type=35
[DBG] control type=35
[DBG] control type=35
9:57:10.040 PM [player] buffering 0.0
[DBG] Buffering 0%
[DBG] control type=35
[DBG] control type=35
[DBG] control type=35
[DBG] control type=35
[DBG] control type=35
[DBG] control type=35
[DBG] control type=35
[DBG] control type=35
[DBG] control type=35
[DBG] control type=35
[DBG] control type=35
[DBG] control type=35
[DBG] control type=35
[DBG] Buffering 7%
[DBG] control type=35
[DBG] Buffering 9%
[DBG] Received first picture
9:57:10.042 PM [framestep] nextFrameStepped result=0 time=19504 ms
[DBG] Buffering 10%
[DBG] control type=35
[DBG] control type=35
[DBG] Buffering 13%
[DBG] Buffering 18%
[DBG] control type=35
[DBG] control type=35
[DBG] Buffering 23%
[DBG] control type=35
[DBG] control type=35
[DBG] control type=35
[DBG] control type=35
[DBG] Buffering 27%
[DBG] control type=35
[DBG] control type=35
[DBG] Buffering 32%
[DBG] control type=35
[DBG] Buffering 35%
[DBG] control type=35
[DBG] control type=35
[DBG] control type=35
[DBG] control type=35
[DBG] control type=35
[DBG] Buffering 51%
[DBG] control type=35
[DBG] control type=35
[DBG] control type=35
[DBG] control type=35
[DBG] control type=35
[DBG] Buffering 57%
[DBG] control type=35
[DBG] Buffering 60%
[DBG] control type=35
[DBG] Buffering 63%
[DBG] control type=35
[DBG] control type=35
[DBG] Buffering 68%
[DBG] control type=35
[DBG] Buffering 73%
[DBG] control type=35
[DBG] Buffering 77%
[DBG] control type=35
[DBG] control type=35
[DBG] control type=35
[DBG] Buffering 80%
[DBG] Buffering 82%
[DBG] control type=35
[DBG] Buffering 85%
[DBG] control type=35
[DBG] control type=35
[DBG] control type=35
[DBG] control type=35
[DBG] control type=35
[DBG] control type=35
[DBG] control type=35
[DBG] control type=35
[DBG] control type=35
[DBG] control type=35
[DBG] control type=35
[DBG] Buffering 99%
[DBG] control type=35
[DBG] control type=35
[DBG] control type=35
[DBG] control type=35
[DBG] control type=35
9:57:10.074 PM [player] buffering 1.0
[DBG] Stream buffering done (1004 ms in 33 ms)
[DBG] Decoder wait done in 0 ms
[ERR] ES_OUT_SET_(GROUP_)PCR  is called 11660 ms late (jitter of 11660 ms ignored)
[DBG] ES_OUT_RESET_PCR called
9:57:10.074 PM [player] buffering 0.0
[DBG] control type=35
[DBG] control type=35
[DBG] control type=35
[DBG] control type=35
9:57:10.074 PM [player] buffering 0.0
[DBG] Buffering 0%
[DBG] Buffering 1%
[DBG] control type=35
[DBG] control type=35
[DBG] control type=35
[DBG] control type=35
[DBG] Buffering 5%
[DBG] control type=35
[DBG] control type=35
[DBG] control type=35
[DBG] control type=35
[DBG] Buffering 9%
[DBG] control type=35
[DBG] control type=35
[DBG] Buffering 10%
[DBG] control type=35
[DBG] control type=35
[DBG] Buffering 15%
[DBG] control type=35
[DBG] control type=35
[DBG] control type=35
[DBG] control type=35
[DBG] control type=35
[DBG] control type=35
[DBG] control type=35
[DBG] Buffering 18%
[DBG] control type=35
[DBG] control type=35
[DBG] control type=35
[DBG] Buffering 23%
[DBG] control type=35
[DBG] control type=35
[DBG] control type=35
[DBG] control type=35
[DBG] control type=35
[DBG] control type=35
[DBG] Buffering 26%
[DBG] control type=35
[DBG] control type=35
[DBG] control type=35
[DBG] control type=35
[DBG] control type=35
[DBG] control type=35
[DBG] control type=35
[DBG] control type=35
[DBG] control type=35
[DBG] control type=35
[DBG] control type=35
[DBG] control type=35
[DBG] control type=35
[DBG] Buffering 41%
[DBG] control type=35
[DBG] control type=35
[DBG] control type=35
[DBG] control type=35
[DBG] control type=35
[DBG] control type=35
[DBG] Buffering 48%
[DBG] Buffering 51%
[DBG] control type=35
[DBG] control type=35
[DBG] control type=35
[DBG] control type=35
[DBG] control type=35
[DBG] Buffering 55%
[DBG] Received first picture
9:57:10.086 PM [framestep] nextFrameStepped result=0 time=19504 ms
[DBG] control type=35
[DBG] Buffering 60%
[DBG] control type=35
[DBG] control type=35
[DBG] control type=35
[DBG] Buffering 65%
[DBG] control type=35
[DBG] control type=35
[DBG] control type=35
[DBG] Buffering 68%
[DBG] Buffering 70%
[DBG] control type=35
[DBG] control type=35
[DBG] Buffering 73%
[DBG] control type=35
[DBG] control type=35
[DBG] Buffering 76%
[DBG] control type=35
[DBG] control type=35
[DBG] control type=35
[DBG] control type=35
[DBG] control type=35
[DBG] control type=35
[DBG] control type=35
[DBG] control type=35
[DBG] control type=35
[DBG] control type=35
[DBG] Buffering 92%
[DBG] control type=35
[DBG] control type=35
[DBG] control type=35
[DBG] control type=35
[DBG] control type=35
[DBG] control type=35
[DBG] control type=35
[DBG] Buffering 98%
[DBG] control type=35
[DBG] control type=35
9:57:10.097 PM [player] buffering 1.0
[DBG] Stream buffering done (1018 ms in 22 ms)
[DBG] Decoder wait done in 0 ms
[DBG] control type=35
[ERR] ES_OUT_SET_(GROUP_)PCR  is called 11704 ms late (jitter of 11661 ms ignored)
[DBG] ES_OUT_RESET_PCR called
9:57:10.098 PM [player] buffering 0.0
[DBG] control type=35
[DBG] control type=35
[DBG] control type=35
[DBG] control type=35
[DBG] control type=35
[DBG] control type=35
9:57:10.098 PM [player] buffering 0.0
[DBG] Buffering 0%
[DBG] control type=35
[DBG] control type=35
[DBG] Buffering 1%
[DBG] control type=35
[DBG] control type=35
[DBG] control type=35
[DBG] control type=35
[DBG] Buffering 5%
[DBG] control type=35
[DBG] control type=35
[DBG] Buffering 8%
[DBG] control type=35
[DBG] control type=35
[DBG] control type=35
[DBG] control type=35
[DBG] control type=35
[DBG] Buffering 11%
[DBG] control type=35
[DBG] control type=35
[DBG] Buffering 13%
[DBG] control type=35
[DBG] control type=35
[DBG] Buffering 16%
[DBG] control type=35
[DBG] control type=35
[DBG] control type=35
[DBG] control type=35
[DBG] control type=35
[DBG] control type=35
[DBG] control type=35
[DBG] control type=35
[DBG] control type=35
[DBG] control type=35
[DBG] control type=35
[DBG] control type=35
[DBG] control type=35
[DBG] Buffering 30%
[DBG] control type=35
[DBG] control type=35
[DBG] control type=35
[DBG] control type=35
[DBG] control type=35
[DBG] control type=35
[DBG] Buffering 31%
[DBG] control type=35
[DBG] control type=35
[DBG] control type=35
[DBG] control type=35
[DBG] control type=35
[DBG] control type=35
[DBG] control type=35
[DBG] Buffering 38%
[DBG] control type=35
[DBG] Buffering 40%
[DBG] control type=35
[DBG] Buffering 41%
[DBG] Received first picture
9:57:10.106 PM [framestep] nextFrameStepped result=0 time=19504 ms
[DBG] Buffering 45%
[DBG] control type=35
[DBG] control type=35
[DBG] Buffering 49%
[DBG] control type=35
[DBG] Buffering 50%
[DBG] Buffering 55%
[DBG] control type=35
[DBG] control type=35
[DBG] Buffering 58%
[DBG] control type=35
[DBG] control type=35
[DBG] Buffering 63%
[DBG] Buffering 66%
[DBG] control type=35
[DBG] control type=35
[DBG] control type=35
[DBG] control type=35
[DBG] control type=35
[DBG] control type=35
[DBG] control type=35
[DBG] control type=35
[DBG] control type=35
[DBG] control type=35
[DBG] Buffering 81%
[DBG] control type=35
[DBG] control type=35
[DBG] control type=35
[DBG] control type=35
[DBG] control type=35
[DBG] control type=35
[DBG] control type=35
[DBG] Buffering 88%
[DBG] control type=35
[DBG] control type=35
[DBG] Buffering 91%
[DBG] control type=35
[DBG] Buffering 95%
[DBG] control type=35
9:57:10.117 PM [player] buffering 1.0
[DBG] Stream buffering done (1001 ms in 18 ms)
[DBG] Decoder wait done in 0 ms
[DBG] control type=35
[DBG] control type=35
[ERR] ES_OUT_SET_(GROUP_)PCR  is called 11724 ms late (jitter of 11704 ms ignored)
[DBG] ES_OUT_RESET_PCR called
9:57:10.118 PM [player] buffering 0.0
[DBG] control type=35
[DBG] control type=35
[DBG] control type=35
[DBG] control type=35
9:57:10.118 PM [player] buffering 0.0
[DBG] Buffering 0%
[DBG] control type=35
[DBG] control type=35
[DBG] control type=35
[DBG] control type=35
[DBG] Buffering 2%
[DBG] control type=35
[DBG] Buffering 5%
[DBG] control type=35
[DBG] control type=35
[DBG] control type=35
[DBG] Buffering 8%
[DBG] control type=35
[DBG] control type=35
[DBG] control type=35
[DBG] control type=35
[DBG] control type=35
[DBG] control type=35
[DBG] control type=35
[DBG] control type=35
[DBG] control type=35
[DBG] control type=35
[DBG] Buffering 24%
[DBG] control type=35
[DBG] control type=35
[DBG] control type=35
[DBG] control type=35
[DBG] control type=35
[DBG] control type=35
[DBG] control type=35
[DBG] control type=35
[DBG] control type=35
[DBG] control type=35
[DBG] Buffering 30%
[DBG] control type=35
[DBG] Buffering 33%
[DBG] control type=35
[DBG] control type=35
[DBG] control type=35
[DBG] Received first picture
9:57:10.125 PM [framestep] nextFrameStepped result=0 time=19504 ms
[DBG] control type=35
[DBG] control type=35
[DBG] Buffering 36%
[DBG] control type=35
[DBG] Buffering 41%
[DBG] control type=35
[DBG] control type=35
[DBG] Buffering 43%
[DBG] control type=35
[DBG] Buffering 46%
[DBG] Buffering 50%
[DBG] control type=35
[DBG] control type=35
[DBG] Buffering 53%
[DBG] control type=35
[DBG] Buffering 55%
[DBG] Buffering 58%
[DBG] control type=35
[DBG] control type=35
[DBG] control type=35
[DBG] control type=35
[DBG] control type=35
[DBG] control type=35
[DBG] control type=35
[DBG] control type=35
[DBG] Buffering 72%
[DBG] control type=35
[DBG] control type=35
[DBG] control type=35
[DBG] Buffering 73%
[DBG] control type=35
[DBG] control type=35
[DBG] Buffering 80%
[DBG] Buffering 82%
[DBG] control type=35
[DBG] Buffering 83%
[DBG] control type=35
[DBG] control type=35
[DBG] control type=35
[DBG] Buffering 86%
[DBG] control type=35
[DBG] Buffering 91%
[DBG] control type=35
[DBG] control type=35
[DBG] Buffering 96%
[DBG] control type=35
9:57:10.142 PM [player] buffering 1.0
[DBG] Stream buffering done (1001 ms in 23 ms)
[DBG] Decoder wait done in 0 ms
[DBG] control type=35
[ERR] ES_OUT_SET_(GROUP_)PCR  is called 11748 ms late (jitter of 11724 ms ignored)
[DBG] ES_OUT_RESET_PCR called
9:57:10.142 PM [player] buffering 0.0
[DBG] control type=35
[DBG] control type=35
[DBG] control type=35
9:57:10.145 PM [player] buffering 0.0
[DBG] Buffering 0%
[DBG] control type=35
[DBG] control type=35
[DBG] control type=35
[DBG] control type=35
[DBG] control type=35
[DBG] control type=35
[DBG] control type=35
[DBG] Buffering 15%
[DBG] control type=35
[DBG] control type=35
[DBG] control type=35
[DBG] control type=35
[DBG] control type=35
[DBG] control type=35
[DBG] control type=35
[DBG] control type=35
[DBG] control type=35
[DBG] control type=35
[DBG] control type=35
[DBG] control type=35
[DBG] control type=35
[DBG] control type=35
[DBG] control type=35
[DBG] control type=35
[DBG] control type=35
[DBG] control type=35
[DBG] Buffering 21%
[DBG] control type=35
[DBG] Buffering 25%
[DBG] Received first picture
[DBG] control type=35
9:57:10.150 PM [framestep] nextFrameStepped result=0 time=19504 ms
[DBG] control type=35
[DBG] control type=35
[DBG] Buffering 28%
[DBG] control type=35
[DBG] control type=35
[DBG] control type=35
[DBG] control type=35
[DBG] Buffering 33%
[DBG] control type=35
[DBG] Buffering 38%
[DBG] control type=35
[DBG] control type=35
[DBG] control type=35
[DBG] Buffering 41%
[DBG] Buffering 44%
[DBG] control type=35
[DBG] control type=35
[DBG] Buffering 46%
[DBG] Buffering 50%
[DBG] control type=35
[DBG] control type=35
[DBG] control type=35
[DBG] control type=35
[DBG] control type=35
[DBG] control type=35
[DBG] control type=35
[DBG] control type=35
[DBG] control type=35
[DBG] Buffering 66%
[DBG] control type=35
[DBG] control type=35
[DBG] control type=35
[DBG] control type=35
[DBG] control type=35
[DBG] control type=35
[DBG] control type=35
[DBG] control type=35
[DBG] Buffering 71%
[DBG] control type=35
[DBG] control type=35
[DBG] Buffering 75%
[DBG] control type=35
[DBG] Buffering 78%
[DBG] control type=35
[DBG] Buffering 83%
[DBG] control type=35
[DBG] control type=35
[DBG] control type=35
[DBG] Buffering 85%
[DBG] control type=35
[DBG] Buffering 88%
[DBG] Buffering 91%
[DBG] control type=35
[DBG] Buffering 95%
[DBG] control type=35
[DBG] Buffering 96%
[DBG] control type=35
[DBG] control type=35
[DBG] control type=35
[DBG] Stream buffering done (1001 ms in 23 ms)
[DBG] Decoder wait done in 0 ms
9:57:10.169 PM [player] buffering 1.0
[DBG] control type=35
[DBG] control type=35
[DBG] control type=35
[DBG] control type=35
[DBG] control type=35
[ERR] ES_OUT_SET_(GROUP_)PCR  is called 11683 ms late (jitter of 11724 ms ignored)
[DBG] ES_OUT_RESET_PCR called
9:57:10.172 PM [player] buffering 0.0
[DBG] control type=35
[DBG] control type=35
[DBG] control type=35
[DBG] control type=35
[DBG] control type=35
[DBG] control type=35
[DBG] control type=35
[DBG] control type=35
[DBG] control type=35
[DBG] control type=35
[DBG] control type=35
[DBG] control type=35
[DBG] control type=35
[DBG] control type=35
[DBG] control type=35
[DBG] Buffering 0%
9:57:10.173 PM [player] buffering 0.0
[DBG] control type=35
[DBG] control type=35
[DBG] Buffering 6%
[DBG] control type=35
[DBG] control type=35
[DBG] control type=35
[DBG] control type=35
[DBG] Buffering 9%
[DBG] control type=35
[DBG] control type=35
[DBG] control type=35
[DBG] control type=35
[DBG] control type=35
[DBG] control type=35
[DBG] control type=35
[DBG] control type=35
[DBG] Buffering 13%
[DBG] control type=35
[DBG] control type=35
[DBG] control type=35
[DBG] Buffering 18%
[DBG] control type=35
[DBG] control type=35
[DBG] control type=35
[DBG] control type=35
[DBG] control type=35
[DBG] control type=35
[DBG] control type=35
[DBG] control type=35
[DBG] control type=35
[DBG] Buffering 23%
[DBG] control type=35
[DBG] control type=35
[DBG] control type=35
[DBG] control type=35
[DBG] control type=35
[DBG] control type=35
[DBG] control type=35
[DBG] control type=35
[DBG] control type=35
[DBG] Buffering 26%
[DBG] control type=35
[DBG] control type=35
[DBG] control type=35
[DBG] Buffering 31%
[DBG] control type=35
[DBG] control type=35
[DBG] control type=35
[DBG] Buffering 35%
[DBG] control type=35
[DBG] control type=35
[DBG] control type=35
[DBG] control type=35
[DBG] control type=35
[DBG] control type=35
[DBG] control type=35
[DBG] control type=35
[DBG] control type=35
[DBG] control type=35
[DBG] control type=35
[DBG] control type=35
[DBG] control type=35
[DBG] control type=35
[DBG] Buffering 50%
[DBG] control type=35
[DBG] control type=35
[DBG] control type=35
[DBG] control type=35
[DBG] control type=35
[DBG] control type=35
[DBG] control type=35
[DBG] control type=35
[DBG] Buffering 56%
[DBG] Buffering 60%
[DBG] control type=35
[DBG] control type=35
[DBG] Buffering 63%
[DBG] Buffering 68%
[DBG] control type=35
[DBG] control type=35
[DBG] Received first picture
9:57:10.183 PM [framestep] nextFrameStepped result=0 time=19504 ms
[DBG] control type=35
[DBG] Buffering 73%
[DBG] control type=35
[DBG] Buffering 76%
[DBG] control type=35
[DBG] Buffering 79%
[DBG] control type=35
[DBG] control type=35
[DBG] Buffering 81%
[DBG] Buffering 85%
[DBG] control type=35
[DBG] control type=35
[DBG] control type=35
[DBG] control type=35
[DBG] control type=35
[DBG] control type=35
[DBG] Buffering 98%
[DBG] control type=35
[DBG] control type=35
[DBG] control type=35
[DBG] control type=35
[DBG] control type=35
[DBG] Stream buffering done (1001 ms in 21 ms)
[DBG] Decoder wait done in 0 ms
9:57:10.195 PM [player] buffering 1.0
[ERR] ES_OUT_SET_(GROUP_)PCR  is called 11786 ms late (jitter of 11748 ms ignored)
[DBG] ES_OUT_RESET_PCR called
9:57:10.196 PM [player] buffering 0.0
[DBG] control type=35
[DBG] control type=35
[DBG] control type=35
[DBG] control type=35
[DBG] Buffering 0%
9:57:10.196 PM [player] buffering 0.0
[DBG] control type=35
[DBG] control type=35
[DBG] control type=35
[DBG] control type=35
[DBG] Buffering 1%
[DBG] control type=35
[DBG] control type=35
[DBG] Buffering 5%
[DBG] control type=35
[DBG] control type=35
[DBG] control type=35
[DBG] control type=35
[DBG] Buffering 9%
[DBG] control type=35
[DBG] control type=35
[DBG] control type=35
[DBG] control type=35
[DBG] control type=35
[DBG] Buffering 10%
[DBG] control type=35
[DBG] control type=35
[DBG] control type=35
[DBG] Buffering 15%
[DBG] control type=35
[DBG] control type=35
[DBG] control type=35
[DBG] control type=35
[DBG] control type=35
[DBG] control type=35
[DBG] control type=35
[DBG] control type=35
[DBG] control type=35
[DBG] control type=35
[DBG] control type=35
[DBG] control type=35
[DBG] control type=35
[DBG] Buffering 18%
[DBG] control type=35
[DBG] control type=35
[DBG] control type=35
[DBG] Buffering 23%
[DBG] control type=35
[DBG] control type=35
[DBG] control type=35
[DBG] Buffering 26%
[DBG] control type=35
[DBG] control type=35
[DBG] control type=35
[DBG] control type=35
[DBG] control type=35
[DBG] control type=35
[DBG] control type=35
[DBG] control type=35
[DBG] control type=35
[DBG] control type=35
[DBG] control type=35
[DBG] control type=35
[DBG] control type=35
[DBG] control type=35
[DBG] control type=35
[DBG] Buffering 41%
[DBG] control type=35
[DBG] control type=35
[DBG] control type=35
[DBG] control type=35
[DBG] control type=35
[DBG] control type=35
[DBG] Buffering 48%
[DBG] Buffering 51%
[DBG] control type=35
[DBG] control type=35
[DBG] control type=35
[DBG] control type=35
[DBG] Buffering 55%
[DBG] Buffering 60%
[DBG] control type=35
[DBG] control type=35
[DBG] Received first picture
9:57:10.209 PM [framestep] nextFrameStepped result=0 time=19504 ms
[DBG] Buffering 65%
[DBG] Buffering 68%
[DBG] control type=35
[DBG] control type=35
[DBG] Buffering 70%
[DBG] control type=35
[DBG] control type=35
[DBG] Buffering 73%
[DBG] control type=35
[DBG] Buffering 76%
[DBG] control type=35
[DBG] control type=35
[DBG] control type=35
[DBG] control type=35
[DBG] control type=35
[DBG] Buffering 92%
[DBG] control type=35
[DBG] control type=35
[DBG] control type=35
[DBG] control type=35
[DBG] control type=35
[DBG] control type=35
[DBG] control type=35
[DBG] Buffering 98%
[DBG] control type=35
[DBG] Stream buffering done (1019 ms in 19 ms)
[DBG] Decoder wait done in 0 ms
9:57:10.216 PM [player] buffering 1.0
[DBG] control type=35
[DBG] control type=35
[DBG] control type=35
[DBG] control type=35
[DBG] control type=35
[ERR] ES_OUT_SET_(GROUP_)PCR  is called 11824 ms late (jitter of 11786 ms ignored)
[DBG] ES_OUT_RESET_PCR called
9:57:10.220 PM [player] buffering 0.0
[DBG] control type=35
[DBG] control type=35
[DBG] control type=35
[DBG] control type=35
[DBG] control type=35
[DBG] Buffering 0%
9:57:10.220 PM [player] buffering 0.0
[DBG] control type=35
[DBG] control type=35
[DBG] control type=35
[DBG] control type=35
[DBG] control type=35
[DBG] Buffering 5%
[DBG] control type=35
[DBG] control type=35
[DBG] control type=35
[DBG] control type=35
[DBG] control type=35
[DBG] control type=35
[DBG] control type=35
[DBG] Buffering 8%
[DBG] control type=35
[DBG] control type=35
[DBG] control type=35
[DBG] Buffering 11%
[DBG] control type=35
[DBG] control type=35
[DBG] control type=35
[DBG] control type=35
[DBG] Buffering 13%
[DBG] control type=35
[DBG] Buffering 16%
[DBG] control type=35
[DBG] control type=35
[DBG] control type=35
[DBG] control type=35
[DBG] control type=35
[DBG] control type=35
[DBG] control type=35
[DBG] control type=35
[DBG] control type=35
[DBG] control type=35
[DBG] Buffering 30%
[DBG] control type=35
[DBG] control type=35
[DBG] control type=35
[DBG] control type=35
[DBG] Buffering 31%
[DBG] control type=35
[DBG] Buffering 38%
[DBG] Buffering 40%
[DBG] control type=35
[DBG] control type=35
[DBG] Buffering 41%
[DBG] Received first picture
9:57:10.229 PM [framestep] nextFrameStepped result=0 time=19504 ms
[DBG] Buffering 45%
[DBG] control type=35
[DBG] Buffering 49%
[DBG] control type=35
[DBG] control type=35
[DBG] Buffering 50%
[DBG] control type=35
[DBG] Buffering 55%
[DBG] control type=35
[DBG] control type=35
[DBG] control type=35
[DBG] Buffering 58%
[DBG] control type=35
[DBG] control type=35
[DBG] Buffering 63%
[DBG] Buffering 66%
[DBG] control type=35
[DBG] control type=35
[DBG] control type=35
[DBG] control type=35
[DBG] control type=35
[DBG] control type=35
[DBG] control type=35
[DBG] Buffering 81%
[DBG] control type=35
[DBG] control type=35
[DBG] control type=35
[DBG] control type=35
[DBG] control type=35
[DBG] control type=35
[DBG] Buffering 88%
[DBG] control type=35
[DBG] control type=35
[DBG] control type=35
[DBG] Buffering 91%
[DBG] control type=35
[DBG] control type=35
[DBG] control type=35
[DBG] Buffering 95%
[DBG] control type=35
[DBG] control type=35
[DBG] Stream buffering done (1001 ms in 19 ms)
[DBG] Decoder wait done in 0 ms
9:57:10.239 PM [player] buffering 1.0
[DBG] control type=35
[DBG] control type=35
[ERR] ES_OUT_SET_(GROUP_)PCR  is called 11846 ms late (jitter of 11824 ms ignored)
[DBG] ES_OUT_RESET_PCR called
9:57:10.240 PM [player] buffering 0.0
[DBG] control type=35
[DBG] control type=35
[DBG] control type=35
[DBG] control type=35
[DBG] control type=35
[DBG] control type=35
[DBG] Buffering 0%
9:57:10.242 PM [player] buffering 0.0
[DBG] control type=35
[DBG] control type=35
[DBG] control type=35
[DBG] control type=35
[DBG] control type=35
[DBG] Buffering 2%
[DBG] control type=35
[DBG] control type=35
[DBG] control type=35
[DBG] control type=35
[DBG] control type=35
[DBG] control type=35
[DBG] Buffering 4%
[DBG] control type=35
[DBG] control type=35
[DBG] control type=35
[DBG] Buffering 8%
[DBG] control type=35
[DBG] control type=35
[DBG] control type=35
[DBG] control type=35
[DBG] control type=35
[DBG] control type=35
[DBG] control type=35
[DBG] control type=35
[DBG] control type=35
[DBG] control type=35
[DBG] control type=35
[DBG] control type=35
[DBG] control type=35
[DBG] control type=35
[DBG] control type=35
[DBG] control type=35
[DBG] Buffering 24%
[DBG] control type=35
[DBG] control type=35
[DBG] control type=35
[DBG] control type=35
[DBG] control type=35
[DBG] Buffering 29%
[DBG] Buffering 33%
[DBG] control type=35
[DBG] control type=35
[DBG] control type=35
[DBG] control type=35
[DBG] Buffering 36%
[DBG] Buffering 41%
[DBG] control type=35
[DBG] Buffering 43%
[DBG] control type=35
[DBG] control type=35
[DBG] control type=35
[DBG] Buffering 46%
[DBG] Received first picture
9:57:10.251 PM [framestep] nextFrameStepped result=0 time=19504 ms
[DBG] control type=35
[DBG] control type=35
[DBG] Buffering 50%
[DBG] control type=35
[DBG] control type=35
[DBG] Buffering 53%
[DBG] control type=35
[DBG] control type=35
[DBG] Buffering 55%
[DBG] control type=35
[DBG] Buffering 58%
[DBG] control type=35
[DBG] control type=35
[DBG] control type=35
[DBG] control type=35
[DBG] control type=35
[DBG] Buffering 72%
[DBG] control type=35
[DBG] control type=35
[DBG] control type=35
[DBG] control type=35
[DBG] control type=35
[DBG] control type=35
[DBG] Buffering 73%
[DBG] control type=35
[DBG] Buffering 80%
[DBG] control type=35
[DBG] Buffering 82%
[DBG] control type=35
[DBG] control type=35
[DBG] control type=35
[DBG] Buffering 83%
[DBG] control type=35
[DBG] Buffering 86%
[DBG] control type=35
[DBG] Buffering 91%
[DBG] control type=35
[DBG] control type=35
[DBG] control type=35
[DBG] Buffering 96%
[DBG] control type=35
[DBG] control type=35
[DBG] control type=35
[DBG] Stream buffering done (1001 ms in 23 ms)
[DBG] Decoder wait done in 0 ms
9:57:10.266 PM [player] buffering 1.0
[DBG] control type=35
[ERR] ES_OUT_SET_(GROUP_)PCR  is called 11872 ms late (jitter of 11846 ms ignored)
[DBG] ES_OUT_RESET_PCR called
9:57:10.266 PM [player] buffering 0.0
[DBG] control type=35
[DBG] control type=35
[DBG] control type=35
[DBG] control type=35
[DBG] control type=35
[DBG] Buffering 0%
9:57:10.266 PM [player] buffering 0.0
[DBG] control type=35
[DBG] control type=35
[DBG] control type=35
[DBG] control type=35
[DBG] control type=35
[DBG] control type=35
[DBG] control type=35
[DBG] control type=35
[DBG] control type=35
[DBG] control type=35
[DBG] control type=35
[DBG] control type=35
[DBG] control type=35
[DBG] control type=35
[DBG] control type=35
[DBG] control type=35
[DBG] control type=35
[DBG] control type=35
[DBG] control type=35
[DBG] control type=35
[DBG] control type=35
[DBG] Buffering 15%
[DBG] control type=35
[DBG] control type=35
[DBG] control type=35
[DBG] control type=35
[DBG] control type=35
[DBG] Buffering 21%
[DBG] Buffering 24%
[DBG] control type=35
[DBG] control type=35
[DBG] Buffering 25%
[DBG] Buffering 28%
[DBG] Buffering 33%
[DBG] control type=35
[DBG] control type=35
[DBG] control type=35
[DBG] Buffering 38%
[DBG] Buffering 41%
[DBG] Buffering 44%
[DBG] control type=35
[DBG] control type=35
[DBG] Buffering 46%
[DBG] Buffering 50%
[DBG] control type=35
[DBG] control type=35
[DBG] Received first picture
9:57:10.278 PM [framestep] nextFrameStepped result=0 time=19504 ms
[DBG] control type=35
[DBG] control type=35
[DBG] Buffering 66%
[DBG] control type=35
[DBG] control type=35
[DBG] control type=35
[DBG] control type=35
[DBG] control type=35
[DBG] control type=35
[DBG] Buffering 71%
[DBG] control type=35
[DBG] control type=35
[DBG] Buffering 75%
[DBG] control type=35
[DBG] control type=35
[DBG] control type=35
[DBG] Buffering 78%
[DBG] control type=35
[DBG] Buffering 83%
[DBG] control type=35
[DBG] control type=35
[DBG] control type=35
[DBG] Buffering 85%
[DBG] control type=35
[DBG] control type=35
[DBG] Buffering 88%
[DBG] control type=35
[DBG] Buffering 91%
[DBG] control type=35
[DBG] control type=35
[DBG] control type=35
[DBG] Buffering 95%
[DBG] control type=35
[DBG] control type=35
[DBG] control type=35
[DBG] Buffering 96%
[DBG] control type=35
[DBG] Stream buffering done (1001 ms in 21 ms)
[DBG] Decoder wait done in 0 ms
9:57:10.288 PM [player] buffering 1.0
[DBG] control type=35
[DBG] control type=35
[DBG] control type=35
[DBG] control type=35
[DBG] control type=35
[DBG] control type=35
[ERR] ES_OUT_SET_(GROUP_)PCR  is called 11805 ms late (jitter of 11846 ms ignored)
[DBG] ES_OUT_RESET_PCR called
9:57:10.292 PM [player] buffering 0.0
[DBG] control type=35
[DBG] control type=35
[DBG] control type=35
[DBG] control type=35
[DBG] control type=35
[DBG] control type=35
[DBG] control type=35
[DBG] control type=35
[DBG] control type=35
[DBG] control type=35
[DBG] control type=35
[DBG] control type=35
[DBG] control type=35
[DBG] control type=35
[DBG] control type=35
[DBG] control type=35
[DBG] control type=35
[DBG] control type=35
[DBG] control type=35
[DBG] control type=35
[DBG] control type=35
[DBG] Buffering 0%
9:57:10.293 PM [player] buffering 0.0
[DBG] control type=35
[DBG] control type=35
[DBG] Buffering 6%
[DBG] control type=35
[DBG] control type=35
[DBG] control type=35
[DBG] control type=35
[DBG] Buffering 8%
[DBG] control type=35
[DBG] control type=35
[DBG] control type=35
[DBG] control type=35
[DBG] control type=35
[DBG] Buffering 10%
[DBG] control type=35
[DBG] control type=35
[DBG] control type=35
[DBG] Buffering 13%
[DBG] control type=35
[DBG] control type=35
[DBG] control type=35
[DBG] Buffering 18%
[DBG] control type=35
[DBG] control type=35
[DBG] control type=35
[DBG] control type=35
[DBG] control type=35
[DBG] control type=35
[DBG] control type=35
[DBG] control type=35
[DBG] control type=35
[DBG] control type=35
[DBG] control type=35
[DBG] Buffering 23%
[DBG] control type=35
[DBG] control type=35
[DBG] control type=35
[DBG] control type=35
[DBG] control type=35
[DBG] control type=35
[DBG] control type=35
[DBG] control type=35
[DBG] control type=35
[DBG] Buffering 26%
[DBG] control type=35
[DBG] control type=35
[DBG] control type=35
[DBG] Buffering 31%
[DBG] control type=35
[DBG] control type=35
[DBG] control type=35
[DBG] Buffering 35%
[DBG] control type=35
[DBG] control type=35
[DBG] control type=35
[DBG] control type=35
[DBG] control type=35
[DBG] control type=35
[DBG] control type=35
[DBG] control type=35
[DBG] Buffering 50%
[DBG] control type=35
[DBG] control type=35
[DBG] control type=35
[DBG] control type=35
[DBG] control type=35
[DBG] control type=35
[DBG] control type=35
[DBG] Buffering 56%
[DBG] Buffering 60%
[DBG] control type=35
[DBG] Buffering 63%
[DBG] Buffering 68%
[DBG] control type=35
[DBG] Buffering 73%
[DBG] Received first picture
9:57:10.307 PM [framestep] nextFrameStepped result=0 time=19504 ms
[DBG] Buffering 76%
[DBG] control type=35
[DBG] Buffering 79%
[DBG] control type=35
[DBG] control type=35
[DBG] control type=35
[DBG] Buffering 81%
[DBG] control type=35
[DBG] Buffering 85%
[DBG] control type=35
[DBG] control type=35
[DBG] control type=35
[DBG] control type=35
[DBG] control type=35
[DBG] control type=35
[DBG] control type=35
[DBG] Stream buffering done (1017 ms in 17 ms)
[DBG] Decoder wait done in 0 ms
9:57:10.311 PM [player] buffering 1.0
[DBG] control type=35
[DBG] control type=35
[DBG] control type=35
[DBG] control type=35
[DBG] control type=35
[DBG] control type=35
[ERR] ES_OUT_SET_(GROUP_)PCR  is called 11903 ms late (jitter of 11872 ms ignored)
[DBG] ES_OUT_RESET_PCR called
9:57:10.313 PM [player] buffering 0.0
[DBG] control type=35
[DBG] control type=35
[DBG] control type=35
[DBG] control type=35
[DBG] control type=35
[DBG] control type=35
[DBG] control type=35
[DBG] control type=35
[DBG] control type=35
[DBG] Buffering 0%
9:57:10.313 PM [player] buffering 0.0
[DBG] control type=35
[DBG] control type=35
[DBG] control type=35
[DBG] control type=35
[DBG] control type=35
[DBG] Buffering 3%
[DBG] control type=35
[DBG] control type=35
[DBG] control type=35
[DBG] Buffering 8%
[DBG] control type=35
[DBG] control type=35
[DBG] control type=35
[DBG] control type=35
[DBG] control type=35
[DBG] control type=35
[DBG] control type=35
[DBG] Buffering 10%
[DBG] control type=35
[DBG] control type=35
[DBG] control type=35
[DBG] control type=35
[DBG] control type=35
[DBG] control type=35
[DBG] Buffering 13%
[DBG] control type=35
[DBG] control type=35
[DBG] control type=35
[DBG] Buffering 16%
[DBG] control type=35
[DBG] control type=35
[DBG] control type=35
[DBG] Buffering 20%
[DBG] control type=35
[DBG] control type=35
[DBG] control type=35
[DBG] control type=35
[DBG] Buffering 21%
[DBG] control type=35
[DBG] control type=35
[DBG] control type=35
[DBG] Buffering 25%
[DBG] control type=35
[DBG] control type=35
[DBG] control type=35
[DBG] control type=35
[DBG] control type=35
[DBG] control type=35
[DBG] control type=35
[DBG] control type=35
[DBG] control type=35
[DBG] control type=35
[DBG] control type=35
[DBG] Buffering 39%
[DBG] control type=35
[DBG] control type=35
[DBG] control type=35
[DBG] control type=35
[DBG] control type=35
[DBG] Buffering 40%
[DBG] control type=35
[DBG] control type=35
[DBG] Buffering 46%
[DBG] control type=35
[DBG] Buffering 49%
[DBG] control type=35
[DBG] control type=35
[DBG] Buffering 50%
[DBG] control type=35
[DBG] control type=35
[DBG] Received first picture
9:57:10.325 PM [framestep] nextFrameStepped result=0 time=19504 ms
[DBG] Buffering 53%
[DBG] control type=35
[DBG] control type=35
[DBG] Buffering 58%
[DBG] control type=35
[DBG] control type=35
[DBG] Buffering 63%
[DBG] control type=35
[DBG] control type=35
[DBG] Buffering 66%
[DBG] control type=35
[DBG] control type=35
[DBG] Buffering 71%
[DBG] control type=35
[DBG] Buffering 75%
[DBG] control type=35
[DBG] control type=35
[DBG] control type=35
[DBG] control type=35
[DBG] control type=35
[DBG] Buffering 90%
[DBG] control type=35
[DBG] control type=35
[DBG] control type=35
[DBG] control type=35
[DBG] control type=35
[DBG] control type=35
[DBG] control type=35
[DBG] control type=35
[DBG] Buffering 96%
[DBG] control type=35
[DBG] Stream buffering done (1001 ms in 19 ms)
[DBG] Decoder wait done in 0 ms
9:57:10.333 PM [player] buffering 1.0
[DBG] control type=35
[DBG] control type=35
[ERR] ES_OUT_SET_(GROUP_)PCR  is called 11956 ms late (jitter of 11903 ms ignored)
[DBG] ES_OUT_RESET_PCR called
9:57:10.333 PM [player] buffering 0.0
[DBG] control type=35
[DBG] control type=35
[DBG] control type=35
[DBG] Buffering 0%
9:57:10.333 PM [player] buffering 0.0
[DBG] control type=35
[DBG] control type=35
[DBG] control type=35
[DBG] control type=35
[DBG] control type=35
[DBG] control type=35
[DBG] Buffering 5%
[DBG] control type=35
[DBG] control type=35
[DBG] control type=35
[DBG] control type=35
[DBG] control type=35
[DBG] Buffering 8%
[DBG] control type=35
[DBG] control type=35
[DBG] control type=35
[DBG] Buffering 11%
[DBG] control type=35
[DBG] control type=35
[DBG] control type=35
[DBG] Buffering 13%
[DBG] control type=35
[DBG] Buffering 16%
[DBG] control type=35
[DBG] control type=35
[DBG] control type=35
[DBG] control type=35
[DBG] control type=35
[DBG] control type=35
[DBG] control type=35
[DBG] control type=35
[DBG] control type=35
[DBG] control type=35
[DBG] Buffering 30%
[DBG] control type=35
[DBG] control type=35
[DBG] control type=35
[DBG] control type=35
[DBG] control type=35
[DBG] Buffering 31%
[DBG] Buffering 38%
[DBG] control type=35
[DBG] control type=35
[DBG] Buffering 40%
[DBG] control type=35
[DBG] control type=35
[DBG] Buffering 41%
[DBG] Buffering 45%
[DBG] Buffering 49%
[DBG] control type=35
[DBG] Buffering 50%
[DBG] Buffering 55%
[DBG] control type=35
[DBG] control type=35
[DBG] Received first picture
9:57:10.344 PM [framestep] nextFrameStepped result=0 time=19504 ms
[DBG] control type=35
[DBG] control type=35
[DBG] Buffering 58%
[DBG] control type=35
[DBG] control type=35
[DBG] control type=35
[DBG] Buffering 63%
[DBG] control type=35
[DBG] Buffering 66%
[DBG] control type=35
[DBG] control type=35
[DBG] control type=35
[DBG] control type=35
[DBG] control type=35
[DBG] control type=35
[DBG] control type=35
[DBG] Buffering 81%
[DBG] control type=35
[DBG] control type=35
[DBG] control type=35
[DBG] control type=35
[DBG] control type=35
[DBG] control type=35
[DBG] Buffering 88%
[DBG] control type=35
[DBG] Buffering 91%
[DBG] control type=35
[DBG] control type=35
[DBG] control type=35
[DBG] Buffering 95%
[DBG] control type=35
[DBG] Stream buffering done (1001 ms in 19 ms)
[DBG] Decoder wait done in 0 ms
[DBG] control type=35
[DBG] control type=35
[ERR] ES_OUT_SET_(GROUP_)PCR  is called 11959 ms late (jitter of 11956 ms ignored)
[DBG] ES_OUT_RESET_PCR called
[DBG] control type=35
[DBG] control type=35
[DBG] control type=35
[DBG] Buffering 0%
[DBG] control type=35
[DBG] control type=35
[DBG] control type=35
[DBG] control type=35
[DBG] control type=35
[DBG] Buffering 1%
[DBG] control type=35
[DBG] control type=35
[DBG] control type=35
[DBG] control type=35
[DBG] control type=35
[DBG] Buffering 5%
[DBG] control type=35
[DBG] control type=35
[DBG] control type=35
[DBG] Buffering 8%
[DBG] control type=35
[DBG] control type=35
[DBG] control type=35
[DBG] control type=35
9:57:10.362 PM [player] buffering 1.0
9:57:10.362 PM [player] buffering 0.0
9:57:10.363 PM [player] buffering 0.0
[DBG] control type=35
[DBG] control type=35
[DBG] control type=35
[DBG] control type=35
[DBG] Buffering 24%
[DBG] control type=35
[DBG] control type=35
[DBG] control type=35
[DBG] control type=35
[DBG] control type=35
[DBG] control type=35
[DBG] Buffering 30%
[DBG] Buffering 33%
[DBG] control type=35
[DBG] Buffering 36%
[DBG] Received first picture
9:57:10.470 PM [framestep] nextFrameStepped result=0 time=19504 ms
[DBG] Buffering 41%
[DBG] control type=35
[DBG] Buffering 43%
[DBG] control type=35
[DBG] Buffering 46%
[DBG] control type=35
[DBG] Buffering 50%
[DBG] control type=35
[DBG] Buffering 53%
[DBG] control type=35
[DBG] Buffering 55%
[DBG] control type=35
[DBG] control type=35
[DBG] Buffering 58%
[DBG] control type=35
[DBG] control type=35
[DBG] control type=35
[DBG] Buffering 72%
[DBG] control type=35
[DBG] control type=35
[DBG] control type=35
[DBG] control type=35
[DBG] control type=35
[DBG] Buffering 73%
[DBG] Buffering 80%
[DBG] control type=35
[DBG] control type=35
[DBG] Buffering 81%
[DBG] control type=35
[DBG] Buffering 83%
[DBG] Buffering 86%
[DBG] control type=35
[DBG] control type=35
[DBG] control type=35
[DBG] Buffering 91%
[DBG] control type=35
[DBG] Buffering 96%
[DBG] control type=35
[DBG] control type=35
[DBG] control type=35
9:57:10.479 PM [player] buffering 1.0
[DBG] Stream buffering done (1001 ms in 125 ms)
[DBG] Decoder wait done in 0 ms
[ERR] ES_OUT_SET_(GROUP_)PCR  is called 12085 ms late (jitter of 11959 ms ignored)
[DBG] ES_OUT_RESET_PCR called
9:57:10.480 PM [player] buffering 0.0
[DBG] control type=35
[DBG] control type=35
[DBG] control type=35
[DBG] control type=35
[DBG] control type=35
[DBG] Buffering 0%
9:57:10.484 PM [player] buffering 0.0
[DBG] control type=35
[DBG] control type=35
[DBG] control type=35
[DBG] control type=35
[DBG] control type=35
[DBG] control type=35
[DBG] control type=35
[DBG] control type=35
[DBG] control type=35
[DBG] Buffering 15%
[DBG] control type=35
[DBG] control type=35
[DBG] control type=35
[DBG] control type=35
[DBG] control type=35
[DBG] control type=35
[DBG] control type=35
[DBG] Buffering 21%
[DBG] Buffering 24%
[DBG] control type=35
[DBG] Buffering 25%
[DBG] control type=35
[DBG] control type=35
[DBG] Buffering 28%
[DBG] control type=35
[DBG] Buffering 33%
[DBG] control type=35
[DBG] control type=35
[DBG] Received first picture
[DBG] Buffering 38%
9:57:10.489 PM [framestep] nextFrameStepped result=0 time=19504 ms
[DBG] control type=35
[DBG] Buffering 41%
[DBG] control type=35
[DBG] Buffering 43%
[DBG] control type=35
[DBG] Buffering 46%
[DBG] Buffering 50%
[DBG] control type=35
[DBG] control type=35
[DBG] control type=35
[DBG] control type=35
[DBG] control type=35
[DBG] Buffering 66%
[DBG] control type=35
[DBG] control type=35
[DBG] control type=35
[DBG] control type=35
[DBG] Buffering 71%
[DBG] Buffering 75%
[DBG] control type=35
[DBG] control type=35
[DBG] control type=35
[DBG] control type=35
[DBG] control type=35
[DBG] Buffering 78%
[DBG] control type=35
[DBG] Buffering 83%
[DBG] Buffering 85%
[DBG] control type=35
[DBG] control type=35
[DBG] control type=35
[DBG] control type=35
[DBG] Buffering 88%
[DBG] control type=35
[DBG] Buffering 91%
[DBG] Buffering 95%
[DBG] control type=35
[DBG] control type=35
[DBG] control type=35
[DBG] Buffering 96%
9:57:10.496 PM [player] buffering 1.0
[DBG] Stream buffering done (1001 ms in 12 ms)
[DBG] Decoder wait done in 0 ms
[DBG] control type=35
[DBG] control type=35
[DBG] control type=35
[DBG] control type=35
[DBG] control type=35
[DBG] control type=35
[ERR] ES_OUT_SET_(GROUP_)PCR  is called 12013 ms late (jitter of 12013 ms ignored)
[DBG] ES_OUT_RESET_PCR called
9:57:10.499 PM [player] buffering 0.0
[DBG] control type=35
[DBG] control type=35
[DBG] control type=35
[DBG] control type=35
[DBG] control type=35
[DBG] control type=35
[DBG] control type=35
[DBG] control type=35
[DBG] control type=35
[DBG] control type=35
[DBG] control type=35
[DBG] control type=35
[DBG] control type=35
[DBG] control type=35
[DBG] control type=35
9:57:10.504 PM [player] buffering 0.0
[DBG] Buffering 0%
[DBG] control type=35
[DBG] control type=35
[DBG] control type=35
[DBG] control type=35
[DBG] Buffering 6%
[DBG] control type=35
[DBG] control type=35
[DBG] control type=35
[DBG] control type=35
[DBG] Buffering 8%
[DBG] control type=35
[DBG] control type=35
[DBG] control type=35
[DBG] control type=35
[DBG] Buffering 9%
[DBG] control type=35
[DBG] control type=35
[DBG] control type=35
[DBG] Buffering 13%
[DBG] control type=35
[DBG] control type=35
[DBG] Buffering 18%
[DBG] control type=35
[DBG] control type=35
[DBG] control type=35
[DBG] control type=35
[DBG] control type=35
[DBG] control type=35
[DBG] control type=35
[DBG] control type=35
[DBG] Buffering 23%
[DBG] control type=35
[DBG] control type=35
[DBG] control type=35
[DBG] control type=35
[DBG] control type=35
[DBG] control type=35
[DBG] Buffering 26%
[DBG] control type=35
[DBG] control type=35
[DBG] control type=35
[DBG] control type=35
[DBG] Buffering 31%
[DBG] control type=35
[DBG] control type=35
[DBG] control type=35
[DBG] Buffering 35%
[DBG] control type=35
[DBG] control type=35
[DBG] control type=35
[DBG] control type=35
[DBG] control type=35
[DBG] control type=35
[DBG] control type=35
[DBG] control type=35
[DBG] Buffering 50%
[DBG] control type=35
[DBG] control type=35
[DBG] control type=35
[DBG] control type=35
[DBG] control type=35
[DBG] control type=35
[DBG] control type=35
[DBG] Buffering 56%
[DBG] Buffering 59%
[DBG] control type=35
[DBG] Buffering 60%
[DBG] Buffering 63%
[DBG] Buffering 68%
[DBG] control type=35
[DBG] Received first picture
9:57:10.512 PM [framestep] nextFrameStepped result=0 time=19504 ms
[DBG] Buffering 73%
[DBG] Buffering 76%
[DBG] control type=35
[DBG] control type=35
[DBG] control type=35
[DBG] Buffering 79%
[DBG] control type=35
[DBG] Buffering 81%
[DBG] control type=35
[DBG] Buffering 85%
[DBG] control type=35
[DBG] control type=35
[DBG] control type=35
[DBG] control type=35
[DBG] control type=35
[DBG] control type=35
[DBG] Stream buffering done (1015 ms in 15 ms)
9:57:10.519 PM [player] buffering 1.0
[DBG] Decoder wait done in 0 ms
[DBG] control type=35
[DBG] control type=35
[DBG] control type=35
[DBG] control type=35
[DBG] control type=35
[DBG] control type=35
[ERR] ES_OUT_SET_(GROUP_)PCR  is called 12110 ms late (jitter of 12085 ms ignored)
[DBG] ES_OUT_RESET_PCR called
9:57:10.520 PM [player] buffering 0.0
[DBG] control type=35
[DBG] control type=35
[DBG] control type=35
[DBG] control type=35
9:57:10.520 PM [player] buffering 0.0
[DBG] Buffering 0%
[DBG] control type=35
[DBG] control type=35
[DBG] control type=35
[DBG] Buffering 3%
[DBG] control type=35
[DBG] control type=35
[DBG] control type=35
[DBG] control type=35
[DBG] control type=35
[DBG] Buffering 8%
[DBG] control type=35
[DBG] Buffering 10%
[DBG] control type=35
[DBG] control type=35
[DBG] control type=35
[DBG] control type=35
[DBG] control type=35
[DBG] control type=35
[DBG] Buffering 13%
[DBG] control type=35
[DBG] Buffering 16%
[DBG] control type=35
[DBG] control type=35
[DBG] control type=35
[DBG] control type=35
[DBG] control type=35
[DBG] Buffering 20%
[DBG] control type=35
[DBG] control type=35
[DBG] control type=35
[DBG] Buffering 21%
[DBG] control type=35
[DBG] control type=35
[DBG] control type=35
[DBG] Buffering 25%
[DBG] control type=35
[DBG] control type=35
[DBG] control type=35
[DBG] control type=35
[DBG] control type=35
[DBG] control type=35
[DBG] control type=35
[DBG] control type=35
[DBG] control type=35
[DBG] Buffering 39%
[DBG] control type=35
[DBG] control type=35
[DBG] control type=35
[DBG] control type=35
[DBG] control type=35
[DBG] Buffering 40%
[DBG] Buffering 46%
[DBG] Buffering 49%
[DBG] control type=35
[DBG] control type=35
[DBG] Buffering 50%
[DBG] Received first picture
9:57:10.528 PM [framestep] nextFrameStepped result=0 time=19504 ms
[DBG] control type=35
[DBG] Buffering 53%
[DBG] Buffering 58%
[DBG] control type=35
[DBG] control type=35
[DBG] Buffering 63%
[DBG] control type=35
[DBG] control type=35
[DBG] control type=35
[DBG] control type=35
[DBG] Buffering 66%
[DBG] Buffering 71%
[DBG] control type=35
[DBG] control type=35
[DBG] Buffering 75%
[DBG] control type=35
[DBG] control type=35
[DBG] control type=35
[DBG] Buffering 90%
[DBG] control type=35
[DBG] control type=35
[DBG] control type=35
[DBG] control type=35
[DBG] control type=35
[DBG] control type=35
[DBG] control type=35
[DBG] Buffering 96%
[DBG] control type=35
[DBG] Stream buffering done (1001 ms in 13 ms)
9:57:10.534 PM [player] buffering 1.0
[DBG] Decoder wait done in 0 ms
[DBG] control type=35
[DBG] control type=35
[ERR] ES_OUT_SET_(GROUP_)PCR  is called 12157 ms late (jitter of 12110 ms ignored)
[DBG] ES_OUT_RESET_PCR called
9:57:10.534 PM [player] buffering 0.0
[DBG] control type=35
[DBG] control type=35
[DBG] control type=35
[DBG] control type=35
9:57:10.535 PM [player] buffering 0.0
[DBG] Buffering 0%
[DBG] control type=35
[DBG] control type=35
[DBG] control type=35
[DBG] control type=35
[DBG] control type=35
[DBG] control type=35
[DBG] control type=35
[DBG] control type=35
[DBG] control type=35
[DBG] Buffering 5%
[DBG] control type=35
[DBG] control type=35
[DBG] control type=35
[DBG] Buffering 8%
[DBG] control type=35
[DBG] control type=35
[DBG] Buffering 11%
[DBG] control type=35
[DBG] control type=35
[DBG] control type=35
[DBG] control type=35
[DBG] control type=35
[DBG] Buffering 13%
[DBG] control type=35
[DBG] control type=35
[DBG] Buffering 16%
[DBG] control type=35
[DBG] control type=35
[DBG] control type=35
[DBG] control type=35
[DBG] control type=35
[DBG] control type=35
[DBG] control type=35
[DBG] control type=35
[DBG] control type=35
[DBG] control type=35
[DBG] control type=35
[DBG] control type=35
[DBG] control type=35
[DBG] control type=35
[DBG] control type=35
[DBG] control type=35
[DBG] control type=35
[DBG] Buffering 30%
[DBG] control type=35
[DBG] control type=35
[DBG] control type=35
[DBG] control type=35
[DBG] Buffering 31%
[DBG] control type=35
[DBG] Buffering 38%
[DBG] Buffering 39%
[DBG] control type=35
[DBG] Buffering 41%
[DBG] Buffering 45%
[DBG] Buffering 49%
[DBG] control type=35
[DBG] control type=35
[DBG] Buffering 50%
[DBG] Buffering 55%
[DBG] control type=35
[DBG] Buffering 58%
[DBG] Received first picture
9:57:10.544 PM [framestep] nextFrameStepped result=0 time=19504 ms
[DBG] Buffering 63%
[DBG] control type=35
[DBG] Buffering 66%
[DBG] control type=35
[DBG] control type=35
[DBG] control type=35
[DBG] control type=35
[DBG] control type=35
[DBG] control type=35
[DBG] Buffering 81%
[DBG] control type=35
[DBG] control type=35
[DBG] control type=35
[DBG] control type=35
[DBG] control type=35
[DBG] Buffering 88%
[DBG] control type=35
[DBG] Buffering 91%
[DBG] control type=35
[DBG] control type=35
[DBG] Buffering 95%
[DBG] control type=35
[DBG] control type=35
[DBG] Stream buffering done (1001 ms in 15 ms)
9:57:10.550 PM [player] buffering 1.0
[DBG] Decoder wait done in 0 ms
[DBG] control type=35
[DBG] control type=35
[ERR] ES_OUT_SET_(GROUP_)PCR  is called 12157 ms late (jitter of 12157 ms ignored)
[DBG] ES_OUT_RESET_PCR called
9:57:10.551 PM [player] buffering 0.0
[DBG] control type=35
[DBG] control type=35
[DBG] control type=35
[DBG] control type=35
[DBG] Buffering 0%
9:57:10.551 PM [player] buffering 0.0
[DBG] control type=35
[DBG] control type=35
[DBG] control type=35
[DBG] control type=35
[DBG] Buffering 1%
[DBG] control type=35
[DBG] control type=35
[DBG] Buffering 4%
[DBG] control type=35
[DBG] Buffering 8%
[DBG] control type=35
[DBG] control type=35
[DBG] control type=35
[DBG] control type=35
[DBG] control type=35
[DBG] control type=35
[DBG] control type=35
[DBG] control type=35
[DBG] control type=35
[DBG] control type=35
[DBG] control type=35
[DBG] control type=35
[DBG] Buffering 24%
[DBG] control type=35
[DBG] control type=35
[DBG] control type=35
[DBG] control type=35
[DBG] control type=35
[DBG] control type=35
[DBG] Buffering 29%
[DBG] control type=35
[DBG] Buffering 33%
[DBG] control type=35
[DBG] Buffering 36%
[DBG] Buffering 41%
[DBG] control type=35
[DBG] Received first picture
9:57:10.557 PM [framestep] nextFrameStepped result=0 time=19504 ms
[DBG] Buffering 46%
[DBG] control type=35
[DBG] Buffering 50%
[DBG] control type=35
[DBG] control type=35
[DBG] control type=35
[DBG] Buffering 52%
[DBG] control type=35
[DBG] control type=35
[DBG] Buffering 55%
[DBG] control type=35
[DBG] Buffering 58%
[DBG] control type=35
[DBG] control type=35
[DBG] control type=35
[DBG] Buffering 72%
[DBG] control type=35
[DBG] control type=35
[DBG] control type=35
[DBG] control type=35
[DBG] Buffering 73%
[DBG] Buffering 80%
[DBG] control type=35
[DBG] control type=35
[DBG] Buffering 81%
[DBG] control type=35
[DBG] Buffering 83%
[DBG] control type=35
[DBG] Buffering 86%
[DBG] control type=35
[DBG] Buffering 91%
[DBG] control type=35
[DBG] control type=35
[DBG] Buffering 96%
[DBG] control type=35
[DBG] control type=35
[DBG] control type=35
[DBG] Stream buffering done (1001 ms in 18 ms)
9:57:10.570 PM [player] buffering 1.0
[DBG] Decoder wait done in 0 ms
[DBG] control type=35
[ERR] ES_OUT_SET_(GROUP_)PCR  is called 12177 ms late (jitter of 12157 ms ignored)
[DBG] ES_OUT_RESET_PCR called
9:57:10.570 PM [player] buffering 0.0
[DBG] control type=35
9:57:10.571 PM [player] buffering 0.0
[DBG] Buffering 0%
[DBG] control type=35
[DBG] control type=35
[DBG] control type=35
[DBG] control type=35
[DBG] control type=35
[DBG] control type=35
[DBG] control type=35
[DBG] control type=35
[DBG] control type=35
[DBG] control type=35
[DBG] control type=35
[DBG] control type=35
[DBG] control type=35
[DBG] control type=35
[DBG] control type=35
[DBG] control type=35
[DBG] control type=35
[DBG] Buffering 14%
[DBG] control type=35
[DBG] control type=35
[DBG] control type=35
[DBG] control type=35
[DBG] control type=35
[DBG] Buffering 21%
[DBG] Buffering 24%
[DBG] control type=35
[DBG] Buffering 25%
[DBG] Buffering 28%
[DBG] Buffering 33%
[DBG] control type=35
[DBG] control type=35
[DBG] Received first picture
9:57:10.580 PM [framestep] nextFrameStepped result=0 time=19504 ms
[DBG] Buffering 38%
[DBG] control type=35
[DBG] control type=35
[DBG] control type=35
[DBG] Buffering 41%
[DBG] control type=35
[DBG] Buffering 43%
[DBG] control type=35
[DBG] control type=35
[DBG] Buffering 46%
[DBG] Buffering 50%
[DBG] control type=35
[DBG] control type=35
[DBG] control type=35
[DBG] control type=35
[DBG] control type=35
[DBG] control type=35
[DBG] control type=35
[DBG] control type=35
[DBG] control type=35
[DBG] control type=35
[DBG] control type=35
[DBG] Buffering 66%
[DBG] control type=35
[DBG] control type=35
[DBG] control type=35
[DBG] control type=35
[DBG] control type=35
[DBG] control type=35
[DBG] Buffering 71%
[DBG] Buffering 75%
[DBG] control type=35
[DBG] control type=35
[DBG] control type=35
[DBG] Buffering 78%
[DBG] Buffering 83%
[DBG] control type=35
[DBG] control type=35
[DBG] Buffering 85%
[DBG] control type=35
[DBG] control type=35
[DBG] Buffering 88%
[DBG] control type=35
[DBG] Buffering 91%
[DBG] control type=35
[DBG] Buffering 94%
[DBG] control type=35
[DBG] control type=35
[DBG] control type=35
[DBG] Buffering 96%
[DBG] control type=35
[DBG] Stream buffering done (1001 ms in 21 ms)
9:57:10.592 PM [player] buffering 1.0
[DBG] Decoder wait done in 0 ms
[DBG] control type=35
[DBG] control type=35
[DBG] control type=35
[DBG] control type=35
[DBG] control type=35
[DBG] control type=35
[ERR] ES_OUT_SET_(GROUP_)PCR  is called 12110 ms late (jitter of 12157 ms ignored)
[DBG] ES_OUT_RESET_PCR called
9:57:10.593 PM [player] buffering 0.0
[DBG] control type=35
[DBG] control type=35
[DBG] control type=35
[DBG] control type=35
[DBG] control type=35
[DBG] control type=35
[DBG] control type=35
[DBG] control type=35
[DBG] control type=35
[DBG] Buffering 0%
9:57:10.595 PM [player] buffering 0.0
[DBG] control type=35
[DBG] control type=35
[DBG] Buffering 6%
[DBG] control type=35
[DBG] control type=35
[DBG] control type=35
[DBG] control type=35
[DBG] Buffering 8%
[DBG] control type=35
[DBG] control type=35
[DBG] control type=35
[DBG] Buffering 10%
[DBG] control type=35
[DBG] control type=35
[DBG] control type=35
[DBG] Buffering 13%
[DBG] control type=35
[DBG] control type=35
[DBG] Buffering 18%
[DBG] control type=35
[DBG] control type=35
[DBG] control type=35
[DBG] control type=35
[DBG] control type=35
[DBG] control type=35
[DBG] control type=35
[DBG] control type=35
[DBG] control type=35
[DBG] Buffering 23%
[DBG] control type=35
[DBG] control type=35
[DBG] control type=35
[DBG] control type=35
[DBG] Buffering 26%
[DBG] control type=35
[DBG] control type=35
[DBG] control type=35
[DBG] Buffering 31%
[DBG] control type=35
[DBG] control type=35
[DBG] control type=35
[DBG] control type=35
[DBG] Buffering 35%
[DBG] control type=35
[DBG] control type=35
[DBG] control type=35
[DBG] control type=35
[DBG] control type=35
[DBG] control type=35
[DBG] control type=35
[DBG] control type=35
[DBG] control type=35
[DBG] control type=35
[DBG] Buffering 50%
[DBG] control type=35
[DBG] control type=35
[DBG] control type=35
[DBG] control type=35
[DBG] control type=35
[DBG] control type=35
[DBG] control type=35
[DBG] Buffering 56%
[DBG] Buffering 59%
[DBG] Buffering 60%
[DBG] control type=35
[DBG] Buffering 63%
[DBG] Buffering 68%
[DBG] control type=35
[DBG] Buffering 73%
[DBG] Received first picture
9:57:10.606 PM [framestep] nextFrameStepped result=0 time=19504 ms
[DBG] control type=35
[DBG] control type=35
[DBG] Buffering 76%
[DBG] Buffering 79%
[DBG] control type=35
[DBG] control type=35
[DBG] Buffering 81%
[DBG] Buffering 85%
[DBG] control type=35
[DBG] control type=35
[DBG] control type=35
[DBG] Stream buffering done (1014 ms in 13 ms)
9:57:10.609 PM [player] buffering 1.0
[DBG] Decoder wait done in 0 ms
[DBG] control type=35
[DBG] control type=35
[DBG] control type=35
[DBG] control type=35
[DBG] control type=35
[DBG] control type=35
[DBG] control type=35
[DBG] control type=35
[ERR] ES_OUT_SET_(GROUP_)PCR  is called 12201 ms late (jitter of 12177 ms ignored)
[DBG] ES_OUT_RESET_PCR called
9:57:10.611 PM [player] buffering 0.0
[DBG] control type=35
[DBG] control type=35
[DBG] control type=35
9:57:10.613 PM [player] buffering 0.0
[DBG] Buffering 0%
[DBG] control type=35
[DBG] control type=35
[DBG] control type=35
[DBG] control type=35
[DBG] control type=35
[DBG] Buffering 3%
[DBG] control type=35
[DBG] control type=35
[DBG] Buffering 8%
[DBG] control type=35
[DBG] control type=35
[DBG] control type=35
[DBG] control type=35
[DBG] Buffering 10%
[DBG] control type=35
[DBG] control type=35
[DBG] control type=35
[DBG] control type=35
[DBG] Buffering 13%
[DBG] control type=35
[DBG] control type=35
[DBG] Buffering 16%
[DBG] control type=35
[DBG] control type=35
[DBG] control type=35
[DBG] control type=35
[DBG] Buffering 20%
[DBG] control type=35
[DBG] control type=35
[DBG] Buffering 21%
[DBG] control type=35
[DBG] control type=35
[DBG] control type=35
[DBG] Buffering 25%
[DBG] control type=35
[DBG] control type=35
[DBG] control type=35
[DBG] control type=35
[DBG] control type=35
[DBG] control type=35
[DBG] control type=35
[DBG] Buffering 39%
[DBG] control type=35
[DBG] control type=35
[DBG] control type=35
[DBG] control type=35
[DBG] Buffering 40%
[DBG] control type=35
[DBG] Buffering 46%
[DBG] Buffering 48%
[DBG] Buffering 50%
[DBG] control type=35
[DBG] Buffering 53%
[DBG] Buffering 58%
[DBG] control type=35
[DBG] Buffering 63%
[DBG] control type=35
[DBG] Buffering 66%
[DBG] Buffering 71%
[DBG] Buffering 75%
[DBG] control type=35
[DBG] control type=35
[DBG] Received first picture
9:57:10.619 PM [framestep] nextFrameStepped result=0 time=19504 ms
[DBG] control type=35
[DBG] control type=35
[DBG] control type=35
[DBG] Buffering 90%
[DBG] control type=35
[DBG] control type=35
[DBG] control type=35
[DBG] control type=35
[DBG] control type=35
[DBG] control type=35
[DBG] Buffering 96%
[DBG] control type=35
9:57:10.627 PM [player] buffering 1.0
[DBG] Stream buffering done (1001 ms in 14 ms)
[DBG] Decoder wait done in 0 ms
[DBG] control type=35
[ERR] ES_OUT_SET_(GROUP_)PCR  is called 12250 ms late (jitter of 12201 ms ignored)
[DBG] ES_OUT_RESET_PCR called
9:57:10.627 PM [player] buffering 0.0
[DBG] control type=35
[DBG] control type=35
[DBG] control type=35
[DBG] control type=35
9:57:10.628 PM [player] buffering 0.0
[DBG] Buffering 0%
[DBG] control type=35
[DBG] control type=35
[DBG] control type=35
[DBG] control type=35
[DBG] Buffering 5%
[DBG] control type=35
[DBG] control type=35
[DBG] control type=35
[DBG] control type=35
[DBG] control type=35
[DBG] control type=35
[DBG] Buffering 8%
[DBG] control type=35
[DBG] control type=35
[DBG] Buffering 10%
[DBG] control type=35
[DBG] control type=35
[DBG] control type=35
[DBG] control type=35
[DBG] control type=35
[DBG] Buffering 13%
[DBG] control type=35
[DBG] control type=35
[DBG] control type=35
[DBG] Buffering 16%
[DBG] control type=35
[DBG] control type=35
[DBG] control type=35
[DBG] control type=35
[DBG] control type=35
[DBG] control type=35
[DBG] control type=35
[DBG] control type=35
[DBG] control type=35
[DBG] control type=35
[DBG] control type=35
[DBG] control type=35
[DBG] control type=35
[DBG] Buffering 33%
[DBG] control type=35
[DBG] control type=35
[DBG] control type=35
[DBG] control type=35
[DBG] Buffering 38%
[DBG] Buffering 41%
[DBG] control type=35
[DBG] Buffering 45%
[DBG] Buffering 50%
[DBG] Buffering 52%
[DBG] control type=35
[DBG] control type=35
[DBG] Buffering 55%
[DBG] Buffering 58%
[DBG] Buffering 62%
[DBG] Received first picture
9:57:10.636 PM [framestep] nextFrameStepped result=0 time=19504 ms
[DBG] Buffering 63%
[DBG] control type=35
[DBG] control type=35
[DBG] Buffering 66%
[DBG] control type=35
[DBG] control type=35
[DBG] control type=35
[DBG] control type=35
[DBG] Buffering 81%
[DBG] control type=35
[DBG] control type=35
[DBG] control type=35
[DBG] control type=35
[DBG] control type=35
[DBG] control type=35
[DBG] Buffering 88%
[DBG] control type=35
[DBG] Buffering 90%
[DBG] control type=35
[DBG] control type=35
[DBG] Buffering 91%
[DBG] control type=35
[DBG] Buffering 95%
[DBG] control type=35
9:57:10.652 PM [player] buffering 1.0
[DBG] Stream buffering done (1001 ms in 24 ms)
[DBG] Decoder wait done in 0 ms
[DBG] control type=35
[DBG] control type=35
[ERR] ES_OUT_SET_(GROUP_)PCR  is called 12258 ms late (jitter of 12250 ms ignored)
[DBG] ES_OUT_RESET_PCR called
9:57:10.652 PM [player] buffering 0.0
[DBG] control type=35
[DBG] control type=35
[DBG] control type=35
[DBG] control type=35
[DBG] control type=35
[DBG] control type=35
[DBG] control type=35
[DBG] control type=35
[DBG] control type=35
[DBG] control type=35
[DBG] control type=35
9:57:10.653 PM [player] buffering 0.0
[DBG] Buffering 0%
[DBG] control type=35
[DBG] control type=35
[DBG] Buffering 5%
[DBG] control type=35
[DBG] control type=35
[DBG] control type=35
[DBG] control type=35
[DBG] Buffering 8%
[DBG] control type=35
[DBG] control type=35
[DBG] control type=35
[DBG] control type=35
[DBG] control type=35
[DBG] control type=35
[DBG] control type=35
[DBG] control type=35
[DBG] control type=35
[DBG] control type=35
[DBG] control type=35
[DBG] control type=35
[DBG] control type=35
[DBG] control type=35
[DBG] Buffering 24%
[DBG] control type=35
[DBG] control type=35
[DBG] control type=35
[DBG] control type=35
[DBG] Buffering 30%
[DBG] Buffering 33%
[DBG] control type=35
[DBG] Received first picture
9:57:10.658 PM [framestep] nextFrameStepped result=0 time=19504 ms
[DBG] Buffering 36%
[DBG] control type=35
[DBG] control type=35
[DBG] control type=35
[DBG] Buffering 41%
[DBG] control type=35
[DBG] Buffering 46%
[DBG] control type=35
[DBG] control type=35
[DBG] Buffering 50%
[DBG] Buffering 52%
[DBG] control type=35
[DBG] control type=35
[DBG] Buffering 55%
[DBG] control type=35
[DBG] control type=35
[DBG] control type=35
[DBG] Buffering 58%
[DBG] control type=35
[DBG] Buffering 72%
[DBG] control type=35
[DBG] control type=35
[DBG] control type=35
[DBG] control type=35
[DBG] control type=35
[DBG] Buffering 73%
[DBG] control type=35
[DBG] Buffering 80%
[DBG] control type=35
[DBG] Buffering 81%
[DBG] control type=35
[DBG] Buffering 83%
[DBG] control type=35
[DBG] Buffering 86%
[DBG] control type=35
[DBG] Buffering 91%
[DBG] control type=35
[DBG] control type=35
[DBG] control type=35
[DBG] Buffering 96%
[DBG] control type=35
[DBG] control type=35
[DBG] Stream buffering done (1001 ms in 12 ms)
9:57:10.665 PM [player] buffering 1.0
[DBG] Decoder wait done in 0 ms
[DBG] control type=35
[ERR] ES_OUT_SET_(GROUP_)PCR  is called 12272 ms late (jitter of 12258 ms ignored)
[DBG] ES_OUT_RESET_PCR called
9:57:10.667 PM [player] buffering 0.0
[DBG] control type=35
[DBG] control type=35
[DBG] control type=35
[DBG] control type=35
9:57:10.667 PM [player] buffering 0.0
[DBG] Buffering 0%
[DBG] control type=35
[DBG] control type=35
[DBG] control type=35
[DBG] control type=35
[DBG] control type=35
[DBG] control type=35
[DBG] control type=35
[DBG] Buffering 14%
[DBG] control type=35
[DBG] control type=35
[DBG] control type=35
[DBG] Buffering 15%
[DBG] control type=35
[DBG] control type=35
[DBG] Buffering 21%
[DBG] Buffering 24%
[DBG] Buffering 25%
[DBG] control type=35
[DBG] Received first picture
9:57:10.671 PM [framestep] nextFrameStepped result=0 time=19504 ms
[DBG] Buffering 28%
[DBG] control type=35
[DBG] control type=35
[DBG] Buffering 33%
[DBG] control type=35
[DBG] control type=35
[DBG] Buffering 38%
[DBG] Buffering 41%
[DBG] control type=35
[DBG] control type=35
[DBG] Buffering 43%
[DBG] control type=35
[DBG] Buffering 46%
[DBG] Buffering 50%
[DBG] control type=35
[DBG] control type=35
[DBG] control type=35
[DBG] control type=35
[DBG] control type=35
[DBG] control type=35
[DBG] control type=35
[DBG] control type=35
[DBG] control type=35
[DBG] control type=35
[DBG] Buffering 66%
[DBG] control type=35
[DBG] control type=35
[DBG] control type=35
[DBG] control type=35
[DBG] control type=35
[DBG] control type=35
[DBG] control type=35
[DBG] Buffering 71%
[DBG] control type=35
[DBG] Buffering 75%
[DBG] control type=35
[DBG] control type=35
[DBG] Buffering 78%
[DBG] control type=35
[DBG] Buffering 83%
[DBG] control type=35
[DBG] Buffering 85%
[DBG] control type=35
[DBG] control type=35
[DBG] Buffering 88%
[DBG] control type=35
[DBG] Buffering 91%
[DBG] control type=35
[DBG] Buffering 94%
[DBG] control type=35
[DBG] control type=35
[DBG] control type=35
[DBG] Buffering 96%
[DBG] control type=35
[DBG] Stream buffering done (1001 ms in 17 ms)
9:57:10.684 PM [player] buffering 1.0
[DBG] Decoder wait done in 0 ms
[DBG] control type=35
[DBG] control type=35
[DBG] control type=35
[DBG] control type=35
[DBG] control type=35
[ERR] ES_OUT_SET_(GROUP_)PCR  is called 12204 ms late (jitter of 12258 ms ignored)
[DBG] ES_OUT_RESET_PCR called
9:57:10.687 PM [player] buffering 0.0
[DBG] control type=35
[DBG] control type=35
[DBG] control type=35
[DBG] control type=35
[DBG] control type=35
[DBG] control type=35
[DBG] control type=35
[DBG] control type=35
[DBG] control type=35
[DBG] control type=35
[DBG] control type=35
[DBG] control type=35
[DBG] Buffering 0%
9:57:10.688 PM [player] buffering 0.0
[DBG] control type=35
[DBG] control type=35
[DBG] control type=35
[DBG] control type=35
[DBG] Buffering 6%
[DBG] control type=35
[DBG] control type=35
[DBG] control type=35
[DBG] Buffering 8%
[DBG] control type=35
[DBG] control type=35
[DBG] control type=35
[DBG] control type=35
[DBG] Buffering 9%
[DBG] control type=35
[DBG] control type=35
[DBG] control type=35
[DBG] Buffering 13%
[DBG] control type=35
[DBG] Buffering 18%
[DBG] control type=35
[DBG] control type=35
[DBG] control type=35
[DBG] control type=35
[DBG] control type=35
[DBG] control type=35
[DBG] control type=35
[DBG] Buffering 23%
[DBG] control type=35
[DBG] control type=35
[DBG] control type=35
[DBG] control type=35
[DBG] control type=35
[DBG] control type=35
[DBG] control type=35
[DBG] Buffering 26%
[DBG] control type=35
[DBG] control type=35
[DBG] Buffering 31%
[DBG] control type=35
[DBG] control type=35
[DBG] control type=35
[DBG] control type=35
[DBG] Buffering 35%
[DBG] control type=35
[DBG] control type=35
[DBG] control type=35
[DBG] control type=35
[DBG] control type=35
[DBG] control type=35
[DBG] control type=35
[DBG] control type=35
[DBG] control type=35
[DBG] control type=35
[DBG] control type=35
[DBG] Buffering 50%
[DBG] control type=35
[DBG] control type=35
[DBG] control type=35
[DBG] control type=35
[DBG] control type=35
[DBG] Buffering 56%
[DBG] Buffering 59%
[DBG] control type=35
[DBG] Buffering 60%
[DBG] Buffering 63%
[DBG] Buffering 68%
[DBG] control type=35
[DBG] control type=35
[DBG] control type=35
[DBG] control type=35
[DBG] Buffering 73%
[DBG] Received first picture
[DBG] Buffering 76%
9:57:10.696 PM [framestep] nextFrameStepped result=0 time=19504 ms
[DBG] Buffering 78%
[DBG] control type=35
[DBG] control type=35
[DBG] Buffering 81%
[DBG] control type=35
[DBG] control type=35
[DBG] Buffering 85%
[DBG] control type=35
[DBG] control type=35
[DBG] control type=35
[DBG] control type=35
[DBG] Stream buffering done (1012 ms in 10 ms)
9:57:10.698 PM [player] buffering 1.0
[DBG] Decoder wait done in 0 ms
[DBG] control type=35
[DBG] control type=35
[DBG] control type=35
[DBG] control type=35
[DBG] control type=35
[DBG] control type=35
[ERR] ES_OUT_SET_(GROUP_)PCR  is called 12290 ms late (jitter of 12272 ms ignored)
[DBG] ES_OUT_RESET_PCR called
9:57:10.700 PM [player] buffering 0.0
[DBG] control type=35
[DBG] control type=35
[DBG] control type=35
[DBG] control type=35
[DBG] control type=35
[DBG] control type=35
[DBG] Buffering 0%
9:57:10.700 PM [player] buffering 0.0
[DBG] control type=35
[DBG] control type=35
[DBG] control type=35
[DBG] control type=35
[DBG] control type=35
[DBG] Buffering 3%
[DBG] control type=35
[DBG] control type=35
[DBG] Buffering 8%
[DBG] control type=35
[DBG] control type=35
[DBG] control type=35
[DBG] control type=35
[DBG] Buffering 10%
[DBG] control type=35
[DBG] control type=35
[DBG] control type=35
[DBG] control type=35
[DBG] Buffering 13%
[DBG] control type=35
[DBG] Buffering 16%
[DBG] control type=35
[DBG] control type=35
[DBG] control type=35
[DBG] control type=35
[DBG] control type=35
[DBG] Buffering 20%
[DBG] control type=35
[DBG] control type=35
[DBG] control type=35
[DBG] control type=35
[DBG] Buffering 21%
[DBG] control type=35
[DBG] control type=35
[DBG] control type=35
[DBG] control type=35
[DBG] control type=35
[DBG] Buffering 25%
[DBG] control type=35
[DBG] control type=35
[DBG] control type=35
[DBG] control type=35
[DBG] Buffering 39%
[DBG] control type=35
[DBG] control type=35
[DBG] control type=35
[DBG] control type=35
[DBG] control type=35
[DBG] control type=35
[DBG] control type=35
[DBG] Buffering 40%
[DBG] control type=35
[DBG] Buffering 46%
[DBG] Buffering 48%
[DBG] control type=35
[DBG] control type=35
[DBG] Buffering 50%
[DBG] Received first picture
[DBG] Buffering 53%
9:57:10.715 PM [framestep] nextFrameStepped result=0 time=19504 ms
[DBG] control type=35
[DBG] control type=35
[DBG] control type=35
[DBG] Buffering 58%
[DBG] control type=35
[DBG] control type=35
[DBG] Buffering 63%
[DBG] control type=35
[DBG] control type=35
[DBG] control type=35
[DBG] control type=35
[DBG] Buffering 66%
[DBG] control type=35
[DBG] Buffering 71%
[DBG] control type=35
[DBG] Buffering 75%
[DBG] control type=35
[DBG] control type=35
[DBG] control type=35
[DBG] control type=35
[DBG] control type=35
[DBG] control type=35
[DBG] Buffering 90%
[DBG] control type=35
[DBG] control type=35
[DBG] control type=35
[DBG] control type=35
[DBG] control type=35
[DBG] control type=35
[DBG] Buffering 96%
[DBG] control type=35
[DBG] Stream buffering done (1000 ms in 23 ms)
9:57:10.724 PM [player] buffering 1.0
[DBG] Decoder wait done in 0 ms
[DBG] control type=35
[DBG] control type=35
[ERR] ES_OUT_SET_(GROUP_)PCR  is called 12380 ms late (jitter of 12290 ms ignored)
[DBG] ES_OUT_RESET_PCR called
9:57:10.724 PM [player] buffering 0.0
[DBG] control type=35
[DBG] control type=35
[DBG] control type=35
[DBG] control type=35
[DBG] control type=35
[DBG] Buffering 0%
9:57:10.724 PM [player] buffering 0.0
[DBG] control type=35
[DBG] Buffering 5%
[DBG] control type=35
[DBG] control type=35
[DBG] control type=35
[DBG] control type=35
[DBG] control type=35
[DBG] control type=35
[DBG] control type=35
[DBG] control type=35
[DBG] Buffering 10%
[DBG] control type=35
[DBG] control type=35
[DBG] control type=35
[DBG] control type=35
[DBG] Buffering 13%
[DBG] control type=35
[DBG] control type=35
[DBG] control type=35
[DBG] control type=35
[DBG] Buffering 15%
[DBG] control type=35
[DBG] control type=35
[DBG] control type=35
[DBG] control type=35
[DBG] Buffering 18%
[DBG] control type=35
[DBG] control type=35
[DBG] Buffering 21%
[DBG] control type=35
[DBG] control type=35
[DBG] control type=35
[DBG] control type=35
[DBG] control type=35
[DBG] control type=35
[DBG] Buffering 38%
[DBG] control type=35
[DBG] control type=35
[DBG] control type=35
[DBG] control type=35
[DBG] control type=35
[DBG] control type=35
[DBG] control type=35
[DBG] control type=35
[DBG] Buffering 43%
[DBG] Buffering 46%
[DBG] control type=35
[DBG] control type=35
[DBG] control type=35
[DBG] Buffering 50%
[DBG] control type=35
[DBG] control type=35
[DBG] Buffering 55%
[DBG] Received first picture
9:57:10.732 PM [framestep] nextFrameStepped result=0 time=19504 ms
[DBG] Buffering 57%
[DBG] control type=35
[DBG] control type=35
[DBG] control type=35
[DBG] Buffering 60%
[DBG] control type=35
[DBG] Buffering 63%
[DBG] Buffering 66%
[DBG] control type=35
[DBG] control type=35
[DBG] control type=35
[DBG] Buffering 68%
[DBG] control type=35
[DBG] control type=35
[DBG] control type=35
[DBG] Buffering 71%
[DBG] control type=35
[DBG] control type=35
[DBG] Buffering 86%
[DBG] control type=35
[DBG] control type=35
[DBG] control type=35
[DBG] control type=35
[DBG] control type=35
[DBG] control type=35
[DBG] control type=35
[DBG] control type=35
[DBG] control type=35
[DBG] Buffering 93%
[DBG] control type=35
[DBG] Buffering 95%
[DBG] control type=35
[DBG] Buffering 96%
[DBG] control type=35
9:57:10.741 PM [player] buffering 1.0
[DBG] Stream buffering done (1001 ms in 16 ms)
[DBG] Decoder wait done in 0 ms
[DBG] control type=35
[ERR] ES_OUT_SET_(GROUP_)PCR  is called 12347 ms late (jitter of 12347 ms ignored)
[DBG] ES_OUT_RESET_PCR called
9:57:10.741 PM [player] buffering 0.0
[DBG] control type=35
[DBG] control type=35
[DBG] control type=35
[DBG] control type=35
[DBG] control type=35
[DBG] control type=35
[DBG] control type=35
[DBG] Buffering 0%
9:57:10.742 PM [player] buffering 0.0
[DBG] control type=35
[DBG] control type=35
[DBG] control type=35
[DBG] control type=35
[DBG] control type=35
[DBG] control type=35
[DBG] control type=35
[DBG] Buffering 3%
[DBG] control type=35
[DBG] control type=35
[DBG] control type=35
[DBG] control type=35
[DBG] Buffering 8%
[DBG] control type=35
[DBG] control type=35
[DBG] control type=35
[DBG] control type=35
[DBG] control type=35
[DBG] control type=35
[DBG] control type=35
[DBG] Buffering 11%
[DBG] control type=35
[DBG] control type=35
[DBG] control type=35
[DBG] control type=35
[DBG] control type=35
[DBG] control type=35
[DBG] control type=35
[DBG] control type=35
[DBG] control type=35
[DBG] control type=35
[DBG] control type=35
[DBG] control type=35
[DBG] control type=35
[DBG] control type=35
[DBG] control type=35
[DBG] control type=35
[DBG] Buffering 27%
[DBG] control type=35
[DBG] control type=35
[DBG] control type=35
[DBG] control type=35
[DBG] control type=35
[DBG] control type=35
[DBG] Buffering 33%
[DBG] Buffering 36%
[DBG] control type=35
[DBG] Buffering 40%
[DBG] Buffering 45%
[DBG] control type=35
[DBG] control type=35
[DBG] Buffering 50%
[DBG] Received first picture
9:57:10.751 PM [framestep] nextFrameStepped result=0 time=19504 ms
[DBG] Buffering 53%
[DBG] control type=35
[DBG] Buffering 56%
[DBG] control type=35
[DBG] control type=35
[DBG] Buffering 58%
[DBG] control type=35
[DBG] Buffering 61%
[DBG] control type=35
[DBG] control type=35
[DBG] control type=35
[DBG] control type=35
[DBG] control type=35
[DBG] control type=35
[DBG] Buffering 75%
[DBG] control type=35
[DBG] control type=35
[DBG] control type=35
[DBG] control type=35
[DBG] control type=35
[DBG] Buffering 76%
[DBG] control type=35
[DBG] Buffering 83%
[DBG] control type=35
[DBG] control type=35
[DBG] Buffering 84%
[DBG] control type=35
[DBG] Buffering 86%
[DBG] control type=35
[DBG] Buffering 90%
[DBG] control type=35
[DBG] Buffering 94%
[DBG] control type=35
[DBG] Buffering 95%
[DBG] control type=35
[DBG] Stream buffering done (1001 ms in 20 ms)
9:57:10.762 PM [player] buffering 1.0
[DBG] Decoder wait done in 0 ms
[DBG] control type=35
[DBG] control type=35
[ERR] ES_OUT_SET_(GROUP_)PCR  is called 12390 ms late (jitter of 12380 ms ignored)
[DBG] ES_OUT_RESET_PCR called
9:57:10.767 PM [player] buffering 0.0
[DBG] control type=35
[DBG] control type=35
[DBG] control type=35
[DBG] control type=35
[DBG] Buffering 0%
9:57:10.767 PM [player] buffering 0.0
[DBG] control type=35
[DBG] control type=35
[DBG] control type=35
[DBG] Buffering 3%
[DBG] control type=35
[DBG] control type=35
[DBG] control type=35
[DBG] control type=35
[DBG] control type=35
[DBG] control type=35
[DBG] control type=35
[DBG] control type=35
[DBG] control type=35
[DBG] control type=35
[DBG] Buffering 18%
[DBG] control type=35
[DBG] control type=35
[DBG] control type=35
[DBG] control type=35
[DBG] control type=35
[DBG] control type=35
[DBG] Buffering 25%
[DBG] Buffering 27%
[DBG] control type=35
[DBG] Buffering 28%
[DBG] control type=35
[DBG] Received first picture
9:57:10.772 PM [framestep] nextFrameStepped result=0 time=19504 ms
[DBG] Buffering 31%
[DBG] control type=35
[DBG] Buffering 36%
[DBG] control type=35
[DBG] control type=35
[DBG] control type=35
[DBG] Buffering 41%
[DBG] control type=35
[DBG] Buffering 45%
[DBG] control type=35
[DBG] control type=35
[DBG] Buffering 50%
[DBG] control type=35
[DBG] control type=35
[DBG] Buffering 53%
[DBG] control type=35
[DBG] control type=35
[DBG] control type=35
[DBG] Buffering 69%
[DBG] control type=35
[DBG] control type=35
[DBG] control type=35
[DBG] control type=35
[DBG] control type=35
[DBG] control type=35
[DBG] Buffering 75%
[DBG] control type=35
[DBG] control type=35
[DBG] control type=35
[DBG] Buffering 78%
[DBG] control type=35
[DBG] Buffering 81%
[DBG] control type=35
[DBG] control type=35
[DBG] Buffering 86%
[DBG] control type=35
[DBG] control type=35
[DBG] Buffering 91%
[DBG] control type=35
[DBG] Buffering 95%
[DBG] control type=35
[DBG] control type=35
[DBG] Buffering 98%
[DBG] control type=35
[DBG] Stream buffering done (1001 ms in 15 ms)
9:57:10.783 PM [player] buffering 1.0
[DBG] Decoder wait done in 0 ms
[ERR] ES_OUT_SET_(GROUP_)PCR  is called 12405 ms late (jitter of 12390 ms ignored)
[DBG] ES_OUT_RESET_PCR called
9:57:10.783 PM [player] buffering 0.0
[DBG] control type=35
[DBG] control type=35
[DBG] control type=35
[DBG] control type=35
[DBG] control type=35
[DBG] control type=35
[DBG] control type=35
[DBG] control type=35
[DBG] Buffering 0%
9:57:10.786 PM [player] buffering 0.0
[DBG] control type=35
[DBG] control type=35
[DBG] control type=35
[DBG] control type=35
[DBG] Buffering 1%
[DBG] control type=35
[DBG] control type=35
[DBG] control type=35
[DBG] control type=35
[DBG] Buffering 7%
[DBG] control type=35
[DBG] Buffering 9%
[DBG] control type=35
[DBG] control type=35
[DBG] Buffering 11%
[DBG] Received first picture
9:57:10.789 PM [framestep] nextFrameStepped result=0 time=19504 ms
[DBG] Buffering 14%
[DBG] control type=35
[DBG] control type=35
[DBG] control type=35
[DBG] Buffering 19%
[DBG] control type=35
[DBG] control type=35
[DBG] Buffering 24%
[DBG] control type=35
[DBG] control type=35
[DBG] Buffering 27%
[DBG] control type=35
[DBG] control type=35
[DBG] Buffering 33%
[DBG] Buffering 36%
[DBG] control type=35
[DBG] control type=35
[DBG] control type=35
[DBG] control type=35
[DBG] control type=35
[DBG] control type=35
[DBG] control type=35
[DBG] control type=35
[DBG] control type=35
[DBG] control type=35
[DBG] Buffering 51%
[DBG] control type=35
[DBG] control type=35
[DBG] control type=35
[DBG] control type=35
[DBG] control type=35
[DBG] Buffering 57%
[DBG] Buffering 60%
[DBG] control type=35
[DBG] control type=35
[DBG] Buffering 61%
[DBG] control type=35
[DBG] Buffering 64%
[DBG] control type=35
[DBG] Buffering 69%
[DBG] control type=35
[DBG] control type=35
[DBG] Buffering 74%
[DBG] control type=35
[DBG] Buffering 78%
[DBG] control type=35
[DBG] Buffering 80%
[DBG] control type=35
[DBG] Buffering 83%
[DBG] control type=35
[DBG] Buffering 86%
[DBG] control type=35
[DBG] control type=35
[DBG] control type=35
[DBG] control type=35
[DBG] control type=35
[DBG] Stream buffering done (1024 ms in 18 ms)
9:57:10.804 PM [player] buffering 1.0
[DBG] Decoder wait done in 0 ms
[DBG] control type=35
[DBG] control type=35
[DBG] control type=35
[DBG] control type=35
[DBG] control type=35
[ERR] ES_OUT_SET_(GROUP_)PCR  is called 12383 ms late (jitter of 12390 ms ignored)
[DBG] ES_OUT_RESET_PCR called
9:57:10.806 PM [player] buffering 0.0
[DBG] control type=35
[DBG] control type=35
[DBG] control type=35
[DBG] control type=35
[DBG] control type=35
[DBG] Buffering 0%
9:57:10.806 PM [player] buffering 0.0
[DBG] control type=35
[DBG] control type=35
[DBG] control type=35
[DBG] control type=35
[DBG] control type=35
[DBG] control type=35
[DBG] control type=35
[DBG] control type=35
[DBG] control type=35
[DBG] Buffering 3%
[DBG] control type=35
[DBG] control type=35
[DBG] Buffering 8%
[DBG] control type=35
[DBG] control type=35
[DBG] control type=35
[DBG] control type=35
[DBG] Buffering 10%
[DBG] control type=35
[DBG] control type=35
[DBG] control type=35
[DBG] Buffering 13%
[DBG] control type=35
[DBG] control type=35
[DBG] control type=35
[DBG] control type=35
[DBG] control type=35
[DBG] control type=35
[DBG] Buffering 16%
[DBG] control type=35
[DBG] control type=35
[DBG] Buffering 19%
[DBG] control type=35
[DBG] control type=35
[DBG] control type=35
[DBG] Buffering 21%
[DBG] control type=35
[DBG] control type=35
[DBG] control type=35
[DBG] Buffering 25%
[DBG] control type=35
[DBG] control type=35
[DBG] control type=35
[DBG] control type=35
[DBG] control type=35
[DBG] control type=35
[DBG] control type=35
[DBG] control type=35
[DBG] control type=35
[DBG] control type=35
[DBG] control type=35
[DBG] control type=35
[DBG] control type=35
[DBG] control type=35
[DBG] control type=35
[DBG] control type=35
[DBG] control type=35
[DBG] Buffering 39%
[DBG] control type=35
[DBG] control type=35
[DBG] control type=35
[DBG] control type=35
[DBG] Buffering 40%
[DBG] control type=35
[DBG] Buffering 46%
[DBG] Buffering 48%
[DBG] Buffering 50%
[DBG] control type=35
[DBG] Buffering 53%
[DBG] Buffering 58%
[DBG] control type=35
[DBG] Buffering 63%
[DBG] control type=35
[DBG] Received first picture
9:57:10.816 PM [framestep] nextFrameStepped result=0 time=19504 ms
[DBG] control type=35
[DBG] Buffering 66%
[DBG] control type=35
[DBG] control type=35
[DBG] control type=35
[DBG] Buffering 71%
[DBG] control type=35
[DBG] Buffering 75%
[DBG] control type=35
[DBG] control type=35
[DBG] control type=35
[DBG] control type=35
[DBG] control type=35
[DBG] control type=35
[DBG] control type=35
[DBG] control type=35
[DBG] Buffering 90%
[DBG] control type=35
[DBG] control type=35
[DBG] control type=35
[DBG] control type=35
[DBG] control type=35
[DBG] Buffering 96%
[DBG] control type=35
[DBG] Buffering 99%
[DBG] Stream buffering done (1001 ms in 17 ms)
9:57:10.824 PM [player] buffering 1.0
[DBG] Decoder wait done in 0 ms
[DBG] control type=35
[DBG] control type=35
[DBG] control type=35
[ERR] ES_OUT_SET_(GROUP_)PCR  is called 12447 ms late (jitter of 12405 ms ignored)
[DBG] ES_OUT_RESET_PCR called
9:57:10.824 PM [player] buffering 0.0
[DBG] control type=35
[DBG] control type=35
[DBG] control type=35
[DBG] Buffering 0%
9:57:10.825 PM [player] buffering 0.0
[DBG] control type=35
[DBG] control type=35
[DBG] control type=35
[DBG] control type=35
[DBG] control type=35
[DBG] Buffering 5%
[DBG] control type=35
[DBG] control type=35
[DBG] control type=35
[DBG] control type=35
[DBG] control type=35
[DBG] control type=35
[DBG] control type=35
[DBG] control type=35
[DBG] Buffering 8%
[DBG] control type=35
[DBG] control type=35
[DBG] Buffering 10%
[DBG] control type=35
[DBG] control type=35
[DBG] control type=35
[DBG] control type=35
[DBG] control type=35
[DBG] Buffering 13%
[DBG] control type=35
[DBG] control type=35
[DBG] Buffering 16%
[DBG] control type=35
[DBG] control type=35
[DBG] control type=35
[DBG] control type=35
[DBG] control type=35
[DBG] control type=35
[DBG] control type=35
[DBG] control type=35
[DBG] control type=35
[DBG] control type=35
[DBG] control type=35
[DBG] Buffering 33%
[DBG] control type=35
[DBG] control type=35
[DBG] control type=35
[DBG] control type=35
[DBG] control type=35
[DBG] control type=35
[DBG] Buffering 38%
[DBG] Buffering 41%
[DBG] control type=35
[DBG] control type=35
[DBG] control type=35
[DBG] Buffering 45%
[DBG] Received first picture
9:57:10.834 PM [framestep] nextFrameStepped result=0 time=19504 ms
[DBG] Buffering 50%
[DBG] control type=35
[DBG] control type=35
[DBG] control type=35
[DBG] Buffering 52%
[DBG] control type=35
[DBG] control type=35
[DBG] Buffering 55%
[DBG] control type=35
[DBG] Buffering 58%
[DBG] control type=35
[DBG] Buffering 61%
[DBG] control type=35
[DBG] Buffering 63%
[DBG] control type=35
[DBG] control type=35
[DBG] Buffering 66%
[DBG] control type=35
[DBG] control type=35
[DBG] control type=35
[DBG] control type=35
[DBG] control type=35
[DBG] Buffering 81%
[DBG] control type=35
[DBG] control type=35
[DBG] control type=35
[DBG] control type=35
[DBG] control type=35
[DBG] control type=35
[DBG] control type=35
[DBG] control type=35
[DBG] control type=35
[DBG] control type=35
[DBG] Buffering 88%
[DBG] control type=35
[DBG] control type=35
[DBG] Buffering 90%
[DBG] control type=35
[DBG] Buffering 91%
[DBG] control type=35
[DBG] Buffering 95%
[DBG] control type=35
[DBG] Stream buffering done (1001 ms in 17 ms)
9:57:10.842 PM [player] buffering 1.0
[DBG] Decoder wait done in 0 ms
[DBG] control type=35
[DBG] control type=35
[ERR] ES_OUT_SET_(GROUP_)PCR  is called 12450 ms late (jitter of 12447 ms ignored)
[DBG] ES_OUT_RESET_PCR called
9:57:10.844 PM [player] buffering 0.0
[DBG] control type=35
[DBG] control type=35
[DBG] control type=35
[DBG] control type=35
[DBG] control type=35
[DBG] control type=35
[DBG] Buffering 0%
9:57:10.844 PM [player] buffering 0.0
[DBG] control type=35
[DBG] control type=35
[DBG] control type=35
[DBG] Buffering 5%
[DBG] control type=35
[DBG] control type=35
[DBG] control type=35
[DBG] control type=35
[DBG] Buffering 8%
[DBG] control type=35
[DBG] control type=35
[DBG] control type=35
[DBG] control type=35
[DBG] control type=35
[DBG] control type=35
[DBG] control type=35
[DBG] control type=35
[DBG] control type=35
[DBG] control type=35
[DBG] control type=35
[DBG] control type=35
[DBG] Buffering 23%
[DBG] control type=35
[DBG] control type=35
[DBG] control type=35
[DBG] control type=35
[DBG] control type=35
[DBG] control type=35
[DBG] Buffering 30%
[DBG] control type=35
[DBG] control type=35
[DBG] Buffering 33%
[DBG] control type=35
[DBG] Buffering 36%
[DBG] Received first picture
9:57:10.851 PM [framestep] nextFrameStepped result=0 time=19504 ms
[DBG] Buffering 41%
[DBG] control type=35
[DBG] control type=35
[DBG] control type=35
[DBG] Buffering 46%
[DBG] control type=35
[DBG] Buffering 50%
[DBG] control type=35
[DBG] control type=35
[DBG] control type=35
[DBG] Buffering 52%
[DBG] control type=35
[DBG] Buffering 55%
[DBG] Buffering 58%
[DBG] control type=35
[DBG] control type=35
[DBG] control type=35
[DBG] control type=35
[DBG] control type=35
[DBG] control type=35
[DBG] control type=35
[DBG] control type=35
[DBG] Buffering 74%
[DBG] control type=35
[DBG] control type=35
[DBG] control type=35
[DBG] control type=35
[DBG] control type=35
[DBG] control type=35
[DBG] Buffering 80%
[DBG] control type=35
[DBG] Buffering 83%
[DBG] control type=35
[DBG] control type=35
[DBG] Buffering 86%
[DBG] control type=35
[DBG] control type=35
[DBG] Buffering 91%
[DBG] control type=35
[DBG] Buffering 94%
[DBG] control type=35
[DBG] Buffering 96%
9:57:10.865 PM [player] buffering 1.0
[DBG] Stream buffering done (1001 ms in 21 ms)
[DBG] Decoder wait done in 0 ms
[DBG] control type=35
[DBG] control type=35
[DBG] control type=35
[ERR] ES_OUT_SET_(GROUP_)PCR  is called 12485 ms late (jitter of 12450 ms ignored)
[DBG] ES_OUT_RESET_PCR called
9:57:10.866 PM [player] buffering 0.0
[DBG] control type=35
[DBG] control type=35
[DBG] control type=35
[DBG] Buffering 0%
9:57:10.866 PM [player] buffering 0.0
[DBG] control type=35
[DBG] control type=35
[DBG] control type=35
[DBG] Buffering 3%
[DBG] control type=35
[DBG] control type=35
[DBG] control type=35
[DBG] control type=35
[DBG] control type=35
[DBG] control type=35
[DBG] control type=35
[DBG] control type=35
[DBG] control type=35
[DBG] control type=35
[DBG] control type=35
[DBG] control type=35
[DBG] control type=35
[DBG] control type=35
[DBG] control type=35
[DBG] Buffering 17%
[DBG] control type=35
[DBG] control type=35
[DBG] control type=35
[DBG] control type=35
[DBG] control type=35
[DBG] Buffering 18%
[DBG] Buffering 25%
[DBG] Buffering 27%
[DBG] Buffering 28%
[DBG] control type=35
[DBG] control type=35
[DBG] Buffering 31%
[DBG] Buffering 36%
[DBG] control type=35
[DBG] control type=35
[DBG] Buffering 41%
[DBG] control type=35
[DBG] control type=35
[DBG] Received first picture
9:57:10.872 PM [framestep] nextFrameStepped result=0 time=19504 ms
[DBG] control type=35
[DBG] control type=35
[DBG] Buffering 45%
[DBG] Buffering 50%
[DBG] control type=35
[DBG] control type=35
[DBG] Buffering 53%
[DBG] control type=35
[DBG] control type=35
[DBG] control type=35
[DBG] control type=35
[DBG] control type=35
[DBG] control type=35
[DBG] control type=35
[DBG] control type=35
[DBG] Buffering 69%
[DBG] control type=35
[DBG] control type=35
[DBG] control type=35
[DBG] control type=35
[DBG] control type=35
[DBG] control type=35
[DBG] control type=35
[DBG] Buffering 75%
[DBG] control type=35
[DBG] Buffering 78%
[DBG] control type=35
[DBG] control type=35
[DBG] Buffering 81%
[DBG] Buffering 86%
[DBG] control type=35
[DBG] control type=35
[DBG] control type=35
[DBG] control type=35
[DBG] control type=35
[DBG] Buffering 91%
[DBG] control type=35
[DBG] Buffering 95%
[DBG] control type=35
[DBG] Buffering 97%
[DBG] control type=35
[DBG] control type=35
[DBG] Stream buffering done (1001 ms in 18 ms)
9:57:10.884 PM [player] buffering 1.0
[DBG] Decoder wait done in 0 ms
[DBG] control type=35
[ERR] ES_OUT_SET_(GROUP_)PCR  is called 12509 ms late (jitter of 12485 ms ignored)
[DBG] ES_OUT_RESET_PCR called
9:57:10.885 PM [player] buffering 0.0
[DBG] control type=35
[DBG] control type=35
[DBG] control type=35
[DBG] control type=35
[DBG] control type=35
[DBG] control type=35
[DBG] control type=35
[DBG] control type=35
[DBG] control type=35
[DBG] Buffering 0%
9:57:10.887 PM [player] buffering 0.0
[DBG] control type=35
[DBG] control type=35
[DBG] control type=35
[DBG] control type=35
[DBG] control type=35
[DBG] Buffering 1%
[DBG] control type=35
[DBG] control type=35
[DBG] control type=35
[DBG] Buffering 8%
[DBG] control type=35
[DBG] control type=35
[DBG] control type=35
[DBG] Buffering 9%
[DBG] control type=35
[DBG] control type=35
[DBG] Buffering 11%
[DBG] Buffering 14%
[DBG] Received first picture
[DBG] Buffering 19%
9:57:10.893 PM [framestep] nextFrameStepped result=0 time=19504 ms
[DBG] control type=35
[DBG] control type=35
[DBG] control type=35
[DBG] Buffering 24%
[DBG] control type=35
[DBG] control type=35
[DBG] control type=35
[DBG] Buffering 28%
[DBG] Buffering 33%
[DBG] control type=35
[DBG] control type=35
[DBG] Buffering 36%
[DBG] control type=35
[DBG] control type=35
[DBG] control type=35
[DBG] control type=35
[DBG] control type=35
[DBG] Buffering 51%
[DBG] control type=35
[DBG] control type=35
[DBG] control type=35
[DBG] control type=35
[DBG] Buffering 58%
[DBG] control type=35
[DBG] control type=35
[DBG] Buffering 60%
[DBG] control type=35
[DBG] Buffering 61%
[DBG] control type=35
[DBG] Buffering 64%
[DBG] control type=35
[DBG] control type=35
[DBG] Buffering 69%
[DBG] control type=35
[DBG] control type=35
[DBG] Buffering 74%
[DBG] control type=35
[DBG] control type=35
[DBG] Buffering 78%
[DBG] control type=35
[DBG] Buffering 80%
[DBG] control type=35
[DBG] Buffering 83%
[DBG] Buffering 86%
[DBG] control type=35
[DBG] control type=35
[DBG] control type=35
[DBG] control type=35
[DBG] control type=35
[DBG] control type=35
[DBG] control type=35
[DBG] control type=35
9:57:10.903 PM [player] buffering 1.0
[DBG] Stream buffering done (1024 ms in 15 ms)
[DBG] Decoder wait done in 0 ms
[DBG] control type=35
[DBG] control type=35
[DBG] control type=35
[DBG] control type=35
[ERR] ES_OUT_SET_(GROUP_)PCR  is called 12480 ms late (jitter of 12485 ms ignored)
[DBG] ES_OUT_RESET_PCR called
9:57:10.905 PM [player] buffering 0.0
[DBG] control type=35
[DBG] control type=35
[DBG] control type=35
[DBG] control type=35
[DBG] Buffering 0%
9:57:10.907 PM [player] buffering 0.0
[DBG] control type=35
[DBG] control type=35
[DBG] control type=35
[DBG] control type=35
[DBG] control type=35
[DBG] control type=35
[DBG] Buffering 3%
[DBG] control type=35
[DBG] control type=35
[DBG] control type=35
[DBG] Buffering 8%
[DBG] control type=35
[DBG] control type=35
[DBG] control type=35
[DBG] control type=35
[DBG] control type=35
[DBG] control type=35
[DBG] control type=35
[DBG] control type=35
[DBG] control type=35
[DBG] Buffering 13%
[DBG] control type=35
[DBG] control type=35
[DBG] control type=35
[DBG] control type=35
[DBG] control type=35
[DBG] control type=35
[DBG] Buffering 16%
[DBG] control type=35
[DBG] control type=35
[DBG] Buffering 19%
[DBG] control type=35
[DBG] control type=35
[DBG] control type=35
[DBG] control type=35
[DBG] Buffering 21%
[DBG] control type=35
[DBG] control type=35
[DBG] control type=35
[DBG] control type=35
[DBG] control type=35
[DBG] Buffering 25%
[DBG] control type=35
[DBG] control type=35
[DBG] control type=35
[DBG] control type=35
[DBG] control type=35
[DBG] control type=35
[DBG] control type=35
[DBG] control type=35
[DBG] control type=35
[DBG] control type=35
[DBG] control type=35
[DBG] control type=35
[DBG] Buffering 38%
[DBG] control type=35
[DBG] control type=35
[DBG] control type=35
[DBG] control type=35
[DBG] control type=35
[DBG] control type=35
[DBG] Buffering 40%
[DBG] Buffering 46%
[DBG] Buffering 48%
[DBG] control type=35
[DBG] Buffering 50%
[DBG] Buffering 53%
[DBG] Received first picture
9:57:10.916 PM [framestep] nextFrameStepped result=0 time=19504 ms
[DBG] Buffering 58%
[DBG] control type=35
[DBG] control type=35
[DBG] Buffering 63%
[DBG] control type=35
[DBG] control type=35
[DBG] Buffering 66%
[DBG] control type=35
[DBG] control type=35
[DBG] control type=35
[DBG] Buffering 71%
[DBG] control type=35
[DBG] control type=35
[DBG] control type=35
[DBG] Buffering 75%
[DBG] control type=35
[DBG] control type=35
[DBG] Buffering 90%
[DBG] control type=35
[DBG] control type=35
[DBG] control type=35
[DBG] control type=35
[DBG] control type=35
[DBG] control type=35
[DBG] control type=35
[DBG] control type=35
[DBG] Buffering 96%
[DBG] control type=35
[DBG] control type=35
[DBG] Buffering 99%
[DBG] control type=35
[DBG] control type=35
[DBG] control type=35
[DBG] Stream buffering done (1001 ms in 18 ms)
9:57:10.925 PM [player] buffering 1.0
[DBG] Decoder wait done in 0 ms
[DBG] control type=35
[ERR] ES_OUT_SET_(GROUP_)PCR  is called 12549 ms late (jitter of 12509 ms ignored)
[DBG] ES_OUT_RESET_PCR called
9:57:10.926 PM [player] buffering 0.0
[DBG] control type=35
[DBG] control type=35
[DBG] control type=35
[DBG] Buffering 0%
9:57:10.926 PM [player] buffering 0.0
[DBG] control type=35
[DBG] control type=35
[DBG] control type=35
[DBG] control type=35
[DBG] control type=35
[DBG] control type=35
[DBG] Buffering 5%
[DBG] control type=35
[DBG] control type=35
[DBG] control type=35
[DBG] control type=35
[DBG] control type=35
[DBG] Buffering 8%
[DBG] control type=35
[DBG] control type=35
[DBG] Buffering 10%
[DBG] control type=35
[DBG] control type=35
[DBG] control type=35
[DBG] control type=35
[DBG] Buffering 13%
[DBG] control type=35
[DBG] Buffering 16%
[DBG] control type=35
[DBG] control type=35
[DBG] control type=35
[DBG] control type=35
[DBG] control type=35
[DBG] control type=35
[DBG] control type=35
[DBG] control type=35
[DBG] control type=35
[DBG] control type=35
[DBG] control type=35
[DBG] control type=35
[DBG] control type=35
[DBG] control type=35
[DBG] Buffering 32%
[DBG] control type=35
[DBG] control type=35
[DBG] control type=35
[DBG] control type=35
[DBG] control type=35
[DBG] control type=35
[DBG] control type=35
[DBG] Buffering 38%
[DBG] control type=35
[DBG] Buffering 41%
[DBG] control type=35
[DBG] Buffering 45%
[DBG] Buffering 50%
[DBG] Buffering 52%
[DBG] control type=35
[DBG] control type=35
[DBG] Buffering 55%
[DBG] Received first picture
9:57:10.935 PM [framestep] nextFrameStepped result=0 time=19504 ms
[DBG] control type=35
[DBG] control type=35
[DBG] Buffering 58%
[DBG] control type=35
[DBG] control type=35
[DBG] Buffering 61%
[DBG] control type=35
[DBG] Buffering 63%
[DBG] Buffering 66%
[DBG] control type=35
[DBG] control type=35
[DBG] control type=35
[DBG] control type=35
[DBG] control type=35
[DBG] control type=35
[DBG] control type=35
[DBG] Buffering 80%
[DBG] control type=35
[DBG] control type=35
[DBG] control type=35
[DBG] control type=35
[DBG] Buffering 81%
[DBG] control type=35
[DBG] Buffering 88%
[DBG] control type=35
[DBG] Buffering 90%
[DBG] control type=35
[DBG] Buffering 91%
[DBG] control type=35
[DBG] Buffering 95%
[DBG] control type=35
[DBG] Stream buffering done (1000 ms in 18 ms)
9:57:10.945 PM [player] buffering 1.0
[DBG] Decoder wait done in 0 ms
[DBG] control type=35
[DBG] control type=35
[ERR] ES_OUT_SET_(GROUP_)PCR  is called 12601 ms late (jitter of 12549 ms ignored)
[DBG] ES_OUT_RESET_PCR called
9:57:10.945 PM [player] buffering 0.0
[DBG] control type=35
[DBG] control type=35
[DBG] control type=35
[DBG] control type=35
[DBG] control type=35
9:57:10.945 PM [player] buffering 0.0
[DBG] Buffering 0%
[DBG] control type=35
[DBG] control type=35
[DBG] control type=35
[DBG] control type=35
[DBG] control type=35
[DBG] control type=35
[DBG] Buffering 3%
[DBG] control type=35
[DBG] control type=35
[DBG] control type=35
[DBG] Buffering 8%
[DBG] control type=35
[DBG] control type=35
[DBG] control type=35
[DBG] control type=35
[DBG] control type=35
[DBG] control type=35
[DBG] Buffering 11%
[DBG] control type=35
[DBG] control type=35
[DBG] control type=35
[DBG] control type=35
[DBG] control type=35
[DBG] control type=35
[DBG] control type=35
[DBG] control type=35
[DBG] control type=35
[DBG] control type=35
[DBG] control type=35
[DBG] control type=35
[DBG] control type=35
[DBG] control type=35
[DBG] control type=35
[DBG] Buffering 26%
[DBG] control type=35
[DBG] control type=35
[DBG] control type=35
[DBG] control type=35
[DBG] control type=35
[DBG] control type=35
[DBG] control type=35
[DBG] Buffering 33%
[DBG] Buffering 36%
[DBG] control type=35
[DBG] Buffering 40%
[DBG] Buffering 45%
[DBG] control type=35
[DBG] Buffering 50%
[DBG] Received first picture
9:57:10.953 PM [framestep] nextFrameStepped result=0 time=19504 ms
[DBG] Buffering 53%
[DBG] Buffering 55%
[DBG] control type=35
[DBG] control type=35
[DBG] control type=35
[DBG] Buffering 58%
[DBG] control type=35
[DBG] Buffering 61%
[DBG] control type=35
[DBG] control type=35
[DBG] control type=35
[DBG] control type=35
[DBG] control type=35
[DBG] control type=35
[DBG] Buffering 78%
[DBG] control type=35
[DBG] control type=35
[DBG] control type=35
[DBG] control type=35
[DBG] control type=35
[DBG] control type=35
[DBG] control type=35
[DBG] control type=35
[DBG] Buffering 83%
[DBG] control type=35
[DBG] control type=35
[DBG] Buffering 86%
[DBG] control type=35
[DBG] control type=35
[DBG] control type=35
[DBG] Buffering 90%
[DBG] control type=35
[DBG] Buffering 95%
[DBG] control type=35
[DBG] control type=35
[DBG] control type=35
[DBG] Buffering 97%
[DBG] control type=35
[DBG] Stream buffering done (1001 ms in 20 ms)
9:57:10.965 PM [player] buffering 1.0
[DBG] Decoder wait done in 0 ms
[ERR] ES_OUT_SET_(GROUP_)PCR  is called 12588 ms late (jitter of 12588 ms ignored)
[DBG] ES_OUT_RESET_PCR called
9:57:10.965 PM [player] buffering 0.0
[DBG] control type=35
[DBG] control type=35
[DBG] control type=35
[DBG] control type=35
9:57:10.966 PM [player] buffering 0.0
[DBG] Buffering 0%
[DBG] control type=35
[DBG] control type=35
[DBG] control type=35
[DBG] control type=35
[DBG] control type=35
[DBG] control type=35
[DBG] control type=35
[DBG] Buffering 1%
[DBG] control type=35
[DBG] control type=35
[DBG] Buffering 4%
[DBG] control type=35
[DBG] control type=35
[DBG] control type=35
[DBG] control type=35
[DBG] control type=35
[DBG] control type=35
[DBG] control type=35
[DBG] control type=35
[DBG] control type=35
[DBG] control type=35
[DBG] Buffering 19%
[DBG] control type=35
[DBG] control type=35
[DBG] control type=35
[DBG] control type=35
[DBG] control type=35
[DBG] Buffering 26%
[DBG] Buffering 28%
[DBG] control type=35
[DBG] control type=35
[DBG] Buffering 29%
[DBG] Buffering 33%
[DBG] Buffering 38%
[DBG] control type=35
[DBG] control type=35
[DBG] Received first picture
9:57:10.974 PM [framestep] nextFrameStepped result=0 time=19504 ms
[DBG] control type=35
[DBG] Buffering 43%
[DBG] control type=35
[DBG] control type=35
[DBG] control type=35
[DBG] Buffering 46%
[DBG] control type=35
[DBG] Buffering 51%
[DBG] control type=35
[DBG] Buffering 54%
[DBG] control type=35
[DBG] control type=35
[DBG] control type=35
[DBG] control type=35
[DBG] Buffering 70%
[DBG] control type=35
[DBG] control type=35
[DBG] control type=35
[DBG] control type=35
[DBG] control type=35
[DBG] control type=35
[DBG] Buffering 76%
[DBG] control type=35
[DBG] Buffering 79%
[DBG] control type=35
[DBG] control type=35
[DBG] Buffering 83%
[DBG] control type=35
[DBG] control type=35
[DBG] Buffering 88%
[DBG] control type=35
[DBG] control type=35
[DBG] Buffering 93%
[DBG] control type=35
[DBG] Buffering 96%
[DBG] Buffering 99%
[DBG] control type=35
[DBG] control type=35
[DBG] control type=35
9:57:10.992 PM [player] buffering 1.0
[DBG] Stream buffering done (1016 ms in 25 ms)
[DBG] Decoder wait done in 0 ms
[DBG] control type=35
[ERR] ES_OUT_SET_(GROUP_)PCR  is called 12599 ms late (jitter of 12599 ms ignored)
[DBG] ES_OUT_RESET_PCR called
9:57:10.992 PM [player] buffering 0.0
[DBG] control type=35
[DBG] control type=35
[DBG] control type=35
[DBG] control type=35
[DBG] control type=35
[DBG] control type=35
[DBG] control type=35
[DBG] control type=35
[DBG] control type=35
[DBG] control type=35
[DBG] control type=35
[DBG] control type=35
[DBG] control type=35
[DBG] control type=35
[DBG] control type=35
[DBG] control type=35
9:57:10.995 PM [player] buffering 0.0
[DBG] Buffering 0%
[DBG] control type=35
[DBG] control type=35
[DBG] control type=35
[DBG] control type=35
[DBG] control type=35
[DBG] control type=35
[DBG] Buffering 5%
[DBG] Buffering 8%
[DBG] control type=35
[DBG] control type=35
[DBG] control type=35
[DBG] Buffering 11%
[DBG] Buffering 16%
[DBG] Received first picture
9:57:11.000 PM [framestep] nextFrameStepped result=0 time=19504 ms
[DBG] Buffering 19%
[DBG] control type=35
[DBG] Buffering 21%
[DBG] control type=35
[DBG] Buffering 25%
[DBG] control type=35
[DBG] Buffering 28%
[DBG] control type=35
[DBG] Buffering 30%
[DBG] Buffering 33%
[DBG] control type=35
[DBG] control type=35
[DBG] control type=35
[DBG] control type=35
[DBG] control type=35
[DBG] control type=35
[DBG] control type=35
[DBG] control type=35
[DBG] control type=35
[DBG] Buffering 48%
[DBG] control type=35
[DBG] control type=35
[DBG] control type=35
[DBG] control type=35
[DBG] control type=35
[DBG] control type=35
[DBG] control type=35
[DBG] Buffering 55%
[DBG] control type=35
[DBG] control type=35
[DBG] Buffering 57%
[DBG] control type=35
[DBG] Buffering 58%
[DBG] control type=35
[DBG] Buffering 61%
[DBG] control type=35
[DBG] control type=35
[DBG] Buffering 66%
[DBG] control type=35
[DBG] Buffering 71%
[DBG] control type=35
[DBG] control type=35
[DBG] Buffering 75%
[DBG] control type=35
[DBG] control type=35
[DBG] Buffering 80%
[DBG] control type=35
[DBG] Buffering 83%
[DBG] control type=35
[DBG] control type=35
[DBG] control type=35
[DBG] control type=35
[DBG] control type=35
[DBG] control type=35
[DBG] control type=35
[DBG] Buffering 99%
[DBG] control type=35
[DBG] control type=35
[DBG] control type=35
[DBG] control type=35
[DBG] control type=35
9:57:11.017 PM [player] buffering 1.0
[DBG] Stream buffering done (1051 ms in 22 ms)
[DBG] Decoder wait done in 0 ms
[ERR] ES_OUT_SET_(GROUP_)PCR  is called 12590 ms late (jitter of 12590 ms ignored)
[DBG] ES_OUT_RESET_PCR called
9:57:11.018 PM [player] buffering 0.0
[DBG] control type=35
[DBG] control type=35
[DBG] control type=35
[DBG] control type=35
[DBG] control type=35
[DBG] control type=35
[DBG] control type=35
[DBG] control type=35
9:57:11.018 PM [player] buffering 0.0
[DBG] Buffering 0%
[DBG] control type=35
[DBG] control type=35
[DBG] Buffering 4%
[DBG] control type=35
[DBG] control type=35
[DBG] control type=35
[DBG] control type=35
[DBG] control type=35
[DBG] control type=35
[DBG] control type=35
[DBG] Buffering 9%
[DBG] control type=35
[DBG] control type=35
[DBG] control type=35
[DBG] control type=35
[DBG] Buffering 13%
[DBG] control type=35
[DBG] control type=35
[DBG] Buffering 16%
[DBG] control type=35
[DBG] control type=35
[DBG] control type=35
[DBG] control type=35
[DBG] Buffering 18%
[DBG] control type=35
[DBG] control type=35
[DBG] control type=35
[DBG] Buffering 21%
[DBG] control type=35
[DBG] control type=35
[DBG] control type=35
[DBG] control type=35
[DBG] control type=35
[DBG] control type=35
[DBG] control type=35
[DBG] control type=35
[DBG] control type=35
[DBG] control type=35
[DBG] control type=35
[DBG] control type=35
[DBG] control type=35
[DBG] control type=35
[DBG] control type=35
[DBG] control type=35
[DBG] control type=35
[DBG] control type=35
[DBG] control type=35
[DBG] Buffering 35%
[DBG] control type=35
[DBG] control type=35
[DBG] control type=35
[DBG] control type=35
[DBG] Buffering 36%
[DBG] Buffering 43%
[DBG] Buffering 44%
[DBG] control type=35
[DBG] control type=35
[DBG] Buffering 46%
[DBG] Buffering 50%
[DBG] Buffering 54%
[DBG] control type=35
[DBG] control type=35
[DBG] Buffering 55%
[DBG] control type=35
[DBG] control type=35
[DBG] control type=35
[DBG] Buffering 60%
[DBG] control type=35
[DBG] Received first picture
9:57:11.028 PM [framestep] nextFrameStepped result=0 time=19504 ms
[DBG] Buffering 63%
[DBG] control type=35
[DBG] control type=35
[DBG] Buffering 68%
[DBG] control type=35
[DBG] Buffering 71%
[DBG] control type=35
[DBG] control type=35
[DBG] control type=35
[DBG] control type=35
[DBG] control type=35
[DBG] control type=35
[DBG] control type=35
[DBG] control type=35
[DBG] control type=35
[DBG] Buffering 86%
[DBG] control type=35
[DBG] control type=35
[DBG] control type=35
[DBG] control type=35
[DBG] Buffering 93%
[DBG] control type=35
[DBG] control type=35
[DBG] Buffering 96%
[DBG] control type=35
[DBG] control type=35
[DBG] control type=35
9:57:11.035 PM [player] buffering 1.0
[DBG] Stream buffering done (1001 ms in 16 ms)
[DBG] Decoder wait done in 0 ms
[DBG] control type=35
[ERR] ES_OUT_SET_(GROUP_)PCR  is called 12641 ms late (jitter of 12599 ms ignored)
[DBG] ES_OUT_RESET_PCR called
9:57:11.035 PM [player] buffering 0.0
[DBG] control type=35
[DBG] control type=35
[DBG] control type=35
[DBG] control type=35
[DBG] control type=35
[DBG] control type=35
9:57:11.036 PM [player] buffering 0.0
[DBG] Buffering 0%
[DBG] control type=35
[DBG] control type=35
[DBG] control type=35
[DBG] control type=35
[DBG] control type=35
[DBG] Buffering 3%
[DBG] control type=35
[DBG] control type=35
[DBG] control type=35
[DBG] control type=35
[DBG] control type=35
[DBG] control type=35
[DBG] control type=35
[DBG] Buffering 5%
[DBG] control type=35
[DBG] control type=35
[DBG] control type=35
[DBG] control type=35
[DBG] Buffering 8%
[DBG] control type=35
[DBG] control type=35
[DBG] control type=35
[DBG] Buffering 11%
[DBG] control type=35
[DBG] control type=35
[DBG] control type=35
[DBG] control type=35
[DBG] control type=35
[DBG] control type=35
[DBG] control type=35
[DBG] control type=35
[DBG] control type=35
[DBG] control type=35
[DBG] control type=35
[DBG] control type=35
[DBG] control type=35
[DBG] control type=35
[DBG] control type=35
[DBG] control type=35
[DBG] Buffering 27%
[DBG] control type=35
[DBG] control type=35
[DBG] control type=35
[DBG] control type=35
[DBG] control type=35
[DBG] control type=35
[DBG] control type=35
[DBG] Buffering 33%
[DBG] Buffering 36%
[DBG] control type=35
[DBG] Buffering 40%
[DBG] Received first picture
9:57:11.045 PM [framestep] nextFrameStepped result=0 time=19504 ms
[DBG] Buffering 45%
[DBG] control type=35
[DBG] control type=35
[DBG] control type=35
[DBG] Buffering 46%
[DBG] control type=35
[DBG] control type=35
[DBG] Buffering 50%
[DBG] control type=35
[DBG] Buffering 53%
[DBG] control type=35
[DBG] Buffering 56%
[DBG] control type=35
[DBG] control type=35
[DBG] Buffering 58%
[DBG] control type=35
[DBG] Buffering 61%
[DBG] control type=35
[DBG] control type=35
[DBG] control type=35
[DBG] control type=35
[DBG] control type=35
[DBG] Buffering 75%
[DBG] control type=35
[DBG] control type=35
[DBG] control type=35
[DBG] control type=35
[DBG] control type=35
[DBG] control type=35
[DBG] Buffering 76%
[DBG] control type=35
[DBG] Buffering 83%
[DBG] control type=35
[DBG] Buffering 85%
[DBG] control type=35
[DBG] Buffering 86%
[DBG] control type=35
[DBG] Buffering 90%
[DBG] control type=35
[DBG] Buffering 94%
[DBG] control type=35
[DBG] Buffering 95%
[DBG] control type=35
9:57:11.054 PM [player] buffering 1.0
[DBG] Stream buffering done (1001 ms in 18 ms)
[DBG] Decoder wait done in 0 ms
[DBG] control type=35
[DBG] control type=35
[DBG] control type=35
[DBG] control type=35
[ERR] ES_OUT_SET_(GROUP_)PCR  is called 12678 ms late (jitter of 12641 ms ignored)
[DBG] ES_OUT_RESET_PCR called
9:57:11.055 PM [player] buffering 0.0
[DBG] control type=35
[DBG] control type=35
[DBG] control type=35
[DBG] control type=35
[DBG] control type=35
9:57:11.055 PM [player] buffering 0.0
[DBG] Buffering 0%
[DBG] control type=35
[DBG] control type=35
[DBG] control type=35
[DBG] Buffering 3%
[DBG] control type=35
[DBG] control type=35
[DBG] control type=35
[DBG] control type=35
[DBG] control type=35
[DBG] control type=35
[DBG] control type=35
[DBG] control type=35
[DBG] control type=35
[DBG] control type=35
[DBG] control type=35
[DBG] control type=35
[DBG] control type=35
[DBG] control type=35
[DBG] control type=35
[DBG] control type=35
[DBG] control type=35
[DBG] control type=35
[DBG] Buffering 18%
[DBG] control type=35
[DBG] control type=35
[DBG] control type=35
[DBG] control type=35
[DBG] control type=35
[DBG] Buffering 25%
[DBG] Buffering 28%
[DBG] control type=35
[DBG] control type=35
[DBG] Buffering 31%
[DBG] Buffering 36%
[DBG] control type=35
[DBG] Received first picture
9:57:11.062 PM [framestep] nextFrameStepped result=0 time=19504 ms
[DBG] control type=35
[DBG] Buffering 41%
[DBG] Buffering 45%
[DBG] control type=35
[DBG] control type=35
[DBG] Buffering 47%
[DBG] control type=35
[DBG] Buffering 50%
[DBG] Buffering 53%
[DBG] control type=35
[DBG] control type=35
[DBG] control type=35
[DBG] control type=35
[DBG] control type=35
[DBG] control type=35
[DBG] control type=35
[DBG] control type=35
[DBG] control type=35
[DBG] Buffering 69%
[DBG] control type=35
[DBG] control type=35
[DBG] control type=35
[DBG] control type=35
[DBG] control type=35
[DBG] control type=35
[DBG] Buffering 75%
[DBG] control type=35
[DBG] Buffering 78%
[DBG] control type=35
[DBG] control type=35
[DBG] Buffering 81%
[DBG] control type=35
[DBG] control type=35
[DBG] control type=35
[DBG] Buffering 86%
[DBG] control type=35
[DBG] Buffering 88%
[DBG] control type=35
[DBG] Buffering 91%
[DBG] control type=35
[DBG] Buffering 95%
[DBG] control type=35
[DBG] Buffering 98%
[DBG] control type=35
[DBG] control type=35
[DBG] Stream buffering done (1001 ms in 17 ms)
9:57:11.073 PM [player] buffering 1.0
[DBG] Decoder wait done in 0 ms
[DBG] control type=35
[ERR] ES_OUT_SET_(GROUP_)PCR  is called 12697 ms late (jitter of 12678 ms ignored)
[DBG] ES_OUT_RESET_PCR called
9:57:11.073 PM [player] buffering 0.0
[DBG] control type=35
[DBG] control type=35
[DBG] control type=35
[DBG] control type=35
[DBG] control type=35
[DBG] control type=35
[DBG] control type=35
[DBG] control type=35
[DBG] control type=35
[DBG] control type=35
[DBG] control type=35
[DBG] control type=35
[DBG] control type=35
[DBG] control type=35
[DBG] control type=35
[DBG] Buffering 0%
9:57:11.076 PM [player] buffering 0.0
[DBG] control type=35
[DBG] control type=35
[DBG] control type=35
[DBG] control type=35
[DBG] Buffering 7%
[DBG] control type=35
[DBG] Buffering 9%
[DBG] control type=35
[DBG] Buffering 10%
[DBG] Buffering 14%
[DBG] Buffering 19%
[DBG] control type=35
[DBG] control type=35
[DBG] control type=35
[DBG] Buffering 24%
[DBG] control type=35
[DBG] Buffering 27%
[DBG] Received first picture
9:57:11.080 PM [framestep] nextFrameStepped result=0 time=19504 ms
[DBG] Buffering 32%
[DBG] control type=35
[DBG] Buffering 35%
[DBG] control type=35
[DBG] control type=35
[DBG] control type=35
[DBG] control type=35
[DBG] control type=35
[DBG] control type=35
[DBG] control type=35
[DBG] Buffering 51%
[DBG] control type=35
[DBG] control type=35
[DBG] control type=35
[DBG] control type=35
[DBG] control type=35
[DBG] Buffering 57%
[DBG] Buffering 60%
[DBG] control type=35
[DBG] control type=35
[DBG] control type=35
[DBG] Buffering 64%
[DBG] control type=35
[DBG] Buffering 69%
[DBG] control type=35
[DBG] control type=35
[DBG] control type=35
[DBG] control type=35
[DBG] control type=35
[DBG] Buffering 74%
[DBG] control type=35
[DBG] Buffering 77%
[DBG] control type=35
[DBG] Buffering 80%
[DBG] control type=35
[DBG] Buffering 82%
[DBG] control type=35
[DBG] Buffering 85%
[DBG] control type=35
[DBG] control type=35
[DBG] control type=35
[DBG] control type=35
[DBG] control type=35
[DBG] control type=35
9:57:11.101 PM [player] buffering 1.0
[DBG] Stream buffering done (1024 ms in 24 ms)
[DBG] Decoder wait done in 0 ms
[DBG] control type=35
[DBG] control type=35
[DBG] control type=35
[DBG] control type=35
[DBG] control type=35
[DBG] control type=35
[ERR] ES_OUT_SET_(GROUP_)PCR  is called 12685 ms late (jitter of 12685 ms ignored)
[DBG] ES_OUT_RESET_PCR called
9:57:11.104 PM [player] buffering 0.0
[DBG] control type=35
[DBG] control type=35
[DBG] control type=35
[DBG] control type=35
[DBG] control type=35
9:57:11.104 PM [player] buffering 0.0
[DBG] Buffering 0%
[DBG] control type=35
[DBG] control type=35
[DBG] control type=35
[DBG] control type=35
[DBG] control type=35
[DBG] control type=35
[DBG] Buffering 3%
[DBG] control type=35
[DBG] control type=35
[DBG] control type=35
[DBG] control type=35
[DBG] Buffering 8%
[DBG] control type=35
[DBG] control type=35
[DBG] Buffering 10%
[DBG] control type=35
[DBG] control type=35
[DBG] control type=35
[DBG] control type=35
[DBG] control type=35
[DBG] Buffering 13%
[DBG] control type=35
[DBG] control type=35
[DBG] control type=35
[DBG] control type=35
[DBG] control type=35
[DBG] control type=35
[DBG] control type=35
[DBG] Buffering 16%
[DBG] control type=35
[DBG] control type=35
[DBG] Buffering 20%
[DBG] control type=35
[DBG] control type=35
[DBG] control type=35
[DBG] Buffering 21%
[DBG] control type=35
[DBG] Buffering 25%
[DBG] control type=35
[DBG] control type=35
[DBG] control type=35
[DBG] control type=35
[DBG] control type=35
[DBG] control type=35
[DBG] control type=35
[DBG] control type=35
[DBG] control type=35
[DBG] control type=35
[DBG] control type=35
[DBG] control type=35
[DBG] control type=35
[DBG] control type=35
[DBG] control type=35
[DBG] control type=35
[DBG] control type=35
[DBG] control type=35
[DBG] control type=35
[DBG] control type=35
[DBG] Buffering 39%
[DBG] control type=35
[DBG] control type=35
[DBG] control type=35
[DBG] control type=35
[DBG] control type=35
[DBG] Buffering 40%
[DBG] Buffering 46%
[DBG] control type=35
[DBG] Buffering 49%
[DBG] control type=35
[DBG] control type=35
[DBG] Buffering 50%
[DBG] Received first picture
9:57:11.113 PM [framestep] nextFrameStepped result=0 time=19504 ms
[DBG] Buffering 53%
[DBG] control type=35
[DBG] Buffering 58%
[DBG] control type=35
[DBG] control type=35
[DBG] Buffering 63%
[DBG] control type=35
[DBG] control type=35
[DBG] Buffering 66%
[DBG] control type=35
[DBG] control type=35
[DBG] Buffering 71%
[DBG] control type=35
[DBG] Buffering 75%
[DBG] control type=35
[DBG] control type=35
[DBG] control type=35
[DBG] control type=35
[DBG] control type=35
[DBG] Buffering 90%
[DBG] control type=35
[DBG] control type=35
[DBG] control type=35
[DBG] control type=35
[DBG] control type=35
[DBG] Buffering 96%
[DBG] control type=35
9:57:11.124 PM [player] buffering 1.0
[DBG] Stream buffering done (1001 ms in 19 ms)
[DBG] Decoder wait done in 0 ms
[DBG] control type=35
[DBG] control type=35
[DBG] control type=35
[ERR] ES_OUT_SET_(GROUP_)PCR  is called 12748 ms late (jitter of 12697 ms ignored)
[DBG] ES_OUT_RESET_PCR called
9:57:11.125 PM [player] buffering 0.0
[DBG] control type=35
[DBG] control type=35
[DBG] Buffering 0%
9:57:11.125 PM [player] buffering 0.0
[DBG] control type=35
[DBG] control type=35
[DBG] control type=35
[DBG] control type=35
[DBG] control type=35
[DBG] control type=35
[DBG] control type=35
[DBG] control type=35
[DBG] control type=35
[DBG] Buffering 5%
[DBG] control type=35
[DBG] control type=35
[DBG] control type=35
[DBG] control type=35
[DBG] Buffering 8%
[DBG] control type=35
[DBG] control type=35
[DBG] control type=35
[DBG] Buffering 11%
[DBG] control type=35
[DBG] control type=35
[DBG] control type=35
[DBG] control type=35
[DBG] control type=35
[DBG] Buffering 13%
[DBG] control type=35
[DBG] control type=35
[DBG] Buffering 16%
[DBG] control type=35
[DBG] control type=35
[DBG] control type=35
[DBG] control type=35
[DBG] control type=35
[DBG] control type=35
[DBG] control type=35
[DBG] control type=35
[DBG] control type=35
[DBG] control type=35
[DBG] control type=35
[DBG] control type=35
[DBG] control type=35
[DBG] Buffering 30%
[DBG] control type=35
[DBG] control type=35
[DBG] control type=35
[DBG] control type=35
[DBG] control type=35
[DBG] control type=35
[DBG] Buffering 31%
[DBG] Buffering 38%
[DBG] Buffering 39%
[DBG] control type=35
[DBG] control type=35
[DBG] Buffering 41%
[DBG] Buffering 45%
[DBG] Buffering 49%
[DBG] control type=35
[DBG] control type=35
[DBG] Buffering 50%
[DBG] Received first picture
9:57:11.134 PM [framestep] nextFrameStepped result=0 time=19504 ms
[DBG] Buffering 55%
[DBG] control type=35
[DBG] control type=35
[DBG] Buffering 58%
[DBG] control type=35
[DBG] Buffering 63%
[DBG] Buffering 66%
[DBG] control type=35
[DBG] control type=35
[DBG] control type=35
[DBG] control type=35
[DBG] control type=35
[DBG] control type=35
[DBG] control type=35
[DBG] Buffering 81%
[DBG] control type=35
[DBG] control type=35
[DBG] control type=35
[DBG] control type=35
[DBG] control type=35
[DBG] Buffering 88%
[DBG] control type=35
[DBG] Buffering 91%
[DBG] control type=35
[DBG] control type=35
[DBG] Buffering 95%
[DBG] control type=35
[DBG] control type=35
[DBG] control type=35
9:57:11.147 PM [player] buffering 1.0
[DBG] Stream buffering done (1001 ms in 22 ms)
[DBG] Decoder wait done in 0 ms
[DBG] control type=35
[DBG] control type=35
[ERR] ES_OUT_SET_(GROUP_)PCR  is called 12754 ms late (jitter of 12748 ms ignored)
[DBG] ES_OUT_RESET_PCR called
9:57:11.148 PM [player] buffering 0.0
[DBG] control type=35
[DBG] control type=35
[DBG] control type=35
[DBG] control type=35
[DBG] control type=35
[DBG] control type=35
9:57:11.148 PM [player] buffering 0.0
[DBG] Buffering 0%
[DBG] control type=35
[DBG] control type=35
[DBG] Buffering 1%
[DBG] control type=35
[DBG] control type=35
[DBG] control type=35
[DBG] control type=35
[DBG] control type=35
[DBG] control type=35
[DBG] Buffering 4%
[DBG] control type=35
[DBG] control type=35
[DBG] control type=35
[DBG] Buffering 8%
[DBG] control type=35
[DBG] control type=35
[DBG] control type=35
[DBG] control type=35
[DBG] control type=35
[DBG] control type=35
[DBG] control type=35
[DBG] Buffering 24%
[DBG] control type=35
[DBG] control type=35
[DBG] control type=35
[DBG] control type=35
[DBG] control type=35
[DBG] Buffering 29%
[DBG] control type=35
[DBG] Buffering 33%
[DBG] control type=35
[DBG] control type=35
[DBG] Buffering 36%
[DBG] Buffering 41%
[DBG] control type=35
[DBG] control type=35
[DBG] control type=35
[DBG] control type=35
[DBG] Buffering 46%
[DBG] Buffering 50%
[DBG] Received first picture
9:57:11.156 PM [framestep] nextFrameStepped result=0 time=19504 ms
[DBG] Buffering 52%
[DBG] control type=35
[DBG] Buffering 55%
[DBG] control type=35
[DBG] Buffering 58%
[DBG] control type=35
[DBG] control type=35
[DBG] control type=35
[DBG] control type=35
[DBG] control type=35
[DBG] control type=35
[DBG] Buffering 72%
[DBG] control type=35
[DBG] control type=35
[DBG] control type=35
[DBG] control type=35
[DBG] Buffering 73%
[DBG] control type=35
[DBG] Buffering 80%
[DBG] control type=35
[DBG] Buffering 81%
[DBG] control type=35
[DBG] control type=35
[DBG] Buffering 83%
[DBG] Buffering 86%
[DBG] control type=35
[DBG] control type=35
[DBG] Buffering 91%
[DBG] control type=35
[DBG] control type=35
[DBG] control type=35
[DBG] control type=35
[DBG] Buffering 96%
[DBG] control type=35
[DBG] control type=35
9:57:11.165 PM [player] buffering 1.0
[DBG] Stream buffering done (1001 ms in 16 ms)
[DBG] Decoder wait done in 0 ms
[DBG] control type=35
[DBG] control type=35
[ERR] ES_OUT_SET_(GROUP_)PCR  is called 12772 ms late (jitter of 12754 ms ignored)
[DBG] ES_OUT_RESET_PCR called
9:57:11.165 PM [player] buffering 0.0
[DBG] control type=35
[DBG] control type=35
[DBG] control type=35
[DBG] Buffering 0%
9:57:11.165 PM [player] buffering 0.0
[DBG] control type=35
[DBG] control type=35
[DBG] control type=35
[DBG] control type=35
[DBG] control type=35
[DBG] control type=35
[DBG] control type=35
[DBG] control type=35
[DBG] control type=35
[DBG] control type=35
[DBG] Buffering 14%
[DBG] control type=35
[DBG] control type=35
[DBG] control type=35
[DBG] control type=35
[DBG] control type=35
[DBG] control type=35
[DBG] control type=35
[DBG] control type=35
[DBG] control type=35
[DBG] control type=35
[DBG] control type=35
[DBG] control type=35
[DBG] control type=35
[DBG] control type=35
[DBG] control type=35
[DBG] control type=35
[DBG] control type=35
[DBG] control type=35
[DBG] control type=35
[DBG] control type=35
[DBG] Buffering 21%
[DBG] control type=35
[DBG] Buffering 24%
[DBG] Buffering 25%
[DBG] control type=35
[DBG] control type=35
[DBG] control type=35
[DBG] Received first picture
9:57:11.177 PM [framestep] nextFrameStepped result=0 time=19504 ms
[DBG] Buffering 28%
[DBG] control type=35
[DBG] control type=35
[DBG] control type=35
[DBG] Buffering 33%
[DBG] control type=35
[DBG] Buffering 38%
[DBG] control type=35
[DBG] control type=35
[DBG] control type=35
[DBG] control type=35
[DBG] control type=35
[DBG] control type=35
[DBG] control type=35
[DBG] control type=35
[DBG] Buffering 41%
[DBG] Buffering 43%
[DBG] control type=35
[DBG] control type=35
[DBG] control type=35
[DBG] Buffering 46%
[DBG] Buffering 50%
[DBG] control type=35
[DBG] control type=35
[DBG] control type=35
[DBG] control type=35
[DBG] control type=35
[DBG] Buffering 66%
[DBG] control type=35
[DBG] control type=35
[DBG] control type=35
[DBG] control type=35
[DBG] control type=35
[DBG] control type=35
[DBG] Buffering 71%
[DBG] control type=35
[DBG] control type=35
[DBG] Buffering 75%
[DBG] control type=35
[DBG] control type=35
[DBG] Buffering 78%
[DBG] control type=35
[DBG] control type=35
[DBG] control type=35
[DBG] Buffering 83%
[DBG] control type=35
[DBG] Buffering 85%
[DBG] control type=35
[DBG] control type=35
[DBG] control type=35
[DBG] Buffering 88%
[DBG] control type=35
[DBG] control type=35
[DBG] Buffering 91%
[DBG] Buffering 94%
[DBG] control type=35
[DBG] control type=35
[DBG] Buffering 96%
[DBG] control type=35
[DBG] Stream buffering done (1001 ms in 26 ms)
9:57:11.192 PM [player] buffering 1.0
[DBG] Decoder wait done in 0 ms
[DBG] control type=35
[DBG] control type=35
[ERR] ES_OUT_SET_(GROUP_)PCR  is called 12711 ms late (jitter of 12754 ms ignored)
[DBG] ES_OUT_RESET_PCR called
9:57:11.194 PM [player] buffering 0.0
[DBG] control type=35
[DBG] control type=35
[DBG] control type=35
[DBG] control type=35
[DBG] control type=35
[DBG] control type=35
[DBG] control type=35
[DBG] control type=35
[DBG] control type=35
[DBG] control type=35
[DBG] control type=35
[DBG] Buffering 0%
9:57:11.195 PM [player] buffering 0.0
[DBG] control type=35
[DBG] control type=35
[DBG] control type=35
[DBG] Buffering 6%
[DBG] control type=35
[DBG] control type=35
[DBG] control type=35
[DBG] control type=35
[DBG] control type=35
[DBG] control type=35
[DBG] Buffering 8%
[DBG] control type=35
[DBG] control type=35
[DBG] control type=35
[DBG] control type=35
[DBG] Buffering 10%
[DBG] control type=35
[DBG] control type=35
[DBG] Buffering 13%
[DBG] control type=35
[DBG] control type=35
[DBG] control type=35
[DBG] Buffering 18%
[DBG] control type=35
[DBG] control type=35
[DBG] control type=35
[DBG] control type=35
[DBG] control type=35
[DBG] Buffering 23%
[DBG] control type=35
[DBG] control type=35
[DBG] control type=35
[DBG] control type=35
[DBG] control type=35
[DBG] Buffering 26%
[DBG] control type=35
[DBG] control type=35
[DBG] control type=35
[DBG] Buffering 31%
[DBG] control type=35
[DBG] control type=35
[DBG] control type=35
[DBG] control type=35
[DBG] Buffering 35%
[DBG] control type=35
[DBG] control type=35
[DBG] control type=35
[DBG] control type=35
[DBG] control type=35
[DBG] control type=35
[DBG] control type=35
[DBG] control type=35
[DBG] control type=35
[DBG] control type=35
[DBG] Buffering 50%
[DBG] control type=35
[DBG] control type=35
[DBG] control type=35
[DBG] control type=35
[DBG] control type=35
[DBG] Buffering 56%
[DBG] Buffering 59%
[DBG] control type=35
[DBG] control type=35
[DBG] Buffering 60%
[DBG] control type=35
[DBG] Buffering 63%
[DBG] Buffering 68%
[DBG] control type=35
[DBG] control type=35
[DBG] Buffering 73%
[DBG] Received first picture
[DBG] control type=35
9:57:11.211 PM [framestep] nextFrameStepped result=0 time=19504 ms
[DBG] control type=35
[DBG] Buffering 76%
[DBG] control type=35
[DBG] Buffering 79%
[DBG] control type=35
[DBG] control type=35
[DBG] Buffering 81%
[DBG] control type=35
[DBG] Buffering 85%
[DBG] control type=35
[DBG] control type=35
[DBG] control type=35
[DBG] control type=35
[DBG] control type=35
[DBG] control type=35
[DBG] control type=35
[DBG] control type=35
[DBG] Stream buffering done (1014 ms in 18 ms)
9:57:11.214 PM [player] buffering 1.0
[DBG] Decoder wait done in 0 ms
[DBG] control type=35
[DBG] control type=35
[DBG] control type=35
[DBG] control type=35
[DBG] control type=35
[ERR] ES_OUT_SET_(GROUP_)PCR  is called 12813 ms late (jitter of 12772 ms ignored)
[DBG] ES_OUT_RESET_PCR called
9:57:11.223 PM [player] buffering 0.0
[DBG] control type=35
[DBG] control type=35
[DBG] control type=35
9:57:11.224 PM [player] buffering 0.0
[DBG] Buffering 0%
[DBG] control type=35
[DBG] control type=35
[DBG] control type=35
[DBG] control type=35
[DBG] Buffering 3%
[DBG] control type=35
[DBG] control type=35
[DBG] control type=35
[DBG] control type=35
[DBG] Buffering 8%
[DBG] control type=35
[DBG] control type=35
[DBG] Buffering 10%
[DBG] control type=35
[DBG] control type=35
[DBG] control type=35
[DBG] Buffering 13%
[DBG] control type=35
[DBG] control type=35
[DBG] Buffering 16%
[DBG] control type=35
[DBG] control type=35
[DBG] control type=35
[DBG] control type=35
[DBG] Buffering 20%
[DBG] control type=35
[DBG] control type=35
[DBG] control type=35
[DBG] Buffering 21%
[DBG] control type=35
[DBG] control type=35
[DBG] control type=35
[DBG] Buffering 25%
[DBG] control type=35
[DBG] control type=35
[DBG] control type=35
[DBG] control type=35
[DBG] control type=35
[DBG] control type=35
[DBG] control type=35
[DBG] control type=35
[DBG] control type=35
[DBG] control type=35
[DBG] control type=35
[DBG] control type=35
[DBG] control type=35
[DBG] control type=35
[DBG] control type=35
[DBG] Buffering 39%
[DBG] control type=35
[DBG] control type=35
[DBG] control type=35
[DBG] control type=35
[DBG] control type=35
[DBG] control type=35
[DBG] control type=35
[DBG] control type=35
[DBG] Buffering 40%
[DBG] control type=35
[DBG] control type=35
[DBG] Buffering 46%
[DBG] control type=35
[DBG] Buffering 48%
[DBG] control type=35
[DBG] control type=35
[DBG] control type=35
[DBG] Buffering 50%
[DBG] Buffering 53%
[DBG] control type=35
[DBG] Buffering 58%
[DBG] control type=35
[DBG] control type=35
[DBG] Received first picture
9:57:11.237 PM [framestep] nextFrameStepped result=0 time=19504 ms
[DBG] control type=35
[DBG] control type=35
[DBG] Buffering 63%
[DBG] control type=35
[DBG] control type=35
[DBG] control type=35
[DBG] Buffering 66%
[DBG] control type=35
[DBG] Buffering 71%
[DBG] Buffering 75%
[DBG] control type=35
[DBG] control type=35
[DBG] control type=35
[DBG] control type=35
[DBG] control type=35
[DBG] control type=35
[DBG] control type=35
[DBG] control type=35
[DBG] Buffering 90%
[DBG] control type=35
[DBG] control type=35
[DBG] control type=35
[DBG] control type=35
[DBG] control type=35
[DBG] control type=35
[DBG] control type=35
[DBG] Buffering 96%
[DBG] control type=35
9:57:11.245 PM [player] buffering 1.0
[DBG] Stream buffering done (1001 ms in 21 ms)
[DBG] Decoder wait done in 0 ms
[DBG] control type=35
[DBG] control type=35
[DBG] control type=35
[DBG] control type=35
[ERR] ES_OUT_SET_(GROUP_)PCR  is called 12870 ms late (jitter of 12813 ms ignored)
[DBG] ES_OUT_RESET_PCR called
9:57:11.247 PM [player] buffering 0.0
[DBG] control type=35
[DBG] control type=35
[DBG] control type=35
[DBG] control type=35
[DBG] control type=35
9:57:11.247 PM [player] buffering 0.0
[DBG] Buffering 0%
[DBG] control type=35
[DBG] control type=35
[DBG] control type=35
[DBG] control type=35
[DBG] control type=35
[DBG] control type=35
[DBG] Buffering 5%
[DBG] control type=35
[DBG] control type=35
[DBG] control type=35
[DBG] control type=35
[DBG] control type=35
[DBG] control type=35
[DBG] control type=35
[DBG] control type=35
[DBG] control type=35
[DBG] control type=35
[DBG] control type=35
[DBG] control type=35
[DBG] Buffering 8%
[DBG] control type=35
[DBG] control type=35
[DBG] Buffering 10%
[DBG] control type=35
[DBG] control type=35
[DBG] control type=35
[DBG] control type=35
[DBG] control type=35
[DBG] Buffering 13%
[DBG] control type=35
[DBG] control type=35
[DBG] Buffering 16%
[DBG] control type=35
[DBG] control type=35
[DBG] control type=35
[DBG] control type=35
[DBG] control type=35
[DBG] control type=35
[DBG] control type=35
[DBG] control type=35
[DBG] control type=35
[DBG] control type=35
[DBG] control type=35
[DBG] control type=35
[DBG] control type=35
[DBG] control type=35
[DBG] control type=35
[DBG] control type=35
[DBG] control type=35
[DBG] control type=35
[DBG] control type=35
[DBG] control type=35
[DBG] control type=35
[DBG] control type=35
[DBG] control type=35
[DBG] Buffering 33%
[DBG] control type=35
[DBG] control type=35
[DBG] control type=35
[DBG] control type=35
[DBG] control type=35
[DBG] control type=35
[DBG] Buffering 38%
[DBG] Buffering 41%
[DBG] control type=35
[DBG] control type=35
[DBG] control type=35
[DBG] Buffering 45%
[DBG] control type=35
[DBG] control type=35
[DBG] Buffering 50%
[DBG] Buffering 52%
[DBG] control type=35
[DBG] control type=35
[DBG] Buffering 55%
[DBG] Buffering 58%
[DBG] Received first picture
9:57:11.256 PM [framestep] nextFrameStepped result=0 time=19504 ms
[DBG] control type=35
[DBG] control type=35
[DBG] control type=35
[DBG] Buffering 62%
[DBG] Buffering 63%
[DBG] control type=35
[DBG] control type=35
[DBG] Buffering 66%
[DBG] control type=35
[DBG] control type=35
[DBG] control type=35
[DBG] control type=35
[DBG] control type=35
[DBG] control type=35
[DBG] Buffering 81%
[DBG] control type=35
[DBG] control type=35
[DBG] control type=35
[DBG] control type=35
[DBG] control type=35
[DBG] control type=35
[DBG] Buffering 88%
[DBG] control type=35
[DBG] Buffering 90%
[DBG] control type=35
[DBG] control type=35
[DBG] Buffering 91%
[DBG] control type=35
[DBG] control type=35
[DBG] control type=35
[DBG] control type=35
[DBG] control type=35
[DBG] Buffering 95%
[DBG] control type=35
[DBG] control type=35
[DBG] Stream buffering done (1001 ms in 15 ms)
9:57:11.263 PM [player] buffering 1.0
[DBG] Decoder wait done in 0 ms
[DBG] control type=35
[DBG] control type=35
[ERR] ES_OUT_SET_(GROUP_)PCR  is called 12869 ms late (jitter of 12869 ms ignored)
[DBG] ES_OUT_RESET_PCR called
9:57:11.263 PM [player] buffering 0.0
[DBG] control type=35
[DBG] control type=35
[DBG] control type=35
[DBG] control type=35
[DBG] control type=35
[DBG] control type=35
[DBG] control type=35
[DBG] control type=35
[DBG] control type=35
9:57:11.267 PM [player] buffering 0.0
[DBG] Buffering 0%
[DBG] control type=35
[DBG] control type=35
[DBG] Buffering 5%
[DBG] control type=35
[DBG] control type=35
[DBG] control type=35
[DBG] control type=35
[DBG] control type=35
[DBG] control type=35
[DBG] Buffering 8%
[DBG] control type=35
[DBG] control type=35
[DBG] control type=35
[DBG] control type=35
[DBG] control type=35
[DBG] control type=35
[DBG] control type=35
[DBG] control type=35
[DBG] Buffering 24%
[DBG] control type=35
[DBG] control type=35
[DBG] control type=35
[DBG] control type=35
[DBG] control type=35
[DBG] Buffering 30%
[DBG] control type=35
[DBG] control type=35
[DBG] Buffering 33%
[DBG] control type=35
[DBG] Buffering 36%
[DBG] Buffering 41%
[DBG] Received first picture
9:57:11.272 PM [framestep] nextFrameStepped result=0 time=19504 ms
[DBG] control type=35
[DBG] control type=35
[DBG] Buffering 46%
[DBG] control type=35
[DBG] control type=35
[DBG] Buffering 50%
[DBG] control type=35
[DBG] Buffering 52%
[DBG] Buffering 55%
[DBG] control type=35
[DBG] control type=35
[DBG] Buffering 58%
[DBG] control type=35
[DBG] control type=35
[DBG] control type=35
[DBG] control type=35
[DBG] control type=35
[DBG] Buffering 72%
[DBG] control type=35
[DBG] control type=35
[DBG] control type=35
[DBG] control type=35
[DBG] control type=35
[DBG] control type=35
[DBG] control type=35
[DBG] control type=35
[DBG] Buffering 73%
[DBG] control type=35
[DBG] control type=35
[DBG] control type=35
[DBG] Buffering 80%
[DBG] control type=35
[DBG] Buffering 81%
[DBG] control type=35
[DBG] Buffering 83%
[DBG] control type=35
[DBG] Buffering 86%
[DBG] control type=35
[DBG] Buffering 91%
[DBG] control type=35
[DBG] control type=35
[DBG] Buffering 96%
[DBG] control type=35
[DBG] control type=35
[DBG] control type=35
[DBG] Stream buffering done (1001 ms in 23 ms)
9:57:11.290 PM [player] buffering 1.0
[DBG] Decoder wait done in 0 ms
[ERR] ES_OUT_SET_(GROUP_)PCR  is called 12896 ms late (jitter of 12870 ms ignored)
[DBG] ES_OUT_RESET_PCR called
9:57:11.291 PM [player] buffering 0.0
[DBG] control type=35
[DBG] control type=35
[DBG] control type=35
[DBG] control type=35
9:57:11.291 PM [player] buffering 0.0
[DBG] Buffering 0%
[DBG] control type=35
[DBG] control type=35
[DBG] control type=35
[DBG] control type=35
[DBG] control type=35
[DBG] control type=35
[DBG] control type=35
[DBG] control type=35
[DBG] control type=35
[DBG] control type=35
[DBG] control type=35
[DBG] control type=35
[DBG] control type=35
[DBG] control type=35
[DBG] control type=35
[DBG] control type=35
[DBG] control type=35
[DBG] control type=35
[DBG] Buffering 14%
[DBG] control type=35
[DBG] control type=35
[DBG] control type=35
[DBG] control type=35
[DBG] Buffering 15%
[DBG] control type=35
[DBG] Buffering 21%
[DBG] Buffering 24%
[DBG] control type=35
[DBG] control type=35
[DBG] Buffering 25%
[DBG] Buffering 28%
[DBG] Buffering 33%
[DBG] control type=35
[DBG] Buffering 38%
[DBG] control type=35
[DBG] Buffering 41%
[DBG] Buffering 43%
[DBG] control type=35
[DBG] Buffering 46%
[DBG] Received first picture
9:57:11.297 PM [framestep] nextFrameStepped result=0 time=19504 ms
[DBG] control type=35
[DBG] control type=35
[DBG] control type=35
[DBG] Buffering 50%
[DBG] control type=35
[DBG] control type=35
[DBG] control type=35
[DBG] control type=35
[DBG] control type=35
[DBG] control type=35
[DBG] Buffering 66%
[DBG] control type=35
[DBG] control type=35
[DBG] control type=35
[DBG] control type=35
[DBG] control type=35
[DBG] control type=35
[DBG] Buffering 71%
[DBG] control type=35
[DBG] control type=35
[DBG] Buffering 75%
[DBG] control type=35
[DBG] control type=35
[DBG] control type=35
[DBG] Buffering 78%
[DBG] control type=35
[DBG] Buffering 83%
[DBG] Buffering 85%
[DBG] control type=35
[DBG] control type=35
[DBG] Buffering 88%
[DBG] control type=35
[DBG] Buffering 91%
[DBG] control type=35
[DBG] control type=35
[DBG] Buffering 94%
[DBG] control type=35
[DBG] control type=35
[DBG] Buffering 96%
[DBG] control type=35
9:57:11.309 PM [player] buffering 1.0
[DBG] Stream buffering done (1001 ms in 17 ms)
[DBG] Decoder wait done in 0 ms
[DBG] control type=35
[DBG] control type=35
[DBG] control type=35
[DBG] control type=35
[DBG] control type=35
[ERR] ES_OUT_SET_(GROUP_)PCR  is called 12828 ms late (jitter of 12869 ms ignored)
[DBG] ES_OUT_RESET_PCR called
9:57:11.311 PM [player] buffering 0.0
[DBG] control type=35
[DBG] control type=35
[DBG] control type=35
[DBG] control type=35
[DBG] control type=35
[DBG] control type=35
[DBG] control type=35
[DBG] control type=35
[DBG] control type=35
[DBG] control type=35
[DBG] control type=35
[DBG] Buffering 0%
9:57:11.313 PM [player] buffering 0.0
[DBG] control type=35
[DBG] control type=35
[DBG] Buffering 6%
[DBG] control type=35
[DBG] control type=35
[DBG] control type=35
[DBG] control type=35
[DBG] Buffering 8%
[DBG] control type=35
[DBG] control type=35
[DBG] control type=35
[DBG] Buffering 9%
[DBG] control type=35
[DBG] control type=35
[DBG] Buffering 13%
[DBG] control type=35
[DBG] control type=35
[DBG] control type=35
[DBG] Buffering 18%
[DBG] control type=35
[DBG] control type=35
[DBG] control type=35
[DBG] control type=35
[DBG] control type=35
[DBG] Buffering 23%
[DBG] control type=35
[DBG] control type=35
[DBG] control type=35
[DBG] control type=35
[DBG] control type=35
[DBG] control type=35
[DBG] control type=35
[DBG] control type=35
[DBG] control type=35
[DBG] Buffering 26%
[DBG] control type=35
[DBG] control type=35
[DBG] Buffering 31%
[DBG] control type=35
[DBG] control type=35
[DBG] control type=35
[DBG] control type=35
[DBG] Buffering 35%
[DBG] control type=35
[DBG] control type=35
[DBG] control type=35
[DBG] control type=35
[DBG] control type=35
[DBG] control type=35
[DBG] control type=35
[DBG] control type=35
[DBG] Buffering 50%
[DBG] control type=35
[DBG] control type=35
[DBG] control type=35
[DBG] control type=35
[DBG] control type=35
[DBG] control type=35
[DBG] Buffering 56%
[DBG] Buffering 59%
[DBG] control type=35
[DBG] Buffering 60%
[DBG] Received first picture
9:57:11.325 PM [framestep] nextFrameStepped result=0 time=19504 ms
[DBG] Buffering 63%
[DBG] control type=35
[DBG] control type=35
[DBG] control type=35
[DBG] Buffering 68%
[DBG] control type=35
[DBG] Buffering 73%
[DBG] control type=35
[DBG] control type=35
[DBG] Buffering 76%
[DBG] control type=35
[DBG] Buffering 78%
[DBG] control type=35
[DBG] Buffering 81%
[DBG] control type=35
[DBG] Buffering 85%
[DBG] control type=35
[DBG] control type=35
[DBG] control type=35
[DBG] control type=35
[DBG] control type=35
9:57:11.329 PM [player] buffering 1.0
[DBG] Stream buffering done (1012 ms in 16 ms)
[DBG] Decoder wait done in 0 ms
[DBG] control type=35
[DBG] control type=35
[DBG] control type=35
[DBG] control type=35
[ERR] ES_OUT_SET_(GROUP_)PCR  is called 12922 ms late (jitter of 12896 ms ignored)
[DBG] ES_OUT_RESET_PCR called
9:57:11.332 PM [player] buffering 0.0
[DBG] control type=35
[DBG] control type=35
[DBG] control type=35
[DBG] control type=35
[DBG] control type=35
[DBG] Buffering 0%
9:57:11.333 PM [player] buffering 0.0
[DBG] control type=35
[DBG] control type=35
[DBG] control type=35
[DBG] control type=35
[DBG] control type=35
[DBG] control type=35
[DBG] control type=35
[DBG] control type=35
[DBG] Buffering 3%
[DBG] control type=35
[DBG] control type=35
[DBG] control type=35
[DBG] Buffering 8%
[DBG] control type=35
[DBG] control type=35
[DBG] control type=35
[DBG] control type=35
[DBG] Buffering 10%
[DBG] control type=35
[DBG] control type=35
[DBG] Buffering 13%
[DBG] control type=35
[DBG] control type=35
[DBG] Buffering 16%
[DBG] control type=35
[DBG] control type=35
[DBG] control type=35
[DBG] Buffering 20%
[DBG] control type=35
[DBG] control type=35
[DBG] control type=35
[DBG] Buffering 21%
[DBG] control type=35
[DBG] Buffering 25%
[DBG] control type=35
[DBG] control type=35
[DBG] control type=35
[DBG] control type=35
[DBG] control type=35
[DBG] control type=35
[DBG] control type=35
[DBG] control type=35
[DBG] Buffering 39%
[DBG] control type=35
[DBG] control type=35
[DBG] control type=35
[DBG] control type=35
[DBG] control type=35
[DBG] control type=35
[DBG] Buffering 40%
[DBG] control type=35
[DBG] Buffering 46%
[DBG] Buffering 48%
[DBG] control type=35
[DBG] control type=35
[DBG] Buffering 50%
[DBG] control type=35
[DBG] control type=35
[DBG] Buffering 53%
[DBG] Received first picture
9:57:11.347 PM [framestep] nextFrameStepped result=0 time=19504 ms
[DBG] Buffering 58%
[DBG] control type=35
[DBG] Buffering 63%
[DBG] control type=35
[DBG] control type=35
[DBG] control type=35
[DBG] control type=35
[DBG] Buffering 66%
[DBG] control type=35
[DBG] Buffering 71%
[DBG] control type=35
[DBG] Buffering 75%
[DBG] control type=35
[DBG] control type=35
[DBG] control type=35
[DBG] control type=35
[DBG] Buffering 90%
[DBG] control type=35
[DBG] control type=35
[DBG] control type=35
[DBG] control type=35
[DBG] control type=35
[DBG] Buffering 96%
[DBG] control type=35
[DBG] control type=35
[DBG] Stream buffering done (1000 ms in 24 ms)
9:57:11.357 PM [player] buffering 1.0
[DBG] Decoder wait done in 0 ms
[DBG] control type=35
[DBG] control type=35
[DBG] control type=35
[ERR] ES_OUT_SET_(GROUP_)PCR  is called 13014 ms late (jitter of 12922 ms ignored)
[DBG] ES_OUT_RESET_PCR called
9:57:11.357 PM [player] buffering 0.0
[DBG] control type=35
[DBG] control type=35
[DBG] control type=35
[DBG] control type=35
[DBG] control type=35
[DBG] control type=35
[DBG] control type=35
[DBG] control type=35
[DBG] control type=35
9:57:11.358 PM [player] buffering 0.0
[DBG] Buffering 0%
[DBG] control type=35
[DBG] control type=35
[DBG] Buffering 5%
[DBG] control type=35
[DBG] control type=35
[DBG] control type=35
[DBG] control type=35
[DBG] control type=35
[DBG] control type=35
[DBG] Buffering 10%
[DBG] control type=35
[DBG] control type=35
[DBG] control type=35
[DBG] control type=35
[DBG] Buffering 13%
[DBG] control type=35
[DBG] control type=35
[DBG] Buffering 15%
[DBG] control type=35
[DBG] control type=35
[DBG] Buffering 18%
[DBG] control type=35
[DBG] control type=35
[DBG] Buffering 21%
[DBG] control type=35
[DBG] control type=35
[DBG] control type=35
[DBG] control type=35
[DBG] control type=35
[DBG] control type=35
[DBG] control type=35
[DBG] control type=35
[DBG] control type=35
[DBG] control type=35
[DBG] control type=35
[DBG] control type=35
[DBG] control type=35
[DBG] control type=35
[DBG] control type=35
[DBG] control type=35
[DBG] control type=35
[DBG] control type=35
[DBG] control type=35
[DBG] control type=35
[DBG] control type=35
[DBG] Buffering 38%
[DBG] control type=35
[DBG] control type=35
[DBG] control type=35
[DBG] control type=35
[DBG] control type=35
[DBG] control type=35
[DBG] control type=35
[DBG] control type=35
[DBG] control type=35
[DBG] control type=35
[DBG] control type=35
[DBG] control type=35
[DBG] control type=35
[DBG] Buffering 43%
[DBG] control type=35
[DBG] Buffering 46%
[DBG] control type=35
[DBG] Received first picture
9:57:11.370 PM [framestep] nextFrameStepped result=0 time=19504 ms
[DBG] control type=35
[DBG] control type=35
[DBG] Buffering 50%
[DBG] control type=35
[DBG] Buffering 55%
[DBG] control type=35
[DBG] Buffering 57%
[DBG] control type=35
[DBG] Buffering 60%
[DBG] control type=35
[DBG] Buffering 63%
[DBG] control type=35
[DBG] control type=35
[DBG] Buffering 66%
[DBG] control type=35
[DBG] control type=35
[DBG] Buffering 68%
[DBG] control type=35
[DBG] Buffering 71%
[DBG] control type=35
[DBG] control type=35
[DBG] control type=35
[DBG] control type=35
[DBG] control type=35
[DBG] control type=35
[DBG] control type=35
[DBG] control type=35
[DBG] control type=35
[DBG] Buffering 86%
[DBG] control type=35
[DBG] control type=35
[DBG] control type=35
[DBG] control type=35
[DBG] control type=35
[DBG] Buffering 93%
[DBG] control type=35
[DBG] Buffering 95%
[DBG] control type=35
[DBG] Buffering 96%
9:57:11.383 PM [player] buffering 1.0
[DBG] Stream buffering done (1001 ms in 24 ms)
[DBG] Decoder wait done in 0 ms
[DBG] control type=35
[DBG] control type=35
[DBG] control type=35
[ERR] ES_OUT_SET_(GROUP_)PCR  is called 12989 ms late (jitter of 12989 ms ignored)
[DBG] ES_OUT_RESET_PCR called
9:57:11.383 PM [player] buffering 0.0
[DBG] control type=35
[DBG] control type=35
[DBG] control type=35
[DBG] control type=35
[DBG] control type=35
[DBG] Buffering 0%
9:57:11.383 PM [player] buffering 0.0
[DBG] control type=35
[DBG] control type=35
[DBG] control type=35
[DBG] control type=35
[DBG] Buffering 3%
[DBG] control type=35
[DBG] control type=35
[DBG] control type=35
[DBG] Buffering 8%
[DBG] control type=35
[DBG] control type=35
[DBG] control type=35
[DBG] control type=35
[DBG] Buffering 11%
[DBG] control type=35
[DBG] control type=35
[DBG] control type=35
[DBG] control type=35
[DBG] control type=35
[DBG] control type=35
[DBG] control type=35
[DBG] control type=35
[DBG] control type=35
[DBG] control type=35
[DBG] control type=35
[DBG] control type=35
[DBG] control type=35
[DBG] control type=35
[DBG] control type=35
[DBG] control type=35
[DBG] control type=35
[DBG] control type=35
[DBG] control type=35
[DBG] Buffering 27%
[DBG] control type=35
[DBG] control type=35
[DBG] control type=35
[DBG] control type=35
[DBG] control type=35
[DBG] control type=35
[DBG] control type=35
[DBG] control type=35
[DBG] control type=35
[DBG] control type=35
[DBG] Buffering 33%
[DBG] Buffering 36%
[DBG] control type=35
[DBG] control type=35
[DBG] control type=35
[DBG] control type=35
[DBG] Buffering 40%
[DBG] Buffering 45%
[DBG] control type=35
[DBG] control type=35
[DBG] control type=35
[DBG] control type=35
[DBG] Buffering 50%
[DBG] Buffering 53%
[DBG] Received first picture
9:57:11.396 PM [framestep] nextFrameStepped result=0 time=19504 ms
[DBG] Buffering 56%
[DBG] control type=35
[DBG] control type=35
[DBG] control type=35
[DBG] Buffering 58%
[DBG] Buffering 61%
[DBG] control type=35
[DBG] control type=35
[DBG] control type=35
[DBG] control type=35
[DBG] control type=35
[DBG] control type=35
[DBG] Buffering 75%
[DBG] control type=35
[DBG] control type=35
[DBG] control type=35
[DBG] control type=35
[DBG] Buffering 76%
[DBG] control type=35
[DBG] control type=35
[DBG] Buffering 83%
[DBG] control type=35
[DBG] Buffering 84%
[DBG] control type=35
[DBG] control type=35
[DBG] Buffering 86%
[DBG] control type=35
[DBG] Buffering 90%
[DBG] control type=35
[DBG] Buffering 94%
[DBG] control type=35
[DBG] control type=35
[DBG] Buffering 95%
[DBG] control type=35
[DBG] Stream buffering done (1001 ms in 22 ms)
9:57:11.406 PM [player] buffering 1.0
[DBG] Decoder wait done in 0 ms
[DBG] control type=35
[DBG] control type=35
[DBG] control type=35
[ERR] ES_OUT_SET_(GROUP_)PCR  is called 13030 ms late (jitter of 13014 ms ignored)
[DBG] ES_OUT_RESET_PCR called
9:57:11.407 PM [player] buffering 0.0
[DBG] control type=35
[DBG] control type=35
[DBG] control type=35
[DBG] control type=35
[DBG] control type=35
[DBG] Buffering 0%
9:57:11.407 PM [player] buffering 0.0
[DBG] control type=35
[DBG] control type=35
[DBG] control type=35
[DBG] control type=35
[DBG] control type=35
[DBG] Buffering 3%
[DBG] control type=35
[DBG] control type=35
[DBG] control type=35
[DBG] control type=35
[DBG] control type=35
[DBG] control type=35
[DBG] control type=35
[DBG] control type=35
[DBG] control type=35
[DBG] control type=35
[DBG] control type=35
[DBG] control type=35
[DBG] control type=35
[DBG] control type=35
[DBG] control type=35
[DBG] control type=35
[DBG] control type=35
[DBG] Buffering 18%
[DBG] control type=35
[DBG] control type=35
[DBG] control type=35
[DBG] control type=35
[DBG] control type=35
[DBG] control type=35
[DBG] Buffering 25%
[DBG] Buffering 27%
[DBG] control type=35
[DBG] control type=35
[DBG] control type=35
[DBG] Buffering 28%
[DBG] Buffering 31%
[DBG] Buffering 36%
[DBG] control type=35
[DBG] control type=35
[DBG] Buffering 41%
[DBG] control type=35
[DBG] Received first picture
9:57:11.414 PM [framestep] nextFrameStepped result=0 time=19504 ms
[DBG] control type=35
[DBG] Buffering 45%
[DBG] Buffering 50%
[DBG] control type=35
[DBG] Buffering 53%
[DBG] control type=35
[DBG] control type=35
[DBG] control type=35
[DBG] control type=35
[DBG] control type=35
[DBG] control type=35
[DBG] control type=35
[DBG] control type=35
[DBG] control type=35
[DBG] Buffering 69%
[DBG] control type=35
[DBG] control type=35
[DBG] control type=35
[DBG] control type=35
[DBG] control type=35
[DBG] Buffering 75%
[DBG] control type=35
[DBG] Buffering 78%
[DBG] control type=35
[DBG] control type=35
[DBG] Buffering 81%
[DBG] control type=35
[DBG] Buffering 86%
[DBG] control type=35
[DBG] control type=35
[DBG] control type=35
[DBG] Buffering 91%
[DBG] control type=35
[DBG] control type=35
[DBG] Buffering 95%
[DBG] control type=35
[DBG] Buffering 98%
[DBG] control type=35
9:57:11.420 PM [player] buffering 1.0
[DBG] Stream buffering done (1001 ms in 12 ms)
[DBG] Decoder wait done in 0 ms
[DBG] control type=35
[ERR] ES_OUT_SET_(GROUP_)PCR  is called 13046 ms late (jitter of 13030 ms ignored)
[DBG] ES_OUT_RESET_PCR called
9:57:11.424 PM [player] buffering 0.0
[DBG] control type=35
[DBG] control type=35
[DBG] control type=35
[DBG] control type=35
[DBG] control type=35
[DBG] control type=35
[DBG] control type=35
[DBG] control type=35
[DBG] control type=35
9:57:11.426 PM [player] buffering 0.0
[DBG] Buffering 0%
[DBG] control type=35
[DBG] control type=35
[DBG] control type=35
[DBG] control type=35
[DBG] control type=35
[DBG] control type=35
[DBG] control type=35
[DBG] Buffering 1%
[DBG] Buffering 7%
[DBG] Buffering 9%
[DBG] Buffering 11%
[DBG] control type=35
[DBG] Buffering 14%
[DBG] control type=35
[DBG] control type=35
[DBG] Buffering 19%
[DBG] control type=35
[DBG] control type=35
[DBG] Buffering 24%
[DBG] control type=35
[DBG] Received first picture
9:57:11.430 PM [framestep] nextFrameStepped result=0 time=19504 ms
[DBG] control type=35
[DBG] control type=35
[DBG] Buffering 27%
[DBG] control type=35
[DBG] Buffering 33%
[DBG] control type=35
[DBG] Buffering 36%
[DBG] control type=35
[DBG] control type=35
[DBG] control type=35
[DBG] control type=35
[DBG] control type=35
[DBG] control type=35
[DBG] control type=35
[DBG] Buffering 51%
[DBG] control type=35
[DBG] control type=35
[DBG] control type=35
[DBG] control type=35
[DBG] control type=35
[DBG] Buffering 57%
[DBG] control type=35
[DBG] Buffering 60%
[DBG] control type=35
[DBG] Buffering 61%
[DBG] control type=35
[DBG] Buffering 64%
[DBG] control type=35
[DBG] Buffering 69%
[DBG] control type=35
[DBG] control type=35
[DBG] Buffering 74%
[DBG] control type=35
[DBG] Buffering 78%
[DBG] control type=35
[DBG] control type=35
[DBG] control type=35
[DBG] Buffering 80%
[DBG] control type=35
[DBG] Buffering 83%
[DBG] Buffering 86%
[DBG] control type=35
[DBG] control type=35
[DBG] control type=35
[DBG] control type=35
[DBG] control type=35
9:57:11.446 PM [player] buffering 1.0
[DBG] Stream buffering done (1024 ms in 20 ms)
[DBG] Decoder wait done in 0 ms
[DBG] control type=35
[DBG] control type=35
[DBG] control type=35
[DBG] control type=35
[DBG] control type=35
[DBG] control type=35
[ERR] ES_OUT_SET_(GROUP_)PCR  is called 13025 ms late (jitter of 13030 ms ignored)
[DBG] ES_OUT_RESET_PCR called
9:57:11.448 PM [player] buffering 0.0
[DBG] control type=35
[DBG] control type=35
[DBG] control type=35
[DBG] control type=35
[DBG] control type=35
9:57:11.448 PM [player] buffering 0.0
[DBG] Buffering 0%
[DBG] control type=35
[DBG] control type=35
[DBG] control type=35
[DBG] control type=35
[DBG] control type=35
[DBG] Buffering 3%
[DBG] control type=35
[DBG] control type=35
[DBG] control type=35
[DBG] Buffering 8%
[DBG] control type=35
[DBG] control type=35
[DBG] control type=35
[DBG] control type=35
[DBG] control type=35
[DBG] control type=35
[DBG] Buffering 10%
[DBG] control type=35
[DBG] control type=35
[DBG] control type=35
[DBG] Buffering 13%
[DBG] control type=35
[DBG] control type=35
[DBG] Buffering 16%
[DBG] control type=35
[DBG] control type=35
[DBG] control type=35
[DBG] control type=35
[DBG] Buffering 19%
[DBG] control type=35
[DBG] control type=35
[DBG] control type=35
[DBG] control type=35
[DBG] Buffering 21%
[DBG] control type=35
[DBG] control type=35
[DBG] Buffering 25%
[DBG] control type=35
[DBG] control type=35
[DBG] control type=35
[DBG] control type=35
[DBG] control type=35
[DBG] control type=35
[DBG] control type=35
[DBG] control type=35
[DBG] control type=35
[DBG] Buffering 39%
[DBG] control type=35
[DBG] control type=35
[DBG] control type=35
[DBG] control type=35
[DBG] control type=35
[DBG] control type=35
[DBG] Buffering 40%
[DBG] Buffering 46%
[DBG] control type=35
[DBG] control type=35
[DBG] Buffering 48%
[DBG] control type=35
[DBG] Buffering 50%
[DBG] Buffering 53%
[DBG] Buffering 58%
[DBG] control type=35
[DBG] control type=35
[DBG] Received first picture
9:57:11.459 PM [framestep] nextFrameStepped result=0 time=19504 ms
[DBG] Buffering 63%
[DBG] control type=35
[DBG] control type=35
[DBG] control type=35
[DBG] Buffering 66%
[DBG] control type=35
[DBG] Buffering 71%
[DBG] control type=35
[DBG] Buffering 75%
[DBG] control type=35
[DBG] control type=35
[DBG] control type=35
[DBG] control type=35
[DBG] control type=35
[DBG] control type=35
[DBG] control type=35
[DBG] Buffering 90%
[DBG] control type=35
[DBG] control type=35
[DBG] control type=35
[DBG] control type=35
[DBG] control type=35
[DBG] control type=35
[DBG] Buffering 96%
[DBG] control type=35
[DBG] Buffering 99%
[DBG] control type=35
9:57:11.465 PM [player] buffering 1.0
[DBG] Stream buffering done (1001 ms in 16 ms)
[DBG] Decoder wait done in 0 ms
[DBG] control type=35
[ERR] ES_OUT_SET_(GROUP_)PCR  is called 13089 ms late (jitter of 13046 ms ignored)
[DBG] ES_OUT_RESET_PCR called
9:57:11.466 PM [player] buffering 0.0
[DBG] control type=35
[DBG] control type=35
[DBG] control type=35
[DBG] control type=35
[DBG] control type=35
[DBG] control type=35
9:57:11.467 PM [player] buffering 0.0
[DBG] Buffering 0%
[DBG] control type=35
[DBG] control type=35
[DBG] control type=35
[DBG] control type=35
[DBG] control type=35
[DBG] control type=35
[DBG] Buffering 5%
[DBG] control type=35
[DBG] control type=35
[DBG] control type=35
[DBG] control type=35
[DBG] control type=35
[DBG] control type=35
[DBG] control type=35
[DBG] control type=35
[DBG] Buffering 8%
[DBG] control type=35
[DBG] control type=35
[DBG] Buffering 10%
[DBG] control type=35
[DBG] control type=35
[DBG] control type=35
[DBG] Buffering 13%
[DBG] control type=35
[DBG] control type=35
[DBG] Buffering 16%
[DBG] control type=35
[DBG] control type=35
[DBG] control type=35
[DBG] control type=35
[DBG] control type=35
[DBG] control type=35
[DBG] control type=35
[DBG] control type=35
[DBG] control type=35
[DBG] control type=35
[DBG] control type=35
[DBG] control type=35
[DBG] control type=35
[DBG] control type=35
[DBG] control type=35
[DBG] control type=35
[DBG] control type=35
[DBG] Buffering 33%
[DBG] control type=35
[DBG] control type=35
[DBG] control type=35
[DBG] control type=35
[DBG] Buffering 38%
[DBG] control type=35
[DBG] control type=35
[DBG] control type=35
[DBG] Buffering 41%
[DBG] control type=35
[DBG] control type=35
[DBG] Buffering 45%
[DBG] Buffering 50%
[DBG] Buffering 52%
[DBG] control type=35
[DBG] control type=35
[DBG] Buffering 55%
[DBG] Received first picture
9:57:11.481 PM [framestep] nextFrameStepped result=0 time=19504 ms
[DBG] Buffering 58%
[DBG] control type=35
[DBG] control type=35
[DBG] control type=35
[DBG] Buffering 61%
[DBG] control type=35
[DBG] Buffering 63%
[DBG] control type=35
[DBG] control type=35
[DBG] Buffering 66%
[DBG] control type=35
[DBG] control type=35
[DBG] control type=35
[DBG] control type=35
[DBG] Buffering 81%
[DBG] control type=35
[DBG] control type=35
[DBG] control type=35
[DBG] control type=35
[DBG] control type=35
[DBG] Buffering 88%
[DBG] control type=35
[DBG] control type=35
[DBG] Buffering 90%
[DBG] control type=35
[DBG] control type=35
[DBG] Buffering 91%
[DBG] Buffering 95%
[DBG] control type=35
[DBG] control type=35
[DBG] control type=35
9:57:11.492 PM [player] buffering 1.0
[DBG] Stream buffering done (1001 ms in 25 ms)
[DBG] Decoder wait done in 0 ms
[DBG] control type=35
[DBG] control type=35
[ERR] ES_OUT_SET_(GROUP_)PCR  is called 13101 ms late (jitter of 13089 ms ignored)
[DBG] ES_OUT_RESET_PCR called
9:57:11.495 PM [player] buffering 0.0
[DBG] control type=35
[DBG] control type=35
[DBG] control type=35
[DBG] control type=35
[DBG] control type=35
[DBG] Buffering 0%
9:57:11.495 PM [player] buffering 0.0
[DBG] control type=35
[DBG] control type=35
[DBG] Buffering 5%
[DBG] control type=35
[DBG] control type=35
[DBG] control type=35
[DBG] control type=35
[DBG] Buffering 8%
[DBG] control type=35
[DBG] control type=35
[DBG] control type=35
[DBG] control type=35
[DBG] control type=35
[DBG] control type=35
[DBG] control type=35
[DBG] control type=35
[DBG] control type=35
[DBG] control type=35
[DBG] Buffering 23%
[DBG] control type=35
[DBG] control type=35
[DBG] control type=35
[DBG] control type=35
[DBG] control type=35
[DBG] control type=35
[DBG] Buffering 30%
[DBG] Buffering 33%
[DBG] control type=35
[DBG] control type=35
[DBG] Buffering 36%
[DBG] Buffering 41%
[DBG] control type=35
[DBG] Received first picture
9:57:11.504 PM [framestep] nextFrameStepped result=0 time=19504 ms
[DBG] Buffering 46%
[DBG] control type=35
[DBG] control type=35
[DBG] control type=35
[DBG] Buffering 50%
[DBG] control type=35
[DBG] control type=35
[DBG] control type=35
[DBG] Buffering 52%
[DBG] control type=35
[DBG] Buffering 55%
[DBG] control type=35
[DBG] Buffering 58%
[DBG] control type=35
[DBG] control type=35
[DBG] control type=35
[DBG] control type=35
[DBG] control type=35
[DBG] control type=35
[DBG] control type=35
[DBG] control type=35
[DBG] Buffering 74%
[DBG] control type=35
[DBG] control type=35
[DBG] control type=35
[DBG] control type=35
[DBG] Buffering 80%
[DBG] control type=35
[DBG] control type=35
[DBG] Buffering 83%
[DBG] control type=35
[DBG] Buffering 86%
[DBG] control type=35
[DBG] control type=35
[DBG] control type=35
[DBG] control type=35
[DBG] Buffering 91%
[DBG] control type=35
[DBG] Buffering 94%
[DBG] Buffering 96%
[DBG] control type=35
[DBG] control type=35
9:57:11.511 PM [player] buffering 1.0
[DBG] Stream buffering done (1001 ms in 15 ms)
[DBG] Decoder wait done in 0 ms
[DBG] control type=35
[ERR] ES_OUT_SET_(GROUP_)PCR  is called 13131 ms late (jitter of 13101 ms ignored)
[DBG] ES_OUT_RESET_PCR called
9:57:11.512 PM [player] buffering 0.0
[DBG] control type=35
[DBG] control type=35
[DBG] control type=35
[DBG] control type=35
[DBG] control type=35
9:57:11.512 PM [player] buffering 0.0
[DBG] Buffering 0%
[DBG] control type=35
[DBG] control type=35
[DBG] control type=35
[DBG] Buffering 3%
[DBG] control type=35
[DBG] control type=35
[DBG] control type=35
[DBG] control type=35
[DBG] control type=35
[DBG] control type=35
[DBG] control type=35
[DBG] control type=35
[DBG] control type=35
[DBG] control type=35
[DBG] control type=35
[DBG] control type=35
[DBG] control type=35
[DBG] control type=35
[DBG] control type=35
[DBG] Buffering 17%
[DBG] control type=35
[DBG] control type=35
[DBG] control type=35
[DBG] control type=35
[DBG] control type=35
[DBG] control type=35
[DBG] control type=35
[DBG] Buffering 18%
[DBG] Buffering 25%
[DBG] Buffering 27%
[DBG] control type=35
[DBG] Buffering 28%
[DBG] Buffering 31%
[DBG] Buffering 36%
[DBG] control type=35
[DBG] control type=35
[DBG] Buffering 41%
[DBG] control type=35
[DBG] Buffering 45%
[DBG] Buffering 50%
[DBG] Buffering 53%
[DBG] control type=35
[DBG] Received first picture
9:57:11.522 PM [framestep] nextFrameStepped result=0 time=19504 ms
[DBG] control type=35
[DBG] control type=35
[DBG] Buffering 69%
[DBG] control type=35
[DBG] control type=35
[DBG] control type=35
[DBG] control type=35
[DBG] control type=35
[DBG] control type=35
[DBG] control type=35
[DBG] control type=35
[DBG] Buffering 75%
[DBG] control type=35
[DBG] Buffering 78%
[DBG] control type=35
[DBG] control type=35
[DBG] Buffering 81%
[DBG] control type=35
[DBG] control type=35
[DBG] Buffering 86%
[DBG] control type=35
[DBG] control type=35
[DBG] Buffering 91%
[DBG] control type=35
[DBG] control type=35
[DBG] control type=35
[DBG] Buffering 95%
[DBG] control type=35
[DBG] control type=35
[DBG] Buffering 97%
[DBG] control type=35
[DBG] Stream buffering done (1001 ms in 15 ms)
9:57:11.528 PM [player] buffering 1.0
[DBG] Decoder wait done in 0 ms
[ERR] ES_OUT_SET_(GROUP_)PCR  is called 13152 ms late (jitter of 13131 ms ignored)
[DBG] ES_OUT_RESET_PCR called
9:57:11.528 PM [player] buffering 0.0
[DBG] control type=35
[DBG] control type=35
[DBG] control type=35
[DBG] control type=35
[DBG] control type=35
[DBG] control type=35
[DBG] control type=35
[DBG] control type=35
[DBG] control type=35
[DBG] control type=35
[DBG] control type=35
[DBG] control type=35
[DBG] control type=35
[DBG] control type=35
[DBG] control type=35
[DBG] control type=35
[DBG] control type=35
[DBG] control type=35
[DBG] control type=35
[DBG] control type=35
[DBG] control type=35
9:57:11.536 PM [player] buffering 0.0
[DBG] Buffering 0%
[DBG] control type=35
[DBG] control type=35
[DBG] control type=35
[DBG] control type=35
[DBG] control type=35
[DBG] Buffering 1%
[DBG] Buffering 8%
[DBG] Buffering 9%
[DBG] control type=35
[DBG] Buffering 11%
[DBG] control type=35
[DBG] Buffering 14%
[DBG] Buffering 19%
[DBG] control type=35
[DBG] control type=35
[DBG] control type=35
[DBG] control type=35
[DBG] Buffering 24%
[DBG] control type=35
[DBG] control type=35
[DBG] Received first picture
9:57:11.541 PM [framestep] nextFrameStepped result=0 time=19504 ms
[DBG] Buffering 28%
[DBG] control type=35
[DBG] control type=35
[DBG] Buffering 33%
[DBG] control type=35
[DBG] control type=35
[DBG] Buffering 36%
[DBG] control type=35
[DBG] control type=35
[DBG] control type=35
[DBG] control type=35
[DBG] control type=35
[DBG] Buffering 51%
[DBG] control type=35
[DBG] control type=35
[DBG] control type=35
[DBG] control type=35
[DBG] control type=35
[DBG] Buffering 58%
[DBG] Buffering 60%
[DBG] control type=35
[DBG] control type=35
[DBG] Buffering 61%
[DBG] control type=35
[DBG] control type=35
[DBG] Buffering 64%
[DBG] control type=35
[DBG] Buffering 69%
[DBG] control type=35
[DBG] control type=35
[DBG] control type=35
[DBG] Buffering 74%
[DBG] control type=35
[DBG] control type=35
[DBG] Buffering 78%
[DBG] Buffering 80%
[DBG] control type=35
[DBG] control type=35
[DBG] control type=35
[DBG] Buffering 83%
[DBG] Buffering 86%
[DBG] control type=35
[DBG] control type=35
[DBG] control type=35
[DBG] control type=35
[DBG] control type=35
[DBG] Stream buffering done (1024 ms in 18 ms)
9:57:11.555 PM [player] buffering 1.0
[DBG] Decoder wait done in 0 ms
[DBG] control type=35
[DBG] control type=35
[DBG] control type=35
[DBG] control type=35
[DBG] control type=35
[DBG] control type=35
[ERR] ES_OUT_SET_(GROUP_)PCR  is called 13132 ms late (jitter of 13132 ms ignored)
[DBG] ES_OUT_RESET_PCR called
9:57:11.557 PM [player] buffering 0.0
[DBG] control type=35
[DBG] control type=35
[DBG] control type=35
9:57:11.557 PM [player] buffering 0.0
[DBG] Buffering 0%
[DBG] control type=35
[DBG] control type=35
[DBG] control type=35
[DBG] control type=35
[DBG] control type=35
[DBG] control type=35
[DBG] control type=35
[DBG] control type=35
[DBG] Buffering 3%
[DBG] control type=35
[DBG] control type=35
[DBG] Buffering 8%
[DBG] control type=35
[DBG] control type=35
[DBG] control type=35
[DBG] control type=35
[DBG] control type=35
[DBG] control type=35
[DBG] Buffering 13%
[DBG] control type=35
[DBG] control type=35
[DBG] control type=35
[DBG] control type=35
[DBG] control type=35
[DBG] control type=35
[DBG] control type=35
[DBG] Buffering 16%
[DBG] control type=35
[DBG] control type=35
[DBG] Buffering 19%
[DBG] control type=35
[DBG] control type=35
[DBG] control type=35
[DBG] control type=35
[DBG] control type=35
[DBG] Buffering 21%
[DBG] control type=35
[DBG] control type=35
[DBG] Buffering 25%
[DBG] control type=35
[DBG] control type=35
[DBG] control type=35
[DBG] control type=35
[DBG] control type=35
[DBG] control type=35
[DBG] control type=35
[DBG] control type=35
[DBG] control type=35
[DBG] control type=35
[DBG] Buffering 38%
[DBG] control type=35
[DBG] control type=35
[DBG] control type=35
[DBG] control type=35
[DBG] Buffering 40%
[DBG] Buffering 46%
[DBG] Buffering 48%
[DBG] control type=35
[DBG] control type=35
[DBG] Buffering 50%
[DBG] Buffering 53%
[DBG] Buffering 58%
[DBG] control type=35
[DBG] Buffering 63%
[DBG] control type=35
[DBG] control type=35
[DBG] control type=35
[DBG] control type=35
[DBG] Buffering 66%
[DBG] Buffering 71%
[DBG] Received first picture
9:57:11.569 PM [framestep] nextFrameStepped result=0 time=19504 ms
[DBG] Buffering 75%
[DBG] control type=35
[DBG] control type=35
[DBG] control type=35
[DBG] control type=35
[DBG] control type=35
[DBG] control type=35
[DBG] Buffering 90%
[DBG] control type=35
[DBG] control type=35
[DBG] control type=35
[DBG] control type=35
[DBG] control type=35
[DBG] control type=35
[DBG] control type=35
[DBG] control type=35
[DBG] Buffering 96%
[DBG] Buffering 99%
[DBG] control type=35
[DBG] control type=35
[DBG] Stream buffering done (1001 ms in 18 ms)
9:57:11.575 PM [player] buffering 1.0
[DBG] Decoder wait done in 0 ms
[DBG] control type=35
[DBG] control type=35
[ERR] ES_OUT_SET_(GROUP_)PCR  is called 13199 ms late (jitter of 13152 ms ignored)
[DBG] ES_OUT_RESET_PCR called
9:57:11.576 PM [player] buffering 0.0
[DBG] control type=35
[DBG] control type=35
[DBG] control type=35
[DBG] control type=35
[DBG] control type=35
[DBG] control type=35
[DBG] Buffering 0%
9:57:11.577 PM [player] buffering 0.0
[DBG] control type=35
[DBG] control type=35
[DBG] control type=35
[DBG] control type=35
[DBG] control type=35
[DBG] control type=35
[DBG] Buffering 5%
[DBG] control type=35
[DBG] control type=35
[DBG] control type=35
[DBG] control type=35
[DBG] control type=35
[DBG] control type=35
[DBG] control type=35
[DBG] Buffering 8%
[DBG] control type=35
[DBG] control type=35
[DBG] Buffering 10%
[DBG] control type=35
[DBG] control type=35
[DBG] control type=35
[DBG] control type=35
[DBG] control type=35
[DBG] control type=35
[DBG] Buffering 13%
[DBG] control type=35
[DBG] control type=35
[DBG] control type=35
[DBG] Buffering 16%
[DBG] control type=35
[DBG] control type=35
[DBG] control type=35
[DBG] control type=35
[DBG] control type=35
[DBG] control type=35
[DBG] control type=35
[DBG] control type=35
[DBG] control type=35
[DBG] control type=35
[DBG] control type=35
[DBG] control type=35
[DBG] Buffering 32%
[DBG] control type=35
[DBG] control type=35
[DBG] control type=35
[DBG] control type=35
[DBG] control type=35
[DBG] control type=35
[DBG] control type=35
[DBG] Buffering 38%
[DBG] Buffering 41%
[DBG] control type=35
[DBG] Received first picture
9:57:11.586 PM [framestep] nextFrameStepped result=0 time=19504 ms
[DBG] Buffering 45%
[DBG] control type=35
[DBG] Buffering 50%
[DBG] Buffering 52%
[DBG] control type=35
[DBG] control type=35
[DBG] Buffering 55%
[DBG] control type=35
[DBG] Buffering 58%
[DBG] control type=35
[DBG] control type=35
[DBG] Buffering 61%
[DBG] control type=35
[DBG] control type=35
[DBG] Buffering 63%
[DBG] control type=35
[DBG] Buffering 66%
[DBG] control type=35
[DBG] control type=35
[DBG] control type=35
[DBG] control type=35
[DBG] Buffering 80%
[DBG] control type=35
[DBG] control type=35
[DBG] control type=35
[DBG] control type=35
[DBG] control type=35
[DBG] control type=35
[DBG] Buffering 81%
[DBG] control type=35
[DBG] control type=35
[DBG] Buffering 88%
[DBG] control type=35
[DBG] Buffering 90%
[DBG] control type=35
[DBG] control type=35
[DBG] control type=35
[DBG] Buffering 91%
[DBG] control type=35
[DBG] Buffering 95%
[DBG] control type=35
9:57:11.594 PM [player] buffering 1.0
[DBG] Stream buffering done (1000 ms in 17 ms)
[DBG] Decoder wait done in 0 ms
[DBG] control type=35
[DBG] control type=35
[ERR] ES_OUT_SET_(GROUP_)PCR  is called 13250 ms late (jitter of 13199 ms ignored)
[DBG] ES_OUT_RESET_PCR called
9:57:11.594 PM [player] buffering 0.0
[DBG] control type=35
[DBG] control type=35
[DBG] control type=35
[DBG] Buffering 0%
9:57:11.594 PM [player] buffering 0.0
[DBG] control type=35
[DBG] control type=35
[DBG] control type=35
[DBG] control type=35
[DBG] control type=35
[DBG] control type=35
[DBG] control type=35
[DBG] control type=35
[DBG] Buffering 3%
[DBG] control type=35
[DBG] control type=35
[DBG] Buffering 8%
[DBG] control type=35
[DBG] control type=35
[DBG] control type=35
[DBG] Buffering 11%
[DBG] control type=35
[DBG] control type=35
[DBG] control type=35
[DBG] control type=35
[DBG] control type=35
[DBG] control type=35
[DBG] control type=35
[DBG] control type=35
[DBG] control type=35
[DBG] control type=35
[DBG] control type=35
[DBG] control type=35
[DBG] control type=35
[DBG] control type=35
[DBG] control type=35
[DBG] control type=35
[DBG] Buffering 26%
[DBG] control type=35
[DBG] control type=35
[DBG] control type=35
[DBG] control type=35
[DBG] control type=35
[DBG] Buffering 33%
[DBG] Buffering 36%
[DBG] control type=35
[DBG] control type=35
[DBG] Buffering 40%
[DBG] Buffering 45%
[DBG] control type=35
[DBG] control type=35
[DBG] Buffering 50%
[DBG] Received first picture
9:57:11.613 PM [framestep] nextFrameStepped result=0 time=19504 ms
[DBG] Buffering 53%
[DBG] control type=35
[DBG] Buffering 55%
[DBG] control type=35
[DBG] Buffering 58%
[DBG] control type=35
[DBG] Buffering 61%
[DBG] control type=35
[DBG] control type=35
[DBG] control type=35
[DBG] control type=35
[DBG] control type=35
[DBG] Buffering 78%
[DBG] control type=35
[DBG] control type=35
[DBG] control type=35
[DBG] control type=35
[DBG] control type=35
[DBG] Buffering 83%
[DBG] Buffering 86%
[DBG] control type=35
[DBG] control type=35
[DBG] Buffering 90%
[DBG] control type=35
[DBG] control type=35
[DBG] Buffering 95%
[DBG] control type=35
[DBG] Buffering 97%
[DBG] control type=35
[DBG] control type=35
[DBG] Stream buffering done (1001 ms in 24 ms)
9:57:11.619 PM [player] buffering 1.0
[DBG] Decoder wait done in 0 ms
[ERR] ES_OUT_SET_(GROUP_)PCR  is called 13242 ms late (jitter of 13242 ms ignored)
[DBG] ES_OUT_RESET_PCR called
9:57:11.619 PM [player] buffering 0.0
[DBG] control type=35
[DBG] control type=35
[DBG] control type=35
[DBG] control type=35
[DBG] control type=35
[DBG] control type=35
[DBG] control type=35
[DBG] control type=35
[DBG] control type=35
9:57:11.619 PM [player] buffering 0.0
[DBG] Buffering 0%
[DBG] control type=35
[DBG] control type=35
[DBG] control type=35
[DBG] control type=35
[DBG] Buffering 1%
[DBG] control type=35
[DBG] control type=35
[DBG] control type=35
[DBG] Buffering 4%
[DBG] control type=35
[DBG] control type=35
[DBG] control type=35
[DBG] control type=35
[DBG] control type=35
[DBG] control type=35
[DBG] control type=35
[DBG] control type=35
[DBG] control type=35
[DBG] control type=35
[DBG] control type=35
[DBG] control type=35
[DBG] control type=35
[DBG] Buffering 19%
[DBG] control type=35
[DBG] control type=35
[DBG] control type=35
[DBG] control type=35
[DBG] control type=35
[DBG] control type=35
[DBG] control type=35
[DBG] control type=35
[DBG] Buffering 26%
[DBG] Buffering 28%
[DBG] control type=35
[DBG] Buffering 29%
[DBG] Buffering 33%
[DBG] control type=35
[DBG] Buffering 38%
[DBG] control type=35
[DBG] Buffering 43%
[DBG] control type=35
[DBG] Received first picture
9:57:11.627 PM [framestep] nextFrameStepped result=0 time=19504 ms
[DBG] control type=35
[DBG] control type=35
[DBG] control type=35
[DBG] control type=35
[DBG] Buffering 46%
[DBG] control type=35
[DBG] Buffering 51%
[DBG] Buffering 54%
[DBG] control type=35
[DBG] control type=35
[DBG] control type=35
[DBG] control type=35
[DBG] control type=35
[DBG] control type=35
[DBG] control type=35
[DBG] control type=35
[DBG] control type=35
[DBG] control type=35
[DBG] control type=35
[DBG] control type=35
[DBG] Buffering 70%
[DBG] control type=35
[DBG] control type=35
[DBG] control type=35
[DBG] control type=35
[DBG] control type=35
[DBG] control type=35
[DBG] Buffering 76%
[DBG] control type=35
[DBG] Buffering 79%
[DBG] control type=35
[DBG] control type=35
[DBG] control type=35
[DBG] Buffering 83%
[DBG] Buffering 88%
[DBG] control type=35
[DBG] control type=35
[DBG] control type=35
[DBG] control type=35
[DBG] Buffering 93%
[DBG] control type=35
[DBG] Buffering 96%
[DBG] control type=35
[DBG] control type=35
[DBG] control type=35
[DBG] Buffering 99%
[DBG] control type=35
9:57:11.636 PM [player] buffering 1.0
[DBG] Stream buffering done (1016 ms in 16 ms)
[DBG] Decoder wait done in 0 ms
[DBG] control type=35
[ERR] ES_OUT_SET_(GROUP_)PCR  is called 13244 ms late (jitter of 13244 ms ignored)
[DBG] ES_OUT_RESET_PCR called
9:57:11.636 PM [player] buffering 0.0
[DBG] control type=35
[DBG] control type=35
[DBG] control type=35
[DBG] control type=35
[DBG] control type=35
[DBG] control type=35
[DBG] Buffering 0%
9:57:11.642 PM [player] buffering 0.0
[DBG] control type=35
[DBG] control type=35
[DBG] control type=35
[DBG] control type=35
[DBG] control type=35
[DBG] control type=35
[DBG] control type=35
[DBG] control type=35
[DBG] control type=35
[DBG] Buffering 5%
[DBG] Buffering 8%
[DBG] control type=35
[DBG] Buffering 11%
[DBG] Buffering 16%
[DBG] Buffering 19%
[DBG] control type=35
[DBG] Buffering 21%
[DBG] control type=35
[DBG] Buffering 25%
[DBG] control type=35
[DBG] Buffering 28%
[DBG] control type=35
[DBG] control type=35
[DBG] Buffering 30%
[DBG] Buffering 33%
[DBG] control type=35
[DBG] control type=35
[DBG] control type=35
[DBG] control type=35
[DBG] control type=35
[DBG] Buffering 48%
[DBG] Received first picture
9:57:11.646 PM [framestep] nextFrameStepped result=0 time=19504 ms
[DBG] control type=35
[DBG] control type=35
[DBG] control type=35
[DBG] control type=35
[DBG] control type=35
[DBG] Buffering 55%
[DBG] control type=35
[DBG] control type=35
[DBG] control type=35
[DBG] Buffering 57%
[DBG] control type=35
[DBG] control type=35
[DBG] control type=35
[DBG] Buffering 58%
[DBG] Buffering 61%
[DBG] control type=35
[DBG] control type=35
[DBG] control type=35
[DBG] Buffering 66%
[DBG] control type=35
[DBG] control type=35
[DBG] Buffering 71%
[DBG] control type=35
[DBG] Buffering 75%
[DBG] control type=35
[DBG] control type=35
[DBG] Buffering 80%
[DBG] control type=35
[DBG] Buffering 83%
[DBG] control type=35
[DBG] control type=35
[DBG] control type=35
[DBG] control type=35
[DBG] Buffering 99%
[DBG] control type=35
[DBG] control type=35
[DBG] control type=35
[DBG] control type=35
[DBG] control type=35
[DBG] control type=35
[DBG] control type=35
9:57:11.658 PM [player] buffering 1.0
[DBG] Stream buffering done (1051 ms in 15 ms)
[DBG] Decoder wait done in 0 ms
[DBG] control type=35
[ERR] ES_OUT_SET_(GROUP_)PCR  is called 13231 ms late (jitter of 13242 ms ignored)
[DBG] ES_OUT_RESET_PCR called
9:57:11.659 PM [player] buffering 0.0
[DBG] control type=35
[DBG] control type=35
[DBG] control type=35
[DBG] control type=35
[DBG] control type=35
[DBG] Buffering 0%
9:57:11.660 PM [player] buffering 0.0
[DBG] control type=35
[DBG] control type=35
[DBG] Buffering 4%
[DBG] control type=35
[DBG] control type=35
[DBG] control type=35
[DBG] control type=35
[DBG] control type=35
[DBG] Buffering 9%
[DBG] control type=35
[DBG] control type=35
[DBG] control type=35
[DBG] control type=35
[DBG] Buffering 13%
[DBG] control type=35
[DBG] control type=35
[DBG] Buffering 16%
[DBG] control type=35
[DBG] control type=35
[DBG] control type=35
[DBG] control type=35
[DBG] control type=35
[DBG] Buffering 18%
[DBG] control type=35
[DBG] control type=35
[DBG] Buffering 21%
[DBG] control type=35
[DBG] control type=35
[DBG] control type=35
[DBG] control type=35
[DBG] control type=35
[DBG] control type=35
[DBG] control type=35
[DBG] control type=35
[DBG] control type=35
[DBG] control type=35
[DBG] control type=35
[DBG] control type=35
[DBG] control type=35
[DBG] control type=35
[DBG] control type=35
[DBG] control type=35
[DBG] control type=35
[DBG] Buffering 35%
[DBG] control type=35
[DBG] control type=35
[DBG] control type=35
[DBG] control type=35
[DBG] Buffering 36%
[DBG] Buffering 43%
[DBG] Buffering 44%
[DBG] Buffering 46%
[DBG] control type=35
[DBG] Buffering 50%
[DBG] Buffering 54%
[DBG] Buffering 55%
[DBG] control type=35
[DBG] Received first picture
9:57:11.668 PM [framestep] nextFrameStepped result=0 time=19504 ms
[DBG] control type=35
[DBG] Buffering 60%
[DBG] control type=35
[DBG] control type=35
[DBG] control type=35
[DBG] Buffering 63%
[DBG] control type=35
[DBG] Buffering 68%
[DBG] control type=35
[DBG] control type=35
[DBG] control type=35
[DBG] Buffering 71%
[DBG] control type=35
[DBG] control type=35
[DBG] control type=35
[DBG] control type=35
[DBG] control type=35
[DBG] control type=35
[DBG] control type=35
[DBG] control type=35
[DBG] control type=35
[DBG] control type=35
[DBG] Buffering 86%
[DBG] control type=35
[DBG] control type=35
[DBG] control type=35
[DBG] control type=35
[DBG] control type=35
[DBG] control type=35
[DBG] control type=35
[DBG] Buffering 93%
[DBG] control type=35
[DBG] control type=35
[DBG] Buffering 96%
[DBG] control type=35
[DBG] control type=35
[DBG] control type=35
9:57:11.677 PM [player] buffering 1.0
[DBG] Stream buffering done (1001 ms in 17 ms)
[DBG] Decoder wait done in 0 ms
[DBG] control type=35
[ERR] ES_OUT_SET_(GROUP_)PCR  is called 13284 ms late (jitter of 13244 ms ignored)
[DBG] ES_OUT_RESET_PCR called
9:57:11.677 PM [player] buffering 0.0
[DBG] control type=35
[DBG] control type=35
[DBG] control type=35
[DBG] control type=35
[DBG] control type=35
[DBG] control type=35
[DBG] control type=35
[DBG] control type=35
9:57:11.680 PM [player] buffering 0.0
[DBG] Buffering 0%
[DBG] control type=35
[DBG] control type=35
[DBG] control type=35
[DBG] control type=35
[DBG] Buffering 3%
[DBG] control type=35
[DBG] control type=35
[DBG] Buffering 5%
[DBG] control type=35
[DBG] control type=35
[DBG] control type=35
[DBG] control type=35
[DBG] control type=35
[DBG] Buffering 8%
[DBG] control type=35
[DBG] control type=35
[DBG] Buffering 11%
[DBG] control type=35
[DBG] control type=35
[DBG] control type=35
[DBG] control type=35
[DBG] control type=35
[DBG] control type=35
[DBG] control type=35
[DBG] control type=35
[DBG] control type=35
[DBG] control type=35
[DBG] control type=35
[DBG] control type=35
[DBG] control type=35
[DBG] control type=35
[DBG] control type=35
[DBG] control type=35
[DBG] control type=35
[DBG] control type=35
[DBG] control type=35
[DBG] control type=35
[DBG] control type=35
[DBG] control type=35
[DBG] control type=35
[DBG] control type=35
[DBG] control type=35
[DBG] control type=35
[DBG] control type=35
[DBG] control type=35
[DBG] control type=35
[DBG] control type=35
[DBG] control type=35
[DBG] control type=35
[DBG] control type=35
[DBG] Buffering 27%
[DBG] control type=35
[DBG] control type=35
[DBG] control type=35
[DBG] control type=35
[DBG] Buffering 33%
[DBG] Buffering 36%
[DBG] control type=35
[DBG] Buffering 40%
[DBG] control type=35
[DBG] control type=35
[DBG] Buffering 45%
[DBG] Buffering 46%
[DBG] Buffering 50%
[DBG] control type=35
[DBG] Received first picture
9:57:11.687 PM [framestep] nextFrameStepped result=0 time=19504 ms
[DBG] Buffering 53%
[DBG] control type=35
[DBG] control type=35
[DBG] Buffering 56%
[DBG] control type=35
[DBG] Buffering 58%
[DBG] Buffering 61%
[DBG] control type=35
[DBG] control type=35
[DBG] control type=35
[DBG] control type=35
[DBG] control type=35
[DBG] control type=35
[DBG] Buffering 75%
[DBG] control type=35
[DBG] control type=35
[DBG] control type=35
[DBG] control type=35
[DBG] Buffering 76%
[DBG] control type=35
[DBG] Buffering 83%
[DBG] control type=35
[DBG] control type=35
[DBG] control type=35
[DBG] Buffering 85%
[DBG] control type=35
[DBG] Buffering 86%
[DBG] control type=35
[DBG] Buffering 90%
[DBG] control type=35
[DBG] Buffering 94%
[DBG] control type=35
[DBG] control type=35
[DBG] Buffering 95%
9:57:11.695 PM [player] buffering 1.0
[DBG] Stream buffering done (1001 ms in 14 ms)
[DBG] Decoder wait done in 0 ms
[DBG] control type=35
[DBG] control type=35
[DBG] control type=35
[ERR] ES_OUT_SET_(GROUP_)PCR  is called 13318 ms late (jitter of 13284 ms ignored)
[DBG] ES_OUT_RESET_PCR called
9:57:11.695 PM [player] buffering 0.0
[DBG] control type=35
[DBG] control type=35
[DBG] control type=35
[DBG] control type=35
[DBG] Buffering 0%
9:57:11.696 PM [player] buffering 0.0
[DBG] control type=35
[DBG] control type=35
[DBG] control type=35
[DBG] Buffering 3%
[DBG] control type=35
[DBG] control type=35
[DBG] control type=35
[DBG] control type=35
[DBG] control type=35
[DBG] control type=35
[DBG] control type=35
[DBG] Buffering 18%
[DBG] control type=35
[DBG] control type=35
[DBG] control type=35
[DBG] control type=35
[DBG] control type=35
[DBG] control type=35
[DBG] control type=35
[DBG] control type=35
[DBG] control type=35
[DBG] control type=35
[DBG] control type=35
[DBG] control type=35
[DBG] control type=35
[DBG] control type=35
[DBG] control type=35
[DBG] control type=35
[DBG] control type=35
[DBG] control type=35
[DBG] control type=35
[DBG] control type=35
[DBG] Buffering 25%
[DBG] control type=35
[DBG] Buffering 28%
[DBG] control type=35
[DBG] Received first picture
9:57:11.703 PM [framestep] nextFrameStepped result=0 time=19504 ms
[DBG] control type=35
[DBG] control type=35
[DBG] control type=35
[DBG] Buffering 31%
[DBG] control type=35
[DBG] Buffering 36%
[DBG] control type=35
[DBG] control type=35
[DBG] control type=35
[DBG] control type=35
[DBG] Buffering 41%
[DBG] control type=35
[DBG] Buffering 45%
[DBG] Buffering 47%
[DBG] control type=35
[DBG] control type=35
[DBG] Buffering 50%
[DBG] control type=35
[DBG] control type=35
[DBG] Buffering 53%
[DBG] control type=35
[DBG] control type=35
[DBG] control type=35
[DBG] control type=35
[DBG] control type=35
[DBG] Buffering 69%
[DBG] control type=35
[DBG] control type=35
[DBG] control type=35
[DBG] control type=35
[DBG] control type=35
[DBG] control type=35
[DBG] Buffering 75%
[DBG] Buffering 78%
[DBG] control type=35
[DBG] control type=35
[DBG] control type=35
[DBG] control type=35
[DBG] Buffering 81%
[DBG] control type=35
[DBG] control type=35
[DBG] control type=35
[DBG] Buffering 86%
[DBG] control type=35
[DBG] Buffering 88%
[DBG] control type=35
[DBG] Buffering 91%
[DBG] Buffering 95%
[DBG] control type=35
[DBG] control type=35
[DBG] Buffering 98%
[DBG] control type=35
[DBG] control type=35
[DBG] control type=35
[DBG] Stream buffering done (1001 ms in 17 ms)
9:57:11.714 PM [player] buffering 1.0
[DBG] Decoder wait done in 0 ms
[ERR] ES_OUT_SET_(GROUP_)PCR  is called 13337 ms late (jitter of 13318 ms ignored)
[DBG] ES_OUT_RESET_PCR called
9:57:11.714 PM [player] buffering 0.0
[DBG] control type=35
[DBG] control type=35
[DBG] control type=35
[DBG] control type=35
[DBG] control type=35
[DBG] control type=35
[DBG] control type=35
[DBG] control type=35
[DBG] control type=35
[DBG] control type=35
[DBG] control type=35
[DBG] control type=35
[DBG] control type=35
[DBG] control type=35
[DBG] control type=35
[DBG] control type=35
[DBG] control type=35
[DBG] control type=35
[DBG] control type=35
[DBG] Buffering 0%
9:57:11.717 PM [player] buffering 0.0
[DBG] control type=35
[DBG] control type=35
[DBG] control type=35
[DBG] control type=35
[DBG] control type=35
[DBG] control type=35
[DBG] control type=35
[DBG] control type=35
[DBG] control type=35
[DBG] control type=35
[DBG] control type=35
[DBG] Buffering 7%
[DBG] control type=35
[DBG] Buffering 9%
[DBG] control type=35
[DBG] Buffering 10%
[DBG] Received first picture
9:57:11.726 PM [framestep] nextFrameStepped result=0 time=19504 ms
[DBG] control type=35
[DBG] Buffering 14%
[DBG] control type=35
[DBG] Buffering 19%
[DBG] control type=35
[DBG] control type=35
[DBG] control type=35
[DBG] Buffering 24%
[DBG] control type=35
[DBG] control type=35
[DBG] control type=35
[DBG] Buffering 27%
[DBG] control type=35
[DBG] control type=35
[DBG] control type=35
[DBG] Buffering 32%
[DBG] Buffering 35%
[DBG] control type=35
[DBG] control type=35
[DBG] control type=35
[DBG] control type=35
[DBG] control type=35
[DBG] control type=35
[DBG] control type=35
[DBG] control type=35
[DBG] Buffering 51%
[DBG] control type=35
[DBG] control type=35
[DBG] control type=35
[DBG] control type=35
[DBG] control type=35
[DBG] control type=35
[DBG] control type=35
[DBG] Buffering 57%
[DBG] Buffering 60%
[DBG] control type=35
[DBG] control type=35
[DBG] control type=35
[DBG] Buffering 64%
[DBG] control type=35
[DBG] control type=35
[DBG] Buffering 69%
[DBG] control type=35
[DBG] control type=35
[DBG] Buffering 74%
[DBG] control type=35
[DBG] control type=35
[DBG] control type=35
[DBG] control type=35
[DBG] Buffering 77%
[DBG] control type=35
[DBG] Buffering 80%
[DBG] control type=35
[DBG] Buffering 82%
[DBG] Buffering 85%
[DBG] control type=35
[DBG] control type=35
[DBG] control type=35
[DBG] control type=35
[DBG] control type=35
[DBG] control type=35
[DBG] control type=35
[DBG] Stream buffering done (1024 ms in 25 ms)
9:57:11.743 PM [player] buffering 1.0
[DBG] Decoder wait done in 0 ms
[DBG] control type=35
[DBG] control type=35
[DBG] control type=35
[DBG] control type=35
[DBG] control type=35
[ERR] ES_OUT_SET_(GROUP_)PCR  is called 13331 ms late (jitter of 13331 ms ignored)
[DBG] ES_OUT_RESET_PCR called
9:57:11.750 PM [player] buffering 0.0
[DBG] control type=35
[DBG] control type=35
[DBG] control type=35
[DBG] Buffering 0%
9:57:11.750 PM [player] buffering 0.0
[DBG] control type=35
[DBG] control type=35
[DBG] control type=35
[DBG] control type=35
[DBG] control type=35
[DBG] control type=35
[DBG] Buffering 3%
[DBG] control type=35
[DBG] control type=35
[DBG] control type=35
[DBG] Buffering 8%
[DBG] control type=35
[DBG] control type=35
[DBG] control type=35
[DBG] control type=35
[DBG] control type=35
[DBG] control type=35
[DBG] Buffering 10%
[DBG] control type=35
[DBG] control type=35
[DBG] control type=35
[DBG] control type=35
[DBG] Buffering 13%
[DBG] control type=35
[DBG] control type=35
[DBG] Buffering 16%
[DBG] control type=35
[DBG] control type=35
[DBG] control type=35
[DBG] control type=35
[DBG] control type=35
[DBG] control type=35
[DBG] Buffering 20%
[DBG] control type=35
[DBG] control type=35
[DBG] control type=35
[DBG] control type=35
[DBG] Buffering 21%
[DBG] control type=35
[DBG] Buffering 25%
[DBG] control type=35
[DBG] control type=35
[DBG] control type=35
[DBG] control type=35
[DBG] control type=35
[DBG] control type=35
[DBG] control type=35
[DBG] control type=35
[DBG] control type=35
[DBG] control type=35
[DBG] control type=35
[DBG] Buffering 39%
[DBG] control type=35
[DBG] control type=35
[DBG] control type=35
[DBG] control type=35
[DBG] control type=35
[DBG] control type=35
[DBG] control type=35
[DBG] Buffering 40%
[DBG] Buffering 46%
[DBG] Buffering 49%
[DBG] control type=35
[DBG] control type=35
[DBG] Buffering 50%
[DBG] control type=35
[DBG] control type=35
[DBG] Received first picture
9:57:11.761 PM [framestep] nextFrameStepped result=0 time=19504 ms
[DBG] Buffering 53%
[DBG] control type=35
[DBG] control type=35
[DBG] Buffering 58%
[DBG] control type=35
[DBG] control type=35
[DBG] control type=35
[DBG] Buffering 63%
[DBG] control type=35
[DBG] control type=35
[DBG] control type=35
[DBG] control type=35
[DBG] Buffering 66%
[DBG] control type=35
[DBG] Buffering 71%
[DBG] control type=35
[DBG] control type=35
[DBG] Buffering 75%
[DBG] control type=35
[DBG] control type=35
[DBG] control type=35
[DBG] control type=35
[DBG] control type=35
[DBG] control type=35
[DBG] control type=35
[DBG] control type=35
[DBG] Buffering 90%
[DBG] control type=35
[DBG] control type=35
[DBG] control type=35
[DBG] control type=35
[DBG] control type=35
[DBG] Buffering 96%
[DBG] control type=35
[DBG] Stream buffering done (1001 ms in 18 ms)
9:57:11.769 PM [player] buffering 1.0
[DBG] Decoder wait done in 0 ms
[DBG] control type=35
[DBG] control type=35
[DBG] control type=35
[ERR] ES_OUT_SET_(GROUP_)PCR  is called 13392 ms late (jitter of 13337 ms ignored)
[DBG] ES_OUT_RESET_PCR called
9:57:11.769 PM [player] buffering 0.0
[DBG] control type=35
[DBG] control type=35
[DBG] control type=35
9:57:11.771 PM [player] buffering 0.0
[DBG] Buffering 0%
[DBG] control type=35
[DBG] control type=35
[DBG] control type=35
[DBG] control type=35
[DBG] Buffering 5%
[DBG] control type=35
[DBG] control type=35
[DBG] control type=35
[DBG] control type=35
[DBG] Buffering 8%
[DBG] control type=35
[DBG] control type=35
[DBG] Buffering 11%
[DBG] control type=35
[DBG] control type=35
[DBG] Buffering 13%
[DBG] control type=35
[DBG] control type=35
[DBG] control type=35
[DBG] Buffering 16%
[DBG] control type=35
[DBG] control type=35
[DBG] control type=35
[DBG] control type=35
[DBG] control type=35
[DBG] control type=35
[DBG] control type=35
[DBG] control type=35
[DBG] control type=35
[DBG] control type=35
[DBG] control type=35
[DBG] Buffering 30%
[DBG] control type=35
[DBG] control type=35
[DBG] control type=35
[DBG] control type=35
[DBG] control type=35
[DBG] control type=35
[DBG] Buffering 31%
[DBG] Buffering 38%
[DBG] Buffering 39%
[DBG] control type=35
[DBG] control type=35
[DBG] Buffering 41%
[DBG] control type=35
[DBG] control type=35
[DBG] control type=35
[DBG] Buffering 45%
[DBG] Buffering 49%
[DBG] control type=35
[DBG] Buffering 50%
[DBG] control type=35
[DBG] Received first picture
9:57:11.781 PM [framestep] nextFrameStepped result=0 time=19504 ms
[DBG] Buffering 55%
[DBG] control type=35
[DBG] control type=35
[DBG] Buffering 58%
[DBG] Buffering 63%
[DBG] control type=35
[DBG] control type=35
[DBG] Buffering 66%
[DBG] control type=35
[DBG] control type=35
[DBG] control type=35
[DBG] control type=35
[DBG] control type=35
[DBG] Buffering 81%
[DBG] control type=35
[DBG] control type=35
[DBG] control type=35
[DBG] control type=35
[DBG] control type=35
[DBG] Buffering 88%
[DBG] Buffering 91%
[DBG] control type=35
[DBG] control type=35
[DBG] control type=35
[DBG] Buffering 95%
[DBG] control type=35
[DBG] control type=35
[DBG] Stream buffering done (1001 ms in 15 ms)
[DBG] Decoder wait done in 0 ms
9:57:11.786 PM [player] buffering 1.0
[DBG] control type=35
[DBG] control type=35
[ERR] ES_OUT_SET_(GROUP_)PCR  is called 13395 ms late (jitter of 13392 ms ignored)
[DBG] ES_OUT_RESET_PCR called
9:57:11.789 PM [player] buffering 0.0
[DBG] control type=35
[DBG] control type=35
[DBG] control type=35
9:57:11.790 PM [player] buffering 0.0
[DBG] Buffering 0%
[DBG] control type=35
[DBG] control type=35
[DBG] Buffering 1%
[DBG] control type=35
[DBG] control type=35
[DBG] control type=35
[DBG] control type=35
[DBG] control type=35
[DBG] Buffering 4%
[DBG] control type=35
[DBG] control type=35
[DBG] control type=35
[DBG] Buffering 8%
[DBG] control type=35
[DBG] control type=35
[DBG] control type=35
[DBG] control type=35
[DBG] control type=35
[DBG] control type=35
[DBG] control type=35
[DBG] control type=35
[DBG] control type=35
[DBG] control type=35
[DBG] control type=35
[DBG] control type=35
[DBG] control type=35
[DBG] control type=35
[DBG] Buffering 24%
[DBG] control type=35
[DBG] control type=35
[DBG] control type=35
[DBG] control type=35
[DBG] control type=35
[DBG] Buffering 29%
[DBG] Buffering 33%
[DBG] control type=35
[DBG] Buffering 36%
[DBG] Buffering 41%
[DBG] control type=35
[DBG] control type=35
[DBG] Buffering 46%
[DBG] control type=35
[DBG] Buffering 50%
[DBG] Buffering 52%
[DBG] control type=35
[DBG] control type=35
[DBG] Buffering 55%
[DBG] Buffering 58%
[DBG] control type=35
[DBG] Received first picture
9:57:11.797 PM [framestep] nextFrameStepped result=0 time=19504 ms
[DBG] control type=35
[DBG] control type=35
[DBG] control type=35
[DBG] control type=35
[DBG] control type=35
[DBG] control type=35
[DBG] control type=35
[DBG] control type=35
[DBG] Buffering 72%
[DBG] control type=35
[DBG] control type=35
[DBG] control type=35
[DBG] Buffering 73%
[DBG] control type=35
[DBG] control type=35
[DBG] Buffering 80%
[DBG] Buffering 81%
[DBG] control type=35
[DBG] control type=35
[DBG] control type=35
[DBG] Buffering 83%
[DBG] control type=35
[DBG] Buffering 86%
[DBG] control type=35
[DBG] control type=35
[DBG] Buffering 91%
[DBG] control type=35
[DBG] control type=35
[DBG] control type=35
[DBG] Buffering 96%
[DBG] control type=35
[DBG] control type=35
[DBG] Stream buffering done (1001 ms in 17 ms)
9:57:11.808 PM [player] buffering 1.0
[DBG] Decoder wait done in 0 ms
[DBG] control type=35
[DBG] control type=35
[ERR] ES_OUT_SET_(GROUP_)PCR  is called 13415 ms late (jitter of 13395 ms ignored)
[DBG] ES_OUT_RESET_PCR called
9:57:11.808 PM [player] buffering 0.0
[DBG] control type=35
[DBG] control type=35
[DBG] control type=35
[DBG] Buffering 0%
9:57:11.808 PM [player] buffering 0.0
[DBG] control type=35
[DBG] control type=35
[DBG] control type=35
[DBG] control type=35
[DBG] control type=35
[DBG] control type=35
[DBG] control type=35
[DBG] control type=35
[DBG] control type=35
[DBG] control type=35
[DBG] Buffering 14%
[DBG] control type=35
[DBG] control type=35
[DBG] control type=35
[DBG] control type=35
[DBG] control type=35
[DBG] control type=35
[DBG] control type=35
[DBG] control type=35
[DBG] Buffering 21%
[DBG] control type=35
[DBG] Buffering 24%
[DBG] Buffering 25%
[DBG] control type=35
[DBG] control type=35
[DBG] Buffering 28%
[DBG] Buffering 33%
[DBG] control type=35
[DBG] control type=35
[DBG] Received first picture
9:57:11.815 PM [framestep] nextFrameStepped result=0 time=19504 ms
[DBG] Buffering 38%
[DBG] control type=35
[DBG] control type=35
[DBG] control type=35
[DBG] Buffering 41%
[DBG] Buffering 43%
[DBG] control type=35
[DBG] control type=35
[DBG] Buffering 46%
[DBG] control type=35
[DBG] Buffering 50%
[DBG] control type=35
[DBG] control type=35
[DBG] control type=35
[DBG] Buffering 66%
[DBG] control type=35
[DBG] control type=35
[DBG] control type=35
[DBG] control type=35
[DBG] control type=35
[DBG] control type=35
[DBG] control type=35
[DBG] control type=35
[DBG] Buffering 71%
[DBG] control type=35
[DBG] Buffering 75%
[DBG] control type=35
[DBG] control type=35
[DBG] Buffering 78%
[DBG] control type=35
[DBG] Buffering 83%
[DBG] control type=35
[DBG] control type=35
[DBG] Buffering 85%
[DBG] control type=35
[DBG] Buffering 88%
[DBG] control type=35
[DBG] Buffering 91%
[DBG] control type=35
[DBG] Buffering 94%
[DBG] control type=35
[DBG] Buffering 96%
[DBG] control type=35
[DBG] Stream buffering done (1001 ms in 24 ms)
9:57:11.833 PM [player] buffering 1.0
[DBG] Decoder wait done in 0 ms
[DBG] control type=35
[ERR] ES_OUT_SET_(GROUP_)PCR  is called 13351 ms late (jitter of 13395 ms ignored)
[DBG] ES_OUT_RESET_PCR called
9:57:11.835 PM [player] buffering 0.0
[DBG] control type=35
[DBG] control type=35
[DBG] control type=35
[DBG] control type=35
[DBG] control type=35
[DBG] control type=35
[DBG] control type=35
[DBG] control type=35
[DBG] control type=35
[DBG] control type=35
[DBG] control type=35
[DBG] Buffering 0%
9:57:11.838 PM [player] buffering 0.0
[DBG] control type=35
[DBG] control type=35
[DBG] control type=35
[DBG] control type=35
[DBG] Buffering 6%
[DBG] control type=35
[DBG] control type=35
[DBG] control type=35
[DBG] control type=35
[DBG] Buffering 8%
[DBG] control type=35
[DBG] control type=35
[DBG] control type=35
[DBG] control type=35
[DBG] control type=35
[DBG] Buffering 10%
[DBG] control type=35
[DBG] control type=35
[DBG] Buffering 13%
[DBG] control type=35
[DBG] control type=35
[DBG] control type=35
[DBG] control type=35
[DBG] control type=35
[DBG] Buffering 18%
[DBG] control type=35
[DBG] control type=35
[DBG] control type=35
[DBG] control type=35
[DBG] control type=35
[DBG] Buffering 23%
[DBG] control type=35
[DBG] control type=35
[DBG] control type=35
[DBG] control type=35
[DBG] control type=35
[DBG] control type=35
[DBG] control type=35
[DBG] control type=35
[DBG] control type=35
[DBG] control type=35
[DBG] control type=35
[DBG] control type=35
[DBG] control type=35
[DBG] control type=35
[DBG] Buffering 26%
[DBG] control type=35
[DBG] control type=35
[DBG] Buffering 31%
[DBG] control type=35
[DBG] control type=35
[DBG] control type=35
[DBG] control type=35
[DBG] Buffering 35%
[DBG] control type=35
[DBG] control type=35
[DBG] control type=35
[DBG] control type=35
[DBG] control type=35
[DBG] control type=35
[DBG] Buffering 50%
[DBG] control type=35
[DBG] control type=35
[DBG] control type=35
[DBG] control type=35
[DBG] control type=35
[DBG] control type=35
[DBG] control type=35
[DBG] control type=35
[DBG] control type=35
[DBG] control type=35
[DBG] control type=35
[DBG] Buffering 56%
[DBG] control type=35
[DBG] Buffering 59%
[DBG] control type=35
[DBG] control type=35
[DBG] Buffering 60%
[DBG] control type=35
[DBG] Buffering 63%
[DBG] Buffering 68%
[DBG] control type=35
[DBG] Received first picture
9:57:11.849 PM [framestep] nextFrameStepped result=0 time=19504 ms
[DBG] Buffering 73%
[DBG] control type=35
[DBG] control type=35
[DBG] Buffering 76%
[DBG] Buffering 79%
[DBG] control type=35
[DBG] control type=35
[DBG] control type=35
[DBG] Buffering 81%
[DBG] Buffering 85%
[DBG] control type=35
[DBG] control type=35
[DBG] control type=35
[DBG] control type=35
[DBG] control type=35
[DBG] control type=35
[DBG] Stream buffering done (1014 ms in 17 ms)
9:57:11.856 PM [player] buffering 1.0
[DBG] Decoder wait done in 0 ms
[DBG] control type=35
[DBG] control type=35
[DBG] control type=35
[DBG] control type=35
[ERR] ES_OUT_SET_(GROUP_)PCR  is called 13447 ms late (jitter of 13415 ms ignored)
[DBG] ES_OUT_RESET_PCR called
9:57:11.857 PM [player] buffering 0.0
[DBG] control type=35
[DBG] control type=35
[DBG] control type=35
[DBG] control type=35
[DBG] Buffering 0%
9:57:11.859 PM [player] buffering 0.0
[DBG] control type=35
[DBG] control type=35
[DBG] control type=35
[DBG] control type=35
[DBG] control type=35
[DBG] control type=35
[DBG] control type=35
[DBG] control type=35
[DBG] Buffering 3%
[DBG] control type=35
[DBG] control type=35
[DBG] Buffering 8%
[DBG] control type=35
[DBG] control type=35
[DBG] control type=35
[DBG] control type=35
[DBG] Buffering 10%
[DBG] control type=35
[DBG] control type=35
[DBG] control type=35
[DBG] Buffering 13%
[DBG] control type=35
[DBG] control type=35
[DBG] Buffering 16%
[DBG] control type=35
[DBG] control type=35
[DBG] control type=35
[DBG] control type=35
[DBG] Buffering 20%
[DBG] control type=35
[DBG] control type=35
[DBG] Buffering 21%
[DBG] control type=35
[DBG] control type=35
[DBG] control type=35
[DBG] Buffering 25%
[DBG] control type=35
[DBG] control type=35
[DBG] control type=35
[DBG] control type=35
[DBG] control type=35
[DBG] control type=35
[DBG] control type=35
[DBG] control type=35
[DBG] control type=35
[DBG] control type=35
[DBG] control type=35
[DBG] control type=35
[DBG] control type=35
[DBG] control type=35
[DBG] control type=35
[DBG] control type=35
[DBG] Buffering 39%
[DBG] control type=35
[DBG] control type=35
[DBG] control type=35
[DBG] control type=35
[DBG] control type=35
[DBG] control type=35
[DBG] control type=35
[DBG] Buffering 40%
[DBG] control type=35
[DBG] Buffering 46%
[DBG] Buffering 48%
[DBG] Buffering 50%
[DBG] control type=35
[DBG] Buffering 53%
[DBG] Buffering 58%
[DBG] control type=35
[DBG] Received first picture
9:57:11.869 PM [framestep] nextFrameStepped result=0 time=19504 ms
[DBG] control type=35
[DBG] Buffering 63%
[DBG] control type=35
[DBG] control type=35
[DBG] control type=35
[DBG] Buffering 66%
[DBG] control type=35
[DBG] control type=35
[DBG] Buffering 71%
[DBG] Buffering 75%
[DBG] control type=35
[DBG] control type=35
[DBG] control type=35
[DBG] control type=35
[DBG] control type=35
[DBG] control type=35
[DBG] control type=35
[DBG] control type=35
[DBG] Buffering 90%
[DBG] control type=35
[DBG] control type=35
[DBG] control type=35
[DBG] control type=35
[DBG] control type=35
[DBG] control type=35
[DBG] Buffering 96%
[DBG] Stream buffering done (1001 ms in 20 ms)
9:57:11.879 PM [player] buffering 1.0
[DBG] Decoder wait done in 0 ms
[DBG] control type=35
[DBG] control type=35
[DBG] control type=35
[DBG] control type=35
[DBG] control type=35
[ERR] ES_OUT_SET_(GROUP_)PCR  is called 13504 ms late (jitter of 13447 ms ignored)
[DBG] ES_OUT_RESET_PCR called
9:57:11.881 PM [player] buffering 0.0
[DBG] control type=35
[DBG] control type=35
[DBG] Buffering 0%
9:57:11.881 PM [player] buffering 0.0
[DBG] control type=35
[DBG] control type=35
[DBG] control type=35
[DBG] control type=35
[DBG] control type=35
[DBG] control type=35
[DBG] Buffering 5%
[DBG] control type=35
[DBG] control type=35
[DBG] control type=35
[DBG] Buffering 8%
[DBG] control type=35
[DBG] control type=35
[DBG] Buffering 10%
[DBG] control type=35
[DBG] control type=35
[DBG] Buffering 13%
[DBG] control type=35
[DBG] Buffering 16%
[DBG] control type=35
[DBG] control type=35
[DBG] control type=35
[DBG] control type=35
[DBG] control type=35
[DBG] control type=35
[DBG] control type=35
[DBG] control type=35
[DBG] control type=35
[DBG] Buffering 33%
[DBG] control type=35
[DBG] control type=35
[DBG] Buffering 38%
[DBG] Buffering 41%
[DBG] Buffering 45%
[DBG] Buffering 50%
[DBG] Received first picture
9:57:11.890 PM [framestep] nextFrameStepped result=0 time=19504 ms
[DBG] Buffering 52%
[DBG] Buffering 55%
[DBG] Buffering 58%
[DBG] Buffering 62%
[DBG] Buffering 63%
[DBG] Buffering 66%
[DBG] Buffering 81%
[DBG] Buffering 88%
[DBG] Buffering 90%
[DBG] Buffering 91%
[DBG] Buffering 95%
9:57:11.899 PM [player] buffering 1.0
[DBG] Stream buffering done (1001 ms in 17 ms)
[DBG] Decoder wait done in 0 ms
[DBG] control type=35
[DBG] control type=35
[ERR] ES_OUT_SET_(GROUP_)PCR  is called 13505 ms late (jitter of 13504 ms ignored)
[DBG] ES_OUT_RESET_PCR called
9:57:11.899 PM [player] buffering 0.0
[DBG] control type=35
[DBG] control type=35
[DBG] control type=35
[DBG] control type=35
[DBG] control type=35
[DBG] control type=35
[DBG] control type=35
9:57:11.902 PM [player] buffering 0.0
[DBG] Buffering 0%
[DBG] control type=35
[DBG] control type=35
[DBG] control type=35
[DBG] Buffering 5%
[DBG] control type=35
[DBG] control type=35
[DBG] control type=35
[DBG] control type=35
[DBG] Buffering 8%
[DBG] control type=35
[DBG] control type=35
[DBG] control type=35
[DBG] control type=35
[DBG] control type=35
[DBG] control type=35
[DBG] Buffering 24%
[DBG] control type=35
[DBG] control type=35
[DBG] control type=35
[DBG] control type=35
[DBG] control type=35
[DBG] control type=35
[DBG] control type=35
[DBG] control type=35
[DBG] control type=35
[DBG] control type=35
[DBG] control type=35
[DBG] control type=35
[DBG] Buffering 30%
[DBG] control type=35
[DBG] Buffering 33%
[DBG] control type=35
[DBG] Received first picture
9:57:11.915 PM [framestep] nextFrameStepped result=0 time=19504 ms
[DBG] control type=35
[DBG] control type=35
[DBG] control type=35
[DBG] Buffering 36%
[DBG] control type=35
[DBG] Buffering 41%
[DBG] control type=35
[DBG] control type=35
[DBG] control type=35
[DBG] control type=35
[DBG] control type=35
[DBG] Buffering 46%
[DBG] Buffering 50%
[DBG] control type=35
[DBG] control type=35
[DBG] Buffering 52%
[DBG] control type=35
[DBG] control type=35
[DBG] Buffering 55%
[DBG] control type=35
[DBG] Buffering 58%
[DBG] control type=35
[DBG] control type=35
[DBG] control type=35
[DBG] control type=35
[DBG] control type=35
[DBG] Buffering 72%
[DBG] control type=35
[DBG] control type=35
[DBG] control type=35
[DBG] control type=35
[DBG] control type=35
[DBG] control type=35
[DBG] Buffering 73%
[DBG] control type=35
[DBG] Buffering 80%
[DBG] control type=35
[DBG] control type=35
[DBG] Buffering 81%
[DBG] control type=35
[DBG] Buffering 83%
[DBG] Buffering 86%
[DBG] control type=35
[DBG] Buffering 91%
[DBG] control type=35
[DBG] control type=35
[DBG] control type=35
[DBG] control type=35
[DBG] Buffering 96%
[DBG] control type=35
[DBG] control type=35
[DBG] control type=35
9:57:11.929 PM [player] buffering 1.0
[DBG] Stream buffering done (1001 ms in 26 ms)
[DBG] Decoder wait done in 0 ms
[DBG] control type=35
[DBG] control type=35
[DBG] control type=35
[ERR] ES_OUT_SET_(GROUP_)PCR  is called 13535 ms late (jitter of 13505 ms ignored)
[DBG] ES_OUT_RESET_PCR called
9:57:11.929 PM [player] buffering 0.0
[DBG] control type=35
[DBG] control type=35
[DBG] control type=35
[DBG] Buffering 0%
9:57:11.929 PM [player] buffering 0.0
[DBG] control type=35
[DBG] control type=35
[DBG] control type=35
[DBG] control type=35
[DBG] control type=35
[DBG] control type=35
[DBG] control type=35
[DBG] control type=35
[DBG] control type=35
[DBG] control type=35
[DBG] control type=35
[DBG] control type=35
[DBG] control type=35
[DBG] control type=35
[DBG] control type=35
[DBG] Buffering 14%
[DBG] control type=35
[DBG] control type=35
[DBG] control type=35
[DBG] control type=35
[DBG] control type=35
[DBG] control type=35
[DBG] control type=35
[DBG] control type=35
[DBG] control type=35
[DBG] control type=35
[DBG] Buffering 15%
[DBG] control type=35
[DBG] control type=35
[DBG] control type=35
[DBG] Buffering 21%
[DBG] control type=35
[DBG] Buffering 24%
[DBG] Buffering 25%
[DBG] control type=35
[DBG] control type=35
[DBG] Buffering 28%
[DBG] Buffering 33%
[DBG] control type=35
[DBG] Received first picture
9:57:11.937 PM [framestep] nextFrameStepped result=0 time=19504 ms
[DBG] control type=35
[DBG] Buffering 38%
[DBG] control type=35
[DBG] Buffering 41%
[DBG] control type=35
[DBG] control type=35
[DBG] control type=35
[DBG] Buffering 43%
[DBG] control type=35
[DBG] control type=35
[DBG] Buffering 46%
[DBG] Buffering 50%
[DBG] control type=35
[DBG] control type=35
[DBG] control type=35
[DBG] control type=35
[DBG] control type=35
[DBG] control type=35
[DBG] control type=35
[DBG] control type=35
[DBG] control type=35
[DBG] Buffering 66%
[DBG] control type=35
[DBG] control type=35
[DBG] control type=35
[DBG] control type=35
[DBG] control type=35
[DBG] Buffering 71%
[DBG] control type=35
[DBG] Buffering 75%
[DBG] control type=35
[DBG] control type=35
[DBG] Buffering 78%
[DBG] control type=35
[DBG] Buffering 83%
[DBG] control type=35
[DBG] Buffering 85%
[DBG] control type=35
[DBG] control type=35
[DBG] Buffering 88%
[DBG] Buffering 91%
[DBG] control type=35
[DBG] Buffering 94%
[DBG] control type=35
[DBG] control type=35
[DBG] Buffering 96%
[DBG] control type=35
[DBG] control type=35
[DBG] control type=35
9:57:11.948 PM [player] buffering 1.0
[DBG] Stream buffering done (1001 ms in 19 ms)
[DBG] Decoder wait done in 0 ms
[DBG] control type=35
[DBG] control type=35
[DBG] control type=35
[DBG] control type=35
[DBG] control type=35
[DBG] control type=35
[ERR] ES_OUT_SET_(GROUP_)PCR  is called 13468 ms late (jitter of 13505 ms ignored)
[DBG] ES_OUT_RESET_PCR called
9:57:11.951 PM [player] buffering 0.0
[DBG] control type=35
[DBG] control type=35
[DBG] control type=35
[DBG] control type=35
[DBG] control type=35
[DBG] control type=35
[DBG] control type=35
[DBG] control type=35
[DBG] control type=35
[DBG] control type=35
[DBG] control type=35
[DBG] control type=35
[DBG] control type=35
[DBG] Buffering 0%
9:57:11.954 PM [player] buffering 0.0
[DBG] control type=35
[DBG] control type=35
[DBG] control type=35
[DBG] control type=35
[DBG] Buffering 6%
[DBG] control type=35
[DBG] control type=35
[DBG] Buffering 8%
[DBG] control type=35
[DBG] control type=35
[DBG] control type=35
[DBG] control type=35
[DBG] control type=35
[DBG] control type=35
[DBG] control type=35
[DBG] Buffering 9%
[DBG] control type=35
[DBG] control type=35
[DBG] Buffering 13%
[DBG] control type=35
[DBG] control type=35
[DBG] control type=35
[DBG] control type=35
[DBG] control type=35
[DBG] control type=35
[DBG] Buffering 18%
[DBG] control type=35
[DBG] control type=35
[DBG] control type=35
[DBG] control type=35
[DBG] control type=35
[DBG] Buffering 23%
[DBG] control type=35
[DBG] control type=35
[DBG] control type=35
[DBG] control type=35
[DBG] control type=35
[DBG] control type=35
[DBG] control type=35
[DBG] control type=35
[DBG] control type=35
[DBG] control type=35
[DBG] control type=35
[DBG] control type=35
[DBG] Buffering 26%
[DBG] control type=35
[DBG] control type=35
[DBG] Buffering 31%
[DBG] control type=35
[DBG] control type=35
[DBG] control type=35
[DBG] control type=35
[DBG] Buffering 35%
[DBG] control type=35
[DBG] control type=35
[DBG] control type=35
[DBG] control type=35
[DBG] control type=35
[DBG] control type=35
[DBG] control type=35
[DBG] control type=35
[DBG] control type=35
[DBG] control type=35
[DBG] control type=35
[DBG] control type=35
[DBG] Buffering 50%
[DBG] control type=35
[DBG] control type=35
[DBG] control type=35
[DBG] control type=35
[DBG] control type=35
[DBG] control type=35
[DBG] control type=35
[DBG] control type=35
[DBG] control type=35
[DBG] Buffering 56%
[DBG] control type=35
[DBG] Buffering 59%
[DBG] control type=35
[DBG] control type=35
[DBG] Buffering 60%
[DBG] Buffering 63%
[DBG] Buffering 68%
[DBG] control type=35
[DBG] control type=35
[DBG] Received first picture
9:57:11.967 PM [framestep] nextFrameStepped result=0 time=19504 ms
[DBG] Buffering 73%
[DBG] control type=35
[DBG] control type=35
[DBG] Buffering 76%
[DBG] control type=35
[DBG] Buffering 78%
[DBG] control type=35
[DBG] control type=35
[DBG] Buffering 81%
[DBG] control type=35
[DBG] Buffering 85%
[DBG] control type=35
[DBG] control type=35
[DBG] control type=35
[DBG] control type=35
[DBG] control type=35
[DBG] control type=35
[DBG] control type=35
9:57:11.973 PM [player] buffering 1.0
[DBG] Stream buffering done (1012 ms in 18 ms)
[DBG] Decoder wait done in 0 ms
[DBG] control type=35
[DBG] control type=35
[DBG] control type=35
[DBG] control type=35
[DBG] control type=35
[ERR] ES_OUT_SET_(GROUP_)PCR  is called 13565 ms late (jitter of 13535 ms ignored)
[DBG] ES_OUT_RESET_PCR called
9:57:11.975 PM [player] buffering 0.0
[DBG] control type=35
[DBG] control type=35
[DBG] control type=35
[DBG] control type=35
[DBG] control type=35
[DBG] control type=35
[DBG] control type=35
9:57:11.975 PM [player] buffering 0.0
[DBG] Buffering 0%
[DBG] control type=35
[DBG] control type=35
[DBG] control type=35
[DBG] control type=35
[DBG] control type=35
[DBG] control type=35
[DBG] Buffering 3%
[DBG] control type=35
[DBG] control type=35
[DBG] control type=35
[DBG] Buffering 8%
[DBG] control type=35
[DBG] control type=35
[DBG] control type=35
[DBG] control type=35
[DBG] control type=35
[DBG] control type=35
[DBG] Buffering 10%
[DBG] control type=35
[DBG] control type=35
[DBG] Buffering 13%
[DBG] control type=35
[DBG] control type=35
[DBG] Buffering 16%
[DBG] control type=35
[DBG] control type=35
[DBG] control type=35
[DBG] Buffering 20%
[DBG] control type=35
[DBG] control type=35
[DBG] control type=35
[DBG] control type=35
[DBG] Buffering 21%
[DBG] control type=35
[DBG] control type=35
[DBG] Buffering 25%
[DBG] control type=35
[DBG] control type=35
[DBG] control type=35
[DBG] control type=35
[DBG] control type=35
[DBG] control type=35
[DBG] Buffering 39%
[DBG] control type=35
[DBG] control type=35
[DBG] control type=35
[DBG] control type=35
[DBG] control type=35
[DBG] control type=35
[DBG] Buffering 40%
[DBG] Buffering 46%
[DBG] control type=35
[DBG] control type=35
[DBG] control type=35
[DBG] Buffering 48%
[DBG] control type=35
[DBG] Buffering 50%
[DBG] Buffering 53%
[DBG] Buffering 58%
[DBG] control type=35
[DBG] control type=35
[DBG] control type=35
[DBG] control type=35
[DBG] control type=35
[DBG] Buffering 63%
[DBG] control type=35
[DBG] control type=35
[DBG] Buffering 66%
[DBG] Buffering 71%
[DBG] Buffering 75%
[DBG] control type=35
[DBG] control type=35
[DBG] Received first picture
9:57:11.989 PM [framestep] nextFrameStepped result=0 time=19504 ms
[DBG] control type=35
[DBG] control type=35
[DBG] control type=35
[DBG] control type=35
[DBG] control type=35
[DBG] control type=35
[DBG] Buffering 90%
[DBG] control type=35
[DBG] control type=35
[DBG] control type=35
[DBG] control type=35
[DBG] control type=35
[DBG] Buffering 96%
[DBG] control type=35
[DBG] control type=35
9:57:11.994 PM [player] buffering 1.0
[DBG] Stream buffering done (1000 ms in 19 ms)
[DBG] Decoder wait done in 0 ms
[DBG] control type=35
[ERR] ES_OUT_SET_(GROUP_)PCR  is called 13651 ms late (jitter of 13565 ms ignored)
[DBG] ES_OUT_RESET_PCR called
9:57:11.995 PM [player] buffering 0.0
[DBG] control type=35
[DBG] control type=35
[DBG] control type=35
[DBG] control type=35
[DBG] control type=35
[DBG] control type=35
[DBG] control type=35
[DBG] control type=35
9:57:11.996 PM [player] buffering 0.0
[DBG] Buffering 0%
[DBG] control type=35
[DBG] control type=35
[DBG] Buffering 5%
[DBG] control type=35
[DBG] control type=35
[DBG] control type=35
[DBG] control type=35
[DBG] control type=35
[DBG] control type=35
[DBG] control type=35
[DBG] Buffering 10%
[DBG] control type=35
[DBG] control type=35
[DBG] control type=35
[DBG] Buffering 13%
[DBG] control type=35
[DBG] control type=35
[DBG] control type=35
[DBG] Buffering 15%
[DBG] control type=35
[DBG] control type=35
[DBG] control type=35
[DBG] control type=35
[DBG] control type=35
[DBG] Buffering 18%
[DBG] control type=35
[DBG] control type=35
[DBG] control type=35
[DBG] Buffering 21%
[DBG] control type=35
[DBG] control type=35
[DBG] control type=35
[DBG] control type=35
[DBG] control type=35
[DBG] control type=35
[DBG] control type=35
[DBG] control type=35
[DBG] Buffering 38%
[DBG] control type=35
[DBG] control type=35
[DBG] control type=35
[DBG] control type=35
[DBG] control type=35
[DBG] control type=35
[DBG] control type=35
[DBG] control type=35
[DBG] control type=35
[DBG] control type=35
[DBG] control type=35
[DBG] control type=35
[DBG] control type=35
[DBG] Buffering 43%
[DBG] control type=35
[DBG] Buffering 46%
[DBG] control type=35
[DBG] control type=35
[DBG] Received first picture
9:57:12.009 PM [framestep] nextFrameStepped result=0 time=19504 ms
[DBG] Buffering 50%
[DBG] control type=35
[DBG] Buffering 55%
[DBG] control type=35
[DBG] Buffering 57%
[DBG] control type=35
[DBG] control type=35
[DBG] Buffering 60%
[DBG] control type=35
[DBG] Buffering 63%
[DBG] control type=35
[DBG] Buffering 66%
[DBG] control type=35
[DBG] Buffering 68%
[DBG] control type=35
[DBG] Buffering 71%
[DBG] control type=35
[DBG] Buffering 86%
[DBG] control type=35
[DBG] control type=35
[DBG] control type=35
[DBG] control type=35
[DBG] control type=35
[DBG] control type=35
[DBG] control type=35
[DBG] control type=35
[DBG] control type=35
[DBG] Buffering 93%
[DBG] control type=35
[DBG] Buffering 95%
[DBG] control type=35
[DBG] Buffering 96%
9:57:12.019 PM [player] buffering 1.0
[DBG] Stream buffering done (1001 ms in 23 ms)
[DBG] Decoder wait done in 0 ms
[DBG] control type=35
[DBG] control type=35
[DBG] control type=35
[DBG] control type=35
[ERR] ES_OUT_SET_(GROUP_)PCR  is called 13625 ms late (jitter of 13625 ms ignored)
[DBG] ES_OUT_RESET_PCR called
9:57:12.019 PM [player] buffering 0.0
[DBG] control type=35
[DBG] control type=35
[DBG] control type=35
[DBG] control type=35
[DBG] control type=35
[DBG] control type=35
[DBG] control type=35
9:57:12.019 PM [player] buffering 0.0
[DBG] Buffering 0%
[DBG] control type=35
[DBG] control type=35
[DBG] control type=35
[DBG] control type=35
[DBG] Buffering 3%
[DBG] control type=35
[DBG] control type=35
[DBG] control type=35
[DBG] control type=35
[DBG] Buffering 8%
[DBG] control type=35
[DBG] control type=35
[DBG] Buffering 11%
[DBG] control type=35
[DBG] control type=35
[DBG] control type=35
[DBG] control type=35
[DBG] control type=35
[DBG] control type=35
[DBG] control type=35
[DBG] control type=35
[DBG] control type=35
[DBG] control type=35
[DBG] control type=35
[DBG] control type=35
[DBG] control type=35
[DBG] control type=35
[DBG] Buffering 27%
[DBG] control type=35
[DBG] control type=35
[DBG] control type=35
[DBG] control type=35
[DBG] control type=35
[DBG] control type=35
[DBG] control type=35
[DBG] control type=35
[DBG] Buffering 33%
[DBG] Buffering 36%
[DBG] control type=35
[DBG] control type=35
[DBG] control type=35
[DBG] control type=35
[DBG] Received first picture
9:57:12.028 PM [framestep] nextFrameStepped result=0 time=19504 ms
[DBG] Buffering 40%
[DBG] control type=35
[DBG] control type=35
[DBG] Buffering 45%
[DBG] control type=35
[DBG] control type=35
[DBG] control type=35
[DBG] Buffering 50%
[DBG] control type=35
[DBG] Buffering 53%
[DBG] control type=35
[DBG] control type=35
[DBG] control type=35
[DBG] Buffering 56%
[DBG] control type=35
[DBG] Buffering 58%
[DBG] control type=35
[DBG] Buffering 61%
[DBG] control type=35
[DBG] control type=35
[DBG] control type=35
[DBG] control type=35
[DBG] control type=35
[DBG] control type=35
[DBG] control type=35
[DBG] Buffering 75%
[DBG] control type=35
[DBG] control type=35
[DBG] control type=35
[DBG] control type=35
[DBG] control type=35
[DBG] control type=35
[DBG] control type=35
[DBG] control type=35
[DBG] control type=35
[DBG] control type=35
[DBG] Buffering 76%
[DBG] Buffering 83%
[DBG] control type=35
[DBG] control type=35
[DBG] control type=35
[DBG] control type=35
[DBG] Buffering 84%
[DBG] control type=35
[DBG] control type=35
[DBG] Buffering 86%
[DBG] Buffering 90%
[DBG] control type=35
[DBG] control type=35
[DBG] Buffering 94%
[DBG] control type=35
[DBG] Buffering 95%
[DBG] control type=35
[DBG] Stream buffering done (1001 ms in 17 ms)
9:57:12.037 PM [player] buffering 1.0
[DBG] Decoder wait done in 0 ms
[DBG] control type=35
[DBG] control type=35
[ERR] ES_OUT_SET_(GROUP_)PCR  is called 13662 ms late (jitter of 13651 ms ignored)
[DBG] ES_OUT_RESET_PCR called
9:57:12.039 PM [player] buffering 0.0
[DBG] control type=35
[DBG] control type=35
[DBG] control type=35
[DBG] control type=35
[DBG] control type=35
9:57:12.039 PM [player] buffering 0.0
[DBG] Buffering 0%
[DBG] control type=35
[DBG] control type=35
[DBG] Buffering 3%
[DBG] control type=35
[DBG] control type=35
[DBG] control type=35
[DBG] control type=35
[DBG] control type=35
[DBG] control type=35
[DBG] control type=35
[DBG] control type=35
[DBG] control type=35
[DBG] control type=35
[DBG] control type=35
[DBG] control type=35
[DBG] control type=35
[DBG] control type=35
[DBG] control type=35
[DBG] control type=35
[DBG] control type=35
[DBG] control type=35
[DBG] control type=35
[DBG] control type=35
[DBG] control type=35
[DBG] control type=35
[DBG] control type=35
[DBG] Buffering 18%
[DBG] control type=35
[DBG] control type=35
[DBG] control type=35
[DBG] control type=35
[DBG] control type=35
[DBG] Buffering 25%
[DBG] Buffering 27%
[DBG] Buffering 28%
[DBG] control type=35
[DBG] control type=35
[DBG] Received first picture
[DBG] control type=35
9:57:12.046 PM [framestep] nextFrameStepped result=0 time=19504 ms
[DBG] Buffering 31%
[DBG] control type=35
[DBG] Buffering 36%
[DBG] control type=35
[DBG] control type=35
[DBG] control type=35
[DBG] Buffering 41%
[DBG] control type=35
[DBG] Buffering 45%
[DBG] control type=35
[DBG] control type=35
[DBG] control type=35
[DBG] control type=35
[DBG] control type=35
[DBG] Buffering 50%
[DBG] control type=35
[DBG] Buffering 53%
[DBG] control type=35
[DBG] control type=35
[DBG] control type=35
[DBG] control type=35
[DBG] control type=35
[DBG] control type=35
[DBG] Buffering 69%
[DBG] control type=35
[DBG] control type=35
[DBG] control type=35
[DBG] control type=35
[DBG] Buffering 75%
[DBG] control type=35
[DBG] control type=35
[DBG] Buffering 78%
[DBG] control type=35
[DBG] control type=35
[DBG] control type=35
[DBG] Buffering 81%
[DBG] control type=35
[DBG] Buffering 86%
[DBG] control type=35
[DBG] control type=35
[DBG] control type=35
[DBG] Buffering 91%
[DBG] control type=35
[DBG] control type=35
[DBG] Buffering 95%
[DBG] control type=35
[DBG] control type=35
[DBG] Buffering 98%
[DBG] control type=35
[DBG] control type=35
[DBG] Stream buffering done (1001 ms in 19 ms)
9:57:12.059 PM [player] buffering 1.0
[DBG] Decoder wait done in 0 ms
[ERR] ES_OUT_SET_(GROUP_)PCR  is called 13681 ms late (jitter of 13662 ms ignored)
[DBG] ES_OUT_RESET_PCR called
9:57:12.059 PM [player] buffering 0.0
[DBG] control type=35
[DBG] control type=35
[DBG] control type=35
[DBG] control type=35
[DBG] control type=35
[DBG] control type=35
[DBG] control type=35
[DBG] control type=35
[DBG] control type=35
[DBG] control type=35
[DBG] control type=35
[DBG] control type=35
[DBG] control type=35
[DBG] Buffering 0%
9:57:12.067 PM [player] buffering 0.0
[DBG] control type=35
[DBG] control type=35
[DBG] control type=35
[DBG] control type=35
[DBG] control type=35
[DBG] control type=35
[DBG] control type=35
[DBG] control type=35
[DBG] Buffering 1%
[DBG] Buffering 7%
[DBG] Buffering 9%
[DBG] control type=35
[DBG] Buffering 11%
[DBG] Buffering 14%
[DBG] Buffering 19%
[DBG] control type=35
[DBG] Buffering 24%
[DBG] control type=35
[DBG] Received first picture
9:57:12.071 PM [framestep] nextFrameStepped result=0 time=19504 ms
[DBG] Buffering 27%
[DBG] control type=35
[DBG] control type=35
[DBG] Buffering 33%
[DBG] control type=35
[DBG] control type=35
[DBG] Buffering 36%
[DBG] control type=35
[DBG] control type=35
[DBG] control type=35
[DBG] control type=35
[DBG] control type=35
[DBG] control type=35
[DBG] control type=35
[DBG] control type=35
[DBG] control type=35
[DBG] control type=35
[DBG] Buffering 51%
[DBG] control type=35
[DBG] control type=35
[DBG] control type=35
[DBG] control type=35
[DBG] control type=35
[DBG] Buffering 57%
[DBG] control type=35
[DBG] Buffering 60%
[DBG] control type=35
[DBG] Buffering 61%
[DBG] control type=35
[DBG] Buffering 64%
[DBG] control type=35
[DBG] control type=35
[DBG] Buffering 69%
[DBG] control type=35
[DBG] Buffering 74%
[DBG] control type=35
[DBG] control type=35
[DBG] control type=35
[DBG] Buffering 78%
[DBG] control type=35
[DBG] Buffering 80%
[DBG] control type=35
[DBG] Buffering 83%
[DBG] control type=35
[DBG] control type=35
[DBG] Buffering 86%
[DBG] control type=35
[DBG] control type=35
[DBG] control type=35
[DBG] control type=35
[DBG] control type=35
[DBG] control type=35
[DBG] Stream buffering done (1024 ms in 21 ms)
9:57:12.088 PM [player] buffering 1.0
[DBG] Decoder wait done in 0 ms
[DBG] control type=35
[DBG] control type=35
[DBG] control type=35
[DBG] control type=35
[DBG] control type=35
[DBG] control type=35
[ERR] ES_OUT_SET_(GROUP_)PCR  is called 13667 ms late (jitter of 13667 ms ignored)
[DBG] ES_OUT_RESET_PCR called
9:57:12.090 PM [player] buffering 0.0
[DBG] control type=35
[DBG] control type=35
[DBG] control type=35
[DBG] control type=35
[DBG] Buffering 0%
9:57:12.090 PM [player] buffering 0.0
[DBG] control type=35
[DBG] control type=35
[DBG] control type=35
[DBG] control type=35
[DBG] control type=35
[DBG] control type=35
[DBG] control type=35
[DBG] control type=35
[DBG] control type=35
[DBG] control type=35
[DBG] Buffering 3%
[DBG] control type=35
[DBG] control type=35
[DBG] Buffering 8%
[DBG] control type=35
[DBG] control type=35
[DBG] control type=35
[DBG] Buffering 10%
[DBG] control type=35
[DBG] control type=35
[DBG] control type=35
[DBG] control type=35
[DBG] Buffering 13%
[DBG] control type=35
[DBG] control type=35
[DBG] control type=35
[DBG] Buffering 16%
[DBG] control type=35
[DBG] control type=35
[DBG] control type=35
[DBG] Buffering 19%
[DBG] control type=35
[DBG] control type=35
[DBG] control type=35
[DBG] control type=35
[DBG] control type=35
[DBG] control type=35
[DBG] Buffering 21%
[DBG] control type=35
[DBG] control type=35
[DBG] control type=35
[DBG] Buffering 25%
[DBG] control type=35
[DBG] control type=35
[DBG] control type=35
[DBG] control type=35
[DBG] control type=35
[DBG] control type=35
[DBG] control type=35
[DBG] control type=35
[DBG] Buffering 39%
[DBG] control type=35
[DBG] control type=35
[DBG] control type=35
[DBG] control type=35
[DBG] control type=35
[DBG] control type=35
[DBG] Buffering 40%
[DBG] Buffering 46%
[DBG] Buffering 48%
[DBG] Buffering 50%
[DBG] control type=35
[DBG] control type=35
[DBG] control type=35
[DBG] Buffering 53%
[DBG] Received first picture
9:57:12.102 PM [framestep] nextFrameStepped result=0 time=19504 ms
[DBG] Buffering 58%
[DBG] control type=35
[DBG] control type=35
[DBG] control type=35
[DBG] Buffering 63%
[DBG] control type=35
[DBG] control type=35
[DBG] control type=35
[DBG] Buffering 66%
[DBG] control type=35
[DBG] control type=35
[DBG] Buffering 71%
[DBG] control type=35
[DBG] control type=35
[DBG] control type=35
[DBG] Buffering 75%
[DBG] control type=35
[DBG] control type=35
[DBG] control type=35
[DBG] control type=35
[DBG] control type=35
[DBG] control type=35
[DBG] control type=35
[DBG] Buffering 90%
[DBG] control type=35
[DBG] control type=35
[DBG] control type=35
[DBG] control type=35
[DBG] control type=35
[DBG] control type=35
[DBG] control type=35
[DBG] Buffering 96%
[DBG] control type=35
[DBG] control type=35
[DBG] Buffering 99%
[DBG] control type=35
[DBG] control type=35
[DBG] Stream buffering done (1001 ms in 22 ms)
9:57:12.113 PM [player] buffering 1.0
[DBG] Decoder wait done in 0 ms
[DBG] control type=35
[DBG] control type=35
[DBG] control type=35
[ERR] ES_OUT_SET_(GROUP_)PCR  is called 13736 ms late (jitter of 13681 ms ignored)
[DBG] ES_OUT_RESET_PCR called
9:57:12.114 PM [player] buffering 0.0
[DBG] control type=35
[DBG] control type=35
[DBG] control type=35
[DBG] control type=35
[DBG] control type=35
[DBG] Buffering 0%
9:57:12.114 PM [player] buffering 0.0
[DBG] control type=35
[DBG] control type=35
[DBG] control type=35
[DBG] control type=35
[DBG] control type=35
[DBG] control type=35
[DBG] control type=35
[DBG] control type=35
[DBG] Buffering 5%
[DBG] control type=35
[DBG] control type=35
[DBG] control type=35
[DBG] control type=35
[DBG] control type=35
[DBG] Buffering 8%
[DBG] control type=35
[DBG] control type=35
[DBG] control type=35
[DBG] Buffering 10%
[DBG] control type=35
[DBG] control type=35
[DBG] control type=35
[DBG] Buffering 13%
[DBG] control type=35
[DBG] control type=35
[DBG] control type=35
[DBG] Buffering 16%
[DBG] control type=35
[DBG] control type=35
[DBG] control type=35
[DBG] control type=35
[DBG] control type=35
[DBG] control type=35
[DBG] control type=35
[DBG] control type=35
[DBG] control type=35
[DBG] control type=35
[DBG] Buffering 33%
[DBG] control type=35
[DBG] control type=35
[DBG] control type=35
[DBG] control type=35
[DBG] control type=35
[DBG] control type=35
[DBG] control type=35
[DBG] Buffering 38%
[DBG] control type=35
[DBG] Buffering 41%
[DBG] control type=35
[DBG] Buffering 45%
[DBG] Buffering 50%
[DBG] Buffering 52%
[DBG] Buffering 55%
[DBG] control type=35
[DBG] Buffering 58%
[DBG] Buffering 61%
[DBG] control type=35
[DBG] Buffering 63%
[DBG] Buffering 66%
[DBG] control type=35
[DBG] Received first picture
9:57:12.124 PM [framestep] nextFrameStepped result=0 time=19504 ms
[DBG] control type=35
[DBG] control type=35
[DBG] control type=35
[DBG] control type=35
[DBG] control type=35
[DBG] control type=35
[DBG] control type=35
[DBG] control type=35
[DBG] control type=35
[DBG] control type=35
[DBG] Buffering 81%
[DBG] control type=35
[DBG] control type=35
[DBG] control type=35
[DBG] control type=35
[DBG] control type=35
[DBG] control type=35
[DBG] Buffering 88%
[DBG] control type=35
[DBG] Buffering 90%
[DBG] control type=35
[DBG] control type=35
[DBG] Buffering 91%
[DBG] Buffering 95%
[DBG] control type=35
[DBG] control type=35
[DBG] control type=35
[DBG] control type=35
[DBG] Stream buffering done (1001 ms in 16 ms)
9:57:12.130 PM [player] buffering 1.0
[DBG] Decoder wait done in 0 ms
[DBG] control type=35
[ERR] ES_OUT_SET_(GROUP_)PCR  is called 13737 ms late (jitter of 13736 ms ignored)
[DBG] ES_OUT_RESET_PCR called
9:57:12.131 PM [player] buffering 0.0
[DBG] control type=35
[DBG] control type=35
[DBG] control type=35
[DBG] control type=35
[DBG] control type=35
[DBG] control type=35
[DBG] control type=35
[DBG] control type=35
[DBG] control type=35
[DBG] control type=35
[DBG] control type=35
[DBG] control type=35
[DBG] control type=35
[DBG] Buffering 0%
9:57:12.131 PM [player] buffering 0.0
[DBG] control type=35
[DBG] control type=35
[DBG] Buffering 5%
[DBG] control type=35
[DBG] control type=35
[DBG] control type=35
[DBG] control type=35
[DBG] Buffering 8%
[DBG] control type=35
[DBG] control type=35
[DBG] control type=35
[DBG] control type=35
[DBG] control type=35
[DBG] control type=35
[DBG] control type=35
[DBG] control type=35
[DBG] control type=35
[DBG] control type=35
[DBG] control type=35
[DBG] control type=35
[DBG] control type=35
[DBG] control type=35
[DBG] control type=35
[DBG] control type=35
[DBG] control type=35
[DBG] Buffering 23%
[DBG] control type=35
[DBG] control type=35
[DBG] control type=35
[DBG] control type=35
[DBG] Buffering 30%
[DBG] Received first picture
9:57:12.139 PM [framestep] nextFrameStepped result=0 time=19504 ms
[DBG] Buffering 33%
[DBG] control type=35
[DBG] control type=35
[DBG] control type=35
[DBG] Buffering 36%
[DBG] control type=35
[DBG] Buffering 41%
[DBG] control type=35
[DBG] control type=35
[DBG] control type=35
[DBG] Buffering 46%
[DBG] control type=35
[DBG] control type=35
[DBG] control type=35
[DBG] Buffering 50%
[DBG] control type=35
[DBG] control type=35
[DBG] control type=35
[DBG] Buffering 52%
[DBG] control type=35
[DBG] Buffering 55%
[DBG] control type=35
[DBG] Buffering 58%
[DBG] control type=35
[DBG] control type=35
[DBG] control type=35
[DBG] Buffering 74%
[DBG] control type=35
[DBG] control type=35
[DBG] control type=35
[DBG] control type=35
[DBG] control type=35
[DBG] Buffering 80%
[DBG] control type=35
[DBG] Buffering 83%
[DBG] control type=35
[DBG] control type=35
[DBG] Buffering 86%
[DBG] control type=35
[DBG] Buffering 91%
[DBG] control type=35
[DBG] control type=35
[DBG] control type=35
[DBG] Buffering 94%
[DBG] control type=35
[DBG] control type=35
[DBG] Buffering 96%
[DBG] control type=35
9:57:12.150 PM [player] buffering 1.0
[DBG] Stream buffering done (1001 ms in 19 ms)
[DBG] Decoder wait done in 0 ms
[DBG] control type=35
[DBG] control type=35
[ERR] ES_OUT_SET_(GROUP_)PCR  is called 13770 ms late (jitter of 13737 ms ignored)
[DBG] ES_OUT_RESET_PCR called
9:57:12.151 PM [player] buffering 0.0
[DBG] control type=35
[DBG] control type=35
[DBG] control type=35
[DBG] Buffering 0%
9:57:12.151 PM [player] buffering 0.0
[DBG] control type=35
[DBG] control type=35
[DBG] control type=35
[DBG] Buffering 3%
[DBG] control type=35
[DBG] control type=35
[DBG] control type=35
[DBG] control type=35
[DBG] control type=35
[DBG] control type=35
[DBG] control type=35
[DBG] control type=35
[DBG] Buffering 17%
[DBG] control type=35
[DBG] control type=35
[DBG] control type=35
[DBG] control type=35
[DBG] control type=35
[DBG] control type=35
[DBG] control type=35
[DBG] Buffering 18%
[DBG] control type=35
[DBG] control type=35
[DBG] control type=35
[DBG] control type=35
[DBG] control type=35
[DBG] Buffering 25%
[DBG] control type=35
[DBG] Buffering 27%
[DBG] Buffering 28%
[DBG] control type=35
[DBG] Buffering 31%
[DBG] Received first picture
9:57:12.159 PM [framestep] nextFrameStepped result=0 time=19504 ms
[DBG] control type=35
[DBG] control type=35
[DBG] Buffering 36%
[DBG] control type=35
[DBG] Buffering 41%
[DBG] control type=35
[DBG] control type=35
[DBG] control type=35
[DBG] control type=35
[DBG] control type=35
[DBG] control type=35
[DBG] control type=35
[DBG] Buffering 45%
[DBG] control type=35
[DBG] Buffering 50%
[DBG] control type=35
[DBG] control type=35
[DBG] Buffering 53%
[DBG] control type=35
[DBG] control type=35
[DBG] control type=35
[DBG] control type=35
[DBG] control type=35
[DBG] control type=35
[DBG] Buffering 69%
[DBG] control type=35
[DBG] control type=35
[DBG] control type=35
[DBG] control type=35
[DBG] control type=35
[DBG] control type=35
[DBG] control type=35
[DBG] Buffering 75%
[DBG] control type=35
[DBG] Buffering 78%
[DBG] control type=35
[DBG] control type=35
[DBG] control type=35
[DBG] control type=35
[DBG] Buffering 81%
[DBG] control type=35
[DBG] Buffering 86%
[DBG] control type=35
[DBG] control type=35
[DBG] Buffering 91%
[DBG] control type=35
[DBG] Buffering 95%
[DBG] Buffering 97%
[DBG] control type=35
[DBG] control type=35
[DBG] Stream buffering done (1001 ms in 22 ms)
9:57:12.174 PM [player] buffering 1.0
[DBG] Decoder wait done in 0 ms
[DBG] control type=35
[ERR] ES_OUT_SET_(GROUP_)PCR  is called 13797 ms late (jitter of 13770 ms ignored)
[DBG] ES_OUT_RESET_PCR called
9:57:12.174 PM [player] buffering 0.0
[DBG] control type=35
[DBG] control type=35
[DBG] control type=35
[DBG] control type=35
[DBG] control type=35
[DBG] control type=35
[DBG] control type=35
[DBG] control type=35
[DBG] control type=35
[DBG] control type=35
[DBG] control type=35
[DBG] control type=35
[DBG] control type=35
[DBG] control type=35
[DBG] control type=35
9:57:12.181 PM [player] buffering 0.0
[DBG] Buffering 0%
[DBG] control type=35
[DBG] control type=35
[DBG] control type=35
[DBG] control type=35
[DBG] control type=35
[DBG] control type=35
[DBG] Buffering 1%
[DBG] Buffering 8%
[DBG] Buffering 9%
[DBG] control type=35
[DBG] Buffering 11%
[DBG] Buffering 14%
[DBG] Buffering 19%
[DBG] control type=35
[DBG] control type=35
[DBG] Buffering 24%
[DBG] control type=35
[DBG] control type=35
[DBG] Received first picture
9:57:12.186 PM [framestep] nextFrameStepped result=0 time=19504 ms
[DBG] control type=35
[DBG] control type=35
[DBG] control type=35
[DBG] control type=35
[DBG] Buffering 28%
[DBG] control type=35
[DBG] Buffering 33%
[DBG] control type=35
[DBG] Buffering 36%
[DBG] control type=35
[DBG] control type=35
[DBG] control type=35
[DBG] control type=35
[DBG] control type=35
[DBG] control type=35
[DBG] control type=35
[DBG] control type=35
[DBG] control type=35
[DBG] control type=35
[DBG] control type=35
[DBG] control type=35
[DBG] control type=35
[DBG] control type=35
[DBG] control type=35
[DBG] Buffering 51%
[DBG] control type=35
[DBG] control type=35
[DBG] control type=35
[DBG] control type=35
[DBG] control type=35
[DBG] control type=35
[DBG] Buffering 58%
[DBG] control type=35
[DBG] control type=35
[DBG] Buffering 60%
[DBG] control type=35
[DBG] Buffering 61%
[DBG] Buffering 64%
[DBG] control type=35
[DBG] control type=35
[DBG] control type=35
[DBG] Buffering 69%
[DBG] control type=35
[DBG] control type=35
[DBG] control type=35
[DBG] Buffering 74%
[DBG] control type=35
[DBG] control type=35
[DBG] control type=35
[DBG] Buffering 78%
[DBG] control type=35
[DBG] Buffering 80%
[DBG] control type=35
[DBG] control type=35
[DBG] Buffering 83%
[DBG] Buffering 86%
[DBG] control type=35
[DBG] control type=35
[DBG] control type=35
[DBG] control type=35
[DBG] control type=35
[DBG] control type=35
[DBG] control type=35
[DBG] control type=35
9:57:12.200 PM [player] buffering 1.0
[DBG] Stream buffering done (1024 ms in 18 ms)
[DBG] Decoder wait done in 0 ms
[DBG] control type=35
[DBG] control type=35
[DBG] control type=35
[DBG] control type=35
[DBG] control type=35
[DBG] control type=35
[DBG] control type=35
[DBG] control type=35
[ERR] ES_OUT_SET_(GROUP_)PCR  is called 13776 ms late (jitter of 13776 ms ignored)
[DBG] ES_OUT_RESET_PCR called
9:57:12.201 PM [player] buffering 0.0
[DBG] control type=35
[DBG] control type=35
[DBG] control type=35
[DBG] Buffering 0%
9:57:12.201 PM [player] buffering 0.0
[DBG] control type=35
[DBG] control type=35
[DBG] control type=35
[DBG] control type=35
[DBG] control type=35
[DBG] control type=35
[DBG] control type=35
[DBG] Buffering 3%
[DBG] control type=35
[DBG] Buffering 8%
[DBG] control type=35
[DBG] control type=35
[DBG] control type=35
[DBG] control type=35
[DBG] control type=35
[DBG] control type=35
[DBG] control type=35
[DBG] control type=35
[DBG] control type=35
[DBG] Buffering 13%
[DBG] control type=35
[DBG] control type=35
[DBG] Buffering 16%
[DBG] control type=35
[DBG] control type=35
[DBG] control type=35
[DBG] control type=35
[DBG] control type=35
[DBG] control type=35
[DBG] Buffering 19%
[DBG] control type=35
[DBG] control type=35
[DBG] control type=35
[DBG] Buffering 21%
[DBG] control type=35
[DBG] Buffering 25%
[DBG] control type=35
[DBG] control type=35
[DBG] control type=35
[DBG] control type=35
[DBG] control type=35
[DBG] control type=35
[DBG] control type=35
[DBG] control type=35
[DBG] control type=35
[DBG] control type=35
[DBG] control type=35
[DBG] control type=35
[DBG] control type=35
[DBG] control type=35
[DBG] control type=35
[DBG] control type=35
[DBG] control type=35
[DBG] control type=35
[DBG] control type=35
[DBG] control type=35
[DBG] control type=35
[DBG] control type=35
[DBG] control type=35
[DBG] Buffering 38%
[DBG] control type=35
[DBG] control type=35
[DBG] control type=35
[DBG] control type=35
[DBG] control type=35
[DBG] control type=35
[DBG] control type=35
[DBG] Buffering 40%
[DBG] Buffering 46%
[DBG] Buffering 48%
[DBG] Buffering 50%
[DBG] control type=35
[DBG] Buffering 53%
[DBG] Buffering 58%
[DBG] control type=35
[DBG] Buffering 63%
[DBG] control type=35
[DBG] Buffering 66%
[DBG] Received first picture
[DBG] Buffering 71%
9:57:12.225 PM [framestep] nextFrameStepped result=0 time=19504 ms
[DBG] Buffering 75%
[DBG] control type=35
[DBG] control type=35
[DBG] control type=35
[DBG] control type=35
[DBG] control type=35
[DBG] control type=35
[DBG] control type=35
[DBG] control type=35
[DBG] control type=35
[DBG] control type=35
[DBG] control type=35
[DBG] Buffering 90%
[DBG] control type=35
[DBG] control type=35
[DBG] control type=35
[DBG] control type=35
[DBG] control type=35
[DBG] Buffering 96%
[DBG] control type=35
[DBG] control type=35
[DBG] Buffering 99%
[DBG] control type=35
[DBG] Stream buffering done (1001 ms in 30 ms)
9:57:12.232 PM [player] buffering 1.0
[DBG] Decoder wait done in 0 ms
[ERR] ES_OUT_SET_(GROUP_)PCR  is called 13855 ms late (jitter of 13797 ms ignored)
[DBG] ES_OUT_RESET_PCR called
9:57:12.232 PM [player] buffering 0.0
[DBG] control type=35
[DBG] control type=35
[DBG] control type=35
[DBG] control type=35
[DBG] Buffering 0%
9:57:12.232 PM [player] buffering 0.0
[DBG] control type=35
[DBG] control type=35
[DBG] control type=35
[DBG] control type=35
[DBG] control type=35
[DBG] control type=35
[DBG] control type=35
[DBG] Buffering 5%
[DBG] control type=35
[DBG] control type=35
[DBG] Buffering 8%
[DBG] control type=35
[DBG] control type=35
[DBG] control type=35
[DBG] control type=35
[DBG] Buffering 10%
[DBG] control type=35
[DBG] control type=35
[DBG] control type=35
[DBG] control type=35
[DBG] Buffering 13%
[DBG] control type=35
[DBG] control type=35
[DBG] control type=35
[DBG] control type=35
[DBG] control type=35
[DBG] control type=35
[DBG] control type=35
[DBG] Buffering 16%
[DBG] control type=35
[DBG] control type=35
[DBG] control type=35
[DBG] control type=35
[DBG] control type=35
[DBG] control type=35
[DBG] control type=35
[DBG] control type=35
[DBG] control type=35
[DBG] control type=35
[DBG] control type=35
[DBG] control type=35
[DBG] control type=35
[DBG] control type=35
[DBG] control type=35
[DBG] Buffering 32%
[DBG] control type=35
[DBG] control type=35
[DBG] control type=35
[DBG] control type=35
[DBG] control type=35
[DBG] control type=35
[DBG] control type=35
[DBG] Buffering 38%
[DBG] Buffering 41%
[DBG] control type=35
[DBG] control type=35
[DBG] Buffering 45%
[DBG] control type=35
[DBG] Buffering 50%
[DBG] Buffering 52%
[DBG] control type=35
[DBG] control type=35
[DBG] Buffering 55%
[DBG] Buffering 58%
[DBG] control type=35
[DBG] control type=35
[DBG] Buffering 61%
[DBG] control type=35
[DBG] control type=35
[DBG] Buffering 63%
[DBG] Buffering 66%
[DBG] Received first picture
9:57:12.248 PM [framestep] nextFrameStepped result=0 time=19504 ms
[DBG] control type=35
[DBG] control type=35
[DBG] control type=35
[DBG] control type=35
[DBG] control type=35
[DBG] control type=35
[DBG] Buffering 80%
[DBG] control type=35
[DBG] control type=35
[DBG] control type=35
[DBG] control type=35
[DBG] Buffering 81%
[DBG] control type=35
[DBG] control type=35
[DBG] Buffering 88%
[DBG] control type=35
[DBG] Buffering 90%
[DBG] control type=35
[DBG] Buffering 91%
[DBG] control type=35
[DBG] control type=35
[DBG] Buffering 95%
[DBG] control type=35
[DBG] control type=35
9:57:12.260 PM [player] buffering 1.0
[DBG] Stream buffering done (1000 ms in 28 ms)
[DBG] Decoder wait done in 0 ms
[ERR] ES_OUT_SET_(GROUP_)PCR  is called 13917 ms late (jitter of 13855 ms ignored)
[DBG] ES_OUT_RESET_PCR called
9:57:12.261 PM [player] buffering 0.0
[DBG] control type=35
[DBG] control type=35
[DBG] control type=35
[DBG] control type=35
[DBG] control type=35
[DBG] Buffering 0%
9:57:12.261 PM [player] buffering 0.0
[DBG] control type=35
[DBG] control type=35
[DBG] control type=35
[DBG] control type=35
[DBG] control type=35
[DBG] control type=35
[DBG] Buffering 3%
[DBG] control type=35
[DBG] control type=35
[DBG] control type=35
[DBG] control type=35
[DBG] Buffering 8%
[DBG] control type=35
[DBG] control type=35
[DBG] Buffering 11%
[DBG] control type=35
[DBG] control type=35
[DBG] control type=35
[DBG] control type=35
[DBG] control type=35
[DBG] control type=35
[DBG] control type=35
[DBG] control type=35
[DBG] control type=35
[DBG] control type=35
[DBG] control type=35
[DBG] control type=35
[DBG] control type=35
[DBG] Buffering 26%
[DBG] control type=35
[DBG] control type=35
[DBG] control type=35
[DBG] control type=35
[DBG] control type=35
[DBG] control type=35
[DBG] control type=35
[DBG] control type=35
[DBG] control type=35
[DBG] Buffering 33%
[DBG] Buffering 36%
[DBG] control type=35
[DBG] control type=35
[DBG] control type=35
[DBG] Buffering 40%
[DBG] Buffering 45%
[DBG] control type=35
[DBG] Received first picture
9:57:12.272 PM [framestep] nextFrameStepped result=0 time=19504 ms
[DBG] Buffering 50%
[DBG] control type=35
[DBG] control type=35
[DBG] control type=35
[DBG] control type=35
[DBG] Buffering 53%
[DBG] Buffering 55%
[DBG] control type=35
[DBG] control type=35
[DBG] Buffering 58%
[DBG] control type=35
[DBG] Buffering 61%
[DBG] control type=35
[DBG] control type=35
[DBG] control type=35
[DBG] control type=35
[DBG] control type=35
[DBG] Buffering 78%
[DBG] control type=35
[DBG] control type=35
[DBG] control type=35
[DBG] control type=35
[DBG] control type=35
[DBG] control type=35
[DBG] Buffering 83%
[DBG] control type=35
[DBG] Buffering 86%
[DBG] control type=35
[DBG] Buffering 90%
[DBG] control type=35
[DBG] control type=35
[DBG] Buffering 95%
[DBG] Buffering 97%
[DBG] control type=35
[DBG] control type=35
[DBG] control type=35
[DBG] Stream buffering done (1001 ms in 22 ms)
9:57:12.284 PM [player] buffering 1.0
[DBG] Decoder wait done in 0 ms
[DBG] control type=35
[DBG] control type=35
[ERR] ES_OUT_SET_(GROUP_)PCR  is called 13908 ms late (jitter of 13908 ms ignored)
[DBG] ES_OUT_RESET_PCR called
9:57:12.285 PM [player] buffering 0.0
[DBG] control type=35
[DBG] control type=35
[DBG] control type=35
[DBG] control type=35
[DBG] Buffering 0%
9:57:12.285 PM [player] buffering 0.0
[DBG] control type=35
[DBG] control type=35
[DBG] control type=35
[DBG] control type=35
[DBG] control type=35
[DBG] Buffering 1%
[DBG] control type=35
[DBG] control type=35
[DBG] control type=35
[DBG] Buffering 4%
[DBG] control type=35
[DBG] control type=35
[DBG] control type=35
[DBG] control type=35
[DBG] control type=35
[DBG] control type=35
[DBG] Buffering 19%
[DBG] control type=35
[DBG] control type=35
[DBG] control type=35
[DBG] control type=35
[DBG] control type=35
[DBG] control type=35
[DBG] control type=35
[DBG] control type=35
[DBG] control type=35
[DBG] control type=35
[DBG] Buffering 26%
[DBG] control type=35
[DBG] Buffering 28%
[DBG] control type=35
[DBG] control type=35
[DBG] Buffering 29%
[DBG] control type=35
[DBG] Buffering 33%
[DBG] Buffering 38%
[DBG] control type=35
[DBG] control type=35
[DBG] Buffering 43%
[DBG] control type=35
[DBG] Received first picture
9:57:12.294 PM [framestep] nextFrameStepped result=0 time=19504 ms
[DBG] control type=35
[DBG] control type=35
[DBG] control type=35
[DBG] control type=35
[DBG] control type=35
[DBG] control type=35
[DBG] Buffering 46%
[DBG] control type=35
[DBG] Buffering 51%
[DBG] control type=35
[DBG] Buffering 54%
[DBG] control type=35
[DBG] control type=35
[DBG] control type=35
[DBG] control type=35
[DBG] control type=35
[DBG] control type=35
[DBG] control type=35
[DBG] control type=35
[DBG] Buffering 70%
[DBG] control type=35
[DBG] control type=35
[DBG] control type=35
[DBG] control type=35
[DBG] control type=35
[DBG] control type=35
[DBG] control type=35
[DBG] Buffering 76%
[DBG] Buffering 79%
[DBG] control type=35
[DBG] control type=35
[DBG] control type=35
[DBG] Buffering 83%
[DBG] control type=35
[DBG] control type=35
[DBG] Buffering 88%
[DBG] control type=35
[DBG] Buffering 93%
[DBG] control type=35
[DBG] control type=35
[DBG] control type=35
[DBG] control type=35
[DBG] Buffering 96%
[DBG] control type=35
[DBG] control type=35
[DBG] control type=35
[DBG] Buffering 99%
[DBG] control type=35
[DBG] Stream buffering done (1016 ms in 25 ms)
9:57:12.311 PM [player] buffering 1.0
[DBG] Decoder wait done in 0 ms
[DBG] control type=35
[ERR] ES_OUT_SET_(GROUP_)PCR  is called 13920 ms late (jitter of 13917 ms ignored)
[DBG] ES_OUT_RESET_PCR called
9:57:12.313 PM [player] buffering 0.0
[DBG] control type=35
[DBG] control type=35
[DBG] control type=35
[DBG] control type=35
[DBG] control type=35
[DBG] control type=35
[DBG] control type=35
[DBG] control type=35
[DBG] control type=35
[DBG] control type=35
[DBG] control type=35
[DBG] control type=35
[DBG] control type=35
9:57:12.318 PM [player] buffering 0.0
[DBG] Buffering 0%
[DBG] control type=35
[DBG] control type=35
[DBG] control type=35
[DBG] control type=35
[DBG] control type=35
[DBG] control type=35
[DBG] Buffering 5%
[DBG] Buffering 8%
[DBG] control type=35
[DBG] control type=35
[DBG] Buffering 11%
[DBG] control type=35
[DBG] Buffering 16%
[DBG] Buffering 19%
[DBG] control type=35
[DBG] control type=35
[DBG] Buffering 21%
[DBG] Received first picture
9:57:12.323 PM [framestep] nextFrameStepped result=0 time=19504 ms
[DBG] Buffering 25%
[DBG] control type=35
[DBG] control type=35
[DBG] control type=35
[DBG] Buffering 28%
[DBG] control type=35
[DBG] Buffering 30%
[DBG] Buffering 33%
[DBG] control type=35
[DBG] control type=35
[DBG] control type=35
[DBG] control type=35
[DBG] control type=35
[DBG] control type=35
[DBG] control type=35
[DBG] control type=35
[DBG] control type=35
[DBG] Buffering 48%
[DBG] control type=35
[DBG] control type=35
[DBG] control type=35
[DBG] control type=35
[DBG] control type=35
[DBG] control type=35
[DBG] control type=35
[DBG] Buffering 55%
[DBG] control type=35
[DBG] Buffering 57%
[DBG] control type=35
[DBG] Buffering 58%
[DBG] control type=35
[DBG] control type=35
[DBG] control type=35
[DBG] Buffering 61%
[DBG] control type=35
[DBG] control type=35
[DBG] Buffering 66%
[DBG] control type=35
[DBG] control type=35
[DBG] control type=35
[DBG] control type=35
[DBG] control type=35
[DBG] Buffering 71%
[DBG] control type=35
[DBG] control type=35
[DBG] Buffering 75%
[DBG] control type=35
[DBG] Buffering 80%
[DBG] control type=35
[DBG] Buffering 83%
[DBG] control type=35
[DBG] control type=35
[DBG] control type=35
[DBG] control type=35
[DBG] control type=35
[DBG] control type=35
[DBG] control type=35
[DBG] Buffering 99%
[DBG] control type=35
[DBG] control type=35
[DBG] control type=35
[DBG] control type=35
[DBG] control type=35
[DBG] control type=35
[DBG] Stream buffering done (1051 ms in 31 ms)
9:57:12.349 PM [player] buffering 1.0
[DBG] Decoder wait done in 0 ms
[DBG] control type=35
[ERR] ES_OUT_SET_(GROUP_)PCR  is called 13921 ms late (jitter of 13920 ms ignored)
[DBG] ES_OUT_RESET_PCR called
9:57:12.349 PM [player] buffering 0.0
[DBG] control type=35
[DBG] control type=35
[DBG] control type=35
[DBG] control type=35
[DBG] control type=35
[DBG] control type=35
[DBG] control type=35
[DBG] control type=35
[DBG] control type=35
[DBG] control type=35
[DBG] control type=35
[DBG] Buffering 0%
[DBG] control type=35
9:57:12.351 PM [player] buffering 0.0
[DBG] control type=35
[DBG] control type=35
[DBG] Buffering 4%
[DBG] control type=35
[DBG] control type=35
[DBG] control type=35
[DBG] control type=35
[DBG] control type=35
[DBG] control type=35
[DBG] control type=35
[DBG] control type=35
[DBG] control type=35
[DBG] control type=35
[DBG] control type=35
[DBG] control type=35
[DBG] Buffering 9%
[DBG] control type=35
[DBG] control type=35
[DBG] Buffering 13%
[DBG] control type=35
[DBG] control type=35
[DBG] control type=35
[DBG] control type=35
[DBG] Buffering 16%
[DBG] control type=35
[DBG] control type=35
[DBG] control type=35
[DBG] control type=35
[DBG] control type=35
[DBG] Buffering 18%
[DBG] control type=35
[DBG] control type=35
[DBG] control type=35
[DBG] Buffering 21%
[DBG] control type=35
[DBG] control type=35
[DBG] control type=35
[DBG] control type=35
[DBG] control type=35
[DBG] control type=35
[DBG] control type=35
[DBG] control type=35
[DBG] control type=35
[DBG] control type=35
[DBG] control type=35
[DBG] control type=35
[DBG] control type=35
[DBG] control type=35
[DBG] Buffering 35%
[DBG] control type=35
[DBG] control type=35
[DBG] control type=35
[DBG] control type=35
[DBG] Buffering 36%
[DBG] control type=35
[DBG] control type=35
[DBG] Buffering 43%
[DBG] Buffering 44%
[DBG] control type=35
[DBG] control type=35
[DBG] Buffering 46%
[DBG] Buffering 50%
[DBG] Buffering 54%
[DBG] control type=35
[DBG] Buffering 55%
[DBG] Buffering 60%
[DBG] control type=35
[DBG] control type=35
[DBG] control type=35
[DBG] Buffering 63%
[DBG] Received first picture
9:57:12.363 PM [framestep] nextFrameStepped result=0 time=19504 ms
[DBG] Buffering 68%
[DBG] control type=35
[DBG] control type=35
[DBG] control type=35
[DBG] Buffering 71%
[DBG] control type=35
[DBG] control type=35
[DBG] control type=35
[DBG] control type=35
[DBG] control type=35
[DBG] control type=35
[DBG] control type=35
[DBG] control type=35
[DBG] control type=35
[DBG] Buffering 86%
[DBG] control type=35
[DBG] control type=35
[DBG] control type=35
[DBG] control type=35
[DBG] control type=35
[DBG] Buffering 93%
[DBG] control type=35
[DBG] Buffering 96%
[DBG] control type=35
[DBG] control type=35
[DBG] control type=35
[DBG] control type=35
[DBG] control type=35
[DBG] Stream buffering done (1001 ms in 21 ms)
9:57:12.372 PM [player] buffering 1.0
[DBG] Decoder wait done in 0 ms
[DBG] control type=35
[ERR] ES_OUT_SET_(GROUP_)PCR  is called 13979 ms late (jitter of 13921 ms ignored)
[DBG] ES_OUT_RESET_PCR called
9:57:12.372 PM [player] buffering 0.0
[DBG] control type=35
[DBG] control type=35
[DBG] control type=35
[DBG] control type=35
[DBG] control type=35
9:57:12.373 PM [player] buffering 0.0
[DBG] Buffering 0%
[DBG] control type=35
[DBG] control type=35
[DBG] control type=35
[DBG] control type=35
[DBG] control type=35
[DBG] Buffering 3%
[DBG] control type=35
[DBG] control type=35
[DBG] Buffering 5%
[DBG] control type=35
[DBG] control type=35
[DBG] control type=35
[DBG] control type=35
[DBG] control type=35
[DBG] Buffering 8%
[DBG] control type=35
[DBG] Buffering 11%
[DBG] control type=35
[DBG] control type=35
[DBG] control type=35
[DBG] control type=35
[DBG] control type=35
[DBG] control type=35
[DBG] control type=35
[DBG] control type=35
[DBG] control type=35
[DBG] control type=35
[DBG] control type=35
[DBG] control type=35
[DBG] control type=35
[DBG] control type=35
[DBG] control type=35
[DBG] control type=35
[DBG] control type=35
[DBG] control type=35
[DBG] control type=35
[DBG] control type=35
[DBG] Buffering 27%
[DBG] control type=35
[DBG] control type=35
[DBG] control type=35
[DBG] control type=35
[DBG] control type=35
[DBG] control type=35
[DBG] Buffering 33%
[DBG] Buffering 36%
[DBG] control type=35
[DBG] control type=35
[DBG] Buffering 40%
[DBG] control type=35
[DBG] Buffering 45%
[DBG] Buffering 46%
[DBG] control type=35
[DBG] control type=35
[DBG] Buffering 50%
[DBG] Buffering 53%
[DBG] control type=35
[DBG] control type=35
[DBG] control type=35
[DBG] control type=35
[DBG] Buffering 56%
[DBG] control type=35
[DBG] Received first picture
[DBG] control type=35
9:57:12.383 PM [framestep] nextFrameStepped result=0 time=19504 ms
[DBG] Buffering 58%
[DBG] control type=35
[DBG] Buffering 61%
[DBG] control type=35
[DBG] control type=35
[DBG] control type=35
[DBG] control type=35
[DBG] Buffering 75%
[DBG] control type=35
[DBG] control type=35
[DBG] control type=35
[DBG] control type=35
[DBG] control type=35
[DBG] control type=35
[DBG] control type=35
[DBG] control type=35
[DBG] Buffering 76%
[DBG] Buffering 83%
[DBG] control type=35
[DBG] control type=35
[DBG] control type=35
[DBG] control type=35
[DBG] Buffering 85%
[DBG] control type=35
[DBG] control type=35
[DBG] Buffering 86%
[DBG] Buffering 90%
[DBG] control type=35
[DBG] control type=35
[DBG] Buffering 94%
[DBG] control type=35
[DBG] control type=35
[DBG] Buffering 95%
[DBG] control type=35
[DBG] Stream buffering done (1001 ms in 21 ms)
9:57:12.395 PM [player] buffering 1.0
[DBG] Decoder wait done in 0 ms
[DBG] control type=35
[DBG] control type=35
[DBG] control type=35
[DBG] control type=35
[DBG] control type=35
[DBG] control type=35
[ERR] ES_OUT_SET_(GROUP_)PCR  is called 14018 ms late (jitter of 13979 ms ignored)
[DBG] ES_OUT_RESET_PCR called
9:57:12.395 PM [player] buffering 0.0
[DBG] control type=35
[DBG] control type=35
[DBG] control type=35
[DBG] control type=35
9:57:12.398 PM [player] buffering 0.0
[DBG] Buffering 0%
[DBG] control type=35
[DBG] control type=35
[DBG] Buffering 3%
[DBG] control type=35
[DBG] control type=35
[DBG] control type=35
[DBG] control type=35
[DBG] control type=35
[DBG] control type=35
[DBG] control type=35
[DBG] control type=35
[DBG] control type=35
[DBG] control type=35
[DBG] control type=35
[DBG] control type=35
[DBG] control type=35
[DBG] control type=35
[DBG] control type=35
[DBG] control type=35
[DBG] control type=35
[DBG] control type=35
[DBG] Buffering 18%
[DBG] control type=35
[DBG] control type=35
[DBG] control type=35
[DBG] control type=35
[DBG] control type=35
[DBG] control type=35
[DBG] control type=35
[DBG] Buffering 25%
[DBG] Buffering 28%
[DBG] control type=35
[DBG] control type=35
[DBG] control type=35
[DBG] control type=35
[DBG] control type=35
[DBG] Buffering 31%
[DBG] Received first picture
9:57:12.407 PM [framestep] nextFrameStepped result=0 time=19504 ms
[DBG] Buffering 36%
[DBG] control type=35
[DBG] control type=35
[DBG] control type=35
[DBG] control type=35
[DBG] Buffering 41%
[DBG] control type=35
[DBG] Buffering 45%
[DBG] Buffering 47%
[DBG] control type=35
[DBG] control type=35
[DBG] control type=35
[DBG] Buffering 50%
[DBG] control type=35
[DBG] Buffering 53%
[DBG] control type=35
[DBG] control type=35
[DBG] control type=35
[DBG] control type=35
[DBG] control type=35
[DBG] Buffering 69%
[DBG] control type=35
[DBG] control type=35
[DBG] control type=35
[DBG] control type=35
[DBG] control type=35
[DBG] control type=35
[DBG] Buffering 75%
[DBG] control type=35
[DBG] control type=35
[DBG] Buffering 78%
[DBG] control type=35
[DBG] control type=35
[DBG] control type=35
[DBG] Buffering 81%
[DBG] control type=35
[DBG] Buffering 86%
[DBG] control type=35
[DBG] Buffering 88%
[DBG] control type=35
[DBG] Buffering 91%
[DBG] control type=35
[DBG] control type=35
[DBG] control type=35
[DBG] control type=35
[DBG] Buffering 95%
[DBG] control type=35
[DBG] Buffering 98%
[DBG] control type=35
[DBG] Stream buffering done (1001 ms in 25 ms)
9:57:12.424 PM [player] buffering 1.0
[DBG] Decoder wait done in 0 ms
[DBG] control type=35
[ERR] ES_OUT_SET_(GROUP_)PCR  is called 14047 ms late (jitter of 14018 ms ignored)
[DBG] ES_OUT_RESET_PCR called
9:57:12.424 PM [player] buffering 0.0
[DBG] control type=35
[DBG] control type=35
[DBG] control type=35
[DBG] control type=35
[DBG] control type=35
[DBG] control type=35
[DBG] control type=35
[DBG] control type=35
[DBG] control type=35
[DBG] control type=35
9:57:12.427 PM [player] buffering 0.0
[DBG] Buffering 0%
[DBG] control type=35
[DBG] control type=35
[DBG] control type=35
[DBG] control type=35
[DBG] control type=35
[DBG] control type=35
[DBG] control type=35
[DBG] Buffering 7%
[DBG] Buffering 9%
[DBG] Buffering 10%
[DBG] control type=35
[DBG] control type=35
[DBG] control type=35
[DBG] control type=35
[DBG] Buffering 14%
[DBG] control type=35
[DBG] Buffering 19%
[DBG] Received first picture
9:57:12.432 PM [framestep] nextFrameStepped result=0 time=19504 ms
[DBG] control type=35
[DBG] control type=35
[DBG] Buffering 24%
[DBG] control type=35
[DBG] control type=35
[DBG] Buffering 27%
[DBG] control type=35
[DBG] control type=35
[DBG] control type=35
[DBG] Buffering 32%
[DBG] control type=35
[DBG] Buffering 35%
[DBG] control type=35
[DBG] control type=35
[DBG] control type=35
[DBG] control type=35
[DBG] Buffering 51%
[DBG] control type=35
[DBG] control type=35
[DBG] control type=35
[DBG] control type=35
[DBG] control type=35
[DBG] control type=35
[DBG] control type=35
[DBG] Buffering 57%
[DBG] control type=35
[DBG] Buffering 60%
[DBG] control type=35
[DBG] control type=35
[DBG] control type=35
[DBG] Buffering 64%
[DBG] control type=35
[DBG] control type=35
[DBG] Buffering 69%
[DBG] control type=35
[DBG] control type=35
[DBG] Buffering 74%
[DBG] control type=35
[DBG] control type=35
[DBG] Buffering 77%
[DBG] control type=35
[DBG] Buffering 80%
[DBG] control type=35
[DBG] Buffering 82%
[DBG] Buffering 85%
[DBG] control type=35
[DBG] control type=35
[DBG] control type=35
[DBG] control type=35
[DBG] control type=35
[DBG] control type=35
[DBG] control type=35
[DBG] control type=35
[DBG] control type=35
[DBG] control type=35
[DBG] control type=35
[DBG] control type=35
[DBG] control type=35
[DBG] Stream buffering done (1024 ms in 25 ms)
9:57:12.453 PM [player] buffering 1.0
[DBG] Decoder wait done in 0 ms
[DBG] control type=35
[DBG] control type=35
[DBG] control type=35
[DBG] control type=35
[DBG] control type=35
[ERR] ES_OUT_SET_(GROUP_)PCR  is called 14036 ms late (jitter of 14036 ms ignored)
[DBG] ES_OUT_RESET_PCR called
9:57:12.455 PM [player] buffering 0.0
[DBG] control type=35
[DBG] control type=35
[DBG] control type=35
[DBG] control type=35
[DBG] control type=35
[DBG] control type=35
[DBG] Buffering 0%
9:57:12.455 PM [player] buffering 0.0
[DBG] control type=35
[DBG] control type=35
[DBG] control type=35
[DBG] control type=35
[DBG] control type=35
[DBG] control type=35
[DBG] control type=35
[DBG] Buffering 3%
[DBG] control type=35
[DBG] control type=35
[DBG] Buffering 8%
[DBG] control type=35
[DBG] control type=35
[DBG] control type=35
[DBG] control type=35
[DBG] control type=35
[DBG] Buffering 10%
[DBG] control type=35
[DBG] control type=35
[DBG] control type=35
[DBG] control type=35
[DBG] Buffering 13%
[DBG] control type=35
[DBG] control type=35
[DBG] Buffering 16%
[DBG] control type=35
[DBG] control type=35
[DBG] control type=35
[DBG] Buffering 20%
[DBG] control type=35
[DBG] control type=35
[DBG] control type=35
[DBG] control type=35
[DBG] control type=35
[DBG] Buffering 21%
[DBG] control type=35
[DBG] control type=35
[DBG] Buffering 25%
[DBG] control type=35
[DBG] control type=35
[DBG] control type=35
[DBG] control type=35
[DBG] control type=35
[DBG] control type=35
[DBG] control type=35
[DBG] control type=35
[DBG] control type=35
[DBG] control type=35
[DBG] control type=35
[DBG] control type=35
[DBG] control type=35
[DBG] control type=35
[DBG] control type=35
[DBG] control type=35
[DBG] control type=35
[DBG] control type=35
[DBG] control type=35
[DBG] control type=35
[DBG] control type=35
[DBG] Buffering 39%
[DBG] control type=35
[DBG] control type=35
[DBG] control type=35
[DBG] control type=35
[DBG] Buffering 40%
[DBG] Buffering 46%
[DBG] Buffering 49%
[DBG] control type=35
[DBG] control type=35
[DBG] Buffering 50%
[DBG] Received first picture
9:57:12.469 PM [framestep] nextFrameStepped result=0 time=19504 ms
[DBG] control type=35
[DBG] control type=35
[DBG] Buffering 53%
[DBG] control type=35
[DBG] Buffering 58%
[DBG] control type=35
[DBG] control type=35
[DBG] control type=35
[DBG] control type=35
[DBG] control type=35
[DBG] Buffering 63%
[DBG] control type=35
[DBG] control type=35
[DBG] control type=35
[DBG] control type=35
[DBG] control type=35
[DBG] control type=35
[DBG] Buffering 66%
[DBG] control type=35
[DBG] Buffering 71%
[DBG] control type=35
[DBG] Buffering 75%
[DBG] control type=35
[DBG] control type=35
[DBG] control type=35
[DBG] control type=35
[DBG] control type=35
[DBG] control type=35
[DBG] Buffering 90%
[DBG] control type=35
[DBG] control type=35
[DBG] control type=35
[DBG] control type=35
[DBG] control type=35
[DBG] Buffering 96%
[DBG] control type=35
[DBG] control type=35
9:57:12.479 PM [player] buffering 1.0
[DBG] Stream buffering done (1001 ms in 23 ms)
[DBG] Decoder wait done in 0 ms
[DBG] control type=35
[DBG] control type=35
[ERR] ES_OUT_SET_(GROUP_)PCR  is called 14103 ms late (jitter of 14047 ms ignored)
[DBG] ES_OUT_RESET_PCR called
9:57:12.480 PM [player] buffering 0.0
[DBG] control type=35
[DBG] control type=35
[DBG] control type=35
[DBG] control type=35
[DBG] control type=35
[DBG] Buffering 0%
9:57:12.481 PM [player] buffering 0.0
[DBG] control type=35
[DBG] control type=35
[DBG] control type=35
[DBG] control type=35
[DBG] control type=35
[DBG] control type=35
[DBG] control type=35
[DBG] Buffering 5%
[DBG] control type=35
[DBG] control type=35
[DBG] Buffering 8%
[DBG] control type=35
[DBG] control type=35
[DBG] control type=35
[DBG] control type=35
[DBG] Buffering 11%
[DBG] control type=35
[DBG] control type=35
[DBG] control type=35
[DBG] Buffering 13%
[DBG] control type=35
[DBG] control type=35
[DBG] control type=35
[DBG] Buffering 16%
[DBG] control type=35
[DBG] control type=35
[DBG] control type=35
[DBG] control type=35
[DBG] control type=35
[DBG] control type=35
[DBG] control type=35
[DBG] control type=35
[DBG] control type=35
[DBG] control type=35
[DBG] control type=35
[DBG] control type=35
[DBG] control type=35
[DBG] control type=35
[DBG] Buffering 30%
[DBG] control type=35
[DBG] control type=35
[DBG] control type=35
[DBG] control type=35
[DBG] control type=35
[DBG] control type=35
[DBG] control type=35
[DBG] Buffering 31%
[DBG] Buffering 38%
[DBG] control type=35
[DBG] Buffering 39%
[DBG] Buffering 41%
[DBG] control type=35
[DBG] Buffering 45%
[DBG] Buffering 49%
[DBG] Received first picture
9:57:12.491 PM [framestep] nextFrameStepped result=0 time=19504 ms
[DBG] control type=35
[DBG] Buffering 50%
[DBG] Buffering 55%
[DBG] control type=35
[DBG] control type=35
[DBG] control type=35
[DBG] control type=35
[DBG] Buffering 58%
[DBG] Buffering 63%
[DBG] control type=35
[DBG] control type=35
[DBG] Buffering 66%
[DBG] control type=35
[DBG] control type=35
[DBG] Buffering 81%
[DBG] control type=35
[DBG] control type=35
[DBG] control type=35
[DBG] control type=35
[DBG] control type=35
[DBG] control type=35
[DBG] control type=35
[DBG] Buffering 88%
[DBG] control type=35
[DBG] Buffering 91%
[DBG] control type=35
[DBG] control type=35
[DBG] control type=35
[DBG] control type=35
[DBG] control type=35
[DBG] Buffering 95%
[DBG] control type=35
[DBG] Stream buffering done (1001 ms in 26 ms)
[DBG] Decoder wait done in 0 ms
9:57:12.507 PM [player] buffering 1.0
[DBG] control type=35
[DBG] control type=35
[DBG] control type=35
[ERR] ES_OUT_SET_(GROUP_)PCR  is called 14114 ms late (jitter of 14103 ms ignored)
[DBG] ES_OUT_RESET_PCR called
9:57:12.508 PM [player] buffering 0.0
[DBG] control type=35
[DBG] control type=35
[DBG] control type=35
[DBG] control type=35
[DBG] Buffering 0%
9:57:12.509 PM [player] buffering 0.0
[DBG] control type=35
[DBG] control type=35
[DBG] Buffering 1%
[DBG] control type=35
[DBG] control type=35
[DBG] control type=35
[DBG] control type=35
[DBG] control type=35
[DBG] control type=35
[DBG] Buffering 4%
[DBG] control type=35
[DBG] control type=35
[DBG] control type=35
[DBG] control type=35
[DBG] control type=35
[DBG] Buffering 8%
[DBG] control type=35
[DBG] control type=35
[DBG] control type=35
[DBG] control type=35
[DBG] control type=35
[DBG] control type=35
[DBG] control type=35
[DBG] control type=35
[DBG] control type=35
[DBG] control type=35
[DBG] control type=35
[DBG] control type=35
[DBG] control type=35
[DBG] Buffering 24%
[DBG] control type=35
[DBG] control type=35
[DBG] control type=35
[DBG] control type=35
[DBG] control type=35
[DBG] control type=35
[DBG] control type=35
[DBG] control type=35
[DBG] Buffering 29%
[DBG] control type=35
[DBG] control type=35
[DBG] control type=35
[DBG] control type=35
[DBG] Buffering 33%
[DBG] control type=35
[DBG] Received first picture
9:57:12.520 PM [framestep] nextFrameStepped result=0 time=19504 ms
[DBG] Buffering 36%
[DBG] Buffering 41%
[DBG] control type=35
[DBG] control type=35
[DBG] control type=35
[DBG] Buffering 46%
[DBG] Buffering 50%
[DBG] control type=35
[DBG] control type=35
[DBG] Buffering 52%
[DBG] control type=35
[DBG] control type=35
[DBG] control type=35
[DBG] Buffering 55%
[DBG] control type=35
[DBG] Buffering 58%
[DBG] control type=35
[DBG] control type=35
[DBG] control type=35
[DBG] control type=35
[DBG] control type=35
[DBG] control type=35
[DBG] control type=35
[DBG] control type=35
[DBG] control type=35
[DBG] control type=35
[DBG] control type=35
[DBG] control type=35
[DBG] control type=35
[DBG] Buffering 72%
[DBG] control type=35
[DBG] control type=35
[DBG] control type=35
[DBG] control type=35
[DBG] control type=35
[DBG] Buffering 73%
[DBG] control type=35
[DBG] control type=35
[DBG] Buffering 80%
[DBG] Buffering 81%
[DBG] control type=35
[DBG] control type=35
[DBG] control type=35
[DBG] Buffering 83%
[DBG] control type=35
[DBG] Buffering 86%
[DBG] control type=35
[DBG] Buffering 91%
[DBG] control type=35
[DBG] control type=35
[DBG] control type=35
[DBG] Buffering 96%
[DBG] control type=35
[DBG] control type=35
[DBG] Stream buffering done (1001 ms in 24 ms)
9:57:12.533 PM [player] buffering 1.0
[DBG] Decoder wait done in 0 ms
[DBG] control type=35
[ERR] ES_OUT_SET_(GROUP_)PCR  is called 14140 ms late (jitter of 14114 ms ignored)
[DBG] ES_OUT_RESET_PCR called
9:57:12.534 PM [player] buffering 0.0
[DBG] control type=35
[DBG] control type=35
[DBG] control type=35
[DBG] control type=35
[DBG] control type=35
[DBG] control type=35
[DBG] Buffering 0%
9:57:12.534 PM [player] buffering 0.0
[DBG] control type=35
[DBG] control type=35
[DBG] control type=35
[DBG] control type=35
[DBG] control type=35
[DBG] control type=35
[DBG] Buffering 14%
[DBG] control type=35
[DBG] control type=35
[DBG] control type=35
[DBG] control type=35
[DBG] control type=35
[DBG] control type=35
[DBG] control type=35
[DBG] control type=35
[DBG] Buffering 21%
[DBG] control type=35
[DBG] Buffering 24%
[DBG] control type=35
[DBG] control type=35
[DBG] Buffering 25%
[DBG] control type=35
[DBG] control type=35
[DBG] control type=35
[DBG] control type=35
[DBG] control type=35
[DBG] control type=35
[DBG] Buffering 28%
[DBG] Received first picture
9:57:12.542 PM [framestep] nextFrameStepped result=0 time=19504 ms
[DBG] Buffering 33%
[DBG] control type=35
[DBG] control type=35
[DBG] control type=35
[DBG] Buffering 38%
[DBG] control type=35
[DBG] control type=35
[DBG] Buffering 41%
[DBG] control type=35
[DBG] Buffering 43%
[DBG] control type=35
[DBG] Buffering 46%
[DBG] Buffering 50%
[DBG] control type=35
[DBG] control type=35
[DBG] control type=35
[DBG] control type=35
[DBG] control type=35
[DBG] control type=35
[DBG] control type=35
[DBG] control type=35
[DBG] Buffering 66%
[DBG] control type=35
[DBG] control type=35
[DBG] control type=35
[DBG] control type=35
[DBG] control type=35
[DBG] control type=35
[DBG] Buffering 71%
[DBG] control type=35
[DBG] Buffering 75%
[DBG] control type=35
[DBG] control type=35
[DBG] control type=35
[DBG] control type=35
[DBG] Buffering 78%
[DBG] control type=35
[DBG] control type=35
[DBG] Buffering 83%
[DBG] control type=35
[DBG] control type=35
[DBG] control type=35
[DBG] Buffering 85%
[DBG] control type=35
[DBG] control type=35
[DBG] Buffering 88%
[DBG] Buffering 91%
[DBG] control type=35
[DBG] control type=35
[DBG] Buffering 94%
[DBG] control type=35
[DBG] control type=35
[DBG] Buffering 96%
[DBG] control type=35
[DBG] Stream buffering done (1001 ms in 25 ms)
[DBG] Decoder wait done in 0 ms
9:57:12.559 PM [player] buffering 1.0
[DBG] control type=35
[DBG] control type=35
[ERR] ES_OUT_SET_(GROUP_)PCR  is called 14078 ms late (jitter of 14114 ms ignored)
[DBG] ES_OUT_RESET_PCR called
9:57:12.561 PM [player] buffering 0.0
[DBG] control type=35
[DBG] control type=35
[DBG] control type=35
[DBG] control type=35
[DBG] control type=35
[DBG] control type=35
[DBG] control type=35
[DBG] control type=35
[DBG] control type=35
[DBG] control type=35
[DBG] control type=35
[DBG] control type=35
[DBG] Buffering 0%
9:57:12.564 PM [player] buffering 0.0
[DBG] control type=35
[DBG] control type=35
[DBG] control type=35
[DBG] control type=35
[DBG] Buffering 6%
[DBG] control type=35
[DBG] control type=35
[DBG] control type=35
[DBG] Buffering 8%
[DBG] control type=35
[DBG] control type=35
[DBG] control type=35
[DBG] control type=35
[DBG] control type=35
[DBG] Buffering 10%
[DBG] control type=35
[DBG] control type=35
[DBG] control type=35
[DBG] Buffering 13%
[DBG] control type=35
[DBG] control type=35
[DBG] control type=35
[DBG] control type=35
[DBG] control type=35
[DBG] control type=35
[DBG] control type=35
[DBG] Buffering 18%
[DBG] control type=35
[DBG] control type=35
[DBG] control type=35
[DBG] control type=35
[DBG] control type=35
[DBG] control type=35
[DBG] control type=35
[DBG] control type=35
[DBG] control type=35
[DBG] Buffering 23%
[DBG] control type=35
[DBG] control type=35
[DBG] control type=35
[DBG] control type=35
[DBG] control type=35
[DBG] control type=35
[DBG] control type=35
[DBG] control type=35
[DBG] control type=35
[DBG] control type=35
[DBG] control type=35
[DBG] control type=35
[DBG] control type=35
[DBG] Buffering 26%
[DBG] control type=35
[DBG] control type=35
[DBG] Buffering 31%
[DBG] control type=35
[DBG] control type=35
[DBG] control type=35
[DBG] control type=35
[DBG] control type=35
[DBG] control type=35
[DBG] Buffering 35%
[DBG] control type=35
[DBG] control type=35
[DBG] control type=35
[DBG] control type=35
[DBG] control type=35
[DBG] control type=35
[DBG] control type=35
[DBG] control type=35
[DBG] control type=35
[DBG] control type=35
[DBG] control type=35
[DBG] control type=35
[DBG] Buffering 50%
[DBG] control type=35
[DBG] control type=35
[DBG] control type=35
[DBG] control type=35
[DBG] control type=35
[DBG] control type=35
[DBG] control type=35
[DBG] control type=35
[DBG] control type=35
[DBG] control type=35
[DBG] control type=35
[DBG] control type=35
[DBG] control type=35
[DBG] control type=35
[DBG] control type=35
[DBG] control type=35
[DBG] control type=35
[DBG] control type=35
[DBG] Received first picture
9:57:12.576 PM [framestep] nextFrameStepped result=0 time=19504 ms
[DBG] Buffering 56%
[DBG] control type=35
[DBG] Buffering 59%
[DBG] control type=35
[DBG] control type=35
[DBG] Buffering 60%
[DBG] control type=35
[DBG] Buffering 63%
[DBG] control type=35
[DBG] Buffering 68%
[DBG] control type=35
[DBG] control type=35
[DBG] Buffering 73%
[DBG] control type=35
[DBG] control type=35
[DBG] control type=35
[DBG] Buffering 76%
[DBG] control type=35
[DBG] Buffering 79%
[DBG] control type=35
[DBG] Buffering 81%
[DBG] control type=35
[DBG] Buffering 85%
[DBG] control type=35
[DBG] control type=35
[DBG] control type=35
[DBG] control type=35
[DBG] control type=35
9:57:12.588 PM [player] buffering 1.0
[DBG] Stream buffering done (1014 ms in 24 ms)
[DBG] Decoder wait done in 0 ms
[DBG] control type=35
[DBG] control type=35
[DBG] control type=35
[DBG] control type=35
[DBG] control type=35
[DBG] control type=35
[DBG] control type=35
[DBG] control type=35
[ERR] ES_OUT_SET_(GROUP_)PCR  is called 14180 ms late (jitter of 14140 ms ignored)
[DBG] ES_OUT_RESET_PCR called
9:57:12.590 PM [player] buffering 0.0
[DBG] control type=35
[DBG] control type=35
[DBG] control type=35
[DBG] Buffering 0%
9:57:12.591 PM [player] buffering 0.0
[DBG] control type=35
[DBG] control type=35
[DBG] control type=35
[DBG] control type=35
[DBG] control type=35
[DBG] Buffering 3%
[DBG] control type=35
[DBG] control type=35
[DBG] control type=35
[DBG] control type=35
[DBG] control type=35
[DBG] control type=35
[DBG] Buffering 8%
[DBG] control type=35
[DBG] control type=35
[DBG] control type=35
[DBG] Buffering 10%
[DBG] control type=35
[DBG] control type=35
[DBG] control type=35
[DBG] control type=35
[DBG] control type=35
[DBG] Buffering 13%
[DBG] control type=35
[DBG] control type=35
[DBG] control type=35
[DBG] control type=35
[DBG] control type=35
[DBG] control type=35
[DBG] control type=35
[DBG] control type=35
[DBG] control type=35
[DBG] Buffering 16%
[DBG] control type=35
[DBG] control type=35
[DBG] control type=35
[DBG] control type=35
[DBG] control type=35
[DBG] control type=35
[DBG] control type=35
[DBG] Buffering 20%
[DBG] control type=35
[DBG] control type=35
[DBG] control type=35
[DBG] control type=35
[DBG] control type=35
[DBG] control type=35
[DBG] Buffering 21%
[DBG] control type=35
[DBG] control type=35
[DBG] Buffering 25%
[DBG] control type=35
[DBG] control type=35
[DBG] control type=35
[DBG] control type=35
[DBG] control type=35
[DBG] control type=35
[DBG] control type=35
[DBG] control type=35
[DBG] control type=35
[DBG] control type=35
[DBG] control type=35
[DBG] control type=35
[DBG] Buffering 39%
[DBG] control type=35
[DBG] control type=35
[DBG] control type=35
[DBG] control type=35
[DBG] control type=35
[DBG] control type=35
[DBG] control type=35
[DBG] control type=35
[DBG] control type=35
[DBG] control type=35
[DBG] control type=35
[DBG] control type=35
[DBG] control type=35
[DBG] control type=35
[DBG] Buffering 40%
[DBG] control type=35
[DBG] control type=35
[DBG] Buffering 46%
[DBG] control type=35
[DBG] Buffering 48%
[DBG] control type=35
[DBG] control type=35
[DBG] Buffering 50%
[DBG] Buffering 53%
[DBG] Received first picture
9:57:12.602 PM [framestep] nextFrameStepped result=0 time=19504 ms
[DBG] control type=35
[DBG] Buffering 58%
[DBG] control type=35
[DBG] control type=35
[DBG] control type=35
[DBG] control type=35
[DBG] control type=35
[DBG] control type=35
[DBG] Buffering 63%
[DBG] control type=35
[DBG] control type=35
[DBG] control type=35
[DBG] control type=35
[DBG] control type=35
[DBG] Buffering 66%
[DBG] Buffering 71%
[DBG] control type=35
[DBG] control type=35
[DBG] Buffering 75%
[DBG] control type=35
[DBG] control type=35
[DBG] control type=35
[DBG] control type=35
[DBG] control type=35
[DBG] control type=35
[DBG] control type=35
[DBG] control type=35
[DBG] control type=35
[DBG] control type=35
[DBG] Buffering 90%
[DBG] control type=35
[DBG] control type=35
[DBG] control type=35
[DBG] control type=35
[DBG] control type=35
[DBG] control type=35
[DBG] control type=35
[DBG] control type=35
[DBG] control type=35
[DBG] control type=35
[DBG] control type=35
[DBG] Buffering 96%
[DBG] control type=35
[DBG] Stream buffering done (1001 ms in 22 ms)
[DBG] Decoder wait done in 0 ms
9:57:12.614 PM [player] buffering 1.0
[DBG] control type=35
[DBG] control type=35
[DBG] control type=35
[ERR] ES_OUT_SET_(GROUP_)PCR  is called 14238 ms late (jitter of 14180 ms ignored)
[DBG] ES_OUT_RESET_PCR called
9:57:12.616 PM [player] buffering 0.0
[DBG] control type=35
[DBG] control type=35
[DBG] control type=35
[DBG] control type=35
[DBG] control type=35
[DBG] control type=35
[DBG] control type=35
[DBG] Buffering 0%
9:57:12.616 PM [player] buffering 0.0
[DBG] control type=35
[DBG] control type=35
[DBG] control type=35
[DBG] control type=35
[DBG] control type=35
[DBG] control type=35
[DBG] control type=35
[DBG] control type=35
[DBG] control type=35
[DBG] Buffering 5%
[DBG] control type=35
[DBG] control type=35
[DBG] control type=35
[DBG] control type=35
[DBG] control type=35
[DBG] control type=35
[DBG] control type=35
[DBG] control type=35
[DBG] control type=35
[DBG] Buffering 8%
[DBG] control type=35
[DBG] control type=35
[DBG] Buffering 10%
[DBG] control type=35
[DBG] control type=35
[DBG] control type=35
[DBG] control type=35
[DBG] control type=35
[DBG] control type=35
[DBG] Buffering 13%
[DBG] control type=35
[DBG] control type=35
[DBG] control type=35
[DBG] Buffering 16%
[DBG] control type=35
[DBG] control type=35
[DBG] control type=35
[DBG] control type=35
[DBG] control type=35
[DBG] control type=35
[DBG] control type=35
[DBG] control type=35
[DBG] control type=35
[DBG] control type=35
[DBG] control type=35
[DBG] Buffering 33%
[DBG] control type=35
[DBG] control type=35
[DBG] control type=35
[DBG] control type=35
[DBG] control type=35
[DBG] control type=35
[DBG] Buffering 38%
[DBG] Buffering 41%
[DBG] control type=35
[DBG] control type=35
[DBG] Received first picture
9:57:12.630 PM [framestep] nextFrameStepped result=0 time=19504 ms
[DBG] Buffering 45%
[DBG] control type=35
[DBG] control type=35
[DBG] Buffering 50%
[DBG] control type=35
[DBG] Buffering 52%
[DBG] control type=35
[DBG] control type=35
[DBG] Buffering 55%
[DBG] control type=35
[DBG] Buffering 58%
[DBG] Buffering 62%
[DBG] control type=35
[DBG] control type=35
[DBG] Buffering 63%
[DBG] control type=35
[DBG] control type=35
[DBG] Buffering 66%
[DBG] control type=35
[DBG] control type=35
[DBG] control type=35
[DBG] control type=35
[DBG] control type=35
[DBG] control type=35
[DBG] control type=35
[DBG] Buffering 81%
[DBG] control type=35
[DBG] control type=35
[DBG] control type=35
[DBG] control type=35
[DBG] control type=35
[DBG] control type=35
[DBG] control type=35
[DBG] control type=35
[DBG] Buffering 88%
[DBG] control type=35
[DBG] control type=35
[DBG] control type=35
[DBG] control type=35
[DBG] control type=35
[DBG] Buffering 90%
[DBG] control type=35
[DBG] Buffering 91%
[DBG] control type=35
[DBG] Buffering 95%
[DBG] control type=35
[DBG] Stream buffering done (1001 ms in 30 ms)
[DBG] Decoder wait done in 0 ms
9:57:12.646 PM [player] buffering 1.0
[DBG] control type=35
[DBG] control type=35
[ERR] ES_OUT_SET_(GROUP_)PCR  is called 14254 ms late (jitter of 14238 ms ignored)
[DBG] ES_OUT_RESET_PCR called
9:57:12.647 PM [player] buffering 0.0
[DBG] control type=35
[DBG] control type=35
[DBG] control type=35
[DBG] control type=35
[DBG] control type=35
[DBG] Buffering 0%
9:57:12.648 PM [player] buffering 0.0
[DBG] control type=35
[DBG] control type=35
[DBG] control type=35
[DBG] control type=35
[DBG] control type=35
[DBG] control type=35
[DBG] control type=35
[DBG] Buffering 5%
[DBG] control type=35
[DBG] control type=35
[DBG] control type=35
[DBG] Buffering 8%
[DBG] control type=35
[DBG] control type=35
[DBG] control type=35
[DBG] control type=35
[DBG] control type=35
[DBG] control type=35
[DBG] control type=35
[DBG] control type=35
[DBG] control type=35
[DBG] control type=35
[DBG] control type=35
[DBG] control type=35
[DBG] Buffering 24%
[DBG] control type=35
[DBG] control type=35
[DBG] control type=35
[DBG] control type=35
[DBG] control type=35
[DBG] Buffering 30%
[DBG] control type=35
[DBG] Buffering 33%
[DBG] Received first picture
9:57:12.656 PM [framestep] nextFrameStepped result=0 time=19504 ms
[DBG] Buffering 36%
[DBG] control type=35
[DBG] Buffering 41%
[DBG] Buffering 46%
[DBG] control type=35
[DBG] control type=35
[DBG] Buffering 50%
[DBG] Buffering 52%
[DBG] control type=35
[DBG] control type=35
[DBG] Buffering 55%
[DBG] control type=35
[DBG] control type=35
[DBG] control type=35
[DBG] Buffering 58%
[DBG] control type=35
[DBG] control type=35
[DBG] control type=35
[DBG] control type=35
[DBG] control type=35
[DBG] control type=35
[DBG] control type=35
[DBG] control type=35
[DBG] control type=35
[DBG] Buffering 72%
[DBG] control type=35
[DBG] control type=35
[DBG] control type=35
[DBG] control type=35
[DBG] Buffering 73%
[DBG] control type=35
[DBG] control type=35
[DBG] Buffering 80%
[DBG] control type=35
[DBG] Buffering 81%
[DBG] control type=35
[DBG] control type=35
[DBG] Buffering 83%
[DBG] control type=35
[DBG] control type=35
[DBG] control type=35
[DBG] Buffering 86%
[DBG] control type=35
[DBG] Buffering 91%
[DBG] control type=35
[DBG] control type=35
[DBG] control type=35
[DBG] Buffering 96%
[DBG] control type=35
[DBG] control type=35
[DBG] control type=35
[DBG] Stream buffering done (1001 ms in 20 ms)
[DBG] Decoder wait done in 0 ms
9:57:12.669 PM [player] buffering 1.0
[ERR] ES_OUT_SET_(GROUP_)PCR  is called 14275 ms late (jitter of 14254 ms ignored)
[DBG] ES_OUT_RESET_PCR called
9:57:12.670 PM [player] buffering 0.0
[DBG] control type=35
[DBG] control type=35
[DBG] control type=35
[DBG] control type=35
[DBG] control type=35
[DBG] Buffering 0%
9:57:12.670 PM [player] buffering 0.0
[DBG] control type=35
[DBG] control type=35
[DBG] control type=35
[DBG] control type=35
[DBG] control type=35
[DBG] control type=35
[DBG] control type=35
[DBG] control type=35
[DBG] control type=35
[DBG] control type=35
[DBG] control type=35
[DBG] control type=35
[DBG] control type=35
[DBG] control type=35
[DBG] control type=35
[DBG] control type=35
[DBG] control type=35
[DBG] control type=35
[DBG] control type=35
[DBG] control type=35
[DBG] control type=35
[DBG] Buffering 14%
[DBG] control type=35
[DBG] control type=35
[DBG] control type=35
[DBG] control type=35
[DBG] control type=35
[DBG] Buffering 15%
[DBG] Buffering 21%
[DBG] control type=35
[DBG] control type=35
[DBG] control type=35
[DBG] Buffering 24%
[DBG] control type=35
[DBG] control type=35
[DBG] control type=35
[DBG] Buffering 25%
[DBG] Buffering 28%
[DBG] control type=35
[DBG] control type=35
[DBG] Buffering 33%
[DBG] control type=35
[DBG] Received first picture
9:57:12.677 PM [framestep] nextFrameStepped result=0 time=19504 ms
[DBG] Buffering 38%
[DBG] control type=35
[DBG] control type=35
[DBG] control type=35
[DBG] control type=35
[DBG] Buffering 41%
[DBG] control type=35
[DBG] Buffering 43%
[DBG] control type=35
[DBG] control type=35
[DBG] Buffering 46%
[DBG] control type=35
[DBG] Buffering 50%
[DBG] control type=35
[DBG] control type=35
[DBG] control type=35
[DBG] control type=35
[DBG] control type=35
[DBG] control type=35
[DBG] control type=35
[DBG] control type=35
[DBG] Buffering 66%
[DBG] control type=35
[DBG] control type=35
[DBG] control type=35
[DBG] control type=35
[DBG] control type=35
[DBG] control type=35
[DBG] Buffering 71%
[DBG] control type=35
[DBG] Buffering 75%
[DBG] control type=35
[DBG] control type=35
[DBG] control type=35
[DBG] control type=35
[DBG] Buffering 78%
[DBG] control type=35
[DBG] control type=35
[DBG] control type=35
[DBG] control type=35
[DBG] Buffering 83%
[DBG] control type=35
[DBG] Buffering 85%
[DBG] control type=35
[DBG] control type=35
[DBG] Buffering 88%
[DBG] control type=35
[DBG] Buffering 91%
[DBG] control type=35
[DBG] Buffering 94%
[DBG] control type=35
[DBG] control type=35
[DBG] Buffering 96%
[DBG] control type=35
[DBG] Stream buffering done (1001 ms in 23 ms)
[DBG] Decoder wait done in 0 ms
9:57:12.694 PM [player] buffering 1.0
[DBG] control type=35
[DBG] control type=35
[DBG] control type=35
[DBG] control type=35
[DBG] control type=35
[DBG] control type=35
[ERR] ES_OUT_SET_(GROUP_)PCR  is called 14213 ms late (jitter of 14254 ms ignored)
[DBG] ES_OUT_RESET_PCR called
9:57:12.696 PM [player] buffering 0.0
[DBG] control type=35
[DBG] control type=35
[DBG] control type=35
[DBG] control type=35
[DBG] control type=35
[DBG] control type=35
[DBG] control type=35
[DBG] control type=35
[DBG] control type=35
[DBG] control type=35
[DBG] control type=35
[DBG] control type=35
[DBG] control type=35
[DBG] Buffering 0%
9:57:12.699 PM [player] buffering 0.0
[DBG] control type=35
[DBG] control type=35
[DBG] control type=35
[DBG] Buffering 6%
[DBG] control type=35
[DBG] control type=35
[DBG] control type=35
[DBG] control type=35
[DBG] Buffering 8%
[DBG] control type=35
[DBG] control type=35
[DBG] control type=35
[DBG] control type=35
[DBG] Buffering 9%
[DBG] control type=35
[DBG] control type=35
[DBG] Buffering 13%
[DBG] control type=35
[DBG] control type=35
[DBG] control type=35
[DBG] control type=35
[DBG] Buffering 18%
[DBG] control type=35
[DBG] control type=35
[DBG] control type=35
[DBG] control type=35
[DBG] control type=35
[DBG] control type=35
[DBG] Buffering 23%
[DBG] control type=35
[DBG] control type=35
[DBG] control type=35
[DBG] control type=35
[DBG] control type=35
[DBG] control type=35
[DBG] control type=35
[DBG] control type=35
[DBG] control type=35
[DBG] control type=35
[DBG] control type=35
[DBG] control type=35
[DBG] Buffering 26%
[DBG] control type=35
[DBG] control type=35
[DBG] Buffering 31%
[DBG] control type=35
[DBG] control type=35
[DBG] control type=35
[DBG] control type=35
[DBG] Buffering 35%
[DBG] control type=35
[DBG] control type=35
[DBG] control type=35
[DBG] control type=35
[DBG] control type=35
[DBG] control type=35
[DBG] control type=35
[DBG] control type=35
[DBG] control type=35
[DBG] control type=35
[DBG] control type=35
[DBG] control type=35
[DBG] control type=35
[DBG] control type=35
[DBG] control type=35
[DBG] control type=35
[DBG] control type=35
[DBG] control type=35
[DBG] control type=35
[DBG] Buffering 50%
[DBG] control type=35
[DBG] control type=35
[DBG] control type=35
[DBG] control type=35
[DBG] control type=35
[DBG] Buffering 56%
[DBG] Buffering 59%
[DBG] control type=35
[DBG] control type=35
[DBG] Buffering 60%
[DBG] control type=35
[DBG] control type=35
[DBG] control type=35
[DBG] control type=35
[DBG] control type=35
[DBG] control type=35
[DBG] Received first picture
9:57:12.713 PM [framestep] nextFrameStepped result=0 time=19504 ms
[DBG] Buffering 63%
[DBG] control type=35
[DBG] Buffering 68%
[DBG] control type=35
[DBG] control type=35
[DBG] Buffering 73%
[DBG] control type=35
[DBG] Buffering 76%
[DBG] control type=35
[DBG] Buffering 78%
[DBG] control type=35
[DBG] control type=35
[DBG] control type=35
[DBG] Buffering 81%
[DBG] control type=35
[DBG] Buffering 85%
[DBG] control type=35
[DBG] control type=35
[DBG] control type=35
[DBG] control type=35
[DBG] control type=35
[DBG] control type=35
[DBG] Stream buffering done (1012 ms in 19 ms)
[DBG] Decoder wait done in 0 ms
9:57:12.719 PM [player] buffering 1.0
[DBG] control type=35
[DBG] control type=35
[DBG] control type=35
[DBG] control type=35
[DBG] control type=35
[DBG] control type=35
[DBG] control type=35
[DBG] control type=35
[DBG] control type=35
[ERR] ES_OUT_SET_(GROUP_)PCR  is called 14317 ms late (jitter of 14275 ms ignored)
[DBG] ES_OUT_RESET_PCR called
9:57:12.727 PM [player] buffering 0.0
[DBG] control type=35
[DBG] control type=35
[DBG] control type=35
[DBG] Buffering 0%
9:57:12.728 PM [player] buffering 0.0
[DBG] control type=35
[DBG] control type=35
[DBG] control type=35
[DBG] control type=35
[DBG] control type=35
[DBG] control type=35
[DBG] control type=35
[DBG] Buffering 3%
[DBG] control type=35
[DBG] control type=35
[DBG] Buffering 8%
[DBG] control type=35
[DBG] control type=35
[DBG] control type=35
[DBG] control type=35
[DBG] Buffering 10%
[DBG] control type=35
[DBG] control type=35
[DBG] control type=35
[DBG] control type=35
[DBG] Buffering 13%
[DBG] control type=35
[DBG] control type=35
[DBG] control type=35
[DBG] control type=35
[DBG] control type=35
[DBG] control type=35
[DBG] Buffering 16%
[DBG] control type=35
[DBG] control type=35
[DBG] control type=35
[DBG] control type=35
[DBG] control type=35
[DBG] control type=35
[DBG] Buffering 20%
[DBG] control type=35
[DBG] control type=35
[DBG] control type=35
[DBG] control type=35
[DBG] control type=35
[DBG] Buffering 21%
[DBG] control type=35
[DBG] control type=35
[DBG] Buffering 25%
[DBG] control type=35
[DBG] control type=35
[DBG] control type=35
[DBG] control type=35
[DBG] control type=35
[DBG] control type=35
[DBG] control type=35
[DBG] control type=35
[DBG] control type=35
[DBG] control type=35
[DBG] control type=35
[DBG] control type=35
[DBG] control type=35
[DBG] control type=35
[DBG] Buffering 39%
[DBG] control type=35
[DBG] control type=35
[DBG] control type=35
[DBG] control type=35
[DBG] control type=35
[DBG] control type=35
[DBG] Buffering 40%
[DBG] Buffering 46%
[DBG] control type=35
[DBG] Buffering 48%
[DBG] Buffering 50%
[DBG] control type=35
[DBG] Buffering 53%
[DBG] Received first picture
9:57:12.743 PM [framestep] nextFrameStepped result=0 time=19504 ms
[DBG] Buffering 58%
[DBG] control type=35
[DBG] control type=35
[DBG] control type=35
[DBG] control type=35
[DBG] Buffering 63%
[DBG] control type=35
[DBG] control type=35
[DBG] control type=35
[DBG] control type=35
[DBG] Buffering 66%
[DBG] control type=35
[DBG] control type=35
[DBG] control type=35
[DBG] Buffering 71%
[DBG] control type=35
[DBG] Buffering 75%
[DBG] control type=35
[DBG] control type=35
[DBG] control type=35
[DBG] control type=35
[DBG] control type=35
[DBG] Buffering 90%
[DBG] control type=35
[DBG] control type=35
[DBG] control type=35
[DBG] control type=35
[DBG] control type=35
[DBG] control type=35
[DBG] control type=35
[DBG] Buffering 96%
[DBG] control type=35
[DBG] control type=35
[DBG] control type=35
[DBG] Stream buffering done (1000 ms in 24 ms)
[DBG] Decoder wait done in 0 ms
9:57:12.752 PM [player] buffering 1.0
[DBG] control type=35
[ERR] ES_OUT_SET_(GROUP_)PCR  is called 14409 ms late (jitter of 14317 ms ignored)
[DBG] ES_OUT_RESET_PCR called
9:57:12.753 PM [player] buffering 0.0
[DBG] control type=35
[DBG] control type=35
[DBG] control type=35
[DBG] control type=35
[DBG] control type=35
[DBG] control type=35
[DBG] Buffering 0%
9:57:12.754 PM [player] buffering 0.0
[DBG] control type=35
[DBG] control type=35
[DBG] control type=35
[DBG] control type=35
[DBG] control type=35
[DBG] Buffering 5%
[DBG] control type=35
[DBG] control type=35
[DBG] control type=35
[DBG] control type=35
[DBG] control type=35
[DBG] control type=35
[DBG] control type=35
[DBG] control type=35
[DBG] control type=35
[DBG] Buffering 10%
[DBG] control type=35
[DBG] control type=35
[DBG] Buffering 13%
[DBG] control type=35
[DBG] control type=35
[DBG] control type=35
[DBG] control type=35
[DBG] Buffering 15%
[DBG] control type=35
[DBG] control type=35
[DBG] control type=35
[DBG] control type=35
[DBG] Buffering 18%
[DBG] control type=35
[DBG] control type=35
[DBG] control type=35
[DBG] Buffering 21%
[DBG] control type=35
[DBG] control type=35
[DBG] control type=35
[DBG] control type=35
[DBG] control type=35
[DBG] control type=35
[DBG] control type=35
[DBG] control type=35
[DBG] control type=35
[DBG] control type=35
[DBG] control type=35
[DBG] control type=35
[DBG] control type=35
[DBG] control type=35
[DBG] Buffering 38%
[DBG] control type=35
[DBG] control type=35
[DBG] control type=35
[DBG] control type=35
[DBG] control type=35
[DBG] control type=35
[DBG] control type=35
[DBG] control type=35
[DBG] control type=35
[DBG] control type=35
[DBG] control type=35
[DBG] Received first picture
9:57:12.765 PM [framestep] nextFrameStepped result=0 time=19504 ms
[DBG] Buffering 43%
[DBG] control type=35
[DBG] Buffering 46%
[DBG] control type=35
[DBG] control type=35
[DBG] control type=35
[DBG] control type=35
[DBG] Buffering 50%
[DBG] control type=35
[DBG] control type=35
[DBG] Buffering 55%
[DBG] control type=35
[DBG] Buffering 57%
[DBG] control type=35
[DBG] control type=35
[DBG] control type=35
[DBG] Buffering 60%
[DBG] control type=35
[DBG] Buffering 63%
[DBG] control type=35
[DBG] Buffering 66%
[DBG] control type=35
[DBG] control type=35
[DBG] Buffering 68%
[DBG] control type=35
[DBG] Buffering 71%
[DBG] control type=35
[DBG] control type=35
[DBG] control type=35
[DBG] control type=35
[DBG] control type=35
[DBG] control type=35
[DBG] control type=35
[DBG] Buffering 86%
[DBG] control type=35
[DBG] control type=35
[DBG] control type=35
[DBG] control type=35
[DBG] control type=35
[DBG] control type=35
[DBG] control type=35
[DBG] control type=35
[DBG] control type=35
[DBG] control type=35
[DBG] Buffering 93%
[DBG] control type=35
[DBG] Buffering 95%
[DBG] control type=35
[DBG] control type=35
[DBG] Buffering 96%
[DBG] control type=35
[DBG] control type=35
[DBG] control type=35
[DBG] Stream buffering done (1001 ms in 31 ms)
[DBG] Decoder wait done in 0 ms
9:57:12.786 PM [player] buffering 1.0
[ERR] ES_OUT_SET_(GROUP_)PCR  is called 14391 ms late (jitter of 14391 ms ignored)
[DBG] ES_OUT_RESET_PCR called
9:57:12.786 PM [player] buffering 0.0
[DBG] control type=35
[DBG] control type=35
[DBG] control type=35
[DBG] control type=35
[DBG] control type=35
[DBG] control type=35
[DBG] control type=35
[DBG] control type=35
[DBG] control type=35
9:57:12.786 PM [player] buffering 0.0
[DBG] Buffering 0%
[DBG] control type=35
[DBG] control type=35
[DBG] control type=35
[DBG] control type=35
[DBG] control type=35
[DBG] control type=35
[DBG] Buffering 3%
[DBG] control type=35
[DBG] control type=35
[DBG] control type=35
[DBG] control type=35
[DBG] Buffering 8%
[DBG] control type=35
[DBG] control type=35
[DBG] control type=35
[DBG] Buffering 11%
[DBG] control type=35
[DBG] control type=35
[DBG] control type=35
[DBG] control type=35
[DBG] control type=35
[DBG] control type=35
[DBG] control type=35
[DBG] control type=35
[DBG] control type=35
[DBG] control type=35
[DBG] Buffering 27%
[DBG] control type=35
[DBG] control type=35
[DBG] control type=35
[DBG] Buffering 33%
[DBG] Buffering 36%
[DBG] control type=35
[DBG] Received first picture
9:57:12.798 PM [framestep] nextFrameStepped result=0 time=19504 ms
[DBG] control type=35
[DBG] control type=35
[DBG] control type=35
[DBG] control type=35
[DBG] control type=35
[DBG] Buffering 40%
[DBG] Buffering 45%
[DBG] control type=35
[DBG] control type=35
[DBG] control type=35
[DBG] control type=35
[DBG] Buffering 50%
[DBG] control type=35
[DBG] control type=35
[DBG] control type=35
[DBG] Buffering 53%
[DBG] Buffering 56%
[DBG] control type=35
[DBG] control type=35
[DBG] Buffering 58%
[DBG] control type=35
[DBG] control type=35
[DBG] control type=35
[DBG] Buffering 61%
[DBG] control type=35
[DBG] control type=35
[DBG] control type=35
[DBG] control type=35
[DBG] control type=35
[DBG] control type=35
[DBG] Buffering 75%
[DBG] control type=35
[DBG] control type=35
[DBG] control type=35
[DBG] control type=35
[DBG] control type=35
[DBG] Buffering 76%
[DBG] control type=35
[DBG] control type=35
[DBG] Buffering 83%
[DBG] control type=35
[DBG] Buffering 84%
[DBG] control type=35
[DBG] Buffering 86%
[DBG] Buffering 90%
[DBG] control type=35
[DBG] control type=35
[DBG] control type=35
[DBG] Buffering 94%
[DBG] control type=35
[DBG] Buffering 95%
[DBG] control type=35
[DBG] control type=35
9:57:12.815 PM [player] buffering 1.0
[DBG] Stream buffering done (1001 ms in 28 ms)
[DBG] Decoder wait done in 0 ms
[DBG] control type=35
[DBG] control type=35
[ERR] ES_OUT_SET_(GROUP_)PCR  is called 14439 ms late (jitter of 14409 ms ignored)
[DBG] ES_OUT_RESET_PCR called
9:57:12.816 PM [player] buffering 0.0
[DBG] control type=35
[DBG] control type=35
[DBG] control type=35
[DBG] control type=35
9:57:12.817 PM [player] buffering 0.0
[DBG] Buffering 0%
[DBG] control type=35
[DBG] control type=35
[DBG] Buffering 3%
[DBG] control type=35
[DBG] control type=35
[DBG] control type=35
[DBG] control type=35
[DBG] control type=35
[DBG] control type=35
[DBG] control type=35
[DBG] control type=35
[DBG] control type=35
[DBG] control type=35
[DBG] control type=35
[DBG] Buffering 18%
[DBG] control type=35
[DBG] control type=35
[DBG] control type=35
[DBG] control type=35
[DBG] control type=35
[DBG] control type=35
[DBG] control type=35
[DBG] control type=35
[DBG] control type=35
[DBG] control type=35
[DBG] control type=35
[DBG] control type=35
[DBG] control type=35
[DBG] control type=35
[DBG] control type=35
[DBG] Buffering 25%
[DBG] control type=35
[DBG] Received first picture
9:57:12.824 PM [framestep] nextFrameStepped result=0 time=19504 ms
[DBG] Buffering 27%
[DBG] control type=35
[DBG] control type=35
[DBG] Buffering 28%
[DBG] control type=35
[DBG] Buffering 31%
[DBG] control type=35
[DBG] Buffering 36%
[DBG] control type=35
[DBG] control type=35
[DBG] Buffering 41%
[DBG] control type=35
[DBG] control type=35
[DBG] control type=35
[DBG] control type=35
[DBG] Buffering 45%
[DBG] control type=35
[DBG] Buffering 50%
[DBG] control type=35
[DBG] control type=35
[DBG] Buffering 53%
[DBG] control type=35
[DBG] control type=35
[DBG] control type=35
[DBG] control type=35
[DBG] control type=35
[DBG] control type=35
[DBG] control type=35
[DBG] control type=35
[DBG] control type=35
[DBG] control type=35
[DBG] Buffering 69%
[DBG] control type=35
[DBG] control type=35
[DBG] control type=35
[DBG] control type=35
[DBG] control type=35
[DBG] control type=35
[DBG] control type=35
[DBG] control type=35
[DBG] Buffering 75%
[DBG] control type=35
[DBG] Buffering 78%
[DBG] control type=35
[DBG] control type=35
[DBG] control type=35
[DBG] Buffering 81%
[DBG] control type=35
[DBG] Buffering 86%
[DBG] control type=35
[DBG] control type=35
[DBG] control type=35
[DBG] Buffering 91%
[DBG] control type=35
[DBG] control type=35
[DBG] control type=35
[DBG] Buffering 95%
[DBG] control type=35
[DBG] control type=35
[DBG] Buffering 98%
[DBG] control type=35
[DBG] control type=35
[DBG] Stream buffering done (1001 ms in 32 ms)
[DBG] Decoder wait done in 0 ms
9:57:12.850 PM [player] buffering 1.0
[DBG] control type=35
[ERR] ES_OUT_SET_(GROUP_)PCR  is called 14473 ms late (jitter of 14439 ms ignored)
[DBG] ES_OUT_RESET_PCR called
9:57:12.851 PM [player] buffering 0.0
[DBG] control type=35
[DBG] control type=35
[DBG] control type=35
[DBG] control type=35
[DBG] control type=35
[DBG] control type=35
[DBG] control type=35
[DBG] control type=35
[DBG] control type=35
[DBG] control type=35
[DBG] control type=35
[DBG] control type=35
[DBG] control type=35
[DBG] control type=35
9:57:12.854 PM [player] buffering 0.0
[DBG] Buffering 0%
[DBG] control type=35
[DBG] control type=35
[DBG] control type=35
[DBG] control type=35
[DBG] control type=35
[DBG] Buffering 1%
[DBG] Buffering 7%
[DBG] Buffering 9%
[DBG] Buffering 11%
[DBG] control type=35
[DBG] Buffering 14%
[DBG] Buffering 19%
[DBG] control type=35
[DBG] control type=35
[DBG] control type=35
[DBG] Buffering 24%
[DBG] control type=35
[DBG] Received first picture
[DBG] control type=35
9:57:12.861 PM [framestep] nextFrameStepped result=0 time=19504 ms
[DBG] Buffering 27%
[DBG] control type=35
[DBG] control type=35
[DBG] Buffering 33%
[DBG] control type=35
[DBG] Buffering 36%
[DBG] control type=35
[DBG] control type=35
[DBG] control type=35
[DBG] control type=35
[DBG] control type=35
[DBG] control type=35
[DBG] Buffering 51%
[DBG] control type=35
[DBG] control type=35
[DBG] control type=35
[DBG] control type=35
[DBG] control type=35
[DBG] control type=35
[DBG] control type=35
[DBG] Buffering 57%
[DBG] Buffering 60%
[DBG] control type=35
[DBG] control type=35
[DBG] control type=35
[DBG] Buffering 61%
[DBG] control type=35
[DBG] Buffering 64%
[DBG] control type=35
[DBG] control type=35
[DBG] Buffering 69%
[DBG] control type=35
[DBG] control type=35
[DBG] control type=35
[DBG] Buffering 74%
[DBG] control type=35
[DBG] control type=35
[DBG] control type=35
[DBG] control type=35
[DBG] Buffering 78%
[DBG] control type=35
[DBG] Buffering 80%
[DBG] control type=35
[DBG] control type=35
[DBG] Buffering 83%
[DBG] control type=35
[DBG] Buffering 86%
[DBG] control type=35
[DBG] control type=35
[DBG] control type=35
[DBG] control type=35
[DBG] control type=35
[DBG] control type=35
[DBG] control type=35
[DBG] control type=35
[DBG] Stream buffering done (1024 ms in 23 ms)
[DBG] Decoder wait done in 0 ms
9:57:12.878 PM [player] buffering 1.0
[DBG] control type=35
[DBG] control type=35
[DBG] control type=35
[DBG] control type=35
[DBG] control type=35
[DBG] control type=35
[ERR] ES_OUT_SET_(GROUP_)PCR  is called 14458 ms late (jitter of 14458 ms ignored)
[DBG] ES_OUT_RESET_PCR called
9:57:12.881 PM [player] buffering 0.0
[DBG] control type=35
[DBG] control type=35
[DBG] control type=35
[DBG] control type=35
[DBG] control type=35
[DBG] Buffering 0%
9:57:12.881 PM [player] buffering 0.0
[DBG] control type=35
[DBG] control type=35
[DBG] control type=35
[DBG] control type=35
[DBG] control type=35
[DBG] control type=35
[DBG] Buffering 3%
[DBG] control type=35
[DBG] control type=35
[DBG] control type=35
[DBG] control type=35
[DBG] Buffering 8%
[DBG] control type=35
[DBG] control type=35
[DBG] control type=35
[DBG] Buffering 10%
[DBG] control type=35
[DBG] control type=35
[DBG] control type=35
[DBG] control type=35
[DBG] control type=35
[DBG] Buffering 13%
[DBG] control type=35
[DBG] control type=35
[DBG] control type=35
[DBG] control type=35
[DBG] control type=35
[DBG] control type=35
[DBG] control type=35
[DBG] control type=35
[DBG] control type=35
[DBG] Buffering 16%
[DBG] control type=35
[DBG] control type=35
[DBG] Buffering 19%
[DBG] control type=35
[DBG] control type=35
[DBG] control type=35
[DBG] control type=35
[DBG] control type=35
[DBG] control type=35
[DBG] control type=35
[DBG] Buffering 21%
[DBG] control type=35
[DBG] control type=35
[DBG] control type=35
[DBG] control type=35
[DBG] control type=35
[DBG] Buffering 25%
[DBG] control type=35
[DBG] control type=35
[DBG] control type=35
[DBG] control type=35
[DBG] control type=35
[DBG] control type=35
[DBG] control type=35
[DBG] control type=35
[DBG] control type=35
[DBG] control type=35
[DBG] control type=35
[DBG] control type=35
[DBG] control type=35
[DBG] control type=35
[DBG] control type=35
[DBG] control type=35
[DBG] Buffering 39%
[DBG] control type=35
[DBG] control type=35
[DBG] control type=35
[DBG] control type=35
[DBG] control type=35
[DBG] control type=35
[DBG] Buffering 40%
[DBG] Buffering 46%
[DBG] Buffering 48%
[DBG] control type=35
[DBG] control type=35
[DBG] Buffering 50%
[DBG] Received first picture
9:57:12.898 PM [framestep] nextFrameStepped result=0 time=19504 ms
[DBG] control type=35
[DBG] control type=35
[DBG] control type=35
[DBG] control type=35
[DBG] Buffering 53%
[DBG] control type=35
[DBG] Buffering 58%
[DBG] control type=35
[DBG] control type=35
[DBG] control type=35
[DBG] control type=35
[DBG] Buffering 63%
[DBG] control type=35
[DBG] control type=35
[DBG] control type=35
[DBG] control type=35
[DBG] Buffering 66%
[DBG] control type=35
[DBG] control type=35
[DBG] control type=35
[DBG] Buffering 71%
[DBG] control type=35
[DBG] Buffering 75%
[DBG] control type=35
[DBG] control type=35
[DBG] control type=35
[DBG] control type=35
[DBG] control type=35
[DBG] control type=35
[DBG] Buffering 90%
[DBG] control type=35
[DBG] control type=35
[DBG] control type=35
[DBG] control type=35
[DBG] control type=35
[DBG] control type=35
[DBG] Buffering 96%
[DBG] control type=35
[DBG] Buffering 99%
[DBG] control type=35
[DBG] control type=35
[DBG] control type=35
[DBG] Stream buffering done (1001 ms in 35 ms)
[DBG] Decoder wait done in 0 ms
9:57:12.917 PM [player] buffering 1.0
[DBG] control type=35
[ERR] ES_OUT_SET_(GROUP_)PCR  is called 14541 ms late (jitter of 14473 ms ignored)
[DBG] ES_OUT_RESET_PCR called
9:57:12.918 PM [player] buffering 0.0
[DBG] control type=35
[DBG] control type=35
[DBG] control type=35
[DBG] control type=35
[DBG] control type=35
[DBG] Buffering 0%
9:57:12.919 PM [player] buffering 0.0
[DBG] control type=35
[DBG] control type=35
[DBG] control type=35
[DBG] control type=35
[DBG] control type=35
[DBG] control type=35
[DBG] control type=35
[DBG] Buffering 5%
[DBG] control type=35
[DBG] Buffering 8%
[DBG] control type=35
[DBG] control type=35
[DBG] Buffering 10%
[DBG] control type=35
[DBG] control type=35
[DBG] control type=35
[DBG] control type=35
[DBG] control type=35
[DBG] Buffering 13%
[DBG] control type=35
[DBG] control type=35
[DBG] control type=35
[DBG] Buffering 16%
[DBG] control type=35
[DBG] control type=35
[DBG] control type=35
[DBG] control type=35
[DBG] control type=35
[DBG] control type=35
[DBG] control type=35
[DBG] control type=35
[DBG] control type=35
[DBG] control type=35
[DBG] Buffering 33%
[DBG] control type=35
[DBG] control type=35
[DBG] control type=35
[DBG] control type=35
[DBG] control type=35
[DBG] control type=35
[DBG] control type=35
[DBG] control type=35
[DBG] control type=35
[DBG] control type=35
[DBG] control type=35
[DBG] control type=35
[DBG] control type=35
[DBG] control type=35
[DBG] control type=35
[DBG] control type=35
[DBG] control type=35
[DBG] Buffering 38%
[DBG] control type=35
[DBG] Buffering 41%
[DBG] control type=35
[DBG] control type=35
[DBG] Received first picture
9:57:12.934 PM [framestep] nextFrameStepped result=0 time=19504 ms
[DBG] control type=35
[DBG] control type=35
[DBG] control type=35
[DBG] Buffering 45%
[DBG] control type=35
[DBG] Buffering 50%
[DBG] control type=35
[DBG] Buffering 52%
[DBG] control type=35
[DBG] control type=35
[DBG] control type=35
[DBG] Buffering 55%
[DBG] control type=35
[DBG] Buffering 58%
[DBG] control type=35
[DBG] control type=35
[DBG] Buffering 61%
[DBG] control type=35
[DBG] control type=35
[DBG] control type=35
[DBG] Buffering 63%
[DBG] control type=35
[DBG] Buffering 66%
[DBG] control type=35
[DBG] control type=35
[DBG] control type=35
[DBG] control type=35
[DBG] Buffering 81%
[DBG] control type=35
[DBG] control type=35
[DBG] control type=35
[DBG] control type=35
[DBG] control type=35
[DBG] control type=35
[DBG] control type=35
[DBG] Buffering 88%
[DBG] control type=35
[DBG] Buffering 90%
[DBG] control type=35
[DBG] control type=35
[DBG] control type=35
[DBG] Buffering 91%
[DBG] control type=35
[DBG] control type=35
[DBG] Buffering 95%
[DBG] control type=35
[DBG] Stream buffering done (1001 ms in 26 ms)
[DBG] Decoder wait done in 0 ms
9:57:12.946 PM [player] buffering 1.0
[DBG] control type=35
[DBG] control type=35
[ERR] ES_OUT_SET_(GROUP_)PCR  is called 14553 ms late (jitter of 14541 ms ignored)
[DBG] ES_OUT_RESET_PCR called
9:57:12.947 PM [player] buffering 0.0
[DBG] control type=35
[DBG] control type=35
[DBG] control type=35
[DBG] control type=35
[DBG] control type=35
[DBG] control type=35
[DBG] control type=35
[DBG] control type=35
[DBG] control type=35
[DBG] control type=35
[DBG] control type=35
[DBG] Buffering 0%
9:57:12.953 PM [player] buffering 0.0
[DBG] control type=35
[DBG] control type=35
[DBG] Buffering 5%
[DBG] control type=35
[DBG] control type=35
[DBG] control type=35
[DBG] control type=35
[DBG] Buffering 8%
[DBG] control type=35
[DBG] control type=35
[DBG] control type=35
[DBG] control type=35
[DBG] control type=35
[DBG] control type=35
[DBG] control type=35
[DBG] control type=35
[DBG] control type=35
[DBG] control type=35
[DBG] control type=35
[DBG] control type=35
[DBG] control type=35
[DBG] Buffering 23%
[DBG] control type=35
[DBG] control type=35
[DBG] control type=35
[DBG] control type=35
[DBG] control type=35
[DBG] control type=35
[DBG] Buffering 30%
[DBG] control type=35
[DBG] Buffering 33%
[DBG] control type=35
[DBG] control type=35
[DBG] Buffering 36%
[DBG] Buffering 41%
[DBG] control type=35
[DBG] control type=35
[DBG] Received first picture
9:57:12.961 PM [framestep] nextFrameStepped result=0 time=19504 ms
[DBG] Buffering 46%
[DBG] control type=35
[DBG] control type=35
[DBG] Buffering 50%
[DBG] control type=35
[DBG] Buffering 52%
[DBG] control type=35
[DBG] control type=35
[DBG] Buffering 55%
[DBG] control type=35
[DBG] Buffering 58%
[DBG] control type=35
[DBG] control type=35
[DBG] control type=35
[DBG] control type=35
[DBG] control type=35
[DBG] control type=35
[DBG] control type=35
[DBG] control type=35
[DBG] control type=35
[DBG] control type=35
[DBG] Buffering 74%
[DBG] control type=35
[DBG] control type=35
[DBG] control type=35
[DBG] control type=35
[DBG] control type=35
[DBG] control type=35
[DBG] control type=35
[DBG] Buffering 80%
[DBG] control type=35
[DBG] control type=35
[DBG] control type=35
[DBG] Buffering 83%
[DBG] control type=35
[DBG] control type=35
[DBG] control type=35
[DBG] Buffering 86%
[DBG] control type=35
[DBG] control type=35
[DBG] control type=35
[DBG] Buffering 91%
[DBG] control type=35
[DBG] Buffering 94%
[DBG] control type=35
[DBG] control type=35
[DBG] Buffering 96%
[DBG] control type=35
[DBG] control type=35
[DBG] control type=35
[DBG] Stream buffering done (1001 ms in 22 ms)
[DBG] Decoder wait done in 0 ms
9:57:12.975 PM [player] buffering 1.0
[ERR] ES_OUT_SET_(GROUP_)PCR  is called 14595 ms late (jitter of 14553 ms ignored)
[DBG] ES_OUT_RESET_PCR called
9:57:12.975 PM [player] buffering 0.0
[DBG] control type=35
[DBG] control type=35
[DBG] control type=35
[DBG] control type=35
[DBG] control type=35
[DBG] control type=35
9:57:12.975 PM [player] buffering 0.0
[DBG] Buffering 0%
[DBG] control type=35
[DBG] control type=35
[DBG] control type=35
[DBG] Buffering 3%
[DBG] control type=35
[DBG] control type=35
[DBG] control type=35
[DBG] control type=35
[DBG] control type=35
[DBG] control type=35
[DBG] Buffering 17%
[DBG] control type=35
[DBG] control type=35
[DBG] control type=35
[DBG] control type=35
[DBG] control type=35
[DBG] control type=35
[DBG] control type=35
[DBG] control type=35
[DBG] control type=35
[DBG] control type=35
[DBG] control type=35
[DBG] control type=35
[DBG] control type=35
[DBG] control type=35
[DBG] Buffering 18%
[DBG] control type=35
[DBG] control type=35
[DBG] Buffering 25%
[DBG] control type=35
[DBG] Buffering 27%
[DBG] Received first picture
[DBG] Buffering 28%
9:57:12.984 PM [framestep] nextFrameStepped result=0 time=19504 ms
[DBG] control type=35
[DBG] control type=35
[DBG] Buffering 31%
[DBG] control type=35
[DBG] Buffering 36%
[DBG] control type=35
[DBG] control type=35
[DBG] control type=35
[DBG] Buffering 41%
[DBG] control type=35
[DBG] control type=35
[DBG] control type=35
[DBG] control type=35
[DBG] Buffering 45%
[DBG] control type=35
[DBG] Buffering 50%
[DBG] control type=35
[DBG] Buffering 53%
[DBG] control type=35
[DBG] control type=35
[DBG] control type=35
[DBG] control type=35
[DBG] control type=35
[DBG] Buffering 69%
[DBG] control type=35
[DBG] control type=35
[DBG] control type=35
[DBG] control type=35
[DBG] control type=35
[DBG] control type=35
[DBG] control type=35
[DBG] Buffering 75%
[DBG] control type=35
[DBG] control type=35
[DBG] Buffering 78%
[DBG] control type=35
[DBG] control type=35
[DBG] control type=35
[DBG] Buffering 81%
[DBG] control type=35
[DBG] control type=35
[DBG] control type=35
[DBG] Buffering 86%
[DBG] control type=35
[DBG] control type=35
[DBG] control type=35
[DBG] Buffering 91%
[DBG] control type=35
[DBG] control type=35
[DBG] Buffering 95%
[DBG] control type=35
[DBG] Buffering 97%
[DBG] control type=35
[DBG] control type=35
[DBG] Stream buffering done (1001 ms in 24 ms)
[DBG] Decoder wait done in 0 ms
9:57:13.000 PM [player] buffering 1.0
[DBG] control type=35
[ERR] ES_OUT_SET_(GROUP_)PCR  is called 14624 ms late (jitter of 14595 ms ignored)
[DBG] ES_OUT_RESET_PCR called
9:57:13.000 PM [player] buffering 0.0
[DBG] control type=35
[DBG] control type=35
[DBG] control type=35
[DBG] control type=35
[DBG] control type=35
[DBG] control type=35
[DBG] control type=35
[DBG] control type=35
[DBG] control type=35
[DBG] control type=35
[DBG] control type=35
[DBG] control type=35
[DBG] control type=35
[DBG] control type=35
[DBG] control type=35
[DBG] control type=35
[DBG] control type=35
[DBG] control type=35
[DBG] Buffering 0%
9:57:13.007 PM [player] buffering 0.0
[DBG] control type=35
[DBG] control type=35
[DBG] control type=35
[DBG] control type=35
[DBG] control type=35
[DBG] control type=35
[DBG] control type=35
[DBG] Buffering 1%
[DBG] Buffering 8%
[DBG] Buffering 9%
[DBG] Buffering 11%
[DBG] control type=35
[DBG] control type=35
[DBG] Buffering 14%
[DBG] Buffering 19%
[DBG] control type=35
[DBG] control type=35
[DBG] control type=35
[DBG] Buffering 24%
[DBG] control type=35
[DBG] control type=35
[DBG] control type=35
[DBG] Buffering 28%
[DBG] control type=35
[DBG] control type=35
[DBG] Buffering 33%
[DBG] Received first picture
9:57:13.012 PM [framestep] nextFrameStepped result=0 time=19504 ms
[DBG] Buffering 36%
[DBG] control type=35
[DBG] control type=35
[DBG] control type=35
[DBG] control type=35
[DBG] control type=35
[DBG] control type=35
[DBG] Buffering 51%
[DBG] control type=35
[DBG] control type=35
[DBG] control type=35
[DBG] control type=35
[DBG] control type=35
[DBG] control type=35
[DBG] Buffering 58%
[DBG] control type=35
[DBG] Buffering 60%
[DBG] control type=35
[DBG] control type=35
[DBG] Buffering 61%
[DBG] control type=35
[DBG] Buffering 64%
[DBG] control type=35
[DBG] Buffering 69%
[DBG] control type=35
[DBG] control type=35
[DBG] control type=35
[DBG] control type=35
[DBG] Buffering 74%
[DBG] control type=35
[DBG] Buffering 78%
[DBG] control type=35
[DBG] Buffering 80%
[DBG] control type=35
[DBG] control type=35
[DBG] Buffering 83%
[DBG] control type=35
[DBG] Buffering 86%
[DBG] control type=35
[DBG] control type=35
[DBG] control type=35
[DBG] control type=35
[DBG] control type=35
[DBG] control type=35
[DBG] Stream buffering done (1024 ms in 17 ms)
9:57:13.025 PM [player] buffering 1.0
[DBG] Decoder wait done in 0 ms
[DBG] control type=35
[DBG] control type=35
[DBG] control type=35
[DBG] control type=35
[DBG] control type=35
[DBG] control type=35
[DBG] control type=35
[DBG] control type=35
[DBG] control type=35
[ERR] ES_OUT_SET_(GROUP_)PCR  is called 14601 ms late (jitter of 14601 ms ignored)
[DBG] ES_OUT_RESET_PCR called
9:57:13.026 PM [player] buffering 0.0
[DBG] control type=35
[DBG] control type=35
[DBG] control type=35
[DBG] control type=35
[DBG] control type=35
[DBG] control type=35
[DBG] Buffering 0%
9:57:13.026 PM [player] buffering 0.0
[DBG] control type=35
[DBG] control type=35
[DBG] control type=35
[DBG] control type=35
[DBG] control type=35
[DBG] control type=35
[DBG] Buffering 3%
[DBG] control type=35
[DBG] control type=35
[DBG] control type=35
[DBG] control type=35
[DBG] control type=35
[DBG] control type=35
[DBG] Buffering 8%
[DBG] control type=35
[DBG] control type=35
[DBG] control type=35
[DBG] control type=35
[DBG] control type=35
[DBG] control type=35
[DBG] control type=35
[DBG] control type=35
[DBG] Buffering 13%
[DBG] control type=35
[DBG] control type=35
[DBG] control type=35
[DBG] Buffering 16%
[DBG] control type=35
[DBG] control type=35
[DBG] control type=35
[DBG] Buffering 19%
[DBG] control type=35
[DBG] control type=35
[DBG] control type=35
[DBG] control type=35
[DBG] Buffering 21%
[DBG] control type=35
[DBG] control type=35
[DBG] control type=35
[DBG] control type=35
[DBG] control type=35
[DBG] control type=35
[DBG] control type=35
[DBG] control type=35
[DBG] control type=35
[DBG] Buffering 25%
[DBG] control type=35
[DBG] control type=35
[DBG] control type=35
[DBG] control type=35
[DBG] control type=35
[DBG] control type=35
[DBG] control type=35
[DBG] control type=35
[DBG] control type=35
[DBG] control type=35
[DBG] Buffering 38%
[DBG] control type=35
[DBG] control type=35
[DBG] control type=35
[DBG] control type=35
[DBG] control type=35
[DBG] Buffering 40%
[DBG] Buffering 46%
[DBG] Buffering 48%
[DBG] control type=35
[DBG] control type=35
[DBG] Buffering 50%
[DBG] Buffering 53%
[DBG] Buffering 58%
[DBG] control type=35
[DBG] control type=35
[DBG] control type=35
[DBG] control type=35
[DBG] control type=35
[DBG] Buffering 63%
[DBG] control type=35
[DBG] control type=35
[DBG] Received first picture
9:57:13.045 PM [framestep] nextFrameStepped result=0 time=19504 ms
[DBG] Buffering 66%
[DBG] Buffering 71%
[DBG] control type=35
[DBG] control type=35
[DBG] control type=35
[DBG] Buffering 75%
[DBG] control type=35
[DBG] control type=35
[DBG] control type=35
[DBG] control type=35
[DBG] control type=35
[DBG] control type=35
[DBG] Buffering 90%
[DBG] control type=35
[DBG] control type=35
[DBG] control type=35
[DBG] control type=35
[DBG] control type=35
[DBG] control type=35
[DBG] control type=35
[DBG] control type=35
[DBG] Buffering 96%
[DBG] control type=35
[DBG] Buffering 99%
[DBG] control type=35
[DBG] control type=35
[DBG] control type=35
[DBG] Stream buffering done (1001 ms in 24 ms)
[DBG] Decoder wait done in 0 ms
9:57:13.051 PM [player] buffering 1.0
[DBG] control type=35
[ERR] ES_OUT_SET_(GROUP_)PCR  is called 14675 ms late (jitter of 14624 ms ignored)
[DBG] ES_OUT_RESET_PCR called
9:57:13.052 PM [player] buffering 0.0
[DBG] control type=35
[DBG] control type=35
[DBG] control type=35
[DBG] control type=35
[DBG] control type=35
[DBG] Buffering 0%
9:57:13.052 PM [player] buffering 0.0
[DBG] control type=35
[DBG] control type=35
[DBG] control type=35
[DBG] control type=35
[DBG] control type=35
[DBG] control type=35
[DBG] control type=35
[DBG] Buffering 5%
[DBG] control type=35
[DBG] control type=35
[DBG] control type=35
[DBG] control type=35
[DBG] control type=35
[DBG] Buffering 8%
[DBG] control type=35
[DBG] Buffering 10%
[DBG] control type=35
[DBG] control type=35
[DBG] control type=35
[DBG] control type=35
[DBG] control type=35
[DBG] control type=35
[DBG] Buffering 13%
[DBG] control type=35
[DBG] Buffering 16%
[DBG] control type=35
[DBG] control type=35
[DBG] control type=35
[DBG] control type=35
[DBG] control type=35
[DBG] control type=35
[DBG] control type=35
[DBG] control type=35
[DBG] control type=35
[DBG] control type=35
[DBG] control type=35
[DBG] Buffering 32%
[DBG] control type=35
[DBG] control type=35
[DBG] control type=35
[DBG] control type=35
[DBG] control type=35
[DBG] control type=35
[DBG] control type=35
[DBG] Buffering 38%
[DBG] Buffering 41%
[DBG] control type=35
[DBG] control type=35
[DBG] control type=35
[DBG] control type=35
[DBG] control type=35
[DBG] Buffering 45%
[DBG] control type=35
[DBG] Buffering 50%
[DBG] Buffering 52%
[DBG] control type=35
[DBG] control type=35
[DBG] control type=35
[DBG] Buffering 55%
[DBG] Received first picture
9:57:13.064 PM [framestep] nextFrameStepped result=0 time=19504 ms
[DBG] Buffering 58%
[DBG] control type=35
[DBG] control type=35
[DBG] Buffering 61%
[DBG] control type=35
[DBG] Buffering 63%
[DBG] control type=35
[DBG] Buffering 66%
[DBG] control type=35
[DBG] control type=35
[DBG] control type=35
[DBG] control type=35
[DBG] control type=35
[DBG] control type=35
[DBG] control type=35
[DBG] control type=35
[DBG] Buffering 80%
[DBG] control type=35
[DBG] control type=35
[DBG] control type=35
[DBG] control type=35
[DBG] control type=35
[DBG] Buffering 81%
[DBG] control type=35
[DBG] Buffering 88%
[DBG] control type=35
[DBG] Buffering 90%
[DBG] control type=35
[DBG] control type=35
[DBG] control type=35
[DBG] Buffering 91%
[DBG] control type=35
[DBG] Buffering 95%
[DBG] control type=35
[DBG] control type=35
[DBG] control type=35
[DBG] Stream buffering done (1000 ms in 22 ms)
[DBG] Decoder wait done in 0 ms
9:57:13.074 PM [player] buffering 1.0
[DBG] control type=35
[ERR] ES_OUT_SET_(GROUP_)PCR  is called 14731 ms late (jitter of 14675 ms ignored)
[DBG] ES_OUT_RESET_PCR called
9:57:13.075 PM [player] buffering 0.0
[DBG] control type=35
[DBG] control type=35
[DBG] control type=35
[DBG] control type=35
[DBG] control type=35
[DBG] control type=35
[DBG] Buffering 0%
9:57:13.075 PM [player] buffering 0.0
[DBG] control type=35
[DBG] control type=35
[DBG] control type=35
[DBG] control type=35
[DBG] control type=35
[DBG] control type=35
[DBG] control type=35
[DBG] control type=35
[DBG] control type=35
[DBG] Buffering 3%
[DBG] control type=35
[DBG] control type=35
[DBG] Buffering 8%
[DBG] control type=35
[DBG] control type=35
[DBG] control type=35
[DBG] control type=35
[DBG] control type=35
[DBG] control type=35
[DBG] control type=35
[DBG] Buffering 11%
[DBG] control type=35
[DBG] control type=35
[DBG] control type=35
[DBG] control type=35
[DBG] control type=35
[DBG] control type=35
[DBG] control type=35
[DBG] control type=35
[DBG] control type=35
[DBG] control type=35
[DBG] control type=35
[DBG] control type=35
[DBG] control type=35
[DBG] control type=35
[DBG] control type=35
[DBG] control type=35
[DBG] control type=35
[DBG] Buffering 26%
[DBG] control type=35
[DBG] control type=35
[DBG] control type=35
[DBG] control type=35
[DBG] control type=35
[DBG] control type=35
[DBG] control type=35
[DBG] control type=35
[DBG] control type=35
[DBG] control type=35
[DBG] control type=35
[DBG] control type=35
[DBG] Buffering 33%
[DBG] Received first picture
9:57:13.086 PM [framestep] nextFrameStepped result=0 time=19504 ms
[DBG] control type=35
[DBG] Buffering 36%
[DBG] control type=35
[DBG] control type=35
[DBG] control type=35
[DBG] Buffering 40%
[DBG] control type=35
[DBG] Buffering 45%
[DBG] Buffering 50%
[DBG] control type=35
[DBG] control type=35
[DBG] Buffering 53%
[DBG] control type=35
[DBG] Buffering 55%
[DBG] control type=35
[DBG] Buffering 58%
[DBG] control type=35
[DBG] Buffering 61%
[DBG] control type=35
[DBG] control type=35
[DBG] control type=35
[DBG] control type=35
[DBG] control type=35
[DBG] control type=35
[DBG] control type=35
[DBG] control type=35
[DBG] control type=35
[DBG] control type=35
[DBG] control type=35
[DBG] Buffering 78%
[DBG] control type=35
[DBG] control type=35
[DBG] control type=35
[DBG] control type=35
[DBG] control type=35
[DBG] control type=35
[DBG] control type=35
[DBG] Buffering 83%
[DBG] control type=35
[DBG] Buffering 86%
[DBG] control type=35
[DBG] control type=35
[DBG] control type=35
[DBG] Buffering 90%
[DBG] control type=35
[DBG] Buffering 95%
[DBG] Buffering 97%
[DBG] control type=35
[DBG] control type=35
[DBG] control type=35
[DBG] control type=35
[DBG] Stream buffering done (1001 ms in 25 ms)
[DBG] Decoder wait done in 0 ms
9:57:13.101 PM [player] buffering 1.0
[DBG] control type=35
[ERR] ES_OUT_SET_(GROUP_)PCR  is called 14725 ms late (jitter of 14725 ms ignored)
[DBG] ES_OUT_RESET_PCR called
9:57:13.102 PM [player] buffering 0.0
[DBG] control type=35
[DBG] control type=35
[DBG] control type=35
[DBG] control type=35
[DBG] control type=35
[DBG] Buffering 0%
9:57:13.102 PM [player] buffering 0.0
[DBG] control type=35
[DBG] control type=35
[DBG] Buffering 1%
[DBG] control type=35
[DBG] control type=35
[DBG] control type=35
[DBG] Buffering 4%
[DBG] control type=35
[DBG] control type=35
[DBG] control type=35
[DBG] control type=35
[DBG] control type=35
[DBG] control type=35
[DBG] control type=35
[DBG] control type=35
[DBG] control type=35
[DBG] control type=35
[DBG] control type=35
[DBG] control type=35
[DBG] control type=35
[DBG] control type=35
[DBG] control type=35
[DBG] Buffering 19%
[DBG] control type=35
[DBG] control type=35
[DBG] control type=35
[DBG] control type=35
[DBG] control type=35
[DBG] Buffering 26%
[DBG] Buffering 28%
[DBG] Buffering 29%
[DBG] Buffering 33%
[DBG] control type=35
[DBG] Buffering 38%
[DBG] control type=35
[DBG] control type=35
[DBG] Received first picture
[DBG] Buffering 43%
9:57:13.110 PM [framestep] nextFrameStepped result=0 time=19504 ms
[DBG] control type=35
[DBG] control type=35
[DBG] control type=35
[DBG] Buffering 46%
[DBG] control type=35
[DBG] Buffering 51%
[DBG] control type=35
[DBG] Buffering 54%
[DBG] control type=35
[DBG] control type=35
[DBG] control type=35
[DBG] control type=35
[DBG] control type=35
[DBG] control type=35
[DBG] control type=35
[DBG] control type=35
[DBG] Buffering 70%
[DBG] control type=35
[DBG] control type=35
[DBG] control type=35
[DBG] control type=35
[DBG] control type=35
[DBG] control type=35
[DBG] Buffering 76%
[DBG] control type=35
[DBG] Buffering 79%
[DBG] control type=35
[DBG] control type=35
[DBG] control type=35
[DBG] control type=35
[DBG] control type=35
[DBG] control type=35
[DBG] Buffering 83%
[DBG] control type=35
[DBG] Buffering 88%
[DBG] control type=35
[DBG] control type=35
[DBG] Buffering 93%
[DBG] control type=35
[DBG] Buffering 96%
[DBG] control type=35
[DBG] Buffering 99%
[DBG] control type=35
[DBG] control type=35
9:57:13.125 PM [player] buffering 1.0
[DBG] Stream buffering done (1016 ms in 22 ms)
[DBG] Decoder wait done in 0 ms
[DBG] control type=35
[DBG] control type=35
[DBG] control type=35
[ERR] ES_OUT_SET_(GROUP_)PCR  is called 14732 ms late (jitter of 14731 ms ignored)
[DBG] ES_OUT_RESET_PCR called
9:57:13.125 PM [player] buffering 0.0
[DBG] control type=35
[DBG] control type=35
[DBG] control type=35
[DBG] control type=35
[DBG] control type=35
[DBG] control type=35
[DBG] control type=35
[DBG] control type=35
[DBG] control type=35
[DBG] control type=35
[DBG] control type=35
[DBG] control type=35
[DBG] control type=35
[DBG] control type=35
[DBG] Buffering 0%
9:57:13.128 PM [player] buffering 0.0
[DBG] control type=35
[DBG] control type=35
[DBG] control type=35
[DBG] control type=35
[DBG] control type=35
[DBG] control type=35
[DBG] control type=35
[DBG] Buffering 5%
[DBG] Buffering 8%
[DBG] control type=35
[DBG] control type=35
[DBG] control type=35
[DBG] control type=35
[DBG] control type=35
[DBG] Buffering 11%
[DBG] Received first picture
9:57:13.131 PM [framestep] nextFrameStepped result=0 time=19504 ms
[DBG] Buffering 16%
[DBG] control type=35
[DBG] control type=35
[DBG] Buffering 19%
[DBG] control type=35
[DBG] control type=35
[DBG] control type=35
[DBG] Buffering 21%
[DBG] control type=35
[DBG] Buffering 25%
[DBG] control type=35
[DBG] Buffering 28%
[DBG] control type=35
[DBG] control type=35
[DBG] Buffering 30%
[DBG] control type=35
[DBG] Buffering 33%
[DBG] control type=35
[DBG] control type=35
[DBG] control type=35
[DBG] Buffering 48%
[DBG] control type=35
[DBG] control type=35
[DBG] control type=35
[DBG] control type=35
[DBG] control type=35
[DBG] control type=35
[DBG] control type=35
[DBG] control type=35
[DBG] control type=35
[DBG] control type=35
[DBG] Buffering 55%
[DBG] control type=35
[DBG] control type=35
[DBG] control type=35
[DBG] control type=35
[DBG] Buffering 58%
[DBG] control type=35
[DBG] Buffering 61%
[DBG] control type=35
[DBG] Buffering 65%
[DBG] control type=35
[DBG] control type=35
[DBG] control type=35
[DBG] New Chapter 165966000 uid=803082747308795293
[DBG] Buffering 71%
[DBG] control type=35
[DBG] control type=35
[DBG] control type=35
[DBG] control type=35
[DBG] Buffering 75%
[DBG] control type=35
[DBG] control type=35
[DBG] control type=35
[DBG] control type=35
[DBG] control type=35
[DBG] Buffering 78%
[DBG] control type=35
[DBG] control type=35
[DBG] Buffering 80%
[DBG] control type=35
[DBG] control type=35
[DBG] Buffering 83%
[DBG] control type=35
[DBG] control type=35
[DBG] control type=35
[DBG] control type=35
[DBG] control type=35
[DBG] control type=35
[DBG] control type=35
[DBG] Buffering 99%
[DBG] control type=35
[DBG] control type=35
[DBG] control type=35
[DBG] control type=35
[DBG] control type=35
[DBG] control type=35
[DBG] Stream buffering done (1051 ms in 32 ms)
[DBG] Decoder wait done in 0 ms
9:57:13.160 PM [player] buffering 1.0
[ERR] ES_OUT_SET_(GROUP_)PCR  is called 14732 ms late (jitter of 14732 ms ignored)
[DBG] ES_OUT_RESET_PCR called
9:57:13.160 PM [player] buffering 0.0
[DBG] control type=35
[DBG] control type=35
[DBG] control type=35
[DBG] control type=35
[DBG] control type=35
[DBG] control type=35
[DBG] control type=35
[DBG] control type=35
[DBG] control type=35
[DBG] Buffering 0%
9:57:13.161 PM [player] buffering 0.0
[DBG] control type=35
[DBG] control type=35
[DBG] control type=35
[DBG] Buffering 4%
[DBG] control type=35
[DBG] control type=35
[DBG] control type=35
[DBG] control type=35
[DBG] control type=35
[DBG] Buffering 9%
[DBG] control type=35
[DBG] control type=35
[DBG] control type=35
[DBG] Buffering 13%
[DBG] control type=35
[DBG] control type=35
[DBG] control type=35
[DBG] Buffering 16%
[DBG] control type=35
[DBG] control type=35
[DBG] control type=35
[DBG] control type=35
[DBG] control type=35
[DBG] Buffering 18%
[DBG] control type=35
[DBG] control type=35
[DBG] control type=35
[DBG] Buffering 21%
[DBG] control type=35
[DBG] control type=35
[DBG] control type=35
[DBG] control type=35
[DBG] control type=35
[DBG] control type=35
[DBG] control type=35
[DBG] control type=35
[DBG] control type=35
[DBG] control type=35
[DBG] control type=35
[DBG] control type=35
[DBG] Buffering 35%
[DBG] control type=35
[DBG] control type=35
[DBG] control type=35
[DBG] control type=35
[DBG] control type=35
[DBG] control type=35
[DBG] control type=35
[DBG] Buffering 36%
[DBG] Buffering 43%
[DBG] control type=35
[DBG] Buffering 44%
[DBG] control type=35
[DBG] control type=35
[DBG] Buffering 46%
[DBG] Buffering 50%
[DBG] Buffering 54%
[DBG] control type=35
[DBG] control type=35
[DBG] Buffering 55%
[DBG] Buffering 60%
[DBG] control type=35
[DBG] Received first picture
9:57:13.167 PM [framestep] nextFrameStepped result=0 time=19504 ms
[DBG] control type=35
[DBG] control type=35
[DBG] Buffering 63%
[DBG] control type=35
[DBG] Buffering 68%
[DBG] Buffering 71%
[DBG] control type=35
[DBG] control type=35
[DBG] control type=35
[DBG] control type=35
[DBG] control type=35
[DBG] control type=35
[DBG] control type=35
[DBG] control type=35
[DBG] control type=35
[DBG] control type=35
[DBG] control type=35
[DBG] Buffering 86%
[DBG] control type=35
[DBG] control type=35
[DBG] control type=35
[DBG] control type=35
[DBG] control type=35
[DBG] Buffering 93%
[DBG] control type=35
[DBG] Buffering 96%
[DBG] control type=35
[DBG] control type=35
9:57:13.175 PM [player] buffering 1.0
[DBG] Stream buffering done (1001 ms in 13 ms)
[DBG] Decoder wait done in 0 ms
[DBG] control type=35
[DBG] control type=35
[ERR] ES_OUT_SET_(GROUP_)PCR  is called 14782 ms late (jitter of 14732 ms ignored)
[DBG] ES_OUT_RESET_PCR called
9:57:13.175 PM [player] buffering 0.0
[DBG] control type=35
[DBG] control type=35
[DBG] control type=35
[DBG] control type=35
[DBG] control type=35
[DBG] Buffering 0%
9:57:13.175 PM [player] buffering 0.0
[DBG] control type=35
[DBG] control type=35
[DBG] control type=35
[DBG] control type=35
[DBG] Buffering 3%
[DBG] control type=35
[DBG] control type=35
[DBG] Buffering 5%
[DBG] control type=35
[DBG] control type=35
[DBG] control type=35
[DBG] control type=35
[DBG] control type=35
[DBG] Buffering 8%
[DBG] control type=35
[DBG] control type=35
[DBG] Buffering 11%
[DBG] control type=35
[DBG] control type=35
[DBG] control type=35
[DBG] control type=35
[DBG] control type=35
[DBG] control type=35
[DBG] control type=35
[DBG] control type=35
[DBG] control type=35
[DBG] control type=35
[DBG] control type=35
[DBG] control type=35
[DBG] control type=35
[DBG] Buffering 27%
[DBG] control type=35
[DBG] control type=35
[DBG] control type=35
[DBG] control type=35
[DBG] Buffering 33%
[DBG] Buffering 36%
[DBG] control type=35
[DBG] control type=35
[DBG] Received first picture
9:57:13.182 PM [framestep] nextFrameStepped result=0 time=19504 ms
[DBG] control type=35
[DBG] Buffering 40%
[DBG] control type=35
[DBG] Buffering 45%
[DBG] control type=35
[DBG] Buffering 46%
[DBG] control type=35
[DBG] control type=35
[DBG] Buffering 50%
[DBG] control type=35
[DBG] Buffering 53%
[DBG] control type=35
[DBG] Buffering 56%
[DBG] control type=35
[DBG] Buffering 58%
[DBG] control type=35
[DBG] Buffering 61%
[DBG] control type=35
[DBG] control type=35
[DBG] control type=35
[DBG] control type=35
[DBG] Buffering 75%
[DBG] control type=35
[DBG] control type=35
[DBG] control type=35
[DBG] control type=35
[DBG] Buffering 76%
[DBG] Buffering 83%
[DBG] control type=35
[DBG] control type=35
[DBG] Buffering 85%
[DBG] control type=35
[DBG] Buffering 86%
[DBG] Buffering 90%
[DBG] control type=35
[DBG] control type=35
[DBG] Buffering 94%
[DBG] control type=35
[DBG] control type=35
[DBG] Buffering 95%
[DBG] control type=35
9:57:13.188 PM [player] buffering 1.0
[DBG] Stream buffering done (1001 ms in 12 ms)
[DBG] Decoder wait done in 0 ms
[DBG] control type=35
[DBG] control type=35
[ERR] ES_OUT_SET_(GROUP_)PCR  is called 14812 ms late (jitter of 14782 ms ignored)
[DBG] ES_OUT_RESET_PCR called
9:57:13.190 PM [player] buffering 0.0
[DBG] control type=35
[DBG] control type=35
[DBG] control type=35
[DBG] control type=35
[DBG] control type=35
[DBG] Buffering 0%
9:57:13.190 PM [player] buffering 0.0
[DBG] control type=35
[DBG] control type=35
[DBG] Buffering 3%
[DBG] control type=35
[DBG] control type=35
[DBG] control type=35
[DBG] control type=35
[DBG] control type=35
[DBG] control type=35
[DBG] control type=35
[DBG] control type=35
[DBG] control type=35
[DBG] Buffering 18%
[DBG] control type=35
[DBG] control type=35
[DBG] control type=35
[DBG] control type=35
[DBG] control type=35
[DBG] control type=35
[DBG] Buffering 25%
[DBG] Buffering 28%
[DBG] control type=35
[DBG] Received first picture
9:57:13.194 PM [framestep] nextFrameStepped result=0 time=19504 ms
[DBG] control type=35
[DBG] control type=35
[DBG] control type=35
[DBG] Buffering 31%
[DBG] control type=35
[DBG] Buffering 36%
[DBG] control type=35
[DBG] Buffering 41%
[DBG] control type=35
[DBG] control type=35
[DBG] Buffering 45%
[DBG] Buffering 47%
[DBG] control type=35
[DBG] control type=35
[DBG] control type=35
[DBG] Buffering 50%
[DBG] control type=35
[DBG] Buffering 53%
[DBG] control type=35
[DBG] control type=35
[DBG] control type=35
[DBG] control type=35
[DBG] control type=35
[DBG] control type=35
[DBG] control type=35
[DBG] Buffering 69%
[DBG] control type=35
[DBG] control type=35
[DBG] control type=35
[DBG] control type=35
[DBG] control type=35
[DBG] Buffering 75%
[DBG] Buffering 78%
[DBG] control type=35
[DBG] control type=35
[DBG] control type=35
[DBG] control type=35
[DBG] Buffering 81%
[DBG] control type=35
[DBG] Buffering 86%
[DBG] Buffering 88%
[DBG] control type=35
[DBG] control type=35
[DBG] Buffering 91%
[DBG] control type=35
[DBG] Buffering 95%
[DBG] control type=35
[DBG] Buffering 98%
[DBG] control type=35
[DBG] control type=35
[DBG] Stream buffering done (1001 ms in 14 ms)
9:57:13.205 PM [player] buffering 1.0
[DBG] Decoder wait done in 0 ms
[DBG] control type=35
[ERR] ES_OUT_SET_(GROUP_)PCR  is called 14829 ms late (jitter of 14812 ms ignored)
[DBG] ES_OUT_RESET_PCR called
9:57:13.206 PM [player] buffering 0.0
[DBG] control type=35
[DBG] control type=35
[DBG] control type=35
[DBG] control type=35
[DBG] control type=35
[DBG] control type=35
[DBG] control type=35
[DBG] control type=35
[DBG] control type=35
[DBG] control type=35
[DBG] control type=35
[DBG] control type=35
[DBG] Buffering 0%
9:57:13.208 PM [player] buffering 0.0
[DBG] control type=35
[DBG] control type=35
[DBG] control type=35
[DBG] control type=35
[DBG] Received first picture
9:57:13.211 PM [framestep] nextFrameStepped result=0 time=19504 ms
[DBG] Buffering 7%
[DBG] control type=35
[DBG] Buffering 9%
[DBG] control type=35
[DBG] control type=35
[DBG] Buffering 10%
[DBG] control type=35
[DBG] Buffering 14%
[DBG] Buffering 19%
[DBG] control type=35
[DBG] control type=35
[DBG] control type=35
[DBG] Buffering 24%
[DBG] control type=35
[DBG] control type=35
[DBG] control type=35
[DBG] control type=35
[DBG] Buffering 27%
[DBG] Buffering 32%
[DBG] control type=35
[DBG] control type=35
[DBG] Buffering 35%
[DBG] control type=35
[DBG] control type=35
[DBG] control type=35
[DBG] control type=35
[DBG] control type=35
[DBG] control type=35
[DBG] Buffering 51%
[DBG] control type=35
[DBG] control type=35
[DBG] control type=35
[DBG] control type=35
[DBG] control type=35
[DBG] control type=35
[DBG] control type=35
[DBG] Buffering 57%
[DBG] Buffering 60%
[DBG] control type=35
[DBG] control type=35
[DBG] control type=35
[DBG] Buffering 64%
[DBG] control type=35
[DBG] control type=35
[DBG] Buffering 69%
[DBG] control type=35
[DBG] Buffering 74%
[DBG] control type=35
[DBG] control type=35
[DBG] Buffering 77%
[DBG] control type=35
[DBG] control type=35
[DBG] Buffering 80%
[DBG] control type=35
[DBG] Buffering 82%
[DBG] Buffering 85%
[DBG] control type=35
[DBG] control type=35
[DBG] control type=35
[DBG] control type=35
[DBG] control type=35
[DBG] control type=35
[DBG] control type=35
[DBG] control type=35
[DBG] control type=35
[DBG] Stream buffering done (1024 ms in 14 ms)
9:57:13.222 PM [player] buffering 1.0
[DBG] Decoder wait done in 0 ms
[DBG] control type=35
[DBG] control type=35
[DBG] control type=35
[DBG] control type=35
[DBG] control type=35
[DBG] control type=35
[ERR] ES_OUT_SET_(GROUP_)PCR  is called 14805 ms late (jitter of 14812 ms ignored)
[DBG] ES_OUT_RESET_PCR called
9:57:13.224 PM [player] buffering 0.0
[DBG] control type=35
[DBG] control type=35
[DBG] control type=35
[DBG] control type=35
9:57:13.224 PM [player] buffering 0.0
[DBG] Buffering 0%
[DBG] control type=35
[DBG] control type=35
[DBG] control type=35
[DBG] control type=35
[DBG] control type=35
[DBG] control type=35
[DBG] Buffering 3%
[DBG] control type=35
[DBG] control type=35
[DBG] control type=35
[DBG] control type=35
[DBG] Buffering 8%
[DBG] control type=35
[DBG] control type=35
[DBG] Buffering 10%
[DBG] control type=35
[DBG] control type=35
[DBG] control type=35
[DBG] Buffering 13%
[DBG] control type=35
[DBG] control type=35
[DBG] control type=35
[DBG] Buffering 16%
[DBG] control type=35
[DBG] control type=35
[DBG] Buffering 20%
[DBG] control type=35
[DBG] control type=35
[DBG] control type=35
[DBG] control type=35
[DBG] Buffering 21%
[DBG] control type=35
[DBG] control type=35
[DBG] Buffering 25%
[DBG] control type=35
[DBG] control type=35
[DBG] control type=35
[DBG] control type=35
[DBG] control type=35
[DBG] control type=35
[DBG] control type=35
[DBG] control type=35
[DBG] control type=35
[DBG] control type=35
[DBG] control type=35
[DBG] control type=35
[DBG] control type=35
[DBG] control type=35
[DBG] Buffering 39%
[DBG] control type=35
[DBG] control type=35
[DBG] control type=35
[DBG] control type=35
[DBG] control type=35
[DBG] Buffering 40%
[DBG] Buffering 46%
[DBG] Buffering 49%
[DBG] Buffering 50%
[DBG] control type=35
[DBG] Buffering 53%
[DBG] Buffering 58%
[DBG] control type=35
[DBG] Buffering 63%
[DBG] control type=35
[DBG] control type=35
[DBG] Received first picture
9:57:13.233 PM [framestep] nextFrameStepped result=0 time=19504 ms
[DBG] control type=35
[DBG] control type=35
[DBG] Buffering 66%
[DBG] control type=35
[DBG] Buffering 71%
[DBG] control type=35
[DBG] Buffering 75%
[DBG] control type=35
[DBG] control type=35
[DBG] control type=35
[DBG] Buffering 90%
[DBG] control type=35
[DBG] control type=35
[DBG] control type=35
[DBG] control type=35
[DBG] control type=35
[DBG] control type=35
[DBG] control type=35
[DBG] control type=35
[DBG] Buffering 96%
[DBG] control type=35
[DBG] Stream buffering done (1001 ms in 18 ms)
9:57:13.243 PM [player] buffering 1.0
[DBG] Decoder wait done in 0 ms
[DBG] control type=35
[DBG] control type=35
[DBG] control type=35
[ERR] ES_OUT_SET_(GROUP_)PCR  is called 14867 ms late (jitter of 14829 ms ignored)
[DBG] ES_OUT_RESET_PCR called
9:57:13.244 PM [player] buffering 0.0
[DBG] control type=35
[DBG] control type=35
[DBG] Buffering 0%
9:57:13.244 PM [player] buffering 0.0
[DBG] control type=35
[DBG] control type=35
[DBG] control type=35
[DBG] control type=35
[DBG] control type=35
[DBG] control type=35
[DBG] control type=35
[DBG] control type=35
[DBG] Buffering 5%
[DBG] control type=35
[DBG] control type=35
[DBG] control type=35
[DBG] Buffering 8%
[DBG] control type=35
[DBG] control type=35
[DBG] control type=35
[DBG] control type=35
[DBG] control type=35
[DBG] control type=35
[DBG] control type=35
[DBG] control type=35
[DBG] control type=35
[DBG] control type=35
[DBG] Buffering 11%
[DBG] control type=35
[DBG] control type=35
[DBG] Buffering 13%
[DBG] control type=35
[DBG] control type=35
[DBG] control type=35
[DBG] control type=35
[DBG] Buffering 16%
[DBG] control type=35
[DBG] control type=35
[DBG] control type=35
[DBG] control type=35
[DBG] control type=35
[DBG] control type=35
[DBG] control type=35
[DBG] control type=35
[DBG] Buffering 30%
[DBG] control type=35
[DBG] control type=35
[DBG] control type=35
[DBG] control type=35
[DBG] control type=35
[DBG] control type=35
[DBG] control type=35
[DBG] Buffering 31%
[DBG] Buffering 38%
[DBG] Buffering 39%
[DBG] Buffering 41%
[DBG] control type=35
[DBG] Buffering 45%
[DBG] control type=35
[DBG] control type=35
[DBG] Buffering 49%
[DBG] control type=35
[DBG] control type=35
[DBG] Buffering 50%
[DBG] Buffering 55%
[DBG] control type=35
[DBG] Buffering 58%
[DBG] control type=35
[DBG] Buffering 63%
[DBG] Buffering 66%
[DBG] control type=35
[DBG] Received first picture
9:57:13.255 PM [framestep] nextFrameStepped result=0 time=19504 ms
[DBG] Buffering 70%
[DBG] control type=35
[DBG] control type=35
[DBG] control type=35
[DBG] control type=35
[DBG] Buffering 78%
[DBG] control type=35
[DBG] control type=35
[DBG] control type=35
[DBG] Buffering 81%
[DBG] control type=35
[DBG] control type=35
[DBG] Buffering 85%
[DBG] control type=35
[DBG] Buffering 87%
[DBG] control type=35
[DBG] control type=35
[DBG] control type=35
[DBG] Buffering 88%
[DBG] control type=35
[DBG] Buffering 91%
[DBG] Buffering 95%
[DBG] control type=35
[DBG] control type=35
[DBG] Buffering 97%
[DBG] control type=35
[DBG] Buffering 98%
[DBG] control type=35
9:57:13.261 PM [player] buffering 1.0
[DBG] Stream buffering done (1017 ms in 16 ms)
[DBG] Decoder wait done in 0 ms
[DBG] control type=35
[ERR] ES_OUT_SET_(GROUP_)PCR  is called 14869 ms late (jitter of 14867 ms ignored)
[DBG] ES_OUT_RESET_PCR called
9:57:13.262 PM [player] buffering 0.0
[DBG] control type=35
[DBG] control type=35
[DBG] control type=35
[DBG] Buffering 0%
9:57:13.262 PM [player] buffering 0.0
[DBG] control type=35
[DBG] control type=35
[DBG] control type=35
[DBG] Buffering 1%
[DBG] control type=35
[DBG] Buffering 4%
[DBG] control type=35
[DBG] control type=35
[DBG] control type=35
[DBG] control type=35
[DBG] control type=35
[DBG] Buffering 8%
[DBG] control type=35
[DBG] control type=35
[DBG] Buffering 9%
[DBG] control type=35
[DBG] control type=35
[DBG] control type=35
[DBG] Buffering 11%
[DBG] control type=35
[DBG] control type=35
[DBG] control type=35
[DBG] Buffering 14%
[DBG] control type=35
[DBG] control type=35
[DBG] control type=35
[DBG] control type=35
[DBG] control type=35
[DBG] control type=35
[DBG] control type=35
[DBG] control type=35
[DBG] control type=35
[DBG] Buffering 25%
[DBG] control type=35
[DBG] control type=35
[DBG] control type=35
[DBG] control type=35
[DBG] Buffering 28%
[DBG] Buffering 31%
[DBG] Received first picture
9:57:13.268 PM [framestep] nextFrameStepped result=0 time=19504 ms
[DBG] Buffering 34%
[DBG] control type=35
[DBG] control type=35
[DBG] control type=35
[DBG] Buffering 38%
[DBG] control type=35
[DBG] control type=35
[DBG] Buffering 41%
[DBG] control type=35
[DBG] Buffering 44%
[DBG] control type=35
[DBG] Detected interlaced video
[DBG] deinterlace -1, mode auto, is_needed 1
[DBG] control type=35
[DBG] Buffering 48%
[DBG] control type=35
[DBG] Buffering 51%
[DBG] control type=35
[DBG] Buffering 54%
[DBG] control type=35
[DBG] Buffering 58%
[DBG] control type=35
[DBG] control type=35
[DBG] Buffering 61%
[DBG] control type=35
[DBG] control type=35
[DBG] control type=35
[DBG] Buffering 64%
[DBG] control type=35
[DBG] control type=35
[DBG] control type=35
[DBG] control type=35
[DBG] control type=35
[DBG] Buffering 76%
[DBG] control type=35
[DBG] control type=35
[DBG] control type=35
[DBG] control type=35
[DBG] control type=35
[DBG] Buffering 78%
[DBG] Buffering 81%
[DBG] control type=35
[DBG] control type=35
[DBG] Buffering 84%
[DBG] control type=35
[DBG] control type=35
[DBG] control type=35
[DBG] Buffering 88%
[DBG] Buffering 91%
[DBG] control type=35
[DBG] control type=35
[DBG] Buffering 94%
[DBG] control type=35
[DBG] Buffering 98%
[DBG] control type=35
[DBG] control type=35
9:57:13.280 PM [player] buffering 1.0
[DBG] Stream buffering done (1015 ms in 18 ms)
[DBG] Decoder wait done in 0 ms
[DBG] control type=35
[DBG] control type=35
[DBG] control type=35
[ERR] ES_OUT_SET_(GROUP_)PCR  is called 14889 ms late (jitter of 14869 ms ignored)
[DBG] ES_OUT_RESET_PCR called
9:57:13.280 PM [player] buffering 0.0
[DBG] control type=35
[DBG] control type=35
[DBG] control type=35
[DBG] control type=35
[DBG] control type=35
9:57:13.281 PM [player] buffering 0.0
[DBG] Buffering 0%
[DBG] control type=35
[DBG] control type=35
[DBG] Buffering 3%
[DBG] control type=35
[DBG] control type=35
[DBG] control type=35
[DBG] control type=35
[DBG] Buffering 6%
[DBG] control type=35
[DBG] control type=35
[DBG] control type=35
[DBG] control type=35
[DBG] control type=35
[DBG] control type=35
[DBG] control type=35
[DBG] control type=35
[DBG] control type=35
[DBG] control type=35
[DBG] control type=35
[DBG] control type=35
[DBG] control type=35
[DBG] control type=35
[DBG] control type=35
[DBG] control type=35
[DBG] control type=35
[DBG] control type=35
[DBG] Buffering 19%
[DBG] control type=35
[DBG] control type=35
[DBG] control type=35
[DBG] control type=35
[DBG] control type=35
[DBG] Buffering 23%
[DBG] control type=35
[DBG] Buffering 26%
[DBG] control type=35
[DBG] control type=35
[DBG] Buffering 30%
[DBG] Buffering 33%
[DBG] Buffering 36%
[DBG] control type=35
[DBG] control type=35
[DBG] Buffering 40%
[DBG] control type=35
[DBG] Buffering 43%
[DBG] Buffering 46%
[DBG] control type=35
[DBG] control type=35
[DBG] Received first picture
9:57:13.286 PM [framestep] nextFrameStepped result=0 time=19504 ms
[DBG] Adding 'deinterlace' as static
[DBG] Buffering 50%
[DBG] looking for video filter module matching "deinterlace,chain": 2 candidates
[DBG] using x deinterlace method
[DBG] control type=35
[DBG] deinterlacing
[DBG] using video filter module "deinterlace"
[DBG] Filter 'deinterlace' (0x111243c00) appended to chain (0x10e345200)
[DBG] Buffering 53%
[DBG] control type=35
[DBG] control type=35
[DBG] Buffering 56%
[DBG] control type=35
[DBG] control type=35
[DBG] control type=35
[DBG] control type=35
[DBG] control type=35
[DBG] control type=35
[DBG] control type=35
[DBG] control type=35
[DBG] control type=35
[DBG] control type=35
[DBG] control type=35
[DBG] control type=35
[DBG] control type=35
[DBG] Buffering 67%
[DBG] control type=35
[DBG] control type=35
[DBG] control type=35
[DBG] control type=35
[DBG] Buffering 70%
[DBG] control type=35
[DBG] control type=35
[DBG] control type=35
[DBG] Buffering 73%
[DBG] Buffering 76%
[DBG] control type=35
[DBG] control type=35
[DBG] control type=35
[DBG] Buffering 80%
[DBG] Buffering 83%
[DBG] control type=35
[DBG] control type=35
[DBG] Buffering 86%
[DBG] control type=35
[DBG] control type=35
[DBG] Buffering 90%
[DBG] control type=35
[DBG] Buffering 93%
[DBG] Buffering 96%
[DBG] control type=35
[DBG] control type=35
[DBG] control type=35
9:57:13.293 PM [player] buffering 1.0
[DBG] Stream buffering done (1001 ms in 12 ms)
[DBG] Decoder wait done in 0 ms
[DBG] control type=35
[ERR] ES_OUT_SET_(GROUP_)PCR  is called 14917 ms late (jitter of 14889 ms ignored)
[DBG] ES_OUT_RESET_PCR called
9:57:13.293 PM [player] buffering 0.0
[DBG] control type=35
[DBG] control type=35
[DBG] control type=35
[DBG] control type=35
[DBG] control type=35
[DBG] Buffering 0%
9:57:13.293 PM [player] buffering 0.0
[DBG] control type=35
[DBG] control type=35
[DBG] control type=35
[DBG] control type=35
[DBG] control type=35
[DBG] control type=35
[DBG] control type=35
[DBG] control type=35
[DBG] control type=35
[DBG] control type=35
[DBG] control type=35
[DBG] control type=35
[DBG] control type=35
[DBG] control type=35
[DBG] control type=35
[DBG] control type=35
[DBG] control type=35
[DBG] control type=35
[DBG] control type=35
[DBG] control type=35
[DBG] control type=35
[DBG] Buffering 12%
[DBG] control type=35
[DBG] control type=35
[DBG] control type=35
[DBG] control type=35
[DBG] Buffering 13%
[DBG] control type=35
[DBG] Buffering 17%
[DBG] Buffering 20%
[DBG] control type=35
[DBG] Buffering 23%
[DBG] Buffering 27%
[DBG] Buffering 30%
[DBG] control type=35
[DBG] control type=35
[DBG] control type=35
[DBG] Buffering 33%
[DBG] Buffering 37%
[DBG] Buffering 40%
[DBG] control type=35
[DBG] Received first picture
9:57:13.301 PM [framestep] nextFrameStepped result=0 time=19504 ms
[DBG] control type=35
[DBG] Buffering 43%
[DBG] Buffering 47%
[DBG] control type=35
[DBG] control type=35
[DBG] Buffering 50%
[DBG] control type=35
[DBG] control type=35
[DBG] control type=35
[DBG] control type=35
[DBG] control type=35
[DBG] Buffering 60%
[DBG] control type=35
[DBG] control type=35
[DBG] control type=35
[DBG] Buffering 63%
[DBG] control type=35
[DBG] Buffering 67%
[DBG] control type=35
[DBG] control type=35
[DBG] control type=35
[DBG] Buffering 70%
[DBG] control type=35
[DBG] control type=35
[DBG] control type=35
[DBG] Buffering 73%
[DBG] control type=35
[DBG] Buffering 77%
[DBG] Buffering 80%
[DBG] control type=35
[DBG] control type=35
[DBG] control type=35
[DBG] Buffering 83%
[DBG] control type=35
[DBG] control type=35
[DBG] control type=35
[DBG] Buffering 87%
[DBG] control type=35
[DBG] Buffering 89%
[DBG] control type=35
[DBG] Buffering 90%
[DBG] control type=35
[DBG] Buffering 94%
[DBG] Buffering 97%
[DBG] control type=35
[DBG] control type=35
[DBG] Buffering 99%
[DBG] control type=35
[DBG] Stream buffering done (1007 ms in 16 ms)
9:57:13.309 PM [player] buffering 1.0
[DBG] Decoder wait done in 0 ms
[DBG] control type=35
[DBG] control type=35
[ERR] ES_OUT_SET_(GROUP_)PCR  is called 14848 ms late (jitter of 14889 ms ignored)
[DBG] ES_OUT_RESET_PCR called
9:57:13.310 PM [player] buffering 0.0
[DBG] control type=35
[DBG] control type=35
[DBG] control type=35
[DBG] control type=35
[DBG] control type=35
[DBG] control type=35
[DBG] control type=35
[DBG] control type=35
[DBG] control type=35
[DBG] control type=35
[DBG] Buffering 0%
9:57:13.314 PM [player] buffering 0.0
[DBG] control type=35
[DBG] control type=35
[DBG] control type=35
[DBG] control type=35
[DBG] Buffering 3%
[DBG] control type=35
[DBG] control type=35
[DBG] Buffering 6%
[DBG] control type=35
[DBG] control type=35
[DBG] control type=35
[DBG] control type=35
[DBG] control type=35
[DBG] Buffering 10%
[DBG] control type=35
[DBG] control type=35
[DBG] Buffering 13%
[DBG] control type=35
[DBG] control type=35
[DBG] control type=35
[DBG] control type=35
[DBG] control type=35
[DBG] Buffering 16%
[DBG] control type=35
[DBG] control type=35
[DBG] control type=35
[DBG] Buffering 20%
[DBG] control type=35
[DBG] control type=35
[DBG] control type=35
[DBG] control type=35
[DBG] Buffering 23%
[DBG] control type=35
[DBG] control type=35
[DBG] control type=35
[DBG] Buffering 26%
[DBG] control type=35
[DBG] control type=35
[DBG] control type=35
[DBG] control type=35
[DBG] control type=35
[DBG] control type=35
[DBG] control type=35
[DBG] control type=35
[DBG] Buffering 30%
[DBG] control type=35
[DBG] control type=35
[DBG] Buffering 33%
[DBG] control type=35
[DBG] control type=35
[DBG] control type=35
[DBG] control type=35
[DBG] control type=35
[DBG] control type=35
[DBG] Buffering 36%
[DBG] control type=35
[DBG] control type=35
[DBG] control type=35
[DBG] control type=35
[DBG] control type=35
[DBG] control type=35
[DBG] Buffering 49%
[DBG] control type=35
[DBG] control type=35
[DBG] control type=35
[DBG] control type=35
[DBG] control type=35
[DBG] Buffering 50%
[DBG] control type=35
[DBG] Buffering 53%
[DBG] Buffering 56%
[DBG] Received first picture
9:57:13.323 PM [framestep] nextFrameStepped result=0 time=19504 ms
[DBG] Buffering 60%
[DBG] control type=35
[DBG] control type=35
[DBG] control type=35
[DBG] Buffering 63%
[DBG] Buffering 66%
[DBG] control type=35
[DBG] control type=35
[DBG] control type=35
[DBG] Buffering 70%
[DBG] control type=35
[DBG] Buffering 73%
[DBG] control type=35
[DBG] Buffering 76%
[DBG] control type=35
[DBG] control type=35
[DBG] control type=35
[DBG] control type=35
[DBG] Buffering 80%
[DBG] Buffering 83%
[DBG] control type=35
[DBG] control type=35
[DBG] Buffering 86%
[DBG] control type=35
[DBG] control type=35
[DBG] Buffering 97%
[DBG] control type=35
[DBG] control type=35
[DBG] control type=35
[DBG] control type=35
[DBG] control type=35
9:57:13.333 PM [player] buffering 1.0
[DBG] Stream buffering done (1001 ms in 18 ms)
[DBG] Decoder wait done in 0 ms
[DBG] control type=35
[ERR] ES_OUT_SET_(GROUP_)PCR  is called 14956 ms late (jitter of 14917 ms ignored)
[DBG] ES_OUT_RESET_PCR called
9:57:13.333 PM [player] buffering 0.0
[DBG] control type=35
[DBG] control type=35
9:57:13.333 PM [player] buffering 0.0
[DBG] Buffering 0%
[DBG] control type=35
[DBG] control type=35
[DBG] control type=35
[DBG] control type=35
[DBG] control type=35
[DBG] Buffering 3%
[DBG] control type=35
[DBG] control type=35
[DBG] control type=35
[DBG] control type=35
[DBG] Buffering 6%
[DBG] control type=35
[DBG] control type=35
[DBG] control type=35
[DBG] Buffering 9%
[DBG] control type=35
[DBG] control type=35
[DBG] Buffering 10%
[DBG] control type=35
[DBG] control type=35
[DBG] control type=35
[DBG] Buffering 13%
[DBG] control type=35
[DBG] control type=35
[DBG] Buffering 16%
[DBG] control type=35
[DBG] control type=35
[DBG] control type=35
[DBG] control type=35
[DBG] Buffering 19%
[DBG] control type=35
[DBG] control type=35
[DBG] Buffering 20%
[DBG] control type=35
[DBG] control type=35
[DBG] control type=35
[DBG] Buffering 23%
[DBG] control type=35
[DBG] control type=35
[DBG] control type=35
[DBG] Buffering 26%
[DBG] control type=35
[DBG] control type=35
[DBG] Buffering 28%
[DBG] control type=35
[DBG] control type=35
[DBG] control type=35
[DBG] Buffering 30%
[DBG] control type=35
[DBG] control type=35
[DBG] control type=35
[DBG] control type=35
[DBG] control type=35
[DBG] control type=35
[DBG] control type=35
[DBG] control type=35
[DBG] control type=35
[DBG] control type=35
[DBG] Buffering 41%
[DBG] control type=35
[DBG] control type=35
[DBG] control type=35
[DBG] control type=35
[DBG] control type=35
[DBG] Buffering 43%
[DBG] Buffering 46%
[DBG] Buffering 50%
[DBG] control type=35
[DBG] Received first picture
9:57:13.343 PM [framestep] nextFrameStepped result=0 time=19504 ms
[DBG] control type=35
[DBG] control type=35
[DBG] control type=35
[DBG] Buffering 53%
[DBG] Buffering 56%
[DBG] control type=35
[DBG] control type=35
[DBG] Buffering 60%
[DBG] control type=35
[DBG] control type=35
[DBG] Buffering 63%
[DBG] control type=35
[DBG] control type=35
[DBG] Buffering 66%
[DBG] control type=35
[DBG] Buffering 70%
[DBG] control type=35
[DBG] control type=35
[DBG] Buffering 73%
[DBG] control type=35
[DBG] control type=35
[DBG] Buffering 76%
[DBG] control type=35
[DBG] control type=35
[DBG] Buffering 80%
[DBG] control type=35
[DBG] control type=35
[DBG] control type=35
[DBG] control type=35
[DBG] Buffering 92%
[DBG] control type=35
[DBG] control type=35
[DBG] control type=35
[DBG] control type=35
[DBG] control type=35
[DBG] Buffering 93%
[DBG] control type=35
[DBG] Buffering 96%
[DBG] control type=35
[DBG] Stream buffering done (1001 ms in 18 ms)
9:57:13.352 PM [player] buffering 1.0
[DBG] Decoder wait done in 0 ms
[DBG] control type=35
[DBG] control type=35
[DBG] control type=35
[ERR] ES_OUT_SET_(GROUP_)PCR  is called 14975 ms late (jitter of 14956 ms ignored)
[DBG] ES_OUT_RESET_PCR called
9:57:13.353 PM [player] buffering 0.0
[DBG] control type=35
[DBG] control type=35
[DBG] control type=35
[DBG] control type=35
9:57:13.353 PM [player] buffering 0.0
[DBG] Buffering 0%
[DBG] control type=35
[DBG] control type=35
[DBG] Buffering 3%
[DBG] control type=35
[DBG] control type=35
[DBG] control type=35
[DBG] control type=35
[DBG] control type=35
[DBG] control type=35
[DBG] control type=35
[DBG] Buffering 6%
[DBG] control type=35
[DBG] control type=35
[DBG] control type=35
[DBG] control type=35
[DBG] control type=35
[DBG] Buffering 10%
[DBG] control type=35
[DBG] control type=35
[DBG] control type=35
[DBG] Buffering 13%
[DBG] control type=35
[DBG] control type=35
[DBG] control type=35
[DBG] control type=35
[DBG] control type=35
[DBG] control type=35
[DBG] control type=35
[DBG] Buffering 16%
[DBG] control type=35
[DBG] control type=35
[DBG] Buffering 20%
[DBG] control type=35
[DBG] control type=35
[DBG] control type=35
[DBG] Buffering 23%
[DBG] control type=35
[DBG] control type=35
[DBG] control type=35
[DBG] control type=35
[DBG] control type=35
[DBG] control type=35
[DBG] control type=35
[DBG] control type=35
[DBG] control type=35
[DBG] control type=35
[DBG] control type=35
[DBG] Buffering 34%
[DBG] control type=35
[DBG] control type=35
[DBG] control type=35
[DBG] control type=35
[DBG] control type=35
[DBG] Buffering 36%
[DBG] Buffering 40%
[DBG] Buffering 43%
[DBG] control type=35
[DBG] Buffering 46%
[DBG] Buffering 50%
[DBG] Buffering 53%
[DBG] Received first picture
9:57:13.361 PM [framestep] nextFrameStepped result=0 time=19504 ms
[DBG] control type=35
[DBG] control type=35
[DBG] control type=35
[DBG] control type=35
[DBG] control type=35
[DBG] Buffering 56%
[DBG] control type=35
[DBG] Buffering 60%
[DBG] control type=35
[DBG] control type=35
[DBG] Buffering 62%
[DBG] control type=35
[DBG] control type=35
[DBG] Buffering 63%
[DBG] control type=35
[DBG] control type=35
[DBG] Buffering 66%
[DBG] control type=35
[DBG] Buffering 70%
[DBG] control type=35
[DBG] control type=35
[DBG] control type=35
[DBG] Buffering 72%
[DBG] control type=35
[DBG] Buffering 73%
[DBG] control type=35
[DBG] control type=35
[DBG] control type=35
[DBG] control type=35
[DBG] Buffering 85%
[DBG] control type=35
[DBG] control type=35
[DBG] control type=35
[DBG] Buffering 86%
[DBG] control type=35
[DBG] Buffering 90%
[DBG] control type=35
[DBG] Buffering 93%
[DBG] control type=35
[DBG] control type=35
[DBG] control type=35
[DBG] control type=35
[DBG] control type=35
[DBG] Buffering 96%
[DBG] control type=35
9:57:13.380 PM [player] buffering 1.0
[DBG] Stream buffering done (1001 ms in 26 ms)
[DBG] Decoder wait done in 0 ms
[DBG] control type=35
[ERR] ES_OUT_SET_(GROUP_)PCR  is called 15003 ms late (jitter of 14975 ms ignored)
[DBG] ES_OUT_RESET_PCR called
9:57:13.380 PM [player] buffering 0.0
[DBG] control type=35
[DBG] control type=35
[DBG] control type=35
[DBG] control type=35
[DBG] control type=35
[DBG] Buffering 0%
9:57:13.381 PM [player] buffering 0.0
[DBG] control type=35
[DBG] control type=35
[DBG] control type=35
[DBG] control type=35
[DBG] control type=35
[DBG] Buffering 3%
[DBG] control type=35
[DBG] control type=35
[DBG] Buffering 6%
[DBG] control type=35
[DBG] control type=35
[DBG] control type=35
[DBG] control type=35
[DBG] control type=35
[DBG] control type=35
[DBG] control type=35
[DBG] control type=35
[DBG] control type=35
[DBG] control type=35
[DBG] control type=35
[DBG] Buffering 10%
[DBG] control type=35
[DBG] control type=35
[DBG] Buffering 13%
[DBG] control type=35
[DBG] control type=35
[DBG] control type=35
[DBG] control type=35
[DBG] control type=35
[DBG] control type=35
[DBG] Buffering 16%
[DBG] control type=35
[DBG] control type=35
[DBG] control type=35
[DBG] control type=35
[DBG] control type=35
[DBG] control type=35
[DBG] control type=35
[DBG] control type=35
[DBG] control type=35
[DBG] control type=35
[DBG] control type=35
[DBG] control type=35
[DBG] control type=35
[DBG] control type=35
[DBG] control type=35
[DBG] control type=35
[DBG] control type=35
[DBG] Buffering 29%
[DBG] control type=35
[DBG] control type=35
[DBG] control type=35
[DBG] control type=35
[DBG] control type=35
[DBG] Buffering 30%
[DBG] Buffering 33%
[DBG] Buffering 36%
[DBG] control type=35
[DBG] control type=35
[DBG] Buffering 40%
[DBG] Buffering 43%
[DBG] Buffering 46%
[DBG] Received first picture
9:57:13.391 PM [framestep] nextFrameStepped result=0 time=19504 ms
[DBG] control type=35
[DBG] control type=35
[DBG] control type=35
[DBG] Buffering 50%
[DBG] control type=35
[DBG] Buffering 53%
[DBG] Buffering 56%
[DBG] control type=35
[DBG] control type=35
[DBG] control type=35
[DBG] Buffering 60%
[DBG] control type=35
[DBG] control type=35
[DBG] Buffering 63%
[DBG] Buffering 66%
[DBG] control type=35
[DBG] control type=35
[DBG] control type=35
[DBG] control type=35
[DBG] control type=35
[DBG] control type=35
[DBG] Buffering 77%
[DBG] control type=35
[DBG] control type=35
[DBG] control type=35
[DBG] control type=35
[DBG] Buffering 80%
[DBG] control type=35
[DBG] control type=35
[DBG] control type=35
[DBG] Buffering 83%
[DBG] control type=35
[DBG] Buffering 86%
[DBG] control type=35
[DBG] control type=35
[DBG] Buffering 90%
[DBG] control type=35
[DBG] Buffering 93%
[DBG] control type=35
[DBG] Buffering 96%
[DBG] control type=35
[DBG] control type=35
[DBG] control type=35
[DBG] Stream buffering done (1001 ms in 23 ms)
9:57:13.405 PM [player] buffering 1.0
[DBG] Decoder wait done in 0 ms
[ERR] ES_OUT_SET_(GROUP_)PCR  is called 15028 ms late (jitter of 15003 ms ignored)
[DBG] ES_OUT_RESET_PCR called
9:57:13.405 PM [player] buffering 0.0
[DBG] control type=35
[DBG] control type=35
[DBG] control type=35
[DBG] control type=35
[DBG] control type=35
9:57:13.405 PM [player] buffering 0.0
[DBG] Buffering 0%
[DBG] control type=35
[DBG] control type=35
[DBG] control type=35
[DBG] control type=35
[DBG] control type=35
[DBG] control type=35
[DBG] control type=35
[DBG] Buffering 3%
[DBG] control type=35
[DBG] control type=35
[DBG] Buffering 7%
[DBG] control type=35
[DBG] control type=35
[DBG] control type=35
[DBG] control type=35
[DBG] Buffering 9%
[DBG] control type=35
[DBG] control type=35
[DBG] control type=35
[DBG] control type=35
[DBG] Buffering 10%
[DBG] control type=35
[DBG] control type=35
[DBG] control type=35
[DBG] control type=35
[DBG] control type=35
[DBG] control type=35
[DBG] control type=35
[DBG] Buffering 22%
[DBG] control type=35
[DBG] control type=35
[DBG] control type=35
[DBG] control type=35
[DBG] control type=35
[DBG] control type=35
[DBG] control type=35
[DBG] Buffering 23%
[DBG] control type=35
[DBG] Buffering 27%
[DBG] control type=35
[DBG] Buffering 30%
[DBG] control type=35
[DBG] Received first picture
9:57:13.413 PM [framestep] nextFrameStepped result=0 time=19504 ms
[DBG] Buffering 33%
[DBG] Buffering 37%
[DBG] Buffering 40%
[DBG] control type=35
[DBG] control type=35
[DBG] Buffering 43%
[DBG] control type=35
[DBG] Buffering 47%
[DBG] Buffering 50%
[DBG] control type=35
[DBG] control type=35
[DBG] control type=35
[DBG] control type=35
[DBG] control type=35
[DBG] Buffering 53%
[DBG] Buffering 56%
[DBG] control type=35
[DBG] Buffering 60%
9:57:13.422 PM [player] play (select) at 19504 ms
[DBG] control type=35
[DBG] control type=0
[DBG] control type=35
[DBG] control type=35
[DBG] control type=35
[DBG] control type=35
9:57:13.424 PM [player] state Playing at 19504 ms
[DBG] resuming video
[DBG] resuming audio
[DBG] not really resuming SPU
[DBG] Buffering 73%
[DBG] Buffering 77%
[DBG] Buffering 80%
[DBG] Buffering 83%
[DBG] Buffering 87%
[DBG] Buffering 90%
[DBG] Buffering 93%
[DBG] Buffering 97%
[DBG] Stream buffering done (1004 ms in -16056 ms)
9:57:13.431 PM [player] buffering 1.0
[DBG] Decoder wait done in 0 ms
[DBG] deferring start (79617 us)
[DBG] deferring start (43122 us)
[DBG] deferring start (42749 us)
[DBG] deferring start (42503 us)
[DBG] deferring start (42254 us)
[DBG] deferring start (42004 us)
[DBG] deferring start (41799 us)
[DBG] deferring start (41550 us)
[DBG] deferring start (41262 us)
[DBG] deferring start (40816 us)
[DBG] deferring start (104100 us)
[DBG] deferring start (71845 us)
[DBG] deferring start (39634 us)
[DBG] deferring start (39177 us)
[DBG] deferring start (38811 us)
[DBG] deferring start (38517 us)
[DBG] deferring start (38121 us)
[DBG] deferring start (37887 us)
[DBG] deferring start (37602 us)
[DBG] deferring start (37355 us)
[DBG] deferring start (37151 us)
[DBG] deferring start (36973 us)
[DBG] deferring start (36743 us)
[DBG] deferring start (36526 us)
[DBG] deferring start (36185 us)
[DBG] deferring start (35972 us)
[DBG] deferring start (35749 us)
[DBG] deferring start (35498 us)
[DBG] deferring start (35286 us)
[DBG] deferring start (34996 us)
[DBG] deferring start (34819 us)
[DBG] deferring start (34657 us)
[DBG] deferring start (34483 us)
[DBG] deferring start (34307 us)
[DBG] deferring start (34140 us)
[DBG] deferring start (33978 us)
[DBG] deferring start (33784 us)
[DBG] deferring start (33641 us)
[DBG] started
[WARN] picture is too late to be displayed (missing 43 ms)
[DBG] picture displayed late (missing 15 ms)
9:57:15.674 PM [player] dismiss at 181576 ms, state Playing
9:57:15.677 PM [player] state Stopping at 181576 ms
[DBG] killing decoder fourcc `mpgv'
[DBG] removing "video decoder" module "avcodec"
[DBG] removing "video packetizer" module "mpegvideo"
[DBG] removing "video converter" module "swscale"
[DBG] Filter 0x10e346d00 removed from chain
[DBG] removing "video converter" module "cvpx"
[DBG] Filter 0x10e347000 removed from chain
[DBG] removing "video converter" module "chain"
[DBG] removing "video filter" module "deinterlace"
[DBG] Filter 0x111243c00 removed from chain
[DBG] saving a free vout
[DBG] ES track unselected: 'video/1' (fourcc: 'mpgv')
9:57:15.695 PM [player] track selected type=1 selected= unselected=video/1
[DBG] killing decoder fourcc `a52 '
[DBG] removing "audio decoder" module "avcodec"
[DBG] removing "audio packetizer" module "a52"
[DBG] removing "audio resampler" module "soxr"
[DBG] removing "audio filter" module "scaletempo"
[DBG] removing "audio volume" module "float_mixer"
[DBG] keeping audio output
[DBG] ES track unselected: 'audio/2' (fourcc: 'a52 ')
9:57:15.772 PM [player] track selected type=0 selected= unselected=audio/2
[DBG] killing decoder fourcc `subt'
[DBG] removing "spu decoder" module "subsdec"
[DBG] ES track unselected: 'spu/4' (fourcc: 'subt')
[DBG] removing "demux" module "mkv"
9:57:15.772 PM [player] track selected type=2 selected= unselected=spu/4
[DBG] ES track deleted: 'video/1' (fourcc: 'mpgv')
[DBG] ES track deleted: 'audio/2' (fourcc: 'a52 ')
[DBG] ES track deleted: 'audio/3' (fourcc: 'a52 ')
[DBG] ES track deleted: 'spu/4' (fourcc: 'subt')
[DBG] Program doesn't contain anymore ES
[DBG] removing "stream_filter" module "record"
[DBG] removing "stream_filter" module "prefetch"
[DBG] removing "access" module "http"
[DBG] connection failed
[DBG] destroying input for '2'
[DBG] stop free vout
9:57:15.773 PM [player] state Stopped at 181576 ms
[DBG] VLC media player - 4.0.0-dev Otto Chriek
[DBG] Copyright © 1996-2026 the VideoLAN team
[DBG] revision 4.0.0-dev-38816-g2d998d8f90
[DBG] configured with /Users/videolanci/builds/Thy43VtNm/0/videolan/VLCKit/libvlc/vlc/configure  '--host=aarch64-apple-darwin' '--build=aarch64-apple-darwin25.5.0' '--prefix=/Users/videolanci/builds/Thy43VtNm/0/videolan/VLCKit/libvlc/vlc/build-appletvos-arm64/vlc-appletvos26.2-arm64' '--with-contrib=/Users/videolanci/builds/Thy43VtNm/0/videolan/VLCKit/libvlc/vlc/contrib/arm64-appletvos26.2' '--disable-sse' '--disable-vcd' '--disable-macosx' '--disable-macosx-avfoundation' '--disable-lua' '--disable-qt' '--disable-skins2' '--disable-vlc' '--disable-vlm' '--disable-nls' '--disable-notify' '--disable-projectm' '--disable-goom' '--disable-dvdread' '--disable-dvdnav' '--disable-bluray' '--disable-linsys' '--disable-libva' '--disable-gme' '--disable-tremor' '--disable-fluidsynth' '--disable-jack' '--disable-pulse' '--disable-mtp' '--disable-screen' '--disable-sparkle' '--disable-addonmanagermodules' '--disable-mad' '--disable-upnp-server' '--disable-shared' '--enable-static' 'CFLAGS=-mtvos-version-min=11.0 -arch arm64 -isysroot /Applications/Xcode.app/Contents/Developer/Platforms/AppleTVOS.platform/Developer/SDKs/AppleTVOS26.2.sdk -g' 'OBJCFLAGS=-mtvos-version-min=11.0 -arch arm64 -isysroot /Applications/Xcode.app/Contents/Developer/Platforms/AppleTVOS.platform/Developer/SDKs/AppleTVOS26.2.sdk -g' 'CXXFLAGS=-mtvos-version-min=11.0 -arch arm64 -isysroot /Applications/Xcode.app/Contents/Developer/Platforms/AppleTVOS.platform/Developer/SDKs/AppleTVOS26.2.sdk -g' 'OBJCXXFLAGS=-mtvos-version-min=11.0 -arch arm64 -isysroot /Applications/Xcode.app/Contents/Developer/Platforms/AppleTVOS.platform/Developer/SDKs/AppleTVOS26.2.sdk -g' 'ac_cv_prog_cc_c23=no' 'ac_cv_func_basename_r=no' 'ac_cv_func_clock_getres=no' 'ac_cv_func_clock_gettime=no' 'ac_cv_func_clock_settime=no' 'ac_cv_func_dirname_r=no' 'ac_cv_func_getentropy=no' 'ac_cv_func_mkostemp=no' 'ac_cv_func_mkostemps=no' 'ac_cv_func_timingsafe_bcmp=no' 'ac_cv_func_open_wmemstream=no' 'ac_cv_func_fmemopen=no' 'ac_cv_func_open_memstream=no' 'ac_cv_func_futimens=no' 'ac_cv_func_utimensat=no' 'ac_cv_func_dup3=no' 'ac_cv_func_pipe2=no' 'ac_cv_func_thread_get_register_pointer_values=no' 'ac_cv_func_aligned_alloc=no' 'ac_cv_func_timespec_get=no' 'build_alias=aarch64-apple-darwin25.5.0' 'host_alias=aarch64-apple-darwin' 'CC=/Applications/Xcode.app/Contents/Developer/Toolchains/XcodeDefault.xctoolchain/usr/bin/clang' 'LDFLAGS=-mtvos-version-min=11.0 -mtvos-version-min=11.0 -arch arm64 -isysroot /Applications/Xcode.app/Contents/Developer/Platforms/AppleTVOS.platform/Developer/SDKs/AppleTVOS26.2.sdk ' 'CPPFLAGS=-arch arm64 -isysroot /Applications/Xcode.app/Contents/Developer/Platforms/AppleTVOS.platform/Developer/SDKs/AppleTVOS26.2.sdk' 'CXX=/Applications/Xcode.app/Contents/Developer/Toolchains/XcodeDefault.xctoolchain/usr/bin/clang++' 'CPP=/Applications/Xcode.app/Contents/Developer/Toolchains/XcodeDefault.xctoolchain/usr/bin/clang -E' 'OBJC=/Applications/Xcode.app/Contents/Developer/Toolchains/XcodeDefault.xctoolchain/usr/bin/clang' 'OBJCXX=/Applications/Xcode.app/Contents/Developer/Toolchains/XcodeDefault.xctoolchain/usr/bin/clang++' 'PKG_CONFIG_LIBDIR='
[DBG] creating audio output
[DBG] looking for audio output module matching "any": 2 candidates
[DBG] using audio output module "avsamplebuffer"
[DBG] keeping audio output
9:57:24.820 PM [player] request Stargate — Theatrical · SD · AC-3 5.1 — http://192.168.1.250:8093/stream/3
9:57:24.820 PM [player] file Movies/Stargate (1994)/Stargate (1994) {edition-Theatrical}.mkv 720x480 hdr=false video=mpeg2video Main audio=ac3 5.1(side), ac3 stereo
[DBG] Creating an input for playback'3'
9:57:24.828 PM [player] play() called
[DBG] using timeshift granularity of 50 MiB
[DBG] using default timeshift path
[DBG] `http://192.168.1.250:8093/stream/3' gives access `http' demux `any' path `192.168.1.250:8093/stream/3'
[DBG] creating access: http://192.168.1.250:8093/stream/3
[DBG] looking for access module matching "http": 2 candidates
[DBG] looking for keystore module matching "any": 1 candidates
[DBG] using keystore module "keychain"
[DBG] Lookup keychain entry for server 192.168.1.250
[WARN] lookup failed (-25300: 'Item not found')
[DBG] resolving 192.168.1.250 ...
[DBG] outgoing request:
GET /stream/3 HTTP/1.1
Host: 192.168.1.250:8093
Accept: */*
Accept-Language: en_US
User-Agent: VLC/4.0.0-dev LibVLC/4.0.0-dev
Range: bytes=0-


9:57:24.838 PM [player] state Opening at 0 ms
9:57:24.838 PM [player] buffering 0.0
[DBG] incoming response:
HTTP/1.1 206 Partial Content
Accept-Ranges: bytes
Content-Length: 5346213686
Content-Range: bytes 0-5346213685/5346213686
Content-Type: video/x-matroska
Last-Modified: Fri, 17 Jul 2026 19:34:32 GMT
Date: Mon, 14 Sep 2026 01:57:24 GMT


[DBG] removing "keystore" module "keychain"
[DBG] using access module "http"
[DBG] looking for stream_filter module matching "prefetch,cache": 2 candidates
[DBG] using 16777216 bytes buffer
[DBG] using stream_filter module "prefetch"
[DBG] looking for stream_filter module matching "any": 4 candidates
[DBG] no stream_filter modules matched with name any
[DBG] looking for stream_directory module matching "any": 0 candidates
[DBG] no stream_directory modules matched with name any
[DBG] attachment of directory-extractor failed for http://192.168.1.250:8093/stream/3
[DBG] looking for stream_filter module matching "record": 1 candidates
[DBG] using stream_filter module "record"
[DBG] creating demux "any", URL: http://192.168.1.250:8093/stream/3, path: (null)
[DBG] looking for demux module matching "any": 58 candidates
[DBG] |   + Seek head
[DBG] |   - info at 1207
[DBG] |   + Information
[DBG] |   |   + TimecodeScale=1000000
[DBG] |   |   + Muxing Application=libmakemkv v1.18.4 (1.3.10/1.5.2) darwin(arm64-release)
[DBG] |   |   + Writing Application=MakeMKV v1.18.4 darwin(arm64-release)
[DBG] |   |   + Duration=7265591
[DBG] |   |   + Date=Fri Jul 17 19:22:55 2026
[DBG] |   |   + UID=c6822232a7cb0c08
[DBG] |   - tracks at 1355
[DBG] |   + Tracks
[DBG] |   |   + Track Entry
[DBG] |   |   |   + Track Number=1
[DBG] |   |   |   + Track UID=1
[DBG] |   |   |   + Track Type=video
[DBG] |   |   |   + Track Default=0
[DBG] |   |   |   + Track Lacing=0
[DBG] |   |   |   + Track MinCache=2
[DBG] |   |   |   + Track CodecId=V_MPEG2
[DBG] |   |   |   + Track CodecPrivate size=150
[DBG] |   |   |   + Track Default Duration=33366
[DBG] |   |   |   + Track Video
[DBG] |   |   |   |   + width=720
[DBG] |   |   |   |   + height=480
[DBG] |   |   |   |   + display width=640
[DBG] |   |   |   |   + display height=480
[DBG] |   |   + Track Entry
[DBG] |   |   |   + Track Number=2
[DBG] |   |   |   + Track UID=2
[DBG] |   |   |   + Track Type=audio
[DBG] |   |   |   + Track Default=1
[DBG] |   |   |   + Track Lacing=1
[DBG] |   |   |   + Track CodecId=A_AC3
[DBG] |   |   |   + Track Language=`eng'
[DBG] |   |   |   + Track Default Duration=32000
[DBG] |   |   |   + Track Name=Surround 5.1
[DBG] |   |   |   + Track Audio
[DBG] |   |   |   |   + afreq=48000
[DBG] |   |   |   |   + achan=6
[DBG] |   |   + Track Entry
[DBG] |   |   |   + Track Number=3
[DBG] |   |   |   + Track UID=3
[DBG] |   |   |   + Track Type=audio
[DBG] |   |   |   + Track Default=0
[DBG] |   |   |   + Track Lacing=1
[DBG] |   |   |   + Track CodecId=A_AC3
[DBG] |   |   |   + Track Language=`eng'
[DBG] |   |   |   + Track Default Duration=32000
[DBG] |   |   |   + Track Name=Stereo
[DBG] |   |   |   + Track Audio
[DBG] |   |   |   |   + afreq=48000
[DBG] |   |   |   |   + achan=2
[DBG] |   |   + Track Entry
[DBG] |   |   |   + Track Number=4
[DBG] |   |   |   + Track UID=4
[DBG] |   |   |   + Track Type=subtitle
[DBG] |   |   |   + Track Default=1
[DBG] |   |   |   + Track Lacing=0
[DBG] |   |   |   + Track CodecId=S_TEXT/UTF8
[DBG] |   |   |   + Track Language=`eng'
[DBG] |   - cues at 5345950959
[DBG] resolving 192.168.1.250 ...
[DBG] outgoing request:
GET /stream/3 HTTP/1.1
Host: 192.168.1.250:8093
Accept: */*
Accept-Language: en_US
User-Agent: VLC/4.0.0-dev LibVLC/4.0.0-dev
If-Unmodified-Since: Fri, 17 Jul 2026 19:34:32 GMT
Range: bytes=5345950959-


[DBG] incoming response:
HTTP/1.1 206 Partial Content
Accept-Ranges: bytes
Content-Length: 262727
Content-Range: bytes 5345950959-5346213685/5346213686
Content-Type: video/x-matroska
Last-Modified: Fri, 17 Jul 2026 19:34:32 GMT
Date: Mon, 14 Sep 2026 01:57:24 GMT


[DBG] connection failed
[DBG] |   + Cues
[DBG] end of stream
[DBG] |   - loading cues done.
[DBG] resolving 192.168.1.250 ...
[DBG] outgoing request:
GET /stream/3 HTTP/1.1
Host: 192.168.1.250:8093
Accept: */*
Accept-Language: en_US
User-Agent: VLC/4.0.0-dev LibVLC/4.0.0-dev
If-Unmodified-Since: Fri, 17 Jul 2026 19:34:32 GMT
Range: bytes=123-


[DBG] incoming response:
HTTP/1.1 206 Partial Content
Accept-Ranges: bytes
Content-Length: 5346213563
Content-Range: bytes 123-5346213685/5346213686
Content-Type: video/x-matroska
Last-Modified: Fri, 17 Jul 2026 19:34:32 GMT
Date: Mon, 14 Sep 2026 01:57:24 GMT


[DBG] |   - chapters at 1739
[DBG] |   + Chapters
[DBG] |   |   |   + ChapterAtom (level=0)
[DBG] |   |   |   |   + ChapterUID=b7a9f8201e26b64
[DBG] |   |   |   |   + ChapterTimeStart=0
[DBG] |   |   |   |   + ChapterFlagHidden=no
[DBG] |   |   |   |   + ChapterTimeEnd=165398566
[DBG] |   |   |   |   + ChapterDisplay
[DBG] |   |   |   |   |   + ChapterString=Chapter 01
[DBG] |   |   |   |   |   + ChapterLanguage=eng
[DBG] |   |   |   + ChapterAtom (level=0)
[DBG] |   |   |   |   + ChapterUID=154dd4b3318bd12a
[DBG] |   |   |   |   + ChapterTimeStart=165398566
[DBG] |   |   |   |   + ChapterFlagHidden=no
[DBG] |   |   |   |   + ChapterTimeEnd=182415566
[DBG] |   |   |   |   + ChapterDisplay
[DBG] |   |   |   |   |   + ChapterString=Chapter 02
[DBG] |   |   |   |   |   + ChapterLanguage=eng
[DBG] |   |   |   + ChapterAtom (level=0)
[DBG] |   |   |   |   + ChapterUID=f675518a183af1f5
[DBG] |   |   |   |   + ChapterTimeStart=182415566
[DBG] |   |   |   |   + ChapterFlagHidden=no
[DBG] |   |   |   |   + ChapterTimeEnd=299866233
[DBG] |   |   |   |   + ChapterDisplay
[DBG] |   |   |   |   |   + ChapterString=Chapter 03
[DBG] |   |   |   |   |   + ChapterLanguage=eng
[DBG] |   |   |   + ChapterAtom (level=0)
[DBG] |   |   |   |   + ChapterUID=414c680ecc86cc1
[DBG] |   |   |   |   + ChapterTimeStart=299866233
[DBG] |   |   |   |   + ChapterFlagHidden=no
[DBG] |   |   |   |   + ChapterTimeEnd=405338266
[DBG] |   |   |   |   + ChapterDisplay
[DBG] |   |   |   |   |   + ChapterString=Chapter 04
[DBG] |   |   |   |   |   + ChapterLanguage=eng
[DBG] |   |   |   + ChapterAtom (level=0)
[DBG] |   |   |   |   + ChapterUID=5423a1bd6d7a49fb
[DBG] |   |   |   |   + ChapterTimeStart=405338266
[DBG] |   |   |   |   + ChapterFlagHidden=no
[DBG] |   |   |   |   + ChapterTimeEnd=522421900
[DBG] |   |   |   |   + ChapterDisplay
[DBG] |   |   |   |   |   + ChapterString=Chapter 05
[DBG] |   |   |   |   |   + ChapterLanguage=eng
[DBG] |   |   |   + ChapterAtom (level=0)
[DBG] |   |   |   |   + ChapterUID=203acd4cdb792616
[DBG] |   |   |   |   + ChapterTimeStart=522421900
[DBG] |   |   |   |   + ChapterFlagHidden=no
[DBG] |   |   |   |   + ChapterTimeEnd=626225600
[DBG] |   |   |   |   + ChapterDisplay
[DBG] |   |   |   |   |   + ChapterString=Chapter 06
[DBG] |   |   |   |   |   + ChapterLanguage=eng
[DBG] |   |   |   + ChapterAtom (level=0)
[DBG] |   |   |   |   + ChapterUID=fa1c21426f721a91
[DBG] |   |   |   |   + ChapterTimeStart=626225600
[DBG] |   |   |   |   + ChapterFlagHidden=no
[DBG] |   |   |   |   + ChapterTimeEnd=870269400
[DBG] |   |   |   |   + ChapterDisplay
[DBG] |   |   |   |   |   + ChapterString=Chapter 07
[DBG] |   |   |   |   |   + ChapterLanguage=eng
[DBG] |   |   |   + ChapterAtom (level=0)
[DBG] |   |   |   |   + ChapterUID=201d23d1ef285585
[DBG] |   |   |   |   + ChapterTimeStart=870269400
[DBG] |   |   |   |   + ChapterFlagHidden=no
[DBG] |   |   |   |   + ChapterTimeEnd=1128277150
[DBG] |   |   |   |   + ChapterDisplay
[DBG] |   |   |   |   |   + ChapterString=Chapter 08
[DBG] |   |   |   |   |   + ChapterLanguage=eng
[DBG] |   |   |   + ChapterAtom (level=0)
[DBG] |   |   |   |   + ChapterUID=4a040f9babd62b1
[DBG] |   |   |   |   + ChapterTimeStart=1128277150
[DBG] |   |   |   |   + ChapterFlagHidden=no
[DBG] |   |   |   |   + ChapterTimeEnd=1248513933
[DBG] |   |   |   |   + ChapterDisplay
[DBG] |   |   |   |   |   + ChapterString=Chapter 09
[DBG] |   |   |   |   |   + ChapterLanguage=eng
[DBG] |   |   |   + ChapterAtom (level=0)
[DBG] |   |   |   |   + ChapterUID=42e53f2653a02a58
[DBG] |   |   |   |   + ChapterTimeStart=1248513933
[DBG] |   |   |   |   + ChapterFlagHidden=no
[DBG] |   |   |   |   + ChapterTimeEnd=1362794766
[DBG] |   |   |   |   + ChapterDisplay
[DBG] |   |   |   |   |   + ChapterString=Chapter 10
[DBG] |   |   |   |   |   + ChapterLanguage=eng
[DBG] |   |   |   + ChapterAtom (level=0)
[DBG] |   |   |   |   + ChapterUID=913bc32acb3aed44
[DBG] |   |   |   |   + ChapterTimeStart=1362794766
[DBG] |   |   |   |   + ChapterFlagHidden=no
[DBG] |   |   |   |   + ChapterTimeEnd=1484883400
[DBG] |   |   |   |   + ChapterDisplay
[DBG] |   |   |   |   |   + ChapterString=Chapter 11
[DBG] |   |   |   |   |   + ChapterLanguage=eng
[DBG] |   |   |   + ChapterAtom (level=0)
[DBG] |   |   |   |   + ChapterUID=8dad49907f16869
[DBG] |   |   |   |   + ChapterTimeStart=1484883400
[DBG] |   |   |   |   + ChapterFlagHidden=no
[DBG] |   |   |   |   + ChapterTimeEnd=1534966766
[DBG] |   |   |   |   + ChapterDisplay
[DBG] |   |   |   |   |   + ChapterString=Chapter 12
[DBG] |   |   |   |   |   + ChapterLanguage=eng
[DBG] |   |   |   + ChapterAtom (level=0)
[DBG] |   |   |   |   + ChapterUID=98b8b43b8bf0c49
[DBG] |   |   |   |   + ChapterTimeStart=1534966766
[DBG] |   |   |   |   + ChapterFlagHidden=no
[DBG] |   |   |   |   + ChapterTimeEnd=1568133233
[DBG] |   |   |   |   + ChapterDisplay
[DBG] |   |   |   |   |   + ChapterString=Chapter 13
[DBG] |   |   |   |   |   + ChapterLanguage=eng
[DBG] |   |   |   + ChapterAtom (level=0)
[DBG] |   |   |   |   + ChapterUID=47c788d6a840394c
[DBG] |   |   |   |   + ChapterTimeStart=1568133233
[DBG] |   |   |   |   + ChapterFlagHidden=no
[DBG] |   |   |   |   + ChapterTimeEnd=1606671733
[DBG] |   |   |   |   + ChapterDisplay
[DBG] |   |   |   |   |   + ChapterString=Chapter 14
[DBG] |   |   |   |   |   + ChapterLanguage=eng
[DBG] |   |   |   + ChapterAtom (level=0)
[DBG] |   |   |   |   + ChapterUID=c10e835796f1f376
[DBG] |   |   |   |   + ChapterTimeStart=1606671733
[DBG] |   |   |   |   + ChapterFlagHidden=no
[DBG] |   |   |   |   + ChapterTimeEnd=1780712266
[DBG] |   |   |   |   + ChapterDisplay
[DBG] |   |   |   |   |   + ChapterString=Chapter 15
[DBG] |   |   |   |   |   + ChapterLanguage=eng
[DBG] |   |   |   + ChapterAtom (level=0)
[DBG] |   |   |   |   + ChapterUID=8e87a2aa273fcdf9
[DBG] |   |   |   |   + ChapterTimeStart=1780712266
[DBG] |   |   |   |   + ChapterFlagHidden=no
[DBG] |   |   |   |   + ChapterTimeEnd=1840772266
[DBG] |   |   |   |   + ChapterDisplay
[DBG] |   |   |   |   |   + ChapterString=Chapter 16
[DBG] |   |   |   |   |   + ChapterLanguage=eng
[DBG] |   |   |   + ChapterAtom (level=0)
[DBG] |   |   |   |   + ChapterUID=1ccfa24a556deb64
[DBG] |   |   |   |   + ChapterTimeStart=1840772266
[DBG] |   |   |   |   + ChapterFlagHidden=no
[DBG] |   |   |   |   + ChapterTimeEnd=2003568233
[DBG] |   |   |   |   + ChapterDisplay
[DBG] |   |   |   |   |   + ChapterString=Chapter 17
[DBG] |   |   |   |   |   + ChapterLanguage=eng
[DBG] |   |   |   + ChapterAtom (level=0)
[DBG] |   |   |   |   + ChapterUID=ce8830637d402f1
[DBG] |   |   |   |   + ChapterTimeStart=2003568233
[DBG] |   |   |   |   + ChapterFlagHidden=no
[DBG] |   |   |   |   + ChapterTimeEnd=2112176733
[DBG] |   |   |   |   + ChapterDisplay
[DBG] |   |   |   |   |   + ChapterString=Chapter 18
[DBG] |   |   |   |   |   + ChapterLanguage=eng
[DBG] |   |   |   + ChapterAtom (level=0)
[DBG] |   |   |   |   + ChapterUID=744fd155a4fae1d2
[DBG] |   |   |   |   + ChapterTimeStart=2112176733
[DBG] |   |   |   |   + ChapterFlagHidden=no
[DBG] |   |   |   |   + ChapterTimeEnd=2249146900
[DBG] |   |   |   |   + ChapterDisplay
[DBG] |   |   |   |   |   + ChapterString=Chapter 19
[DBG] |   |   |   |   |   + ChapterLanguage=eng
[DBG] |   |   |   + ChapterAtom (level=0)
[DBG] |   |   |   |   + ChapterUID=f182acb1bdf363dd
[DBG] |   |   |   |   + ChapterTimeStart=2249146900
[DBG] |   |   |   |   + ChapterFlagHidden=no
[DBG] |   |   |   |   + ChapterTimeEnd=2444041600
[DBG] |   |   |   |   + ChapterDisplay
[DBG] |   |   |   |   |   + ChapterString=Chapter 20
[DBG] |   |   |   |   |   + ChapterLanguage=eng
[DBG] |   |   |   + ChapterAtom (level=0)
[DBG] |   |   |   |   + ChapterUID=ddf52457cffcc22
[DBG] |   |   |   |   + ChapterTimeStart=2444041600
[DBG] |   |   |   |   + ChapterFlagHidden=no
[DBG] |   |   |   |   + ChapterTimeEnd=2654885566
[DBG] |   |   |   |   + ChapterDisplay
[DBG] |   |   |   |   |   + ChapterString=Chapter 21
[DBG] |   |   |   |   |   + ChapterLanguage=eng
[DBG] |   |   |   + ChapterAtom (level=0)
[DBG] |   |   |   |   + ChapterUID=498f47ea8a580f30
[DBG] |   |   |   |   + ChapterTimeStart=2654885566
[DBG] |   |   |   |   + ChapterFlagHidden=no
[DBG] |   |   |   |   + ChapterTimeEnd=2810457650
[DBG] |   |   |   |   + ChapterDisplay
[DBG] |   |   |   |   |   + ChapterString=Chapter 22
[DBG] |   |   |   |   |   + ChapterLanguage=eng
[DBG] |   |   |   + ChapterAtom (level=0)
[DBG] |   |   |   |   + ChapterUID=6512cf4716008bfd
[DBG] |   |   |   |   + ChapterTimeStart=2810457650
[DBG] |   |   |   |   + ChapterFlagHidden=no
[DBG] |   |   |   |   + ChapterTimeEnd=2968699066
[DBG] |   |   |   |   + ChapterDisplay
[DBG] |   |   |   |   |   + ChapterString=Chapter 23
[DBG] |   |   |   |   |   + ChapterLanguage=eng
[DBG] |   |   |   + ChapterAtom (level=0)
[DBG] |   |   |   |   + ChapterUID=11df3abbca3b425c
[DBG] |   |   |   |   + ChapterTimeStart=2968699066
[DBG] |   |   |   |   + ChapterFlagHidden=no
[DBG] |   |   |   |   + ChapterTimeEnd=3041438400
[DBG] |   |   |   |   + ChapterDisplay
[DBG] |   |   |   |   |   + ChapterString=Chapter 24
[DBG] |   |   |   |   |   + ChapterLanguage=eng
[DBG] |   |   |   + ChapterAtom (level=0)
[DBG] |   |   |   |   + ChapterUID=3a512eed3506eae3
[DBG] |   |   |   |   + ChapterTimeStart=3041438400
[DBG] |   |   |   |   + ChapterFlagHidden=no
[DBG] |   |   |   |   + ChapterTimeEnd=3189085900
[DBG] |   |   |   |   + ChapterDisplay
[DBG] |   |   |   |   |   + ChapterString=Chapter 25
[DBG] |   |   |   |   |   + ChapterLanguage=eng
[DBG] |   |   |   + ChapterAtom (level=0)
[DBG] |   |   |   |   + ChapterUID=ac2fa95b004b26e5
[DBG] |   |   |   |   + ChapterTimeStart=3189085900
[DBG] |   |   |   |   + ChapterFlagHidden=no
[DBG] |   |   |   |   + ChapterTimeEnd=3392155433
[DBG] |   |   |   |   + ChapterDisplay
[DBG] |   |   |   |   |   + ChapterString=Chapter 26
[DBG] |   |   |   |   |   + ChapterLanguage=eng
[DBG] |   |   |   + ChapterAtom (level=0)
[DBG] |   |   |   |   + ChapterUID=125622fc33b66bfa
[DBG] |   |   |   |   + ChapterTimeStart=3392155433
[DBG] |   |   |   |   + ChapterFlagHidden=no
[DBG] |   |   |   |   + ChapterTimeEnd=3410840766
[DBG] |   |   |   |   + ChapterDisplay
[DBG] |   |   |   |   |   + ChapterString=Chapter 27
[DBG] |   |   |   |   |   + ChapterLanguage=eng
[DBG] |   |   |   + ChapterAtom (level=0)
[DBG] |   |   |   |   + ChapterUID=98745fd467e52289
[DBG] |   |   |   |   + ChapterTimeStart=3410840766
[DBG] |   |   |   |   + ChapterFlagHidden=no
[DBG] |   |   |   |   + ChapterTimeEnd=3533096233
[DBG] |   |   |   |   + ChapterDisplay
[DBG] |   |   |   |   |   + ChapterString=Chapter 28
[DBG] |   |   |   |   |   + ChapterLanguage=eng
[DBG] |   |   |   + ChapterAtom (level=0)
[DBG] |   |   |   |   + ChapterUID=d114153d0c161426
[DBG] |   |   |   |   + ChapterTimeStart=3533096233
[DBG] |   |   |   |   + ChapterFlagHidden=no
[DBG] |   |   |   |   + ChapterTimeEnd=3637300333
[DBG] |   |   |   |   + ChapterDisplay
[DBG] |   |   |   |   |   + ChapterString=Chapter 29
[DBG] |   |   |   |   |   + ChapterLanguage=eng
[DBG] |   |   |   + ChapterAtom (level=0)
[DBG] |   |   |   |   + ChapterUID=d0403b4f267c673
[DBG] |   |   |   |   + ChapterTimeStart=3637300333
[DBG] |   |   |   |   + ChapterFlagHidden=no
[DBG] |   |   |   |   + ChapterTimeEnd=3775738633
[DBG] |   |   |   |   + ChapterDisplay
[DBG] |   |   |   |   |   + ChapterString=Chapter 30
[DBG] |   |   |   |   |   + ChapterLanguage=eng
[DBG] |   |   |   + ChapterAtom (level=0)
[DBG] |   |   |   |   + ChapterUID=48351559d0fd1149
[DBG] |   |   |   |   + ChapterTimeStart=3775738633
[DBG] |   |   |   |   + ChapterFlagHidden=no
[DBG] |   |   |   |   + ChapterTimeEnd=3852515333
[DBG] |   |   |   |   + ChapterDisplay
[DBG] |   |   |   |   |   + ChapterString=Chapter 31
[DBG] |   |   |   |   |   + ChapterLanguage=eng
[DBG] |   |   |   + ChapterAtom (level=0)
[DBG] |   |   |   |   + ChapterUID=4469bce09764ccd1
[DBG] |   |   |   |   + ChapterTimeStart=3852515333
[DBG] |   |   |   |   + ChapterFlagHidden=no
[DBG] |   |   |   |   + ChapterTimeEnd=3922885633
[DBG] |   |   |   |   + ChapterDisplay
[DBG] |   |   |   |   |   + ChapterString=Chapter 32
[DBG] |   |   |   |   |   + ChapterLanguage=eng
[DBG] |   |   |   + ChapterAtom (level=0)
[DBG] |   |   |   |   + ChapterUID=7f97d02cd5145b6b
[DBG] |   |   |   |   + ChapterTimeStart=3922885633
[DBG] |   |   |   |   + ChapterFlagHidden=no
[DBG] |   |   |   |   + ChapterTimeEnd=4067863800
[DBG] |   |   |   |   + ChapterDisplay
[DBG] |   |   |   |   |   + ChapterString=Chapter 33
[DBG] |   |   |   |   |   + ChapterLanguage=eng
[DBG] |   |   |   + ChapterAtom (level=0)
[DBG] |   |   |   |   + ChapterUID=332000f75a0f8a2d
[DBG] |   |   |   |   + ChapterTimeStart=4067863800
[DBG] |   |   |   |   + ChapterFlagHidden=no
[DBG] |   |   |   |   + ChapterTimeEnd=4265060800
[DBG] |   |   |   |   + ChapterDisplay
[DBG] |   |   |   |   |   + ChapterString=Chapter 34
[DBG] |   |   |   |   |   + ChapterLanguage=eng
[DBG] |   |   |   + ChapterAtom (level=0)
[DBG] |   |   |   |   + ChapterUID=e23dc42c1457cbb2
[DBG] |   |   |   |   + ChapterTimeStart=4265060800
[DBG] |   |   |   |   + ChapterFlagHidden=no
[DBG] |   |   |   |   + ChapterTimeEnd=4423719300
[DBG] |   |   |   |   + ChapterDisplay
[DBG] |   |   |   |   |   + ChapterString=Chapter 35
[DBG] |   |   |   |   |   + ChapterLanguage=eng
[DBG] |   |   |   + ChapterAtom (level=0)
[DBG] |   |   |   |   + ChapterUID=3905050c44b5689a
[DBG] |   |   |   |   + ChapterTimeStart=4423719300
[DBG] |   |   |   |   + ChapterFlagHidden=no
[DBG] |   |   |   |   + ChapterTimeEnd=4533362166
[DBG] |   |   |   |   + ChapterDisplay
[DBG] |   |   |   |   |   + ChapterString=Chapter 36
[DBG] |   |   |   |   |   + ChapterLanguage=eng
[DBG] |   |   |   + ChapterAtom (level=0)
[DBG] |   |   |   |   + ChapterUID=55ca3dedddd19aa
[DBG] |   |   |   |   + ChapterTimeStart=4533362166
[DBG] |   |   |   |   + ChapterFlagHidden=no
[DBG] |   |   |   |   + ChapterTimeEnd=4740535800
[DBG] |   |   |   |   + ChapterDisplay
[DBG] |   |   |   |   |   + ChapterString=Chapter 37
[DBG] |   |   |   |   |   + ChapterLanguage=eng
[DBG] |   |   |   + ChapterAtom (level=0)
[DBG] |   |   |   |   + ChapterUID=9f3c3aa57eeae8a5
[DBG] |   |   |   |   + ChapterTimeStart=4740535800
[DBG] |   |   |   |   + ChapterFlagHidden=no
[DBG] |   |   |   |   + ChapterTimeEnd=4903698800
[DBG] |   |   |   |   + ChapterDisplay
[DBG] |   |   |   |   |   + ChapterString=Chapter 38
[DBG] |   |   |   |   |   + ChapterLanguage=eng
[DBG] |   |   |   + ChapterAtom (level=0)
[DBG] |   |   |   |   + ChapterUID=a16682a7f3c5a150
[DBG] |   |   |   |   + ChapterTimeStart=4903698800
[DBG] |   |   |   |   + ChapterFlagHidden=no
[DBG] |   |   |   |   + ChapterTimeEnd=5095056633
[DBG] |   |   |   |   + ChapterDisplay
[DBG] |   |   |   |   |   + ChapterString=Chapter 39
[DBG] |   |   |   |   |   + ChapterLanguage=eng
[DBG] |   |   |   + ChapterAtom (level=0)
[DBG] |   |   |   |   + ChapterUID=e057f40f0031d0c4
[DBG] |   |   |   |   + ChapterTimeStart=5095056633
[DBG] |   |   |   |   + ChapterFlagHidden=no
[DBG] |   |   |   |   + ChapterTimeEnd=5225687133
[DBG] |   |   |   |   + ChapterDisplay
[DBG] |   |   |   |   |   + ChapterString=Chapter 40
[DBG] |   |   |   |   |   + ChapterLanguage=eng
[DBG] |   |   |   + ChapterAtom (level=0)
[DBG] |   |   |   |   + ChapterUID=62fc003cc1fc8a2f
[DBG] |   |   |   |   + ChapterTimeStart=5225687133
[DBG] |   |   |   |   + ChapterFlagHidden=no
[DBG] |   |   |   |   + ChapterTimeEnd=5278106166
[DBG] |   |   |   |   + ChapterDisplay
[DBG] |   |   |   |   |   + ChapterString=Chapter 41
[DBG] |   |   |   |   |   + ChapterLanguage=eng
[DBG] |   |   |   + ChapterAtom (level=0)
[DBG] |   |   |   |   + ChapterUID=980a6bee38debdde
[DBG] |   |   |   |   + ChapterTimeStart=5278106166
[DBG] |   |   |   |   + ChapterFlagHidden=no
[DBG] |   |   |   |   + ChapterTimeEnd=5447742300
[DBG] |   |   |   |   + ChapterDisplay
[DBG] |   |   |   |   |   + ChapterString=Chapter 42
[DBG] |   |   |   |   |   + ChapterLanguage=eng
[DBG] |   |   |   + ChapterAtom (level=0)
[DBG] |   |   |   |   + ChapterUID=ace2a67a9d8ed00e
[DBG] |   |   |   |   + ChapterTimeStart=5447742300
[DBG] |   |   |   |   + ChapterFlagHidden=no
[DBG] |   |   |   |   + ChapterTimeEnd=5512807300
[DBG] |   |   |   |   + ChapterDisplay
[DBG] |   |   |   |   |   + ChapterString=Chapter 43
[DBG] |   |   |   |   |   + ChapterLanguage=eng
[DBG] |   |   |   + ChapterAtom (level=0)
[DBG] |   |   |   |   + ChapterUID=869c0b53ecc75652
[DBG] |   |   |   |   + ChapterTimeStart=5512807300
[DBG] |   |   |   |   + ChapterFlagHidden=no
[DBG] |   |   |   |   + ChapterTimeEnd=5586881300
[DBG] |   |   |   |   + ChapterDisplay
[DBG] |   |   |   |   |   + ChapterString=Chapter 44
[DBG] |   |   |   |   |   + ChapterLanguage=eng
[DBG] |   |   |   + ChapterAtom (level=0)
[DBG] |   |   |   |   + ChapterUID=ddcfee27fba12e12
[DBG] |   |   |   |   + ChapterTimeStart=5586881300
[DBG] |   |   |   |   + ChapterFlagHidden=no
[DBG] |   |   |   |   + ChapterTimeEnd=5747208133
[DBG] |   |   |   |   + ChapterDisplay
[DBG] |   |   |   |   |   + ChapterString=Chapter 45
[DBG] |   |   |   |   |   + ChapterLanguage=eng
[DBG] |   |   |   + ChapterAtom (level=0)
[DBG] |   |   |   |   + ChapterUID=8f21956c0ba86ed5
[DBG] |   |   |   |   + ChapterTimeStart=5747208133
[DBG] |   |   |   |   + ChapterFlagHidden=no
[DBG] |   |   |   |   + ChapterTimeEnd=5820948466
[DBG] |   |   |   |   + ChapterDisplay
[DBG] |   |   |   |   |   + ChapterString=Chapter 46
[DBG] |   |   |   |   |   + ChapterLanguage=eng
[DBG] |   |   |   + ChapterAtom (level=0)
[DBG] |   |   |   |   + ChapterUID=881b95e13738a912
[DBG] |   |   |   |   + ChapterTimeStart=5820948466
[DBG] |   |   |   |   + ChapterFlagHidden=no
[DBG] |   |   |   |   + ChapterTimeEnd=5977304666
[DBG] |   |   |   |   + ChapterDisplay
[DBG] |   |   |   |   |   + ChapterString=Chapter 47
[DBG] |   |   |   |   |   + ChapterLanguage=eng
[DBG] |   |   |   + ChapterAtom (level=0)
[DBG] |   |   |   |   + ChapterUID=2cf22421eedcfd8e
[DBG] |   |   |   |   + ChapterTimeStart=5977304666
[DBG] |   |   |   |   + ChapterFlagHidden=no
[DBG] |   |   |   |   + ChapterTimeEnd=6052679966
[DBG] |   |   |   |   + ChapterDisplay
[DBG] |   |   |   |   |   + ChapterString=Chapter 48
[DBG] |   |   |   |   |   + ChapterLanguage=eng
[DBG] |   |   |   + ChapterAtom (level=0)
[DBG] |   |   |   |   + ChapterUID=334c2c825a92ca2c
[DBG] |   |   |   |   + ChapterTimeStart=6052679966
[DBG] |   |   |   |   + ChapterFlagHidden=no
[DBG] |   |   |   |   + ChapterTimeEnd=6218011800
[DBG] |   |   |   |   + ChapterDisplay
[DBG] |   |   |   |   |   + ChapterString=Chapter 49
[DBG] |   |   |   |   |   + ChapterLanguage=eng
[DBG] |   |   |   + ChapterAtom (level=0)
[DBG] |   |   |   |   + ChapterUID=1de862aeb2479527
[DBG] |   |   |   |   + ChapterTimeStart=6218011800
[DBG] |   |   |   |   + ChapterFlagHidden=no
[DBG] |   |   |   |   + ChapterTimeEnd=6483310166
[DBG] |   |   |   |   + ChapterDisplay
[DBG] |   |   |   |   |   + ChapterString=Chapter 50
[DBG] |   |   |   |   |   + ChapterLanguage=eng
[DBG] |   |   |   + ChapterAtom (level=0)
[DBG] |   |   |   |   + ChapterUID=7cca26ed2dd8a031
[DBG] |   |   |   |   + ChapterTimeStart=6483310166
[DBG] |   |   |   |   + ChapterFlagHidden=no
[DBG] |   |   |   |   + ChapterTimeEnd=6584210966
[DBG] |   |   |   |   + ChapterDisplay
[DBG] |   |   |   |   |   + ChapterString=Chapter 51
[DBG] |   |   |   |   |   + ChapterLanguage=eng
[DBG] |   |   |   + ChapterAtom (level=0)
[DBG] |   |   |   |   + ChapterUID=20eecfcaf46f7536
[DBG] |   |   |   |   + ChapterTimeStart=6584210966
[DBG] |   |   |   |   + ChapterFlagHidden=no
[DBG] |   |   |   |   + ChapterTimeEnd=6772065300
[DBG] |   |   |   |   + ChapterDisplay
[DBG] |   |   |   |   |   + ChapterString=Chapter 52
[DBG] |   |   |   |   |   + ChapterLanguage=eng
[DBG] |   |   |   + ChapterAtom (level=0)
[DBG] |   |   |   |   + ChapterUID=fcb3ab859c53669
[DBG] |   |   |   |   + ChapterTimeStart=6772065300
[DBG] |   |   |   |   + ChapterFlagHidden=no
[DBG] |   |   |   |   + ChapterTimeEnd=6885011466
[DBG] |   |   |   |   + ChapterDisplay
[DBG] |   |   |   |   |   + ChapterString=Chapter 53
[DBG] |   |   |   |   |   + ChapterLanguage=eng
[DBG] |   |   |   + ChapterAtom (level=0)
[DBG] |   |   |   |   + ChapterUID=6dbfaa8e8f0b1de0
[DBG] |   |   |   |   + ChapterTimeStart=6885011466
[DBG] |   |   |   |   + ChapterFlagHidden=no
[DBG] |   |   |   |   + ChapterTimeEnd=7265591666
[DBG] |   |   |   |   + ChapterDisplay
[DBG] |   |   |   |   |   + ChapterString=Chapter 54
[DBG] |   |   |   |   |   + ChapterLanguage=eng
[DBG] |   - tags at 5346212037
[DBG] resolving 192.168.1.250 ...
[DBG] outgoing request:
GET /stream/3 HTTP/1.1
Host: 192.168.1.250:8093
Accept: */*
Accept-Language: en_US
User-Agent: VLC/4.0.0-dev LibVLC/4.0.0-dev
If-Unmodified-Since: Fri, 17 Jul 2026 19:34:32 GMT
Range: bytes=5346212037-


[DBG] incoming response:
HTTP/1.1 206 Partial Content
Accept-Ranges: bytes
Content-Length: 1649
Content-Range: bytes 5346212037-5346213685/5346213686
Content-Type: video/x-matroska
Last-Modified: Fri, 17 Jul 2026 19:34:32 GMT
Date: Mon, 14 Sep 2026 01:57:24 GMT


[DBG] connection failed
[DBG] end of stream
[DBG] |   + Tags
[DBG] + Tag
[DBG] |   + Targets
[DBG] |   |   + TrackUID: 1
[DBG] |   |   + TargetType: MOVIE
[DBG] |   + Simple Tag 
[DBG] |   |   + Meta BPS: 5240727
[DBG] |   + Simple Tag 
[DBG] |   |   + Meta DURATION: 02:01:05.591666666
[DBG] |   + Simple Tag 
[DBG] |   |   + Meta NUMBER_OF_FRAMES: 180045
[DBG] |   + Simple Tag 
[DBG] |   |   + Meta NUMBER_OF_BYTES: 4759622976
[DBG] |   + Simple Tag 
[DBG] |   |   + Meta SOURCE_ID: 0100E0
[DBG] |   + Simple Tag 
[DBG] |   |   + Meta _STATISTICS_WRITING_APP: MakeMKV v1.18.4 darwin(arm64-release)
[DBG] |   + Simple Tag 
[DBG] |   |   + Meta _STATISTICS_WRITING_DATE_UTC: 2026-07-17 19:22:55
[DBG] |   + Simple Tag 
[DBG] |   |   + Meta _STATISTICS_TAGS: BPS DURATION NUMBER_OF_FRAMES NUMBER_OF_BYTES SOURCE_ID
[DBG] + Tag
[DBG] |   + Targets
[DBG] |   |   + TrackUID: 2
[DBG] |   |   + TargetType: MOVIE
[DBG] |   + Simple Tag 
[DBG] |   |   + Meta BPS: 447988
[DBG] |   + Simple Tag 
[DBG] |   |   + Meta DURATION: 02:01:05.569388888
[DBG] |   + Simple Tag 
[DBG] |   |   + Meta NUMBER_OF_FRAMES: 227043
[DBG] |   + Simple Tag 
[DBG] |   |   + Meta NUMBER_OF_BYTES: 406861056
[DBG] |   + Simple Tag 
[DBG] |   |   + Meta SOURCE_ID: 0180BD
[DBG] |   + Simple Tag 
[DBG] |   |   + Meta _STATISTICS_WRITING_APP: MakeMKV v1.18.4 darwin(arm64-release)
[DBG] |   + Simple Tag 
[DBG] |   |   + Meta _STATISTICS_WRITING_DATE_UTC: 2026-07-17 19:22:55
[DBG] |   + Simple Tag 
[DBG] |   |   + Meta _STATISTICS_TAGS: BPS DURATION NUMBER_OF_FRAMES NUMBER_OF_BYTES SOURCE_ID
[DBG] + Tag
[DBG] |   + Targets
[DBG] |   |   + TrackUID: 3
[DBG] |   |   + TargetType: MOVIE
[DBG] |   + Simple Tag 
[DBG] |   |   + Meta BPS: 191994
[DBG] |   + Simple Tag 
[DBG] |   |   + Meta DURATION: 02:01:05.569400000
[DBG] |   + Simple Tag 
[DBG] |   |   + Meta NUMBER_OF_FRAMES: 227043
[DBG] |   + Simple Tag 
[DBG] |   |   + Meta NUMBER_OF_BYTES: 174369024
[DBG] |   + Simple Tag 
[DBG] |   |   + Meta SOURCE_ID: 0181BD
[DBG] |   + Simple Tag 
[DBG] |   |   + Meta _STATISTICS_WRITING_APP: MakeMKV v1.18.4 darwin(arm64-release)
[DBG] |   + Simple Tag 
[DBG] |   |   + Meta _STATISTICS_WRITING_DATE_UTC: 2026-07-17 19:22:55
[DBG] |   + Simple Tag 
[DBG] |   |   + Meta _STATISTICS_TAGS: BPS DURATION NUMBER_OF_FRAMES NUMBER_OF_BYTES SOURCE_ID
[DBG] + Tag
[DBG] |   + Targets
[DBG] |   |   + TrackUID: 4
[DBG] |   |   + TargetType: MOVIE
[DBG] |   + Simple Tag 
[DBG] |   |   + Meta BPS: 54
[DBG] |   + Simple Tag 
[DBG] |   |   + Meta DURATION: 01:53:45.600300000
[DBG] |   + Simple Tag 
[DBG] |   |   + Meta NUMBER_OF_FRAMES: 914
[DBG] |   + Simple Tag 
[DBG] |   |   + Meta NUMBER_OF_BYTES: 46727
[DBG] |   + Simple Tag 
[DBG] |   |   + Meta SOURCE_ID: 0100E0
[DBG] |   + Simple Tag 
[DBG] |   |   + Meta _STATISTICS_WRITING_APP: MakeMKV v1.18.4 darwin(arm64-release)
[DBG] |   + Simple Tag 
[DBG] |   |   + Meta _STATISTICS_WRITING_DATE_UTC: 2026-07-17 19:22:55
[DBG] |   + Simple Tag 
[DBG] |   |   + Meta _STATISTICS_TAGS: BPS DURATION NUMBER_OF_FRAMES NUMBER_OF_BYTES SOURCE_ID
[DBG] loading tags done.
[DBG] resolving 192.168.1.250 ...
[DBG] outgoing request:
GET /stream/3 HTTP/1.1
Host: 192.168.1.250:8093
Accept: */*
Accept-Language: en_US
User-Agent: VLC/4.0.0-dev LibVLC/4.0.0-dev
If-Unmodified-Since: Fri, 17 Jul 2026 19:34:32 GMT
Range: bytes=183-


[DBG] incoming response:
HTTP/1.1 206 Partial Content
Accept-Ranges: bytes
Content-Length: 5346213503
Content-Range: bytes 183-5346213685/5346213686
Content-Type: video/x-matroska
Last-Modified: Fri, 17 Jul 2026 19:34:32 GMT
Date: Mon, 14 Sep 2026 01:57:24 GMT


[DBG] |   + Void
[DBG] |   + Information
[DBG] |   + Tracks
[DBG] |   + Chapters
[DBG] |   + Void
[DBG] |   + Cluster
[DBG] Virtual chapter  Chapter 01 from 0 to 165398566 - 
[DBG] Virtual chapter  Chapter 02 from 165398566 to 182415566 - 
[DBG] Virtual chapter  Chapter 03 from 182415566 to 299866233 - 
[DBG] Virtual chapter  Chapter 04 from 299866233 to 405338266 - 
[DBG] Virtual chapter  Chapter 05 from 405338266 to 522421900 - 
[DBG] Virtual chapter  Chapter 06 from 522421900 to 626225600 - 
[DBG] Virtual chapter  Chapter 07 from 626225600 to 870269400 - 
[DBG] Virtual chapter  Chapter 08 from 870269400 to 1128277150 - 
[DBG] Virtual chapter  Chapter 09 from 1128277150 to 1248513933 - 
[DBG] Virtual chapter  Chapter 10 from 1248513933 to 1362794766 - 
[DBG] Virtual chapter  Chapter 11 from 1362794766 to 1484883400 - 
[DBG] Virtual chapter  Chapter 12 from 1484883400 to 1534966766 - 
[DBG] Virtual chapter  Chapter 13 from 1534966766 to 1568133233 - 
[DBG] Virtual chapter  Chapter 14 from 1568133233 to 1606671733 - 
[DBG] Virtual chapter  Chapter 15 from 1606671733 to 1780712266 - 
[DBG] Virtual chapter  Chapter 16 from 1780712266 to 1840772266 - 
[DBG] Virtual chapter  Chapter 17 from 1840772266 to 2003568233 - 
[DBG] Virtual chapter  Chapter 18 from 2003568233 to 2112176733 - 
[DBG] Virtual chapter  Chapter 19 from 2112176733 to 2249146900 - 
[DBG] Virtual chapter  Chapter 20 from 2249146900 to 2444041600 - 
[DBG] Virtual chapter  Chapter 21 from 2444041600 to 2654885566 - 
[DBG] Virtual chapter  Chapter 22 from 2654885566 to 2810457650 - 
[DBG] Virtual chapter  Chapter 23 from 2810457650 to 2968699066 - 
[DBG] Virtual chapter  Chapter 24 from 2968699066 to 3041438400 - 
[DBG] Virtual chapter  Chapter 25 from 3041438400 to 3189085900 - 
[DBG] Virtual chapter  Chapter 26 from 3189085900 to 3392155433 - 
[DBG] Virtual chapter  Chapter 27 from 3392155433 to 3410840766 - 
[DBG] Virtual chapter  Chapter 28 from 3410840766 to 3533096233 - 
[DBG] Virtual chapter  Chapter 29 from 3533096233 to 3637300333 - 
[DBG] Virtual chapter  Chapter 30 from 3637300333 to 3775738633 - 
[DBG] Virtual chapter  Chapter 31 from 3775738633 to 3852515333 - 
[DBG] Virtual chapter  Chapter 32 from 3852515333 to 3922885633 - 
[DBG] Virtual chapter  Chapter 33 from 3922885633 to 4067863800 - 
[DBG] Virtual chapter  Chapter 34 from 4067863800 to 4265060800 - 
[DBG] Virtual chapter  Chapter 35 from 4265060800 to 4423719300 - 
[DBG] Virtual chapter  Chapter 36 from 4423719300 to 4533362166 - 
[DBG] Virtual chapter  Chapter 37 from 4533362166 to 4740535800 - 
[DBG] Virtual chapter  Chapter 38 from 4740535800 to 4903698800 - 
[DBG] Virtual chapter  Chapter 39 from 4903698800 to 5095056633 - 
[DBG] Virtual chapter  Chapter 40 from 5095056633 to 5225687133 - 
[DBG] Virtual chapter  Chapter 41 from 5225687133 to 5278106166 - 
[DBG] Virtual chapter  Chapter 42 from 5278106166 to 5447742300 - 
[DBG] Virtual chapter  Chapter 43 from 5447742300 to 5512807300 - 
[DBG] Virtual chapter  Chapter 44 from 5512807300 to 5586881300 - 
[DBG] Virtual chapter  Chapter 45 from 5586881300 to 5747208133 - 
[DBG] Virtual chapter  Chapter 46 from 5747208133 to 5820948466 - 
[DBG] Virtual chapter  Chapter 47 from 5820948466 to 5977304666 - 
[DBG] Virtual chapter  Chapter 48 from 5977304666 to 6052679966 - 
[DBG] Virtual chapter  Chapter 49 from 6052679966 to 6218011800 - 
[DBG] Virtual chapter  Chapter 50 from 6218011800 to 6483310166 - 
[DBG] Virtual chapter  Chapter 51 from 6483310166 to 6584210966 - 
[DBG] Virtual chapter  Chapter 52 from 6584210966 to 6772065300 - 
[DBG] Virtual chapter  Chapter 53 from 6772065300 to 6885011466 - 
[DBG] Virtual chapter  Chapter 54 from 6885011466 to 7265591666 - 
[DBG] Virtual chapter  from 0 to -1 - 
[DBG] NEW START CHAPTER uid=827148862302088036
[DBG] found 4 es
[DBG] selecting program id=0
[DBG] ES track added: 'video/1' (fourcc: 'mpgv')
[DBG] ES track added: 'audio/2' (fourcc: 'a52 ')
9:57:24.955 PM [player] track added video/1 type=1
[DBG] ES track added: 'audio/3' (fourcc: 'a52 ')
[DBG] ES track added: 'spu/4' (fourcc: 'subt')
9:57:24.955 PM [player] track added audio/2 type=0
[DBG] seek: preroll{ track: 1, pts: 0, fpos: 5816 skip: 5816} 
[DBG] seek: preroll{ req: 1, start-pts: 1, start-fpos: 5816} 
9:57:24.955 PM [player] track added audio/3 type=0
[DBG] using demux module "mkv"
9:57:24.955 PM [player] track added spu/4 type=2
[DBG] looking for video packetizer module matching "any": 13 candidates
[DBG] using video packetizer module "mpegvideo"
9:57:24.955 PM [player] length 7265591 ms
[DBG] looking for video decoder module matching "any": 14 candidates
[ERR] 'mpgv' is not supported
[DBG] vout: none found
[DBG] looking for text renderer module matching "freetype": 2 candidates
[DBG] using text renderer module "freetype"
[DBG] looking for video converter module matching "any": 13 candidates
[DBG] 32x32 (32x32) chroma: YUVA colorspace: Undefined -> 16x16 (16x16) chroma: RGBA colorspace: Undefined with scaling using Bicubic (good quality)
[DBG] using video converter module "swscale"
[DBG] looking for video converter module matching "any": 13 candidates
[DBG] YUVP to YUVA converter
[DBG] using video converter module "yuvp"
[DBG] Deinterlacing available
[DBG] deinterlace -1, mode auto, is_needed 0
[DBG] looking for vout window module matching "any": 2 candidates
[DBG] resized to 1920x1080
[DBG] using vout window module "uiview_window"
[DBG] looking for inhibit module matching "any": 1 candidates
[DBG] using inhibit module "uikit_inhibit"
[DBG] looking for decoder device module matching "any": 1 candidates
[DBG] using decoder device module "videotoolbox"
[WARN] vt session error: 'kVTCouldNotFindVideoDecoderErr'
[DBG] using Lavc63.1.100
[DBG] CPU flags: 0x00062360
[DBG] allowing 6 thread(s) for decoding
[DBG] codec (mpeg2video) started
[DBG] using video decoder module "avcodec"
[DBG] ES track selected: 'video/1' (fourcc: 'mpgv')
[DBG] looking for audio packetizer module matching "any": 11 candidates
[DBG] using audio packetizer module "a52"
[DBG] looking for audio decoder module matching "any": 15 candidates
[DBG] reusing audio output
[ERR] too low audio sample frequency (0)
9:57:24.959 PM [player] track selected type=1 selected=video/1 unselected=
[DBG] keeping audio output
[DBG] using Lavc63.1.100
[DBG] CPU flags: 0x00062360
[DBG] codec (ac3) started
[DBG] using audio decoder module "avcodec"
[DBG] ES track selected: 'audio/2' (fourcc: 'a52 ')
[DBG] looking for spu decoder module matching "any": 19 candidates
[DBG] using Lavc63.1.100
[DBG] CPU flags: 0x00062360
[WARN] refusing to decode non validated subtitle codec
9:57:24.959 PM [player] track selected type=0 selected=audio/2 unselected=
[DBG] trying demuxer-specified character encoding: UTF-8
[DBG] using spu decoder module "subsdec"
[DBG] ES track selected: 'spu/4' (fourcc: 'subt')
[DBG] looking for meta reader module matching "any": 1 candidates
[DBG] no meta reader modules matched with name any
9:57:24.959 PM [player] track selected type=2 selected=spu/4 unselected=
[DBG] `http://192.168.1.250:8093/stream/3' successfully opened
9:57:24.959 PM [player] state Playing at 0 ms
[DBG] program(0): using clock source: 'audio'
[DBG] Buffering 0%
[DBG] A/52 channels:6 samplerate:48000 bitrate:448000
[DBG] size 720x480/720x480 fps 500000:16683
[DBG] restarting module due to input format change
[DBG] restarting module due to input format change
[DBG] 'decoder in/packetizer out' i_rate 0 / 48000
[DBG] 'decoder in/packetizer out' profile -1 / 4
[DBG] 'decoder in/packetizer out' i_physical_channels 0 / 4199
[DBG] 'decoder in/packetizer out' i_width 0 / 720
[DBG] removing "audio decoder" module "avcodec"
[DBG] 'decoder in/packetizer out' i_height 0 / 480
[DBG] looking for audio decoder module matching "any": 15 candidates
[DBG] 'decoder in/packetizer out' i_visible_width 0 / 720
[DBG] reusing audio output
[DBG] 'decoder in/packetizer out' i_visible_height 0 / 480
[WARN] failed to start passthrough audio output, failing back to linear format
[DBG] removing "video decoder" module "avcodec"
[DBG] Buffering 3%
[DBG] keeping audio output
[DBG] looking for video decoder module matching "any": 14 candidates
[DBG] using Lavc63.1.100
[ERR] 'mpgv' is not supported
[DBG] Buffering 6%
[DBG] CPU flags: 0x00062360
[DBG] vout change: decoder size
[DBG] vout change: visible size
[DBG] codec (ac3) started
[DBG] using audio decoder module "avcodec"
[DBG] Buffering 10%
[DBG] reusing audio output
[DBG] Buffering 13%
[DBG] Buffering 16%
[DBG] Buffering 20%
[DBG] Buffering 23%
[WARN] vt session error: 'kVTCouldNotFindVideoDecoderErr'
[DBG] using Lavc63.1.100
[DBG] Buffering 26%
[DBG] CPU flags: 0x00062360
[DBG] Buffering 30%
9:57:24.962 PM [player] buffering 0.0
[DBG] allowing 6 thread(s) for decoding
[DBG] codec (mpeg2video) started
[DBG] using video decoder module "avcodec"
[DBG] available hardware decoder output format 157 (videotoolbox_vld)
[DBG] available software decoder output format 0 (yuv420p)
[DBG] vout change: chroma
[DBG] vout change: SAR
[DBG] requested window size: 640x480
[DBG] deinterlace -1, mode auto, is_needed 0
[DBG] Opening vout display wrapper
[DBG] Buffering 33%
[DBG] looking for vout display module matching "any": 3 candidates
[DBG] looking for video converter module matching "any": 13 candidates
[DBG] Buffering 36%
[DBG] Buffering 40%
[DBG] Buffering 43%
[DBG] Buffering 54%
[DBG] Buffering 56%
[DBG] Buffering 60%
[DBG] Buffering 63%
[DBG] Buffering 66%
[DBG] Buffering 70%
[DBG] Buffering 73%
[DBG] Buffering 76%
[DBG] Buffering 80%
[DBG] Buffering 83%
[DBG] Output on HDMI, channel count: 6
[DBG] VLC keeping the same input layout
[DBG] Buffering 86%
[DBG] Buffering 90%
[DBG] Buffering 92%
[DBG] Buffering 93%
9:57:24.968 PM [player] buffering 1.0
[DBG] Stream buffering done (1056 ms in 8 ms)
[INF] Trying to use chroma_chain: [c=18|q=100] I420 -> CVPN -> CVPB...
[DBG] looking for video converter module matching "any": 13 candidates
[DBG] looking for decoder device module matching "any": 1 candidates
[DBG] using decoder device module "videotoolbox"
[DBG] using video converter module "cvpx"
[DBG] Filter 'cvpx' (0x111242a00) appended to chain (0x10e064600)
[DBG] looking for video converter module matching "any": 13 candidates
[DBG] no video converter modules matched with name any
[ERR] Failed to create video converter
[INF] Trying to use chroma_chain: [c=18|q=100] I420 -> CVPI -> CVPB...
[DBG] output 'f32l' 48000 Hz 3F2M/LFE frame=1 samples/24 bytes
[DBG] looking for audio volume module matching "any": 2 candidates
[DBG] using audio volume module "float_mixer"
[DBG] input 'f32l' 48000 Hz 3F2M/LFE frame=1 samples/24 bytes
[DBG] looking for audio filter module matching "scaletempo": 1 candidates
[DBG] format: 48000 rate, 6 nch, 4 bps, fl32
[DBG] params: 30 stride, 0.200 overlap, 14 search
[DBG] 1.000 scale, 1440.000 stride_in, 1440 stride_out, 1152 standing, 288 overlap, 672 search, 2400 queue, fl32 mode
[DBG] using audio filter module "scaletempo"
[DBG] conversion: 'f32l'->'f32l' 48000 Hz->48000 Hz 3F2M/LFE->3F2M/LFE
[DBG] conversion pipeline complete
[DBG] conversion: 'f32l'->'f32l' 48000 Hz->48000 Hz 3F2M/LFE->3F2M/LFE
[DBG] conversion pipeline complete
[DBG] looking for audio resampler module matching "soxr": 2 candidates
[DBG] removing "video converter" module "cvpx"
[DBG] Using SoX Resampler with 'cr32s' engine and 'Medium 16-bit with medium roll-off' quality to convert f32l/48000Hz to f32l/48000Hz.
[DBG] Filter 0x111242a00 removed from chain
[DBG] using audio resampler module "soxr"
[DBG] looking for video converter module matching "any": 13 candidates
[DBG] looking for decoder device module matching "any": 1 candidates
[DBG] using decoder device module "videotoolbox"
[DBG] using video converter module "cvpx"
[DBG] Filter 'cvpx' (0x111242a00) appended to chain (0x10e064600)
[DBG] looking for video converter module matching "any": 13 candidates
[DBG] no video converter modules matched with name any
[ERR] Failed to create video converter
[INF] Trying to use chroma_chain: [c=118|q=90] I420 -> BGRA -> CVPB...
[DBG] removing "video converter" module "cvpx"
[DBG] Filter 0x111242a00 removed from chain
[DBG] looking for video converter module matching "any": 13 candidates
[DBG] 720x480 (720x480) chroma: I420 colorspace: BT601 -> 720x480 (720x480) chroma: BGRA colorspace: BT601 with scaling using Bicubic (good quality)
[DBG] using video converter module "swscale"
[DBG] Filter 'Swscale' (0x111242a00) appended to chain (0x10e064600)
[DBG] looking for video converter module matching "any": 13 candidates
[DBG] looking for decoder device module matching "any": 1 candidates
[DBG] using decoder device module "videotoolbox"
[DBG] using video converter module "cvpx"
[DBG] Filter 'cvpx' (0x111242700) appended to chain (0x10e064600)
[INF] success
[DBG] using video converter module "chain"
[DBG] using vout display module "samplebufferdisplay"
[DBG] original format sz 720x480, of (0,0), vsz 720x480, 4cc I420, sar 8:9, orient: normal
[DBG] removing "text renderer" module "freetype"
[DBG] looking for text renderer module matching "freetype": 2 candidates
[DBG] using text renderer module "freetype"
[DBG] requested window size: 640x480
[DBG] resetting projection_mode to 0
[DBG] setting projection_mode to 0
[DBG] Received first picture
[DBG] Detected interlaced video
[DBG] Decoder wait done in 4 ms
[DBG] deinterlace -1, mode auto, is_needed 1
[DBG] control type=26
[DBG] Adding 'deinterlace' as static
[DBG] looking for video filter module matching "deinterlace,chain": 2 candidates
[DBG] using x deinterlace method
[DBG] deinterlacing
[DBG] using video filter module "deinterlace"
[DBG] Filter 'deinterlace' (0x10e347c00) appended to chain (0x10e066100)
[DBG] deferring start (111669 us)
[DBG] deferring start (76017 us)
[DBG] deferring start (43818 us)
[DBG] deferring start (43609 us)
[DBG] deferring start (171097 us)
[DBG] deferring start (138993 us)
[DBG] deferring start (106881 us)
[DBG] deferring start (74711 us)
[DBG] deferring start (42549 us)
[DBG] deferring start (42428 us)
[DBG] deferring start (42293 us)
[DBG] deferring start (42191 us)
[DBG] deferring start (73979 us)
[DBG] deferring start (41896 us)
[DBG] deferring start (41794 us)
[DBG] deferring start (41686 us)
[DBG] deferring start (41578 us)
[DBG] deferring start (41460 us)
[DBG] deferring start (41340 us)
[DBG] deferring start (41233 us)
[DBG] deferring start (41119 us)
[DBG] deferring start (41014 us)
[DBG] deferring start (40902 us)
[DBG] deferring start (40793 us)
[DBG] deferring start (40682 us)
[DBG] deferring start (40522 us)
[DBG] deferring start (40402 us)
[DBG] deferring start (40290 us)
[DBG] deferring start (40168 us)
[DBG] deferring start (40064 us)
[DBG] deferring start (39960 us)
[DBG] deferring start (39854 us)
[DBG] deferring start (39743 us)
[DBG] deferring start (39629 us)
[DBG] deferring start (39515 us)
[DBG] deferring start (39406 us)
[DBG] deferring start (39252 us)
[DBG] deferring start (39133 us)
[DBG] deferring start (39010 us)
[DBG] deferring start (38919 us)
[DBG] resized to 3840x2160
[DBG] started
[DBG] picture displayed late (missing 2 ms)
[WARN] picture is too late to be displayed (missing 75 ms)
[WARN] picture is too late to be displayed (missing 43 ms)
[DBG] picture displayed late (missing 9 ms)
[WARN] picture is too late to be displayed (missing 79 ms)
[WARN] picture is too late to be displayed (missing 46 ms)
[DBG] picture displayed late (missing 6 ms)
[DBG] picture displayed late (missing 12 ms)
9:57:43.206 PM [player] pause (select) at 18000 ms
[DBG] control type=0
[DBG] pausing audio
[DBG] not really pausing SPU
[DBG] pausing
[DBG] pausing video
9:57:43.222 PM [player] state Paused at 18017 ms
9:57:44.438 PM [player] play (select) at 18017 ms
[DBG] control type=0
[DBG] resuming
9:57:44.443 PM [player] state Playing at 18017 ms
[DBG] not really resuming SPU
[DBG] resuming audio
[DBG] resuming video
[WARN] resetting master clock: coefficient too unstable: 3.725738
9:57:46.087 PM [player] dismiss at 18985 ms, state Playing
9:57:46.088 PM [player] state Stopping at 19628 ms
[DBG] killing decoder fourcc `mpgv'
[DBG] removing "video decoder" module "avcodec"
[DBG] removing "video packetizer" module "mpegvideo"
[DBG] removing "video converter" module "swscale"
[DBG] Filter 0x111242a00 removed from chain
[DBG] removing "video converter" module "cvpx"
[DBG] Filter 0x111242700 removed from chain
[DBG] removing "video converter" module "chain"
[DBG] removing "video filter" module "deinterlace"
[DBG] Filter 0x10e347c00 removed from chain
[DBG] saving a free vout
[DBG] ES track unselected: 'video/1' (fourcc: 'mpgv')
9:57:46.129 PM [player] track selected type=1 selected= unselected=video/1
[DBG] killing decoder fourcc `a52 '
[DBG] removing "audio decoder" module "avcodec"
[DBG] removing "audio packetizer" module "a52"
[DBG] removing "audio resampler" module "soxr"
[DBG] removing "audio filter" module "scaletempo"
[DBG] removing "audio volume" module "float_mixer"
[DBG] keeping audio output
[DBG] ES track unselected: 'audio/2' (fourcc: 'a52 ')
9:57:46.194 PM [player] track selected type=0 selected= unselected=audio/2
[DBG] killing decoder fourcc `subt'
[DBG] removing "spu decoder" module "subsdec"
[DBG] ES track unselected: 'spu/4' (fourcc: 'subt')
[DBG] removing "demux" module "mkv"
9:57:46.194 PM [player] track selected type=2 selected= unselected=spu/4
[DBG] ES track deleted: 'video/1' (fourcc: 'mpgv')
[DBG] ES track deleted: 'audio/2' (fourcc: 'a52 ')
[DBG] ES track deleted: 'audio/3' (fourcc: 'a52 ')
[DBG] ES track deleted: 'spu/4' (fourcc: 'subt')
[DBG] Program doesn't contain anymore ES
[DBG] removing "stream_filter" module "record"
[DBG] removing "stream_filter" module "prefetch"
[DBG] removing "access" module "http"
[DBG] connection failed
[DBG] destroying input for '3'
[DBG] stop free vout
9:57:46.195 PM [player] state Stopped at 19628 ms
